dmu_id,farmer_id,year,basis,impact_category,impact_unit,herbicide_amount_kg_ha,fungicide_amount_kg_ha,pesticide_amount_kg_ha,herbicide_amount_kg_tonne,fungicide_amount_kg_tonne,pesticide_amount_kg_tonne,herbicide_factor_per_unit,fungicide_factor_per_unit,pesticide_factor_per_unit,herbicide_factor_unit,fungicide_factor_unit,pesticide_factor_unit,herbicide_factor_group,fungicide_factor_group,pesticide_factor_group,herbicide_characterisation_sheets,fungicide_characterisation_sheets,pesticide_characterisation_sheets,herbicide_single_score_file,fungicide_single_score_file,pesticide_single_score_file,herbicide_impact,fungicide_impact,pesticide_impact,crop_protection_total_impact
C1_2022,C1,2022,ha,Acidification,mol H+ eq,0.2407447735,0.5290984321,0.0995121951,,,,0.051857,0.038504,0.043223,1 kg herbicide active substance,1 kg fungicide active substance,1 kg insecticide active substance,herbicide,fungicide,pesticide_insecticide,2_chara;3_chara,6_chara;7_chara,4_chara;5_chara,,,,0.0124843017193895,0.020372406029578398,0.0043012156088073,0.0371579233577752
C1_2022,C1,2022,ha,Climate change,kg CO2 eq,0.2407447735,0.5290984321,0.0995121951,,,,13.6732,9.430276,10.25282,1 kg herbicide active substance,1 kg fungicide active substance,1 kg insecticide active substance,herbicide,fungicide,pesticide_insecticide,2_chara;3_chara,6_chara;7_chara,4_chara;5_chara,,,,3.2917514370202,4.989544245870259,1.020280624165182,9.30157630705564
C1_2022,C1,2022,ha,Climate change - Biogenic,kg CO2 eq,0.2407447735,0.5290984321,0.0995121951,,,,0.223944,0.214731,0.218857,1 kg herbicide active substance,1 kg fungicide active substance,1 kg insecticide active substance,herbicide,fungicide,pesticide_insecticide,2_chara;3_chara,6_chara;7_chara,4_chara;5_chara,,,,0.053913347556684005,0.1136138354232651,0.021778940483000702,0.1893061234629498
C1_2022,C1,2022,ha,Climate change - Fossil,kg CO2 eq,0.2407447735,0.5290984321,0.0995121951,,,,13.4338,9.203992,10.02068,1 kg herbicide active substance,1 kg fungicide active substance,1 kg insecticide active substance,herbicide,fungicide,pesticide_insecticide,2_chara;3_chara,6_chara;7_chara,4_chara;5_chara,,,,3.2341171382443,4.869817736260942,0.9971798631946681,9.10111473769991
C1_2022,C1,2022,ha,Climate change - Land use and LU change,kg CO2 eq,0.2407447735,0.5290984321,0.0995121951,,,,0.015459,0.011552,0.013281,1 kg herbicide active substance,1 kg fungicide active substance,1 kg insecticide active substance,herbicide,fungicide,pesticide_insecticide,2_chara;3_chara,6_chara;7_chara,4_chara;5_chara,,,,0.0037216734535365005,0.0061121450876191995,0.0013216214631231,0.011155440004278799
C1_2022,C1,2022,ha,"Ecotoxicity, freshwater",CTUe,0.2407447735,0.5290984321,0.0995121951,,,,6433.9547999999995,16850.447900000003,2330477.7238,1 kg herbicide active substance,1 kg fungicide active substance,1 kg insecticide active substance,herbicide,fungicide,pesticide_insecticide,2_chara;3_chara,6_chara;7_chara,4_chara;5_chara,,,,1548.9409910352376,8915.545564072738,231910.95392698952,242375.4404820975
C1_2022,C1,2022,ha,"Ecotoxicity, freshwater - inorganics",CTUe,0.2407447735,0.5290984321,0.0995121951,,,,13.52104,8.955151,9.878709,1 kg herbicide active substance,1 kg fungicide active substance,1 kg insecticide active substance,herbicide,fungicide,pesticide_insecticide,2_chara;3_chara,6_chara;7_chara,4_chara;5_chara,,,,3.25511971228444,4.738156353318747,0.9830520173441261,8.976328082947314
C1_2022,C1,2022,ha,"Ecotoxicity, freshwater - metals",CTUe,0.2407447735,0.5290984321,0.0995121951,,,,232.3885,2837.0964000000004,215.5284,1 kg herbicide active substance,1 kg fungicide active substance,1 kg insecticide active substance,herbicide,fungicide,pesticide_insecticide,2_chara;3_chara,6_chara;7_chara,4_chara;5_chara,,,,55.94631679650475,1501.1032569565546,21.44770419039084,1578.4972779434502
C1_2022,C1,2022,ha,"Ecotoxicity, freshwater - organics",CTUe,0.2407447735,0.5290984321,0.0995121951,,,,6188.0453,14004.389299999999,2330252.3167,1 kg herbicide active substance,1 kg fungicide active substance,1 kg insecticide active substance,herbicide,fungicide,pesticide_insecticide,2_chara;3_chara,6_chara;7_chara,4_chara;5_chara,,,,1489.7395641562396,7409.700421148015,231888.5231716774,240787.96315698166
C1_2022,C1,2022,ha,"Eutrophication, freshwater",kg P eq,0.2407447735,0.5290984321,0.0995121951,,,,0.006633,0.00503,0.005765,1 kg herbicide active substance,1 kg fungicide active substance,1 kg insecticide active substance,herbicide,fungicide,pesticide_insecticide,2_chara;3_chara,6_chara;7_chara,4_chara;5_chara,,,,0.0015968600826255,0.0026613651134629996,0.0005736878047515001,0.00483191300084
C1_2022,C1,2022,ha,"Eutrophication, marine",kg N eq,0.2407447735,0.5290984321,0.0995121951,,,,0.012633,0.010401,0.011381,1 kg herbicide active substance,1 kg fungicide active substance,1 kg insecticide active substance,herbicide,fungicide,pesticide_insecticide,2_chara;3_chara,6_chara;7_chara,4_chara;5_chara,,,,0.0030413287236255,0.0055031527922721,0.0011325482924331,0.009677029808330701
C1_2022,C1,2022,ha,"Eutrophication, terrestrial",mol N eq,0.2407447735,0.5290984321,0.0995121951,,,,0.091999,0.069061,0.076172,1 kg herbicide active substance,1 kg fungicide active substance,1 kg insecticide active substance,herbicide,fungicide,pesticide_insecticide,2_chara;3_chara,6_chara;7_chara,4_chara;5_chara,,,,0.0221482784172265,0.036540066819258095,0.007580042925157201,0.0662683881616418
C1_2022,C1,2022,ha,"Human toxicity, cancer",CTUh,0.2407447735,0.5290984321,0.0995121951,,,,6.56e-09,7.28e-09,5.63e-09,1 kg herbicide active substance,1 kg fungicide active substance,1 kg insecticide active substance,herbicide,fungicide,pesticide_insecticide,2_chara;3_chara,6_chara;7_chara,4_chara;5_chara,,,,1.57928571416e-09,3.851836585688e-09,5.60253658413e-10,5.991375958261e-09
C1_2022,C1,2022,ha,"Human toxicity, cancer - inorganics",CTUh,0.2407447735,0.5290984321,0.0995121951,,,,3.84e-20,4.02e-20,4.24e-20,1 kg herbicide active substance,1 kg fungicide active substance,1 kg insecticide active substance,herbicide,fungicide,pesticide_insecticide,2_chara;3_chara,6_chara;7_chara,4_chara;5_chara,,,,9.2445993024e-21,2.1269756970419996e-20,4.2193170722400005e-21,3.473367334506e-20
C1_2022,C1,2022,ha,"Human toxicity, cancer - metals",CTUh,0.2407447735,0.5290984321,0.0995121951,,,,3.38e-09,2.79e-09,2.97e-09,1 kg herbicide active substance,1 kg fungicide active substance,1 kg insecticide active substance,herbicide,fungicide,pesticide_insecticide,2_chara;3_chara,6_chara;7_chara,4_chara;5_chara,,,,8.137173344300001e-10,1.476184625559e-09,2.95551219447e-10,2.585453179436e-09
C1_2022,C1,2022,ha,"Human toxicity, cancer - organics",CTUh,0.2407447735,0.5290984321,0.0995121951,,,,3.19e-09,4.49e-09,2.66e-09,1 kg herbicide active substance,1 kg fungicide active substance,1 kg insecticide active substance,herbicide,fungicide,pesticide_insecticide,2_chara;3_chara,6_chara;7_chara,4_chara;5_chara,,,,7.67975827465e-10,2.375651960129e-09,2.6470243896600003e-10,3.40833022656e-09
C1_2022,C1,2022,ha,"Human toxicity, non-cancer",CTUh,0.2407447735,0.5290984321,0.0995121951,,,,8.28e-07,4.3090000000000003e-07,0.00017910999999999998,1 kg herbicide active substance,1 kg fungicide active substance,1 kg insecticide active substance,herbicide,fungicide,pesticide_insecticide,2_chara;3_chara,6_chara;7_chara,4_chara;5_chara,,,,1.99336672458e-07,2.2798851439188999e-07,1.7823629264360998e-05,1.825095445121089e-05
C1_2022,C1,2022,ha,"Human toxicity, non-cancer - inorganics",CTUh,0.2407447735,0.5290984321,0.0995121951,,,,1.09e-08,8.28e-09,9.1e-09,1 kg herbicide active substance,1 kg fungicide active substance,1 kg insecticide active substance,herbicide,fungicide,pesticide_insecticide,2_chara;3_chara,6_chara;7_chara,4_chara;5_chara,,,,2.62411803115e-09,4.380935017788e-09,9.055609754100001e-10,7.910614024348e-09
C1_2022,C1,2022,ha,"Human toxicity, non-cancer - metals",CTUh,0.2407447735,0.5290984321,0.0995121951,,,,1e-07,1.057e-07,8.69e-08,1 kg herbicide active substance,1 kg fungicide active substance,1 kg insecticide active substance,herbicide,fungicide,pesticide_insecticide,2_chara;3_chara,6_chara;7_chara,4_chara;5_chara,,,,2.407447735e-08,5.592570427297e-08,8.64760975419e-09,8.864779137716e-08
C1_2022,C1,2022,ha,"Human toxicity, non-cancer - organics",CTUh,0.2407447735,0.5290984321,0.0995121951,,,,7.179999999999999e-07,3.1770000000000005e-07,0.00017901459999999998,1 kg herbicide active substance,1 kg fungicide active substance,1 kg insecticide active substance,herbicide,fungicide,pesticide_insecticide,2_chara;3_chara,6_chara;7_chara,4_chara;5_chara,,,,1.72854747373e-07,1.6809457187817001e-07,1.7814135800948458e-05,1.8155085120199627e-05
C1_2022,C1,2022,ha,Ionising radiation,kBq U-235 eq,0.2407447735,0.5290984321,0.0995121951,,,,3.967235,2.938444,3.373034,1 kg herbicide active substance,1 kg fungicide active substance,1 kg insecticide active substance,herbicide,fungicide,pesticide_insecticide,2_chara;3_chara,6_chara;7_chara,4_chara;5_chara,,,,0.9550910914962726,1.5547261132136523,0.3356580174869334,2.8454752221968582
C1_2022,C1,2022,ha,Land use,Pt,0.2407447735,0.5290984321,0.0995121951,,,,93.25604,87.12929,93.87114,1 kg herbicide active substance,1 kg fungicide active substance,1 kg insecticide active substance,herbicide,fungicide,pesticide_insecticide,2_chara;3_chara,6_chara;7_chara,4_chara;5_chara,,,,22.45090422730694,46.09997072898621,9.341323197939415,77.89219815423256
C1_2022,C1,2022,ha,Ozone depletion,kg CFC11 eq,0.2407447735,0.5290984321,0.0995121951,,,,1.47e-06,9.46e-07,1e-06,1 kg herbicide active substance,1 kg fungicide active substance,1 kg insecticide active substance,herbicide,fungicide,pesticide_insecticide,2_chara;3_chara,6_chara;7_chara,4_chara;5_chara,,,,3.53894817045e-07,5.005271167666e-07,9.95121951e-08,9.539341289116e-07
C1_2022,C1,2022,ha,Particulate matter,disease inc.,0.2407447735,0.5290984321,0.0995121951,,,,2.7e-07,2.24e-07,2.41e-07,1 kg herbicide active substance,1 kg fungicide active substance,1 kg insecticide active substance,herbicide,fungicide,pesticide_insecticide,2_chara;3_chara,6_chara;7_chara,4_chara;5_chara,,,,6.5001088845e-08,1.1851804879039999e-07,2.39824390191e-08,2.075015766545e-07
C1_2022,C1,2022,ha,Photochemical ozone formation,kg NMVOC eq,0.2407447735,0.5290984321,0.0995121951,,,,0.02486,0.017891,0.019849,1 kg herbicide active substance,1 kg fungicide active substance,1 kg insecticide active substance,herbicide,fungicide,pesticide_insecticide,2_chara;3_chara,6_chara;7_chara,4_chara;5_chara,,,,0.00598491506921,0.0094661000487011,0.0019752175605399,0.017426232678451
C1_2022,C1,2022,ha,"Resource use, fossils",MJ,0.2407447735,0.5290984321,0.0995121951,,,,246.4021,173.2985,189.8419,1 kg herbicide active substance,1 kg fungicide active substance,1 kg insecticide active substance,herbicide,fungicide,pesticide_insecticide,2_chara;3_chara,6_chara;7_chara,4_chara;5_chara,,,,59.32001775442435,91.69196463528183,18.891584190954692,169.90356658066088
C1_2022,C1,2022,ha,"Resource use, minerals and metals",kg Sb eq,0.2407447735,0.5290984321,0.0995121951,,,,6.14e-05,4.6e-05,5.28e-05,1 kg herbicide active substance,1 kg fungicide active substance,1 kg insecticide active substance,herbicide,fungicide,pesticide_insecticide,2_chara;3_chara,6_chara;7_chara,4_chara;5_chara,,,,1.47817290929e-05,2.43385278766e-05,5.254243901280001e-06,4.437450087078e-05
C1_2022,C1,2022,ha,Water use,m3 depriv.,0.2407447735,0.5290984321,0.0995121951,,,,1.924816,1.471827,1.666069,1 kg herbicide active substance,1 kg fungicide active substance,1 kg insecticide active substance,herbicide,fungicide,pesticide_insecticide,2_chara;3_chara,6_chara;7_chara,4_chara;5_chara,,,,0.46338939194917605,0.7787413580224466,0.1657941833780619,1.4079249333496844
C1_2023,C1,2023,ha,Acidification,mol H+ eq,0.9672687321,0.0,0.0748846407,,,,0.051857,0.038504,0.043223,1 kg herbicide active substance,1 kg fungicide active substance,1 kg insecticide active substance,herbicide,fungicide,pesticide_insecticide,2_chara;3_chara,6_chara;7_chara,4_chara;5_chara,,,,0.0501596546405097,0.0,0.0032367388249761,0.053396393465485796
C1_2023,C1,2023,ha,Climate change,kg CO2 eq,0.9672687321,0.0,0.0748846407,,,,13.6732,9.430276,10.25282,1 kg herbicide active substance,1 kg fungicide active substance,1 kg insecticide active substance,herbicide,fungicide,pesticide_insecticide,2_chara;3_chara,6_chara;7_chara,4_chara;5_chara,,,,13.225658827749719,0.0,0.7677787418617741,13.993437569611492
C1_2023,C1,2023,ha,Climate change - Biogenic,kg CO2 eq,0.9672687321,0.0,0.0748846407,,,,0.223944,0.214731,0.218857,1 kg herbicide active substance,1 kg fungicide active substance,1 kg insecticide active substance,herbicide,fungicide,pesticide_insecticide,2_chara;3_chara,6_chara;7_chara,4_chara;5_chara,,,,0.2166140289414024,0.0,0.0163890278096799,0.2330030567510823
C1_2023,C1,2023,ha,Climate change - Fossil,kg CO2 eq,0.9672687321,0.0,0.0748846407,,,,13.4338,9.203992,10.02068,1 kg herbicide active substance,1 kg fungicide active substance,1 kg insecticide active substance,herbicide,fungicide,pesticide_insecticide,2_chara;3_chara,6_chara;7_chara,4_chara;5_chara,,,,12.99409469328498,0.0,0.7503950213696761,13.744489714654657
C1_2023,C1,2023,ha,Climate change - Land use and LU change,kg CO2 eq,0.9672687321,0.0,0.0748846407,,,,0.015459,0.011552,0.013281,1 kg herbicide active substance,1 kg fungicide active substance,1 kg insecticide active substance,herbicide,fungicide,pesticide_insecticide,2_chara;3_chara,6_chara;7_chara,4_chara;5_chara,,,,0.0149530073295339,0.0,0.0009945429131367,0.0159475502426706
C1_2023,C1,2023,ha,"Ecotoxicity, freshwater",CTUe,0.9672687321,0.0,0.0748846407,,,,6433.9547999999995,16850.447900000003,2330477.7238,1 kg herbicide active substance,1 kg fungicide active substance,1 kg insecticide active substance,herbicide,fungicide,pesticide_insecticide,2_chara;3_chara,6_chara;7_chara,4_chara;5_chara,,,,6223.363301784709,0.0,174516.98700611683,180740.35030790154
C1_2023,C1,2023,ha,"Ecotoxicity, freshwater - inorganics",CTUe,0.9672687321,0.0,0.0748846407,,,,13.52104,8.955151,9.878709,1 kg herbicide active substance,1 kg fungicide active substance,1 kg insecticide active substance,herbicide,fungicide,pesticide_insecticide,2_chara;3_chara,6_chara;7_chara,4_chara;5_chara,,,,13.078479217473383,0.0,0.7397635740448564,13.818242791518239
C1_2023,C1,2023,ha,"Ecotoxicity, freshwater - metals",CTUe,0.9672687321,0.0,0.0748846407,,,,232.3885,2837.0964000000004,215.5284,1 kg herbicide active substance,1 kg fungicide active substance,1 kg insecticide active substance,herbicide,fungicide,pesticide_insecticide,2_chara;3_chara,6_chara;7_chara,4_chara;5_chara,,,,224.78212974962085,0.0,16.139766794645883,240.92189654426673
C1_2023,C1,2023,ha,"Ecotoxicity, freshwater - organics",CTUe,0.9672687321,0.0,0.0748846407,,,,6188.0453,14004.389299999999,2330252.3167,1 kg herbicide active substance,1 kg fungicide active substance,1 kg insecticide active substance,herbicide,fungicide,pesticide_insecticide,2_chara;3_chara,6_chara;7_chara,4_chara;5_chara,,,,5985.5027315083635,0.0,174500.1074764221,180485.61020793047
C1_2023,C1,2023,ha,"Eutrophication, freshwater",kg P eq,0.9672687321,0.0,0.0748846407,,,,0.006633,0.00503,0.005765,1 kg herbicide active substance,1 kg fungicide active substance,1 kg insecticide active substance,herbicide,fungicide,pesticide_insecticide,2_chara;3_chara,6_chara;7_chara,4_chara;5_chara,,,,0.0064158935000193,0.0,0.00043170995363550006,0.0068476034536548
C1_2023,C1,2023,ha,"Eutrophication, marine",kg N eq,0.9672687321,0.0,0.0748846407,,,,0.012633,0.010401,0.011381,1 kg herbicide active substance,1 kg fungicide active substance,1 kg insecticide active substance,herbicide,fungicide,pesticide_insecticide,2_chara;3_chara,6_chara;7_chara,4_chara;5_chara,,,,0.0122195058926193,0.0,0.0008522620958067,0.013071767988426
C1_2023,C1,2023,ha,"Eutrophication, terrestrial",mol N eq,0.9672687321,0.0,0.0748846407,,,,0.091999,0.069061,0.076172,1 kg herbicide active substance,1 kg fungicide active substance,1 kg insecticide active substance,herbicide,fungicide,pesticide_insecticide,2_chara;3_chara,6_chara;7_chara,4_chara;5_chara,,,,0.08898775608446789,0.0,0.005704112851400401,0.0946918689358683
C1_2023,C1,2023,ha,"Human toxicity, cancer",CTUh,0.9672687321,0.0,0.0748846407,,,,6.56e-09,7.28e-09,5.63e-09,1 kg herbicide active substance,1 kg fungicide active substance,1 kg insecticide active substance,herbicide,fungicide,pesticide_insecticide,2_chara;3_chara,6_chara;7_chara,4_chara;5_chara,,,,6.3452828825759995e-09,0.0,4.21600527141e-10,6.766883409716999e-09
C1_2023,C1,2023,ha,"Human toxicity, cancer - inorganics",CTUh,0.9672687321,0.0,0.0748846407,,,,3.84e-20,4.02e-20,4.24e-20,1 kg herbicide active substance,1 kg fungicide active substance,1 kg insecticide active substance,herbicide,fungicide,pesticide_insecticide,2_chara;3_chara,6_chara;7_chara,4_chara;5_chara,,,,3.7143119312639996e-20,0.0,3.17510876568e-21,4.0318228078319996e-20
C1_2023,C1,2023,ha,"Human toxicity, cancer - metals",CTUh,0.9672687321,0.0,0.0748846407,,,,3.38e-09,2.79e-09,2.97e-09,1 kg herbicide active substance,1 kg fungicide active substance,1 kg insecticide active substance,herbicide,fungicide,pesticide_insecticide,2_chara;3_chara,6_chara;7_chara,4_chara;5_chara,,,,3.2693683144979997e-09,0.0,2.22407382879e-10,3.4917756973769995e-09
C1_2023,C1,2023,ha,"Human toxicity, cancer - organics",CTUh,0.9672687321,0.0,0.0748846407,,,,3.19e-09,4.49e-09,2.66e-09,1 kg herbicide active substance,1 kg fungicide active substance,1 kg insecticide active substance,herbicide,fungicide,pesticide_insecticide,2_chara;3_chara,6_chara;7_chara,4_chara;5_chara,,,,3.085587255399e-09,0.0,1.9919314426200002e-10,3.284780399661e-09
C1_2023,C1,2023,ha,"Human toxicity, non-cancer",CTUh,0.9672687321,0.0,0.0748846407,,,,8.28e-07,4.3090000000000003e-07,0.00017910999999999998,1 kg herbicide active substance,1 kg fungicide active substance,1 kg insecticide active substance,herbicide,fungicide,pesticide_insecticide,2_chara;3_chara,6_chara;7_chara,4_chara;5_chara,,,,8.008985101787999e-07,0.0,1.3412587995777e-05,1.42134865059558e-05
C1_2023,C1,2023,ha,"Human toxicity, non-cancer - inorganics",CTUh,0.9672687321,0.0,0.0748846407,,,,1.09e-08,8.28e-09,9.1e-09,1 kg herbicide active substance,1 kg fungicide active substance,1 kg insecticide active substance,herbicide,fungicide,pesticide_insecticide,2_chara;3_chara,6_chara;7_chara,4_chara;5_chara,,,,1.054322917989e-08,0.0,6.814502303700001e-10,1.122467941026e-08
C1_2023,C1,2023,ha,"Human toxicity, non-cancer - metals",CTUh,0.9672687321,0.0,0.0748846407,,,,1e-07,1.057e-07,8.69e-08,1 kg herbicide active substance,1 kg fungicide active substance,1 kg insecticide active substance,herbicide,fungicide,pesticide_insecticide,2_chara;3_chara,6_chara;7_chara,4_chara;5_chara,,,,9.672687320999999e-08,0.0,6.50747527683e-09,1.0323434848682999e-07
C1_2023,C1,2023,ha,"Human toxicity, non-cancer - organics",CTUh,0.9672687321,0.0,0.0748846407,,,,7.179999999999999e-07,3.1770000000000005e-07,0.00017901459999999998,1 kg herbicide active substance,1 kg fungicide active substance,1 kg insecticide active substance,herbicide,fungicide,pesticide_insecticide,2_chara;3_chara,6_chara;7_chara,4_chara;5_chara,,,,6.944989496478e-07,0.0,1.340544400105422e-05,1.409994295070202e-05
C1_2023,C1,2023,ha,Ionising radiation,kBq U-235 eq,0.9672687321,0.0,0.0748846407,,,,3.967235,2.938444,3.373034,1 kg herbicide active substance,1 kg fungicide active substance,1 kg insecticide active substance,herbicide,fungicide,pesticide_insecticide,2_chara;3_chara,6_chara;7_chara,4_chara;5_chara,,,,3.8373823683927433,0.0,0.25258843915888385,4.0899708075516275
C1_2023,C1,2023,ha,Land use,Pt,0.9672687321,0.0,0.0748846407,,,,93.25604,87.12929,93.87114,1 kg herbicide active substance,1 kg fungicide active substance,1 kg insecticide active substance,herbicide,fungicide,pesticide_insecticide,2_chara;3_chara,6_chara;7_chara,4_chara;5_chara,,,,90.20365157146688,0.0,7.029506590999398,97.23315816246628
C1_2023,C1,2023,ha,Ozone depletion,kg CFC11 eq,0.9672687321,0.0,0.0748846407,,,,1.47e-06,9.46e-07,1e-06,1 kg herbicide active substance,1 kg fungicide active substance,1 kg insecticide active substance,herbicide,fungicide,pesticide_insecticide,2_chara;3_chara,6_chara;7_chara,4_chara;5_chara,,,,1.421885036187e-06,0.0,7.48846407e-08,1.496769676887e-06
C1_2023,C1,2023,ha,Particulate matter,disease inc.,0.9672687321,0.0,0.0748846407,,,,2.7e-07,2.24e-07,2.41e-07,1 kg herbicide active substance,1 kg fungicide active substance,1 kg insecticide active substance,herbicide,fungicide,pesticide_insecticide,2_chara;3_chara,6_chara;7_chara,4_chara;5_chara,,,,2.61162557667e-07,0.0,1.80471984087e-08,2.792097560757e-07
C1_2023,C1,2023,ha,Photochemical ozone formation,kg NMVOC eq,0.9672687321,0.0,0.0748846407,,,,0.02486,0.017891,0.019849,1 kg herbicide active substance,1 kg fungicide active substance,1 kg insecticide active substance,herbicide,fungicide,pesticide_insecticide,2_chara;3_chara,6_chara;7_chara,4_chara;5_chara,,,,0.024046300680006,0.0,0.0014863852332543,0.0255326859132603
C1_2023,C1,2023,ha,"Resource use, fossils",MJ,0.9672687321,0.0,0.0748846407,,,,246.4021,173.2985,189.8419,1 kg herbicide active substance,1 kg fungicide active substance,1 kg insecticide active substance,herbicide,fungicide,pesticide_insecticide,2_chara;3_chara,6_chara;7_chara,4_chara;5_chara,,,,238.3370468537774,0.0,14.216242471305332,252.55328932508272
C1_2023,C1,2023,ha,"Resource use, minerals and metals",kg Sb eq,0.9672687321,0.0,0.0748846407,,,,6.14e-05,4.6e-05,5.28e-05,1 kg herbicide active substance,1 kg fungicide active substance,1 kg insecticide active substance,herbicide,fungicide,pesticide_insecticide,2_chara;3_chara,6_chara;7_chara,4_chara;5_chara,,,,5.939030015094e-05,0.0,3.9539090289600006e-06,6.33442091799e-05
C1_2023,C1,2023,ha,Water use,m3 depriv.,0.9672687321,0.0,0.0748846407,,,,1.924816,1.471827,1.666069,1 kg herbicide active substance,1 kg fungicide active substance,1 kg insecticide active substance,herbicide,fungicide,pesticide_insecticide,2_chara;3_chara,6_chara;7_chara,4_chara;5_chara,,,,1.8618143318457936,0.0,0.12476297844640831,1.986577310292202
C1_2024,C1,2024,ha,Acidification,mol H+ eq,1.2709052955,0.0780597671,0.0,,,,0.051857,0.038504,0.043223,1 kg herbicide active substance,1 kg fungicide active substance,1 kg insecticide active substance,herbicide,fungicide,pesticide_insecticide,2_chara;3_chara,6_chara;7_chara,4_chara;5_chara,,,,0.06590533590874349,0.0030056132724183998,0.0,0.06891094918116189
C1_2024,C1,2024,ha,Climate change,kg CO2 eq,1.2709052955,0.0780597671,0.0,,,,13.6732,9.430276,10.25282,1 kg herbicide active substance,1 kg fungicide active substance,1 kg insecticide active substance,herbicide,fungicide,pesticide_insecticide,2_chara;3_chara,6_chara;7_chara,4_chara;5_chara,,,,17.3773422864306,0.7361251482487196,0.0,18.113467434679322
C1_2024,C1,2024,ha,Climate change - Biogenic,kg CO2 eq,1.2709052955,0.0780597671,0.0,,,,0.223944,0.214731,0.218857,1 kg herbicide active substance,1 kg fungicide active substance,1 kg insecticide active substance,herbicide,fungicide,pesticide_insecticide,2_chara;3_chara,6_chara;7_chara,4_chara;5_chara,,,,0.284611615495452,0.0167618518491501,0.0,0.3013734673446021
C1_2024,C1,2024,ha,Climate change - Fossil,kg CO2 eq,1.2709052955,0.0780597671,0.0,,,,13.4338,9.203992,10.02068,1 kg herbicide active substance,1 kg fungicide active substance,1 kg insecticide active substance,herbicide,fungicide,pesticide_insecticide,2_chara;3_chara,6_chara;7_chara,4_chara;5_chara,,,,17.0730875586879,0.7184614719102631,0.0,17.791549030598162
C1_2024,C1,2024,ha,Climate change - Land use and LU change,kg CO2 eq,1.2709052955,0.0780597671,0.0,,,,0.015459,0.011552,0.013281,1 kg herbicide active substance,1 kg fungicide active substance,1 kg insecticide active substance,herbicide,fungicide,pesticide_insecticide,2_chara;3_chara,6_chara;7_chara,4_chara;5_chara,,,,0.0196469249631345,0.0009017464295391999,0.0,0.0205486713926737
C1_2024,C1,2024,ha,"Ecotoxicity, freshwater",CTUe,1.2709052955,0.0780597671,0.0,,,,6433.9547999999995,16850.447900000003,2330477.7238,1 kg herbicide active substance,1 kg fungicide active substance,1 kg insecticide active substance,herbicide,fungicide,pesticide_insecticide,2_chara;3_chara,6_chara;7_chara,4_chara;5_chara,,,,8176.947226327643,1315.3420386046841,0.0,9492.289264932328
C1_2024,C1,2024,ha,"Ecotoxicity, freshwater - inorganics",CTUe,1.2709052955,0.0780597671,0.0,,,,13.52104,8.955151,9.878709,1 kg herbicide active substance,1 kg fungicide active substance,1 kg insecticide active substance,herbicide,fungicide,pesticide_insecticide,2_chara;3_chara,6_chara;7_chara,4_chara;5_chara,,,,17.18396133666732,0.6990370014053321,0.0,17.882998338072653
C1_2024,C1,2024,ha,"Ecotoxicity, freshwater - metals",CTUe,1.2709052955,0.0780597671,0.0,,,,232.3885,2837.0964000000004,215.5284,1 kg herbicide active substance,1 kg fungicide active substance,1 kg insecticide active substance,herbicide,fungicide,pesticide_insecticide,2_chara;3_chara,6_chara;7_chara,4_chara;5_chara,,,,295.3437752633017,221.46308422424846,0.0,516.8068594875501
C1_2024,C1,2024,ha,"Ecotoxicity, freshwater - organics",CTUe,1.2709052955,0.0780597671,0.0,,,,6188.0453,14004.389299999999,2330252.3167,1 kg herbicide active substance,1 kg fungicide active substance,1 kg insecticide active substance,herbicide,fungicide,pesticide_insecticide,2_chara;3_chara,6_chara;7_chara,4_chara;5_chara,,,,7864.419540563886,1093.1793671357318,0.0,8957.598907699617
C1_2024,C1,2024,ha,"Eutrophication, freshwater",kg P eq,1.2709052955,0.0780597671,0.0,,,,0.006633,0.00503,0.005765,1 kg herbicide active substance,1 kg fungicide active substance,1 kg insecticide active substance,herbicide,fungicide,pesticide_insecticide,2_chara;3_chara,6_chara;7_chara,4_chara;5_chara,,,,0.0084299148250515,0.000392640628513,0.0,0.0088225554535645
C1_2024,C1,2024,ha,"Eutrophication, marine",kg N eq,1.2709052955,0.0780597671,0.0,,,,0.012633,0.010401,0.011381,1 kg herbicide active substance,1 kg fungicide active substance,1 kg insecticide active substance,herbicide,fungicide,pesticide_insecticide,2_chara;3_chara,6_chara;7_chara,4_chara;5_chara,,,,0.0160553465980515,0.0008118996376071,0.0,0.0168672462356586
C1_2024,C1,2024,ha,"Eutrophication, terrestrial",mol N eq,1.2709052955,0.0780597671,0.0,,,,0.091999,0.069061,0.076172,1 kg herbicide active substance,1 kg fungicide active substance,1 kg insecticide active substance,herbicide,fungicide,pesticide_insecticide,2_chara;3_chara,6_chara;7_chara,4_chara;5_chara,,,,0.11692201628070449,0.0053908855756931,0.0,0.1223129018563976
C1_2024,C1,2024,ha,"Human toxicity, cancer",CTUh,1.2709052955,0.0780597671,0.0,,,,6.56e-09,7.28e-09,5.63e-09,1 kg herbicide active substance,1 kg fungicide active substance,1 kg insecticide active substance,herbicide,fungicide,pesticide_insecticide,2_chara;3_chara,6_chara;7_chara,4_chara;5_chara,,,,8.337138738479999e-09,5.68275104488e-10,0.0,8.905413842967998e-09
C1_2024,C1,2024,ha,"Human toxicity, cancer - inorganics",CTUh,1.2709052955,0.0780597671,0.0,,,,3.84e-20,4.02e-20,4.24e-20,1 kg herbicide active substance,1 kg fungicide active substance,1 kg insecticide active substance,herbicide,fungicide,pesticide_insecticide,2_chara;3_chara,6_chara;7_chara,4_chara;5_chara,,,,4.88027633472e-20,3.13800263742e-21,0.0,5.194076598462e-20
C1_2024,C1,2024,ha,"Human toxicity, cancer - metals",CTUh,1.2709052955,0.0780597671,0.0,,,,3.38e-09,2.79e-09,2.97e-09,1 kg herbicide active substance,1 kg fungicide active substance,1 kg insecticide active substance,herbicide,fungicide,pesticide_insecticide,2_chara;3_chara,6_chara;7_chara,4_chara;5_chara,,,,4.29565989879e-09,2.17786750209e-10,0.0,4.513446648999e-09
C1_2024,C1,2024,ha,"Human toxicity, cancer - organics",CTUh,1.2709052955,0.0780597671,0.0,,,,3.19e-09,4.49e-09,2.66e-09,1 kg herbicide active substance,1 kg fungicide active substance,1 kg insecticide active substance,herbicide,fungicide,pesticide_insecticide,2_chara;3_chara,6_chara;7_chara,4_chara;5_chara,,,,4.054187892645e-09,3.5048835427899997e-10,0.0,4.4046762469240004e-09
C1_2024,C1,2024,ha,"Human toxicity, non-cancer",CTUh,1.2709052955,0.0780597671,0.0,,,,8.28e-07,4.3090000000000003e-07,0.00017910999999999998,1 kg herbicide active substance,1 kg fungicide active substance,1 kg insecticide active substance,herbicide,fungicide,pesticide_insecticide,2_chara;3_chara,6_chara;7_chara,4_chara;5_chara,,,,1.052309584674e-06,3.363595364339e-08,0.0,1.0859455383173899e-06
C1_2024,C1,2024,ha,"Human toxicity, non-cancer - inorganics",CTUh,1.2709052955,0.0780597671,0.0,,,,1.09e-08,8.28e-09,9.1e-09,1 kg herbicide active substance,1 kg fungicide active substance,1 kg insecticide active substance,herbicide,fungicide,pesticide_insecticide,2_chara;3_chara,6_chara;7_chara,4_chara;5_chara,,,,1.385286772095e-08,6.46334871588e-10,0.0,1.4499202592537998e-08
C1_2024,C1,2024,ha,"Human toxicity, non-cancer - metals",CTUh,1.2709052955,0.0780597671,0.0,,,,1e-07,1.057e-07,8.69e-08,1 kg herbicide active substance,1 kg fungicide active substance,1 kg insecticide active substance,herbicide,fungicide,pesticide_insecticide,2_chara;3_chara,6_chara;7_chara,4_chara;5_chara,,,,1.2709052954999998e-07,8.25091738247e-09,0.0,1.3534144693246998e-07
C1_2024,C1,2024,ha,"Human toxicity, non-cancer - organics",CTUh,1.2709052955,0.0780597671,0.0,,,,7.179999999999999e-07,3.1770000000000005e-07,0.00017901459999999998,1 kg herbicide active substance,1 kg fungicide active substance,1 kg insecticide active substance,herbicide,fungicide,pesticide_insecticide,2_chara;3_chara,6_chara;7_chara,4_chara;5_chara,,,,9.125100021689999e-07,2.4799588007670004e-08,0.0,9.3730959017667e-07
C1_2024,C1,2024,ha,Ionising radiation,kBq U-235 eq,1.2709052955,0.0780597671,0.0,,,,3.967235,2.938444,3.373034,1 kg herbicide active substance,1 kg fungicide active substance,1 kg insecticide active substance,herbicide,fungicide,pesticide_insecticide,2_chara;3_chara,6_chara;7_chara,4_chara;5_chara,,,,5.041979969992942,0.22937425427639238,0.0,5.271354224269335
C1_2024,C1,2024,ha,Land use,Pt,1.2709052955,0.0780597671,0.0,,,,93.25604,87.12929,93.87114,1 kg herbicide active substance,1 kg fungicide active substance,1 kg insecticide active substance,herbicide,fungicide,pesticide_insecticide,2_chara;3_chara,6_chara;7_chara,4_chara;5_chara,,,,118.51959507335981,6.801292084988359,0.0,125.32088715834817
C1_2024,C1,2024,ha,Ozone depletion,kg CFC11 eq,1.2709052955,0.0780597671,0.0,,,,1.47e-06,9.46e-07,1e-06,1 kg herbicide active substance,1 kg fungicide active substance,1 kg insecticide active substance,herbicide,fungicide,pesticide_insecticide,2_chara;3_chara,6_chara;7_chara,4_chara;5_chara,,,,1.8682307843849998e-06,7.38445396766e-08,0.0,1.9420753240616e-06
C1_2024,C1,2024,ha,Particulate matter,disease inc.,1.2709052955,0.0780597671,0.0,,,,2.7e-07,2.24e-07,2.41e-07,1 kg herbicide active substance,1 kg fungicide active substance,1 kg insecticide active substance,herbicide,fungicide,pesticide_insecticide,2_chara;3_chara,6_chara;7_chara,4_chara;5_chara,,,,3.43144429785e-07,1.7485387830399998e-08,0.0,3.6062981761540003e-07
C1_2024,C1,2024,ha,Photochemical ozone formation,kg NMVOC eq,1.2709052955,0.0780597671,0.0,,,,0.02486,0.017891,0.019849,1 kg herbicide active substance,1 kg fungicide active substance,1 kg insecticide active substance,herbicide,fungicide,pesticide_insecticide,2_chara;3_chara,6_chara;7_chara,4_chara;5_chara,,,,0.03159470564613,0.0013965672931861,0.0,0.0329912729393161
C1_2024,C1,2024,ha,"Resource use, fossils",MJ,1.2709052955,0.0780597671,0.0,,,,246.4021,173.2985,189.8419,1 kg herbicide active substance,1 kg fungicide active substance,1 kg insecticide active substance,herbicide,fungicide,pesticide_insecticide,2_chara;3_chara,6_chara;7_chara,4_chara;5_chara,,,,313.15373371232056,13.527640548779349,0.0,326.6813742610999
C1_2024,C1,2024,ha,"Resource use, minerals and metals",kg Sb eq,1.2709052955,0.0780597671,0.0,,,,6.14e-05,4.6e-05,5.28e-05,1 kg herbicide active substance,1 kg fungicide active substance,1 kg insecticide active substance,herbicide,fungicide,pesticide_insecticide,2_chara;3_chara,6_chara;7_chara,4_chara;5_chara,,,,7.80335851437e-05,3.5907492865999996e-06,0.0,8.16243344303e-05
C1_2024,C1,2024,ha,Water use,m3 depriv.,1.2709052955,0.0780597671,0.0,,,,1.924816,1.471827,1.666069,1 kg herbicide active substance,1 kg fungicide active substance,1 kg insecticide active substance,herbicide,fungicide,pesticide_insecticide,2_chara;3_chara,6_chara;7_chara,4_chara;5_chara,,,,2.446258847263128,0.11489047283149169,0.0,2.5611493200946196
C2_2022,C2,2022,ha,Acidification,mol H+ eq,1.4630957084,0.0,0.0215478542,,,,0.051857,0.038504,0.043223,1 kg herbicide active substance,1 kg fungicide active substance,1 kg insecticide active substance,herbicide,fungicide,pesticide_insecticide,2_chara;3_chara,6_chara;7_chara,4_chara;5_chara,,,,0.07587175415049881,0.0,0.0009313629020866,0.07680311705258541
C2_2022,C2,2022,ha,Climate change,kg CO2 eq,1.4630957084,0.0,0.0215478542,,,,13.6732,9.430276,10.25282,1 kg herbicide active substance,1 kg fungicide active substance,1 kg insecticide active substance,herbicide,fungicide,pesticide_insecticide,2_chara;3_chara,6_chara;7_chara,4_chara;5_chara,,,,20.00520024009488,0.0,0.220926270498844,20.226126510593723
C2_2022,C2,2022,ha,Climate change - Biogenic,kg CO2 eq,1.4630957084,0.0,0.0215478542,,,,0.223944,0.214731,0.218857,1 kg herbicide active substance,1 kg fungicide active substance,1 kg insecticide active substance,herbicide,fungicide,pesticide_insecticide,2_chara;3_chara,6_chara;7_chara,4_chara;5_chara,,,,0.3276515053219296,0.0,0.0047158987266494,0.332367404048579
C2_2022,C2,2022,ha,Climate change - Fossil,kg CO2 eq,1.4630957084,0.0,0.0215478542,,,,13.4338,9.203992,10.02068,1 kg herbicide active substance,1 kg fungicide active substance,1 kg insecticide active substance,herbicide,fungicide,pesticide_insecticide,2_chara;3_chara,6_chara;7_chara,4_chara;5_chara,,,,19.65493512750392,0.0,0.215924151624856,19.870859279128773
C2_2022,C2,2022,ha,Climate change - Land use and LU change,kg CO2 eq,1.4630957084,0.0,0.0215478542,,,,0.015459,0.011552,0.013281,1 kg herbicide active substance,1 kg fungicide active substance,1 kg insecticide active substance,herbicide,fungicide,pesticide_insecticide,2_chara;3_chara,6_chara;7_chara,4_chara;5_chara,,,,0.022617996556155602,0.0,0.0002861770516302,0.0229041736077858
C2_2022,C2,2022,ha,"Ecotoxicity, freshwater",CTUe,1.4630957084,0.0,0.0215478542,,,,6433.9547999999995,16850.447900000003,2330477.7238,1 kg herbicide active substance,1 kg fungicide active substance,1 kg insecticide active substance,herbicide,fungicide,pesticide_insecticide,2_chara;3_chara,6_chara;7_chara,4_chara;5_chara,,,,9413.491655919579,0.0,50216.79420879027,59630.28586470985
C2_2022,C2,2022,ha,"Ecotoxicity, freshwater - inorganics",CTUe,1.4630957084,0.0,0.0215478542,,,,13.52104,8.955151,9.878709,1 kg herbicide active substance,1 kg fungicide active substance,1 kg insecticide active substance,herbicide,fungicide,pesticide_insecticide,2_chara;3_chara,6_chara;7_chara,4_chara;5_chara,,,,19.782575597104735,0.0,0.21286498121622782,19.995440578320963
C2_2022,C2,2022,ha,"Ecotoxicity, freshwater - metals",CTUe,1.4630957084,0.0,0.0215478542,,,,232.3885,2837.0964000000004,215.5284,1 kg herbicide active substance,1 kg fungicide active substance,1 kg insecticide active substance,herbicide,fungicide,pesticide_insecticide,2_chara;3_chara,6_chara;7_chara,4_chara;5_chara,,,,340.0066170315134,0.0,4.64417453915928,344.65079157067265
C2_2022,C2,2022,ha,"Ecotoxicity, freshwater - organics",CTUe,1.4630957084,0.0,0.0215478542,,,,6188.0453,14004.389299999999,2330252.3167,1 kg herbicide active substance,1 kg fungicide active substance,1 kg insecticide active substance,herbicide,fungicide,pesticide_insecticide,2_chara;3_chara,6_chara;7_chara,4_chara;5_chara,,,,9053.70252181479,0.0,50211.937169463825,59265.639691278615
C2_2022,C2,2022,ha,"Eutrophication, freshwater",kg P eq,1.4630957084,0.0,0.0215478542,,,,0.006633,0.00503,0.005765,1 kg herbicide active substance,1 kg fungicide active substance,1 kg insecticide active substance,herbicide,fungicide,pesticide_insecticide,2_chara;3_chara,6_chara;7_chara,4_chara;5_chara,,,,0.0097047138338172,0.0,0.000124223379463,0.0098289372132802
C2_2022,C2,2022,ha,"Eutrophication, marine",kg N eq,1.4630957084,0.0,0.0215478542,,,,0.012633,0.010401,0.011381,1 kg herbicide active substance,1 kg fungicide active substance,1 kg insecticide active substance,herbicide,fungicide,pesticide_insecticide,2_chara;3_chara,6_chara;7_chara,4_chara;5_chara,,,,0.0184832880842172,0.0,0.0002452361286502,0.0187285242128674
C2_2022,C2,2022,ha,"Eutrophication, terrestrial",mol N eq,1.4630957084,0.0,0.0215478542,,,,0.091999,0.069061,0.076172,1 kg herbicide active substance,1 kg fungicide active substance,1 kg insecticide active substance,herbicide,fungicide,pesticide_insecticide,2_chara;3_chara,6_chara;7_chara,4_chara;5_chara,,,,0.1346033420770916,0.0,0.0016413431501224002,0.136244685227214
C2_2022,C2,2022,ha,"Human toxicity, cancer",CTUh,1.4630957084,0.0,0.0215478542,,,,6.56e-09,7.28e-09,5.63e-09,1 kg herbicide active substance,1 kg fungicide active substance,1 kg insecticide active substance,herbicide,fungicide,pesticide_insecticide,2_chara;3_chara,6_chara;7_chara,4_chara;5_chara,,,,9.597907847104e-09,0.0,1.21314419146e-10,9.71922226625e-09
C2_2022,C2,2022,ha,"Human toxicity, cancer - inorganics",CTUh,1.4630957084,0.0,0.0215478542,,,,3.84e-20,4.02e-20,4.24e-20,1 kg herbicide active substance,1 kg fungicide active substance,1 kg insecticide active substance,herbicide,fungicide,pesticide_insecticide,2_chara;3_chara,6_chara;7_chara,4_chara;5_chara,,,,5.618287520256e-20,0.0,9.1362901808e-22,5.709650422064e-20
C2_2022,C2,2022,ha,"Human toxicity, cancer - metals",CTUh,1.4630957084,0.0,0.0215478542,,,,3.38e-09,2.79e-09,2.97e-09,1 kg herbicide active substance,1 kg fungicide active substance,1 kg insecticide active substance,herbicide,fungicide,pesticide_insecticide,2_chara;3_chara,6_chara;7_chara,4_chara;5_chara,,,,4.945263494392e-09,0.0,6.3997126974e-11,5.009260621366e-09
C2_2022,C2,2022,ha,"Human toxicity, cancer - organics",CTUh,1.4630957084,0.0,0.0215478542,,,,3.19e-09,4.49e-09,2.66e-09,1 kg herbicide active substance,1 kg fungicide active substance,1 kg insecticide active substance,herbicide,fungicide,pesticide_insecticide,2_chara;3_chara,6_chara;7_chara,4_chara;5_chara,,,,4.667275309796e-09,0.0,5.7317292172e-11,4.724592601968e-09
C2_2022,C2,2022,ha,"Human toxicity, non-cancer",CTUh,1.4630957084,0.0,0.0215478542,,,,8.28e-07,4.3090000000000003e-07,0.00017910999999999998,1 kg herbicide active substance,1 kg fungicide active substance,1 kg insecticide active substance,herbicide,fungicide,pesticide_insecticide,2_chara;3_chara,6_chara;7_chara,4_chara;5_chara,,,,1.2114432465552e-06,0.0,3.859436165762e-06,5.0708794123172e-06
C2_2022,C2,2022,ha,"Human toxicity, non-cancer - inorganics",CTUh,1.4630957084,0.0,0.0215478542,,,,1.09e-08,8.28e-09,9.1e-09,1 kg herbicide active substance,1 kg fungicide active substance,1 kg insecticide active substance,herbicide,fungicide,pesticide_insecticide,2_chara;3_chara,6_chara;7_chara,4_chara;5_chara,,,,1.5947743221560002e-08,0.0,1.9608547322000001e-10,1.6143828694780003e-08
C2_2022,C2,2022,ha,"Human toxicity, non-cancer - metals",CTUh,1.4630957084,0.0,0.0215478542,,,,1e-07,1.057e-07,8.69e-08,1 kg herbicide active substance,1 kg fungicide active substance,1 kg insecticide active substance,herbicide,fungicide,pesticide_insecticide,2_chara;3_chara,6_chara;7_chara,4_chara;5_chara,,,,1.4630957084e-07,0.0,1.87250852998e-09,1.4818207936997999e-07
C2_2022,C2,2022,ha,"Human toxicity, non-cancer - organics",CTUh,1.4630957084,0.0,0.0215478542,,,,7.179999999999999e-07,3.1770000000000005e-07,0.00017901459999999998,1 kg herbicide active substance,1 kg fungicide active substance,1 kg insecticide active substance,herbicide,fungicide,pesticide_insecticide,2_chara;3_chara,6_chara;7_chara,4_chara;5_chara,,,,1.0505027186312e-06,0.0,3.857380500471319e-06,4.907883219102519e-06
C2_2022,C2,2022,ha,Ionising radiation,kBq U-235 eq,1.4630957084,0.0,0.0215478542,,,,3.967235,2.938444,3.373034,1 kg herbicide active substance,1 kg fungicide active substance,1 kg insecticide active substance,herbicide,fungicide,pesticide_insecticide,2_chara;3_chara,6_chara;7_chara,4_chara;5_chara,,,,5.804444502714274,0.0,0.0726816448436428,5.877126147557917
C2_2022,C2,2022,ha,Land use,Pt,1.4630957084,0.0,0.0215478542,,,,93.25604,87.12929,93.87114,1 kg herbicide active substance,1 kg fungicide active substance,1 kg insecticide active substance,herbicide,fungicide,pesticide_insecticide,2_chara;3_chara,6_chara;7_chara,4_chara;5_chara,,,,136.44251190637874,0.0,2.022721638307788,138.46523354468653
C2_2022,C2,2022,ha,Ozone depletion,kg CFC11 eq,1.4630957084,0.0,0.0215478542,,,,1.47e-06,9.46e-07,1e-06,1 kg herbicide active substance,1 kg fungicide active substance,1 kg insecticide active substance,herbicide,fungicide,pesticide_insecticide,2_chara;3_chara,6_chara;7_chara,4_chara;5_chara,,,,2.150750691348e-06,0.0,2.15478542e-08,2.172298545548e-06
C2_2022,C2,2022,ha,Particulate matter,disease inc.,1.4630957084,0.0,0.0215478542,,,,2.7e-07,2.24e-07,2.41e-07,1 kg herbicide active substance,1 kg fungicide active substance,1 kg insecticide active substance,herbicide,fungicide,pesticide_insecticide,2_chara;3_chara,6_chara;7_chara,4_chara;5_chara,,,,3.9503584126800003e-07,0.0,5.1930328622e-09,4.0022887413020005e-07
C2_2022,C2,2022,ha,Photochemical ozone formation,kg NMVOC eq,1.4630957084,0.0,0.0215478542,,,,0.02486,0.017891,0.019849,1 kg herbicide active substance,1 kg fungicide active substance,1 kg insecticide active substance,herbicide,fungicide,pesticide_insecticide,2_chara;3_chara,6_chara;7_chara,4_chara;5_chara,,,,0.036372559310824004,0.0,0.0004277033580158,0.0368002626688398
C2_2022,C2,2022,ha,"Resource use, fossils",MJ,1.4630957084,0.0,0.0215478542,,,,246.4021,173.2985,189.8419,1 kg herbicide active substance,1 kg fungicide active substance,1 kg insecticide active substance,herbicide,fungicide,pesticide_insecticide,2_chara;3_chara,6_chara;7_chara,4_chara;5_chara,,,,360.50985505074766,0.0,4.0906855822509804,364.6005406329986
C2_2022,C2,2022,ha,"Resource use, minerals and metals",kg Sb eq,1.4630957084,0.0,0.0215478542,,,,6.14e-05,4.6e-05,5.28e-05,1 kg herbicide active substance,1 kg fungicide active substance,1 kg insecticide active substance,herbicide,fungicide,pesticide_insecticide,2_chara;3_chara,6_chara;7_chara,4_chara;5_chara,,,,8.983407649576001e-05,0.0,1.13772670176e-06,9.097180319752002e-05
C2_2022,C2,2022,ha,Water use,m3 depriv.,1.4630957084,0.0,0.0215478542,,,,1.924816,1.471827,1.666069,1 kg herbicide active substance,1 kg fungicide active substance,1 kg insecticide active substance,herbicide,fungicide,pesticide_insecticide,2_chara;3_chara,6_chara;7_chara,4_chara;5_chara,,,,2.8161900290596544,0.0,0.0359002118991398,2.8520902409587943
C2_2023,C2,2023,ha,Acidification,mol H+ eq,0.5161999826,0.0,0.0702959813,,,,0.051857,0.038504,0.043223,1 kg herbicide active substance,1 kg fungicide active substance,1 kg insecticide active substance,herbicide,fungicide,pesticide_insecticide,2_chara;3_chara,6_chara;7_chara,4_chara;5_chara,,,,0.0267685824976882,0.0,0.0030384031997299,0.0298069856974181
C2_2023,C2,2023,ha,Climate change,kg CO2 eq,0.5161999826,0.0,0.0702959813,,,,13.6732,9.430276,10.25282,1 kg herbicide active substance,1 kg fungicide active substance,1 kg insecticide active substance,herbicide,fungicide,pesticide_insecticide,2_chara;3_chara,6_chara;7_chara,4_chara;5_chara,,,,7.05810560208632,0.0,0.720732042992266,7.778837645078585
C2_2023,C2,2023,ha,Climate change - Biogenic,kg CO2 eq,0.5161999826,0.0,0.0702959813,,,,0.223944,0.214731,0.218857,1 kg herbicide active substance,1 kg fungicide active substance,1 kg insecticide active substance,herbicide,fungicide,pesticide_insecticide,2_chara;3_chara,6_chara;7_chara,4_chara;5_chara,,,,0.1155998889033744,0.0,0.015384767579374101,0.1309846564827485
C2_2023,C2,2023,ha,Climate change - Fossil,kg CO2 eq,0.5161999826,0.0,0.0702959813,,,,13.4338,9.203992,10.02068,1 kg herbicide active substance,1 kg fungicide active substance,1 kg insecticide active substance,herbicide,fungicide,pesticide_insecticide,2_chara;3_chara,6_chara;7_chara,4_chara;5_chara,,,,6.93452732625188,0.0,0.7044135338932841,7.638940860145164
C2_2023,C2,2023,ha,Climate change - Land use and LU change,kg CO2 eq,0.5161999826,0.0,0.0702959813,,,,0.015459,0.011552,0.013281,1 kg herbicide active substance,1 kg fungicide active substance,1 kg insecticide active substance,herbicide,fungicide,pesticide_insecticide,2_chara;3_chara,6_chara;7_chara,4_chara;5_chara,,,,0.0079799355310134,0.0,0.0009336009276453,0.008913536458658701
C2_2023,C2,2023,ha,"Ecotoxicity, freshwater",CTUe,0.5161999826,0.0,0.0702959813,,,,6433.9547999999995,16850.447900000003,2330477.7238,1 kg herbicide active substance,1 kg fungicide active substance,1 kg insecticide active substance,herbicide,fungicide,pesticide_insecticide,2_chara;3_chara,6_chara;7_chara,4_chara;5_chara,,,,3321.207355809186,0.0,163823.21849231137,167144.42584812056
C2_2023,C2,2023,ha,"Ecotoxicity, freshwater - inorganics",CTUe,0.5161999826,0.0,0.0702959813,,,,13.52104,8.955151,9.878709,1 kg herbicide active substance,1 kg fungicide active substance,1 kg insecticide active substance,herbicide,fungicide,pesticide_insecticide,2_chara;3_chara,6_chara;7_chara,4_chara;5_chara,,,,6.979560612733904,0.0,0.6944335431321418,7.673994155866046
C2_2023,C2,2023,ha,"Ecotoxicity, freshwater - metals",CTUe,0.5161999826,0.0,0.0702959813,,,,232.3885,2837.0964000000004,215.5284,1 kg herbicide active substance,1 kg fungicide active substance,1 kg insecticide active substance,herbicide,fungicide,pesticide_insecticide,2_chara;3_chara,6_chara;7_chara,4_chara;5_chara,,,,119.9589396564401,0.0,15.150780376018922,135.10972003245902
C2_2023,C2,2023,ha,"Ecotoxicity, freshwater - organics",CTUe,0.5161999826,0.0,0.0702959813,,,,6188.0453,14004.389299999999,2330252.3167,1 kg herbicide active substance,1 kg fungicide active substance,1 kg insecticide active substance,herbicide,fungicide,pesticide_insecticide,2_chara;3_chara,6_chara;7_chara,4_chara;5_chara,,,,3194.2688761880117,0.0,163807.37327902488,167001.64215521287
C2_2023,C2,2023,ha,"Eutrophication, freshwater",kg P eq,0.5161999826,0.0,0.0702959813,,,,0.006633,0.00503,0.005765,1 kg herbicide active substance,1 kg fungicide active substance,1 kg insecticide active substance,herbicide,fungicide,pesticide_insecticide,2_chara;3_chara,6_chara;7_chara,4_chara;5_chara,,,,0.0034239544845858,0.0,0.00040525633219450004,0.0038292108167803
C2_2023,C2,2023,ha,"Eutrophication, marine",kg N eq,0.5161999826,0.0,0.0702959813,,,,0.012633,0.010401,0.011381,1 kg herbicide active substance,1 kg fungicide active substance,1 kg insecticide active substance,herbicide,fungicide,pesticide_insecticide,2_chara;3_chara,6_chara;7_chara,4_chara;5_chara,,,,0.0065211543801858,0.0,0.0008000385631753001,0.0073211929433611
C2_2023,C2,2023,ha,"Eutrophication, terrestrial",mol N eq,0.5161999826,0.0,0.0702959813,,,,0.091999,0.069061,0.076172,1 kg herbicide active substance,1 kg fungicide active substance,1 kg insecticide active substance,herbicide,fungicide,pesticide_insecticide,2_chara;3_chara,6_chara;7_chara,4_chara;5_chara,,,,0.0474898821992174,0.0,0.0053545854875836005,0.052844467686801
C2_2023,C2,2023,ha,"Human toxicity, cancer",CTUh,0.5161999826,0.0,0.0702959813,,,,6.56e-09,7.28e-09,5.63e-09,1 kg herbicide active substance,1 kg fungicide active substance,1 kg insecticide active substance,herbicide,fungicide,pesticide_insecticide,2_chara;3_chara,6_chara;7_chara,4_chara;5_chara,,,,3.3862718858559997e-09,0.0,3.9576637471900003e-10,3.782038260575e-09
C2_2023,C2,2023,ha,"Human toxicity, cancer - inorganics",CTUh,0.5161999826,0.0,0.0702959813,,,,3.84e-20,4.02e-20,4.24e-20,1 kg herbicide active substance,1 kg fungicide active substance,1 kg insecticide active substance,herbicide,fungicide,pesticide_insecticide,2_chara;3_chara,6_chara;7_chara,4_chara;5_chara,,,,1.982207933184e-20,0.0,2.98054960712e-21,2.280262893896e-20
C2_2023,C2,2023,ha,"Human toxicity, cancer - metals",CTUh,0.5161999826,0.0,0.0702959813,,,,3.38e-09,2.79e-09,2.97e-09,1 kg herbicide active substance,1 kg fungicide active substance,1 kg insecticide active substance,herbicide,fungicide,pesticide_insecticide,2_chara;3_chara,6_chara;7_chara,4_chara;5_chara,,,,1.7447559411879999e-09,0.0,2.08779064461e-10,1.953535005649e-09
C2_2023,C2,2023,ha,"Human toxicity, cancer - organics",CTUh,0.5161999826,0.0,0.0702959813,,,,3.19e-09,4.49e-09,2.66e-09,1 kg herbicide active substance,1 kg fungicide active substance,1 kg insecticide active substance,herbicide,fungicide,pesticide_insecticide,2_chara;3_chara,6_chara;7_chara,4_chara;5_chara,,,,1.646677944494e-09,0.0,1.8698731025800001e-10,1.833665254752e-09
C2_2023,C2,2023,ha,"Human toxicity, non-cancer",CTUh,0.5161999826,0.0,0.0702959813,,,,8.28e-07,4.3090000000000003e-07,0.00017910999999999998,1 kg herbicide active substance,1 kg fungicide active substance,1 kg insecticide active substance,herbicide,fungicide,pesticide_insecticide,2_chara;3_chara,6_chara;7_chara,4_chara;5_chara,,,,4.2741358559279995e-07,0.0,1.2590713210643e-05,1.30181267962358e-05
C2_2023,C2,2023,ha,"Human toxicity, non-cancer - inorganics",CTUh,0.5161999826,0.0,0.0702959813,,,,1.09e-08,8.28e-09,9.1e-09,1 kg herbicide active substance,1 kg fungicide active substance,1 kg insecticide active substance,herbicide,fungicide,pesticide_insecticide,2_chara;3_chara,6_chara;7_chara,4_chara;5_chara,,,,5.62657981034e-09,0.0,6.396934298300001e-10,6.26627324017e-09
C2_2023,C2,2023,ha,"Human toxicity, non-cancer - metals",CTUh,0.5161999826,0.0,0.0702959813,,,,1e-07,1.057e-07,8.69e-08,1 kg herbicide active substance,1 kg fungicide active substance,1 kg insecticide active substance,herbicide,fungicide,pesticide_insecticide,2_chara;3_chara,6_chara;7_chara,4_chara;5_chara,,,,5.161999826e-08,0.0,6.108720774970001e-09,5.772871903497e-08
C2_2023,C2,2023,ha,"Human toxicity, non-cancer - organics",CTUh,0.5161999826,0.0,0.0702959813,,,,7.179999999999999e-07,3.1770000000000005e-07,0.00017901459999999998,1 kg herbicide active substance,1 kg fungicide active substance,1 kg insecticide active substance,herbicide,fungicide,pesticide_insecticide,2_chara;3_chara,6_chara;7_chara,4_chara;5_chara,,,,3.7063158750679995e-07,0.0,1.2584006974026979e-05,1.2954638561533779e-05
C2_2023,C2,2023,ha,Ionising radiation,kBq U-235 eq,0.5161999826,0.0,0.0702959813,,,,3.967235,2.938444,3.373034,1 kg herbicide active substance,1 kg fungicide active substance,1 kg insecticide active substance,herbicide,fungicide,pesticide_insecticide,2_chara;3_chara,6_chara;7_chara,4_chara;5_chara,,,,2.047886637970111,0.0,0.2371107349882642,2.2849973729583755
C2_2023,C2,2023,ha,Land use,Pt,0.5161999826,0.0,0.0702959813,,,,93.25604,87.12929,93.87114,1 kg herbicide active substance,1 kg fungicide active substance,1 kg insecticide active substance,herbicide,fungicide,pesticide_insecticide,2_chara;3_chara,6_chara;7_chara,4_chara;5_chara,,,,48.1387662253449,0.0,6.598763902049682,54.737530127394585
C2_2023,C2,2023,ha,Ozone depletion,kg CFC11 eq,0.5161999826,0.0,0.0702959813,,,,1.47e-06,9.46e-07,1e-06,1 kg herbicide active substance,1 kg fungicide active substance,1 kg insecticide active substance,herbicide,fungicide,pesticide_insecticide,2_chara;3_chara,6_chara;7_chara,4_chara;5_chara,,,,7.58813974422e-07,0.0,7.02959813e-08,8.29109955722e-07
C2_2023,C2,2023,ha,Particulate matter,disease inc.,0.5161999826,0.0,0.0702959813,,,,2.7e-07,2.24e-07,2.41e-07,1 kg herbicide active substance,1 kg fungicide active substance,1 kg insecticide active substance,herbicide,fungicide,pesticide_insecticide,2_chara;3_chara,6_chara;7_chara,4_chara;5_chara,,,,1.39373995302e-07,0.0,1.69413314933e-08,1.563153267953e-07
C2_2023,C2,2023,ha,Photochemical ozone formation,kg NMVOC eq,0.5161999826,0.0,0.0702959813,,,,0.02486,0.017891,0.019849,1 kg herbicide active substance,1 kg fungicide active substance,1 kg insecticide active substance,herbicide,fungicide,pesticide_insecticide,2_chara;3_chara,6_chara;7_chara,4_chara;5_chara,,,,0.012832731567436,0.0,0.0013953049328237,0.0142280365002597
C2_2023,C2,2023,ha,"Resource use, fossils",MJ,0.5161999826,0.0,0.0702959813,,,,246.4021,173.2985,189.8419,1 kg herbicide active substance,1 kg fungicide active substance,1 kg insecticide active substance,herbicide,fungicide,pesticide_insecticide,2_chara;3_chara,6_chara;7_chara,4_chara;5_chara,,,,127.19275973260345,0.0,13.345122652356471,140.53788238495991
C2_2023,C2,2023,ha,"Resource use, minerals and metals",kg Sb eq,0.5161999826,0.0,0.0702959813,,,,6.14e-05,4.6e-05,5.28e-05,1 kg herbicide active substance,1 kg fungicide active substance,1 kg insecticide active substance,herbicide,fungicide,pesticide_insecticide,2_chara;3_chara,6_chara;7_chara,4_chara;5_chara,,,,3.169467893164e-05,0.0,3.7116278126400006e-06,3.540630674428e-05
C2_2023,C2,2023,ha,Water use,m3 depriv.,0.5161999826,0.0,0.0702959813,,,,1.924816,1.471827,1.666069,1 kg herbicide active substance,1 kg fungicide active substance,1 kg insecticide active substance,herbicide,fungicide,pesticide_insecticide,2_chara;3_chara,6_chara;7_chara,4_chara;5_chara,,,,0.9935899857082017,0.0,0.11711795526850971,1.1107079409767113
C2_2024,C2,2024,ha,Acidification,mol H+ eq,0.3735487078,0.0,0.0,,,,0.051857,0.038504,0.043223,1 kg herbicide active substance,1 kg fungicide active substance,1 kg insecticide active substance,herbicide,fungicide,pesticide_insecticide,2_chara;3_chara,6_chara;7_chara,4_chara;5_chara,,,,0.0193711153403846,0.0,0.0,0.0193711153403846
C2_2024,C2,2024,ha,Climate change,kg CO2 eq,0.3735487078,0.0,0.0,,,,13.6732,9.430276,10.25282,1 kg herbicide active substance,1 kg fungicide active substance,1 kg insecticide active substance,herbicide,fungicide,pesticide_insecticide,2_chara;3_chara,6_chara;7_chara,4_chara;5_chara,,,,5.10760619149096,0.0,0.0,5.10760619149096
C2_2024,C2,2024,ha,Climate change - Biogenic,kg CO2 eq,0.3735487078,0.0,0.0,,,,0.223944,0.214731,0.218857,1 kg herbicide active substance,1 kg fungicide active substance,1 kg insecticide active substance,herbicide,fungicide,pesticide_insecticide,2_chara;3_chara,6_chara;7_chara,4_chara;5_chara,,,,0.0836539918195632,0.0,0.0,0.0836539918195632
C2_2024,C2,2024,ha,Climate change - Fossil,kg CO2 eq,0.3735487078,0.0,0.0,,,,13.4338,9.203992,10.02068,1 kg herbicide active substance,1 kg fungicide active substance,1 kg insecticide active substance,herbicide,fungicide,pesticide_insecticide,2_chara;3_chara,6_chara;7_chara,4_chara;5_chara,,,,5.018178630843639,0.0,0.0,5.018178630843639
C2_2024,C2,2024,ha,Climate change - Land use and LU change,kg CO2 eq,0.3735487078,0.0,0.0,,,,0.015459,0.011552,0.013281,1 kg herbicide active substance,1 kg fungicide active substance,1 kg insecticide active substance,herbicide,fungicide,pesticide_insecticide,2_chara;3_chara,6_chara;7_chara,4_chara;5_chara,,,,0.0057746894738802,0.0,0.0,0.0057746894738802
C2_2024,C2,2024,ha,"Ecotoxicity, freshwater",CTUe,0.3735487078,0.0,0.0,,,,6433.9547999999995,16850.447900000003,2330477.7238,1 kg herbicide active substance,1 kg fungicide active substance,1 kg insecticide active substance,herbicide,fungicide,pesticide_insecticide,2_chara;3_chara,6_chara;7_chara,4_chara;5_chara,,,,2403.3955015836073,0.0,0.0,2403.3955015836073
C2_2024,C2,2024,ha,"Ecotoxicity, freshwater - inorganics",CTUe,0.3735487078,0.0,0.0,,,,13.52104,8.955151,9.878709,1 kg herbicide active substance,1 kg fungicide active substance,1 kg insecticide active substance,herbicide,fungicide,pesticide_insecticide,2_chara;3_chara,6_chara;7_chara,4_chara;5_chara,,,,5.0507670201121115,0.0,0.0,5.0507670201121115
C2_2024,C2,2024,ha,"Ecotoxicity, freshwater - metals",CTUe,0.3735487078,0.0,0.0,,,,232.3885,2837.0964000000004,215.5284,1 kg herbicide active substance,1 kg fungicide active substance,1 kg insecticide active substance,herbicide,fungicide,pesticide_insecticide,2_chara;3_chara,6_chara;7_chara,4_chara;5_chara,,,,86.8084238825803,0.0,0.0,86.8084238825803
C2_2024,C2,2024,ha,"Ecotoxicity, freshwater - organics",CTUe,0.3735487078,0.0,0.0,,,,6188.0453,14004.389299999999,2330252.3167,1 kg herbicide active substance,1 kg fungicide active substance,1 kg insecticide active substance,herbicide,fungicide,pesticide_insecticide,2_chara;3_chara,6_chara;7_chara,4_chara;5_chara,,,,2311.5363256228634,0.0,0.0,2311.5363256228634
C2_2024,C2,2024,ha,"Eutrophication, freshwater",kg P eq,0.3735487078,0.0,0.0,,,,0.006633,0.00503,0.005765,1 kg herbicide active substance,1 kg fungicide active substance,1 kg insecticide active substance,herbicide,fungicide,pesticide_insecticide,2_chara;3_chara,6_chara;7_chara,4_chara;5_chara,,,,0.0024777485788374,0.0,0.0,0.0024777485788374
C2_2024,C2,2024,ha,"Eutrophication, marine",kg N eq,0.3735487078,0.0,0.0,,,,0.012633,0.010401,0.011381,1 kg herbicide active substance,1 kg fungicide active substance,1 kg insecticide active substance,herbicide,fungicide,pesticide_insecticide,2_chara;3_chara,6_chara;7_chara,4_chara;5_chara,,,,0.0047190408256374,0.0,0.0,0.0047190408256374
C2_2024,C2,2024,ha,"Eutrophication, terrestrial",mol N eq,0.3735487078,0.0,0.0,,,,0.091999,0.069061,0.076172,1 kg herbicide active substance,1 kg fungicide active substance,1 kg insecticide active substance,herbicide,fungicide,pesticide_insecticide,2_chara;3_chara,6_chara;7_chara,4_chara;5_chara,,,,0.0343661075688922,0.0,0.0,0.0343661075688922
C2_2024,C2,2024,ha,"Human toxicity, cancer",CTUh,0.3735487078,0.0,0.0,,,,6.56e-09,7.28e-09,5.63e-09,1 kg herbicide active substance,1 kg fungicide active substance,1 kg insecticide active substance,herbicide,fungicide,pesticide_insecticide,2_chara;3_chara,6_chara;7_chara,4_chara;5_chara,,,,2.450479523168e-09,0.0,0.0,2.450479523168e-09
C2_2024,C2,2024,ha,"Human toxicity, cancer - inorganics",CTUh,0.3735487078,0.0,0.0,,,,3.84e-20,4.02e-20,4.24e-20,1 kg herbicide active substance,1 kg fungicide active substance,1 kg insecticide active substance,herbicide,fungicide,pesticide_insecticide,2_chara;3_chara,6_chara;7_chara,4_chara;5_chara,,,,1.434427037952e-20,0.0,0.0,1.434427037952e-20
C2_2024,C2,2024,ha,"Human toxicity, cancer - metals",CTUh,0.3735487078,0.0,0.0,,,,3.38e-09,2.79e-09,2.97e-09,1 kg herbicide active substance,1 kg fungicide active substance,1 kg insecticide active substance,herbicide,fungicide,pesticide_insecticide,2_chara;3_chara,6_chara;7_chara,4_chara;5_chara,,,,1.262594632364e-09,0.0,0.0,1.262594632364e-09
C2_2024,C2,2024,ha,"Human toxicity, cancer - organics",CTUh,0.3735487078,0.0,0.0,,,,3.19e-09,4.49e-09,2.66e-09,1 kg herbicide active substance,1 kg fungicide active substance,1 kg insecticide active substance,herbicide,fungicide,pesticide_insecticide,2_chara;3_chara,6_chara;7_chara,4_chara;5_chara,,,,1.191620377882e-09,0.0,0.0,1.191620377882e-09
C2_2024,C2,2024,ha,"Human toxicity, non-cancer",CTUh,0.3735487078,0.0,0.0,,,,8.28e-07,4.3090000000000003e-07,0.00017910999999999998,1 kg herbicide active substance,1 kg fungicide active substance,1 kg insecticide active substance,herbicide,fungicide,pesticide_insecticide,2_chara;3_chara,6_chara;7_chara,4_chara;5_chara,,,,3.092983300584e-07,0.0,0.0,3.092983300584e-07
C2_2024,C2,2024,ha,"Human toxicity, non-cancer - inorganics",CTUh,0.3735487078,0.0,0.0,,,,1.09e-08,8.28e-09,9.1e-09,1 kg herbicide active substance,1 kg fungicide active substance,1 kg insecticide active substance,herbicide,fungicide,pesticide_insecticide,2_chara;3_chara,6_chara;7_chara,4_chara;5_chara,,,,4.07168091502e-09,0.0,0.0,4.07168091502e-09
C2_2024,C2,2024,ha,"Human toxicity, non-cancer - metals",CTUh,0.3735487078,0.0,0.0,,,,1e-07,1.057e-07,8.69e-08,1 kg herbicide active substance,1 kg fungicide active substance,1 kg insecticide active substance,herbicide,fungicide,pesticide_insecticide,2_chara;3_chara,6_chara;7_chara,4_chara;5_chara,,,,3.7354870779999995e-08,0.0,0.0,3.7354870779999995e-08
C2_2024,C2,2024,ha,"Human toxicity, non-cancer - organics",CTUh,0.3735487078,0.0,0.0,,,,7.179999999999999e-07,3.1770000000000005e-07,0.00017901459999999998,1 kg herbicide active substance,1 kg fungicide active substance,1 kg insecticide active substance,herbicide,fungicide,pesticide_insecticide,2_chara;3_chara,6_chara;7_chara,4_chara;5_chara,,,,2.682079722004e-07,0.0,0.0,2.682079722004e-07
C2_2024,C2,2024,ha,Ionising radiation,kBq U-235 eq,0.3735487078,0.0,0.0,,,,3.967235,2.938444,3.373034,1 kg herbicide active substance,1 kg fungicide active substance,1 kg insecticide active substance,herbicide,fungicide,pesticide_insecticide,2_chara;3_chara,6_chara;7_chara,4_chara;5_chara,,,,1.481955507788933,0.0,0.0,1.481955507788933
C2_2024,C2,2024,ha,Land use,Pt,0.3735487078,0.0,0.0,,,,93.25604,87.12929,93.87114,1 kg herbicide active substance,1 kg fungicide active substance,1 kg insecticide active substance,herbicide,fungicide,pesticide_insecticide,2_chara;3_chara,6_chara;7_chara,4_chara;5_chara,,,,34.83567323654511,0.0,0.0,34.83567323654511
C2_2024,C2,2024,ha,Ozone depletion,kg CFC11 eq,0.3735487078,0.0,0.0,,,,1.47e-06,9.46e-07,1e-06,1 kg herbicide active substance,1 kg fungicide active substance,1 kg insecticide active substance,herbicide,fungicide,pesticide_insecticide,2_chara;3_chara,6_chara;7_chara,4_chara;5_chara,,,,5.49116600466e-07,0.0,0.0,5.49116600466e-07
C2_2024,C2,2024,ha,Particulate matter,disease inc.,0.3735487078,0.0,0.0,,,,2.7e-07,2.24e-07,2.41e-07,1 kg herbicide active substance,1 kg fungicide active substance,1 kg insecticide active substance,herbicide,fungicide,pesticide_insecticide,2_chara;3_chara,6_chara;7_chara,4_chara;5_chara,,,,1.00858151106e-07,0.0,0.0,1.00858151106e-07
C2_2024,C2,2024,ha,Photochemical ozone formation,kg NMVOC eq,0.3735487078,0.0,0.0,,,,0.02486,0.017891,0.019849,1 kg herbicide active substance,1 kg fungicide active substance,1 kg insecticide active substance,herbicide,fungicide,pesticide_insecticide,2_chara;3_chara,6_chara;7_chara,4_chara;5_chara,,,,0.009286420875907999,0.0,0.0,0.009286420875907999
C2_2024,C2,2024,ha,"Resource use, fossils",MJ,0.3735487078,0.0,0.0,,,,246.4021,173.2985,189.8419,1 kg herbicide active substance,1 kg fungicide active substance,1 kg insecticide active substance,herbicide,fungicide,pesticide_insecticide,2_chara;3_chara,6_chara;7_chara,4_chara;5_chara,,,,92.04318605420637,0.0,0.0,92.04318605420637
C2_2024,C2,2024,ha,"Resource use, minerals and metals",kg Sb eq,0.3735487078,0.0,0.0,,,,6.14e-05,4.6e-05,5.28e-05,1 kg herbicide active substance,1 kg fungicide active substance,1 kg insecticide active substance,herbicide,fungicide,pesticide_insecticide,2_chara;3_chara,6_chara;7_chara,4_chara;5_chara,,,,2.293589065892e-05,0.0,0.0,2.293589065892e-05
C2_2024,C2,2024,ha,Water use,m3 depriv.,0.3735487078,0.0,0.0,,,,1.924816,1.471827,1.666069,1 kg herbicide active substance,1 kg fungicide active substance,1 kg insecticide active substance,herbicide,fungicide,pesticide_insecticide,2_chara;3_chara,6_chara;7_chara,4_chara;5_chara,,,,0.7190125295527648,0.0,0.0,0.7190125295527648
C3_2022,C3,2022,ha,Acidification,mol H+ eq,1.4389907456,0.0,0.0,,,,0.051857,0.038504,0.043223,1 kg herbicide active substance,1 kg fungicide active substance,1 kg insecticide active substance,herbicide,fungicide,pesticide_insecticide,2_chara;3_chara,6_chara;7_chara,4_chara;5_chara,,,,0.0746217430945792,0.0,0.0,0.0746217430945792
C3_2022,C3,2022,ha,Climate change,kg CO2 eq,1.4389907456,0.0,0.0,,,,13.6732,9.430276,10.25282,1 kg herbicide active substance,1 kg fungicide active substance,1 kg insecticide active substance,herbicide,fungicide,pesticide_insecticide,2_chara;3_chara,6_chara;7_chara,4_chara;5_chara,,,,19.675608262737917,0.0,0.0,19.675608262737917
C3_2022,C3,2022,ha,Climate change - Biogenic,kg CO2 eq,1.4389907456,0.0,0.0,,,,0.223944,0.214731,0.218857,1 kg herbicide active substance,1 kg fungicide active substance,1 kg insecticide active substance,herbicide,fungicide,pesticide_insecticide,2_chara;3_chara,6_chara;7_chara,4_chara;5_chara,,,,0.3222533435326464,0.0,0.0,0.3222533435326464
C3_2022,C3,2022,ha,Climate change - Fossil,kg CO2 eq,1.4389907456,0.0,0.0,,,,13.4338,9.203992,10.02068,1 kg herbicide active substance,1 kg fungicide active substance,1 kg insecticide active substance,herbicide,fungicide,pesticide_insecticide,2_chara;3_chara,6_chara;7_chara,4_chara;5_chara,,,,19.33111387824128,0.0,0.0,19.33111387824128
C3_2022,C3,2022,ha,Climate change - Land use and LU change,kg CO2 eq,1.4389907456,0.0,0.0,,,,0.015459,0.011552,0.013281,1 kg herbicide active substance,1 kg fungicide active substance,1 kg insecticide active substance,herbicide,fungicide,pesticide_insecticide,2_chara;3_chara,6_chara;7_chara,4_chara;5_chara,,,,0.0222453579362304,0.0,0.0,0.0222453579362304
C3_2022,C3,2022,ha,"Ecotoxicity, freshwater",CTUe,1.4389907456,0.0,0.0,,,,6433.9547999999995,16850.447900000003,2330477.7238,1 kg herbicide active substance,1 kg fungicide active substance,1 kg insecticide active substance,herbicide,fungicide,pesticide_insecticide,2_chara;3_chara,6_chara;7_chara,4_chara;5_chara,,,,9258.401414808697,0.0,0.0,9258.401414808697
C3_2022,C3,2022,ha,"Ecotoxicity, freshwater - inorganics",CTUe,1.4389907456,0.0,0.0,,,,13.52104,8.955151,9.878709,1 kg herbicide active substance,1 kg fungicide active substance,1 kg insecticide active substance,herbicide,fungicide,pesticide_insecticide,2_chara;3_chara,6_chara;7_chara,4_chara;5_chara,,,,19.456651430887423,0.0,0.0,19.456651430887423
C3_2022,C3,2022,ha,"Ecotoxicity, freshwater - metals",CTUe,1.4389907456,0.0,0.0,,,,232.3885,2837.0964000000004,215.5284,1 kg herbicide active substance,1 kg fungicide active substance,1 kg insecticide active substance,herbicide,fungicide,pesticide_insecticide,2_chara;3_chara,6_chara;7_chara,4_chara;5_chara,,,,334.4049008838656,0.0,0.0,334.4049008838656
C3_2022,C3,2022,ha,"Ecotoxicity, freshwater - organics",CTUe,1.4389907456,0.0,0.0,,,,6188.0453,14004.389299999999,2330252.3167,1 kg herbicide active substance,1 kg fungicide active substance,1 kg insecticide active substance,herbicide,fungicide,pesticide_insecticide,2_chara;3_chara,6_chara;7_chara,4_chara;5_chara,,,,8904.539920053576,0.0,0.0,8904.539920053576
C3_2022,C3,2022,ha,"Eutrophication, freshwater",kg P eq,1.4389907456,0.0,0.0,,,,0.006633,0.00503,0.005765,1 kg herbicide active substance,1 kg fungicide active substance,1 kg insecticide active substance,herbicide,fungicide,pesticide_insecticide,2_chara;3_chara,6_chara;7_chara,4_chara;5_chara,,,,0.0095448256155648,0.0,0.0,0.0095448256155648
C3_2022,C3,2022,ha,"Eutrophication, marine",kg N eq,1.4389907456,0.0,0.0,,,,0.012633,0.010401,0.011381,1 kg herbicide active substance,1 kg fungicide active substance,1 kg insecticide active substance,herbicide,fungicide,pesticide_insecticide,2_chara;3_chara,6_chara;7_chara,4_chara;5_chara,,,,0.0181787700891648,0.0,0.0,0.0181787700891648
C3_2022,C3,2022,ha,"Eutrophication, terrestrial",mol N eq,1.4389907456,0.0,0.0,,,,0.091999,0.069061,0.076172,1 kg herbicide active substance,1 kg fungicide active substance,1 kg insecticide active substance,herbicide,fungicide,pesticide_insecticide,2_chara;3_chara,6_chara;7_chara,4_chara;5_chara,,,,0.1323857096044544,0.0,0.0,0.1323857096044544
C3_2022,C3,2022,ha,"Human toxicity, cancer",CTUh,1.4389907456,0.0,0.0,,,,6.56e-09,7.28e-09,5.63e-09,1 kg herbicide active substance,1 kg fungicide active substance,1 kg insecticide active substance,herbicide,fungicide,pesticide_insecticide,2_chara;3_chara,6_chara;7_chara,4_chara;5_chara,,,,9.439779291136e-09,0.0,0.0,9.439779291136e-09
C3_2022,C3,2022,ha,"Human toxicity, cancer - inorganics",CTUh,1.4389907456,0.0,0.0,,,,3.84e-20,4.02e-20,4.24e-20,1 kg herbicide active substance,1 kg fungicide active substance,1 kg insecticide active substance,herbicide,fungicide,pesticide_insecticide,2_chara;3_chara,6_chara;7_chara,4_chara;5_chara,,,,5.525724463104e-20,0.0,0.0,5.525724463104e-20
C3_2022,C3,2022,ha,"Human toxicity, cancer - metals",CTUh,1.4389907456,0.0,0.0,,,,3.38e-09,2.79e-09,2.97e-09,1 kg herbicide active substance,1 kg fungicide active substance,1 kg insecticide active substance,herbicide,fungicide,pesticide_insecticide,2_chara;3_chara,6_chara;7_chara,4_chara;5_chara,,,,4.8637887201279995e-09,0.0,0.0,4.8637887201279995e-09
C3_2022,C3,2022,ha,"Human toxicity, cancer - organics",CTUh,1.4389907456,0.0,0.0,,,,3.19e-09,4.49e-09,2.66e-09,1 kg herbicide active substance,1 kg fungicide active substance,1 kg insecticide active substance,herbicide,fungicide,pesticide_insecticide,2_chara;3_chara,6_chara;7_chara,4_chara;5_chara,,,,4.590380478464e-09,0.0,0.0,4.590380478464e-09
C3_2022,C3,2022,ha,"Human toxicity, non-cancer",CTUh,1.4389907456,0.0,0.0,,,,8.28e-07,4.3090000000000003e-07,0.00017910999999999998,1 kg herbicide active substance,1 kg fungicide active substance,1 kg insecticide active substance,herbicide,fungicide,pesticide_insecticide,2_chara;3_chara,6_chara;7_chara,4_chara;5_chara,,,,1.1914843373568e-06,0.0,0.0,1.1914843373568e-06
C3_2022,C3,2022,ha,"Human toxicity, non-cancer - inorganics",CTUh,1.4389907456,0.0,0.0,,,,1.09e-08,8.28e-09,9.1e-09,1 kg herbicide active substance,1 kg fungicide active substance,1 kg insecticide active substance,herbicide,fungicide,pesticide_insecticide,2_chara;3_chara,6_chara;7_chara,4_chara;5_chara,,,,1.568499912704e-08,0.0,0.0,1.568499912704e-08
C3_2022,C3,2022,ha,"Human toxicity, non-cancer - metals",CTUh,1.4389907456,0.0,0.0,,,,1e-07,1.057e-07,8.69e-08,1 kg herbicide active substance,1 kg fungicide active substance,1 kg insecticide active substance,herbicide,fungicide,pesticide_insecticide,2_chara;3_chara,6_chara;7_chara,4_chara;5_chara,,,,1.4389907456e-07,0.0,0.0,1.4389907456e-07
C3_2022,C3,2022,ha,"Human toxicity, non-cancer - organics",CTUh,1.4389907456,0.0,0.0,,,,7.179999999999999e-07,3.1770000000000005e-07,0.00017901459999999998,1 kg herbicide active substance,1 kg fungicide active substance,1 kg insecticide active substance,herbicide,fungicide,pesticide_insecticide,2_chara;3_chara,6_chara;7_chara,4_chara;5_chara,,,,1.0331953553407998e-06,0.0,0.0,1.0331953553407998e-06
C3_2022,C3,2022,ha,Ionising radiation,kBq U-235 eq,1.4389907456,0.0,0.0,,,,3.967235,2.938444,3.373034,1 kg herbicide active substance,1 kg fungicide active substance,1 kg insecticide active substance,herbicide,fungicide,pesticide_insecticide,2_chara;3_chara,6_chara;7_chara,4_chara;5_chara,,,,5.708814450620416,0.0,0.0,5.708814450620416
C3_2022,C3,2022,ha,Land use,Pt,1.4389907456,0.0,0.0,,,,93.25604,87.12929,93.87114,1 kg herbicide active substance,1 kg fungicide active substance,1 kg insecticide active substance,herbicide,fungicide,pesticide_insecticide,2_chara;3_chara,6_chara;7_chara,4_chara;5_chara,,,,134.19457853130342,0.0,0.0,134.19457853130342
C3_2022,C3,2022,ha,Ozone depletion,kg CFC11 eq,1.4389907456,0.0,0.0,,,,1.47e-06,9.46e-07,1e-06,1 kg herbicide active substance,1 kg fungicide active substance,1 kg insecticide active substance,herbicide,fungicide,pesticide_insecticide,2_chara;3_chara,6_chara;7_chara,4_chara;5_chara,,,,2.1153163960319997e-06,0.0,0.0,2.1153163960319997e-06
C3_2022,C3,2022,ha,Particulate matter,disease inc.,1.4389907456,0.0,0.0,,,,2.7e-07,2.24e-07,2.41e-07,1 kg herbicide active substance,1 kg fungicide active substance,1 kg insecticide active substance,herbicide,fungicide,pesticide_insecticide,2_chara;3_chara,6_chara;7_chara,4_chara;5_chara,,,,3.88527501312e-07,0.0,0.0,3.88527501312e-07
C3_2022,C3,2022,ha,Photochemical ozone formation,kg NMVOC eq,1.4389907456,0.0,0.0,,,,0.02486,0.017891,0.019849,1 kg herbicide active substance,1 kg fungicide active substance,1 kg insecticide active substance,herbicide,fungicide,pesticide_insecticide,2_chara;3_chara,6_chara;7_chara,4_chara;5_chara,,,,0.035773309935616,0.0,0.0,0.035773309935616
C3_2022,C3,2022,ha,"Resource use, fossils",MJ,1.4389907456,0.0,0.0,,,,246.4021,173.2985,189.8419,1 kg herbicide active substance,1 kg fungicide active substance,1 kg insecticide active substance,herbicide,fungicide,pesticide_insecticide,2_chara;3_chara,6_chara;7_chara,4_chara;5_chara,,,,354.57034159640574,0.0,0.0,354.57034159640574
C3_2022,C3,2022,ha,"Resource use, minerals and metals",kg Sb eq,1.4389907456,0.0,0.0,,,,6.14e-05,4.6e-05,5.28e-05,1 kg herbicide active substance,1 kg fungicide active substance,1 kg insecticide active substance,herbicide,fungicide,pesticide_insecticide,2_chara;3_chara,6_chara;7_chara,4_chara;5_chara,,,,8.835403177984e-05,0.0,0.0,8.835403177984e-05
C3_2022,C3,2022,ha,Water use,m3 depriv.,1.4389907456,0.0,0.0,,,,1.924816,1.471827,1.666069,1 kg herbicide active substance,1 kg fungicide active substance,1 kg insecticide active substance,herbicide,fungicide,pesticide_insecticide,2_chara;3_chara,6_chara;7_chara,4_chara;5_chara,,,,2.76979241098281,0.0,0.0,2.76979241098281
C3_2023,C3,2023,ha,Acidification,mol H+ eq,0.4112269447,0.0,0.0416573109,,,,0.051857,0.038504,0.043223,1 kg herbicide active substance,1 kg fungicide active substance,1 kg insecticide active substance,herbicide,fungicide,pesticide_insecticide,2_chara;3_chara,6_chara;7_chara,4_chara;5_chara,,,,0.0213249956713079,0.0,0.0018005539490307,0.023125549620338602
C3_2023,C3,2023,ha,Climate change,kg CO2 eq,0.4112269447,0.0,0.0416573109,,,,13.6732,9.430276,10.25282,1 kg herbicide active substance,1 kg fungicide active substance,1 kg insecticide active substance,herbicide,fungicide,pesticide_insecticide,2_chara;3_chara,6_chara;7_chara,4_chara;5_chara,,,,5.622788260272039,0.0,0.42710491034173803,6.049893170613777
C3_2023,C3,2023,ha,Climate change - Biogenic,kg CO2 eq,0.4112269447,0.0,0.0416573109,,,,0.223944,0.214731,0.218857,1 kg herbicide active substance,1 kg fungicide active substance,1 kg insecticide active substance,herbicide,fungicide,pesticide_insecticide,2_chara;3_chara,6_chara;7_chara,4_chara;5_chara,,,,0.0920918069038968,0.0,0.0091169940916413,0.1012088009955381
C3_2023,C3,2023,ha,Climate change - Fossil,kg CO2 eq,0.4112269447,0.0,0.0416573109,,,,13.4338,9.203992,10.02068,1 kg herbicide active substance,1 kg fungicide active substance,1 kg insecticide active substance,herbicide,fungicide,pesticide_insecticide,2_chara;3_chara,6_chara;7_chara,4_chara;5_chara,,,,5.52434052971086,0.0,0.41743458218941204,5.941775111900272
C3_2023,C3,2023,ha,Climate change - Land use and LU change,kg CO2 eq,0.4112269447,0.0,0.0416573109,,,,0.015459,0.011552,0.013281,1 kg herbicide active substance,1 kg fungicide active substance,1 kg insecticide active substance,herbicide,fungicide,pesticide_insecticide,2_chara;3_chara,6_chara;7_chara,4_chara;5_chara,,,,0.0063571573381173,0.0,0.0005532507460629,0.0069104080841802
C3_2023,C3,2023,ha,"Ecotoxicity, freshwater",CTUe,0.4112269447,0.0,0.0416573109,,,,6433.9547999999995,16850.447900000003,2330477.7238,1 kg herbicide active substance,1 kg fungicide active substance,1 kg insecticide active substance,herbicide,fungicide,pesticide_insecticide,2_chara;3_chara,6_chara;7_chara,4_chara;5_chara,,,,2645.815574741899,0.0,97081.43508586093,99727.25066060282
C3_2023,C3,2023,ha,"Ecotoxicity, freshwater - inorganics",CTUe,0.4112269447,0.0,0.0416573109,,,,13.52104,8.955151,9.878709,1 kg herbicide active substance,1 kg fungicide active substance,1 kg insecticide active substance,herbicide,fungicide,pesticide_insecticide,2_chara;3_chara,6_chara;7_chara,4_chara;5_chara,,,,5.560215968366488,0.0,0.41152045210362814,5.9717364204701155
C3_2023,C3,2023,ha,"Ecotoxicity, freshwater - metals",CTUe,0.4112269447,0.0,0.0416573109,,,,232.3885,2837.0964000000004,215.5284,1 kg herbicide active substance,1 kg fungicide active substance,1 kg insecticide active substance,herbicide,fungicide,pesticide_insecticide,2_chara;3_chara,6_chara;7_chara,4_chara;5_chara,,,,95.56441283841595,0.0,8.978333566579561,104.54274640499551
C3_2023,C3,2023,ha,"Ecotoxicity, freshwater - organics",CTUe,0.4112269447,0.0,0.0416573109,,,,6188.0453,14004.389299999999,2330252.3167,1 kg herbicide active substance,1 kg fungicide active substance,1 kg insecticide active substance,herbicide,fungicide,pesticide_insecticide,2_chara;3_chara,6_chara;7_chara,4_chara;5_chara,,,,2544.690962384195,0.0,97072.04523221716,99616.73619460136
C3_2023,C3,2023,ha,"Eutrophication, freshwater",kg P eq,0.4112269447,0.0,0.0416573109,,,,0.006633,0.00503,0.005765,1 kg herbicide active substance,1 kg fungicide active substance,1 kg insecticide active substance,herbicide,fungicide,pesticide_insecticide,2_chara;3_chara,6_chara;7_chara,4_chara;5_chara,,,,0.0027276683241951,0.0,0.0002401543973385,0.0029678227215336
C3_2023,C3,2023,ha,"Eutrophication, marine",kg N eq,0.4112269447,0.0,0.0416573109,,,,0.012633,0.010401,0.011381,1 kg herbicide active substance,1 kg fungicide active substance,1 kg insecticide active substance,herbicide,fungicide,pesticide_insecticide,2_chara;3_chara,6_chara;7_chara,4_chara;5_chara,,,,0.0051950299923951,0.0,0.00047410185535290005,0.005669131847747999
C3_2023,C3,2023,ha,"Eutrophication, terrestrial",mol N eq,0.4112269447,0.0,0.0416573109,,,,0.091999,0.069061,0.076172,1 kg herbicide active substance,1 kg fungicide active substance,1 kg insecticide active substance,herbicide,fungicide,pesticide_insecticide,2_chara;3_chara,6_chara;7_chara,4_chara;5_chara,,,,0.0378324676854553,0.0,0.0031731206858748003,0.0410055883713301
C3_2023,C3,2023,ha,"Human toxicity, cancer",CTUh,0.4112269447,0.0,0.0416573109,,,,6.56e-09,7.28e-09,5.63e-09,1 kg herbicide active substance,1 kg fungicide active substance,1 kg insecticide active substance,herbicide,fungicide,pesticide_insecticide,2_chara;3_chara,6_chara;7_chara,4_chara;5_chara,,,,2.6976487572319997e-09,0.0,2.34530660367e-10,2.9321794175989995e-09
C3_2023,C3,2023,ha,"Human toxicity, cancer - inorganics",CTUh,0.4112269447,0.0,0.0416573109,,,,3.84e-20,4.02e-20,4.24e-20,1 kg herbicide active substance,1 kg fungicide active substance,1 kg insecticide active substance,herbicide,fungicide,pesticide_insecticide,2_chara;3_chara,6_chara;7_chara,4_chara;5_chara,,,,1.579111467648e-20,0.0,1.76626998216e-21,1.755738465864e-20
C3_2023,C3,2023,ha,"Human toxicity, cancer - metals",CTUh,0.4112269447,0.0,0.0416573109,,,,3.38e-09,2.79e-09,2.97e-09,1 kg herbicide active substance,1 kg fungicide active substance,1 kg insecticide active substance,herbicide,fungicide,pesticide_insecticide,2_chara;3_chara,6_chara;7_chara,4_chara;5_chara,,,,1.3899470730859999e-09,0.0,1.23722213373e-10,1.5136692864589998e-09
C3_2023,C3,2023,ha,"Human toxicity, cancer - organics",CTUh,0.4112269447,0.0,0.0416573109,,,,3.19e-09,4.49e-09,2.66e-09,1 kg herbicide active substance,1 kg fungicide active substance,1 kg insecticide active substance,herbicide,fungicide,pesticide_insecticide,2_chara;3_chara,6_chara;7_chara,4_chara;5_chara,,,,1.3118139535929999e-09,0.0,1.10808446994e-10,1.422622400587e-09
C3_2023,C3,2023,ha,"Human toxicity, non-cancer",CTUh,0.4112269447,0.0,0.0416573109,,,,8.28e-07,4.3090000000000003e-07,0.00017910999999999998,1 kg herbicide active substance,1 kg fungicide active substance,1 kg insecticide active substance,herbicide,fungicide,pesticide_insecticide,2_chara;3_chara,6_chara;7_chara,4_chara;5_chara,,,,3.4049591021159995e-07,0.0,7.4612409552989995e-06,7.801736865510599e-06
C3_2023,C3,2023,ha,"Human toxicity, non-cancer - inorganics",CTUh,0.4112269447,0.0,0.0416573109,,,,1.09e-08,8.28e-09,9.1e-09,1 kg herbicide active substance,1 kg fungicide active substance,1 kg insecticide active substance,herbicide,fungicide,pesticide_insecticide,2_chara;3_chara,6_chara;7_chara,4_chara;5_chara,,,,4.48237369723e-09,0.0,3.7908152919e-10,4.86145522642e-09
C3_2023,C3,2023,ha,"Human toxicity, non-cancer - metals",CTUh,0.4112269447,0.0,0.0416573109,,,,1e-07,1.057e-07,8.69e-08,1 kg herbicide active substance,1 kg fungicide active substance,1 kg insecticide active substance,herbicide,fungicide,pesticide_insecticide,2_chara;3_chara,6_chara;7_chara,4_chara;5_chara,,,,4.112269447e-08,0.0,3.6200203172100003e-09,4.474271478721e-08
C3_2023,C3,2023,ha,"Human toxicity, non-cancer - organics",CTUh,0.4112269447,0.0,0.0416573109,,,,7.179999999999999e-07,3.1770000000000005e-07,0.00017901459999999998,1 kg herbicide active substance,1 kg fungicide active substance,1 kg insecticide active substance,herbicide,fungicide,pesticide_insecticide,2_chara;3_chara,6_chara;7_chara,4_chara;5_chara,,,,2.9526094629459997e-07,0.0,7.457266847839139e-06,7.752527794133739e-06
C3_2023,C3,2023,ha,Ionising radiation,kBq U-235 eq,0.4112269447,0.0,0.0416573109,,,,3.967235,2.938444,3.373034,1 kg herbicide active substance,1 kg fungicide active substance,1 kg insecticide active substance,herbicide,fungicide,pesticide_insecticide,2_chara;3_chara,6_chara;7_chara,4_chara;5_chara,,,,1.6314339279569046,0.0,0.1405115260142706,1.7719454539711752
C3_2023,C3,2023,ha,Land use,Pt,0.4112269447,0.0,0.0416573109,,,,93.25604,87.12929,93.87114,1 kg herbicide active substance,1 kg fungicide active substance,1 kg insecticide active substance,herbicide,fungicide,pesticide_insecticide,2_chara;3_chara,6_chara;7_chara,4_chara;5_chara,,,,38.349396404020986,0.0,3.910419263517426,42.25981566753841
C3_2023,C3,2023,ha,Ozone depletion,kg CFC11 eq,0.4112269447,0.0,0.0416573109,,,,1.47e-06,9.46e-07,1e-06,1 kg herbicide active substance,1 kg fungicide active substance,1 kg insecticide active substance,herbicide,fungicide,pesticide_insecticide,2_chara;3_chara,6_chara;7_chara,4_chara;5_chara,,,,6.04503608709e-07,0.0,4.16573109e-08,6.46160919609e-07
C3_2023,C3,2023,ha,Particulate matter,disease inc.,0.4112269447,0.0,0.0416573109,,,,2.7e-07,2.24e-07,2.41e-07,1 kg herbicide active substance,1 kg fungicide active substance,1 kg insecticide active substance,herbicide,fungicide,pesticide_insecticide,2_chara;3_chara,6_chara;7_chara,4_chara;5_chara,,,,1.11031275069e-07,0.0,1.00394119269e-08,1.210706869959e-07
C3_2023,C3,2023,ha,Photochemical ozone formation,kg NMVOC eq,0.4112269447,0.0,0.0416573109,,,,0.02486,0.017891,0.019849,1 kg herbicide active substance,1 kg fungicide active substance,1 kg insecticide active substance,herbicide,fungicide,pesticide_insecticide,2_chara;3_chara,6_chara;7_chara,4_chara;5_chara,,,,0.010223101845242,0.0,0.0008268559640540999,0.0110499578092961
C3_2023,C3,2023,ha,"Resource use, fossils",MJ,0.4112269447,0.0,0.0416573109,,,,246.4021,173.2985,189.8419,1 kg herbicide active substance,1 kg fungicide active substance,1 kg insecticide active substance,herbicide,fungicide,pesticide_insecticide,2_chara;3_chara,6_chara;7_chara,4_chara;5_chara,,,,101.32718275066387,0.0,7.908303050146711,109.23548580081058
C3_2023,C3,2023,ha,"Resource use, minerals and metals",kg Sb eq,0.4112269447,0.0,0.0416573109,,,,6.14e-05,4.6e-05,5.28e-05,1 kg herbicide active substance,1 kg fungicide active substance,1 kg insecticide active substance,herbicide,fungicide,pesticide_insecticide,2_chara;3_chara,6_chara;7_chara,4_chara;5_chara,,,,2.524933440458e-05,0.0,2.19950601552e-06,2.74488404201e-05
C3_2023,C3,2023,ha,Water use,m3 depriv.,0.4112269447,0.0,0.0416573109,,,,1.924816,1.471827,1.666069,1 kg herbicide active substance,1 kg fungicide active substance,1 kg insecticide active substance,herbicide,fungicide,pesticide_insecticide,2_chara;3_chara,6_chara;7_chara,4_chara;5_chara,,,,0.7915362027896752,0.0,0.0694039543138521,0.8609401571035273
C3_2024,C3,2024,ha,Acidification,mol H+ eq,0.453942796,0.0445513677,0.0,,,,0.051857,0.038504,0.043223,1 kg herbicide active substance,1 kg fungicide active substance,1 kg insecticide active substance,herbicide,fungicide,pesticide_insecticide,2_chara;3_chara,6_chara;7_chara,4_chara;5_chara,,,,0.023540111572172,0.0017154058619207996,0.0,0.025255517434092798
C3_2024,C3,2024,ha,Climate change,kg CO2 eq,0.453942796,0.0445513677,0.0,,,,13.6732,9.430276,10.25282,1 kg herbicide active substance,1 kg fungicide active substance,1 kg insecticide active substance,herbicide,fungicide,pesticide_insecticide,2_chara;3_chara,6_chara;7_chara,4_chara;5_chara,,,,6.206850638267199,0.4201316935884851,0.0,6.626982331855684
C3_2024,C3,2024,ha,Climate change - Biogenic,kg CO2 eq,0.453942796,0.0445513677,0.0,,,,0.223944,0.214731,0.218857,1 kg herbicide active substance,1 kg fungicide active substance,1 kg insecticide active substance,herbicide,fungicide,pesticide_insecticide,2_chara;3_chara,6_chara;7_chara,4_chara;5_chara,,,,0.101657765507424,0.009566559737588699,0.0,0.1112243252450127
C3_2024,C3,2024,ha,Climate change - Fossil,kg CO2 eq,0.453942796,0.0445513677,0.0,,,,13.4338,9.203992,10.02068,1 kg herbicide active substance,1 kg fungicide active substance,1 kg insecticide active substance,herbicide,fungicide,pesticide_insecticide,2_chara;3_chara,6_chara;7_chara,4_chara;5_chara,,,,6.0981767329048,0.41005043189985835,0.0,6.508227164804658
C3_2024,C3,2024,ha,Climate change - Land use and LU change,kg CO2 eq,0.453942796,0.0445513677,0.0,,,,0.015459,0.011552,0.013281,1 kg herbicide active substance,1 kg fungicide active substance,1 kg insecticide active substance,herbicide,fungicide,pesticide_insecticide,2_chara;3_chara,6_chara;7_chara,4_chara;5_chara,,,,0.007017501683364,0.0005146573996703999,0.0,0.0075321590830344
C3_2024,C3,2024,ha,"Ecotoxicity, freshwater",CTUe,0.453942796,0.0445513677,0.0,,,,6433.9547999999995,16850.447900000003,2330477.7238,1 kg herbicide active substance,1 kg fungicide active substance,1 kg insecticide active substance,herbicide,fungicide,pesticide_insecticide,2_chara;3_chara,6_chara;7_chara,4_chara;5_chara,,,,2920.6474312496202,750.7105003025929,0.0,3671.357931552213
C3_2024,C3,2024,ha,"Ecotoxicity, freshwater - inorganics",CTUe,0.453942796,0.0445513677,0.0,,,,13.52104,8.955151,9.878709,1 kg herbicide active substance,1 kg fungicide active substance,1 kg insecticide active substance,herbicide,fungicide,pesticide_insecticide,2_chara;3_chara,6_chara;7_chara,4_chara;5_chara,,,,6.137778702427839,0.3989642250100227,0.0,6.536742927437862
C3_2024,C3,2024,ha,"Ecotoxicity, freshwater - metals",CTUe,0.453942796,0.0445513677,0.0,,,,232.3885,2837.0964000000004,215.5284,1 kg herbicide active substance,1 kg fungicide active substance,1 kg insecticide active substance,herbicide,fungicide,pesticide_insecticide,2_chara;3_chara,6_chara;7_chara,4_chara;5_chara,,,,105.491085448246,126.39652491674629,0.0,231.88761036499227
C3_2024,C3,2024,ha,"Ecotoxicity, freshwater - organics",CTUe,0.453942796,0.0445513677,0.0,,,,6188.0453,14004.389299999999,2330252.3167,1 kg herbicide active substance,1 kg fungicide active substance,1 kg insecticide active substance,herbicide,fungicide,pesticide_insecticide,2_chara;3_chara,6_chara;7_chara,4_chara;5_chara,,,,2809.0185852566588,623.9146971182455,0.0,3432.933282374904
C3_2024,C3,2024,ha,"Eutrophication, freshwater",kg P eq,0.453942796,0.0445513677,0.0,,,,0.006633,0.00503,0.005765,1 kg herbicide active substance,1 kg fungicide active substance,1 kg insecticide active substance,herbicide,fungicide,pesticide_insecticide,2_chara;3_chara,6_chara;7_chara,4_chara;5_chara,,,,0.003011002565868,0.00022409337953099997,0.0,0.003235095945399
C3_2024,C3,2024,ha,"Eutrophication, marine",kg N eq,0.453942796,0.0445513677,0.0,,,,0.012633,0.010401,0.011381,1 kg herbicide active substance,1 kg fungicide active substance,1 kg insecticide active substance,herbicide,fungicide,pesticide_insecticide,2_chara;3_chara,6_chara;7_chara,4_chara;5_chara,,,,0.005734659341868,0.0004633787754477,0.0,0.0061980381173157
C3_2024,C3,2024,ha,"Eutrophication, terrestrial",mol N eq,0.453942796,0.0445513677,0.0,,,,0.091999,0.069061,0.076172,1 kg herbicide active substance,1 kg fungicide active substance,1 kg insecticide active substance,herbicide,fungicide,pesticide_insecticide,2_chara;3_chara,6_chara;7_chara,4_chara;5_chara,,,,0.041762283289204,0.0030767620047296995,0.0,0.0448390452939337
C3_2024,C3,2024,ha,"Human toxicity, cancer",CTUh,0.453942796,0.0445513677,0.0,,,,6.56e-09,7.28e-09,5.63e-09,1 kg herbicide active substance,1 kg fungicide active substance,1 kg insecticide active substance,herbicide,fungicide,pesticide_insecticide,2_chara;3_chara,6_chara;7_chara,4_chara;5_chara,,,,2.9778647417599995e-09,3.24333956856e-10,0.0,3.3021986986159995e-09
C3_2024,C3,2024,ha,"Human toxicity, cancer - inorganics",CTUh,0.453942796,0.0445513677,0.0,,,,3.84e-20,4.02e-20,4.24e-20,1 kg herbicide active substance,1 kg fungicide active substance,1 kg insecticide active substance,herbicide,fungicide,pesticide_insecticide,2_chara;3_chara,6_chara;7_chara,4_chara;5_chara,,,,1.7431403366399997e-20,1.79096498154e-21,0.0,1.9222368347939998e-20
C3_2024,C3,2024,ha,"Human toxicity, cancer - metals",CTUh,0.453942796,0.0445513677,0.0,,,,3.38e-09,2.79e-09,2.97e-09,1 kg herbicide active substance,1 kg fungicide active substance,1 kg insecticide active substance,herbicide,fungicide,pesticide_insecticide,2_chara;3_chara,6_chara;7_chara,4_chara;5_chara,,,,1.5343266504799999e-09,1.24298315883e-10,0.0,1.6586249663629998e-09
C3_2024,C3,2024,ha,"Human toxicity, cancer - organics",CTUh,0.453942796,0.0445513677,0.0,,,,3.19e-09,4.49e-09,2.66e-09,1 kg herbicide active substance,1 kg fungicide active substance,1 kg insecticide active substance,herbicide,fungicide,pesticide_insecticide,2_chara;3_chara,6_chara;7_chara,4_chara;5_chara,,,,1.4480775192399998e-09,2.00035640973e-10,0.0,1.6481131602129999e-09
C3_2024,C3,2024,ha,"Human toxicity, non-cancer",CTUh,0.453942796,0.0445513677,0.0,,,,8.28e-07,4.3090000000000003e-07,0.00017910999999999998,1 kg herbicide active substance,1 kg fungicide active substance,1 kg insecticide active substance,herbicide,fungicide,pesticide_insecticide,2_chara;3_chara,6_chara;7_chara,4_chara;5_chara,,,,3.7586463508799996e-07,1.919718434193e-08,0.0,3.9506181942992997e-07
C3_2024,C3,2024,ha,"Human toxicity, non-cancer - inorganics",CTUh,0.453942796,0.0445513677,0.0,,,,1.09e-08,8.28e-09,9.1e-09,1 kg herbicide active substance,1 kg fungicide active substance,1 kg insecticide active substance,herbicide,fungicide,pesticide_insecticide,2_chara;3_chara,6_chara;7_chara,4_chara;5_chara,,,,4.9479764764e-09,3.68885324556e-10,0.0,5.316861800956e-09
C3_2024,C3,2024,ha,"Human toxicity, non-cancer - metals",CTUh,0.453942796,0.0445513677,0.0,,,,1e-07,1.057e-07,8.69e-08,1 kg herbicide active substance,1 kg fungicide active substance,1 kg insecticide active substance,herbicide,fungicide,pesticide_insecticide,2_chara;3_chara,6_chara;7_chara,4_chara;5_chara,,,,4.53942796e-08,4.70907956589e-09,0.0,5.010335916589e-08
C3_2024,C3,2024,ha,"Human toxicity, non-cancer - organics",CTUh,0.453942796,0.0445513677,0.0,,,,7.179999999999999e-07,3.1770000000000005e-07,0.00017901459999999998,1 kg herbicide active substance,1 kg fungicide active substance,1 kg insecticide active substance,herbicide,fungicide,pesticide_insecticide,2_chara;3_chara,6_chara;7_chara,4_chara;5_chara,,,,3.25930927528e-07,1.4153969518290001e-08,0.0,3.4008489704628997e-07
C3_2024,C3,2024,ha,Ionising radiation,kBq U-235 eq,0.453942796,0.0445513677,0.0,,,,3.967235,2.938444,3.373034,1 kg herbicide active substance,1 kg fungicide active substance,1 kg insecticide active substance,herbicide,fungicide,pesticide_insecticide,2_chara;3_chara,6_chara;7_chara,4_chara;5_chara,,,,1.80089774828906,0.13091169910985878,0.0,1.9318094473989187
C3_2024,C3,2024,ha,Land use,Pt,0.453942796,0.0445513677,0.0,,,,93.25604,87.12929,93.87114,1 kg herbicide active substance,1 kg fungicide active substance,1 kg insecticide active substance,herbicide,fungicide,pesticide_insecticide,2_chara;3_chara,6_chara;7_chara,4_chara;5_chara,,,,42.332907541487835,3.881729036229933,0.0,46.21463657771777
C3_2024,C3,2024,ha,Ozone depletion,kg CFC11 eq,0.453942796,0.0445513677,0.0,,,,1.47e-06,9.46e-07,1e-06,1 kg herbicide active substance,1 kg fungicide active substance,1 kg insecticide active substance,herbicide,fungicide,pesticide_insecticide,2_chara;3_chara,6_chara;7_chara,4_chara;5_chara,,,,6.672959101199999e-07,4.21455938442e-08,0.0,7.094415039642e-07
C3_2024,C3,2024,ha,Particulate matter,disease inc.,0.453942796,0.0445513677,0.0,,,,2.7e-07,2.24e-07,2.41e-07,1 kg herbicide active substance,1 kg fungicide active substance,1 kg insecticide active substance,herbicide,fungicide,pesticide_insecticide,2_chara;3_chara,6_chara;7_chara,4_chara;5_chara,,,,1.2256455492e-07,9.9795063648e-09,0.0,1.3254406128480001e-07
C3_2024,C3,2024,ha,Photochemical ozone formation,kg NMVOC eq,0.453942796,0.0445513677,0.0,,,,0.02486,0.017891,0.019849,1 kg herbicide active substance,1 kg fungicide active substance,1 kg insecticide active substance,herbicide,fungicide,pesticide_insecticide,2_chara;3_chara,6_chara;7_chara,4_chara;5_chara,,,,0.01128501790856,0.0007970685195207,0.0,0.0120820864280807
C3_2024,C3,2024,ha,"Resource use, fossils",MJ,0.453942796,0.0445513677,0.0,,,,246.4021,173.2985,189.8419,1 kg herbicide active substance,1 kg fungicide active substance,1 kg insecticide active substance,herbicide,fungicide,pesticide_insecticide,2_chara;3_chara,6_chara;7_chara,4_chara;5_chara,,,,111.85245821427159,7.720685195358449,0.0,119.57314340963003
C3_2024,C3,2024,ha,"Resource use, minerals and metals",kg Sb eq,0.453942796,0.0445513677,0.0,,,,6.14e-05,4.6e-05,5.28e-05,1 kg herbicide active substance,1 kg fungicide active substance,1 kg insecticide active substance,herbicide,fungicide,pesticide_insecticide,2_chara;3_chara,6_chara;7_chara,4_chara;5_chara,,,,2.78720876744e-05,2.0493629142e-06,0.0,2.99214505886e-05
C3_2024,C3,2024,ha,Water use,m3 depriv.,0.453942796,0.0445513677,0.0,,,,1.924816,1.471827,1.666069,1 kg herbicide active substance,1 kg fungicide active substance,1 kg insecticide active substance,herbicide,fungicide,pesticide_insecticide,2_chara;3_chara,6_chara;7_chara,4_chara;5_chara,,,,0.873756356825536,0.0655719058677879,0.0,0.9393282626933239
C4_2022,C4,2022,ha,Acidification,mol H+ eq,2.7279571599,0.0,0.0,,,,0.051857,0.038504,0.043223,1 kg herbicide active substance,1 kg fungicide active substance,1 kg insecticide active substance,herbicide,fungicide,pesticide_insecticide,2_chara;3_chara,6_chara;7_chara,4_chara;5_chara,,,,0.1414636744409343,0.0,0.0,0.1414636744409343
C4_2022,C4,2022,ha,Climate change,kg CO2 eq,2.7279571599,0.0,0.0,,,,13.6732,9.430276,10.25282,1 kg herbicide active substance,1 kg fungicide active substance,1 kg insecticide active substance,herbicide,fungicide,pesticide_insecticide,2_chara;3_chara,6_chara;7_chara,4_chara;5_chara,,,,37.299903838744676,0.0,0.0,37.299903838744676
C4_2022,C4,2022,ha,Climate change - Biogenic,kg CO2 eq,2.7279571599,0.0,0.0,,,,0.223944,0.214731,0.218857,1 kg herbicide active substance,1 kg fungicide active substance,1 kg insecticide active substance,herbicide,fungicide,pesticide_insecticide,2_chara;3_chara,6_chara;7_chara,4_chara;5_chara,,,,0.6109096382166456,0.0,0.0,0.6109096382166456
C4_2022,C4,2022,ha,Climate change - Fossil,kg CO2 eq,2.7279571599,0.0,0.0,,,,13.4338,9.203992,10.02068,1 kg herbicide active substance,1 kg fungicide active substance,1 kg insecticide active substance,herbicide,fungicide,pesticide_insecticide,2_chara;3_chara,6_chara;7_chara,4_chara;5_chara,,,,36.64683089466462,0.0,0.0,36.64683089466462
C4_2022,C4,2022,ha,Climate change - Land use and LU change,kg CO2 eq,2.7279571599,0.0,0.0,,,,0.015459,0.011552,0.013281,1 kg herbicide active substance,1 kg fungicide active substance,1 kg insecticide active substance,herbicide,fungicide,pesticide_insecticide,2_chara;3_chara,6_chara;7_chara,4_chara;5_chara,,,,0.042171489734894096,0.0,0.0,0.042171489734894096
C4_2022,C4,2022,ha,"Ecotoxicity, freshwater",CTUe,2.7279571599,0.0,0.0,,,,6433.9547999999995,16850.447900000003,2330477.7238,1 kg herbicide active substance,1 kg fungicide active substance,1 kg insecticide active substance,herbicide,fungicide,pesticide_insecticide,2_chara;3_chara,6_chara;7_chara,4_chara;5_chara,,,,17551.55306313297,0.0,0.0,17551.55306313297
C4_2022,C4,2022,ha,"Ecotoxicity, freshwater - inorganics",CTUe,2.7279571599,0.0,0.0,,,,13.52104,8.955151,9.878709,1 kg herbicide active substance,1 kg fungicide active substance,1 kg insecticide active substance,herbicide,fungicide,pesticide_insecticide,2_chara;3_chara,6_chara;7_chara,4_chara;5_chara,,,,36.884817877294296,0.0,0.0,36.884817877294296
C4_2022,C4,2022,ha,"Ecotoxicity, freshwater - metals",CTUe,2.7279571599,0.0,0.0,,,,232.3885,2837.0964000000004,215.5284,1 kg herbicide active substance,1 kg fungicide active substance,1 kg insecticide active substance,herbicide,fungicide,pesticide_insecticide,2_chara;3_chara,6_chara;7_chara,4_chara;5_chara,,,,633.9458724534211,0.0,0.0,633.9458724534211
C4_2022,C4,2022,ha,"Ecotoxicity, freshwater - organics",CTUe,2.7279571599,0.0,0.0,,,,6188.0453,14004.389299999999,2330252.3167,1 kg herbicide active substance,1 kg fungicide active substance,1 kg insecticide active substance,herbicide,fungicide,pesticide_insecticide,2_chara;3_chara,6_chara;7_chara,4_chara;5_chara,,,,16880.72248192054,0.0,0.0,16880.72248192054
C4_2022,C4,2022,ha,"Eutrophication, freshwater",kg P eq,2.7279571599,0.0,0.0,,,,0.006633,0.00503,0.005765,1 kg herbicide active substance,1 kg fungicide active substance,1 kg insecticide active substance,herbicide,fungicide,pesticide_insecticide,2_chara;3_chara,6_chara;7_chara,4_chara;5_chara,,,,0.0180945398416167,0.0,0.0,0.0180945398416167
C4_2022,C4,2022,ha,"Eutrophication, marine",kg N eq,2.7279571599,0.0,0.0,,,,0.012633,0.010401,0.011381,1 kg herbicide active substance,1 kg fungicide active substance,1 kg insecticide active substance,herbicide,fungicide,pesticide_insecticide,2_chara;3_chara,6_chara;7_chara,4_chara;5_chara,,,,0.0344622828010167,0.0,0.0,0.0344622828010167
C4_2022,C4,2022,ha,"Eutrophication, terrestrial",mol N eq,2.7279571599,0.0,0.0,,,,0.091999,0.069061,0.076172,1 kg herbicide active substance,1 kg fungicide active substance,1 kg insecticide active substance,herbicide,fungicide,pesticide_insecticide,2_chara;3_chara,6_chara;7_chara,4_chara;5_chara,,,,0.2509693307536401,0.0,0.0,0.2509693307536401
C4_2022,C4,2022,ha,"Human toxicity, cancer",CTUh,2.7279571599,0.0,0.0,,,,6.56e-09,7.28e-09,5.63e-09,1 kg herbicide active substance,1 kg fungicide active substance,1 kg insecticide active substance,herbicide,fungicide,pesticide_insecticide,2_chara;3_chara,6_chara;7_chara,4_chara;5_chara,,,,1.7895398968943997e-08,0.0,0.0,1.7895398968943997e-08
C4_2022,C4,2022,ha,"Human toxicity, cancer - inorganics",CTUh,2.7279571599,0.0,0.0,,,,3.84e-20,4.02e-20,4.24e-20,1 kg herbicide active substance,1 kg fungicide active substance,1 kg insecticide active substance,herbicide,fungicide,pesticide_insecticide,2_chara;3_chara,6_chara;7_chara,4_chara;5_chara,,,,1.0475355494015999e-19,0.0,0.0,1.0475355494015999e-19
C4_2022,C4,2022,ha,"Human toxicity, cancer - metals",CTUh,2.7279571599,0.0,0.0,,,,3.38e-09,2.79e-09,2.97e-09,1 kg herbicide active substance,1 kg fungicide active substance,1 kg insecticide active substance,herbicide,fungicide,pesticide_insecticide,2_chara;3_chara,6_chara;7_chara,4_chara;5_chara,,,,9.220495200462e-09,0.0,0.0,9.220495200462e-09
C4_2022,C4,2022,ha,"Human toxicity, cancer - organics",CTUh,2.7279571599,0.0,0.0,,,,3.19e-09,4.49e-09,2.66e-09,1 kg herbicide active substance,1 kg fungicide active substance,1 kg insecticide active substance,herbicide,fungicide,pesticide_insecticide,2_chara;3_chara,6_chara;7_chara,4_chara;5_chara,,,,8.702183340081e-09,0.0,0.0,8.702183340081e-09
C4_2022,C4,2022,ha,"Human toxicity, non-cancer",CTUh,2.7279571599,0.0,0.0,,,,8.28e-07,4.3090000000000003e-07,0.00017910999999999998,1 kg herbicide active substance,1 kg fungicide active substance,1 kg insecticide active substance,herbicide,fungicide,pesticide_insecticide,2_chara;3_chara,6_chara;7_chara,4_chara;5_chara,,,,2.2587485283972e-06,0.0,0.0,2.2587485283972e-06
C4_2022,C4,2022,ha,"Human toxicity, non-cancer - inorganics",CTUh,2.7279571599,0.0,0.0,,,,1.09e-08,8.28e-09,9.1e-09,1 kg herbicide active substance,1 kg fungicide active substance,1 kg insecticide active substance,herbicide,fungicide,pesticide_insecticide,2_chara;3_chara,6_chara;7_chara,4_chara;5_chara,,,,2.973473304291e-08,0.0,0.0,2.973473304291e-08
C4_2022,C4,2022,ha,"Human toxicity, non-cancer - metals",CTUh,2.7279571599,0.0,0.0,,,,1e-07,1.057e-07,8.69e-08,1 kg herbicide active substance,1 kg fungicide active substance,1 kg insecticide active substance,herbicide,fungicide,pesticide_insecticide,2_chara;3_chara,6_chara;7_chara,4_chara;5_chara,,,,2.7279571598999996e-07,0.0,0.0,2.7279571598999996e-07
C4_2022,C4,2022,ha,"Human toxicity, non-cancer - organics",CTUh,2.7279571599,0.0,0.0,,,,7.179999999999999e-07,3.1770000000000005e-07,0.00017901459999999998,1 kg herbicide active substance,1 kg fungicide active substance,1 kg insecticide active substance,herbicide,fungicide,pesticide_insecticide,2_chara;3_chara,6_chara;7_chara,4_chara;5_chara,,,,1.9586732408081998e-06,0.0,0.0,1.9586732408081998e-06
C4_2022,C4,2022,ha,Ionising radiation,kBq U-235 eq,2.7279571599,0.0,0.0,,,,3.967235,2.938444,3.373034,1 kg herbicide active substance,1 kg fungicide active substance,1 kg insecticide active substance,herbicide,fungicide,pesticide_insecticide,2_chara;3_chara,6_chara;7_chara,4_chara;5_chara,,,,10.822447123255877,0.0,0.0,10.822447123255877
C4_2022,C4,2022,ha,Land use,Pt,2.7279571599,0.0,0.0,,,,93.25604,87.12929,93.87114,1 kg herbicide active substance,1 kg fungicide active substance,1 kg insecticide active substance,herbicide,fungicide,pesticide_insecticide,2_chara;3_chara,6_chara;7_chara,4_chara;5_chara,,,,254.39848202192078,0.0,0.0,254.39848202192078
C4_2022,C4,2022,ha,Ozone depletion,kg CFC11 eq,2.7279571599,0.0,0.0,,,,1.47e-06,9.46e-07,1e-06,1 kg herbicide active substance,1 kg fungicide active substance,1 kg insecticide active substance,herbicide,fungicide,pesticide_insecticide,2_chara;3_chara,6_chara;7_chara,4_chara;5_chara,,,,4.010097025052999e-06,0.0,0.0,4.010097025052999e-06
C4_2022,C4,2022,ha,Particulate matter,disease inc.,2.7279571599,0.0,0.0,,,,2.7e-07,2.24e-07,2.41e-07,1 kg herbicide active substance,1 kg fungicide active substance,1 kg insecticide active substance,herbicide,fungicide,pesticide_insecticide,2_chara;3_chara,6_chara;7_chara,4_chara;5_chara,,,,7.36548433173e-07,0.0,0.0,7.36548433173e-07
C4_2022,C4,2022,ha,Photochemical ozone formation,kg NMVOC eq,2.7279571599,0.0,0.0,,,,0.02486,0.017891,0.019849,1 kg herbicide active substance,1 kg fungicide active substance,1 kg insecticide active substance,herbicide,fungicide,pesticide_insecticide,2_chara;3_chara,6_chara;7_chara,4_chara;5_chara,,,,0.067817014995114,0.0,0.0,0.067817014995114
C4_2022,C4,2022,ha,"Resource use, fossils",MJ,2.7279571599,0.0,0.0,,,,246.4021,173.2985,189.8419,1 kg herbicide active substance,1 kg fungicide active substance,1 kg insecticide active substance,herbicide,fungicide,pesticide_insecticide,2_chara;3_chara,6_chara;7_chara,4_chara;5_chara,,,,672.1743729093957,0.0,0.0,672.1743729093957
C4_2022,C4,2022,ha,"Resource use, minerals and metals",kg Sb eq,2.7279571599,0.0,0.0,,,,6.14e-05,4.6e-05,5.28e-05,1 kg herbicide active substance,1 kg fungicide active substance,1 kg insecticide active substance,herbicide,fungicide,pesticide_insecticide,2_chara;3_chara,6_chara;7_chara,4_chara;5_chara,,,,0.00016749656961785998,0.0,0.0,0.00016749656961785998
C4_2022,C4,2022,ha,Water use,m3 depriv.,2.7279571599,0.0,0.0,,,,1.924816,1.471827,1.666069,1 kg herbicide active substance,1 kg fungicide active substance,1 kg insecticide active substance,herbicide,fungicide,pesticide_insecticide,2_chara;3_chara,6_chara;7_chara,4_chara;5_chara,,,,5.250815588690078,0.0,0.0,5.250815588690078
C4_2023,C4,2023,ha,Acidification,mol H+ eq,0.2584563758,0.0,0.1304697987,,,,0.051857,0.038504,0.043223,1 kg herbicide active substance,1 kg fungicide active substance,1 kg insecticide active substance,herbicide,fungicide,pesticide_insecticide,2_chara;3_chara,6_chara;7_chara,4_chara;5_chara,,,,0.013402772279860602,0.0,0.0056392961092100995,0.0190420683890707
C4_2023,C4,2023,ha,Climate change,kg CO2 eq,0.2584563758,0.0,0.1304697987,,,,13.6732,9.430276,10.25282,1 kg herbicide active substance,1 kg fungicide active substance,1 kg insecticide active substance,herbicide,fungicide,pesticide_insecticide,2_chara;3_chara,6_chara;7_chara,4_chara;5_chara,,,,3.53392571758856,0.0,1.337683361507334,4.871609079095894
C4_2023,C4,2023,ha,Climate change - Biogenic,kg CO2 eq,0.2584563758,0.0,0.1304697987,,,,0.223944,0.214731,0.218857,1 kg herbicide active substance,1 kg fungicide active substance,1 kg insecticide active substance,herbicide,fungicide,pesticide_insecticide,2_chara;3_chara,6_chara;7_chara,4_chara;5_chara,,,,0.05787975462215521,0.0,0.0285542287340859,0.08643398335624111
C4_2023,C4,2023,ha,Climate change - Fossil,kg CO2 eq,0.2584563758,0.0,0.1304697987,,,,13.4338,9.203992,10.02068,1 kg herbicide active substance,1 kg fungicide active substance,1 kg insecticide active substance,herbicide,fungicide,pesticide_insecticide,2_chara;3_chara,6_chara;7_chara,4_chara;5_chara,,,,3.4720512612220404,0.0,1.3073961024371161,4.779447363659156
C4_2023,C4,2023,ha,Climate change - Land use and LU change,kg CO2 eq,0.2584563758,0.0,0.1304697987,,,,0.015459,0.011552,0.013281,1 kg herbicide active substance,1 kg fungicide active substance,1 kg insecticide active substance,herbicide,fungicide,pesticide_insecticide,2_chara;3_chara,6_chara;7_chara,4_chara;5_chara,,,,0.003995477113492201,0.0,0.0017327693965347,0.0057282465100269
C4_2023,C4,2023,ha,"Ecotoxicity, freshwater",CTUe,0.2584563758,0.0,0.1304697987,,,,6433.9547999999995,16850.447900000003,2330477.7238,1 kg herbicide active substance,1 kg fungicide active substance,1 kg insecticide active substance,herbicide,fungicide,pesticide_insecticide,2_chara;3_chara,6_chara;7_chara,4_chara;5_chara,,,,1662.896639669014,0.0,304056.9594990202,305719.8561386892
C4_2023,C4,2023,ha,"Ecotoxicity, freshwater - inorganics",CTUe,0.2584563758,0.0,0.1304697987,,,,13.52104,8.955151,9.878709,1 kg herbicide active substance,1 kg fungicide active substance,1 kg insecticide active substance,herbicide,fungicide,pesticide_insecticide,2_chara;3_chara,6_chara;7_chara,4_chara;5_chara,,,,3.4945989954468324,0.0,1.2888731746458784,4.783472170092711
C4_2023,C4,2023,ha,"Ecotoxicity, freshwater - metals",CTUe,0.2584563758,0.0,0.1304697987,,,,232.3885,2837.0964000000004,215.5284,1 kg herbicide active substance,1 kg fungicide active substance,1 kg insecticide active substance,herbicide,fungicide,pesticide_insecticide,2_chara;3_chara,6_chara;7_chara,4_chara;5_chara,,,,60.062289487598306,0.0,28.11994696213308,88.18223644973139
C4_2023,C4,2023,ha,"Ecotoxicity, freshwater - organics",CTUe,0.2584563758,0.0,0.1304697987,,,,6188.0453,14004.389299999999,2330252.3167,1 kg herbicide active substance,1 kg fungicide active substance,1 kg insecticide active substance,herbicide,fungicide,pesticide_insecticide,2_chara;3_chara,6_chara;7_chara,4_chara;5_chara,,,,1599.3397615242238,0.0,304027.5506800576,305626.89044158184
C4_2023,C4,2023,ha,"Eutrophication, freshwater",kg P eq,0.2584563758,0.0,0.1304697987,,,,0.006633,0.00503,0.005765,1 kg herbicide active substance,1 kg fungicide active substance,1 kg insecticide active substance,herbicide,fungicide,pesticide_insecticide,2_chara;3_chara,6_chara;7_chara,4_chara;5_chara,,,,0.0017143411406814002,0.0,0.0007521583895055001,0.0024664995301869
C4_2023,C4,2023,ha,"Eutrophication, marine",kg N eq,0.2584563758,0.0,0.1304697987,,,,0.012633,0.010401,0.011381,1 kg herbicide active substance,1 kg fungicide active substance,1 kg insecticide active substance,herbicide,fungicide,pesticide_insecticide,2_chara;3_chara,6_chara;7_chara,4_chara;5_chara,,,,0.0032650793954814004,0.0,0.0014848767790047001,0.0047499561744861005
C4_2023,C4,2023,ha,"Eutrophication, terrestrial",mol N eq,0.2584563758,0.0,0.1304697987,,,,0.091999,0.069061,0.076172,1 kg herbicide active substance,1 kg fungicide active substance,1 kg insecticide active substance,herbicide,fungicide,pesticide_insecticide,2_chara;3_chara,6_chara;7_chara,4_chara;5_chara,,,,0.0237777281172242,0.0,0.009938145506576401,0.0337158736238006
C4_2023,C4,2023,ha,"Human toxicity, cancer",CTUh,0.2584563758,0.0,0.1304697987,,,,6.56e-09,7.28e-09,5.63e-09,1 kg herbicide active substance,1 kg fungicide active substance,1 kg insecticide active substance,herbicide,fungicide,pesticide_insecticide,2_chara;3_chara,6_chara;7_chara,4_chara;5_chara,,,,1.695473825248e-09,0.0,7.34544966681e-10,2.430018791929e-09
C4_2023,C4,2023,ha,"Human toxicity, cancer - inorganics",CTUh,0.2584563758,0.0,0.1304697987,,,,3.84e-20,4.02e-20,4.24e-20,1 kg herbicide active substance,1 kg fungicide active substance,1 kg insecticide active substance,herbicide,fungicide,pesticide_insecticide,2_chara;3_chara,6_chara;7_chara,4_chara;5_chara,,,,9.924724830720001e-21,0.0,5.53191946488e-21,1.5456644295600002e-20
C4_2023,C4,2023,ha,"Human toxicity, cancer - metals",CTUh,0.2584563758,0.0,0.1304697987,,,,3.38e-09,2.79e-09,2.97e-09,1 kg herbicide active substance,1 kg fungicide active substance,1 kg insecticide active substance,herbicide,fungicide,pesticide_insecticide,2_chara;3_chara,6_chara;7_chara,4_chara;5_chara,,,,8.735825502040001e-10,0.0,3.87495302139e-10,1.2610778523430001e-09
C4_2023,C4,2023,ha,"Human toxicity, cancer - organics",CTUh,0.2584563758,0.0,0.1304697987,,,,3.19e-09,4.49e-09,2.66e-09,1 kg herbicide active substance,1 kg fungicide active substance,1 kg insecticide active substance,herbicide,fungicide,pesticide_insecticide,2_chara;3_chara,6_chara;7_chara,4_chara;5_chara,,,,8.244758388020001e-10,0.0,3.47049664542e-10,1.171525503344e-09
C4_2023,C4,2023,ha,"Human toxicity, non-cancer",CTUh,0.2584563758,0.0,0.1304697987,,,,8.28e-07,4.3090000000000003e-07,0.00017910999999999998,1 kg herbicide active substance,1 kg fungicide active substance,1 kg insecticide active substance,herbicide,fungicide,pesticide_insecticide,2_chara;3_chara,6_chara;7_chara,4_chara;5_chara,,,,2.140018791624e-07,0.0,2.3368445645156998e-05,2.3582447524319396e-05
C4_2023,C4,2023,ha,"Human toxicity, non-cancer - inorganics",CTUh,0.2584563758,0.0,0.1304697987,,,,1.09e-08,8.28e-09,9.1e-09,1 kg herbicide active substance,1 kg fungicide active substance,1 kg insecticide active substance,herbicide,fungicide,pesticide_insecticide,2_chara;3_chara,6_chara;7_chara,4_chara;5_chara,,,,2.8171744962200004e-09,0.0,1.18727516817e-09,4.0044496643900004e-09
C4_2023,C4,2023,ha,"Human toxicity, non-cancer - metals",CTUh,0.2584563758,0.0,0.1304697987,,,,1e-07,1.057e-07,8.69e-08,1 kg herbicide active substance,1 kg fungicide active substance,1 kg insecticide active substance,herbicide,fungicide,pesticide_insecticide,2_chara;3_chara,6_chara;7_chara,4_chara;5_chara,,,,2.5845637580000003e-08,0.0,1.133782550703e-08,3.718346308703e-08
C4_2023,C4,2023,ha,"Human toxicity, non-cancer - organics",CTUh,0.2584563758,0.0,0.1304697987,,,,7.179999999999999e-07,3.1770000000000005e-07,0.00017901459999999998,1 kg herbicide active substance,1 kg fungicide active substance,1 kg insecticide active substance,herbicide,fungicide,pesticide_insecticide,2_chara;3_chara,6_chara;7_chara,4_chara;5_chara,,,,1.855716778244e-07,0.0,2.3355998826361016e-05,2.3541570504185414e-05
C4_2023,C4,2023,ha,Ionising radiation,kBq U-235 eq,0.2584563758,0.0,0.1304697987,,,,3.967235,2.938444,3.373034,1 kg herbicide active substance,1 kg fungicide active substance,1 kg insecticide active substance,herbicide,fungicide,pesticide_insecticide,2_chara;3_chara,6_chara;7_chara,4_chara;5_chara,,,,1.0253571800469132,0.0,0.44007906698825583,1.4654362470351692
C4_2023,C4,2023,ha,Land use,Pt,0.2584563758,0.0,0.1304697987,,,,93.25604,87.12929,93.87114,1 kg herbicide active substance,1 kg fungicide active substance,1 kg insecticide active substance,herbicide,fungicide,pesticide_insecticide,2_chara;3_chara,6_chara;7_chara,4_chara;5_chara,,,,24.102618119859834,0.0,12.247348739539518,36.34996685939935
C4_2023,C4,2023,ha,Ozone depletion,kg CFC11 eq,0.2584563758,0.0,0.1304697987,,,,1.47e-06,9.46e-07,1e-06,1 kg herbicide active substance,1 kg fungicide active substance,1 kg insecticide active substance,herbicide,fungicide,pesticide_insecticide,2_chara;3_chara,6_chara;7_chara,4_chara;5_chara,,,,3.79930872426e-07,0.0,1.304697987e-07,5.10400671126e-07
C4_2023,C4,2023,ha,Particulate matter,disease inc.,0.2584563758,0.0,0.1304697987,,,,2.7e-07,2.24e-07,2.41e-07,1 kg herbicide active substance,1 kg fungicide active substance,1 kg insecticide active substance,herbicide,fungicide,pesticide_insecticide,2_chara;3_chara,6_chara;7_chara,4_chara;5_chara,,,,6.978322146600001e-08,0.0,3.14432214867e-08,1.0122644295270001e-07
C4_2023,C4,2023,ha,Photochemical ozone formation,kg NMVOC eq,0.2584563758,0.0,0.1304697987,,,,0.02486,0.017891,0.019849,1 kg herbicide active substance,1 kg fungicide active substance,1 kg insecticide active substance,herbicide,fungicide,pesticide_insecticide,2_chara;3_chara,6_chara;7_chara,4_chara;5_chara,,,,0.006425225502388001,0.0,0.0025896950343963,0.0090149205367843
C4_2023,C4,2023,ha,"Resource use, fossils",MJ,0.2584563758,0.0,0.1304697987,,,,246.4021,173.2985,189.8419,1 kg herbicide active substance,1 kg fungicide active substance,1 kg insecticide active substance,herbicide,fungicide,pesticide_insecticide,2_chara;3_chara,6_chara;7_chara,4_chara;5_chara,,,,63.684193755509185,0.0,24.768634477825533,88.45282823333471
C4_2023,C4,2023,ha,"Resource use, minerals and metals",kg Sb eq,0.2584563758,0.0,0.1304697987,,,,6.14e-05,4.6e-05,5.28e-05,1 kg herbicide active substance,1 kg fungicide active substance,1 kg insecticide active substance,herbicide,fungicide,pesticide_insecticide,2_chara;3_chara,6_chara;7_chara,4_chara;5_chara,,,,1.5869221474120002e-05,0.0,6.88880537136e-06,2.2758026845480003e-05
C4_2023,C4,2023,ha,Water use,m3 depriv.,0.2584563758,0.0,0.1304697987,,,,1.924816,1.471827,1.666069,1 kg herbicide active substance,1 kg fungicide active substance,1 kg insecticide active substance,herbicide,fungicide,pesticide_insecticide,2_chara;3_chara,6_chara;7_chara,4_chara;5_chara,,,,0.4974809674418529,0.0,0.2173716870503103,0.7148526544921632
C4_2024,C4,2024,ha,Acidification,mol H+ eq,0.7220276498,0.0,0.0,,,,0.051857,0.038504,0.043223,1 kg herbicide active substance,1 kg fungicide active substance,1 kg insecticide active substance,herbicide,fungicide,pesticide_insecticide,2_chara;3_chara,6_chara;7_chara,4_chara;5_chara,,,,0.0374421878356786,0.0,0.0,0.0374421878356786
C4_2024,C4,2024,ha,Climate change,kg CO2 eq,0.7220276498,0.0,0.0,,,,13.6732,9.430276,10.25282,1 kg herbicide active substance,1 kg fungicide active substance,1 kg insecticide active substance,herbicide,fungicide,pesticide_insecticide,2_chara;3_chara,6_chara;7_chara,4_chara;5_chara,,,,9.87242846124536,0.0,0.0,9.87242846124536
C4_2024,C4,2024,ha,Climate change - Biogenic,kg CO2 eq,0.7220276498,0.0,0.0,,,,0.223944,0.214731,0.218857,1 kg herbicide active substance,1 kg fungicide active substance,1 kg insecticide active substance,herbicide,fungicide,pesticide_insecticide,2_chara;3_chara,6_chara;7_chara,4_chara;5_chara,,,,0.1616937600068112,0.0,0.0,0.1616937600068112
C4_2024,C4,2024,ha,Climate change - Fossil,kg CO2 eq,0.7220276498,0.0,0.0,,,,13.4338,9.203992,10.02068,1 kg herbicide active substance,1 kg fungicide active substance,1 kg insecticide active substance,herbicide,fungicide,pesticide_insecticide,2_chara;3_chara,6_chara;7_chara,4_chara;5_chara,,,,9.69957504188324,0.0,0.0,9.69957504188324
C4_2024,C4,2024,ha,Climate change - Land use and LU change,kg CO2 eq,0.7220276498,0.0,0.0,,,,0.015459,0.011552,0.013281,1 kg herbicide active substance,1 kg fungicide active substance,1 kg insecticide active substance,herbicide,fungicide,pesticide_insecticide,2_chara;3_chara,6_chara;7_chara,4_chara;5_chara,,,,0.0111618254382582,0.0,0.0,0.0111618254382582
C4_2024,C4,2024,ha,"Ecotoxicity, freshwater",CTUe,0.7220276498,0.0,0.0,,,,6433.9547999999995,16850.447900000003,2330477.7238,1 kg herbicide active substance,1 kg fungicide active substance,1 kg insecticide active substance,herbicide,fungicide,pesticide_insecticide,2_chara;3_chara,6_chara;7_chara,4_chara;5_chara,,,,4645.493263163428,0.0,0.0,4645.493263163428
C4_2024,C4,2024,ha,"Ecotoxicity, freshwater - inorganics",CTUe,0.7220276498,0.0,0.0,,,,13.52104,8.955151,9.878709,1 kg herbicide active substance,1 kg fungicide active substance,1 kg insecticide active substance,herbicide,fungicide,pesticide_insecticide,2_chara;3_chara,6_chara;7_chara,4_chara;5_chara,,,,9.762564734051791,0.0,0.0,9.762564734051791
C4_2024,C4,2024,ha,"Ecotoxicity, freshwater - metals",CTUe,0.7220276498,0.0,0.0,,,,232.3885,2837.0964000000004,215.5284,1 kg herbicide active substance,1 kg fungicide active substance,1 kg insecticide active substance,herbicide,fungicide,pesticide_insecticide,2_chara;3_chara,6_chara;7_chara,4_chara;5_chara,,,,167.7909224955473,0.0,0.0,167.7909224955473
C4_2024,C4,2024,ha,"Ecotoxicity, freshwater - organics",CTUe,0.7220276498,0.0,0.0,,,,6188.0453,14004.389299999999,2330252.3167,1 kg herbicide active substance,1 kg fungicide active substance,1 kg insecticide active substance,herbicide,fungicide,pesticide_insecticide,2_chara;3_chara,6_chara;7_chara,4_chara;5_chara,,,,4467.939804814936,0.0,0.0,4467.939804814936
C4_2024,C4,2024,ha,"Eutrophication, freshwater",kg P eq,0.7220276498,0.0,0.0,,,,0.006633,0.00503,0.005765,1 kg herbicide active substance,1 kg fungicide active substance,1 kg insecticide active substance,herbicide,fungicide,pesticide_insecticide,2_chara;3_chara,6_chara;7_chara,4_chara;5_chara,,,,0.0047892094011234,0.0,0.0,0.0047892094011234
C4_2024,C4,2024,ha,"Eutrophication, marine",kg N eq,0.7220276498,0.0,0.0,,,,0.012633,0.010401,0.011381,1 kg herbicide active substance,1 kg fungicide active substance,1 kg insecticide active substance,herbicide,fungicide,pesticide_insecticide,2_chara;3_chara,6_chara;7_chara,4_chara;5_chara,,,,0.0091213752999234,0.0,0.0,0.0091213752999234
C4_2024,C4,2024,ha,"Eutrophication, terrestrial",mol N eq,0.7220276498,0.0,0.0,,,,0.091999,0.069061,0.076172,1 kg herbicide active substance,1 kg fungicide active substance,1 kg insecticide active substance,herbicide,fungicide,pesticide_insecticide,2_chara;3_chara,6_chara;7_chara,4_chara;5_chara,,,,0.0664258217539502,0.0,0.0,0.0664258217539502
C4_2024,C4,2024,ha,"Human toxicity, cancer",CTUh,0.7220276498,0.0,0.0,,,,6.56e-09,7.28e-09,5.63e-09,1 kg herbicide active substance,1 kg fungicide active substance,1 kg insecticide active substance,herbicide,fungicide,pesticide_insecticide,2_chara;3_chara,6_chara;7_chara,4_chara;5_chara,,,,4.736501382688e-09,0.0,0.0,4.736501382688e-09
C4_2024,C4,2024,ha,"Human toxicity, cancer - inorganics",CTUh,0.7220276498,0.0,0.0,,,,3.84e-20,4.02e-20,4.24e-20,1 kg herbicide active substance,1 kg fungicide active substance,1 kg insecticide active substance,herbicide,fungicide,pesticide_insecticide,2_chara;3_chara,6_chara;7_chara,4_chara;5_chara,,,,2.772586175232e-20,0.0,0.0,2.772586175232e-20
C4_2024,C4,2024,ha,"Human toxicity, cancer - metals",CTUh,0.7220276498,0.0,0.0,,,,3.38e-09,2.79e-09,2.97e-09,1 kg herbicide active substance,1 kg fungicide active substance,1 kg insecticide active substance,herbicide,fungicide,pesticide_insecticide,2_chara;3_chara,6_chara;7_chara,4_chara;5_chara,,,,2.440453456324e-09,0.0,0.0,2.440453456324e-09
C4_2024,C4,2024,ha,"Human toxicity, cancer - organics",CTUh,0.7220276498,0.0,0.0,,,,3.19e-09,4.49e-09,2.66e-09,1 kg herbicide active substance,1 kg fungicide active substance,1 kg insecticide active substance,herbicide,fungicide,pesticide_insecticide,2_chara;3_chara,6_chara;7_chara,4_chara;5_chara,,,,2.303268202862e-09,0.0,0.0,2.303268202862e-09
C4_2024,C4,2024,ha,"Human toxicity, non-cancer",CTUh,0.7220276498,0.0,0.0,,,,8.28e-07,4.3090000000000003e-07,0.00017910999999999998,1 kg herbicide active substance,1 kg fungicide active substance,1 kg insecticide active substance,herbicide,fungicide,pesticide_insecticide,2_chara;3_chara,6_chara;7_chara,4_chara;5_chara,,,,5.978388940344e-07,0.0,0.0,5.978388940344e-07
C4_2024,C4,2024,ha,"Human toxicity, non-cancer - inorganics",CTUh,0.7220276498,0.0,0.0,,,,1.09e-08,8.28e-09,9.1e-09,1 kg herbicide active substance,1 kg fungicide active substance,1 kg insecticide active substance,herbicide,fungicide,pesticide_insecticide,2_chara;3_chara,6_chara;7_chara,4_chara;5_chara,,,,7.870101382820001e-09,0.0,0.0,7.870101382820001e-09
C4_2024,C4,2024,ha,"Human toxicity, non-cancer - metals",CTUh,0.7220276498,0.0,0.0,,,,1e-07,1.057e-07,8.69e-08,1 kg herbicide active substance,1 kg fungicide active substance,1 kg insecticide active substance,herbicide,fungicide,pesticide_insecticide,2_chara;3_chara,6_chara;7_chara,4_chara;5_chara,,,,7.220276498e-08,0.0,0.0,7.220276498e-08
C4_2024,C4,2024,ha,"Human toxicity, non-cancer - organics",CTUh,0.7220276498,0.0,0.0,,,,7.179999999999999e-07,3.1770000000000005e-07,0.00017901459999999998,1 kg herbicide active substance,1 kg fungicide active substance,1 kg insecticide active substance,herbicide,fungicide,pesticide_insecticide,2_chara;3_chara,6_chara;7_chara,4_chara;5_chara,,,,5.184158525564e-07,0.0,0.0,5.184158525564e-07
C4_2024,C4,2024,ha,Ionising radiation,kBq U-235 eq,0.7220276498,0.0,0.0,,,,3.967235,2.938444,3.373034,1 kg herbicide active substance,1 kg fungicide active substance,1 kg insecticide active substance,herbicide,fungicide,pesticide_insecticide,2_chara;3_chara,6_chara;7_chara,4_chara;5_chara,,,,2.864453363254303,0.0,0.0,2.864453363254303
C4_2024,C4,2024,ha,Land use,Pt,0.7220276498,0.0,0.0,,,,93.25604,87.12929,93.87114,1 kg herbicide active substance,1 kg fungicide active substance,1 kg insecticide active substance,herbicide,fungicide,pesticide_insecticide,2_chara;3_chara,6_chara;7_chara,4_chara;5_chara,,,,67.33343939085479,0.0,0.0,67.33343939085479
C4_2024,C4,2024,ha,Ozone depletion,kg CFC11 eq,0.7220276498,0.0,0.0,,,,1.47e-06,9.46e-07,1e-06,1 kg herbicide active substance,1 kg fungicide active substance,1 kg insecticide active substance,herbicide,fungicide,pesticide_insecticide,2_chara;3_chara,6_chara;7_chara,4_chara;5_chara,,,,1.061380645206e-06,0.0,0.0,1.061380645206e-06
C4_2024,C4,2024,ha,Particulate matter,disease inc.,0.7220276498,0.0,0.0,,,,2.7e-07,2.24e-07,2.41e-07,1 kg herbicide active substance,1 kg fungicide active substance,1 kg insecticide active substance,herbicide,fungicide,pesticide_insecticide,2_chara;3_chara,6_chara;7_chara,4_chara;5_chara,,,,1.94947465446e-07,0.0,0.0,1.94947465446e-07
C4_2024,C4,2024,ha,Photochemical ozone formation,kg NMVOC eq,0.7220276498,0.0,0.0,,,,0.02486,0.017891,0.019849,1 kg herbicide active substance,1 kg fungicide active substance,1 kg insecticide active substance,herbicide,fungicide,pesticide_insecticide,2_chara;3_chara,6_chara;7_chara,4_chara;5_chara,,,,0.017949607374028,0.0,0.0,0.017949607374028
C4_2024,C4,2024,ha,"Resource use, fossils",MJ,0.7220276498,0.0,0.0,,,,246.4021,173.2985,189.8419,1 kg herbicide active substance,1 kg fungicide active substance,1 kg insecticide active substance,herbicide,fungicide,pesticide_insecticide,2_chara;3_chara,6_chara;7_chara,4_chara;5_chara,,,,177.90912916878457,0.0,0.0,177.90912916878457
C4_2024,C4,2024,ha,"Resource use, minerals and metals",kg Sb eq,0.7220276498,0.0,0.0,,,,6.14e-05,4.6e-05,5.28e-05,1 kg herbicide active substance,1 kg fungicide active substance,1 kg insecticide active substance,herbicide,fungicide,pesticide_insecticide,2_chara;3_chara,6_chara;7_chara,4_chara;5_chara,,,,4.433249769772e-05,0.0,0.0,4.433249769772e-05
C4_2024,C4,2024,ha,Water use,m3 depriv.,0.7220276498,0.0,0.0,,,,1.924816,1.471827,1.666069,1 kg herbicide active substance,1 kg fungicide active substance,1 kg insecticide active substance,herbicide,fungicide,pesticide_insecticide,2_chara;3_chara,6_chara;7_chara,4_chara;5_chara,,,,1.3897703727774369,0.0,0.0,1.3897703727774369
C5_2022,C5,2022,ha,Acidification,mol H+ eq,0.7027972028,0.0,0.0,,,,0.051857,0.038504,0.043223,1 kg herbicide active substance,1 kg fungicide active substance,1 kg insecticide active substance,herbicide,fungicide,pesticide_insecticide,2_chara;3_chara,6_chara;7_chara,4_chara;5_chara,,,,0.0364449545455996,0.0,0.0,0.0364449545455996
C5_2022,C5,2022,ha,Climate change,kg CO2 eq,0.7027972028,0.0,0.0,,,,13.6732,9.430276,10.25282,1 kg herbicide active substance,1 kg fungicide active substance,1 kg insecticide active substance,herbicide,fungicide,pesticide_insecticide,2_chara;3_chara,6_chara;7_chara,4_chara;5_chara,,,,9.60948671332496,0.0,0.0,9.60948671332496
C5_2022,C5,2022,ha,Climate change - Biogenic,kg CO2 eq,0.7027972028,0.0,0.0,,,,0.223944,0.214731,0.218857,1 kg herbicide active substance,1 kg fungicide active substance,1 kg insecticide active substance,herbicide,fungicide,pesticide_insecticide,2_chara;3_chara,6_chara;7_chara,4_chara;5_chara,,,,0.1573872167838432,0.0,0.0,0.1573872167838432
C5_2022,C5,2022,ha,Climate change - Fossil,kg CO2 eq,0.7027972028,0.0,0.0,,,,13.4338,9.203992,10.02068,1 kg herbicide active substance,1 kg fungicide active substance,1 kg insecticide active substance,herbicide,fungicide,pesticide_insecticide,2_chara;3_chara,6_chara;7_chara,4_chara;5_chara,,,,9.44123706297464,0.0,0.0,9.44123706297464
C5_2022,C5,2022,ha,Climate change - Land use and LU change,kg CO2 eq,0.7027972028,0.0,0.0,,,,0.015459,0.011552,0.013281,1 kg herbicide active substance,1 kg fungicide active substance,1 kg insecticide active substance,herbicide,fungicide,pesticide_insecticide,2_chara;3_chara,6_chara;7_chara,4_chara;5_chara,,,,0.0108645419580852,0.0,0.0,0.0108645419580852
C5_2022,C5,2022,ha,"Ecotoxicity, freshwater",CTUe,0.7027972028,0.0,0.0,,,,6433.9547999999995,16850.447900000003,2330477.7238,1 kg herbicide active substance,1 kg fungicide active substance,1 kg insecticide active substance,herbicide,fungicide,pesticide_insecticide,2_chara;3_chara,6_chara;7_chara,4_chara;5_chara,,,,4521.765436381634,0.0,0.0,4521.765436381634
C5_2022,C5,2022,ha,"Ecotoxicity, freshwater - inorganics",CTUe,0.7027972028,0.0,0.0,,,,13.52104,8.955151,9.878709,1 kg herbicide active substance,1 kg fungicide active substance,1 kg insecticide active substance,herbicide,fungicide,pesticide_insecticide,2_chara;3_chara,6_chara;7_chara,4_chara;5_chara,,,,9.502549090946912,0.0,0.0,9.502549090946912
C5_2022,C5,2022,ha,"Ecotoxicity, freshwater - metals",CTUe,0.7027972028,0.0,0.0,,,,232.3885,2837.0964000000004,215.5284,1 kg herbicide active substance,1 kg fungicide active substance,1 kg insecticide active substance,herbicide,fungicide,pesticide_insecticide,2_chara;3_chara,6_chara;7_chara,4_chara;5_chara,,,,163.3219877628878,0.0,0.0,163.3219877628878
C5_2022,C5,2022,ha,"Ecotoxicity, freshwater - organics",CTUe,0.7027972028,0.0,0.0,,,,6188.0453,14004.389299999999,2330252.3167,1 kg herbicide active substance,1 kg fungicide active substance,1 kg insecticide active substance,herbicide,fungicide,pesticide_insecticide,2_chara;3_chara,6_chara;7_chara,4_chara;5_chara,,,,4348.940927639686,0.0,0.0,4348.940927639686
C5_2022,C5,2022,ha,"Eutrophication, freshwater",kg P eq,0.7027972028,0.0,0.0,,,,0.006633,0.00503,0.005765,1 kg herbicide active substance,1 kg fungicide active substance,1 kg insecticide active substance,herbicide,fungicide,pesticide_insecticide,2_chara;3_chara,6_chara;7_chara,4_chara;5_chara,,,,0.0046616538461724,0.0,0.0,0.0046616538461724
C5_2022,C5,2022,ha,"Eutrophication, marine",kg N eq,0.7027972028,0.0,0.0,,,,0.012633,0.010401,0.011381,1 kg herbicide active substance,1 kg fungicide active substance,1 kg insecticide active substance,herbicide,fungicide,pesticide_insecticide,2_chara;3_chara,6_chara;7_chara,4_chara;5_chara,,,,0.008878437062972401,0.0,0.0,0.008878437062972401
C5_2022,C5,2022,ha,"Eutrophication, terrestrial",mol N eq,0.7027972028,0.0,0.0,,,,0.091999,0.069061,0.076172,1 kg herbicide active substance,1 kg fungicide active substance,1 kg insecticide active substance,herbicide,fungicide,pesticide_insecticide,2_chara;3_chara,6_chara;7_chara,4_chara;5_chara,,,,0.0646566398603972,0.0,0.0,0.0646566398603972
C5_2022,C5,2022,ha,"Human toxicity, cancer",CTUh,0.7027972028,0.0,0.0,,,,6.56e-09,7.28e-09,5.63e-09,1 kg herbicide active substance,1 kg fungicide active substance,1 kg insecticide active substance,herbicide,fungicide,pesticide_insecticide,2_chara;3_chara,6_chara;7_chara,4_chara;5_chara,,,,4.610349650368e-09,0.0,0.0,4.610349650368e-09
C5_2022,C5,2022,ha,"Human toxicity, cancer - inorganics",CTUh,0.7027972028,0.0,0.0,,,,3.84e-20,4.02e-20,4.24e-20,1 kg herbicide active substance,1 kg fungicide active substance,1 kg insecticide active substance,herbicide,fungicide,pesticide_insecticide,2_chara;3_chara,6_chara;7_chara,4_chara;5_chara,,,,2.698741258752e-20,0.0,0.0,2.698741258752e-20
C5_2022,C5,2022,ha,"Human toxicity, cancer - metals",CTUh,0.7027972028,0.0,0.0,,,,3.38e-09,2.79e-09,2.97e-09,1 kg herbicide active substance,1 kg fungicide active substance,1 kg insecticide active substance,herbicide,fungicide,pesticide_insecticide,2_chara;3_chara,6_chara;7_chara,4_chara;5_chara,,,,2.375454545464e-09,0.0,0.0,2.375454545464e-09
C5_2022,C5,2022,ha,"Human toxicity, cancer - organics",CTUh,0.7027972028,0.0,0.0,,,,3.19e-09,4.49e-09,2.66e-09,1 kg herbicide active substance,1 kg fungicide active substance,1 kg insecticide active substance,herbicide,fungicide,pesticide_insecticide,2_chara;3_chara,6_chara;7_chara,4_chara;5_chara,,,,2.241923076932e-09,0.0,0.0,2.241923076932e-09
C5_2022,C5,2022,ha,"Human toxicity, non-cancer",CTUh,0.7027972028,0.0,0.0,,,,8.28e-07,4.3090000000000003e-07,0.00017910999999999998,1 kg herbicide active substance,1 kg fungicide active substance,1 kg insecticide active substance,herbicide,fungicide,pesticide_insecticide,2_chara;3_chara,6_chara;7_chara,4_chara;5_chara,,,,5.819160839184e-07,0.0,0.0,5.819160839184e-07
C5_2022,C5,2022,ha,"Human toxicity, non-cancer - inorganics",CTUh,0.7027972028,0.0,0.0,,,,1.09e-08,8.28e-09,9.1e-09,1 kg herbicide active substance,1 kg fungicide active substance,1 kg insecticide active substance,herbicide,fungicide,pesticide_insecticide,2_chara;3_chara,6_chara;7_chara,4_chara;5_chara,,,,7.66048951052e-09,0.0,0.0,7.66048951052e-09
C5_2022,C5,2022,ha,"Human toxicity, non-cancer - metals",CTUh,0.7027972028,0.0,0.0,,,,1e-07,1.057e-07,8.69e-08,1 kg herbicide active substance,1 kg fungicide active substance,1 kg insecticide active substance,herbicide,fungicide,pesticide_insecticide,2_chara;3_chara,6_chara;7_chara,4_chara;5_chara,,,,7.027972028e-08,0.0,0.0,7.027972028e-08
C5_2022,C5,2022,ha,"Human toxicity, non-cancer - organics",CTUh,0.7027972028,0.0,0.0,,,,7.179999999999999e-07,3.1770000000000005e-07,0.00017901459999999998,1 kg herbicide active substance,1 kg fungicide active substance,1 kg insecticide active substance,herbicide,fungicide,pesticide_insecticide,2_chara;3_chara,6_chara;7_chara,4_chara;5_chara,,,,5.046083916104e-07,0.0,0.0,5.046083916104e-07
C5_2022,C5,2022,ha,Ionising radiation,kBq U-235 eq,0.7027972028,0.0,0.0,,,,3.967235,2.938444,3.373034,1 kg herbicide active substance,1 kg fungicide active substance,1 kg insecticide active substance,herbicide,fungicide,pesticide_insecticide,2_chara;3_chara,6_chara;7_chara,4_chara;5_chara,,,,2.788161660850258,0.0,0.0,2.788161660850258
C5_2022,C5,2022,ha,Land use,Pt,0.7027972028,0.0,0.0,,,,93.25604,87.12929,93.87114,1 kg herbicide active substance,1 kg fungicide active substance,1 kg insecticide active substance,herbicide,fungicide,pesticide_insecticide,2_chara;3_chara,6_chara;7_chara,4_chara;5_chara,,,,65.54008405620492,0.0,0.0,65.54008405620492
C5_2022,C5,2022,ha,Ozone depletion,kg CFC11 eq,0.7027972028,0.0,0.0,,,,1.47e-06,9.46e-07,1e-06,1 kg herbicide active substance,1 kg fungicide active substance,1 kg insecticide active substance,herbicide,fungicide,pesticide_insecticide,2_chara;3_chara,6_chara;7_chara,4_chara;5_chara,,,,1.033111888116e-06,0.0,0.0,1.033111888116e-06
C5_2022,C5,2022,ha,Particulate matter,disease inc.,0.7027972028,0.0,0.0,,,,2.7e-07,2.24e-07,2.41e-07,1 kg herbicide active substance,1 kg fungicide active substance,1 kg insecticide active substance,herbicide,fungicide,pesticide_insecticide,2_chara;3_chara,6_chara;7_chara,4_chara;5_chara,,,,1.8975524475600002e-07,0.0,0.0,1.8975524475600002e-07
C5_2022,C5,2022,ha,Photochemical ozone formation,kg NMVOC eq,0.7027972028,0.0,0.0,,,,0.02486,0.017891,0.019849,1 kg herbicide active substance,1 kg fungicide active substance,1 kg insecticide active substance,herbicide,fungicide,pesticide_insecticide,2_chara;3_chara,6_chara;7_chara,4_chara;5_chara,,,,0.017471538461608,0.0,0.0,0.017471538461608
C5_2022,C5,2022,ha,"Resource use, fossils",MJ,0.7027972028,0.0,0.0,,,,246.4021,173.2985,189.8419,1 kg herbicide active substance,1 kg fungicide active substance,1 kg insecticide active substance,herbicide,fungicide,pesticide_insecticide,2_chara;3_chara,6_chara;7_chara,4_chara;5_chara,,,,173.17070664404588,0.0,0.0,173.17070664404588
C5_2022,C5,2022,ha,"Resource use, minerals and metals",kg Sb eq,0.7027972028,0.0,0.0,,,,6.14e-05,4.6e-05,5.28e-05,1 kg herbicide active substance,1 kg fungicide active substance,1 kg insecticide active substance,herbicide,fungicide,pesticide_insecticide,2_chara;3_chara,6_chara;7_chara,4_chara;5_chara,,,,4.315174825192e-05,0.0,0.0,4.315174825192e-05
C5_2022,C5,2022,ha,Water use,m3 depriv.,0.7027972028,0.0,0.0,,,,1.924816,1.471827,1.666069,1 kg herbicide active substance,1 kg fungicide active substance,1 kg insecticide active substance,herbicide,fungicide,pesticide_insecticide,2_chara;3_chara,6_chara;7_chara,4_chara;5_chara,,,,1.3527553007046849,0.0,0.0,1.3527553007046849
C5_2023,C5,2023,ha,Acidification,mol H+ eq,1.248510158,0.0,0.0,,,,0.051857,0.038504,0.043223,1 kg herbicide active substance,1 kg fungicide active substance,1 kg insecticide active substance,herbicide,fungicide,pesticide_insecticide,2_chara;3_chara,6_chara;7_chara,4_chara;5_chara,,,,0.064743991263406,0.0,0.0,0.064743991263406
C5_2023,C5,2023,ha,Climate change,kg CO2 eq,1.248510158,0.0,0.0,,,,13.6732,9.430276,10.25282,1 kg herbicide active substance,1 kg fungicide active substance,1 kg insecticide active substance,herbicide,fungicide,pesticide_insecticide,2_chara;3_chara,6_chara;7_chara,4_chara;5_chara,,,,17.0711290923656,0.0,0.0,17.0711290923656
C5_2023,C5,2023,ha,Climate change - Biogenic,kg CO2 eq,1.248510158,0.0,0.0,,,,0.223944,0.214731,0.218857,1 kg herbicide active substance,1 kg fungicide active substance,1 kg insecticide active substance,herbicide,fungicide,pesticide_insecticide,2_chara;3_chara,6_chara;7_chara,4_chara;5_chara,,,,0.279596358823152,0.0,0.0,0.279596358823152
C5_2023,C5,2023,ha,Climate change - Fossil,kg CO2 eq,1.248510158,0.0,0.0,,,,13.4338,9.203992,10.02068,1 kg herbicide active substance,1 kg fungicide active substance,1 kg insecticide active substance,herbicide,fungicide,pesticide_insecticide,2_chara;3_chara,6_chara;7_chara,4_chara;5_chara,,,,16.7722357605404,0.0,0.0,16.7722357605404
C5_2023,C5,2023,ha,Climate change - Land use and LU change,kg CO2 eq,1.248510158,0.0,0.0,,,,0.015459,0.011552,0.013281,1 kg herbicide active substance,1 kg fungicide active substance,1 kg insecticide active substance,herbicide,fungicide,pesticide_insecticide,2_chara;3_chara,6_chara;7_chara,4_chara;5_chara,,,,0.019300718532522,0.0,0.0,0.019300718532522
C5_2023,C5,2023,ha,"Ecotoxicity, freshwater",CTUe,1.248510158,0.0,0.0,,,,6433.9547999999995,16850.447900000003,2330477.7238,1 kg herbicide active substance,1 kg fungicide active substance,1 kg insecticide active substance,herbicide,fungicide,pesticide_insecticide,2_chara;3_chara,6_chara;7_chara,4_chara;5_chara,,,,8032.857923912858,0.0,0.0,8032.857923912858
C5_2023,C5,2023,ha,"Ecotoxicity, freshwater - inorganics",CTUe,1.248510158,0.0,0.0,,,,13.52104,8.955151,9.878709,1 kg herbicide active substance,1 kg fungicide active substance,1 kg insecticide active substance,herbicide,fungicide,pesticide_insecticide,2_chara;3_chara,6_chara;7_chara,4_chara;5_chara,,,,16.881155786724317,0.0,0.0,16.881155786724317
C5_2023,C5,2023,ha,"Ecotoxicity, freshwater - metals",CTUe,1.248510158,0.0,0.0,,,,232.3885,2837.0964000000004,215.5284,1 kg herbicide active substance,1 kg fungicide active substance,1 kg insecticide active substance,herbicide,fungicide,pesticide_insecticide,2_chara;3_chara,6_chara;7_chara,4_chara;5_chara,,,,290.139402852383,0.0,0.0,290.139402852383
C5_2023,C5,2023,ha,"Ecotoxicity, freshwater - organics",CTUe,1.248510158,0.0,0.0,,,,6188.0453,14004.389299999999,2330252.3167,1 kg herbicide active substance,1 kg fungicide active substance,1 kg insecticide active substance,herbicide,fungicide,pesticide_insecticide,2_chara;3_chara,6_chara;7_chara,4_chara;5_chara,,,,7725.837415214157,0.0,0.0,7725.837415214157
C5_2023,C5,2023,ha,"Eutrophication, freshwater",kg P eq,1.248510158,0.0,0.0,,,,0.006633,0.00503,0.005765,1 kg herbicide active substance,1 kg fungicide active substance,1 kg insecticide active substance,herbicide,fungicide,pesticide_insecticide,2_chara;3_chara,6_chara;7_chara,4_chara;5_chara,,,,0.008281367878014,0.0,0.0,0.008281367878014
C5_2023,C5,2023,ha,"Eutrophication, marine",kg N eq,1.248510158,0.0,0.0,,,,0.012633,0.010401,0.011381,1 kg herbicide active substance,1 kg fungicide active substance,1 kg insecticide active substance,herbicide,fungicide,pesticide_insecticide,2_chara;3_chara,6_chara;7_chara,4_chara;5_chara,,,,0.015772428826014,0.0,0.0,0.015772428826014
C5_2023,C5,2023,ha,"Eutrophication, terrestrial",mol N eq,1.248510158,0.0,0.0,,,,0.091999,0.069061,0.076172,1 kg herbicide active substance,1 kg fungicide active substance,1 kg insecticide active substance,herbicide,fungicide,pesticide_insecticide,2_chara;3_chara,6_chara;7_chara,4_chara;5_chara,,,,0.114861686025842,0.0,0.0,0.114861686025842
C5_2023,C5,2023,ha,"Human toxicity, cancer",CTUh,1.248510158,0.0,0.0,,,,6.56e-09,7.28e-09,5.63e-09,1 kg herbicide active substance,1 kg fungicide active substance,1 kg insecticide active substance,herbicide,fungicide,pesticide_insecticide,2_chara;3_chara,6_chara;7_chara,4_chara;5_chara,,,,8.190226636479999e-09,0.0,0.0,8.190226636479999e-09
C5_2023,C5,2023,ha,"Human toxicity, cancer - inorganics",CTUh,1.248510158,0.0,0.0,,,,3.84e-20,4.02e-20,4.24e-20,1 kg herbicide active substance,1 kg fungicide active substance,1 kg insecticide active substance,herbicide,fungicide,pesticide_insecticide,2_chara;3_chara,6_chara;7_chara,4_chara;5_chara,,,,4.7942790067199997e-20,0.0,0.0,4.7942790067199997e-20
C5_2023,C5,2023,ha,"Human toxicity, cancer - metals",CTUh,1.248510158,0.0,0.0,,,,3.38e-09,2.79e-09,2.97e-09,1 kg herbicide active substance,1 kg fungicide active substance,1 kg insecticide active substance,herbicide,fungicide,pesticide_insecticide,2_chara;3_chara,6_chara;7_chara,4_chara;5_chara,,,,4.21996433404e-09,0.0,0.0,4.21996433404e-09
C5_2023,C5,2023,ha,"Human toxicity, cancer - organics",CTUh,1.248510158,0.0,0.0,,,,3.19e-09,4.49e-09,2.66e-09,1 kg herbicide active substance,1 kg fungicide active substance,1 kg insecticide active substance,herbicide,fungicide,pesticide_insecticide,2_chara;3_chara,6_chara;7_chara,4_chara;5_chara,,,,3.98274740402e-09,0.0,0.0,3.98274740402e-09
C5_2023,C5,2023,ha,"Human toxicity, non-cancer",CTUh,1.248510158,0.0,0.0,,,,8.28e-07,4.3090000000000003e-07,0.00017910999999999998,1 kg herbicide active substance,1 kg fungicide active substance,1 kg insecticide active substance,herbicide,fungicide,pesticide_insecticide,2_chara;3_chara,6_chara;7_chara,4_chara;5_chara,,,,1.0337664108239999e-06,0.0,0.0,1.0337664108239999e-06
C5_2023,C5,2023,ha,"Human toxicity, non-cancer - inorganics",CTUh,1.248510158,0.0,0.0,,,,1.09e-08,8.28e-09,9.1e-09,1 kg herbicide active substance,1 kg fungicide active substance,1 kg insecticide active substance,herbicide,fungicide,pesticide_insecticide,2_chara;3_chara,6_chara;7_chara,4_chara;5_chara,,,,1.36087607222e-08,0.0,0.0,1.36087607222e-08
C5_2023,C5,2023,ha,"Human toxicity, non-cancer - metals",CTUh,1.248510158,0.0,0.0,,,,1e-07,1.057e-07,8.69e-08,1 kg herbicide active substance,1 kg fungicide active substance,1 kg insecticide active substance,herbicide,fungicide,pesticide_insecticide,2_chara;3_chara,6_chara;7_chara,4_chara;5_chara,,,,1.248510158e-07,0.0,0.0,1.248510158e-07
C5_2023,C5,2023,ha,"Human toxicity, non-cancer - organics",CTUh,1.248510158,0.0,0.0,,,,7.179999999999999e-07,3.1770000000000005e-07,0.00017901459999999998,1 kg herbicide active substance,1 kg fungicide active substance,1 kg insecticide active substance,herbicide,fungicide,pesticide_insecticide,2_chara;3_chara,6_chara;7_chara,4_chara;5_chara,,,,8.964302934439999e-07,0.0,0.0,8.964302934439999e-07
C5_2023,C5,2023,ha,Ionising radiation,kBq U-235 eq,1.248510158,0.0,0.0,,,,3.967235,2.938444,3.373034,1 kg herbicide active substance,1 kg fungicide active substance,1 kg insecticide active substance,herbicide,fungicide,pesticide_insecticide,2_chara;3_chara,6_chara;7_chara,4_chara;5_chara,,,,4.95313319667313,0.0,0.0,4.95313319667313
C5_2023,C5,2023,ha,Land use,Pt,1.248510158,0.0,0.0,,,,93.25604,87.12929,93.87114,1 kg herbicide active substance,1 kg fungicide active substance,1 kg insecticide active substance,herbicide,fungicide,pesticide_insecticide,2_chara;3_chara,6_chara;7_chara,4_chara;5_chara,,,,116.43111323485432,0.0,0.0,116.43111323485432
C5_2023,C5,2023,ha,Ozone depletion,kg CFC11 eq,1.248510158,0.0,0.0,,,,1.47e-06,9.46e-07,1e-06,1 kg herbicide active substance,1 kg fungicide active substance,1 kg insecticide active substance,herbicide,fungicide,pesticide_insecticide,2_chara;3_chara,6_chara;7_chara,4_chara;5_chara,,,,1.8353099322599998e-06,0.0,0.0,1.8353099322599998e-06
C5_2023,C5,2023,ha,Particulate matter,disease inc.,1.248510158,0.0,0.0,,,,2.7e-07,2.24e-07,2.41e-07,1 kg herbicide active substance,1 kg fungicide active substance,1 kg insecticide active substance,herbicide,fungicide,pesticide_insecticide,2_chara;3_chara,6_chara;7_chara,4_chara;5_chara,,,,3.3709774266e-07,0.0,0.0,3.3709774266e-07
C5_2023,C5,2023,ha,Photochemical ozone formation,kg NMVOC eq,1.248510158,0.0,0.0,,,,0.02486,0.017891,0.019849,1 kg herbicide active substance,1 kg fungicide active substance,1 kg insecticide active substance,herbicide,fungicide,pesticide_insecticide,2_chara;3_chara,6_chara;7_chara,4_chara;5_chara,,,,0.03103796252788,0.0,0.0,0.03103796252788
C5_2023,C5,2023,ha,"Resource use, fossils",MJ,1.248510158,0.0,0.0,,,,246.4021,173.2985,189.8419,1 kg herbicide active substance,1 kg fungicide active substance,1 kg insecticide active substance,herbicide,fungicide,pesticide_insecticide,2_chara;3_chara,6_chara;7_chara,4_chara;5_chara,,,,307.6355248025318,0.0,0.0,307.6355248025318
C5_2023,C5,2023,ha,"Resource use, minerals and metals",kg Sb eq,1.248510158,0.0,0.0,,,,6.14e-05,4.6e-05,5.28e-05,1 kg herbicide active substance,1 kg fungicide active substance,1 kg insecticide active substance,herbicide,fungicide,pesticide_insecticide,2_chara;3_chara,6_chara;7_chara,4_chara;5_chara,,,,7.66585237012e-05,0.0,0.0,7.66585237012e-05
C5_2023,C5,2023,ha,Water use,m3 depriv.,1.248510158,0.0,0.0,,,,1.924816,1.471827,1.666069,1 kg herbicide active substance,1 kg fungicide active substance,1 kg insecticide active substance,herbicide,fungicide,pesticide_insecticide,2_chara;3_chara,6_chara;7_chara,4_chara;5_chara,,,,2.403152328280928,0.0,0.0,2.403152328280928
C5_2024,C5,2024,ha,Acidification,mol H+ eq,1.9881376975,0.0,0.0,,,,0.051857,0.038504,0.043223,1 kg herbicide active substance,1 kg fungicide active substance,1 kg insecticide active substance,herbicide,fungicide,pesticide_insecticide,2_chara;3_chara,6_chara;7_chara,4_chara;5_chara,,,,0.1030988565792575,0.0,0.0,0.1030988565792575
C5_2024,C5,2024,ha,Climate change,kg CO2 eq,1.9881376975,0.0,0.0,,,,13.6732,9.430276,10.25282,1 kg herbicide active substance,1 kg fungicide active substance,1 kg insecticide active substance,herbicide,fungicide,pesticide_insecticide,2_chara;3_chara,6_chara;7_chara,4_chara;5_chara,,,,27.184204365457,0.0,0.0,27.184204365457
C5_2024,C5,2024,ha,Climate change - Biogenic,kg CO2 eq,1.9881376975,0.0,0.0,,,,0.223944,0.214731,0.218857,1 kg herbicide active substance,1 kg fungicide active substance,1 kg insecticide active substance,herbicide,fungicide,pesticide_insecticide,2_chara;3_chara,6_chara;7_chara,4_chara;5_chara,,,,0.44523150852894,0.0,0.0,0.44523150852894
C5_2024,C5,2024,ha,Climate change - Fossil,kg CO2 eq,1.9881376975,0.0,0.0,,,,13.4338,9.203992,10.02068,1 kg herbicide active substance,1 kg fungicide active substance,1 kg insecticide active substance,herbicide,fungicide,pesticide_insecticide,2_chara;3_chara,6_chara;7_chara,4_chara;5_chara,,,,26.708244200675498,0.0,0.0,26.708244200675498
C5_2024,C5,2024,ha,Climate change - Land use and LU change,kg CO2 eq,1.9881376975,0.0,0.0,,,,0.015459,0.011552,0.013281,1 kg herbicide active substance,1 kg fungicide active substance,1 kg insecticide active substance,herbicide,fungicide,pesticide_insecticide,2_chara;3_chara,6_chara;7_chara,4_chara;5_chara,,,,0.030734620665652503,0.0,0.0,0.030734620665652503
C5_2024,C5,2024,ha,"Ecotoxicity, freshwater",CTUe,1.9881376975,0.0,0.0,,,,6433.9547999999995,16850.447900000003,2330477.7238,1 kg herbicide active substance,1 kg fungicide active substance,1 kg insecticide active substance,herbicide,fungicide,pesticide_insecticide,2_chara;3_chara,6_chara;7_chara,4_chara;5_chara,,,,12791.588081891072,0.0,0.0,12791.588081891072
C5_2024,C5,2024,ha,"Ecotoxicity, freshwater - inorganics",CTUe,1.9881376975,0.0,0.0,,,,13.52104,8.955151,9.878709,1 kg herbicide active substance,1 kg fungicide active substance,1 kg insecticide active substance,herbicide,fungicide,pesticide_insecticide,2_chara;3_chara,6_chara;7_chara,4_chara;5_chara,,,,26.881689333405397,0.0,0.0,26.881689333405397
C5_2024,C5,2024,ha,"Ecotoxicity, freshwater - metals",CTUe,1.9881376975,0.0,0.0,,,,232.3885,2837.0964000000004,215.5284,1 kg herbicide active substance,1 kg fungicide active substance,1 kg insecticide active substance,herbicide,fungicide,pesticide_insecticide,2_chara;3_chara,6_chara;7_chara,4_chara;5_chara,,,,462.02033731547874,0.0,0.0,462.02033731547874
C5_2024,C5,2024,ha,"Ecotoxicity, freshwater - organics",CTUe,1.9881376975,0.0,0.0,,,,6188.0453,14004.389299999999,2330252.3167,1 kg herbicide active substance,1 kg fungicide active substance,1 kg insecticide active substance,herbicide,fungicide,pesticide_insecticide,2_chara;3_chara,6_chara;7_chara,4_chara;5_chara,,,,12302.686134767697,0.0,0.0,12302.686134767697
C5_2024,C5,2024,ha,"Eutrophication, freshwater",kg P eq,1.9881376975,0.0,0.0,,,,0.006633,0.00503,0.005765,1 kg herbicide active substance,1 kg fungicide active substance,1 kg insecticide active substance,herbicide,fungicide,pesticide_insecticide,2_chara;3_chara,6_chara;7_chara,4_chara;5_chara,,,,0.0131873173475175,0.0,0.0,0.0131873173475175
C5_2024,C5,2024,ha,"Eutrophication, marine",kg N eq,1.9881376975,0.0,0.0,,,,0.012633,0.010401,0.011381,1 kg herbicide active substance,1 kg fungicide active substance,1 kg insecticide active substance,herbicide,fungicide,pesticide_insecticide,2_chara;3_chara,6_chara;7_chara,4_chara;5_chara,,,,0.0251161435325175,0.0,0.0,0.0251161435325175
C5_2024,C5,2024,ha,"Eutrophication, terrestrial",mol N eq,1.9881376975,0.0,0.0,,,,0.091999,0.069061,0.076172,1 kg herbicide active substance,1 kg fungicide active substance,1 kg insecticide active substance,herbicide,fungicide,pesticide_insecticide,2_chara;3_chara,6_chara;7_chara,4_chara;5_chara,,,,0.1829066800323025,0.0,0.0,0.1829066800323025
C5_2024,C5,2024,ha,"Human toxicity, cancer",CTUh,1.9881376975,0.0,0.0,,,,6.56e-09,7.28e-09,5.63e-09,1 kg herbicide active substance,1 kg fungicide active substance,1 kg insecticide active substance,herbicide,fungicide,pesticide_insecticide,2_chara;3_chara,6_chara;7_chara,4_chara;5_chara,,,,1.3042183295599999e-08,0.0,0.0,1.3042183295599999e-08
C5_2024,C5,2024,ha,"Human toxicity, cancer - inorganics",CTUh,1.9881376975,0.0,0.0,,,,3.84e-20,4.02e-20,4.24e-20,1 kg herbicide active substance,1 kg fungicide active substance,1 kg insecticide active substance,herbicide,fungicide,pesticide_insecticide,2_chara;3_chara,6_chara;7_chara,4_chara;5_chara,,,,7.6344487584e-20,0.0,0.0,7.6344487584e-20
C5_2024,C5,2024,ha,"Human toxicity, cancer - metals",CTUh,1.9881376975,0.0,0.0,,,,3.38e-09,2.79e-09,2.97e-09,1 kg herbicide active substance,1 kg fungicide active substance,1 kg insecticide active substance,herbicide,fungicide,pesticide_insecticide,2_chara;3_chara,6_chara;7_chara,4_chara;5_chara,,,,6.71990541755e-09,0.0,0.0,6.71990541755e-09
C5_2024,C5,2024,ha,"Human toxicity, cancer - organics",CTUh,1.9881376975,0.0,0.0,,,,3.19e-09,4.49e-09,2.66e-09,1 kg herbicide active substance,1 kg fungicide active substance,1 kg insecticide active substance,herbicide,fungicide,pesticide_insecticide,2_chara;3_chara,6_chara;7_chara,4_chara;5_chara,,,,6.342159255025e-09,0.0,0.0,6.342159255025e-09
C5_2024,C5,2024,ha,"Human toxicity, non-cancer",CTUh,1.9881376975,0.0,0.0,,,,8.28e-07,4.3090000000000003e-07,0.00017910999999999998,1 kg herbicide active substance,1 kg fungicide active substance,1 kg insecticide active substance,herbicide,fungicide,pesticide_insecticide,2_chara;3_chara,6_chara;7_chara,4_chara;5_chara,,,,1.64617801353e-06,0.0,0.0,1.64617801353e-06
C5_2024,C5,2024,ha,"Human toxicity, non-cancer - inorganics",CTUh,1.9881376975,0.0,0.0,,,,1.09e-08,8.28e-09,9.1e-09,1 kg herbicide active substance,1 kg fungicide active substance,1 kg insecticide active substance,herbicide,fungicide,pesticide_insecticide,2_chara;3_chara,6_chara;7_chara,4_chara;5_chara,,,,2.167070090275e-08,0.0,0.0,2.167070090275e-08
C5_2024,C5,2024,ha,"Human toxicity, non-cancer - metals",CTUh,1.9881376975,0.0,0.0,,,,1e-07,1.057e-07,8.69e-08,1 kg herbicide active substance,1 kg fungicide active substance,1 kg insecticide active substance,herbicide,fungicide,pesticide_insecticide,2_chara;3_chara,6_chara;7_chara,4_chara;5_chara,,,,1.9881376974999998e-07,0.0,0.0,1.9881376974999998e-07
C5_2024,C5,2024,ha,"Human toxicity, non-cancer - organics",CTUh,1.9881376975,0.0,0.0,,,,7.179999999999999e-07,3.1770000000000005e-07,0.00017901459999999998,1 kg herbicide active substance,1 kg fungicide active substance,1 kg insecticide active substance,herbicide,fungicide,pesticide_insecticide,2_chara;3_chara,6_chara;7_chara,4_chara;5_chara,,,,1.427482866805e-06,0.0,0.0,1.427482866805e-06
C5_2024,C5,2024,ha,Ionising radiation,kBq U-235 eq,1.9881376975,0.0,0.0,,,,3.967235,2.938444,3.373034,1 kg herbicide active substance,1 kg fungicide active substance,1 kg insecticide active substance,herbicide,fungicide,pesticide_insecticide,2_chara;3_chara,6_chara;7_chara,4_chara;5_chara,,,,7.887409458341413,0.0,0.0,7.887409458341413
C5_2024,C5,2024,ha,Land use,Pt,1.9881376975,0.0,0.0,,,,93.25604,87.12929,93.87114,1 kg herbicide active substance,1 kg fungicide active substance,1 kg insecticide active substance,herbicide,fungicide,pesticide_insecticide,2_chara;3_chara,6_chara;7_chara,4_chara;5_chara,,,,185.4058486435679,0.0,0.0,185.4058486435679
C5_2024,C5,2024,ha,Ozone depletion,kg CFC11 eq,1.9881376975,0.0,0.0,,,,1.47e-06,9.46e-07,1e-06,1 kg herbicide active substance,1 kg fungicide active substance,1 kg insecticide active substance,herbicide,fungicide,pesticide_insecticide,2_chara;3_chara,6_chara;7_chara,4_chara;5_chara,,,,2.9225624153249997e-06,0.0,0.0,2.9225624153249997e-06
C5_2024,C5,2024,ha,Particulate matter,disease inc.,1.9881376975,0.0,0.0,,,,2.7e-07,2.24e-07,2.41e-07,1 kg herbicide active substance,1 kg fungicide active substance,1 kg insecticide active substance,herbicide,fungicide,pesticide_insecticide,2_chara;3_chara,6_chara;7_chara,4_chara;5_chara,,,,5.36797178325e-07,0.0,0.0,5.36797178325e-07
C5_2024,C5,2024,ha,Photochemical ozone formation,kg NMVOC eq,1.9881376975,0.0,0.0,,,,0.02486,0.017891,0.019849,1 kg herbicide active substance,1 kg fungicide active substance,1 kg insecticide active substance,herbicide,fungicide,pesticide_insecticide,2_chara;3_chara,6_chara;7_chara,4_chara;5_chara,,,,0.04942510315985,0.0,0.0,0.04942510315985
C5_2024,C5,2024,ha,"Resource use, fossils",MJ,1.9881376975,0.0,0.0,,,,246.4021,173.2985,189.8419,1 kg herbicide active substance,1 kg fungicide active substance,1 kg insecticide active substance,herbicide,fungicide,pesticide_insecticide,2_chara;3_chara,6_chara;7_chara,4_chara;5_chara,,,,489.88130375316473,0.0,0.0,489.88130375316473
C5_2024,C5,2024,ha,"Resource use, minerals and metals",kg Sb eq,1.9881376975,0.0,0.0,,,,6.14e-05,4.6e-05,5.28e-05,1 kg herbicide active substance,1 kg fungicide active substance,1 kg insecticide active substance,herbicide,fungicide,pesticide_insecticide,2_chara;3_chara,6_chara;7_chara,4_chara;5_chara,,,,0.0001220716546265,0.0,0.0,0.0001220716546265
C5_2024,C5,2024,ha,Water use,m3 depriv.,1.9881376975,0.0,0.0,,,,1.924816,1.471827,1.666069,1 kg herbicide active substance,1 kg fungicide active substance,1 kg insecticide active substance,herbicide,fungicide,pesticide_insecticide,2_chara;3_chara,6_chara;7_chara,4_chara;5_chara,,,,3.82679925035116,0.0,0.0,3.82679925035116
C6_2022,C6,2022,ha,Acidification,mol H+ eq,0.9972602927,0.0,0.0341403365,,,,0.051857,0.038504,0.043223,1 kg herbicide active substance,1 kg fungicide active substance,1 kg insecticide active substance,herbicide,fungicide,pesticide_insecticide,2_chara;3_chara,6_chara;7_chara,4_chara;5_chara,,,,0.0517149269985439,0.0,0.0014756477645395,0.0531905747630834
C6_2022,C6,2022,ha,Climate change,kg CO2 eq,0.9972602927,0.0,0.0341403365,,,,13.6732,9.430276,10.25282,1 kg herbicide active substance,1 kg fungicide active substance,1 kg insecticide active substance,herbicide,fungicide,pesticide_insecticide,2_chara;3_chara,6_chara;7_chara,4_chara;5_chara,,,,13.63573943414564,0.0,0.35003472487393,13.98577415901957
C6_2022,C6,2022,ha,Climate change - Biogenic,kg CO2 eq,0.9972602927,0.0,0.0341403365,,,,0.223944,0.214731,0.218857,1 kg herbicide active substance,1 kg fungicide active substance,1 kg insecticide active substance,herbicide,fungicide,pesticide_insecticide,2_chara;3_chara,6_chara;7_chara,4_chara;5_chara,,,,0.2233304589884088,0.0,0.0074718516253805,0.2308023106137893
C6_2022,C6,2022,ha,Climate change - Fossil,kg CO2 eq,0.9972602927,0.0,0.0341403365,,,,13.4338,9.203992,10.02068,1 kg herbicide active substance,1 kg fungicide active substance,1 kg insecticide active substance,herbicide,fungicide,pesticide_insecticide,2_chara;3_chara,6_chara;7_chara,4_chara;5_chara,,,,13.39699532007326,0.0,0.34210938715882,13.73910470723208
C6_2022,C6,2022,ha,Climate change - Land use and LU change,kg CO2 eq,0.9972602927,0.0,0.0341403365,,,,0.015459,0.011552,0.013281,1 kg herbicide active substance,1 kg fungicide active substance,1 kg insecticide active substance,herbicide,fungicide,pesticide_insecticide,2_chara;3_chara,6_chara;7_chara,4_chara;5_chara,,,,0.0154166468648493,0.0,0.0004534178090565,0.015870064673905802
C6_2022,C6,2022,ha,"Ecotoxicity, freshwater",CTUe,0.9972602927,0.0,0.0341403365,,,,6433.9547999999995,16850.447900000003,2330477.7238,1 kg herbicide active substance,1 kg fungicide active substance,1 kg insecticide active substance,herbicide,fungicide,pesticide_insecticide,2_chara;3_chara,6_chara;7_chara,4_chara;5_chara,,,,6416.32764706657,0.0,79563.29369628605,85979.62134335263
C6_2022,C6,2022,ha,"Ecotoxicity, freshwater - inorganics",CTUe,0.9972602927,0.0,0.0341403365,,,,13.52104,8.955151,9.878709,1 kg herbicide active substance,1 kg fungicide active substance,1 kg insecticide active substance,herbicide,fungicide,pesticide_insecticide,2_chara;3_chara,6_chara;7_chara,4_chara;5_chara,,,,13.483996308008408,0.0,0.33726244944557854,13.821258757453986
C6_2022,C6,2022,ha,"Ecotoxicity, freshwater - metals",CTUe,0.9972602927,0.0,0.0341403365,,,,232.3885,2837.0964000000004,215.5284,1 kg herbicide active substance,1 kg fungicide active substance,1 kg insecticide active substance,herbicide,fungicide,pesticide_insecticide,2_chara;3_chara,6_chara;7_chara,4_chara;5_chara,,,,231.75182353011397,0.0,7.3582121013066,239.11003563142057
C6_2022,C6,2022,ha,"Ecotoxicity, freshwater - organics",CTUe,0.9972602927,0.0,0.0341403365,,,,6188.0453,14004.389299999999,2330252.3167,1 kg herbicide active substance,1 kg fungicide active substance,1 kg insecticide active substance,herbicide,fungicide,pesticide_insecticide,2_chara;3_chara,6_chara;7_chara,4_chara;5_chara,,,,6171.091867118859,0.0,79555.59822204256,85726.69008916142
C6_2022,C6,2022,ha,"Eutrophication, freshwater",kg P eq,0.9972602927,0.0,0.0341403365,,,,0.006633,0.00503,0.005765,1 kg herbicide active substance,1 kg fungicide active substance,1 kg insecticide active substance,herbicide,fungicide,pesticide_insecticide,2_chara;3_chara,6_chara;7_chara,4_chara;5_chara,,,,0.0066148275214791006,0.0,0.0001968190399225,0.006811646561401601
C6_2022,C6,2022,ha,"Eutrophication, marine",kg N eq,0.9972602927,0.0,0.0341403365,,,,0.012633,0.010401,0.011381,1 kg herbicide active substance,1 kg fungicide active substance,1 kg insecticide active substance,herbicide,fungicide,pesticide_insecticide,2_chara;3_chara,6_chara;7_chara,4_chara;5_chara,,,,0.0125983892776791,0.0,0.0003885511697065,0.0129869404473856
C6_2022,C6,2022,ha,"Eutrophication, terrestrial",mol N eq,0.9972602927,0.0,0.0341403365,,,,0.091999,0.069061,0.076172,1 kg herbicide active substance,1 kg fungicide active substance,1 kg insecticide active substance,herbicide,fungicide,pesticide_insecticide,2_chara;3_chara,6_chara;7_chara,4_chara;5_chara,,,,0.0917469496681073,0.0,0.002600537711878,0.0943474873799853
C6_2022,C6,2022,ha,"Human toxicity, cancer",CTUh,0.9972602927,0.0,0.0341403365,,,,6.56e-09,7.28e-09,5.63e-09,1 kg herbicide active substance,1 kg fungicide active substance,1 kg insecticide active substance,herbicide,fungicide,pesticide_insecticide,2_chara;3_chara,6_chara;7_chara,4_chara;5_chara,,,,6.542027520112e-09,0.0,1.92210094495e-10,6.734237614607e-09
C6_2022,C6,2022,ha,"Human toxicity, cancer - inorganics",CTUh,0.9972602927,0.0,0.0341403365,,,,3.84e-20,4.02e-20,4.24e-20,1 kg herbicide active substance,1 kg fungicide active substance,1 kg insecticide active substance,herbicide,fungicide,pesticide_insecticide,2_chara;3_chara,6_chara;7_chara,4_chara;5_chara,,,,3.829479523968e-20,0.0,1.4475502675999999e-21,3.974234550728e-20
C6_2022,C6,2022,ha,"Human toxicity, cancer - metals",CTUh,0.9972602927,0.0,0.0341403365,,,,3.38e-09,2.79e-09,2.97e-09,1 kg herbicide active substance,1 kg fungicide active substance,1 kg insecticide active substance,herbicide,fungicide,pesticide_insecticide,2_chara;3_chara,6_chara;7_chara,4_chara;5_chara,,,,3.370739789326e-09,0.0,1.01396799405e-10,3.472136588731e-09
C6_2022,C6,2022,ha,"Human toxicity, cancer - organics",CTUh,0.9972602927,0.0,0.0341403365,,,,3.19e-09,4.49e-09,2.66e-09,1 kg herbicide active substance,1 kg fungicide active substance,1 kg insecticide active substance,herbicide,fungicide,pesticide_insecticide,2_chara;3_chara,6_chara;7_chara,4_chara;5_chara,,,,3.1812603337130002e-09,0.0,9.081329509e-11,3.2720736288030003e-09
C6_2022,C6,2022,ha,"Human toxicity, non-cancer",CTUh,0.9972602927,0.0,0.0341403365,,,,8.28e-07,4.3090000000000003e-07,0.00017910999999999998,1 kg herbicide active substance,1 kg fungicide active substance,1 kg insecticide active substance,herbicide,fungicide,pesticide_insecticide,2_chara;3_chara,6_chara;7_chara,4_chara;5_chara,,,,8.257315223556e-07,0.0,6.114875670514999e-06,6.940607192870599e-06
C6_2022,C6,2022,ha,"Human toxicity, non-cancer - inorganics",CTUh,0.9972602927,0.0,0.0341403365,,,,1.09e-08,8.28e-09,9.1e-09,1 kg herbicide active substance,1 kg fungicide active substance,1 kg insecticide active substance,herbicide,fungicide,pesticide_insecticide,2_chara;3_chara,6_chara;7_chara,4_chara;5_chara,,,,1.087013719043e-08,0.0,3.1067706215000003e-10,1.118081425258e-08
C6_2022,C6,2022,ha,"Human toxicity, non-cancer - metals",CTUh,0.9972602927,0.0,0.0341403365,,,,1e-07,1.057e-07,8.69e-08,1 kg herbicide active substance,1 kg fungicide active substance,1 kg insecticide active substance,herbicide,fungicide,pesticide_insecticide,2_chara;3_chara,6_chara;7_chara,4_chara;5_chara,,,,9.972602927e-08,0.0,2.9667952418500002e-09,1.0269282451185e-07
C6_2022,C6,2022,ha,"Human toxicity, non-cancer - organics",CTUh,0.9972602927,0.0,0.0341403365,,,,7.179999999999999e-07,3.1770000000000005e-07,0.00017901459999999998,1 kg herbicide active substance,1 kg fungicide active substance,1 kg insecticide active substance,herbicide,fungicide,pesticide_insecticide,2_chara;3_chara,6_chara;7_chara,4_chara;5_chara,,,,7.160328901586e-07,0.0,6.1116186824129e-06,6.8276515725715e-06
C6_2022,C6,2022,ha,Ionising radiation,kBq U-235 eq,0.9972602927,0.0,0.0341403365,,,,3.967235,2.938444,3.373034,1 kg herbicide active substance,1 kg fungicide active substance,1 kg insecticide active substance,herbicide,fungicide,pesticide_insecticide,2_chara;3_chara,6_chara;7_chara,4_chara;5_chara,,,,3.956365937309685,0.0,0.11515651578594101,4.071522453095626
C6_2022,C6,2022,ha,Land use,Pt,0.9972602927,0.0,0.0341403365,,,,93.25604,87.12929,93.87114,1 kg herbicide active substance,1 kg fungicide active substance,1 kg insecticide active substance,herbicide,fungicide,pesticide_insecticide,2_chara;3_chara,6_chara;7_chara,4_chara;5_chara,,,,93.00054574644291,0.0,3.20479230723861,96.20533805368152
C6_2022,C6,2022,ha,Ozone depletion,kg CFC11 eq,0.9972602927,0.0,0.0341403365,,,,1.47e-06,9.46e-07,1e-06,1 kg herbicide active substance,1 kg fungicide active substance,1 kg insecticide active substance,herbicide,fungicide,pesticide_insecticide,2_chara;3_chara,6_chara;7_chara,4_chara;5_chara,,,,1.465972630269e-06,0.0,3.4140336499999996e-08,1.500112966769e-06
C6_2022,C6,2022,ha,Particulate matter,disease inc.,0.9972602927,0.0,0.0341403365,,,,2.7e-07,2.24e-07,2.41e-07,1 kg herbicide active substance,1 kg fungicide active substance,1 kg insecticide active substance,herbicide,fungicide,pesticide_insecticide,2_chara;3_chara,6_chara;7_chara,4_chara;5_chara,,,,2.6926027902900005e-07,0.0,8.2278210965e-09,2.774881001255e-07
C6_2022,C6,2022,ha,Photochemical ozone formation,kg NMVOC eq,0.9972602927,0.0,0.0341403365,,,,0.02486,0.017891,0.019849,1 kg herbicide active substance,1 kg fungicide active substance,1 kg insecticide active substance,herbicide,fungicide,pesticide_insecticide,2_chara;3_chara,6_chara;7_chara,4_chara;5_chara,,,,0.024791890876522,0.0,0.0006776515391885,0.025469542415710502
C6_2022,C6,2022,ha,"Resource use, fossils",MJ,0.9972602927,0.0,0.0341403365,,,,246.4021,173.2985,189.8419,1 kg herbicide active substance,1 kg fungicide active substance,1 kg insecticide active substance,herbicide,fungicide,pesticide_insecticide,2_chara;3_chara,6_chara;7_chara,4_chara;5_chara,,,,245.72703036789468,0.0,6.48126634779935,252.20829671569405
C6_2022,C6,2022,ha,"Resource use, minerals and metals",kg Sb eq,0.9972602927,0.0,0.0341403365,,,,6.14e-05,4.6e-05,5.28e-05,1 kg herbicide active substance,1 kg fungicide active substance,1 kg insecticide active substance,herbicide,fungicide,pesticide_insecticide,2_chara;3_chara,6_chara;7_chara,4_chara;5_chara,,,,6.123178197178001e-05,0.0,1.8026097672e-06,6.303439173898e-05
C6_2022,C6,2022,ha,Water use,m3 depriv.,0.9972602927,0.0,0.0341403365,,,,1.924816,1.471827,1.666069,1 kg herbicide active substance,1 kg fungicide active substance,1 kg insecticide active substance,herbicide,fungicide,pesticide_insecticide,2_chara;3_chara,6_chara;7_chara,4_chara;5_chara,,,,1.9195425675536433,0.0,0.0568801562922185,1.9764227238458618
C6_2023,C6,2023,ha,Acidification,mol H+ eq,1.72,0.0,0.5541707694,,,,0.051857,0.038504,0.043223,1 kg herbicide active substance,1 kg fungicide active substance,1 kg insecticide active substance,herbicide,fungicide,pesticide_insecticide,2_chara;3_chara,6_chara;7_chara,4_chara;5_chara,,,,0.08919404,0.0,0.0239529231657762,0.1131469631657762
C6_2023,C6,2023,ha,Climate change,kg CO2 eq,1.72,0.0,0.5541707694,,,,13.6732,9.430276,10.25282,1 kg herbicide active substance,1 kg fungicide active substance,1 kg insecticide active substance,herbicide,fungicide,pesticide_insecticide,2_chara;3_chara,6_chara;7_chara,4_chara;5_chara,,,,23.517903999999998,0.0,5.681813147919708,29.199717147919706
C6_2023,C6,2023,ha,Climate change - Biogenic,kg CO2 eq,1.72,0.0,0.5541707694,,,,0.223944,0.214731,0.218857,1 kg herbicide active substance,1 kg fungicide active substance,1 kg insecticide active substance,herbicide,fungicide,pesticide_insecticide,2_chara;3_chara,6_chara;7_chara,4_chara;5_chara,,,,0.38518368000000003,0.0,0.12128415207857579,0.5064678320785758
C6_2023,C6,2023,ha,Climate change - Fossil,kg CO2 eq,1.72,0.0,0.5541707694,,,,13.4338,9.203992,10.02068,1 kg herbicide active substance,1 kg fungicide active substance,1 kg insecticide active substance,herbicide,fungicide,pesticide_insecticide,2_chara;3_chara,6_chara;7_chara,4_chara;5_chara,,,,23.106136,0.0,5.553167945511192,28.65930394551119
C6_2023,C6,2023,ha,Climate change - Land use and LU change,kg CO2 eq,1.72,0.0,0.5541707694,,,,0.015459,0.011552,0.013281,1 kg herbicide active substance,1 kg fungicide active substance,1 kg insecticide active substance,herbicide,fungicide,pesticide_insecticide,2_chara;3_chara,6_chara;7_chara,4_chara;5_chara,,,,0.026589480000000002,0.0,0.0073599419884014,0.0339494219884014
C6_2023,C6,2023,ha,"Ecotoxicity, freshwater",CTUe,1.72,0.0,0.5541707694,,,,6433.9547999999995,16850.447900000003,2330477.7238,1 kg herbicide active substance,1 kg fungicide active substance,1 kg insecticide active substance,herbicide,fungicide,pesticide_insecticide,2_chara;3_chara,6_chara;7_chara,4_chara;5_chara,,,,11066.402256,0.0,1291482.6332678066,1302549.0355238067
C6_2023,C6,2023,ha,"Ecotoxicity, freshwater - inorganics",CTUe,1.72,0.0,0.5541707694,,,,13.52104,8.955151,9.878709,1 kg herbicide active substance,1 kg fungicide active substance,1 kg insecticide active substance,herbicide,fungicide,pesticide_insecticide,2_chara;3_chara,6_chara;7_chara,4_chara;5_chara,,,,23.256188799999997,0.0,5.474491767208705,28.7306805672087
C6_2023,C6,2023,ha,"Ecotoxicity, freshwater - metals",CTUe,1.72,0.0,0.5541707694,,,,232.3885,2837.0964000000004,215.5284,1 kg herbicide active substance,1 kg fungicide active substance,1 kg insecticide active substance,herbicide,fungicide,pesticide_insecticide,2_chara;3_chara,6_chara;7_chara,4_chara;5_chara,,,,399.70822,0.0,119.43953925555095,519.1477592555509
C6_2023,C6,2023,ha,"Ecotoxicity, freshwater - organics",CTUe,1.72,0.0,0.5541707694,,,,6188.0453,14004.389299999999,2330252.3167,1 kg herbicide active substance,1 kg fungicide active substance,1 kg insecticide active substance,herbicide,fungicide,pesticide_insecticide,2_chara;3_chara,6_chara;7_chara,4_chara;5_chara,,,,10643.437915999999,0.0,1291357.7192417714,1302001.1571577713
C6_2023,C6,2023,ha,"Eutrophication, freshwater",kg P eq,1.72,0.0,0.5541707694,,,,0.006633,0.00503,0.005765,1 kg herbicide active substance,1 kg fungicide active substance,1 kg insecticide active substance,herbicide,fungicide,pesticide_insecticide,2_chara;3_chara,6_chara;7_chara,4_chara;5_chara,,,,0.01140876,0.0,0.003194794485591,0.014603554485591001
C6_2023,C6,2023,ha,"Eutrophication, marine",kg N eq,1.72,0.0,0.5541707694,,,,0.012633,0.010401,0.011381,1 kg herbicide active substance,1 kg fungicide active substance,1 kg insecticide active substance,herbicide,fungicide,pesticide_insecticide,2_chara;3_chara,6_chara;7_chara,4_chara;5_chara,,,,0.02172876,0.0,0.0063070175265414,0.0280357775265414
C6_2023,C6,2023,ha,"Eutrophication, terrestrial",mol N eq,1.72,0.0,0.5541707694,,,,0.091999,0.069061,0.076172,1 kg herbicide active substance,1 kg fungicide active substance,1 kg insecticide active substance,herbicide,fungicide,pesticide_insecticide,2_chara;3_chara,6_chara;7_chara,4_chara;5_chara,,,,0.15823827999999998,0.0,0.0422122958467368,0.20045057584673678
C6_2023,C6,2023,ha,"Human toxicity, cancer",CTUh,1.72,0.0,0.5541707694,,,,6.56e-09,7.28e-09,5.63e-09,1 kg herbicide active substance,1 kg fungicide active substance,1 kg insecticide active substance,herbicide,fungicide,pesticide_insecticide,2_chara;3_chara,6_chara;7_chara,4_chara;5_chara,,,,1.12832e-08,0.0,3.119981431722e-09,1.4403181431722001e-08
C6_2023,C6,2023,ha,"Human toxicity, cancer - inorganics",CTUh,1.72,0.0,0.5541707694,,,,3.84e-20,4.02e-20,4.24e-20,1 kg herbicide active substance,1 kg fungicide active substance,1 kg insecticide active substance,herbicide,fungicide,pesticide_insecticide,2_chara;3_chara,6_chara;7_chara,4_chara;5_chara,,,,6.604799999999999e-20,0.0,2.349684062256e-20,8.954484062255999e-20
C6_2023,C6,2023,ha,"Human toxicity, cancer - metals",CTUh,1.72,0.0,0.5541707694,,,,3.38e-09,2.79e-09,2.97e-09,1 kg herbicide active substance,1 kg fungicide active substance,1 kg insecticide active substance,herbicide,fungicide,pesticide_insecticide,2_chara;3_chara,6_chara;7_chara,4_chara;5_chara,,,,5.8136e-09,0.0,1.645887185118e-09,7.459487185117999e-09
C6_2023,C6,2023,ha,"Human toxicity, cancer - organics",CTUh,1.72,0.0,0.5541707694,,,,3.19e-09,4.49e-09,2.66e-09,1 kg herbicide active substance,1 kg fungicide active substance,1 kg insecticide active substance,herbicide,fungicide,pesticide_insecticide,2_chara;3_chara,6_chara;7_chara,4_chara;5_chara,,,,5.4868e-09,0.0,1.474094246604e-09,6.960894246604e-09
C6_2023,C6,2023,ha,"Human toxicity, non-cancer",CTUh,1.72,0.0,0.5541707694,,,,8.28e-07,4.3090000000000003e-07,0.00017910999999999998,1 kg herbicide active substance,1 kg fungicide active substance,1 kg insecticide active substance,herbicide,fungicide,pesticide_insecticide,2_chara;3_chara,6_chara;7_chara,4_chara;5_chara,,,,1.4241599999999998e-06,0.0,9.925752650723399e-05,0.00010068168650723399
C6_2023,C6,2023,ha,"Human toxicity, non-cancer - inorganics",CTUh,1.72,0.0,0.5541707694,,,,1.09e-08,8.28e-09,9.1e-09,1 kg herbicide active substance,1 kg fungicide active substance,1 kg insecticide active substance,herbicide,fungicide,pesticide_insecticide,2_chara;3_chara,6_chara;7_chara,4_chara;5_chara,,,,1.8748e-08,0.0,5.0429540015400005e-09,2.379095400154e-08
C6_2023,C6,2023,ha,"Human toxicity, non-cancer - metals",CTUh,1.72,0.0,0.5541707694,,,,1e-07,1.057e-07,8.69e-08,1 kg herbicide active substance,1 kg fungicide active substance,1 kg insecticide active substance,herbicide,fungicide,pesticide_insecticide,2_chara;3_chara,6_chara;7_chara,4_chara;5_chara,,,,1.7199999999999998e-07,0.0,4.815743986086e-08,2.2015743986085997e-07
C6_2023,C6,2023,ha,"Human toxicity, non-cancer - organics",CTUh,1.72,0.0,0.5541707694,,,,7.179999999999999e-07,3.1770000000000005e-07,0.00017901459999999998,1 kg herbicide active substance,1 kg fungicide active substance,1 kg insecticide active substance,herbicide,fungicide,pesticide_insecticide,2_chara;3_chara,6_chara;7_chara,4_chara;5_chara,,,,1.23496e-06,0.0,9.920465861583322e-05,0.00010043961861583322
C6_2023,C6,2023,ha,Ionising radiation,kBq U-235 eq,1.72,0.0,0.5541707694,,,,3.967235,2.938444,3.373034,1 kg herbicide active substance,1 kg fungicide active substance,1 kg insecticide active substance,herbicide,fungicide,pesticide_insecticide,2_chara;3_chara,6_chara;7_chara,4_chara;5_chara,,,,6.8236442,0.0,1.8692368469923597,8.69288104699236
C6_2023,C6,2023,ha,Land use,Pt,1.72,0.0,0.5541707694,,,,93.25604,87.12929,93.87114,1 kg herbicide active substance,1 kg fungicide active substance,1 kg insecticide active substance,herbicide,fungicide,pesticide_insecticide,2_chara;3_chara,6_chara;7_chara,4_chara;5_chara,,,,160.4003888,0.0,52.02064187825511,212.4210306782551
C6_2023,C6,2023,ha,Ozone depletion,kg CFC11 eq,1.72,0.0,0.5541707694,,,,1.47e-06,9.46e-07,1e-06,1 kg herbicide active substance,1 kg fungicide active substance,1 kg insecticide active substance,herbicide,fungicide,pesticide_insecticide,2_chara;3_chara,6_chara;7_chara,4_chara;5_chara,,,,2.5284e-06,0.0,5.541707694e-07,3.0825707693999995e-06
C6_2023,C6,2023,ha,Particulate matter,disease inc.,1.72,0.0,0.5541707694,,,,2.7e-07,2.24e-07,2.41e-07,1 kg herbicide active substance,1 kg fungicide active substance,1 kg insecticide active substance,herbicide,fungicide,pesticide_insecticide,2_chara;3_chara,6_chara;7_chara,4_chara;5_chara,,,,4.644e-07,0.0,1.335551554254e-07,5.979551554253999e-07
C6_2023,C6,2023,ha,Photochemical ozone formation,kg NMVOC eq,1.72,0.0,0.5541707694,,,,0.02486,0.017891,0.019849,1 kg herbicide active substance,1 kg fungicide active substance,1 kg insecticide active substance,herbicide,fungicide,pesticide_insecticide,2_chara;3_chara,6_chara;7_chara,4_chara;5_chara,,,,0.0427592,0.0,0.010999735601820599,0.053758935601820594
C6_2023,C6,2023,ha,"Resource use, fossils",MJ,1.72,0.0,0.5541707694,,,,246.4021,173.2985,189.8419,1 kg herbicide active substance,1 kg fungicide active substance,1 kg insecticide active substance,herbicide,fungicide,pesticide_insecticide,2_chara;3_chara,6_chara;7_chara,4_chara;5_chara,,,,423.81161199999997,0.0,105.20483178735786,529.0164437873578
C6_2023,C6,2023,ha,"Resource use, minerals and metals",kg Sb eq,1.72,0.0,0.5541707694,,,,6.14e-05,4.6e-05,5.28e-05,1 kg herbicide active substance,1 kg fungicide active substance,1 kg insecticide active substance,herbicide,fungicide,pesticide_insecticide,2_chara;3_chara,6_chara;7_chara,4_chara;5_chara,,,,0.000105608,0.0,2.926021662432e-05,0.00013486821662432
C6_2023,C6,2023,ha,Water use,m3 depriv.,1.72,0.0,0.5541707694,,,,1.924816,1.471827,1.666069,1 kg herbicide active substance,1 kg fungicide active substance,1 kg insecticide active substance,herbicide,fungicide,pesticide_insecticide,2_chara;3_chara,6_chara;7_chara,4_chara;5_chara,,,,3.31068352,0.0,0.9232867396034886,4.233970259603488
C6_2024,C6,2024,ha,Acidification,mol H+ eq,0.8942641092,0.0,0.54,,,,0.051857,0.038504,0.043223,1 kg herbicide active substance,1 kg fungicide active substance,1 kg insecticide active substance,herbicide,fungicide,pesticide_insecticide,2_chara;3_chara,6_chara;7_chara,4_chara;5_chara,,,,0.0463738539107844,0.0,0.02334042,0.0697142739107844
C6_2024,C6,2024,ha,Climate change,kg CO2 eq,0.8942641092,0.0,0.54,,,,13.6732,9.430276,10.25282,1 kg herbicide active substance,1 kg fungicide active substance,1 kg insecticide active substance,herbicide,fungicide,pesticide_insecticide,2_chara;3_chara,6_chara;7_chara,4_chara;5_chara,,,,12.22745201791344,0.0,5.5365228,17.76397481791344
C6_2024,C6,2024,ha,Climate change - Biogenic,kg CO2 eq,0.8942641092,0.0,0.54,,,,0.223944,0.214731,0.218857,1 kg herbicide active substance,1 kg fungicide active substance,1 kg insecticide active substance,herbicide,fungicide,pesticide_insecticide,2_chara;3_chara,6_chara;7_chara,4_chara;5_chara,,,,0.2002650816706848,0.0,0.11818278,0.3184478616706848
C6_2024,C6,2024,ha,Climate change - Fossil,kg CO2 eq,0.8942641092,0.0,0.54,,,,13.4338,9.203992,10.02068,1 kg herbicide active substance,1 kg fungicide active substance,1 kg insecticide active substance,herbicide,fungicide,pesticide_insecticide,2_chara;3_chara,6_chara;7_chara,4_chara;5_chara,,,,12.01336519017096,0.0,5.4111672,17.42453239017096
C6_2024,C6,2024,ha,Climate change - Land use and LU change,kg CO2 eq,0.8942641092,0.0,0.54,,,,0.015459,0.011552,0.013281,1 kg herbicide active substance,1 kg fungicide active substance,1 kg insecticide active substance,herbicide,fungicide,pesticide_insecticide,2_chara;3_chara,6_chara;7_chara,4_chara;5_chara,,,,0.0138244288641228,0.0,0.00717174,0.0209961688641228
C6_2024,C6,2024,ha,"Ecotoxicity, freshwater",CTUe,0.8942641092,0.0,0.54,,,,6433.9547999999995,16850.447900000003,2330477.7238,1 kg herbicide active substance,1 kg fungicide active substance,1 kg insecticide active substance,herbicide,fungicide,pesticide_insecticide,2_chara;3_chara,6_chara;7_chara,4_chara;5_chara,,,,5753.654857855064,0.0,1258457.970852,1264211.625709855
C6_2024,C6,2024,ha,"Ecotoxicity, freshwater - inorganics",CTUe,0.8942641092,0.0,0.54,,,,13.52104,8.955151,9.878709,1 kg herbicide active substance,1 kg fungicide active substance,1 kg insecticide active substance,herbicide,fungicide,pesticide_insecticide,2_chara;3_chara,6_chara;7_chara,4_chara;5_chara,,,,12.091380791057567,0.0,5.334502860000001,17.425883651057568
C6_2024,C6,2024,ha,"Ecotoxicity, freshwater - metals",CTUe,0.8942641092,0.0,0.54,,,,232.3885,2837.0964000000004,215.5284,1 kg herbicide active substance,1 kg fungicide active substance,1 kg insecticide active substance,herbicide,fungicide,pesticide_insecticide,2_chara;3_chara,6_chara;7_chara,4_chara;5_chara,,,,207.8166949408242,0.0,116.38533600000001,324.2020309408242
C6_2024,C6,2024,ha,"Ecotoxicity, freshwater - organics",CTUe,0.8942641092,0.0,0.54,,,,6188.0453,14004.389299999999,2330252.3167,1 kg herbicide active substance,1 kg fungicide active substance,1 kg insecticide active substance,herbicide,fungicide,pesticide_insecticide,2_chara;3_chara,6_chara;7_chara,4_chara;5_chara,,,,5533.746817893746,0.0,1258336.251018,1263869.9978358939
C6_2024,C6,2024,ha,"Eutrophication, freshwater",kg P eq,0.8942641092,0.0,0.54,,,,0.006633,0.00503,0.005765,1 kg herbicide active substance,1 kg fungicide active substance,1 kg insecticide active substance,herbicide,fungicide,pesticide_insecticide,2_chara;3_chara,6_chara;7_chara,4_chara;5_chara,,,,0.0059316538363236,0.0,0.0031131,0.0090447538363236
C6_2024,C6,2024,ha,"Eutrophication, marine",kg N eq,0.8942641092,0.0,0.54,,,,0.012633,0.010401,0.011381,1 kg herbicide active substance,1 kg fungicide active substance,1 kg insecticide active substance,herbicide,fungicide,pesticide_insecticide,2_chara;3_chara,6_chara;7_chara,4_chara;5_chara,,,,0.0112972384915236,0.0,0.006145740000000001,0.0174429784915236
C6_2024,C6,2024,ha,"Eutrophication, terrestrial",mol N eq,0.8942641092,0.0,0.54,,,,0.091999,0.069061,0.076172,1 kg herbicide active substance,1 kg fungicide active substance,1 kg insecticide active substance,herbicide,fungicide,pesticide_insecticide,2_chara;3_chara,6_chara;7_chara,4_chara;5_chara,,,,0.0822714037822908,0.0,0.041132880000000004,0.12340428378229079
C6_2024,C6,2024,ha,"Human toxicity, cancer",CTUh,0.8942641092,0.0,0.54,,,,6.56e-09,7.28e-09,5.63e-09,1 kg herbicide active substance,1 kg fungicide active substance,1 kg insecticide active substance,herbicide,fungicide,pesticide_insecticide,2_chara;3_chara,6_chara;7_chara,4_chara;5_chara,,,,5.866372556352e-09,0.0,3.0402e-09,8.906572556352e-09
C6_2024,C6,2024,ha,"Human toxicity, cancer - inorganics",CTUh,0.8942641092,0.0,0.54,,,,3.84e-20,4.02e-20,4.24e-20,1 kg herbicide active substance,1 kg fungicide active substance,1 kg insecticide active substance,herbicide,fungicide,pesticide_insecticide,2_chara;3_chara,6_chara;7_chara,4_chara;5_chara,,,,3.433974179328e-20,0.0,2.2896000000000002e-20,5.723574179328e-20
C6_2024,C6,2024,ha,"Human toxicity, cancer - metals",CTUh,0.8942641092,0.0,0.54,,,,3.38e-09,2.79e-09,2.97e-09,1 kg herbicide active substance,1 kg fungicide active substance,1 kg insecticide active substance,herbicide,fungicide,pesticide_insecticide,2_chara;3_chara,6_chara;7_chara,4_chara;5_chara,,,,3.022612689096e-09,0.0,1.6038e-09,4.626412689096e-09
C6_2024,C6,2024,ha,"Human toxicity, cancer - organics",CTUh,0.8942641092,0.0,0.54,,,,3.19e-09,4.49e-09,2.66e-09,1 kg herbicide active substance,1 kg fungicide active substance,1 kg insecticide active substance,herbicide,fungicide,pesticide_insecticide,2_chara;3_chara,6_chara;7_chara,4_chara;5_chara,,,,2.852702508348e-09,0.0,1.4364000000000001e-09,4.289102508348e-09
C6_2024,C6,2024,ha,"Human toxicity, non-cancer",CTUh,0.8942641092,0.0,0.54,,,,8.28e-07,4.3090000000000003e-07,0.00017910999999999998,1 kg herbicide active substance,1 kg fungicide active substance,1 kg insecticide active substance,herbicide,fungicide,pesticide_insecticide,2_chara;3_chara,6_chara;7_chara,4_chara;5_chara,,,,7.404506824175999e-07,0.0,9.67194e-05,9.745985068241759e-05
C6_2024,C6,2024,ha,"Human toxicity, non-cancer - inorganics",CTUh,0.8942641092,0.0,0.54,,,,1.09e-08,8.28e-09,9.1e-09,1 kg herbicide active substance,1 kg fungicide active substance,1 kg insecticide active substance,herbicide,fungicide,pesticide_insecticide,2_chara;3_chara,6_chara;7_chara,4_chara;5_chara,,,,9.747478790279999e-09,0.0,4.914e-09,1.466147879028e-08
C6_2024,C6,2024,ha,"Human toxicity, non-cancer - metals",CTUh,0.8942641092,0.0,0.54,,,,1e-07,1.057e-07,8.69e-08,1 kg herbicide active substance,1 kg fungicide active substance,1 kg insecticide active substance,herbicide,fungicide,pesticide_insecticide,2_chara;3_chara,6_chara;7_chara,4_chara;5_chara,,,,8.942641091999999e-08,0.0,4.6926000000000006e-08,1.3635241092e-07
C6_2024,C6,2024,ha,"Human toxicity, non-cancer - organics",CTUh,0.8942641092,0.0,0.54,,,,7.179999999999999e-07,3.1770000000000005e-07,0.00017901459999999998,1 kg herbicide active substance,1 kg fungicide active substance,1 kg insecticide active substance,herbicide,fungicide,pesticide_insecticide,2_chara;3_chara,6_chara;7_chara,4_chara;5_chara,,,,6.420816304056e-07,0.0,9.666788399999999e-05,9.730996563040559e-05
C6_2024,C6,2024,ha,Ionising radiation,kBq U-235 eq,0.8942641092,0.0,0.54,,,,3.967235,2.938444,3.373034,1 kg herbicide active substance,1 kg fungicide active substance,1 kg insecticide active substance,herbicide,fungicide,pesticide_insecticide,2_chara;3_chara,6_chara;7_chara,4_chara;5_chara,,,,3.547755873262062,0.0,1.8214383600000001,5.369194233262062
C6_2024,C6,2024,ha,Land use,Pt,0.8942641092,0.0,0.54,,,,93.25604,87.12929,93.87114,1 kg herbicide active substance,1 kg fungicide active substance,1 kg insecticide active substance,herbicide,fungicide,pesticide_insecticide,2_chara;3_chara,6_chara;7_chara,4_chara;5_chara,,,,83.39552953811956,0.0,50.6904156,134.08594513811957
C6_2024,C6,2024,ha,Ozone depletion,kg CFC11 eq,0.8942641092,0.0,0.54,,,,1.47e-06,9.46e-07,1e-06,1 kg herbicide active substance,1 kg fungicide active substance,1 kg insecticide active substance,herbicide,fungicide,pesticide_insecticide,2_chara;3_chara,6_chara;7_chara,4_chara;5_chara,,,,1.3145682405239999e-06,0.0,5.4e-07,1.854568240524e-06
C6_2024,C6,2024,ha,Particulate matter,disease inc.,0.8942641092,0.0,0.54,,,,2.7e-07,2.24e-07,2.41e-07,1 kg herbicide active substance,1 kg fungicide active substance,1 kg insecticide active substance,herbicide,fungicide,pesticide_insecticide,2_chara;3_chara,6_chara;7_chara,4_chara;5_chara,,,,2.41451309484e-07,0.0,1.3014e-07,3.71591309484e-07
C6_2024,C6,2024,ha,Photochemical ozone formation,kg NMVOC eq,0.8942641092,0.0,0.54,,,,0.02486,0.017891,0.019849,1 kg herbicide active substance,1 kg fungicide active substance,1 kg insecticide active substance,herbicide,fungicide,pesticide_insecticide,2_chara;3_chara,6_chara;7_chara,4_chara;5_chara,,,,0.022231405754712,0.0,0.010718459999999999,0.032949865754711996
C6_2024,C6,2024,ha,"Resource use, fossils",MJ,0.8942641092,0.0,0.54,,,,246.4021,173.2985,189.8419,1 kg herbicide active substance,1 kg fungicide active substance,1 kg insecticide active substance,herbicide,fungicide,pesticide_insecticide,2_chara;3_chara,6_chara;7_chara,4_chara;5_chara,,,,220.3485544615093,0.0,102.514626,322.86318046150933
C6_2024,C6,2024,ha,"Resource use, minerals and metals",kg Sb eq,0.8942641092,0.0,0.54,,,,6.14e-05,4.6e-05,5.28e-05,1 kg herbicide active substance,1 kg fungicide active substance,1 kg insecticide active substance,herbicide,fungicide,pesticide_insecticide,2_chara;3_chara,6_chara;7_chara,4_chara;5_chara,,,,5.490781630488e-05,0.0,2.8512000000000004e-05,8.341981630488001e-05
C6_2024,C6,2024,ha,Water use,m3 depriv.,0.8942641092,0.0,0.54,,,,1.924816,1.471827,1.666069,1 kg herbicide active substance,1 kg fungicide active substance,1 kg insecticide active substance,herbicide,fungicide,pesticide_insecticide,2_chara;3_chara,6_chara;7_chara,4_chara;5_chara,,,,1.7212938656139072,0.0,0.89967726,2.620971125613907
C7_2023,C7,2023,ha,Acidification,mol H+ eq,2.44,0.0,0.12,,,,0.051857,0.038504,0.043223,1 kg herbicide active substance,1 kg fungicide active substance,1 kg insecticide active substance,herbicide,fungicide,pesticide_insecticide,2_chara;3_chara,6_chara;7_chara,4_chara;5_chara,,,,0.12653108,0.0,0.0051867599999999995,0.13171784
C7_2023,C7,2023,ha,Climate change,kg CO2 eq,2.44,0.0,0.12,,,,13.6732,9.430276,10.25282,1 kg herbicide active substance,1 kg fungicide active substance,1 kg insecticide active substance,herbicide,fungicide,pesticide_insecticide,2_chara;3_chara,6_chara;7_chara,4_chara;5_chara,,,,33.362608,0.0,1.2303384,34.5929464
C7_2023,C7,2023,ha,Climate change - Biogenic,kg CO2 eq,2.44,0.0,0.12,,,,0.223944,0.214731,0.218857,1 kg herbicide active substance,1 kg fungicide active substance,1 kg insecticide active substance,herbicide,fungicide,pesticide_insecticide,2_chara;3_chara,6_chara;7_chara,4_chara;5_chara,,,,0.54642336,0.0,0.02626284,0.5726862
C7_2023,C7,2023,ha,Climate change - Fossil,kg CO2 eq,2.44,0.0,0.12,,,,13.4338,9.203992,10.02068,1 kg herbicide active substance,1 kg fungicide active substance,1 kg insecticide active substance,herbicide,fungicide,pesticide_insecticide,2_chara;3_chara,6_chara;7_chara,4_chara;5_chara,,,,32.778472,0.0,1.2024816,33.9809536
C7_2023,C7,2023,ha,Climate change - Land use and LU change,kg CO2 eq,2.44,0.0,0.12,,,,0.015459,0.011552,0.013281,1 kg herbicide active substance,1 kg fungicide active substance,1 kg insecticide active substance,herbicide,fungicide,pesticide_insecticide,2_chara;3_chara,6_chara;7_chara,4_chara;5_chara,,,,0.037719960000000004,0.0,0.0015937199999999999,0.039313680000000004
C7_2023,C7,2023,ha,"Ecotoxicity, freshwater",CTUe,2.44,0.0,0.12,,,,6433.9547999999995,16850.447900000003,2330477.7238,1 kg herbicide active substance,1 kg fungicide active substance,1 kg insecticide active substance,herbicide,fungicide,pesticide_insecticide,2_chara;3_chara,6_chara;7_chara,4_chara;5_chara,,,,15698.849712,0.0,279657.32685599994,295356.17656799994
C7_2023,C7,2023,ha,"Ecotoxicity, freshwater - inorganics",CTUe,2.44,0.0,0.12,,,,13.52104,8.955151,9.878709,1 kg herbicide active substance,1 kg fungicide active substance,1 kg insecticide active substance,herbicide,fungicide,pesticide_insecticide,2_chara;3_chara,6_chara;7_chara,4_chara;5_chara,,,,32.991337599999994,0.0,1.18544508,34.176782679999995
C7_2023,C7,2023,ha,"Ecotoxicity, freshwater - metals",CTUe,2.44,0.0,0.12,,,,232.3885,2837.0964000000004,215.5284,1 kg herbicide active substance,1 kg fungicide active substance,1 kg insecticide active substance,herbicide,fungicide,pesticide_insecticide,2_chara;3_chara,6_chara;7_chara,4_chara;5_chara,,,,567.02794,0.0,25.863408,592.891348
C7_2023,C7,2023,ha,"Ecotoxicity, freshwater - organics",CTUe,2.44,0.0,0.12,,,,6188.0453,14004.389299999999,2330252.3167,1 kg herbicide active substance,1 kg fungicide active substance,1 kg insecticide active substance,herbicide,fungicide,pesticide_insecticide,2_chara;3_chara,6_chara;7_chara,4_chara;5_chara,,,,15098.830532,0.0,279630.27800399996,294729.10853599996
C7_2023,C7,2023,ha,"Eutrophication, freshwater",kg P eq,2.44,0.0,0.12,,,,0.006633,0.00503,0.005765,1 kg herbicide active substance,1 kg fungicide active substance,1 kg insecticide active substance,herbicide,fungicide,pesticide_insecticide,2_chara;3_chara,6_chara;7_chara,4_chara;5_chara,,,,0.01618452,0.0,0.0006918,0.01687632
C7_2023,C7,2023,ha,"Eutrophication, marine",kg N eq,2.44,0.0,0.12,,,,0.012633,0.010401,0.011381,1 kg herbicide active substance,1 kg fungicide active substance,1 kg insecticide active substance,herbicide,fungicide,pesticide_insecticide,2_chara;3_chara,6_chara;7_chara,4_chara;5_chara,,,,0.03082452,0.0,0.00136572,0.03219024
C7_2023,C7,2023,ha,"Eutrophication, terrestrial",mol N eq,2.44,0.0,0.12,,,,0.091999,0.069061,0.076172,1 kg herbicide active substance,1 kg fungicide active substance,1 kg insecticide active substance,herbicide,fungicide,pesticide_insecticide,2_chara;3_chara,6_chara;7_chara,4_chara;5_chara,,,,0.22447756,0.0,0.00914064,0.2336182
C7_2023,C7,2023,ha,"Human toxicity, cancer",CTUh,2.44,0.0,0.12,,,,6.56e-09,7.28e-09,5.63e-09,1 kg herbicide active substance,1 kg fungicide active substance,1 kg insecticide active substance,herbicide,fungicide,pesticide_insecticide,2_chara;3_chara,6_chara;7_chara,4_chara;5_chara,,,,1.60064e-08,0.0,6.755999999999999e-10,1.6682e-08
C7_2023,C7,2023,ha,"Human toxicity, cancer - inorganics",CTUh,2.44,0.0,0.12,,,,3.84e-20,4.02e-20,4.24e-20,1 kg herbicide active substance,1 kg fungicide active substance,1 kg insecticide active substance,herbicide,fungicide,pesticide_insecticide,2_chara;3_chara,6_chara;7_chara,4_chara;5_chara,,,,9.3696e-20,0.0,5.088e-21,9.878399999999999e-20
C7_2023,C7,2023,ha,"Human toxicity, cancer - metals",CTUh,2.44,0.0,0.12,,,,3.38e-09,2.79e-09,2.97e-09,1 kg herbicide active substance,1 kg fungicide active substance,1 kg insecticide active substance,herbicide,fungicide,pesticide_insecticide,2_chara;3_chara,6_chara;7_chara,4_chara;5_chara,,,,8.2472e-09,0.0,3.564e-10,8.6036e-09
C7_2023,C7,2023,ha,"Human toxicity, cancer - organics",CTUh,2.44,0.0,0.12,,,,3.19e-09,4.49e-09,2.66e-09,1 kg herbicide active substance,1 kg fungicide active substance,1 kg insecticide active substance,herbicide,fungicide,pesticide_insecticide,2_chara;3_chara,6_chara;7_chara,4_chara;5_chara,,,,7.7836e-09,0.0,3.192e-10,8.1028e-09
C7_2023,C7,2023,ha,"Human toxicity, non-cancer",CTUh,2.44,0.0,0.12,,,,8.28e-07,4.3090000000000003e-07,0.00017910999999999998,1 kg herbicide active substance,1 kg fungicide active substance,1 kg insecticide active substance,herbicide,fungicide,pesticide_insecticide,2_chara;3_chara,6_chara;7_chara,4_chara;5_chara,,,,2.0203199999999997e-06,0.0,2.1493199999999996e-05,2.3513519999999996e-05
C7_2023,C7,2023,ha,"Human toxicity, non-cancer - inorganics",CTUh,2.44,0.0,0.12,,,,1.09e-08,8.28e-09,9.1e-09,1 kg herbicide active substance,1 kg fungicide active substance,1 kg insecticide active substance,herbicide,fungicide,pesticide_insecticide,2_chara;3_chara,6_chara;7_chara,4_chara;5_chara,,,,2.6596e-08,0.0,1.092e-09,2.7688e-08
C7_2023,C7,2023,ha,"Human toxicity, non-cancer - metals",CTUh,2.44,0.0,0.12,,,,1e-07,1.057e-07,8.69e-08,1 kg herbicide active substance,1 kg fungicide active substance,1 kg insecticide active substance,herbicide,fungicide,pesticide_insecticide,2_chara;3_chara,6_chara;7_chara,4_chara;5_chara,,,,2.4399999999999996e-07,0.0,1.0428e-08,2.54428e-07
C7_2023,C7,2023,ha,"Human toxicity, non-cancer - organics",CTUh,2.44,0.0,0.12,,,,7.179999999999999e-07,3.1770000000000005e-07,0.00017901459999999998,1 kg herbicide active substance,1 kg fungicide active substance,1 kg insecticide active substance,herbicide,fungicide,pesticide_insecticide,2_chara;3_chara,6_chara;7_chara,4_chara;5_chara,,,,1.7519199999999998e-06,0.0,2.1481751999999997e-05,2.3233671999999998e-05
C7_2023,C7,2023,ha,Ionising radiation,kBq U-235 eq,2.44,0.0,0.12,,,,3.967235,2.938444,3.373034,1 kg herbicide active substance,1 kg fungicide active substance,1 kg insecticide active substance,herbicide,fungicide,pesticide_insecticide,2_chara;3_chara,6_chara;7_chara,4_chara;5_chara,,,,9.6800534,0.0,0.40476407999999997,10.08481748
C7_2023,C7,2023,ha,Land use,Pt,2.44,0.0,0.12,,,,93.25604,87.12929,93.87114,1 kg herbicide active substance,1 kg fungicide active substance,1 kg insecticide active substance,herbicide,fungicide,pesticide_insecticide,2_chara;3_chara,6_chara;7_chara,4_chara;5_chara,,,,227.5447376,0.0,11.264536799999998,238.8092744
C7_2023,C7,2023,ha,Ozone depletion,kg CFC11 eq,2.44,0.0,0.12,,,,1.47e-06,9.46e-07,1e-06,1 kg herbicide active substance,1 kg fungicide active substance,1 kg insecticide active substance,herbicide,fungicide,pesticide_insecticide,2_chara;3_chara,6_chara;7_chara,4_chara;5_chara,,,,3.5867999999999997e-06,0.0,1.2e-07,3.7068e-06
C7_2023,C7,2023,ha,Particulate matter,disease inc.,2.44,0.0,0.12,,,,2.7e-07,2.24e-07,2.41e-07,1 kg herbicide active substance,1 kg fungicide active substance,1 kg insecticide active substance,herbicide,fungicide,pesticide_insecticide,2_chara;3_chara,6_chara;7_chara,4_chara;5_chara,,,,6.588e-07,0.0,2.892e-08,6.8772e-07
C7_2023,C7,2023,ha,Photochemical ozone formation,kg NMVOC eq,2.44,0.0,0.12,,,,0.02486,0.017891,0.019849,1 kg herbicide active substance,1 kg fungicide active substance,1 kg insecticide active substance,herbicide,fungicide,pesticide_insecticide,2_chara;3_chara,6_chara;7_chara,4_chara;5_chara,,,,0.0606584,0.0,0.00238188,0.06304028
C7_2023,C7,2023,ha,"Resource use, fossils",MJ,2.44,0.0,0.12,,,,246.4021,173.2985,189.8419,1 kg herbicide active substance,1 kg fungicide active substance,1 kg insecticide active substance,herbicide,fungicide,pesticide_insecticide,2_chara;3_chara,6_chara;7_chara,4_chara;5_chara,,,,601.2211239999999,0.0,22.781028,624.0021519999999
C7_2023,C7,2023,ha,"Resource use, minerals and metals",kg Sb eq,2.44,0.0,0.12,,,,6.14e-05,4.6e-05,5.28e-05,1 kg herbicide active substance,1 kg fungicide active substance,1 kg insecticide active substance,herbicide,fungicide,pesticide_insecticide,2_chara;3_chara,6_chara;7_chara,4_chara;5_chara,,,,0.000149816,0.0,6.336e-06,0.00015615199999999998
C7_2023,C7,2023,ha,Water use,m3 depriv.,2.44,0.0,0.12,,,,1.924816,1.471827,1.666069,1 kg herbicide active substance,1 kg fungicide active substance,1 kg insecticide active substance,herbicide,fungicide,pesticide_insecticide,2_chara;3_chara,6_chara;7_chara,4_chara;5_chara,,,,4.69655104,0.0,0.19992827999999999,4.89647932
C7_2024,C7,2024,ha,Acidification,mol H+ eq,1.7153681392,0.0,0.0721285141,,,,0.051857,0.038504,0.043223,1 kg herbicide active substance,1 kg fungicide active substance,1 kg insecticide active substance,herbicide,fungicide,pesticide_insecticide,2_chara;3_chara,6_chara;7_chara,4_chara;5_chara,,,,0.0889538455944944,0.0,0.0031176107649442996,0.0920714563594387
C7_2024,C7,2024,ha,Climate change,kg CO2 eq,1.7153681392,0.0,0.0721285141,,,,13.6732,9.430276,10.25282,1 kg herbicide active substance,1 kg fungicide active substance,1 kg insecticide active substance,herbicide,fungicide,pesticide_insecticide,2_chara;3_chara,6_chara;7_chara,4_chara;5_chara,,,,23.45457164090944,0.0,0.739520671934762,24.1940923128442
C7_2024,C7,2024,ha,Climate change - Biogenic,kg CO2 eq,1.7153681392,0.0,0.0721285141,,,,0.223944,0.214731,0.218857,1 kg herbicide active substance,1 kg fungicide active substance,1 kg insecticide active substance,herbicide,fungicide,pesticide_insecticide,2_chara;3_chara,6_chara;7_chara,4_chara;5_chara,,,,0.3841464025650048,0.0,0.0157858302103837,0.39993223277538853
C7_2024,C7,2024,ha,Climate change - Fossil,kg CO2 eq,1.7153681392,0.0,0.0721285141,,,,13.4338,9.203992,10.02068,1 kg herbicide active substance,1 kg fungicide active substance,1 kg insecticide active substance,herbicide,fungicide,pesticide_insecticide,2_chara;3_chara,6_chara;7_chara,4_chara;5_chara,,,,23.04391250838496,0.0,0.722776758671588,23.76668926705655
C7_2024,C7,2024,ha,Climate change - Land use and LU change,kg CO2 eq,1.7153681392,0.0,0.0721285141,,,,0.015459,0.011552,0.013281,1 kg herbicide active substance,1 kg fungicide active substance,1 kg insecticide active substance,herbicide,fungicide,pesticide_insecticide,2_chara;3_chara,6_chara;7_chara,4_chara;5_chara,,,,0.0265178760638928,0.0,0.0009579387957621,0.0274758148596549
C7_2024,C7,2024,ha,"Ecotoxicity, freshwater",CTUe,1.7153681392,0.0,0.0721285141,,,,6433.9547999999995,16850.447900000003,2330477.7238,1 kg herbicide active substance,1 kg fungicide active substance,1 kg insecticide active substance,herbicide,fungicide,pesticide_insecticide,2_chara;3_chara,6_chara;7_chara,4_chara;5_chara,,,,11036.601072972908,0.0,168093.89536084418,179130.49643381708
C7_2024,C7,2024,ha,"Ecotoxicity, freshwater - inorganics",CTUe,1.7153681392,0.0,0.0721285141,,,,13.52104,8.955151,9.878709,1 kg herbicide active substance,1 kg fungicide active substance,1 kg insecticide active substance,herbicide,fungicide,pesticide_insecticide,2_chara;3_chara,6_chara;7_chara,4_chara;5_chara,,,,23.193561224848768,0.0,0.7125366013962969,23.906097826245066
C7_2024,C7,2024,ha,"Ecotoxicity, freshwater - metals",CTUe,1.7153681392,0.0,0.0721285141,,,,232.3885,2837.0964000000004,215.5284,1 kg herbicide active substance,1 kg fungicide active substance,1 kg insecticide active substance,herbicide,fungicide,pesticide_insecticide,2_chara;3_chara,6_chara;7_chara,4_chara;5_chara,,,,398.6318288164792,0.0,15.54574323835044,414.1775720548296
C7_2024,C7,2024,ha,"Ecotoxicity, freshwater - organics",CTUe,1.7153681392,0.0,0.0721285141,,,,6188.0453,14004.389299999999,2330252.3167,1 kg herbicide active substance,1 kg fungicide active substance,1 kg insecticide active substance,herbicide,fungicide,pesticide_insecticide,2_chara;3_chara,6_chara;7_chara,4_chara;5_chara,,,,10614.775751546305,0.0,168077.6370816536,178692.41283319992
C7_2024,C7,2024,ha,"Eutrophication, freshwater",kg P eq,1.7153681392,0.0,0.0721285141,,,,0.006633,0.00503,0.005765,1 kg herbicide active substance,1 kg fungicide active substance,1 kg insecticide active substance,herbicide,fungicide,pesticide_insecticide,2_chara;3_chara,6_chara;7_chara,4_chara;5_chara,,,,0.0113780368673136,0.0,0.0004158208837865,0.0117938577511001
C7_2024,C7,2024,ha,"Eutrophication, marine",kg N eq,1.7153681392,0.0,0.0721285141,,,,0.012633,0.010401,0.011381,1 kg herbicide active substance,1 kg fungicide active substance,1 kg insecticide active substance,herbicide,fungicide,pesticide_insecticide,2_chara;3_chara,6_chara;7_chara,4_chara;5_chara,,,,0.0216702457025136,0.0,0.0008208946189721,0.0224911403214857
C7_2024,C7,2024,ha,"Eutrophication, terrestrial",mol N eq,1.7153681392,0.0,0.0721285141,,,,0.091999,0.069061,0.076172,1 kg herbicide active substance,1 kg fungicide active substance,1 kg insecticide active substance,herbicide,fungicide,pesticide_insecticide,2_chara;3_chara,6_chara;7_chara,4_chara;5_chara,,,,0.1578121534382608,0.0,0.0054941731760252,0.163306326614286
C7_2024,C7,2024,ha,"Human toxicity, cancer",CTUh,1.7153681392,0.0,0.0721285141,,,,6.56e-09,7.28e-09,5.63e-09,1 kg herbicide active substance,1 kg fungicide active substance,1 kg insecticide active substance,herbicide,fungicide,pesticide_insecticide,2_chara;3_chara,6_chara;7_chara,4_chara;5_chara,,,,1.1252814993151999e-08,0.0,4.0608353438299997e-10,1.1658898527534999e-08
C7_2024,C7,2024,ha,"Human toxicity, cancer - inorganics",CTUh,1.7153681392,0.0,0.0721285141,,,,3.84e-20,4.02e-20,4.24e-20,1 kg herbicide active substance,1 kg fungicide active substance,1 kg insecticide active substance,herbicide,fungicide,pesticide_insecticide,2_chara;3_chara,6_chara;7_chara,4_chara;5_chara,,,,6.587013654528e-20,0.0,3.05824899784e-21,6.892838554312001e-20
C7_2024,C7,2024,ha,"Human toxicity, cancer - metals",CTUh,1.7153681392,0.0,0.0721285141,,,,3.38e-09,2.79e-09,2.97e-09,1 kg herbicide active substance,1 kg fungicide active substance,1 kg insecticide active substance,herbicide,fungicide,pesticide_insecticide,2_chara;3_chara,6_chara;7_chara,4_chara;5_chara,,,,5.797944310496e-09,0.0,2.1422168687699998e-10,6.0121659973730004e-09
C7_2024,C7,2024,ha,"Human toxicity, cancer - organics",CTUh,1.7153681392,0.0,0.0721285141,,,,3.19e-09,4.49e-09,2.66e-09,1 kg herbicide active substance,1 kg fungicide active substance,1 kg insecticide active substance,herbicide,fungicide,pesticide_insecticide,2_chara;3_chara,6_chara;7_chara,4_chara;5_chara,,,,5.472024364048e-09,0.0,1.91861847506e-10,5.663886211554e-09
C7_2024,C7,2024,ha,"Human toxicity, non-cancer",CTUh,1.7153681392,0.0,0.0721285141,,,,8.28e-07,4.3090000000000003e-07,0.00017910999999999998,1 kg herbicide active substance,1 kg fungicide active substance,1 kg insecticide active substance,herbicide,fungicide,pesticide_insecticide,2_chara;3_chara,6_chara;7_chara,4_chara;5_chara,,,,1.4203248192576e-06,0.0,1.2918938160450998e-05,1.4339262979708598e-05
C7_2024,C7,2024,ha,"Human toxicity, non-cancer - inorganics",CTUh,1.7153681392,0.0,0.0721285141,,,,1.09e-08,8.28e-09,9.1e-09,1 kg herbicide active substance,1 kg fungicide active substance,1 kg insecticide active substance,herbicide,fungicide,pesticide_insecticide,2_chara;3_chara,6_chara;7_chara,4_chara;5_chara,,,,1.869751271728e-08,0.0,6.5636947831e-10,1.935388219559e-08
C7_2024,C7,2024,ha,"Human toxicity, non-cancer - metals",CTUh,1.7153681392,0.0,0.0721285141,,,,1e-07,1.057e-07,8.69e-08,1 kg herbicide active substance,1 kg fungicide active substance,1 kg insecticide active substance,herbicide,fungicide,pesticide_insecticide,2_chara;3_chara,6_chara;7_chara,4_chara;5_chara,,,,1.7153681391999998e-07,0.0,6.26796787529e-09,1.7780478179528998e-07
C7_2024,C7,2024,ha,"Human toxicity, non-cancer - organics",CTUh,1.7153681392,0.0,0.0721285141,,,,7.179999999999999e-07,3.1770000000000005e-07,0.00017901459999999998,1 kg herbicide active substance,1 kg fungicide active substance,1 kg insecticide active substance,herbicide,fungicide,pesticide_insecticide,2_chara;3_chara,6_chara;7_chara,4_chara;5_chara,,,,1.2316343239456e-06,0.0,1.2912057100205858e-05,1.4143691424151457e-05
C7_2024,C7,2024,ha,Ionising radiation,kBq U-235 eq,1.7153681392,0.0,0.0721285141,,,,3.967235,2.938444,3.373034,1 kg herbicide active substance,1 kg fungicide active substance,1 kg insecticide active substance,herbicide,fungicide,pesticide_insecticide,2_chara;3_chara,6_chara;7_chara,4_chara;5_chara,,,,6.805268519719112,0.0,0.2432919304287794,7.048560450147892
C7_2024,C7,2024,ha,Land use,Pt,1.7153681392,0.0,0.0721285141,,,,93.25604,87.12929,93.87114,1 kg herbicide active substance,1 kg fungicide active substance,1 kg insecticide active substance,herbicide,fungicide,pesticide_insecticide,2_chara;3_chara,6_chara;7_chara,4_chara;5_chara,,,,159.96843980396076,0.0,6.770785845073074,166.73922564903384
C7_2024,C7,2024,ha,Ozone depletion,kg CFC11 eq,1.7153681392,0.0,0.0721285141,,,,1.47e-06,9.46e-07,1e-06,1 kg herbicide active substance,1 kg fungicide active substance,1 kg insecticide active substance,herbicide,fungicide,pesticide_insecticide,2_chara;3_chara,6_chara;7_chara,4_chara;5_chara,,,,2.5215911646239997e-06,0.0,7.212851409999999e-08,2.5937196787239996e-06
C7_2024,C7,2024,ha,Particulate matter,disease inc.,1.7153681392,0.0,0.0721285141,,,,2.7e-07,2.24e-07,2.41e-07,1 kg herbicide active substance,1 kg fungicide active substance,1 kg insecticide active substance,herbicide,fungicide,pesticide_insecticide,2_chara;3_chara,6_chara;7_chara,4_chara;5_chara,,,,4.63149397584e-07,0.0,1.73829718981e-08,4.805323694821e-07
C7_2024,C7,2024,ha,Photochemical ozone formation,kg NMVOC eq,1.7153681392,0.0,0.0721285141,,,,0.02486,0.017891,0.019849,1 kg herbicide active substance,1 kg fungicide active substance,1 kg insecticide active substance,herbicide,fungicide,pesticide_insecticide,2_chara;3_chara,6_chara;7_chara,4_chara;5_chara,,,,0.042644051940512,0.0,0.0014316788763709,0.044075730816882895
C7_2024,C7,2024,ha,"Resource use, fossils",MJ,1.7153681392,0.0,0.0721285141,,,,246.4021,173.2985,189.8419,1 kg herbicide active substance,1 kg fungicide active substance,1 kg insecticide active substance,herbicide,fungicide,pesticide_insecticide,2_chara;3_chara,6_chara;7_chara,4_chara;5_chara,,,,422.6703117719723,0.0,13.693014160920791,436.3633259328931
C7_2024,C7,2024,ha,"Resource use, minerals and metals",kg Sb eq,1.7153681392,0.0,0.0721285141,,,,6.14e-05,4.6e-05,5.28e-05,1 kg herbicide active substance,1 kg fungicide active substance,1 kg insecticide active substance,herbicide,fungicide,pesticide_insecticide,2_chara;3_chara,6_chara;7_chara,4_chara;5_chara,,,,0.00010532360374688,0.0,3.8083855444800003e-06,0.00010913198929136
C7_2024,C7,2024,ha,Water use,m3 depriv.,1.7153681392,0.0,0.0721285141,,,,1.924816,1.471827,1.666069,1 kg herbicide active substance,1 kg fungicide active substance,1 kg insecticide active substance,herbicide,fungicide,pesticide_insecticide,2_chara;3_chara,6_chara;7_chara,4_chara;5_chara,,,,3.3017680402223872,0.0,0.1201710813580729,3.42193912158046
C8_2022,C8,2022,ha,Acidification,mol H+ eq,2.9859259259,0.0,0.12,,,,0.051857,0.038504,0.043223,1 kg herbicide active substance,1 kg fungicide active substance,1 kg insecticide active substance,herbicide,fungicide,pesticide_insecticide,2_chara;3_chara,6_chara;7_chara,4_chara;5_chara,,,,0.1548411607393963,0.0,0.0051867599999999995,0.1600279207393963
C8_2022,C8,2022,ha,Climate change,kg CO2 eq,2.9859259259,0.0,0.12,,,,13.6732,9.430276,10.25282,1 kg herbicide active substance,1 kg fungicide active substance,1 kg insecticide active substance,herbicide,fungicide,pesticide_insecticide,2_chara;3_chara,6_chara;7_chara,4_chara;5_chara,,,,40.827162370015884,0.0,1.2303384,42.057500770015885
C8_2022,C8,2022,ha,Climate change - Biogenic,kg CO2 eq,2.9859259259,0.0,0.12,,,,0.223944,0.214731,0.218857,1 kg herbicide active substance,1 kg fungicide active substance,1 kg insecticide active substance,herbicide,fungicide,pesticide_insecticide,2_chara;3_chara,6_chara;7_chara,4_chara;5_chara,,,,0.6686801955497497,0.0,0.02626284,0.6949430355497497
C8_2022,C8,2022,ha,Climate change - Fossil,kg CO2 eq,2.9859259259,0.0,0.12,,,,13.4338,9.203992,10.02068,1 kg herbicide active substance,1 kg fungicide active substance,1 kg insecticide active substance,herbicide,fungicide,pesticide_insecticide,2_chara;3_chara,6_chara;7_chara,4_chara;5_chara,,,,40.11233170335542,0.0,1.2024816,41.31481330335542
C8_2022,C8,2022,ha,Climate change - Land use and LU change,kg CO2 eq,2.9859259259,0.0,0.12,,,,0.015459,0.011552,0.013281,1 kg herbicide active substance,1 kg fungicide active substance,1 kg insecticide active substance,herbicide,fungicide,pesticide_insecticide,2_chara;3_chara,6_chara;7_chara,4_chara;5_chara,,,,0.046159428888488105,0.0,0.0015937199999999999,0.047753148888488105
C8_2022,C8,2022,ha,"Ecotoxicity, freshwater",CTUe,2.9859259259,0.0,0.12,,,,6433.9547999999995,16850.447900000003,2330477.7238,1 kg herbicide active substance,1 kg fungicide active substance,1 kg insecticide active substance,herbicide,fungicide,pesticide_insecticide,2_chara;3_chara,6_chara;7_chara,4_chara;5_chara,,,,19211.31244338875,0.0,279657.32685599994,298868.6392993887
C8_2022,C8,2022,ha,"Ecotoxicity, freshwater - inorganics",CTUe,2.9859259259,0.0,0.12,,,,13.52104,8.955151,9.878709,1 kg herbicide active substance,1 kg fungicide active substance,1 kg insecticide active substance,herbicide,fungicide,pesticide_insecticide,2_chara;3_chara,6_chara;7_chara,4_chara;5_chara,,,,40.372823881130934,0.0,1.18544508,41.558268961130935
C8_2022,C8,2022,ha,"Ecotoxicity, freshwater - metals",CTUe,2.9859259259,0.0,0.12,,,,232.3885,2837.0964000000004,215.5284,1 kg herbicide active substance,1 kg fungicide active substance,1 kg insecticide active substance,herbicide,fungicide,pesticide_insecticide,2_chara;3_chara,6_chara;7_chara,4_chara;5_chara,,,,693.8948470310122,0.0,25.863408,719.7582550310123
C8_2022,C8,2022,ha,"Ecotoxicity, freshwater - organics",CTUe,2.9859259259,0.0,0.12,,,,6188.0453,14004.389299999999,2330252.3167,1 kg herbicide active substance,1 kg fungicide active substance,1 kg insecticide active substance,herbicide,fungicide,pesticide_insecticide,2_chara;3_chara,6_chara;7_chara,4_chara;5_chara,,,,18477.044891913643,0.0,279630.27800399996,298107.3228959136
C8_2022,C8,2022,ha,"Eutrophication, freshwater",kg P eq,2.9859259259,0.0,0.12,,,,0.006633,0.00503,0.005765,1 kg herbicide active substance,1 kg fungicide active substance,1 kg insecticide active substance,herbicide,fungicide,pesticide_insecticide,2_chara;3_chara,6_chara;7_chara,4_chara;5_chara,,,,0.019805646666494703,0.0,0.0006918,0.020497446666494702
C8_2022,C8,2022,ha,"Eutrophication, marine",kg N eq,2.9859259259,0.0,0.12,,,,0.012633,0.010401,0.011381,1 kg herbicide active substance,1 kg fungicide active substance,1 kg insecticide active substance,herbicide,fungicide,pesticide_insecticide,2_chara;3_chara,6_chara;7_chara,4_chara;5_chara,,,,0.0377212022218947,0.0,0.00136572,0.0390869222218947
C8_2022,C8,2022,ha,"Eutrophication, terrestrial",mol N eq,2.9859259259,0.0,0.12,,,,0.091999,0.069061,0.076172,1 kg herbicide active substance,1 kg fungicide active substance,1 kg insecticide active substance,herbicide,fungicide,pesticide_insecticide,2_chara;3_chara,6_chara;7_chara,4_chara;5_chara,,,,0.2747021992568741,0.0,0.00914064,0.2838428392568741
C8_2022,C8,2022,ha,"Human toxicity, cancer",CTUh,2.9859259259,0.0,0.12,,,,6.56e-09,7.28e-09,5.63e-09,1 kg herbicide active substance,1 kg fungicide active substance,1 kg insecticide active substance,herbicide,fungicide,pesticide_insecticide,2_chara;3_chara,6_chara;7_chara,4_chara;5_chara,,,,1.9587674073904e-08,0.0,6.755999999999999e-10,2.0263274073904e-08
C8_2022,C8,2022,ha,"Human toxicity, cancer - inorganics",CTUh,2.9859259259,0.0,0.12,,,,3.84e-20,4.02e-20,4.24e-20,1 kg herbicide active substance,1 kg fungicide active substance,1 kg insecticide active substance,herbicide,fungicide,pesticide_insecticide,2_chara;3_chara,6_chara;7_chara,4_chara;5_chara,,,,1.1465955555456001e-19,0.0,5.088e-21,1.1974755555456002e-19
C8_2022,C8,2022,ha,"Human toxicity, cancer - metals",CTUh,2.9859259259,0.0,0.12,,,,3.38e-09,2.79e-09,2.97e-09,1 kg herbicide active substance,1 kg fungicide active substance,1 kg insecticide active substance,herbicide,fungicide,pesticide_insecticide,2_chara;3_chara,6_chara;7_chara,4_chara;5_chara,,,,1.0092429629542e-08,0.0,3.564e-10,1.0448829629542e-08
C8_2022,C8,2022,ha,"Human toxicity, cancer - organics",CTUh,2.9859259259,0.0,0.12,,,,3.19e-09,4.49e-09,2.66e-09,1 kg herbicide active substance,1 kg fungicide active substance,1 kg insecticide active substance,herbicide,fungicide,pesticide_insecticide,2_chara;3_chara,6_chara;7_chara,4_chara;5_chara,,,,9.525103703621e-09,0.0,3.192e-10,9.844303703621001e-09
C8_2022,C8,2022,ha,"Human toxicity, non-cancer",CTUh,2.9859259259,0.0,0.12,,,,8.28e-07,4.3090000000000003e-07,0.00017910999999999998,1 kg herbicide active substance,1 kg fungicide active substance,1 kg insecticide active substance,herbicide,fungicide,pesticide_insecticide,2_chara;3_chara,6_chara;7_chara,4_chara;5_chara,,,,2.4723466666452e-06,0.0,2.1493199999999996e-05,2.3965546666645198e-05
C8_2022,C8,2022,ha,"Human toxicity, non-cancer - inorganics",CTUh,2.9859259259,0.0,0.12,,,,1.09e-08,8.28e-09,9.1e-09,1 kg herbicide active substance,1 kg fungicide active substance,1 kg insecticide active substance,herbicide,fungicide,pesticide_insecticide,2_chara;3_chara,6_chara;7_chara,4_chara;5_chara,,,,3.254659259231e-08,0.0,1.092e-09,3.363859259231e-08
C8_2022,C8,2022,ha,"Human toxicity, non-cancer - metals",CTUh,2.9859259259,0.0,0.12,,,,1e-07,1.057e-07,8.69e-08,1 kg herbicide active substance,1 kg fungicide active substance,1 kg insecticide active substance,herbicide,fungicide,pesticide_insecticide,2_chara;3_chara,6_chara;7_chara,4_chara;5_chara,,,,2.9859259259e-07,0.0,1.0428e-08,3.0902059259000003e-07
C8_2022,C8,2022,ha,"Human toxicity, non-cancer - organics",CTUh,2.9859259259,0.0,0.12,,,,7.179999999999999e-07,3.1770000000000005e-07,0.00017901459999999998,1 kg herbicide active substance,1 kg fungicide active substance,1 kg insecticide active substance,herbicide,fungicide,pesticide_insecticide,2_chara;3_chara,6_chara;7_chara,4_chara;5_chara,,,,2.1438948147962e-06,0.0,2.1481751999999997e-05,2.3625646814796197e-05
C8_2022,C8,2022,ha,Ionising radiation,kBq U-235 eq,2.9859259259,0.0,0.12,,,,3.967235,2.938444,3.373034,1 kg herbicide active substance,1 kg fungicide active substance,1 kg insecticide active substance,herbicide,fungicide,pesticide_insecticide,2_chara;3_chara,6_chara;7_chara,4_chara;5_chara,,,,11.845869840637887,0.0,0.40476407999999997,12.250633920637886
C8_2022,C8,2022,ha,Land use,Pt,2.9859259259,0.0,0.12,,,,93.25604,87.12929,93.87114,1 kg herbicide active substance,1 kg fungicide active substance,1 kg insecticide active substance,herbicide,fungicide,pesticide_insecticide,2_chara;3_chara,6_chara;7_chara,4_chara;5_chara,,,,278.4556275827674,0.0,11.264536799999998,289.7201643827674
C8_2022,C8,2022,ha,Ozone depletion,kg CFC11 eq,2.9859259259,0.0,0.12,,,,1.47e-06,9.46e-07,1e-06,1 kg herbicide active substance,1 kg fungicide active substance,1 kg insecticide active substance,herbicide,fungicide,pesticide_insecticide,2_chara;3_chara,6_chara;7_chara,4_chara;5_chara,,,,4.389311111073e-06,0.0,1.2e-07,4.509311111072999e-06
C8_2022,C8,2022,ha,Particulate matter,disease inc.,2.9859259259,0.0,0.12,,,,2.7e-07,2.24e-07,2.41e-07,1 kg herbicide active substance,1 kg fungicide active substance,1 kg insecticide active substance,herbicide,fungicide,pesticide_insecticide,2_chara;3_chara,6_chara;7_chara,4_chara;5_chara,,,,8.06199999993e-07,0.0,2.892e-08,8.35119999993e-07
C8_2022,C8,2022,ha,Photochemical ozone formation,kg NMVOC eq,2.9859259259,0.0,0.12,,,,0.02486,0.017891,0.019849,1 kg herbicide active substance,1 kg fungicide active substance,1 kg insecticide active substance,herbicide,fungicide,pesticide_insecticide,2_chara;3_chara,6_chara;7_chara,4_chara;5_chara,,,,0.074230118517874,0.0,0.00238188,0.07661199851787401
C8_2022,C8,2022,ha,"Resource use, fossils",MJ,2.9859259259,0.0,0.12,,,,246.4021,173.2985,189.8419,1 kg herbicide active substance,1 kg fungicide active substance,1 kg insecticide active substance,herbicide,fungicide,pesticide_insecticide,2_chara;3_chara,6_chara;7_chara,4_chara;5_chara,,,,735.7384185862044,0.0,22.781028,758.5194465862044
C8_2022,C8,2022,ha,"Resource use, minerals and metals",kg Sb eq,2.9859259259,0.0,0.12,,,,6.14e-05,4.6e-05,5.28e-05,1 kg herbicide active substance,1 kg fungicide active substance,1 kg insecticide active substance,herbicide,fungicide,pesticide_insecticide,2_chara;3_chara,6_chara;7_chara,4_chara;5_chara,,,,0.00018333585185026003,0.0,6.336e-06,0.00018967185185026002
C8_2022,C8,2022,ha,Water use,m3 depriv.,2.9859259259,0.0,0.12,,,,1.924816,1.471827,1.666069,1 kg herbicide active substance,1 kg fungicide active substance,1 kg insecticide active substance,herbicide,fungicide,pesticide_insecticide,2_chara;3_chara,6_chara;7_chara,4_chara;5_chara,,,,5.747357996987135,0.0,0.19992827999999999,5.947286276987135
C8_2023,C8,2023,ha,Acidification,mol H+ eq,2.5432115782,0.0,0.4716884907,,,,0.051857,0.038504,0.043223,1 kg herbicide active substance,1 kg fungicide active substance,1 kg insecticide active substance,herbicide,fungicide,pesticide_insecticide,2_chara;3_chara,6_chara;7_chara,4_chara;5_chara,,,,0.1318833228107174,0.0,0.0203877916335261,0.15227111444424352
C8_2023,C8,2023,ha,Climate change,kg CO2 eq,2.5432115782,0.0,0.4716884907,,,,13.6732,9.430276,10.25282,1 kg herbicide active substance,1 kg fungicide active substance,1 kg insecticide active substance,herbicide,fungicide,pesticide_insecticide,2_chara;3_chara,6_chara;7_chara,4_chara;5_chara,,,,34.773840551044245,0.0,4.836137191218774,39.60997774226302
C8_2023,C8,2023,ha,Climate change - Biogenic,kg CO2 eq,2.5432115782,0.0,0.4716884907,,,,0.223944,0.214731,0.218857,1 kg herbicide active substance,1 kg fungicide active substance,1 kg insecticide active substance,herbicide,fungicide,pesticide_insecticide,2_chara;3_chara,6_chara;7_chara,4_chara;5_chara,,,,0.5695369736684208,0.0,0.1032323280091299,0.6727693016775507
C8_2023,C8,2023,ha,Climate change - Fossil,kg CO2 eq,2.5432115782,0.0,0.4716884907,,,,13.4338,9.203992,10.02068,1 kg herbicide active substance,1 kg fungicide active substance,1 kg insecticide active substance,herbicide,fungicide,pesticide_insecticide,2_chara;3_chara,6_chara;7_chara,4_chara;5_chara,,,,34.16499569922316,0.0,4.726639424987677,38.891635124210836
C8_2023,C8,2023,ha,Climate change - Land use and LU change,kg CO2 eq,2.5432115782,0.0,0.4716884907,,,,0.015459,0.011552,0.013281,1 kg herbicide active substance,1 kg fungicide active substance,1 kg insecticide active substance,herbicide,fungicide,pesticide_insecticide,2_chara;3_chara,6_chara;7_chara,4_chara;5_chara,,,,0.0393155077873938,0.0,0.0062644948449867,0.045580002632380504
C8_2023,C8,2023,ha,"Ecotoxicity, freshwater",CTUe,2.5432115782,0.0,0.4716884907,,,,6433.9547999999995,16850.447900000003,2330477.7238,1 kg herbicide active substance,1 kg fungicide active substance,1 kg insecticide active substance,herbicide,fungicide,pesticide_insecticide,2_chara;3_chara,6_chara;7_chara,4_chara;5_chara,,,,16362.908340975466,0.0,1099259.5201491935,1115622.4284901689
C8_2023,C8,2023,ha,"Ecotoxicity, freshwater - inorganics",CTUe,2.5432115782,0.0,0.4716884907,,,,13.52104,8.955151,9.878709,1 kg herbicide active substance,1 kg fungicide active substance,1 kg insecticide active substance,herbicide,fungicide,pesticide_insecticide,2_chara;3_chara,6_chara;7_chara,4_chara;5_chara,,,,34.38686547730533,0.0,4.659673338274507,39.04653881557984
C8_2023,C8,2023,ha,"Ecotoxicity, freshwater - metals",CTUe,2.5432115782,0.0,0.4716884907,,,,232.3885,2837.0964000000004,215.5284,1 kg herbicide active substance,1 kg fungicide active substance,1 kg insecticide active substance,herbicide,fungicide,pesticide_insecticide,2_chara;3_chara,6_chara;7_chara,4_chara;5_chara,,,,591.0131238405307,0.0,101.66226569898589,692.6753895395166
C8_2023,C8,2023,ha,"Ecotoxicity, freshwater - organics",CTUe,2.5432115782,0.0,0.4716884907,,,,6188.0453,14004.389299999999,2330252.3167,1 kg herbicide active substance,1 kg fungicide active substance,1 kg insecticide active substance,herbicide,fungicide,pesticide_insecticide,2_chara;3_chara,6_chara;7_chara,4_chara;5_chara,,,,15737.508453386094,0.0,1099153.1982144015,1114890.7066677876
C8_2023,C8,2023,ha,"Eutrophication, freshwater",kg P eq,2.5432115782,0.0,0.4716884907,,,,0.006633,0.00503,0.005765,1 kg herbicide active substance,1 kg fungicide active substance,1 kg insecticide active substance,herbicide,fungicide,pesticide_insecticide,2_chara;3_chara,6_chara;7_chara,4_chara;5_chara,,,,0.0168691223982006,0.0,0.0027192841488855,0.0195884065470861
C8_2023,C8,2023,ha,"Eutrophication, marine",kg N eq,2.5432115782,0.0,0.4716884907,,,,0.012633,0.010401,0.011381,1 kg herbicide active substance,1 kg fungicide active substance,1 kg insecticide active substance,herbicide,fungicide,pesticide_insecticide,2_chara;3_chara,6_chara;7_chara,4_chara;5_chara,,,,0.0321283918674006,0.0,0.0053682867126567,0.0374966785800573
C8_2023,C8,2023,ha,"Eutrophication, terrestrial",mol N eq,2.5432115782,0.0,0.4716884907,,,,0.091999,0.069061,0.076172,1 kg herbicide active substance,1 kg fungicide active substance,1 kg insecticide active substance,herbicide,fungicide,pesticide_insecticide,2_chara;3_chara,6_chara;7_chara,4_chara;5_chara,,,,0.23397292198282182,0.0,0.0359294557136004,0.2699023776964222
C8_2023,C8,2023,ha,"Human toxicity, cancer",CTUh,2.5432115782,0.0,0.4716884907,,,,6.56e-09,7.28e-09,5.63e-09,1 kg herbicide active substance,1 kg fungicide active substance,1 kg insecticide active substance,herbicide,fungicide,pesticide_insecticide,2_chara;3_chara,6_chara;7_chara,4_chara;5_chara,,,,1.6683467952992e-08,0.0,2.655606202641e-09,1.9339074155633e-08
C8_2023,C8,2023,ha,"Human toxicity, cancer - inorganics",CTUh,2.5432115782,0.0,0.4716884907,,,,3.84e-20,4.02e-20,4.24e-20,1 kg herbicide active substance,1 kg fungicide active substance,1 kg insecticide active substance,herbicide,fungicide,pesticide_insecticide,2_chara;3_chara,6_chara;7_chara,4_chara;5_chara,,,,9.765932460288001e-20,0.0,1.999959200568e-20,1.1765891660856e-19
C8_2023,C8,2023,ha,"Human toxicity, cancer - metals",CTUh,2.5432115782,0.0,0.4716884907,,,,3.38e-09,2.79e-09,2.97e-09,1 kg herbicide active substance,1 kg fungicide active substance,1 kg insecticide active substance,herbicide,fungicide,pesticide_insecticide,2_chara;3_chara,6_chara;7_chara,4_chara;5_chara,,,,8.596055134316e-09,0.0,1.4009148173789999e-09,9.996969951695e-09
C8_2023,C8,2023,ha,"Human toxicity, cancer - organics",CTUh,2.5432115782,0.0,0.4716884907,,,,3.19e-09,4.49e-09,2.66e-09,1 kg herbicide active substance,1 kg fungicide active substance,1 kg insecticide active substance,herbicide,fungicide,pesticide_insecticide,2_chara;3_chara,6_chara;7_chara,4_chara;5_chara,,,,8.112844934458e-09,0.0,1.254691385262e-09,9.36753631972e-09
C8_2023,C8,2023,ha,"Human toxicity, non-cancer",CTUh,2.5432115782,0.0,0.4716884907,,,,8.28e-07,4.3090000000000003e-07,0.00017910999999999998,1 kg herbicide active substance,1 kg fungicide active substance,1 kg insecticide active substance,herbicide,fungicide,pesticide_insecticide,2_chara;3_chara,6_chara;7_chara,4_chara;5_chara,,,,2.1057791867496e-06,0.0,8.4484125569277e-05,8.658990475602659e-05
C8_2023,C8,2023,ha,"Human toxicity, non-cancer - inorganics",CTUh,2.5432115782,0.0,0.4716884907,,,,1.09e-08,8.28e-09,9.1e-09,1 kg herbicide active substance,1 kg fungicide active substance,1 kg insecticide active substance,herbicide,fungicide,pesticide_insecticide,2_chara;3_chara,6_chara;7_chara,4_chara;5_chara,,,,2.7721006202380003e-08,0.0,4.29236526537e-09,3.201337146775e-08
C8_2023,C8,2023,ha,"Human toxicity, non-cancer - metals",CTUh,2.5432115782,0.0,0.4716884907,,,,1e-07,1.057e-07,8.69e-08,1 kg herbicide active substance,1 kg fungicide active substance,1 kg insecticide active substance,herbicide,fungicide,pesticide_insecticide,2_chara;3_chara,6_chara;7_chara,4_chara;5_chara,,,,2.5432115782000003e-07,0.0,4.098972984183e-08,2.9531088766183004e-07
C8_2023,C8,2023,ha,"Human toxicity, non-cancer - organics",CTUh,2.5432115782,0.0,0.4716884907,,,,7.179999999999999e-07,3.1770000000000005e-07,0.00017901459999999998,1 kg herbicide active substance,1 kg fungicide active substance,1 kg insecticide active substance,herbicide,fungicide,pesticide_insecticide,2_chara;3_chara,6_chara;7_chara,4_chara;5_chara,,,,1.8260259131476e-06,0.0,8.443912648726421e-05,8.62651524004118e-05
C8_2023,C8,2023,ha,Ionising radiation,kBq U-235 eq,2.5432115782,0.0,0.4716884907,,,,3.967235,2.938444,3.373034,1 kg herbicide active substance,1 kg fungicide active substance,1 kg insecticide active substance,herbicide,fungicide,pesticide_insecticide,2_chara;3_chara,6_chara;7_chara,4_chara;5_chara,,,,10.089517985440278,0.0,1.591021316539784,11.680539301980062
C8_2023,C8,2023,ha,Land use,Pt,2.5432115782,0.0,0.4716884907,,,,93.25604,87.12929,93.87114,1 kg herbicide active substance,1 kg fungicide active substance,1 kg insecticide active substance,herbicide,fungicide,pesticide_insecticide,2_chara;3_chara,6_chara;7_chara,4_chara;5_chara,,,,237.16984066508235,0.0,44.277936346888396,281.44777701197074
C8_2023,C8,2023,ha,Ozone depletion,kg CFC11 eq,2.5432115782,0.0,0.4716884907,,,,1.47e-06,9.46e-07,1e-06,1 kg herbicide active substance,1 kg fungicide active substance,1 kg insecticide active substance,herbicide,fungicide,pesticide_insecticide,2_chara;3_chara,6_chara;7_chara,4_chara;5_chara,,,,3.738521019954e-06,0.0,4.716884907e-07,4.210209510654e-06
C8_2023,C8,2023,ha,Particulate matter,disease inc.,2.5432115782,0.0,0.4716884907,,,,2.7e-07,2.24e-07,2.41e-07,1 kg herbicide active substance,1 kg fungicide active substance,1 kg insecticide active substance,herbicide,fungicide,pesticide_insecticide,2_chara;3_chara,6_chara;7_chara,4_chara;5_chara,,,,6.86667126114e-07,0.0,1.1367692625870001e-07,8.003440523727e-07
C8_2023,C8,2023,ha,Photochemical ozone formation,kg NMVOC eq,2.5432115782,0.0,0.4716884907,,,,0.02486,0.017891,0.019849,1 kg herbicide active substance,1 kg fungicide active substance,1 kg insecticide active substance,herbicide,fungicide,pesticide_insecticide,2_chara;3_chara,6_chara;7_chara,4_chara;5_chara,,,,0.06322423983405201,0.0,0.0093625448519043,0.07258678468595631
C8_2023,C8,2023,ha,"Resource use, fossils",MJ,2.5432115782,0.0,0.4716884907,,,,246.4021,173.2985,189.8419,1 kg herbicide active substance,1 kg fungicide active substance,1 kg insecticide active substance,herbicide,fungicide,pesticide_insecticide,2_chara;3_chara,6_chara;7_chara,4_chara;5_chara,,,,626.6526736127943,0.0,89.54623928262033,716.1989128954147
C8_2023,C8,2023,ha,"Resource use, minerals and metals",kg Sb eq,2.5432115782,0.0,0.4716884907,,,,6.14e-05,4.6e-05,5.28e-05,1 kg herbicide active substance,1 kg fungicide active substance,1 kg insecticide active substance,herbicide,fungicide,pesticide_insecticide,2_chara;3_chara,6_chara;7_chara,4_chara;5_chara,,,,0.00015615319090148003,0.0,2.4905152308960003e-05,0.00018105834321044002
C8_2023,C8,2023,ha,Water use,m3 depriv.,2.5432115782,0.0,0.4716884907,,,,1.924816,1.471827,1.666069,1 kg herbicide active substance,1 kg fungicide active substance,1 kg insecticide active substance,herbicide,fungicide,pesticide_insecticide,2_chara;3_chara,6_chara;7_chara,4_chara;5_chara,,,,4.895214337104612,0.0,0.7858655720120583,5.68107990911667
C8_2024,C8,2024,ha,Acidification,mol H+ eq,0.5967861976,0.1547902571,0.0,,,,0.051857,0.038504,0.043223,1 kg herbicide active substance,1 kg fungicide active substance,1 kg insecticide active substance,herbicide,fungicide,pesticide_insecticide,2_chara;3_chara,6_chara;7_chara,4_chara;5_chara,,,,0.0309475418489432,0.005960044059378399,0.0,0.0369075859083216
C8_2024,C8,2024,ha,Climate change,kg CO2 eq,0.5967861976,0.1547902571,0.0,,,,13.6732,9.430276,10.25282,1 kg herbicide active substance,1 kg fungicide active substance,1 kg insecticide active substance,herbicide,fungicide,pesticide_insecticide,2_chara;3_chara,6_chara;7_chara,4_chara;5_chara,,,,8.15997703702432,1.4597148465639593,0.0,9.619691883588278
C8_2024,C8,2024,ha,Climate change - Biogenic,kg CO2 eq,0.5967861976,0.1547902571,0.0,,,,0.223944,0.214731,0.218857,1 kg herbicide active substance,1 kg fungicide active substance,1 kg insecticide active substance,herbicide,fungicide,pesticide_insecticide,2_chara;3_chara,6_chara;7_chara,4_chara;5_chara,,,,0.1336466882353344,0.0332382666973401,0.0,0.1668849549326745
C8_2024,C8,2024,ha,Climate change - Fossil,kg CO2 eq,0.5967861976,0.1547902571,0.0,,,,13.4338,9.203992,10.02068,1 kg herbicide active substance,1 kg fungicide active substance,1 kg insecticide active substance,herbicide,fungicide,pesticide_insecticide,2_chara;3_chara,6_chara;7_chara,4_chara;5_chara,,,,8.017106421318879,1.4246882880263432,0.0,9.441794709345222
C8_2024,C8,2024,ha,Climate change - Land use and LU change,kg CO2 eq,0.5967861976,0.1547902571,0.0,,,,0.015459,0.011552,0.013281,1 kg herbicide active substance,1 kg fungicide active substance,1 kg insecticide active substance,herbicide,fungicide,pesticide_insecticide,2_chara;3_chara,6_chara;7_chara,4_chara;5_chara,,,,0.0092257178286984,0.0017881370500192,0.0,0.011013854878717599
C8_2024,C8,2024,ha,"Ecotoxicity, freshwater",CTUe,0.5967861976,0.1547902571,0.0,,,,6433.9547999999995,16850.447900000003,2330477.7238,1 kg herbicide active substance,1 kg fungicide active substance,1 kg insecticide active substance,herbicide,fungicide,pesticide_insecticide,2_chara;3_chara,6_chara;7_chara,4_chara;5_chara,,,,3839.695420622268,2608.2851626911556,0.0,6447.980583313423
C8_2024,C8,2024,ha,"Ecotoxicity, freshwater - inorganics",CTUe,0.5967861976,0.1547902571,0.0,,,,13.52104,8.955151,9.878709,1 kg herbicide active substance,1 kg fungicide active substance,1 kg insecticide active substance,herbicide,fungicide,pesticide_insecticide,2_chara;3_chara,6_chara;7_chara,4_chara;5_chara,,,,8.069170049197503,1.3861701256593222,0.0,9.455340174856826
C8_2024,C8,2024,ha,"Ecotoxicity, freshwater - metals",CTUe,0.5967861976,0.1547902571,0.0,,,,232.3885,2837.0964000000004,215.5284,1 kg herbicide active substance,1 kg fungicide active substance,1 kg insecticide active substance,herbicide,fungicide,pesticide_insecticide,2_chara;3_chara,6_chara;7_chara,4_chara;5_chara,,,,138.6862492809676,439.15488117348445,0.0,577.841130454452
C8_2024,C8,2024,ha,"Ecotoxicity, freshwater - organics",CTUe,0.5967861976,0.1547902571,0.0,,,,6188.0453,14004.389299999999,2330252.3167,1 kg herbicide active substance,1 kg fungicide active substance,1 kg insecticide active substance,herbicide,fungicide,pesticide_insecticide,2_chara;3_chara,6_chara;7_chara,4_chara;5_chara,,,,3692.9400251635507,2167.743020275489,0.0,5860.68304543904
C8_2024,C8,2024,ha,"Eutrophication, freshwater",kg P eq,0.5967861976,0.1547902571,0.0,,,,0.006633,0.00503,0.005765,1 kg herbicide active substance,1 kg fungicide active substance,1 kg insecticide active substance,herbicide,fungicide,pesticide_insecticide,2_chara;3_chara,6_chara;7_chara,4_chara;5_chara,,,,0.003958482848680799,0.000778594993213,0.0,0.0047370778418938
C8_2024,C8,2024,ha,"Eutrophication, marine",kg N eq,0.5967861976,0.1547902571,0.0,,,,0.012633,0.010401,0.011381,1 kg herbicide active substance,1 kg fungicide active substance,1 kg insecticide active substance,herbicide,fungicide,pesticide_insecticide,2_chara;3_chara,6_chara;7_chara,4_chara;5_chara,,,,0.0075392000342808,0.0016099734640971,0.0,0.0091491734983779
C8_2024,C8,2024,ha,"Eutrophication, terrestrial",mol N eq,0.5967861976,0.1547902571,0.0,,,,0.091999,0.069061,0.076172,1 kg herbicide active substance,1 kg fungicide active substance,1 kg insecticide active substance,herbicide,fungicide,pesticide_insecticide,2_chara;3_chara,6_chara;7_chara,4_chara;5_chara,,,,0.0549037333930024,0.010689969945583098,0.0,0.0655937033385855
C8_2024,C8,2024,ha,"Human toxicity, cancer",CTUh,0.5967861976,0.1547902571,0.0,,,,6.56e-09,7.28e-09,5.63e-09,1 kg herbicide active substance,1 kg fungicide active substance,1 kg insecticide active substance,herbicide,fungicide,pesticide_insecticide,2_chara;3_chara,6_chara;7_chara,4_chara;5_chara,,,,3.914917456255999e-09,1.1268730716879999e-09,0.0,5.041790527943999e-09
C8_2024,C8,2024,ha,"Human toxicity, cancer - inorganics",CTUh,0.5967861976,0.1547902571,0.0,,,,3.84e-20,4.02e-20,4.24e-20,1 kg herbicide active substance,1 kg fungicide active substance,1 kg insecticide active substance,herbicide,fungicide,pesticide_insecticide,2_chara;3_chara,6_chara;7_chara,4_chara;5_chara,,,,2.2916589987839996e-20,6.2225683354199994e-21,0.0,2.9139158323259994e-20
C8_2024,C8,2024,ha,"Human toxicity, cancer - metals",CTUh,0.5967861976,0.1547902571,0.0,,,,3.38e-09,2.79e-09,2.97e-09,1 kg herbicide active substance,1 kg fungicide active substance,1 kg insecticide active substance,herbicide,fungicide,pesticide_insecticide,2_chara;3_chara,6_chara;7_chara,4_chara;5_chara,,,,2.0171373478879998e-09,4.31864817309e-10,0.0,2.449002165197e-09
C8_2024,C8,2024,ha,"Human toxicity, cancer - organics",CTUh,0.5967861976,0.1547902571,0.0,,,,3.19e-09,4.49e-09,2.66e-09,1 kg herbicide active substance,1 kg fungicide active substance,1 kg insecticide active substance,herbicide,fungicide,pesticide_insecticide,2_chara;3_chara,6_chara;7_chara,4_chara;5_chara,,,,1.9037479703439996e-09,6.95008254379e-10,0.0,2.598756224723e-09
C8_2024,C8,2024,ha,"Human toxicity, non-cancer",CTUh,0.5967861976,0.1547902571,0.0,,,,8.28e-07,4.3090000000000003e-07,0.00017910999999999998,1 kg herbicide active substance,1 kg fungicide active substance,1 kg insecticide active substance,herbicide,fungicide,pesticide_insecticide,2_chara;3_chara,6_chara;7_chara,4_chara;5_chara,,,,4.941389716127999e-07,6.669912178439e-08,0.0,5.6083809339719e-07
C8_2024,C8,2024,ha,"Human toxicity, non-cancer - inorganics",CTUh,0.5967861976,0.1547902571,0.0,,,,1.09e-08,8.28e-09,9.1e-09,1 kg herbicide active substance,1 kg fungicide active substance,1 kg insecticide active substance,herbicide,fungicide,pesticide_insecticide,2_chara;3_chara,6_chara;7_chara,4_chara;5_chara,,,,6.5049695538399995e-09,1.281663328788e-09,0.0,7.786632882627999e-09
C8_2024,C8,2024,ha,"Human toxicity, non-cancer - metals",CTUh,0.5967861976,0.1547902571,0.0,,,,1e-07,1.057e-07,8.69e-08,1 kg herbicide active substance,1 kg fungicide active substance,1 kg insecticide active substance,herbicide,fungicide,pesticide_insecticide,2_chara;3_chara,6_chara;7_chara,4_chara;5_chara,,,,5.967861975999999e-08,1.6361330175469998e-08,0.0,7.603994993546999e-08
C8_2024,C8,2024,ha,"Human toxicity, non-cancer - organics",CTUh,0.5967861976,0.1547902571,0.0,,,,7.179999999999999e-07,3.1770000000000005e-07,0.00017901459999999998,1 kg herbicide active substance,1 kg fungicide active substance,1 kg insecticide active substance,herbicide,fungicide,pesticide_insecticide,2_chara;3_chara,6_chara;7_chara,4_chara;5_chara,,,,4.2849248987679993e-07,4.9176864680670006e-08,0.0,4.7766935455747e-07
C8_2024,C8,2024,ha,Ionising radiation,kBq U-235 eq,0.5967861976,0.1547902571,0.0,,,,3.967235,2.938444,3.373034,1 kg herbicide active substance,1 kg fungicide active substance,1 kg insecticide active substance,herbicide,fungicide,pesticide_insecticide,2_chara;3_chara,6_chara;7_chara,4_chara;5_chara,,,,2.367591090635636,0.4548425022339524,0.0,2.8224335928695883
C8_2024,C8,2024,ha,Land use,Pt,0.5967861976,0.1547902571,0.0,,,,93.25604,87.12929,93.87114,1 kg herbicide active substance,1 kg fungicide active substance,1 kg insecticide active substance,herbicide,fungicide,pesticide_insecticide,2_chara;3_chara,6_chara;7_chara,4_chara;5_chara,,,,55.6539175148335,13.486765200040459,0.0,69.14068271487396
C8_2024,C8,2024,ha,Ozone depletion,kg CFC11 eq,0.5967861976,0.1547902571,0.0,,,,1.47e-06,9.46e-07,1e-06,1 kg herbicide active substance,1 kg fungicide active substance,1 kg insecticide active substance,herbicide,fungicide,pesticide_insecticide,2_chara;3_chara,6_chara;7_chara,4_chara;5_chara,,,,8.772757104719998e-07,1.464315832166e-07,0.0,1.0237072936885998e-06
C8_2024,C8,2024,ha,Particulate matter,disease inc.,0.5967861976,0.1547902571,0.0,,,,2.7e-07,2.24e-07,2.41e-07,1 kg herbicide active substance,1 kg fungicide active substance,1 kg insecticide active substance,herbicide,fungicide,pesticide_insecticide,2_chara;3_chara,6_chara;7_chara,4_chara;5_chara,,,,1.61132273352e-07,3.46730175904e-08,0.0,1.958052909424e-07
C8_2024,C8,2024,ha,Photochemical ozone formation,kg NMVOC eq,0.5967861976,0.1547902571,0.0,,,,0.02486,0.017891,0.019849,1 kg herbicide active substance,1 kg fungicide active substance,1 kg insecticide active substance,herbicide,fungicide,pesticide_insecticide,2_chara;3_chara,6_chara;7_chara,4_chara;5_chara,,,,0.014836104872336,0.0027693524897761,0.0,0.0176054573621121
C8_2024,C8,2024,ha,"Resource use, fossils",MJ,0.5967861976,0.1547902571,0.0,,,,246.4021,173.2985,189.8419,1 kg herbicide active substance,1 kg fungicide active substance,1 kg insecticide active substance,herbicide,fungicide,pesticide_insecticide,2_chara;3_chara,6_chara;7_chara,4_chara;5_chara,,,,147.04937233965495,26.82491937004435,0.0,173.8742917096993
C8_2024,C8,2024,ha,"Resource use, minerals and metals",kg Sb eq,0.5967861976,0.1547902571,0.0,,,,6.14e-05,4.6e-05,5.28e-05,1 kg herbicide active substance,1 kg fungicide active substance,1 kg insecticide active substance,herbicide,fungicide,pesticide_insecticide,2_chara;3_chara,6_chara;7_chara,4_chara;5_chara,,,,3.664267253264e-05,7.1203518266e-06,0.0,4.3763024359239995e-05
C8_2024,C8,2024,ha,Water use,m3 depriv.,0.5967861976,0.1547902571,0.0,,,,1.924816,1.471827,1.666069,1 kg herbicide active substance,1 kg fungicide active substance,1 kg insecticide active substance,herbicide,fungicide,pesticide_insecticide,2_chara;3_chara,6_chara;7_chara,4_chara;5_chara,,,,1.1487036217196416,0.22782447973672168,0.0,1.3765281014563633
D1_2022,D1,2022,ha,Acidification,mol H+ eq,2.1608163265,0.95,0.0411428571,,,,0.051857,0.038504,0.043223,1 kg herbicide active substance,1 kg fungicide active substance,1 kg insecticide active substance,herbicide,fungicide,pesticide_insecticide,2_chara;3_chara,6_chara;7_chara,4_chara;5_chara,,,,0.1120534522433105,0.036578799999999995,0.0017783177124332998,0.1504105699557438
D1_2022,D1,2022,ha,Climate change,kg CO2 eq,2.1608163265,0.95,0.0411428571,,,,13.6732,9.430276,10.25282,1 kg herbicide active substance,1 kg fungicide active substance,1 kg insecticide active substance,herbicide,fungicide,pesticide_insecticide,2_chara;3_chara,6_chara;7_chara,4_chara;5_chara,,,,29.5452737954998,8.958762199999999,0.421830308132022,38.92586630363182
D1_2022,D1,2022,ha,Climate change - Biogenic,kg CO2 eq,2.1608163265,0.95,0.0411428571,,,,0.223944,0.214731,0.218857,1 kg herbicide active substance,1 kg fungicide active substance,1 kg insecticide active substance,herbicide,fungicide,pesticide_insecticide,2_chara;3_chara,6_chara;7_chara,4_chara;5_chara,,,,0.483901851421716,0.20399445,0.0090044022763347,0.6969007036980507
D1_2022,D1,2022,ha,Climate change - Fossil,kg CO2 eq,2.1608163265,0.95,0.0411428571,,,,13.4338,9.203992,10.02068,1 kg herbicide active substance,1 kg fungicide active substance,1 kg insecticide active substance,herbicide,fungicide,pesticide_insecticide,2_chara;3_chara,6_chara;7_chara,4_chara;5_chara,,,,29.027974366935698,8.743792399999998,0.41227940528482804,38.184046172220526
D1_2022,D1,2022,ha,Climate change - Land use and LU change,kg CO2 eq,2.1608163265,0.95,0.0411428571,,,,0.015459,0.011552,0.013281,1 kg herbicide active substance,1 kg fungicide active substance,1 kg insecticide active substance,herbicide,fungicide,pesticide_insecticide,2_chara;3_chara,6_chara;7_chara,4_chara;5_chara,,,,0.0334040595913635,0.010974399999999999,0.0005464182851450999,0.0449248778765086
D1_2022,D1,2022,ha,"Ecotoxicity, freshwater",CTUe,2.1608163265,0.95,0.0411428571,,,,6433.9547999999995,16850.447900000003,2330477.7238,1 kg herbicide active substance,1 kg fungicide active substance,1 kg insecticide active substance,herbicide,fungicide,pesticide_insecticide,2_chara;3_chara,6_chara;7_chara,4_chara;5_chara,,,,13902.594575803041,16007.925505000001,95882.51196503665,125793.0320458397
D1_2022,D1,2022,ha,"Ecotoxicity, freshwater - inorganics",CTUe,2.1608163265,0.95,0.0411428571,,,,13.52104,8.955151,9.878709,1 kg herbicide active substance,1 kg fungicide active substance,1 kg insecticide active substance,herbicide,fungicide,pesticide_insecticide,2_chara;3_chara,6_chara;7_chara,4_chara;5_chara,,,,29.216483983259558,8.50739345,0.40643831271948394,38.13031574597905
D1_2022,D1,2022,ha,"Ecotoxicity, freshwater - metals",CTUe,2.1608163265,0.95,0.0411428571,,,,232.3885,2837.0964000000004,215.5284,1 kg herbicide active substance,1 kg fungicide active substance,1 kg insecticide active substance,herbicide,fungicide,pesticide_insecticide,2_chara;3_chara,6_chara;7_chara,4_chara;5_chara,,,,502.14886489084523,2695.2415800000003,8.86745416219164,3206.2578990530374
D1_2022,D1,2022,ha,"Ecotoxicity, freshwater - organics",CTUe,2.1608163265,0.95,0.0411428571,,,,6188.0453,14004.389299999999,2330252.3167,1 kg herbicide active substance,1 kg fungicide active substance,1 kg insecticide active substance,herbicide,fungicide,pesticide_insecticide,2_chara;3_chara,6_chara;7_chara,4_chara;5_chara,,,,13371.22931336159,13304.169834999999,95873.23807293204,122548.63722129364
D1_2022,D1,2022,ha,"Eutrophication, freshwater",kg P eq,2.1608163265,0.95,0.0411428571,,,,0.006633,0.00503,0.005765,1 kg herbicide active substance,1 kg fungicide active substance,1 kg insecticide active substance,herbicide,fungicide,pesticide_insecticide,2_chara;3_chara,6_chara;7_chara,4_chara;5_chara,,,,0.0143326946936745,0.0047785,0.0002371885711815,0.019348383264856
D1_2022,D1,2022,ha,"Eutrophication, marine",kg N eq,2.1608163265,0.95,0.0411428571,,,,0.012633,0.010401,0.011381,1 kg herbicide active substance,1 kg fungicide active substance,1 kg insecticide active substance,herbicide,fungicide,pesticide_insecticide,2_chara;3_chara,6_chara;7_chara,4_chara;5_chara,,,,0.0272975926526745,0.00988095,0.0004682468566551,0.0376467895093296
D1_2022,D1,2022,ha,"Eutrophication, terrestrial",mol N eq,2.1608163265,0.95,0.0411428571,,,,0.091999,0.069061,0.076172,1 kg herbicide active substance,1 kg fungicide active substance,1 kg insecticide active substance,herbicide,fungicide,pesticide_insecticide,2_chara;3_chara,6_chara;7_chara,4_chara;5_chara,,,,0.19879294122167349,0.06560795,0.0031339337110212,0.2675348249326947
D1_2022,D1,2022,ha,"Human toxicity, cancer",CTUh,2.1608163265,0.95,0.0411428571,,,,6.56e-09,7.28e-09,5.63e-09,1 kg herbicide active substance,1 kg fungicide active substance,1 kg insecticide active substance,herbicide,fungicide,pesticide_insecticide,2_chara;3_chara,6_chara;7_chara,4_chara;5_chara,,,,1.4174955101839999e-08,6.916e-09,2.3163428547299999e-10,2.1322589387312998e-08
D1_2022,D1,2022,ha,"Human toxicity, cancer - inorganics",CTUh,2.1608163265,0.95,0.0411428571,,,,3.84e-20,4.02e-20,4.24e-20,1 kg herbicide active substance,1 kg fungicide active substance,1 kg insecticide active substance,herbicide,fungicide,pesticide_insecticide,2_chara;3_chara,6_chara;7_chara,4_chara;5_chara,,,,8.297534693759999e-20,3.819e-20,1.74445714104e-21,1.2290980407864e-19
D1_2022,D1,2022,ha,"Human toxicity, cancer - metals",CTUh,2.1608163265,0.95,0.0411428571,,,,3.38e-09,2.79e-09,2.97e-09,1 kg herbicide active substance,1 kg fungicide active substance,1 kg insecticide active substance,herbicide,fungicide,pesticide_insecticide,2_chara;3_chara,6_chara;7_chara,4_chara;5_chara,,,,7.30355918357e-09,2.6505e-09,1.22194285587e-10,1.0076253469157e-08
D1_2022,D1,2022,ha,"Human toxicity, cancer - organics",CTUh,2.1608163265,0.95,0.0411428571,,,,3.19e-09,4.49e-09,2.66e-09,1 kg herbicide active substance,1 kg fungicide active substance,1 kg insecticide active substance,herbicide,fungicide,pesticide_insecticide,2_chara;3_chara,6_chara;7_chara,4_chara;5_chara,,,,6.893004081535e-09,4.2655e-09,1.09439999886e-10,1.1267944081421e-08
D1_2022,D1,2022,ha,"Human toxicity, non-cancer",CTUh,2.1608163265,0.95,0.0411428571,,,,8.28e-07,4.3090000000000003e-07,0.00017910999999999998,1 kg herbicide active substance,1 kg fungicide active substance,1 kg insecticide active substance,herbicide,fungicide,pesticide_insecticide,2_chara;3_chara,6_chara;7_chara,4_chara;5_chara,,,,1.7891559183419999e-06,4.0935500000000003e-07,7.369097135180999e-06,9.567608053522999e-06
D1_2022,D1,2022,ha,"Human toxicity, non-cancer - inorganics",CTUh,2.1608163265,0.95,0.0411428571,,,,1.09e-08,8.28e-09,9.1e-09,1 kg herbicide active substance,1 kg fungicide active substance,1 kg insecticide active substance,herbicide,fungicide,pesticide_insecticide,2_chara;3_chara,6_chara;7_chara,4_chara;5_chara,,,,2.355289795885e-08,7.866e-09,3.7439999961000003e-10,3.1793297958460003e-08
D1_2022,D1,2022,ha,"Human toxicity, non-cancer - metals",CTUh,2.1608163265,0.95,0.0411428571,,,,1e-07,1.057e-07,8.69e-08,1 kg herbicide active substance,1 kg fungicide active substance,1 kg insecticide active substance,herbicide,fungicide,pesticide_insecticide,2_chara;3_chara,6_chara;7_chara,4_chara;5_chara,,,,2.1608163264999999e-07,1.0041499999999999e-07,3.5753142819900003e-09,3.2007194693199e-07
D1_2022,D1,2022,ha,"Human toxicity, non-cancer - organics",CTUh,2.1608163265,0.95,0.0411428571,,,,7.179999999999999e-07,3.1770000000000005e-07,0.00017901459999999998,1 kg herbicide active substance,1 kg fungicide active substance,1 kg insecticide active substance,herbicide,fungicide,pesticide_insecticide,2_chara;3_chara,6_chara;7_chara,4_chara;5_chara,,,,1.551466122427e-06,3.01815e-07,7.365172106613659e-06,9.218453229040658e-06
D1_2022,D1,2022,ha,Ionising radiation,kBq U-235 eq,2.1608163265,0.95,0.0411428571,,,,3.967235,2.938444,3.373034,1 kg herbicide active substance,1 kg fungicide active substance,1 kg insecticide active substance,herbicide,fungicide,pesticide_insecticide,2_chara;3_chara,6_chara;7_chara,4_chara;5_chara,,,,8.572466159062227,2.7915218,0.1387762558554414,11.502764214917669
D1_2022,D1,2022,ha,Land use,Pt,2.1608163265,0.95,0.0411428571,,,,93.25604,87.12929,93.87114,1 kg herbicide active substance,1 kg fungicide active substance,1 kg insecticide active substance,herbicide,fungicide,pesticide_insecticide,2_chara;3_chara,6_chara;7_chara,4_chara;5_chara,,,,201.50917377673704,82.7728255,3.8621268988340938,288.14412617557116
D1_2022,D1,2022,ha,Ozone depletion,kg CFC11 eq,2.1608163265,0.95,0.0411428571,,,,1.47e-06,9.46e-07,1e-06,1 kg herbicide active substance,1 kg fungicide active substance,1 kg insecticide active substance,herbicide,fungicide,pesticide_insecticide,2_chara;3_chara,6_chara;7_chara,4_chara;5_chara,,,,3.176399999955e-06,8.987e-07,4.11428571e-08,4.116242857055e-06
D1_2022,D1,2022,ha,Particulate matter,disease inc.,2.1608163265,0.95,0.0411428571,,,,2.7e-07,2.24e-07,2.41e-07,1 kg herbicide active substance,1 kg fungicide active substance,1 kg insecticide active substance,herbicide,fungicide,pesticide_insecticide,2_chara;3_chara,6_chara;7_chara,4_chara;5_chara,,,,5.834204081550001e-07,2.1279999999999997e-07,9.9154285611e-09,8.061358367161e-07
D1_2022,D1,2022,ha,Photochemical ozone formation,kg NMVOC eq,2.1608163265,0.95,0.0411428571,,,,0.02486,0.017891,0.019849,1 kg herbicide active substance,1 kg fungicide active substance,1 kg insecticide active substance,herbicide,fungicide,pesticide_insecticide,2_chara;3_chara,6_chara;7_chara,4_chara;5_chara,,,,0.05371789387679,0.01699645,0.0008166445705779,0.0715309884473679
D1_2022,D1,2022,ha,"Resource use, fossils",MJ,2.1608163265,0.95,0.0411428571,,,,246.4021,173.2985,189.8419,1 kg herbicide active substance,1 kg fungicide active substance,1 kg insecticide active substance,herbicide,fungicide,pesticide_insecticide,2_chara;3_chara,6_chara;7_chara,4_chara;5_chara,,,,532.4296805638857,164.63357499999998,7.810638163292491,704.8738937271781
D1_2022,D1,2022,ha,"Resource use, minerals and metals",kg Sb eq,2.1608163265,0.95,0.0411428571,,,,6.14e-05,4.6e-05,5.28e-05,1 kg herbicide active substance,1 kg fungicide active substance,1 kg insecticide active substance,herbicide,fungicide,pesticide_insecticide,2_chara;3_chara,6_chara;7_chara,4_chara;5_chara,,,,0.0001326741224471,4.37e-05,2.17234285488e-06,0.00017854646530198002
D1_2022,D1,2022,ha,Water use,m3 depriv.,2.1608163265,0.95,0.0411428571,,,,1.924816,1.471827,1.666069,1 kg herbicide active substance,1 kg fungicide active substance,1 kg insecticide active substance,herbicide,fungicide,pesticide_insecticide,2_chara;3_chara,6_chara;7_chara,4_chara;5_chara,,,,4.1591738383084245,1.39823565,0.0685468387857399,5.625956327094165
D1_2023,D1,2023,ha,Acidification,mol H+ eq,1.09,0.0,0.12,,,,0.051857,0.038504,0.043223,1 kg herbicide active substance,1 kg fungicide active substance,1 kg insecticide active substance,herbicide,fungicide,pesticide_insecticide,2_chara;3_chara,6_chara;7_chara,4_chara;5_chara,,,,0.056524130000000006,0.0,0.0051867599999999995,0.061710890000000004
D1_2023,D1,2023,ha,Climate change,kg CO2 eq,1.09,0.0,0.12,,,,13.6732,9.430276,10.25282,1 kg herbicide active substance,1 kg fungicide active substance,1 kg insecticide active substance,herbicide,fungicide,pesticide_insecticide,2_chara;3_chara,6_chara;7_chara,4_chara;5_chara,,,,14.903788,0.0,1.2303384,16.1341264
D1_2023,D1,2023,ha,Climate change - Biogenic,kg CO2 eq,1.09,0.0,0.12,,,,0.223944,0.214731,0.218857,1 kg herbicide active substance,1 kg fungicide active substance,1 kg insecticide active substance,herbicide,fungicide,pesticide_insecticide,2_chara;3_chara,6_chara;7_chara,4_chara;5_chara,,,,0.24409896000000003,0.0,0.02626284,0.27036180000000004
D1_2023,D1,2023,ha,Climate change - Fossil,kg CO2 eq,1.09,0.0,0.12,,,,13.4338,9.203992,10.02068,1 kg herbicide active substance,1 kg fungicide active substance,1 kg insecticide active substance,herbicide,fungicide,pesticide_insecticide,2_chara;3_chara,6_chara;7_chara,4_chara;5_chara,,,,14.642842,0.0,1.2024816,15.8453236
D1_2023,D1,2023,ha,Climate change - Land use and LU change,kg CO2 eq,1.09,0.0,0.12,,,,0.015459,0.011552,0.013281,1 kg herbicide active substance,1 kg fungicide active substance,1 kg insecticide active substance,herbicide,fungicide,pesticide_insecticide,2_chara;3_chara,6_chara;7_chara,4_chara;5_chara,,,,0.01685031,0.0,0.0015937199999999999,0.01844403
D1_2023,D1,2023,ha,"Ecotoxicity, freshwater",CTUe,1.09,0.0,0.12,,,,6433.9547999999995,16850.447900000003,2330477.7238,1 kg herbicide active substance,1 kg fungicide active substance,1 kg insecticide active substance,herbicide,fungicide,pesticide_insecticide,2_chara;3_chara,6_chara;7_chara,4_chara;5_chara,,,,7013.010732,0.0,279657.32685599994,286670.33758799994
D1_2023,D1,2023,ha,"Ecotoxicity, freshwater - inorganics",CTUe,1.09,0.0,0.12,,,,13.52104,8.955151,9.878709,1 kg herbicide active substance,1 kg fungicide active substance,1 kg insecticide active substance,herbicide,fungicide,pesticide_insecticide,2_chara;3_chara,6_chara;7_chara,4_chara;5_chara,,,,14.7379336,0.0,1.18544508,15.923378679999999
D1_2023,D1,2023,ha,"Ecotoxicity, freshwater - metals",CTUe,1.09,0.0,0.12,,,,232.3885,2837.0964000000004,215.5284,1 kg herbicide active substance,1 kg fungicide active substance,1 kg insecticide active substance,herbicide,fungicide,pesticide_insecticide,2_chara;3_chara,6_chara;7_chara,4_chara;5_chara,,,,253.30346500000002,0.0,25.863408,279.166873
D1_2023,D1,2023,ha,"Ecotoxicity, freshwater - organics",CTUe,1.09,0.0,0.12,,,,6188.0453,14004.389299999999,2330252.3167,1 kg herbicide active substance,1 kg fungicide active substance,1 kg insecticide active substance,herbicide,fungicide,pesticide_insecticide,2_chara;3_chara,6_chara;7_chara,4_chara;5_chara,,,,6744.969377,0.0,279630.27800399996,286375.24738099996
D1_2023,D1,2023,ha,"Eutrophication, freshwater",kg P eq,1.09,0.0,0.12,,,,0.006633,0.00503,0.005765,1 kg herbicide active substance,1 kg fungicide active substance,1 kg insecticide active substance,herbicide,fungicide,pesticide_insecticide,2_chara;3_chara,6_chara;7_chara,4_chara;5_chara,,,,0.0072299700000000005,0.0,0.0006918,0.00792177
D1_2023,D1,2023,ha,"Eutrophication, marine",kg N eq,1.09,0.0,0.12,,,,0.012633,0.010401,0.011381,1 kg herbicide active substance,1 kg fungicide active substance,1 kg insecticide active substance,herbicide,fungicide,pesticide_insecticide,2_chara;3_chara,6_chara;7_chara,4_chara;5_chara,,,,0.013769970000000001,0.0,0.00136572,0.01513569
D1_2023,D1,2023,ha,"Eutrophication, terrestrial",mol N eq,1.09,0.0,0.12,,,,0.091999,0.069061,0.076172,1 kg herbicide active substance,1 kg fungicide active substance,1 kg insecticide active substance,herbicide,fungicide,pesticide_insecticide,2_chara;3_chara,6_chara;7_chara,4_chara;5_chara,,,,0.10027891,0.0,0.00914064,0.10941955
D1_2023,D1,2023,ha,"Human toxicity, cancer",CTUh,1.09,0.0,0.12,,,,6.56e-09,7.28e-09,5.63e-09,1 kg herbicide active substance,1 kg fungicide active substance,1 kg insecticide active substance,herbicide,fungicide,pesticide_insecticide,2_chara;3_chara,6_chara;7_chara,4_chara;5_chara,,,,7.1504000000000005e-09,0.0,6.755999999999999e-10,7.826e-09
D1_2023,D1,2023,ha,"Human toxicity, cancer - inorganics",CTUh,1.09,0.0,0.12,,,,3.84e-20,4.02e-20,4.24e-20,1 kg herbicide active substance,1 kg fungicide active substance,1 kg insecticide active substance,herbicide,fungicide,pesticide_insecticide,2_chara;3_chara,6_chara;7_chara,4_chara;5_chara,,,,4.1856e-20,0.0,5.088e-21,4.6944e-20
D1_2023,D1,2023,ha,"Human toxicity, cancer - metals",CTUh,1.09,0.0,0.12,,,,3.38e-09,2.79e-09,2.97e-09,1 kg herbicide active substance,1 kg fungicide active substance,1 kg insecticide active substance,herbicide,fungicide,pesticide_insecticide,2_chara;3_chara,6_chara;7_chara,4_chara;5_chara,,,,3.6842e-09,0.0,3.564e-10,4.0406e-09
D1_2023,D1,2023,ha,"Human toxicity, cancer - organics",CTUh,1.09,0.0,0.12,,,,3.19e-09,4.49e-09,2.66e-09,1 kg herbicide active substance,1 kg fungicide active substance,1 kg insecticide active substance,herbicide,fungicide,pesticide_insecticide,2_chara;3_chara,6_chara;7_chara,4_chara;5_chara,,,,3.4771000000000003e-09,0.0,3.192e-10,3.7963e-09
D1_2023,D1,2023,ha,"Human toxicity, non-cancer",CTUh,1.09,0.0,0.12,,,,8.28e-07,4.3090000000000003e-07,0.00017910999999999998,1 kg herbicide active substance,1 kg fungicide active substance,1 kg insecticide active substance,herbicide,fungicide,pesticide_insecticide,2_chara;3_chara,6_chara;7_chara,4_chara;5_chara,,,,9.025200000000001e-07,0.0,2.1493199999999996e-05,2.2395719999999998e-05
D1_2023,D1,2023,ha,"Human toxicity, non-cancer - inorganics",CTUh,1.09,0.0,0.12,,,,1.09e-08,8.28e-09,9.1e-09,1 kg herbicide active substance,1 kg fungicide active substance,1 kg insecticide active substance,herbicide,fungicide,pesticide_insecticide,2_chara;3_chara,6_chara;7_chara,4_chara;5_chara,,,,1.1881e-08,0.0,1.092e-09,1.2973e-08
D1_2023,D1,2023,ha,"Human toxicity, non-cancer - metals",CTUh,1.09,0.0,0.12,,,,1e-07,1.057e-07,8.69e-08,1 kg herbicide active substance,1 kg fungicide active substance,1 kg insecticide active substance,herbicide,fungicide,pesticide_insecticide,2_chara;3_chara,6_chara;7_chara,4_chara;5_chara,,,,1.09e-07,0.0,1.0428e-08,1.19428e-07
D1_2023,D1,2023,ha,"Human toxicity, non-cancer - organics",CTUh,1.09,0.0,0.12,,,,7.179999999999999e-07,3.1770000000000005e-07,0.00017901459999999998,1 kg herbicide active substance,1 kg fungicide active substance,1 kg insecticide active substance,herbicide,fungicide,pesticide_insecticide,2_chara;3_chara,6_chara;7_chara,4_chara;5_chara,,,,7.8262e-07,0.0,2.1481751999999997e-05,2.2264371999999996e-05
D1_2023,D1,2023,ha,Ionising radiation,kBq U-235 eq,1.09,0.0,0.12,,,,3.967235,2.938444,3.373034,1 kg herbicide active substance,1 kg fungicide active substance,1 kg insecticide active substance,herbicide,fungicide,pesticide_insecticide,2_chara;3_chara,6_chara;7_chara,4_chara;5_chara,,,,4.324286150000001,0.0,0.40476407999999997,4.72905023
D1_2023,D1,2023,ha,Land use,Pt,1.09,0.0,0.12,,,,93.25604,87.12929,93.87114,1 kg herbicide active substance,1 kg fungicide active substance,1 kg insecticide active substance,herbicide,fungicide,pesticide_insecticide,2_chara;3_chara,6_chara;7_chara,4_chara;5_chara,,,,101.64908360000001,0.0,11.264536799999998,112.91362040000001
D1_2023,D1,2023,ha,Ozone depletion,kg CFC11 eq,1.09,0.0,0.12,,,,1.47e-06,9.46e-07,1e-06,1 kg herbicide active substance,1 kg fungicide active substance,1 kg insecticide active substance,herbicide,fungicide,pesticide_insecticide,2_chara;3_chara,6_chara;7_chara,4_chara;5_chara,,,,1.6023e-06,0.0,1.2e-07,1.7223e-06
D1_2023,D1,2023,ha,Particulate matter,disease inc.,1.09,0.0,0.12,,,,2.7e-07,2.24e-07,2.41e-07,1 kg herbicide active substance,1 kg fungicide active substance,1 kg insecticide active substance,herbicide,fungicide,pesticide_insecticide,2_chara;3_chara,6_chara;7_chara,4_chara;5_chara,,,,2.9430000000000003e-07,0.0,2.892e-08,3.2322000000000006e-07
D1_2023,D1,2023,ha,Photochemical ozone formation,kg NMVOC eq,1.09,0.0,0.12,,,,0.02486,0.017891,0.019849,1 kg herbicide active substance,1 kg fungicide active substance,1 kg insecticide active substance,herbicide,fungicide,pesticide_insecticide,2_chara;3_chara,6_chara;7_chara,4_chara;5_chara,,,,0.0270974,0.0,0.00238188,0.02947928
D1_2023,D1,2023,ha,"Resource use, fossils",MJ,1.09,0.0,0.12,,,,246.4021,173.2985,189.8419,1 kg herbicide active substance,1 kg fungicide active substance,1 kg insecticide active substance,herbicide,fungicide,pesticide_insecticide,2_chara;3_chara,6_chara;7_chara,4_chara;5_chara,,,,268.578289,0.0,22.781028,291.359317
D1_2023,D1,2023,ha,"Resource use, minerals and metals",kg Sb eq,1.09,0.0,0.12,,,,6.14e-05,4.6e-05,5.28e-05,1 kg herbicide active substance,1 kg fungicide active substance,1 kg insecticide active substance,herbicide,fungicide,pesticide_insecticide,2_chara;3_chara,6_chara;7_chara,4_chara;5_chara,,,,6.6926e-05,0.0,6.336e-06,7.3262e-05
D1_2023,D1,2023,ha,Water use,m3 depriv.,1.09,0.0,0.12,,,,1.924816,1.471827,1.666069,1 kg herbicide active substance,1 kg fungicide active substance,1 kg insecticide active substance,herbicide,fungicide,pesticide_insecticide,2_chara;3_chara,6_chara;7_chara,4_chara;5_chara,,,,2.09804944,0.0,0.19992827999999999,2.29797772
D1_2024,D1,2024,ha,Acidification,mol H+ eq,0.9595967742,0.369,0.0,,,,0.051857,0.038504,0.043223,1 kg herbicide active substance,1 kg fungicide active substance,1 kg insecticide active substance,herbicide,fungicide,pesticide_insecticide,2_chara;3_chara,6_chara;7_chara,4_chara;5_chara,,,,0.0497618099196894,0.014207975999999999,0.0,0.0639697859196894
D1_2024,D1,2024,ha,Climate change,kg CO2 eq,0.9595967742,0.369,0.0,,,,13.6732,9.430276,10.25282,1 kg herbicide active substance,1 kg fungicide active substance,1 kg insecticide active substance,herbicide,fungicide,pesticide_insecticide,2_chara;3_chara,6_chara;7_chara,4_chara;5_chara,,,,13.12075861299144,3.4797718439999996,0.0,16.60053045699144
D1_2024,D1,2024,ha,Climate change - Biogenic,kg CO2 eq,0.9595967742,0.369,0.0,,,,0.223944,0.214731,0.218857,1 kg herbicide active substance,1 kg fungicide active substance,1 kg insecticide active substance,herbicide,fungicide,pesticide_insecticide,2_chara;3_chara,6_chara;7_chara,4_chara;5_chara,,,,0.2148959400014448,0.079235739,0.0,0.29413167900144477
D1_2024,D1,2024,ha,Climate change - Fossil,kg CO2 eq,0.9595967742,0.369,0.0,,,,13.4338,9.203992,10.02068,1 kg herbicide active substance,1 kg fungicide active substance,1 kg insecticide active substance,herbicide,fungicide,pesticide_insecticide,2_chara;3_chara,6_chara;7_chara,4_chara;5_chara,,,,12.89103114524796,3.396273048,0.0,16.28730419324796
D1_2024,D1,2024,ha,Climate change - Land use and LU change,kg CO2 eq,0.9595967742,0.369,0.0,,,,0.015459,0.011552,0.013281,1 kg herbicide active substance,1 kg fungicide active substance,1 kg insecticide active substance,herbicide,fungicide,pesticide_insecticide,2_chara;3_chara,6_chara;7_chara,4_chara;5_chara,,,,0.0148344065323578,0.004262688,0.0,0.0190970945323578
D1_2024,D1,2024,ha,"Ecotoxicity, freshwater",CTUe,0.9595967742,0.369,0.0,,,,6433.9547999999995,16850.447900000003,2330477.7238,1 kg herbicide active substance,1 kg fungicide active substance,1 kg insecticide active substance,herbicide,fungicide,pesticide_insecticide,2_chara;3_chara,6_chara;7_chara,4_chara;5_chara,,,,6174.002271428606,6217.815275100001,0.0,12391.817546528608
D1_2024,D1,2024,ha,"Ecotoxicity, freshwater - inorganics",CTUe,0.9595967742,0.369,0.0,,,,13.52104,8.955151,9.878709,1 kg herbicide active substance,1 kg fungicide active substance,1 kg insecticide active substance,herbicide,fungicide,pesticide_insecticide,2_chara;3_chara,6_chara;7_chara,4_chara;5_chara,,,,12.974746367829168,3.304450719,0.0,16.279197086829168
D1_2024,D1,2024,ha,"Ecotoxicity, freshwater - metals",CTUe,0.9595967742,0.369,0.0,,,,232.3885,2837.0964000000004,215.5284,1 kg herbicide active substance,1 kg fungicide active substance,1 kg insecticide active substance,herbicide,fungicide,pesticide_insecticide,2_chara;3_chara,6_chara;7_chara,4_chara;5_chara,,,,222.9992549611767,1046.8885716000002,0.0,1269.887826561177
D1_2024,D1,2024,ha,"Ecotoxicity, freshwater - organics",CTUe,0.9595967742,0.369,0.0,,,,6188.0453,14004.389299999999,2330252.3167,1 kg herbicide active substance,1 kg fungicide active substance,1 kg insecticide active substance,herbicide,fungicide,pesticide_insecticide,2_chara;3_chara,6_chara;7_chara,4_chara;5_chara,,,,5938.028308483471,5167.6196517,0.0,11105.64796018347
D1_2024,D1,2024,ha,"Eutrophication, freshwater",kg P eq,0.9595967742,0.369,0.0,,,,0.006633,0.00503,0.005765,1 kg herbicide active substance,1 kg fungicide active substance,1 kg insecticide active substance,herbicide,fungicide,pesticide_insecticide,2_chara;3_chara,6_chara;7_chara,4_chara;5_chara,,,,0.0063650054032686,0.0018560699999999998,0.0,0.0082210754032686
D1_2024,D1,2024,ha,"Eutrophication, marine",kg N eq,0.9595967742,0.369,0.0,,,,0.012633,0.010401,0.011381,1 kg herbicide active substance,1 kg fungicide active substance,1 kg insecticide active substance,herbicide,fungicide,pesticide_insecticide,2_chara;3_chara,6_chara;7_chara,4_chara;5_chara,,,,0.0121225860484686,0.003837969,0.0,0.0159605550484686
D1_2024,D1,2024,ha,"Eutrophication, terrestrial",mol N eq,0.9595967742,0.369,0.0,,,,0.091999,0.069061,0.076172,1 kg herbicide active substance,1 kg fungicide active substance,1 kg insecticide active substance,herbicide,fungicide,pesticide_insecticide,2_chara;3_chara,6_chara;7_chara,4_chara;5_chara,,,,0.0882819436296258,0.025483508999999998,0.0,0.1137654526296258
D1_2024,D1,2024,ha,"Human toxicity, cancer",CTUh,0.9595967742,0.369,0.0,,,,6.56e-09,7.28e-09,5.63e-09,1 kg herbicide active substance,1 kg fungicide active substance,1 kg insecticide active substance,herbicide,fungicide,pesticide_insecticide,2_chara;3_chara,6_chara;7_chara,4_chara;5_chara,,,,6.294954838752e-09,2.68632e-09,0.0,8.981274838752e-09
D1_2024,D1,2024,ha,"Human toxicity, cancer - inorganics",CTUh,0.9595967742,0.369,0.0,,,,3.84e-20,4.02e-20,4.24e-20,1 kg herbicide active substance,1 kg fungicide active substance,1 kg insecticide active substance,herbicide,fungicide,pesticide_insecticide,2_chara;3_chara,6_chara;7_chara,4_chara;5_chara,,,,3.684851612928e-20,1.48338e-20,0.0,5.1682316129279996e-20
D1_2024,D1,2024,ha,"Human toxicity, cancer - metals",CTUh,0.9595967742,0.369,0.0,,,,3.38e-09,2.79e-09,2.97e-09,1 kg herbicide active substance,1 kg fungicide active substance,1 kg insecticide active substance,herbicide,fungicide,pesticide_insecticide,2_chara;3_chara,6_chara;7_chara,4_chara;5_chara,,,,3.243437096796e-09,1.02951e-09,0.0,4.2729470967959996e-09
D1_2024,D1,2024,ha,"Human toxicity, cancer - organics",CTUh,0.9595967742,0.369,0.0,,,,3.19e-09,4.49e-09,2.66e-09,1 kg herbicide active substance,1 kg fungicide active substance,1 kg insecticide active substance,herbicide,fungicide,pesticide_insecticide,2_chara;3_chara,6_chara;7_chara,4_chara;5_chara,,,,3.061113709698e-09,1.65681e-09,0.0,4.717923709698e-09
D1_2024,D1,2024,ha,"Human toxicity, non-cancer",CTUh,0.9595967742,0.369,0.0,,,,8.28e-07,4.3090000000000003e-07,0.00017910999999999998,1 kg herbicide active substance,1 kg fungicide active substance,1 kg insecticide active substance,herbicide,fungicide,pesticide_insecticide,2_chara;3_chara,6_chara;7_chara,4_chara;5_chara,,,,7.945461290375999e-07,1.590021e-07,0.0,9.535482290375999e-07
D1_2024,D1,2024,ha,"Human toxicity, non-cancer - inorganics",CTUh,0.9595967742,0.369,0.0,,,,1.09e-08,8.28e-09,9.1e-09,1 kg herbicide active substance,1 kg fungicide active substance,1 kg insecticide active substance,herbicide,fungicide,pesticide_insecticide,2_chara;3_chara,6_chara;7_chara,4_chara;5_chara,,,,1.045960483878e-08,3.05532e-09,0.0,1.3514924838779999e-08
D1_2024,D1,2024,ha,"Human toxicity, non-cancer - metals",CTUh,0.9595967742,0.369,0.0,,,,1e-07,1.057e-07,8.69e-08,1 kg herbicide active substance,1 kg fungicide active substance,1 kg insecticide active substance,herbicide,fungicide,pesticide_insecticide,2_chara;3_chara,6_chara;7_chara,4_chara;5_chara,,,,9.595967741999999e-08,3.90033e-08,0.0,1.3496297742e-07
D1_2024,D1,2024,ha,"Human toxicity, non-cancer - organics",CTUh,0.9595967742,0.369,0.0,,,,7.179999999999999e-07,3.1770000000000005e-07,0.00017901459999999998,1 kg herbicide active substance,1 kg fungicide active substance,1 kg insecticide active substance,herbicide,fungicide,pesticide_insecticide,2_chara;3_chara,6_chara;7_chara,4_chara;5_chara,,,,6.889904838756e-07,1.1723130000000002e-07,0.0,8.062217838756e-07
D1_2024,D1,2024,ha,Ionising radiation,kBq U-235 eq,0.9595967742,0.369,0.0,,,,3.967235,2.938444,3.373034,1 kg herbicide active substance,1 kg fungicide active substance,1 kg insecticide active substance,herbicide,fungicide,pesticide_insecticide,2_chara;3_chara,6_chara;7_chara,4_chara;5_chara,,,,3.8069459084933372,1.084285836,0.0,4.8912317444933375
D1_2024,D1,2024,ha,Land use,Pt,0.9595967742,0.369,0.0,,,,93.25604,87.12929,93.87114,1 kg herbicide active substance,1 kg fungicide active substance,1 kg insecticide active substance,herbicide,fungicide,pesticide_insecticide,2_chara;3_chara,6_chara;7_chara,4_chara;5_chara,,,,89.48819515866617,32.150708009999995,0.0,121.63890316866616
D1_2024,D1,2024,ha,Ozone depletion,kg CFC11 eq,0.9595967742,0.369,0.0,,,,1.47e-06,9.46e-07,1e-06,1 kg herbicide active substance,1 kg fungicide active substance,1 kg insecticide active substance,herbicide,fungicide,pesticide_insecticide,2_chara;3_chara,6_chara;7_chara,4_chara;5_chara,,,,1.410607258074e-06,3.49074e-07,0.0,1.759681258074e-06
D1_2024,D1,2024,ha,Particulate matter,disease inc.,0.9595967742,0.369,0.0,,,,2.7e-07,2.24e-07,2.41e-07,1 kg herbicide active substance,1 kg fungicide active substance,1 kg insecticide active substance,herbicide,fungicide,pesticide_insecticide,2_chara;3_chara,6_chara;7_chara,4_chara;5_chara,,,,2.59091129034e-07,8.2656e-08,0.0,3.41747129034e-07
D1_2024,D1,2024,ha,Photochemical ozone formation,kg NMVOC eq,0.9595967742,0.369,0.0,,,,0.02486,0.017891,0.019849,1 kg herbicide active substance,1 kg fungicide active substance,1 kg insecticide active substance,herbicide,fungicide,pesticide_insecticide,2_chara;3_chara,6_chara;7_chara,4_chara;5_chara,,,,0.023855575806612,0.006601779,0.0,0.030457354806612
D1_2024,D1,2024,ha,"Resource use, fossils",MJ,0.9595967742,0.369,0.0,,,,246.4021,173.2985,189.8419,1 kg herbicide active substance,1 kg fungicide active substance,1 kg insecticide active substance,herbicide,fungicide,pesticide_insecticide,2_chara;3_chara,6_chara;7_chara,4_chara;5_chara,,,,236.4466603161058,63.947146499999995,0.0,300.3938068161058
D1_2024,D1,2024,ha,"Resource use, minerals and metals",kg Sb eq,0.9595967742,0.369,0.0,,,,6.14e-05,4.6e-05,5.28e-05,1 kg herbicide active substance,1 kg fungicide active substance,1 kg insecticide active substance,herbicide,fungicide,pesticide_insecticide,2_chara;3_chara,6_chara;7_chara,4_chara;5_chara,,,,5.8919241935880004e-05,1.6974e-05,0.0,7.589324193588001e-05
D1_2024,D1,2024,ha,Water use,m3 depriv.,0.9595967742,0.369,0.0,,,,1.924816,1.471827,1.666069,1 kg herbicide active substance,1 kg fungicide active substance,1 kg insecticide active substance,herbicide,fungicide,pesticide_insecticide,2_chara;3_chara,6_chara;7_chara,4_chara;5_chara,,,,1.8470472245285472,0.543104163,0.0,2.3901513875285474
D2_2022,D2,2022,ha,Acidification,mol H+ eq,1.88,0.59,0.0,,,,0.051857,0.038504,0.043223,1 kg herbicide active substance,1 kg fungicide active substance,1 kg insecticide active substance,herbicide,fungicide,pesticide_insecticide,2_chara;3_chara,6_chara;7_chara,4_chara;5_chara,,,,0.09749116,0.022717359999999995,0.0,0.12020851999999999
D2_2022,D2,2022,ha,Climate change,kg CO2 eq,1.88,0.59,0.0,,,,13.6732,9.430276,10.25282,1 kg herbicide active substance,1 kg fungicide active substance,1 kg insecticide active substance,herbicide,fungicide,pesticide_insecticide,2_chara;3_chara,6_chara;7_chara,4_chara;5_chara,,,,25.705616,5.56386284,0.0,31.269478839999998
D2_2022,D2,2022,ha,Climate change - Biogenic,kg CO2 eq,1.88,0.59,0.0,,,,0.223944,0.214731,0.218857,1 kg herbicide active substance,1 kg fungicide active substance,1 kg insecticide active substance,herbicide,fungicide,pesticide_insecticide,2_chara;3_chara,6_chara;7_chara,4_chara;5_chara,,,,0.42101472,0.12669128999999998,0.0,0.54770601
D2_2022,D2,2022,ha,Climate change - Fossil,kg CO2 eq,1.88,0.59,0.0,,,,13.4338,9.203992,10.02068,1 kg herbicide active substance,1 kg fungicide active substance,1 kg insecticide active substance,herbicide,fungicide,pesticide_insecticide,2_chara;3_chara,6_chara;7_chara,4_chara;5_chara,,,,25.255543999999997,5.43035528,0.0,30.685899279999997
D2_2022,D2,2022,ha,Climate change - Land use and LU change,kg CO2 eq,1.88,0.59,0.0,,,,0.015459,0.011552,0.013281,1 kg herbicide active substance,1 kg fungicide active substance,1 kg insecticide active substance,herbicide,fungicide,pesticide_insecticide,2_chara;3_chara,6_chara;7_chara,4_chara;5_chara,,,,0.02906292,0.006815679999999999,0.0,0.0358786
D2_2022,D2,2022,ha,"Ecotoxicity, freshwater",CTUe,1.88,0.59,0.0,,,,6433.9547999999995,16850.447900000003,2330477.7238,1 kg herbicide active substance,1 kg fungicide active substance,1 kg insecticide active substance,herbicide,fungicide,pesticide_insecticide,2_chara;3_chara,6_chara;7_chara,4_chara;5_chara,,,,12095.835023999998,9941.764261,0.0,22037.599284999997
D2_2022,D2,2022,ha,"Ecotoxicity, freshwater - inorganics",CTUe,1.88,0.59,0.0,,,,13.52104,8.955151,9.878709,1 kg herbicide active substance,1 kg fungicide active substance,1 kg insecticide active substance,herbicide,fungicide,pesticide_insecticide,2_chara;3_chara,6_chara;7_chara,4_chara;5_chara,,,,25.419555199999998,5.2835390900000005,0.0,30.70309429
D2_2022,D2,2022,ha,"Ecotoxicity, freshwater - metals",CTUe,1.88,0.59,0.0,,,,232.3885,2837.0964000000004,215.5284,1 kg herbicide active substance,1 kg fungicide active substance,1 kg insecticide active substance,herbicide,fungicide,pesticide_insecticide,2_chara;3_chara,6_chara;7_chara,4_chara;5_chara,,,,436.89037999999994,1673.886876,0.0,2110.777256
D2_2022,D2,2022,ha,"Ecotoxicity, freshwater - organics",CTUe,1.88,0.59,0.0,,,,6188.0453,14004.389299999999,2330252.3167,1 kg herbicide active substance,1 kg fungicide active substance,1 kg insecticide active substance,herbicide,fungicide,pesticide_insecticide,2_chara;3_chara,6_chara;7_chara,4_chara;5_chara,,,,11633.525163999999,8262.589687,0.0,19896.114851
D2_2022,D2,2022,ha,"Eutrophication, freshwater",kg P eq,1.88,0.59,0.0,,,,0.006633,0.00503,0.005765,1 kg herbicide active substance,1 kg fungicide active substance,1 kg insecticide active substance,herbicide,fungicide,pesticide_insecticide,2_chara;3_chara,6_chara;7_chara,4_chara;5_chara,,,,0.01247004,0.0029676999999999998,0.0,0.01543774
D2_2022,D2,2022,ha,"Eutrophication, marine",kg N eq,1.88,0.59,0.0,,,,0.012633,0.010401,0.011381,1 kg herbicide active substance,1 kg fungicide active substance,1 kg insecticide active substance,herbicide,fungicide,pesticide_insecticide,2_chara;3_chara,6_chara;7_chara,4_chara;5_chara,,,,0.02375004,0.00613659,0.0,0.02988663
D2_2022,D2,2022,ha,"Eutrophication, terrestrial",mol N eq,1.88,0.59,0.0,,,,0.091999,0.069061,0.076172,1 kg herbicide active substance,1 kg fungicide active substance,1 kg insecticide active substance,herbicide,fungicide,pesticide_insecticide,2_chara;3_chara,6_chara;7_chara,4_chara;5_chara,,,,0.17295812,0.040745989999999996,0.0,0.21370411
D2_2022,D2,2022,ha,"Human toxicity, cancer",CTUh,1.88,0.59,0.0,,,,6.56e-09,7.28e-09,5.63e-09,1 kg herbicide active substance,1 kg fungicide active substance,1 kg insecticide active substance,herbicide,fungicide,pesticide_insecticide,2_chara;3_chara,6_chara;7_chara,4_chara;5_chara,,,,1.23328e-08,4.2952e-09,0.0,1.6628e-08
D2_2022,D2,2022,ha,"Human toxicity, cancer - inorganics",CTUh,1.88,0.59,0.0,,,,3.84e-20,4.02e-20,4.24e-20,1 kg herbicide active substance,1 kg fungicide active substance,1 kg insecticide active substance,herbicide,fungicide,pesticide_insecticide,2_chara;3_chara,6_chara;7_chara,4_chara;5_chara,,,,7.2192e-20,2.3717999999999998e-20,0.0,9.590999999999999e-20
D2_2022,D2,2022,ha,"Human toxicity, cancer - metals",CTUh,1.88,0.59,0.0,,,,3.38e-09,2.79e-09,2.97e-09,1 kg herbicide active substance,1 kg fungicide active substance,1 kg insecticide active substance,herbicide,fungicide,pesticide_insecticide,2_chara;3_chara,6_chara;7_chara,4_chara;5_chara,,,,6.3543999999999995e-09,1.6461e-09,0.0,8.0005e-09
D2_2022,D2,2022,ha,"Human toxicity, cancer - organics",CTUh,1.88,0.59,0.0,,,,3.19e-09,4.49e-09,2.66e-09,1 kg herbicide active substance,1 kg fungicide active substance,1 kg insecticide active substance,herbicide,fungicide,pesticide_insecticide,2_chara;3_chara,6_chara;7_chara,4_chara;5_chara,,,,5.9972e-09,2.6491e-09,0.0,8.6463e-09
D2_2022,D2,2022,ha,"Human toxicity, non-cancer",CTUh,1.88,0.59,0.0,,,,8.28e-07,4.3090000000000003e-07,0.00017910999999999998,1 kg herbicide active substance,1 kg fungicide active substance,1 kg insecticide active substance,herbicide,fungicide,pesticide_insecticide,2_chara;3_chara,6_chara;7_chara,4_chara;5_chara,,,,1.5566399999999999e-06,2.54231e-07,0.0,1.810871e-06
D2_2022,D2,2022,ha,"Human toxicity, non-cancer - inorganics",CTUh,1.88,0.59,0.0,,,,1.09e-08,8.28e-09,9.1e-09,1 kg herbicide active substance,1 kg fungicide active substance,1 kg insecticide active substance,herbicide,fungicide,pesticide_insecticide,2_chara;3_chara,6_chara;7_chara,4_chara;5_chara,,,,2.0492e-08,4.8852e-09,0.0,2.53772e-08
D2_2022,D2,2022,ha,"Human toxicity, non-cancer - metals",CTUh,1.88,0.59,0.0,,,,1e-07,1.057e-07,8.69e-08,1 kg herbicide active substance,1 kg fungicide active substance,1 kg insecticide active substance,herbicide,fungicide,pesticide_insecticide,2_chara;3_chara,6_chara;7_chara,4_chara;5_chara,,,,1.88e-07,6.2363e-08,0.0,2.50363e-07
D2_2022,D2,2022,ha,"Human toxicity, non-cancer - organics",CTUh,1.88,0.59,0.0,,,,7.179999999999999e-07,3.1770000000000005e-07,0.00017901459999999998,1 kg herbicide active substance,1 kg fungicide active substance,1 kg insecticide active substance,herbicide,fungicide,pesticide_insecticide,2_chara;3_chara,6_chara;7_chara,4_chara;5_chara,,,,1.3498399999999998e-06,1.8744300000000002e-07,0.0,1.5372829999999998e-06
D2_2022,D2,2022,ha,Ionising radiation,kBq U-235 eq,1.88,0.59,0.0,,,,3.967235,2.938444,3.373034,1 kg herbicide active substance,1 kg fungicide active substance,1 kg insecticide active substance,herbicide,fungicide,pesticide_insecticide,2_chara;3_chara,6_chara;7_chara,4_chara;5_chara,,,,7.4584018,1.73368196,0.0,9.19208376
D2_2022,D2,2022,ha,Land use,Pt,1.88,0.59,0.0,,,,93.25604,87.12929,93.87114,1 kg herbicide active substance,1 kg fungicide active substance,1 kg insecticide active substance,herbicide,fungicide,pesticide_insecticide,2_chara;3_chara,6_chara;7_chara,4_chara;5_chara,,,,175.3213552,51.406281099999994,0.0,226.7276363
D2_2022,D2,2022,ha,Ozone depletion,kg CFC11 eq,1.88,0.59,0.0,,,,1.47e-06,9.46e-07,1e-06,1 kg herbicide active substance,1 kg fungicide active substance,1 kg insecticide active substance,herbicide,fungicide,pesticide_insecticide,2_chara;3_chara,6_chara;7_chara,4_chara;5_chara,,,,2.7635999999999997e-06,5.581399999999999e-07,0.0,3.3217399999999997e-06
D2_2022,D2,2022,ha,Particulate matter,disease inc.,1.88,0.59,0.0,,,,2.7e-07,2.24e-07,2.41e-07,1 kg herbicide active substance,1 kg fungicide active substance,1 kg insecticide active substance,herbicide,fungicide,pesticide_insecticide,2_chara;3_chara,6_chara;7_chara,4_chara;5_chara,,,,5.076e-07,1.3216e-07,0.0,6.3976e-07
D2_2022,D2,2022,ha,Photochemical ozone formation,kg NMVOC eq,1.88,0.59,0.0,,,,0.02486,0.017891,0.019849,1 kg herbicide active substance,1 kg fungicide active substance,1 kg insecticide active substance,herbicide,fungicide,pesticide_insecticide,2_chara;3_chara,6_chara;7_chara,4_chara;5_chara,,,,0.046736799999999995,0.01055569,0.0,0.057292489999999995
D2_2022,D2,2022,ha,"Resource use, fossils",MJ,1.88,0.59,0.0,,,,246.4021,173.2985,189.8419,1 kg herbicide active substance,1 kg fungicide active substance,1 kg insecticide active substance,herbicide,fungicide,pesticide_insecticide,2_chara;3_chara,6_chara;7_chara,4_chara;5_chara,,,,463.23594799999995,102.24611499999999,0.0,565.4820629999999
D2_2022,D2,2022,ha,"Resource use, minerals and metals",kg Sb eq,1.88,0.59,0.0,,,,6.14e-05,4.6e-05,5.28e-05,1 kg herbicide active substance,1 kg fungicide active substance,1 kg insecticide active substance,herbicide,fungicide,pesticide_insecticide,2_chara;3_chara,6_chara;7_chara,4_chara;5_chara,,,,0.000115432,2.7139999999999998e-05,0.0,0.000142572
D2_2022,D2,2022,ha,Water use,m3 depriv.,1.88,0.59,0.0,,,,1.924816,1.471827,1.666069,1 kg herbicide active substance,1 kg fungicide active substance,1 kg insecticide active substance,herbicide,fungicide,pesticide_insecticide,2_chara;3_chara,6_chara;7_chara,4_chara;5_chara,,,,3.6186540799999998,0.86837793,0.0,4.48703201
D2_2023,D2,2023,ha,Acidification,mol H+ eq,0.88,0.36,0.12,,,,0.051857,0.038504,0.043223,1 kg herbicide active substance,1 kg fungicide active substance,1 kg insecticide active substance,herbicide,fungicide,pesticide_insecticide,2_chara;3_chara,6_chara;7_chara,4_chara;5_chara,,,,0.04563416,0.013861439999999997,0.0051867599999999995,0.06468236
D2_2023,D2,2023,ha,Climate change,kg CO2 eq,0.88,0.36,0.12,,,,13.6732,9.430276,10.25282,1 kg herbicide active substance,1 kg fungicide active substance,1 kg insecticide active substance,herbicide,fungicide,pesticide_insecticide,2_chara;3_chara,6_chara;7_chara,4_chara;5_chara,,,,12.032416,3.3948993599999997,1.2303384,16.65765376
D2_2023,D2,2023,ha,Climate change - Biogenic,kg CO2 eq,0.88,0.36,0.12,,,,0.223944,0.214731,0.218857,1 kg herbicide active substance,1 kg fungicide active substance,1 kg insecticide active substance,herbicide,fungicide,pesticide_insecticide,2_chara;3_chara,6_chara;7_chara,4_chara;5_chara,,,,0.19707072,0.07730316,0.02626284,0.30063672
D2_2023,D2,2023,ha,Climate change - Fossil,kg CO2 eq,0.88,0.36,0.12,,,,13.4338,9.203992,10.02068,1 kg herbicide active substance,1 kg fungicide active substance,1 kg insecticide active substance,herbicide,fungicide,pesticide_insecticide,2_chara;3_chara,6_chara;7_chara,4_chara;5_chara,,,,11.821744,3.3134371199999997,1.2024816,16.33766272
D2_2023,D2,2023,ha,Climate change - Land use and LU change,kg CO2 eq,0.88,0.36,0.12,,,,0.015459,0.011552,0.013281,1 kg herbicide active substance,1 kg fungicide active substance,1 kg insecticide active substance,herbicide,fungicide,pesticide_insecticide,2_chara;3_chara,6_chara;7_chara,4_chara;5_chara,,,,0.01360392,0.004158719999999999,0.0015937199999999999,0.01935636
D2_2023,D2,2023,ha,"Ecotoxicity, freshwater",CTUe,0.88,0.36,0.12,,,,6433.9547999999995,16850.447900000003,2330477.7238,1 kg herbicide active substance,1 kg fungicide active substance,1 kg insecticide active substance,herbicide,fungicide,pesticide_insecticide,2_chara;3_chara,6_chara;7_chara,4_chara;5_chara,,,,5661.8802239999995,6066.161244000001,279657.32685599994,291385.3683239999
D2_2023,D2,2023,ha,"Ecotoxicity, freshwater - inorganics",CTUe,0.88,0.36,0.12,,,,13.52104,8.955151,9.878709,1 kg herbicide active substance,1 kg fungicide active substance,1 kg insecticide active substance,herbicide,fungicide,pesticide_insecticide,2_chara;3_chara,6_chara;7_chara,4_chara;5_chara,,,,11.8985152,3.2238543600000003,1.18544508,16.30781464
D2_2023,D2,2023,ha,"Ecotoxicity, freshwater - metals",CTUe,0.88,0.36,0.12,,,,232.3885,2837.0964000000004,215.5284,1 kg herbicide active substance,1 kg fungicide active substance,1 kg insecticide active substance,herbicide,fungicide,pesticide_insecticide,2_chara;3_chara,6_chara;7_chara,4_chara;5_chara,,,,204.50188,1021.3547040000001,25.863408,1251.719992
D2_2023,D2,2023,ha,"Ecotoxicity, freshwater - organics",CTUe,0.88,0.36,0.12,,,,6188.0453,14004.389299999999,2330252.3167,1 kg herbicide active substance,1 kg fungicide active substance,1 kg insecticide active substance,herbicide,fungicide,pesticide_insecticide,2_chara;3_chara,6_chara;7_chara,4_chara;5_chara,,,,5445.479864,5041.580147999999,279630.27800399996,290117.33801599994
D2_2023,D2,2023,ha,"Eutrophication, freshwater",kg P eq,0.88,0.36,0.12,,,,0.006633,0.00503,0.005765,1 kg herbicide active substance,1 kg fungicide active substance,1 kg insecticide active substance,herbicide,fungicide,pesticide_insecticide,2_chara;3_chara,6_chara;7_chara,4_chara;5_chara,,,,0.00583704,0.0018107999999999998,0.0006918,0.008339639999999999
D2_2023,D2,2023,ha,"Eutrophication, marine",kg N eq,0.88,0.36,0.12,,,,0.012633,0.010401,0.011381,1 kg herbicide active substance,1 kg fungicide active substance,1 kg insecticide active substance,herbicide,fungicide,pesticide_insecticide,2_chara;3_chara,6_chara;7_chara,4_chara;5_chara,,,,0.01111704,0.00374436,0.00136572,0.01622712
D2_2023,D2,2023,ha,"Eutrophication, terrestrial",mol N eq,0.88,0.36,0.12,,,,0.091999,0.069061,0.076172,1 kg herbicide active substance,1 kg fungicide active substance,1 kg insecticide active substance,herbicide,fungicide,pesticide_insecticide,2_chara;3_chara,6_chara;7_chara,4_chara;5_chara,,,,0.08095912,0.02486196,0.00914064,0.11496172
D2_2023,D2,2023,ha,"Human toxicity, cancer",CTUh,0.88,0.36,0.12,,,,6.56e-09,7.28e-09,5.63e-09,1 kg herbicide active substance,1 kg fungicide active substance,1 kg insecticide active substance,herbicide,fungicide,pesticide_insecticide,2_chara;3_chara,6_chara;7_chara,4_chara;5_chara,,,,5.7728e-09,2.6208e-09,6.755999999999999e-10,9.069200000000001e-09
D2_2023,D2,2023,ha,"Human toxicity, cancer - inorganics",CTUh,0.88,0.36,0.12,,,,3.84e-20,4.02e-20,4.24e-20,1 kg herbicide active substance,1 kg fungicide active substance,1 kg insecticide active substance,herbicide,fungicide,pesticide_insecticide,2_chara;3_chara,6_chara;7_chara,4_chara;5_chara,,,,3.3792e-20,1.4471999999999998e-20,5.088e-21,5.3352e-20
D2_2023,D2,2023,ha,"Human toxicity, cancer - metals",CTUh,0.88,0.36,0.12,,,,3.38e-09,2.79e-09,2.97e-09,1 kg herbicide active substance,1 kg fungicide active substance,1 kg insecticide active substance,herbicide,fungicide,pesticide_insecticide,2_chara;3_chara,6_chara;7_chara,4_chara;5_chara,,,,2.9744e-09,1.0044e-09,3.564e-10,4.3352e-09
D2_2023,D2,2023,ha,"Human toxicity, cancer - organics",CTUh,0.88,0.36,0.12,,,,3.19e-09,4.49e-09,2.66e-09,1 kg herbicide active substance,1 kg fungicide active substance,1 kg insecticide active substance,herbicide,fungicide,pesticide_insecticide,2_chara;3_chara,6_chara;7_chara,4_chara;5_chara,,,,2.8072e-09,1.6164e-09,3.192e-10,4.742800000000001e-09
D2_2023,D2,2023,ha,"Human toxicity, non-cancer",CTUh,0.88,0.36,0.12,,,,8.28e-07,4.3090000000000003e-07,0.00017910999999999998,1 kg herbicide active substance,1 kg fungicide active substance,1 kg insecticide active substance,herbicide,fungicide,pesticide_insecticide,2_chara;3_chara,6_chara;7_chara,4_chara;5_chara,,,,7.286399999999999e-07,1.55124e-07,2.1493199999999996e-05,2.2376963999999998e-05
D2_2023,D2,2023,ha,"Human toxicity, non-cancer - inorganics",CTUh,0.88,0.36,0.12,,,,1.09e-08,8.28e-09,9.1e-09,1 kg herbicide active substance,1 kg fungicide active substance,1 kg insecticide active substance,herbicide,fungicide,pesticide_insecticide,2_chara;3_chara,6_chara;7_chara,4_chara;5_chara,,,,9.592e-09,2.9808e-09,1.092e-09,1.36648e-08
D2_2023,D2,2023,ha,"Human toxicity, non-cancer - metals",CTUh,0.88,0.36,0.12,,,,1e-07,1.057e-07,8.69e-08,1 kg herbicide active substance,1 kg fungicide active substance,1 kg insecticide active substance,herbicide,fungicide,pesticide_insecticide,2_chara;3_chara,6_chara;7_chara,4_chara;5_chara,,,,8.8e-08,3.8051999999999996e-08,1.0428e-08,1.3648e-07
D2_2023,D2,2023,ha,"Human toxicity, non-cancer - organics",CTUh,0.88,0.36,0.12,,,,7.179999999999999e-07,3.1770000000000005e-07,0.00017901459999999998,1 kg herbicide active substance,1 kg fungicide active substance,1 kg insecticide active substance,herbicide,fungicide,pesticide_insecticide,2_chara;3_chara,6_chara;7_chara,4_chara;5_chara,,,,6.3184e-07,1.1437200000000001e-07,2.1481751999999997e-05,2.2227963999999996e-05
D2_2023,D2,2023,ha,Ionising radiation,kBq U-235 eq,0.88,0.36,0.12,,,,3.967235,2.938444,3.373034,1 kg herbicide active substance,1 kg fungicide active substance,1 kg insecticide active substance,herbicide,fungicide,pesticide_insecticide,2_chara;3_chara,6_chara;7_chara,4_chara;5_chara,,,,3.4911668000000002,1.05783984,0.40476407999999997,4.95377072
D2_2023,D2,2023,ha,Land use,Pt,0.88,0.36,0.12,,,,93.25604,87.12929,93.87114,1 kg herbicide active substance,1 kg fungicide active substance,1 kg insecticide active substance,herbicide,fungicide,pesticide_insecticide,2_chara;3_chara,6_chara;7_chara,4_chara;5_chara,,,,82.0653152,31.3665444,11.264536799999998,124.6963964
D2_2023,D2,2023,ha,Ozone depletion,kg CFC11 eq,0.88,0.36,0.12,,,,1.47e-06,9.46e-07,1e-06,1 kg herbicide active substance,1 kg fungicide active substance,1 kg insecticide active substance,herbicide,fungicide,pesticide_insecticide,2_chara;3_chara,6_chara;7_chara,4_chara;5_chara,,,,1.2936e-06,3.4056e-07,1.2e-07,1.7541599999999998e-06
D2_2023,D2,2023,ha,Particulate matter,disease inc.,0.88,0.36,0.12,,,,2.7e-07,2.24e-07,2.41e-07,1 kg herbicide active substance,1 kg fungicide active substance,1 kg insecticide active substance,herbicide,fungicide,pesticide_insecticide,2_chara;3_chara,6_chara;7_chara,4_chara;5_chara,,,,2.376e-07,8.064e-08,2.892e-08,3.4716000000000005e-07
D2_2023,D2,2023,ha,Photochemical ozone formation,kg NMVOC eq,0.88,0.36,0.12,,,,0.02486,0.017891,0.019849,1 kg herbicide active substance,1 kg fungicide active substance,1 kg insecticide active substance,herbicide,fungicide,pesticide_insecticide,2_chara;3_chara,6_chara;7_chara,4_chara;5_chara,,,,0.021876800000000002,0.00644076,0.00238188,0.03069944
D2_2023,D2,2023,ha,"Resource use, fossils",MJ,0.88,0.36,0.12,,,,246.4021,173.2985,189.8419,1 kg herbicide active substance,1 kg fungicide active substance,1 kg insecticide active substance,herbicide,fungicide,pesticide_insecticide,2_chara;3_chara,6_chara;7_chara,4_chara;5_chara,,,,216.833848,62.38746,22.781028,302.00233599999996
D2_2023,D2,2023,ha,"Resource use, minerals and metals",kg Sb eq,0.88,0.36,0.12,,,,6.14e-05,4.6e-05,5.28e-05,1 kg herbicide active substance,1 kg fungicide active substance,1 kg insecticide active substance,herbicide,fungicide,pesticide_insecticide,2_chara;3_chara,6_chara;7_chara,4_chara;5_chara,,,,5.4032e-05,1.656e-05,6.336e-06,7.6928e-05
D2_2023,D2,2023,ha,Water use,m3 depriv.,0.88,0.36,0.12,,,,1.924816,1.471827,1.666069,1 kg herbicide active substance,1 kg fungicide active substance,1 kg insecticide active substance,herbicide,fungicide,pesticide_insecticide,2_chara;3_chara,6_chara;7_chara,4_chara;5_chara,,,,1.6938380800000001,0.52985772,0.19992827999999999,2.42362408
D2_2024,D2,2024,ha,Acidification,mol H+ eq,1.22,0.0,0.0,,,,0.051857,0.038504,0.043223,1 kg herbicide active substance,1 kg fungicide active substance,1 kg insecticide active substance,herbicide,fungicide,pesticide_insecticide,2_chara;3_chara,6_chara;7_chara,4_chara;5_chara,,,,0.06326554,0.0,0.0,0.06326554
D2_2024,D2,2024,ha,Climate change,kg CO2 eq,1.22,0.0,0.0,,,,13.6732,9.430276,10.25282,1 kg herbicide active substance,1 kg fungicide active substance,1 kg insecticide active substance,herbicide,fungicide,pesticide_insecticide,2_chara;3_chara,6_chara;7_chara,4_chara;5_chara,,,,16.681304,0.0,0.0,16.681304
D2_2024,D2,2024,ha,Climate change - Biogenic,kg CO2 eq,1.22,0.0,0.0,,,,0.223944,0.214731,0.218857,1 kg herbicide active substance,1 kg fungicide active substance,1 kg insecticide active substance,herbicide,fungicide,pesticide_insecticide,2_chara;3_chara,6_chara;7_chara,4_chara;5_chara,,,,0.27321168,0.0,0.0,0.27321168
D2_2024,D2,2024,ha,Climate change - Fossil,kg CO2 eq,1.22,0.0,0.0,,,,13.4338,9.203992,10.02068,1 kg herbicide active substance,1 kg fungicide active substance,1 kg insecticide active substance,herbicide,fungicide,pesticide_insecticide,2_chara;3_chara,6_chara;7_chara,4_chara;5_chara,,,,16.389236,0.0,0.0,16.389236
D2_2024,D2,2024,ha,Climate change - Land use and LU change,kg CO2 eq,1.22,0.0,0.0,,,,0.015459,0.011552,0.013281,1 kg herbicide active substance,1 kg fungicide active substance,1 kg insecticide active substance,herbicide,fungicide,pesticide_insecticide,2_chara;3_chara,6_chara;7_chara,4_chara;5_chara,,,,0.018859980000000002,0.0,0.0,0.018859980000000002
D2_2024,D2,2024,ha,"Ecotoxicity, freshwater",CTUe,1.22,0.0,0.0,,,,6433.9547999999995,16850.447900000003,2330477.7238,1 kg herbicide active substance,1 kg fungicide active substance,1 kg insecticide active substance,herbicide,fungicide,pesticide_insecticide,2_chara;3_chara,6_chara;7_chara,4_chara;5_chara,,,,7849.424856,0.0,0.0,7849.424856
D2_2024,D2,2024,ha,"Ecotoxicity, freshwater - inorganics",CTUe,1.22,0.0,0.0,,,,13.52104,8.955151,9.878709,1 kg herbicide active substance,1 kg fungicide active substance,1 kg insecticide active substance,herbicide,fungicide,pesticide_insecticide,2_chara;3_chara,6_chara;7_chara,4_chara;5_chara,,,,16.495668799999997,0.0,0.0,16.495668799999997
D2_2024,D2,2024,ha,"Ecotoxicity, freshwater - metals",CTUe,1.22,0.0,0.0,,,,232.3885,2837.0964000000004,215.5284,1 kg herbicide active substance,1 kg fungicide active substance,1 kg insecticide active substance,herbicide,fungicide,pesticide_insecticide,2_chara;3_chara,6_chara;7_chara,4_chara;5_chara,,,,283.51397,0.0,0.0,283.51397
D2_2024,D2,2024,ha,"Ecotoxicity, freshwater - organics",CTUe,1.22,0.0,0.0,,,,6188.0453,14004.389299999999,2330252.3167,1 kg herbicide active substance,1 kg fungicide active substance,1 kg insecticide active substance,herbicide,fungicide,pesticide_insecticide,2_chara;3_chara,6_chara;7_chara,4_chara;5_chara,,,,7549.415266,0.0,0.0,7549.415266
D2_2024,D2,2024,ha,"Eutrophication, freshwater",kg P eq,1.22,0.0,0.0,,,,0.006633,0.00503,0.005765,1 kg herbicide active substance,1 kg fungicide active substance,1 kg insecticide active substance,herbicide,fungicide,pesticide_insecticide,2_chara;3_chara,6_chara;7_chara,4_chara;5_chara,,,,0.00809226,0.0,0.0,0.00809226
D2_2024,D2,2024,ha,"Eutrophication, marine",kg N eq,1.22,0.0,0.0,,,,0.012633,0.010401,0.011381,1 kg herbicide active substance,1 kg fungicide active substance,1 kg insecticide active substance,herbicide,fungicide,pesticide_insecticide,2_chara;3_chara,6_chara;7_chara,4_chara;5_chara,,,,0.01541226,0.0,0.0,0.01541226
D2_2024,D2,2024,ha,"Eutrophication, terrestrial",mol N eq,1.22,0.0,0.0,,,,0.091999,0.069061,0.076172,1 kg herbicide active substance,1 kg fungicide active substance,1 kg insecticide active substance,herbicide,fungicide,pesticide_insecticide,2_chara;3_chara,6_chara;7_chara,4_chara;5_chara,,,,0.11223878,0.0,0.0,0.11223878
D2_2024,D2,2024,ha,"Human toxicity, cancer",CTUh,1.22,0.0,0.0,,,,6.56e-09,7.28e-09,5.63e-09,1 kg herbicide active substance,1 kg fungicide active substance,1 kg insecticide active substance,herbicide,fungicide,pesticide_insecticide,2_chara;3_chara,6_chara;7_chara,4_chara;5_chara,,,,8.0032e-09,0.0,0.0,8.0032e-09
D2_2024,D2,2024,ha,"Human toxicity, cancer - inorganics",CTUh,1.22,0.0,0.0,,,,3.84e-20,4.02e-20,4.24e-20,1 kg herbicide active substance,1 kg fungicide active substance,1 kg insecticide active substance,herbicide,fungicide,pesticide_insecticide,2_chara;3_chara,6_chara;7_chara,4_chara;5_chara,,,,4.6848e-20,0.0,0.0,4.6848e-20
D2_2024,D2,2024,ha,"Human toxicity, cancer - metals",CTUh,1.22,0.0,0.0,,,,3.38e-09,2.79e-09,2.97e-09,1 kg herbicide active substance,1 kg fungicide active substance,1 kg insecticide active substance,herbicide,fungicide,pesticide_insecticide,2_chara;3_chara,6_chara;7_chara,4_chara;5_chara,,,,4.1236e-09,0.0,0.0,4.1236e-09
D2_2024,D2,2024,ha,"Human toxicity, cancer - organics",CTUh,1.22,0.0,0.0,,,,3.19e-09,4.49e-09,2.66e-09,1 kg herbicide active substance,1 kg fungicide active substance,1 kg insecticide active substance,herbicide,fungicide,pesticide_insecticide,2_chara;3_chara,6_chara;7_chara,4_chara;5_chara,,,,3.8918e-09,0.0,0.0,3.8918e-09
D2_2024,D2,2024,ha,"Human toxicity, non-cancer",CTUh,1.22,0.0,0.0,,,,8.28e-07,4.3090000000000003e-07,0.00017910999999999998,1 kg herbicide active substance,1 kg fungicide active substance,1 kg insecticide active substance,herbicide,fungicide,pesticide_insecticide,2_chara;3_chara,6_chara;7_chara,4_chara;5_chara,,,,1.0101599999999998e-06,0.0,0.0,1.0101599999999998e-06
D2_2024,D2,2024,ha,"Human toxicity, non-cancer - inorganics",CTUh,1.22,0.0,0.0,,,,1.09e-08,8.28e-09,9.1e-09,1 kg herbicide active substance,1 kg fungicide active substance,1 kg insecticide active substance,herbicide,fungicide,pesticide_insecticide,2_chara;3_chara,6_chara;7_chara,4_chara;5_chara,,,,1.3298e-08,0.0,0.0,1.3298e-08
D2_2024,D2,2024,ha,"Human toxicity, non-cancer - metals",CTUh,1.22,0.0,0.0,,,,1e-07,1.057e-07,8.69e-08,1 kg herbicide active substance,1 kg fungicide active substance,1 kg insecticide active substance,herbicide,fungicide,pesticide_insecticide,2_chara;3_chara,6_chara;7_chara,4_chara;5_chara,,,,1.2199999999999998e-07,0.0,0.0,1.2199999999999998e-07
D2_2024,D2,2024,ha,"Human toxicity, non-cancer - organics",CTUh,1.22,0.0,0.0,,,,7.179999999999999e-07,3.1770000000000005e-07,0.00017901459999999998,1 kg herbicide active substance,1 kg fungicide active substance,1 kg insecticide active substance,herbicide,fungicide,pesticide_insecticide,2_chara;3_chara,6_chara;7_chara,4_chara;5_chara,,,,8.759599999999999e-07,0.0,0.0,8.759599999999999e-07
D2_2024,D2,2024,ha,Ionising radiation,kBq U-235 eq,1.22,0.0,0.0,,,,3.967235,2.938444,3.373034,1 kg herbicide active substance,1 kg fungicide active substance,1 kg insecticide active substance,herbicide,fungicide,pesticide_insecticide,2_chara;3_chara,6_chara;7_chara,4_chara;5_chara,,,,4.8400267,0.0,0.0,4.8400267
D2_2024,D2,2024,ha,Land use,Pt,1.22,0.0,0.0,,,,93.25604,87.12929,93.87114,1 kg herbicide active substance,1 kg fungicide active substance,1 kg insecticide active substance,herbicide,fungicide,pesticide_insecticide,2_chara;3_chara,6_chara;7_chara,4_chara;5_chara,,,,113.7723688,0.0,0.0,113.7723688
D2_2024,D2,2024,ha,Ozone depletion,kg CFC11 eq,1.22,0.0,0.0,,,,1.47e-06,9.46e-07,1e-06,1 kg herbicide active substance,1 kg fungicide active substance,1 kg insecticide active substance,herbicide,fungicide,pesticide_insecticide,2_chara;3_chara,6_chara;7_chara,4_chara;5_chara,,,,1.7933999999999998e-06,0.0,0.0,1.7933999999999998e-06
D2_2024,D2,2024,ha,Particulate matter,disease inc.,1.22,0.0,0.0,,,,2.7e-07,2.24e-07,2.41e-07,1 kg herbicide active substance,1 kg fungicide active substance,1 kg insecticide active substance,herbicide,fungicide,pesticide_insecticide,2_chara;3_chara,6_chara;7_chara,4_chara;5_chara,,,,3.294e-07,0.0,0.0,3.294e-07
D2_2024,D2,2024,ha,Photochemical ozone formation,kg NMVOC eq,1.22,0.0,0.0,,,,0.02486,0.017891,0.019849,1 kg herbicide active substance,1 kg fungicide active substance,1 kg insecticide active substance,herbicide,fungicide,pesticide_insecticide,2_chara;3_chara,6_chara;7_chara,4_chara;5_chara,,,,0.0303292,0.0,0.0,0.0303292
D2_2024,D2,2024,ha,"Resource use, fossils",MJ,1.22,0.0,0.0,,,,246.4021,173.2985,189.8419,1 kg herbicide active substance,1 kg fungicide active substance,1 kg insecticide active substance,herbicide,fungicide,pesticide_insecticide,2_chara;3_chara,6_chara;7_chara,4_chara;5_chara,,,,300.61056199999996,0.0,0.0,300.61056199999996
D2_2024,D2,2024,ha,"Resource use, minerals and metals",kg Sb eq,1.22,0.0,0.0,,,,6.14e-05,4.6e-05,5.28e-05,1 kg herbicide active substance,1 kg fungicide active substance,1 kg insecticide active substance,herbicide,fungicide,pesticide_insecticide,2_chara;3_chara,6_chara;7_chara,4_chara;5_chara,,,,7.4908e-05,0.0,0.0,7.4908e-05
D2_2024,D2,2024,ha,Water use,m3 depriv.,1.22,0.0,0.0,,,,1.924816,1.471827,1.666069,1 kg herbicide active substance,1 kg fungicide active substance,1 kg insecticide active substance,herbicide,fungicide,pesticide_insecticide,2_chara;3_chara,6_chara;7_chara,4_chara;5_chara,,,,2.34827552,0.0,0.0,2.34827552
NT1_2023,NT1,2023,ha,Acidification,mol H+ eq,0.12,0.0,0.0,,,,0.051857,0.038504,0.043223,1 kg herbicide active substance,1 kg fungicide active substance,1 kg insecticide active substance,herbicide,fungicide,pesticide_insecticide,2_chara;3_chara,6_chara;7_chara,4_chara;5_chara,,,,0.0062228399999999994,0.0,0.0,0.0062228399999999994
NT1_2023,NT1,2023,ha,Climate change,kg CO2 eq,0.12,0.0,0.0,,,,13.6732,9.430276,10.25282,1 kg herbicide active substance,1 kg fungicide active substance,1 kg insecticide active substance,herbicide,fungicide,pesticide_insecticide,2_chara;3_chara,6_chara;7_chara,4_chara;5_chara,,,,1.6407839999999998,0.0,0.0,1.6407839999999998
NT1_2023,NT1,2023,ha,Climate change - Biogenic,kg CO2 eq,0.12,0.0,0.0,,,,0.223944,0.214731,0.218857,1 kg herbicide active substance,1 kg fungicide active substance,1 kg insecticide active substance,herbicide,fungicide,pesticide_insecticide,2_chara;3_chara,6_chara;7_chara,4_chara;5_chara,,,,0.02687328,0.0,0.0,0.02687328
NT1_2023,NT1,2023,ha,Climate change - Fossil,kg CO2 eq,0.12,0.0,0.0,,,,13.4338,9.203992,10.02068,1 kg herbicide active substance,1 kg fungicide active substance,1 kg insecticide active substance,herbicide,fungicide,pesticide_insecticide,2_chara;3_chara,6_chara;7_chara,4_chara;5_chara,,,,1.612056,0.0,0.0,1.612056
NT1_2023,NT1,2023,ha,Climate change - Land use and LU change,kg CO2 eq,0.12,0.0,0.0,,,,0.015459,0.011552,0.013281,1 kg herbicide active substance,1 kg fungicide active substance,1 kg insecticide active substance,herbicide,fungicide,pesticide_insecticide,2_chara;3_chara,6_chara;7_chara,4_chara;5_chara,,,,0.00185508,0.0,0.0,0.00185508
NT1_2023,NT1,2023,ha,"Ecotoxicity, freshwater",CTUe,0.12,0.0,0.0,,,,6433.9547999999995,16850.447900000003,2330477.7238,1 kg herbicide active substance,1 kg fungicide active substance,1 kg insecticide active substance,herbicide,fungicide,pesticide_insecticide,2_chara;3_chara,6_chara;7_chara,4_chara;5_chara,,,,772.0745759999999,0.0,0.0,772.0745759999999
NT1_2023,NT1,2023,ha,"Ecotoxicity, freshwater - inorganics",CTUe,0.12,0.0,0.0,,,,13.52104,8.955151,9.878709,1 kg herbicide active substance,1 kg fungicide active substance,1 kg insecticide active substance,herbicide,fungicide,pesticide_insecticide,2_chara;3_chara,6_chara;7_chara,4_chara;5_chara,,,,1.6225247999999999,0.0,0.0,1.6225247999999999
NT1_2023,NT1,2023,ha,"Ecotoxicity, freshwater - metals",CTUe,0.12,0.0,0.0,,,,232.3885,2837.0964000000004,215.5284,1 kg herbicide active substance,1 kg fungicide active substance,1 kg insecticide active substance,herbicide,fungicide,pesticide_insecticide,2_chara;3_chara,6_chara;7_chara,4_chara;5_chara,,,,27.886619999999997,0.0,0.0,27.886619999999997
NT1_2023,NT1,2023,ha,"Ecotoxicity, freshwater - organics",CTUe,0.12,0.0,0.0,,,,6188.0453,14004.389299999999,2330252.3167,1 kg herbicide active substance,1 kg fungicide active substance,1 kg insecticide active substance,herbicide,fungicide,pesticide_insecticide,2_chara;3_chara,6_chara;7_chara,4_chara;5_chara,,,,742.565436,0.0,0.0,742.565436
NT1_2023,NT1,2023,ha,"Eutrophication, freshwater",kg P eq,0.12,0.0,0.0,,,,0.006633,0.00503,0.005765,1 kg herbicide active substance,1 kg fungicide active substance,1 kg insecticide active substance,herbicide,fungicide,pesticide_insecticide,2_chara;3_chara,6_chara;7_chara,4_chara;5_chara,,,,0.00079596,0.0,0.0,0.00079596
NT1_2023,NT1,2023,ha,"Eutrophication, marine",kg N eq,0.12,0.0,0.0,,,,0.012633,0.010401,0.011381,1 kg herbicide active substance,1 kg fungicide active substance,1 kg insecticide active substance,herbicide,fungicide,pesticide_insecticide,2_chara;3_chara,6_chara;7_chara,4_chara;5_chara,,,,0.00151596,0.0,0.0,0.00151596
NT1_2023,NT1,2023,ha,"Eutrophication, terrestrial",mol N eq,0.12,0.0,0.0,,,,0.091999,0.069061,0.076172,1 kg herbicide active substance,1 kg fungicide active substance,1 kg insecticide active substance,herbicide,fungicide,pesticide_insecticide,2_chara;3_chara,6_chara;7_chara,4_chara;5_chara,,,,0.011039879999999998,0.0,0.0,0.011039879999999998
NT1_2023,NT1,2023,ha,"Human toxicity, cancer",CTUh,0.12,0.0,0.0,,,,6.56e-09,7.28e-09,5.63e-09,1 kg herbicide active substance,1 kg fungicide active substance,1 kg insecticide active substance,herbicide,fungicide,pesticide_insecticide,2_chara;3_chara,6_chara;7_chara,4_chara;5_chara,,,,7.871999999999999e-10,0.0,0.0,7.871999999999999e-10
NT1_2023,NT1,2023,ha,"Human toxicity, cancer - inorganics",CTUh,0.12,0.0,0.0,,,,3.84e-20,4.02e-20,4.24e-20,1 kg herbicide active substance,1 kg fungicide active substance,1 kg insecticide active substance,herbicide,fungicide,pesticide_insecticide,2_chara;3_chara,6_chara;7_chara,4_chara;5_chara,,,,4.608e-21,0.0,0.0,4.608e-21
NT1_2023,NT1,2023,ha,"Human toxicity, cancer - metals",CTUh,0.12,0.0,0.0,,,,3.38e-09,2.79e-09,2.97e-09,1 kg herbicide active substance,1 kg fungicide active substance,1 kg insecticide active substance,herbicide,fungicide,pesticide_insecticide,2_chara;3_chara,6_chara;7_chara,4_chara;5_chara,,,,4.056e-10,0.0,0.0,4.056e-10
NT1_2023,NT1,2023,ha,"Human toxicity, cancer - organics",CTUh,0.12,0.0,0.0,,,,3.19e-09,4.49e-09,2.66e-09,1 kg herbicide active substance,1 kg fungicide active substance,1 kg insecticide active substance,herbicide,fungicide,pesticide_insecticide,2_chara;3_chara,6_chara;7_chara,4_chara;5_chara,,,,3.8279999999999996e-10,0.0,0.0,3.8279999999999996e-10
NT1_2023,NT1,2023,ha,"Human toxicity, non-cancer",CTUh,0.12,0.0,0.0,,,,8.28e-07,4.3090000000000003e-07,0.00017910999999999998,1 kg herbicide active substance,1 kg fungicide active substance,1 kg insecticide active substance,herbicide,fungicide,pesticide_insecticide,2_chara;3_chara,6_chara;7_chara,4_chara;5_chara,,,,9.935999999999998e-08,0.0,0.0,9.935999999999998e-08
NT1_2023,NT1,2023,ha,"Human toxicity, non-cancer - inorganics",CTUh,0.12,0.0,0.0,,,,1.09e-08,8.28e-09,9.1e-09,1 kg herbicide active substance,1 kg fungicide active substance,1 kg insecticide active substance,herbicide,fungicide,pesticide_insecticide,2_chara;3_chara,6_chara;7_chara,4_chara;5_chara,,,,1.308e-09,0.0,0.0,1.308e-09
NT1_2023,NT1,2023,ha,"Human toxicity, non-cancer - metals",CTUh,0.12,0.0,0.0,,,,1e-07,1.057e-07,8.69e-08,1 kg herbicide active substance,1 kg fungicide active substance,1 kg insecticide active substance,herbicide,fungicide,pesticide_insecticide,2_chara;3_chara,6_chara;7_chara,4_chara;5_chara,,,,1.1999999999999998e-08,0.0,0.0,1.1999999999999998e-08
NT1_2023,NT1,2023,ha,"Human toxicity, non-cancer - organics",CTUh,0.12,0.0,0.0,,,,7.179999999999999e-07,3.1770000000000005e-07,0.00017901459999999998,1 kg herbicide active substance,1 kg fungicide active substance,1 kg insecticide active substance,herbicide,fungicide,pesticide_insecticide,2_chara;3_chara,6_chara;7_chara,4_chara;5_chara,,,,8.615999999999999e-08,0.0,0.0,8.615999999999999e-08
NT1_2023,NT1,2023,ha,Ionising radiation,kBq U-235 eq,0.12,0.0,0.0,,,,3.967235,2.938444,3.373034,1 kg herbicide active substance,1 kg fungicide active substance,1 kg insecticide active substance,herbicide,fungicide,pesticide_insecticide,2_chara;3_chara,6_chara;7_chara,4_chara;5_chara,,,,0.4760682,0.0,0.0,0.4760682
NT1_2023,NT1,2023,ha,Land use,Pt,0.12,0.0,0.0,,,,93.25604,87.12929,93.87114,1 kg herbicide active substance,1 kg fungicide active substance,1 kg insecticide active substance,herbicide,fungicide,pesticide_insecticide,2_chara;3_chara,6_chara;7_chara,4_chara;5_chara,,,,11.1907248,0.0,0.0,11.1907248
NT1_2023,NT1,2023,ha,Ozone depletion,kg CFC11 eq,0.12,0.0,0.0,,,,1.47e-06,9.46e-07,1e-06,1 kg herbicide active substance,1 kg fungicide active substance,1 kg insecticide active substance,herbicide,fungicide,pesticide_insecticide,2_chara;3_chara,6_chara;7_chara,4_chara;5_chara,,,,1.764e-07,0.0,0.0,1.764e-07
NT1_2023,NT1,2023,ha,Particulate matter,disease inc.,0.12,0.0,0.0,,,,2.7e-07,2.24e-07,2.41e-07,1 kg herbicide active substance,1 kg fungicide active substance,1 kg insecticide active substance,herbicide,fungicide,pesticide_insecticide,2_chara;3_chara,6_chara;7_chara,4_chara;5_chara,,,,3.24e-08,0.0,0.0,3.24e-08
NT1_2023,NT1,2023,ha,Photochemical ozone formation,kg NMVOC eq,0.12,0.0,0.0,,,,0.02486,0.017891,0.019849,1 kg herbicide active substance,1 kg fungicide active substance,1 kg insecticide active substance,herbicide,fungicide,pesticide_insecticide,2_chara;3_chara,6_chara;7_chara,4_chara;5_chara,,,,0.0029832,0.0,0.0,0.0029832
NT1_2023,NT1,2023,ha,"Resource use, fossils",MJ,0.12,0.0,0.0,,,,246.4021,173.2985,189.8419,1 kg herbicide active substance,1 kg fungicide active substance,1 kg insecticide active substance,herbicide,fungicide,pesticide_insecticide,2_chara;3_chara,6_chara;7_chara,4_chara;5_chara,,,,29.568251999999998,0.0,0.0,29.568251999999998
NT1_2023,NT1,2023,ha,"Resource use, minerals and metals",kg Sb eq,0.12,0.0,0.0,,,,6.14e-05,4.6e-05,5.28e-05,1 kg herbicide active substance,1 kg fungicide active substance,1 kg insecticide active substance,herbicide,fungicide,pesticide_insecticide,2_chara;3_chara,6_chara;7_chara,4_chara;5_chara,,,,7.368e-06,0.0,0.0,7.368e-06
NT1_2023,NT1,2023,ha,Water use,m3 depriv.,0.12,0.0,0.0,,,,1.924816,1.471827,1.666069,1 kg herbicide active substance,1 kg fungicide active substance,1 kg insecticide active substance,herbicide,fungicide,pesticide_insecticide,2_chara;3_chara,6_chara;7_chara,4_chara;5_chara,,,,0.23097792,0.0,0.0,0.23097792
NT1_2024,NT1,2024,ha,Acidification,mol H+ eq,1.35,0.0,0.0,,,,0.051857,0.038504,0.043223,1 kg herbicide active substance,1 kg fungicide active substance,1 kg insecticide active substance,herbicide,fungicide,pesticide_insecticide,2_chara;3_chara,6_chara;7_chara,4_chara;5_chara,,,,0.07000695,0.0,0.0,0.07000695
NT1_2024,NT1,2024,ha,Climate change,kg CO2 eq,1.35,0.0,0.0,,,,13.6732,9.430276,10.25282,1 kg herbicide active substance,1 kg fungicide active substance,1 kg insecticide active substance,herbicide,fungicide,pesticide_insecticide,2_chara;3_chara,6_chara;7_chara,4_chara;5_chara,,,,18.45882,0.0,0.0,18.45882
NT1_2024,NT1,2024,ha,Climate change - Biogenic,kg CO2 eq,1.35,0.0,0.0,,,,0.223944,0.214731,0.218857,1 kg herbicide active substance,1 kg fungicide active substance,1 kg insecticide active substance,herbicide,fungicide,pesticide_insecticide,2_chara;3_chara,6_chara;7_chara,4_chara;5_chara,,,,0.30232440000000005,0.0,0.0,0.30232440000000005
NT1_2024,NT1,2024,ha,Climate change - Fossil,kg CO2 eq,1.35,0.0,0.0,,,,13.4338,9.203992,10.02068,1 kg herbicide active substance,1 kg fungicide active substance,1 kg insecticide active substance,herbicide,fungicide,pesticide_insecticide,2_chara;3_chara,6_chara;7_chara,4_chara;5_chara,,,,18.135630000000003,0.0,0.0,18.135630000000003
NT1_2024,NT1,2024,ha,Climate change - Land use and LU change,kg CO2 eq,1.35,0.0,0.0,,,,0.015459,0.011552,0.013281,1 kg herbicide active substance,1 kg fungicide active substance,1 kg insecticide active substance,herbicide,fungicide,pesticide_insecticide,2_chara;3_chara,6_chara;7_chara,4_chara;5_chara,,,,0.020869650000000003,0.0,0.0,0.020869650000000003
NT1_2024,NT1,2024,ha,"Ecotoxicity, freshwater",CTUe,1.35,0.0,0.0,,,,6433.9547999999995,16850.447900000003,2330477.7238,1 kg herbicide active substance,1 kg fungicide active substance,1 kg insecticide active substance,herbicide,fungicide,pesticide_insecticide,2_chara;3_chara,6_chara;7_chara,4_chara;5_chara,,,,8685.83898,0.0,0.0,8685.83898
NT1_2024,NT1,2024,ha,"Ecotoxicity, freshwater - inorganics",CTUe,1.35,0.0,0.0,,,,13.52104,8.955151,9.878709,1 kg herbicide active substance,1 kg fungicide active substance,1 kg insecticide active substance,herbicide,fungicide,pesticide_insecticide,2_chara;3_chara,6_chara;7_chara,4_chara;5_chara,,,,18.253404,0.0,0.0,18.253404
NT1_2024,NT1,2024,ha,"Ecotoxicity, freshwater - metals",CTUe,1.35,0.0,0.0,,,,232.3885,2837.0964000000004,215.5284,1 kg herbicide active substance,1 kg fungicide active substance,1 kg insecticide active substance,herbicide,fungicide,pesticide_insecticide,2_chara;3_chara,6_chara;7_chara,4_chara;5_chara,,,,313.724475,0.0,0.0,313.724475
NT1_2024,NT1,2024,ha,"Ecotoxicity, freshwater - organics",CTUe,1.35,0.0,0.0,,,,6188.0453,14004.389299999999,2330252.3167,1 kg herbicide active substance,1 kg fungicide active substance,1 kg insecticide active substance,herbicide,fungicide,pesticide_insecticide,2_chara;3_chara,6_chara;7_chara,4_chara;5_chara,,,,8353.861155,0.0,0.0,8353.861155
NT1_2024,NT1,2024,ha,"Eutrophication, freshwater",kg P eq,1.35,0.0,0.0,,,,0.006633,0.00503,0.005765,1 kg herbicide active substance,1 kg fungicide active substance,1 kg insecticide active substance,herbicide,fungicide,pesticide_insecticide,2_chara;3_chara,6_chara;7_chara,4_chara;5_chara,,,,0.00895455,0.0,0.0,0.00895455
NT1_2024,NT1,2024,ha,"Eutrophication, marine",kg N eq,1.35,0.0,0.0,,,,0.012633,0.010401,0.011381,1 kg herbicide active substance,1 kg fungicide active substance,1 kg insecticide active substance,herbicide,fungicide,pesticide_insecticide,2_chara;3_chara,6_chara;7_chara,4_chara;5_chara,,,,0.01705455,0.0,0.0,0.01705455
NT1_2024,NT1,2024,ha,"Eutrophication, terrestrial",mol N eq,1.35,0.0,0.0,,,,0.091999,0.069061,0.076172,1 kg herbicide active substance,1 kg fungicide active substance,1 kg insecticide active substance,herbicide,fungicide,pesticide_insecticide,2_chara;3_chara,6_chara;7_chara,4_chara;5_chara,,,,0.12419865000000001,0.0,0.0,0.12419865000000001
NT1_2024,NT1,2024,ha,"Human toxicity, cancer",CTUh,1.35,0.0,0.0,,,,6.56e-09,7.28e-09,5.63e-09,1 kg herbicide active substance,1 kg fungicide active substance,1 kg insecticide active substance,herbicide,fungicide,pesticide_insecticide,2_chara;3_chara,6_chara;7_chara,4_chara;5_chara,,,,8.856e-09,0.0,0.0,8.856e-09
NT1_2024,NT1,2024,ha,"Human toxicity, cancer - inorganics",CTUh,1.35,0.0,0.0,,,,3.84e-20,4.02e-20,4.24e-20,1 kg herbicide active substance,1 kg fungicide active substance,1 kg insecticide active substance,herbicide,fungicide,pesticide_insecticide,2_chara;3_chara,6_chara;7_chara,4_chara;5_chara,,,,5.184e-20,0.0,0.0,5.184e-20
NT1_2024,NT1,2024,ha,"Human toxicity, cancer - metals",CTUh,1.35,0.0,0.0,,,,3.38e-09,2.79e-09,2.97e-09,1 kg herbicide active substance,1 kg fungicide active substance,1 kg insecticide active substance,herbicide,fungicide,pesticide_insecticide,2_chara;3_chara,6_chara;7_chara,4_chara;5_chara,,,,4.563e-09,0.0,0.0,4.563e-09
NT1_2024,NT1,2024,ha,"Human toxicity, cancer - organics",CTUh,1.35,0.0,0.0,,,,3.19e-09,4.49e-09,2.66e-09,1 kg herbicide active substance,1 kg fungicide active substance,1 kg insecticide active substance,herbicide,fungicide,pesticide_insecticide,2_chara;3_chara,6_chara;7_chara,4_chara;5_chara,,,,4.3065e-09,0.0,0.0,4.3065e-09
NT1_2024,NT1,2024,ha,"Human toxicity, non-cancer",CTUh,1.35,0.0,0.0,,,,8.28e-07,4.3090000000000003e-07,0.00017910999999999998,1 kg herbicide active substance,1 kg fungicide active substance,1 kg insecticide active substance,herbicide,fungicide,pesticide_insecticide,2_chara;3_chara,6_chara;7_chara,4_chara;5_chara,,,,1.1178e-06,0.0,0.0,1.1178e-06
NT1_2024,NT1,2024,ha,"Human toxicity, non-cancer - inorganics",CTUh,1.35,0.0,0.0,,,,1.09e-08,8.28e-09,9.1e-09,1 kg herbicide active substance,1 kg fungicide active substance,1 kg insecticide active substance,herbicide,fungicide,pesticide_insecticide,2_chara;3_chara,6_chara;7_chara,4_chara;5_chara,,,,1.4715000000000001e-08,0.0,0.0,1.4715000000000001e-08
NT1_2024,NT1,2024,ha,"Human toxicity, non-cancer - metals",CTUh,1.35,0.0,0.0,,,,1e-07,1.057e-07,8.69e-08,1 kg herbicide active substance,1 kg fungicide active substance,1 kg insecticide active substance,herbicide,fungicide,pesticide_insecticide,2_chara;3_chara,6_chara;7_chara,4_chara;5_chara,,,,1.35e-07,0.0,0.0,1.35e-07
NT1_2024,NT1,2024,ha,"Human toxicity, non-cancer - organics",CTUh,1.35,0.0,0.0,,,,7.179999999999999e-07,3.1770000000000005e-07,0.00017901459999999998,1 kg herbicide active substance,1 kg fungicide active substance,1 kg insecticide active substance,herbicide,fungicide,pesticide_insecticide,2_chara;3_chara,6_chara;7_chara,4_chara;5_chara,,,,9.693e-07,0.0,0.0,9.693e-07
NT1_2024,NT1,2024,ha,Ionising radiation,kBq U-235 eq,1.35,0.0,0.0,,,,3.967235,2.938444,3.373034,1 kg herbicide active substance,1 kg fungicide active substance,1 kg insecticide active substance,herbicide,fungicide,pesticide_insecticide,2_chara;3_chara,6_chara;7_chara,4_chara;5_chara,,,,5.35576725,0.0,0.0,5.35576725
NT1_2024,NT1,2024,ha,Land use,Pt,1.35,0.0,0.0,,,,93.25604,87.12929,93.87114,1 kg herbicide active substance,1 kg fungicide active substance,1 kg insecticide active substance,herbicide,fungicide,pesticide_insecticide,2_chara;3_chara,6_chara;7_chara,4_chara;5_chara,,,,125.89565400000001,0.0,0.0,125.89565400000001
NT1_2024,NT1,2024,ha,Ozone depletion,kg CFC11 eq,1.35,0.0,0.0,,,,1.47e-06,9.46e-07,1e-06,1 kg herbicide active substance,1 kg fungicide active substance,1 kg insecticide active substance,herbicide,fungicide,pesticide_insecticide,2_chara;3_chara,6_chara;7_chara,4_chara;5_chara,,,,1.9845e-06,0.0,0.0,1.9845e-06
NT1_2024,NT1,2024,ha,Particulate matter,disease inc.,1.35,0.0,0.0,,,,2.7e-07,2.24e-07,2.41e-07,1 kg herbicide active substance,1 kg fungicide active substance,1 kg insecticide active substance,herbicide,fungicide,pesticide_insecticide,2_chara;3_chara,6_chara;7_chara,4_chara;5_chara,,,,3.645e-07,0.0,0.0,3.645e-07
NT1_2024,NT1,2024,ha,Photochemical ozone formation,kg NMVOC eq,1.35,0.0,0.0,,,,0.02486,0.017891,0.019849,1 kg herbicide active substance,1 kg fungicide active substance,1 kg insecticide active substance,herbicide,fungicide,pesticide_insecticide,2_chara;3_chara,6_chara;7_chara,4_chara;5_chara,,,,0.033561,0.0,0.0,0.033561
NT1_2024,NT1,2024,ha,"Resource use, fossils",MJ,1.35,0.0,0.0,,,,246.4021,173.2985,189.8419,1 kg herbicide active substance,1 kg fungicide active substance,1 kg insecticide active substance,herbicide,fungicide,pesticide_insecticide,2_chara;3_chara,6_chara;7_chara,4_chara;5_chara,,,,332.642835,0.0,0.0,332.642835
NT1_2024,NT1,2024,ha,"Resource use, minerals and metals",kg Sb eq,1.35,0.0,0.0,,,,6.14e-05,4.6e-05,5.28e-05,1 kg herbicide active substance,1 kg fungicide active substance,1 kg insecticide active substance,herbicide,fungicide,pesticide_insecticide,2_chara;3_chara,6_chara;7_chara,4_chara;5_chara,,,,8.289000000000001e-05,0.0,0.0,8.289000000000001e-05
NT1_2024,NT1,2024,ha,Water use,m3 depriv.,1.35,0.0,0.0,,,,1.924816,1.471827,1.666069,1 kg herbicide active substance,1 kg fungicide active substance,1 kg insecticide active substance,herbicide,fungicide,pesticide_insecticide,2_chara;3_chara,6_chara;7_chara,4_chara;5_chara,,,,2.5985016,0.0,0.0,2.5985016
NT2_2022,NT2,2022,ha,Acidification,mol H+ eq,1.05,0.0,0.0,,,,0.051857,0.038504,0.043223,1 kg herbicide active substance,1 kg fungicide active substance,1 kg insecticide active substance,herbicide,fungicide,pesticide_insecticide,2_chara;3_chara,6_chara;7_chara,4_chara;5_chara,,,,0.05444985,0.0,0.0,0.05444985
NT2_2022,NT2,2022,ha,Climate change,kg CO2 eq,1.05,0.0,0.0,,,,13.6732,9.430276,10.25282,1 kg herbicide active substance,1 kg fungicide active substance,1 kg insecticide active substance,herbicide,fungicide,pesticide_insecticide,2_chara;3_chara,6_chara;7_chara,4_chara;5_chara,,,,14.35686,0.0,0.0,14.35686
NT2_2022,NT2,2022,ha,Climate change - Biogenic,kg CO2 eq,1.05,0.0,0.0,,,,0.223944,0.214731,0.218857,1 kg herbicide active substance,1 kg fungicide active substance,1 kg insecticide active substance,herbicide,fungicide,pesticide_insecticide,2_chara;3_chara,6_chara;7_chara,4_chara;5_chara,,,,0.23514120000000002,0.0,0.0,0.23514120000000002
NT2_2022,NT2,2022,ha,Climate change - Fossil,kg CO2 eq,1.05,0.0,0.0,,,,13.4338,9.203992,10.02068,1 kg herbicide active substance,1 kg fungicide active substance,1 kg insecticide active substance,herbicide,fungicide,pesticide_insecticide,2_chara;3_chara,6_chara;7_chara,4_chara;5_chara,,,,14.10549,0.0,0.0,14.10549
NT2_2022,NT2,2022,ha,Climate change - Land use and LU change,kg CO2 eq,1.05,0.0,0.0,,,,0.015459,0.011552,0.013281,1 kg herbicide active substance,1 kg fungicide active substance,1 kg insecticide active substance,herbicide,fungicide,pesticide_insecticide,2_chara;3_chara,6_chara;7_chara,4_chara;5_chara,,,,0.016231950000000002,0.0,0.0,0.016231950000000002
NT2_2022,NT2,2022,ha,"Ecotoxicity, freshwater",CTUe,1.05,0.0,0.0,,,,6433.9547999999995,16850.447900000003,2330477.7238,1 kg herbicide active substance,1 kg fungicide active substance,1 kg insecticide active substance,herbicide,fungicide,pesticide_insecticide,2_chara;3_chara,6_chara;7_chara,4_chara;5_chara,,,,6755.65254,0.0,0.0,6755.65254
NT2_2022,NT2,2022,ha,"Ecotoxicity, freshwater - inorganics",CTUe,1.05,0.0,0.0,,,,13.52104,8.955151,9.878709,1 kg herbicide active substance,1 kg fungicide active substance,1 kg insecticide active substance,herbicide,fungicide,pesticide_insecticide,2_chara;3_chara,6_chara;7_chara,4_chara;5_chara,,,,14.197092,0.0,0.0,14.197092
NT2_2022,NT2,2022,ha,"Ecotoxicity, freshwater - metals",CTUe,1.05,0.0,0.0,,,,232.3885,2837.0964000000004,215.5284,1 kg herbicide active substance,1 kg fungicide active substance,1 kg insecticide active substance,herbicide,fungicide,pesticide_insecticide,2_chara;3_chara,6_chara;7_chara,4_chara;5_chara,,,,244.007925,0.0,0.0,244.007925
NT2_2022,NT2,2022,ha,"Ecotoxicity, freshwater - organics",CTUe,1.05,0.0,0.0,,,,6188.0453,14004.389299999999,2330252.3167,1 kg herbicide active substance,1 kg fungicide active substance,1 kg insecticide active substance,herbicide,fungicide,pesticide_insecticide,2_chara;3_chara,6_chara;7_chara,4_chara;5_chara,,,,6497.447565,0.0,0.0,6497.447565
NT2_2022,NT2,2022,ha,"Eutrophication, freshwater",kg P eq,1.05,0.0,0.0,,,,0.006633,0.00503,0.005765,1 kg herbicide active substance,1 kg fungicide active substance,1 kg insecticide active substance,herbicide,fungicide,pesticide_insecticide,2_chara;3_chara,6_chara;7_chara,4_chara;5_chara,,,,0.00696465,0.0,0.0,0.00696465
NT2_2022,NT2,2022,ha,"Eutrophication, marine",kg N eq,1.05,0.0,0.0,,,,0.012633,0.010401,0.011381,1 kg herbicide active substance,1 kg fungicide active substance,1 kg insecticide active substance,herbicide,fungicide,pesticide_insecticide,2_chara;3_chara,6_chara;7_chara,4_chara;5_chara,,,,0.013264650000000001,0.0,0.0,0.013264650000000001
NT2_2022,NT2,2022,ha,"Eutrophication, terrestrial",mol N eq,1.05,0.0,0.0,,,,0.091999,0.069061,0.076172,1 kg herbicide active substance,1 kg fungicide active substance,1 kg insecticide active substance,herbicide,fungicide,pesticide_insecticide,2_chara;3_chara,6_chara;7_chara,4_chara;5_chara,,,,0.09659895,0.0,0.0,0.09659895
NT2_2022,NT2,2022,ha,"Human toxicity, cancer",CTUh,1.05,0.0,0.0,,,,6.56e-09,7.28e-09,5.63e-09,1 kg herbicide active substance,1 kg fungicide active substance,1 kg insecticide active substance,herbicide,fungicide,pesticide_insecticide,2_chara;3_chara,6_chara;7_chara,4_chara;5_chara,,,,6.888e-09,0.0,0.0,6.888e-09
NT2_2022,NT2,2022,ha,"Human toxicity, cancer - inorganics",CTUh,1.05,0.0,0.0,,,,3.84e-20,4.02e-20,4.24e-20,1 kg herbicide active substance,1 kg fungicide active substance,1 kg insecticide active substance,herbicide,fungicide,pesticide_insecticide,2_chara;3_chara,6_chara;7_chara,4_chara;5_chara,,,,4.032e-20,0.0,0.0,4.032e-20
NT2_2022,NT2,2022,ha,"Human toxicity, cancer - metals",CTUh,1.05,0.0,0.0,,,,3.38e-09,2.79e-09,2.97e-09,1 kg herbicide active substance,1 kg fungicide active substance,1 kg insecticide active substance,herbicide,fungicide,pesticide_insecticide,2_chara;3_chara,6_chara;7_chara,4_chara;5_chara,,,,3.549e-09,0.0,0.0,3.549e-09
NT2_2022,NT2,2022,ha,"Human toxicity, cancer - organics",CTUh,1.05,0.0,0.0,,,,3.19e-09,4.49e-09,2.66e-09,1 kg herbicide active substance,1 kg fungicide active substance,1 kg insecticide active substance,herbicide,fungicide,pesticide_insecticide,2_chara;3_chara,6_chara;7_chara,4_chara;5_chara,,,,3.3495e-09,0.0,0.0,3.3495e-09
NT2_2022,NT2,2022,ha,"Human toxicity, non-cancer",CTUh,1.05,0.0,0.0,,,,8.28e-07,4.3090000000000003e-07,0.00017910999999999998,1 kg herbicide active substance,1 kg fungicide active substance,1 kg insecticide active substance,herbicide,fungicide,pesticide_insecticide,2_chara;3_chara,6_chara;7_chara,4_chara;5_chara,,,,8.694e-07,0.0,0.0,8.694e-07
NT2_2022,NT2,2022,ha,"Human toxicity, non-cancer - inorganics",CTUh,1.05,0.0,0.0,,,,1.09e-08,8.28e-09,9.1e-09,1 kg herbicide active substance,1 kg fungicide active substance,1 kg insecticide active substance,herbicide,fungicide,pesticide_insecticide,2_chara;3_chara,6_chara;7_chara,4_chara;5_chara,,,,1.1445000000000001e-08,0.0,0.0,1.1445000000000001e-08
NT2_2022,NT2,2022,ha,"Human toxicity, non-cancer - metals",CTUh,1.05,0.0,0.0,,,,1e-07,1.057e-07,8.69e-08,1 kg herbicide active substance,1 kg fungicide active substance,1 kg insecticide active substance,herbicide,fungicide,pesticide_insecticide,2_chara;3_chara,6_chara;7_chara,4_chara;5_chara,,,,1.05e-07,0.0,0.0,1.05e-07
NT2_2022,NT2,2022,ha,"Human toxicity, non-cancer - organics",CTUh,1.05,0.0,0.0,,,,7.179999999999999e-07,3.1770000000000005e-07,0.00017901459999999998,1 kg herbicide active substance,1 kg fungicide active substance,1 kg insecticide active substance,herbicide,fungicide,pesticide_insecticide,2_chara;3_chara,6_chara;7_chara,4_chara;5_chara,,,,7.539e-07,0.0,0.0,7.539e-07
NT2_2022,NT2,2022,ha,Ionising radiation,kBq U-235 eq,1.05,0.0,0.0,,,,3.967235,2.938444,3.373034,1 kg herbicide active substance,1 kg fungicide active substance,1 kg insecticide active substance,herbicide,fungicide,pesticide_insecticide,2_chara;3_chara,6_chara;7_chara,4_chara;5_chara,,,,4.165596750000001,0.0,0.0,4.165596750000001
NT2_2022,NT2,2022,ha,Land use,Pt,1.05,0.0,0.0,,,,93.25604,87.12929,93.87114,1 kg herbicide active substance,1 kg fungicide active substance,1 kg insecticide active substance,herbicide,fungicide,pesticide_insecticide,2_chara;3_chara,6_chara;7_chara,4_chara;5_chara,,,,97.918842,0.0,0.0,97.918842
NT2_2022,NT2,2022,ha,Ozone depletion,kg CFC11 eq,1.05,0.0,0.0,,,,1.47e-06,9.46e-07,1e-06,1 kg herbicide active substance,1 kg fungicide active substance,1 kg insecticide active substance,herbicide,fungicide,pesticide_insecticide,2_chara;3_chara,6_chara;7_chara,4_chara;5_chara,,,,1.5435e-06,0.0,0.0,1.5435e-06
NT2_2022,NT2,2022,ha,Particulate matter,disease inc.,1.05,0.0,0.0,,,,2.7e-07,2.24e-07,2.41e-07,1 kg herbicide active substance,1 kg fungicide active substance,1 kg insecticide active substance,herbicide,fungicide,pesticide_insecticide,2_chara;3_chara,6_chara;7_chara,4_chara;5_chara,,,,2.835e-07,0.0,0.0,2.835e-07
NT2_2022,NT2,2022,ha,Photochemical ozone formation,kg NMVOC eq,1.05,0.0,0.0,,,,0.02486,0.017891,0.019849,1 kg herbicide active substance,1 kg fungicide active substance,1 kg insecticide active substance,herbicide,fungicide,pesticide_insecticide,2_chara;3_chara,6_chara;7_chara,4_chara;5_chara,,,,0.026103,0.0,0.0,0.026103
NT2_2022,NT2,2022,ha,"Resource use, fossils",MJ,1.05,0.0,0.0,,,,246.4021,173.2985,189.8419,1 kg herbicide active substance,1 kg fungicide active substance,1 kg insecticide active substance,herbicide,fungicide,pesticide_insecticide,2_chara;3_chara,6_chara;7_chara,4_chara;5_chara,,,,258.722205,0.0,0.0,258.722205
NT2_2022,NT2,2022,ha,"Resource use, minerals and metals",kg Sb eq,1.05,0.0,0.0,,,,6.14e-05,4.6e-05,5.28e-05,1 kg herbicide active substance,1 kg fungicide active substance,1 kg insecticide active substance,herbicide,fungicide,pesticide_insecticide,2_chara;3_chara,6_chara;7_chara,4_chara;5_chara,,,,6.447000000000001e-05,0.0,0.0,6.447000000000001e-05
NT2_2022,NT2,2022,ha,Water use,m3 depriv.,1.05,0.0,0.0,,,,1.924816,1.471827,1.666069,1 kg herbicide active substance,1 kg fungicide active substance,1 kg insecticide active substance,herbicide,fungicide,pesticide_insecticide,2_chara;3_chara,6_chara;7_chara,4_chara;5_chara,,,,2.0210568,0.0,0.0,2.0210568
NT2_2023,NT2,2023,ha,Acidification,mol H+ eq,2.88,0.0,0.0,,,,0.051857,0.038504,0.043223,1 kg herbicide active substance,1 kg fungicide active substance,1 kg insecticide active substance,herbicide,fungicide,pesticide_insecticide,2_chara;3_chara,6_chara;7_chara,4_chara;5_chara,,,,0.14934816,0.0,0.0,0.14934816
NT2_2023,NT2,2023,ha,Climate change,kg CO2 eq,2.88,0.0,0.0,,,,13.6732,9.430276,10.25282,1 kg herbicide active substance,1 kg fungicide active substance,1 kg insecticide active substance,herbicide,fungicide,pesticide_insecticide,2_chara;3_chara,6_chara;7_chara,4_chara;5_chara,,,,39.378816,0.0,0.0,39.378816
NT2_2023,NT2,2023,ha,Climate change - Biogenic,kg CO2 eq,2.88,0.0,0.0,,,,0.223944,0.214731,0.218857,1 kg herbicide active substance,1 kg fungicide active substance,1 kg insecticide active substance,herbicide,fungicide,pesticide_insecticide,2_chara;3_chara,6_chara;7_chara,4_chara;5_chara,,,,0.64495872,0.0,0.0,0.64495872
NT2_2023,NT2,2023,ha,Climate change - Fossil,kg CO2 eq,2.88,0.0,0.0,,,,13.4338,9.203992,10.02068,1 kg herbicide active substance,1 kg fungicide active substance,1 kg insecticide active substance,herbicide,fungicide,pesticide_insecticide,2_chara;3_chara,6_chara;7_chara,4_chara;5_chara,,,,38.689344,0.0,0.0,38.689344
NT2_2023,NT2,2023,ha,Climate change - Land use and LU change,kg CO2 eq,2.88,0.0,0.0,,,,0.015459,0.011552,0.013281,1 kg herbicide active substance,1 kg fungicide active substance,1 kg insecticide active substance,herbicide,fungicide,pesticide_insecticide,2_chara;3_chara,6_chara;7_chara,4_chara;5_chara,,,,0.04452192,0.0,0.0,0.04452192
NT2_2023,NT2,2023,ha,"Ecotoxicity, freshwater",CTUe,2.88,0.0,0.0,,,,6433.9547999999995,16850.447900000003,2330477.7238,1 kg herbicide active substance,1 kg fungicide active substance,1 kg insecticide active substance,herbicide,fungicide,pesticide_insecticide,2_chara;3_chara,6_chara;7_chara,4_chara;5_chara,,,,18529.789824,0.0,0.0,18529.789824
NT2_2023,NT2,2023,ha,"Ecotoxicity, freshwater - inorganics",CTUe,2.88,0.0,0.0,,,,13.52104,8.955151,9.878709,1 kg herbicide active substance,1 kg fungicide active substance,1 kg insecticide active substance,herbicide,fungicide,pesticide_insecticide,2_chara;3_chara,6_chara;7_chara,4_chara;5_chara,,,,38.9405952,0.0,0.0,38.9405952
NT2_2023,NT2,2023,ha,"Ecotoxicity, freshwater - metals",CTUe,2.88,0.0,0.0,,,,232.3885,2837.0964000000004,215.5284,1 kg herbicide active substance,1 kg fungicide active substance,1 kg insecticide active substance,herbicide,fungicide,pesticide_insecticide,2_chara;3_chara,6_chara;7_chara,4_chara;5_chara,,,,669.27888,0.0,0.0,669.27888
NT2_2023,NT2,2023,ha,"Ecotoxicity, freshwater - organics",CTUe,2.88,0.0,0.0,,,,6188.0453,14004.389299999999,2330252.3167,1 kg herbicide active substance,1 kg fungicide active substance,1 kg insecticide active substance,herbicide,fungicide,pesticide_insecticide,2_chara;3_chara,6_chara;7_chara,4_chara;5_chara,,,,17821.570464,0.0,0.0,17821.570464
NT2_2023,NT2,2023,ha,"Eutrophication, freshwater",kg P eq,2.88,0.0,0.0,,,,0.006633,0.00503,0.005765,1 kg herbicide active substance,1 kg fungicide active substance,1 kg insecticide active substance,herbicide,fungicide,pesticide_insecticide,2_chara;3_chara,6_chara;7_chara,4_chara;5_chara,,,,0.019103039999999998,0.0,0.0,0.019103039999999998
NT2_2023,NT2,2023,ha,"Eutrophication, marine",kg N eq,2.88,0.0,0.0,,,,0.012633,0.010401,0.011381,1 kg herbicide active substance,1 kg fungicide active substance,1 kg insecticide active substance,herbicide,fungicide,pesticide_insecticide,2_chara;3_chara,6_chara;7_chara,4_chara;5_chara,,,,0.03638304,0.0,0.0,0.03638304
NT2_2023,NT2,2023,ha,"Eutrophication, terrestrial",mol N eq,2.88,0.0,0.0,,,,0.091999,0.069061,0.076172,1 kg herbicide active substance,1 kg fungicide active substance,1 kg insecticide active substance,herbicide,fungicide,pesticide_insecticide,2_chara;3_chara,6_chara;7_chara,4_chara;5_chara,,,,0.26495712,0.0,0.0,0.26495712
NT2_2023,NT2,2023,ha,"Human toxicity, cancer",CTUh,2.88,0.0,0.0,,,,6.56e-09,7.28e-09,5.63e-09,1 kg herbicide active substance,1 kg fungicide active substance,1 kg insecticide active substance,herbicide,fungicide,pesticide_insecticide,2_chara;3_chara,6_chara;7_chara,4_chara;5_chara,,,,1.8892799999999998e-08,0.0,0.0,1.8892799999999998e-08
NT2_2023,NT2,2023,ha,"Human toxicity, cancer - inorganics",CTUh,2.88,0.0,0.0,,,,3.84e-20,4.02e-20,4.24e-20,1 kg herbicide active substance,1 kg fungicide active substance,1 kg insecticide active substance,herbicide,fungicide,pesticide_insecticide,2_chara;3_chara,6_chara;7_chara,4_chara;5_chara,,,,1.10592e-19,0.0,0.0,1.10592e-19
NT2_2023,NT2,2023,ha,"Human toxicity, cancer - metals",CTUh,2.88,0.0,0.0,,,,3.38e-09,2.79e-09,2.97e-09,1 kg herbicide active substance,1 kg fungicide active substance,1 kg insecticide active substance,herbicide,fungicide,pesticide_insecticide,2_chara;3_chara,6_chara;7_chara,4_chara;5_chara,,,,9.7344e-09,0.0,0.0,9.7344e-09
NT2_2023,NT2,2023,ha,"Human toxicity, cancer - organics",CTUh,2.88,0.0,0.0,,,,3.19e-09,4.49e-09,2.66e-09,1 kg herbicide active substance,1 kg fungicide active substance,1 kg insecticide active substance,herbicide,fungicide,pesticide_insecticide,2_chara;3_chara,6_chara;7_chara,4_chara;5_chara,,,,9.187199999999999e-09,0.0,0.0,9.187199999999999e-09
NT2_2023,NT2,2023,ha,"Human toxicity, non-cancer",CTUh,2.88,0.0,0.0,,,,8.28e-07,4.3090000000000003e-07,0.00017910999999999998,1 kg herbicide active substance,1 kg fungicide active substance,1 kg insecticide active substance,herbicide,fungicide,pesticide_insecticide,2_chara;3_chara,6_chara;7_chara,4_chara;5_chara,,,,2.38464e-06,0.0,0.0,2.38464e-06
NT2_2023,NT2,2023,ha,"Human toxicity, non-cancer - inorganics",CTUh,2.88,0.0,0.0,,,,1.09e-08,8.28e-09,9.1e-09,1 kg herbicide active substance,1 kg fungicide active substance,1 kg insecticide active substance,herbicide,fungicide,pesticide_insecticide,2_chara;3_chara,6_chara;7_chara,4_chara;5_chara,,,,3.1392e-08,0.0,0.0,3.1392e-08
NT2_2023,NT2,2023,ha,"Human toxicity, non-cancer - metals",CTUh,2.88,0.0,0.0,,,,1e-07,1.057e-07,8.69e-08,1 kg herbicide active substance,1 kg fungicide active substance,1 kg insecticide active substance,herbicide,fungicide,pesticide_insecticide,2_chara;3_chara,6_chara;7_chara,4_chara;5_chara,,,,2.88e-07,0.0,0.0,2.88e-07
NT2_2023,NT2,2023,ha,"Human toxicity, non-cancer - organics",CTUh,2.88,0.0,0.0,,,,7.179999999999999e-07,3.1770000000000005e-07,0.00017901459999999998,1 kg herbicide active substance,1 kg fungicide active substance,1 kg insecticide active substance,herbicide,fungicide,pesticide_insecticide,2_chara;3_chara,6_chara;7_chara,4_chara;5_chara,,,,2.0678399999999998e-06,0.0,0.0,2.0678399999999998e-06
NT2_2023,NT2,2023,ha,Ionising radiation,kBq U-235 eq,2.88,0.0,0.0,,,,3.967235,2.938444,3.373034,1 kg herbicide active substance,1 kg fungicide active substance,1 kg insecticide active substance,herbicide,fungicide,pesticide_insecticide,2_chara;3_chara,6_chara;7_chara,4_chara;5_chara,,,,11.4256368,0.0,0.0,11.4256368
NT2_2023,NT2,2023,ha,Land use,Pt,2.88,0.0,0.0,,,,93.25604,87.12929,93.87114,1 kg herbicide active substance,1 kg fungicide active substance,1 kg insecticide active substance,herbicide,fungicide,pesticide_insecticide,2_chara;3_chara,6_chara;7_chara,4_chara;5_chara,,,,268.5773952,0.0,0.0,268.5773952
NT2_2023,NT2,2023,ha,Ozone depletion,kg CFC11 eq,2.88,0.0,0.0,,,,1.47e-06,9.46e-07,1e-06,1 kg herbicide active substance,1 kg fungicide active substance,1 kg insecticide active substance,herbicide,fungicide,pesticide_insecticide,2_chara;3_chara,6_chara;7_chara,4_chara;5_chara,,,,4.2336e-06,0.0,0.0,4.2336e-06
NT2_2023,NT2,2023,ha,Particulate matter,disease inc.,2.88,0.0,0.0,,,,2.7e-07,2.24e-07,2.41e-07,1 kg herbicide active substance,1 kg fungicide active substance,1 kg insecticide active substance,herbicide,fungicide,pesticide_insecticide,2_chara;3_chara,6_chara;7_chara,4_chara;5_chara,,,,7.776e-07,0.0,0.0,7.776e-07
NT2_2023,NT2,2023,ha,Photochemical ozone formation,kg NMVOC eq,2.88,0.0,0.0,,,,0.02486,0.017891,0.019849,1 kg herbicide active substance,1 kg fungicide active substance,1 kg insecticide active substance,herbicide,fungicide,pesticide_insecticide,2_chara;3_chara,6_chara;7_chara,4_chara;5_chara,,,,0.0715968,0.0,0.0,0.0715968
NT2_2023,NT2,2023,ha,"Resource use, fossils",MJ,2.88,0.0,0.0,,,,246.4021,173.2985,189.8419,1 kg herbicide active substance,1 kg fungicide active substance,1 kg insecticide active substance,herbicide,fungicide,pesticide_insecticide,2_chara;3_chara,6_chara;7_chara,4_chara;5_chara,,,,709.6380479999999,0.0,0.0,709.6380479999999
NT2_2023,NT2,2023,ha,"Resource use, minerals and metals",kg Sb eq,2.88,0.0,0.0,,,,6.14e-05,4.6e-05,5.28e-05,1 kg herbicide active substance,1 kg fungicide active substance,1 kg insecticide active substance,herbicide,fungicide,pesticide_insecticide,2_chara;3_chara,6_chara;7_chara,4_chara;5_chara,,,,0.000176832,0.0,0.0,0.000176832
NT2_2023,NT2,2023,ha,Water use,m3 depriv.,2.88,0.0,0.0,,,,1.924816,1.471827,1.666069,1 kg herbicide active substance,1 kg fungicide active substance,1 kg insecticide active substance,herbicide,fungicide,pesticide_insecticide,2_chara;3_chara,6_chara;7_chara,4_chara;5_chara,,,,5.54347008,0.0,0.0,5.54347008
NT2_2024,NT2,2024,ha,Acidification,mol H+ eq,0.88,0.0,0.0,,,,0.051857,0.038504,0.043223,1 kg herbicide active substance,1 kg fungicide active substance,1 kg insecticide active substance,herbicide,fungicide,pesticide_insecticide,2_chara;3_chara,6_chara;7_chara,4_chara;5_chara,,,,0.04563416,0.0,0.0,0.04563416
NT2_2024,NT2,2024,ha,Climate change,kg CO2 eq,0.88,0.0,0.0,,,,13.6732,9.430276,10.25282,1 kg herbicide active substance,1 kg fungicide active substance,1 kg insecticide active substance,herbicide,fungicide,pesticide_insecticide,2_chara;3_chara,6_chara;7_chara,4_chara;5_chara,,,,12.032416,0.0,0.0,12.032416
NT2_2024,NT2,2024,ha,Climate change - Biogenic,kg CO2 eq,0.88,0.0,0.0,,,,0.223944,0.214731,0.218857,1 kg herbicide active substance,1 kg fungicide active substance,1 kg insecticide active substance,herbicide,fungicide,pesticide_insecticide,2_chara;3_chara,6_chara;7_chara,4_chara;5_chara,,,,0.19707072,0.0,0.0,0.19707072
NT2_2024,NT2,2024,ha,Climate change - Fossil,kg CO2 eq,0.88,0.0,0.0,,,,13.4338,9.203992,10.02068,1 kg herbicide active substance,1 kg fungicide active substance,1 kg insecticide active substance,herbicide,fungicide,pesticide_insecticide,2_chara;3_chara,6_chara;7_chara,4_chara;5_chara,,,,11.821744,0.0,0.0,11.821744
NT2_2024,NT2,2024,ha,Climate change - Land use and LU change,kg CO2 eq,0.88,0.0,0.0,,,,0.015459,0.011552,0.013281,1 kg herbicide active substance,1 kg fungicide active substance,1 kg insecticide active substance,herbicide,fungicide,pesticide_insecticide,2_chara;3_chara,6_chara;7_chara,4_chara;5_chara,,,,0.01360392,0.0,0.0,0.01360392
NT2_2024,NT2,2024,ha,"Ecotoxicity, freshwater",CTUe,0.88,0.0,0.0,,,,6433.9547999999995,16850.447900000003,2330477.7238,1 kg herbicide active substance,1 kg fungicide active substance,1 kg insecticide active substance,herbicide,fungicide,pesticide_insecticide,2_chara;3_chara,6_chara;7_chara,4_chara;5_chara,,,,5661.8802239999995,0.0,0.0,5661.8802239999995
NT2_2024,NT2,2024,ha,"Ecotoxicity, freshwater - inorganics",CTUe,0.88,0.0,0.0,,,,13.52104,8.955151,9.878709,1 kg herbicide active substance,1 kg fungicide active substance,1 kg insecticide active substance,herbicide,fungicide,pesticide_insecticide,2_chara;3_chara,6_chara;7_chara,4_chara;5_chara,,,,11.8985152,0.0,0.0,11.8985152
NT2_2024,NT2,2024,ha,"Ecotoxicity, freshwater - metals",CTUe,0.88,0.0,0.0,,,,232.3885,2837.0964000000004,215.5284,1 kg herbicide active substance,1 kg fungicide active substance,1 kg insecticide active substance,herbicide,fungicide,pesticide_insecticide,2_chara;3_chara,6_chara;7_chara,4_chara;5_chara,,,,204.50188,0.0,0.0,204.50188
NT2_2024,NT2,2024,ha,"Ecotoxicity, freshwater - organics",CTUe,0.88,0.0,0.0,,,,6188.0453,14004.389299999999,2330252.3167,1 kg herbicide active substance,1 kg fungicide active substance,1 kg insecticide active substance,herbicide,fungicide,pesticide_insecticide,2_chara;3_chara,6_chara;7_chara,4_chara;5_chara,,,,5445.479864,0.0,0.0,5445.479864
NT2_2024,NT2,2024,ha,"Eutrophication, freshwater",kg P eq,0.88,0.0,0.0,,,,0.006633,0.00503,0.005765,1 kg herbicide active substance,1 kg fungicide active substance,1 kg insecticide active substance,herbicide,fungicide,pesticide_insecticide,2_chara;3_chara,6_chara;7_chara,4_chara;5_chara,,,,0.00583704,0.0,0.0,0.00583704
NT2_2024,NT2,2024,ha,"Eutrophication, marine",kg N eq,0.88,0.0,0.0,,,,0.012633,0.010401,0.011381,1 kg herbicide active substance,1 kg fungicide active substance,1 kg insecticide active substance,herbicide,fungicide,pesticide_insecticide,2_chara;3_chara,6_chara;7_chara,4_chara;5_chara,,,,0.01111704,0.0,0.0,0.01111704
NT2_2024,NT2,2024,ha,"Eutrophication, terrestrial",mol N eq,0.88,0.0,0.0,,,,0.091999,0.069061,0.076172,1 kg herbicide active substance,1 kg fungicide active substance,1 kg insecticide active substance,herbicide,fungicide,pesticide_insecticide,2_chara;3_chara,6_chara;7_chara,4_chara;5_chara,,,,0.08095912,0.0,0.0,0.08095912
NT2_2024,NT2,2024,ha,"Human toxicity, cancer",CTUh,0.88,0.0,0.0,,,,6.56e-09,7.28e-09,5.63e-09,1 kg herbicide active substance,1 kg fungicide active substance,1 kg insecticide active substance,herbicide,fungicide,pesticide_insecticide,2_chara;3_chara,6_chara;7_chara,4_chara;5_chara,,,,5.7728e-09,0.0,0.0,5.7728e-09
NT2_2024,NT2,2024,ha,"Human toxicity, cancer - inorganics",CTUh,0.88,0.0,0.0,,,,3.84e-20,4.02e-20,4.24e-20,1 kg herbicide active substance,1 kg fungicide active substance,1 kg insecticide active substance,herbicide,fungicide,pesticide_insecticide,2_chara;3_chara,6_chara;7_chara,4_chara;5_chara,,,,3.3792e-20,0.0,0.0,3.3792e-20
NT2_2024,NT2,2024,ha,"Human toxicity, cancer - metals",CTUh,0.88,0.0,0.0,,,,3.38e-09,2.79e-09,2.97e-09,1 kg herbicide active substance,1 kg fungicide active substance,1 kg insecticide active substance,herbicide,fungicide,pesticide_insecticide,2_chara;3_chara,6_chara;7_chara,4_chara;5_chara,,,,2.9744e-09,0.0,0.0,2.9744e-09
NT2_2024,NT2,2024,ha,"Human toxicity, cancer - organics",CTUh,0.88,0.0,0.0,,,,3.19e-09,4.49e-09,2.66e-09,1 kg herbicide active substance,1 kg fungicide active substance,1 kg insecticide active substance,herbicide,fungicide,pesticide_insecticide,2_chara;3_chara,6_chara;7_chara,4_chara;5_chara,,,,2.8072e-09,0.0,0.0,2.8072e-09
NT2_2024,NT2,2024,ha,"Human toxicity, non-cancer",CTUh,0.88,0.0,0.0,,,,8.28e-07,4.3090000000000003e-07,0.00017910999999999998,1 kg herbicide active substance,1 kg fungicide active substance,1 kg insecticide active substance,herbicide,fungicide,pesticide_insecticide,2_chara;3_chara,6_chara;7_chara,4_chara;5_chara,,,,7.286399999999999e-07,0.0,0.0,7.286399999999999e-07
NT2_2024,NT2,2024,ha,"Human toxicity, non-cancer - inorganics",CTUh,0.88,0.0,0.0,,,,1.09e-08,8.28e-09,9.1e-09,1 kg herbicide active substance,1 kg fungicide active substance,1 kg insecticide active substance,herbicide,fungicide,pesticide_insecticide,2_chara;3_chara,6_chara;7_chara,4_chara;5_chara,,,,9.592e-09,0.0,0.0,9.592e-09
NT2_2024,NT2,2024,ha,"Human toxicity, non-cancer - metals",CTUh,0.88,0.0,0.0,,,,1e-07,1.057e-07,8.69e-08,1 kg herbicide active substance,1 kg fungicide active substance,1 kg insecticide active substance,herbicide,fungicide,pesticide_insecticide,2_chara;3_chara,6_chara;7_chara,4_chara;5_chara,,,,8.8e-08,0.0,0.0,8.8e-08
NT2_2024,NT2,2024,ha,"Human toxicity, non-cancer - organics",CTUh,0.88,0.0,0.0,,,,7.179999999999999e-07,3.1770000000000005e-07,0.00017901459999999998,1 kg herbicide active substance,1 kg fungicide active substance,1 kg insecticide active substance,herbicide,fungicide,pesticide_insecticide,2_chara;3_chara,6_chara;7_chara,4_chara;5_chara,,,,6.3184e-07,0.0,0.0,6.3184e-07
NT2_2024,NT2,2024,ha,Ionising radiation,kBq U-235 eq,0.88,0.0,0.0,,,,3.967235,2.938444,3.373034,1 kg herbicide active substance,1 kg fungicide active substance,1 kg insecticide active substance,herbicide,fungicide,pesticide_insecticide,2_chara;3_chara,6_chara;7_chara,4_chara;5_chara,,,,3.4911668000000002,0.0,0.0,3.4911668000000002
NT2_2024,NT2,2024,ha,Land use,Pt,0.88,0.0,0.0,,,,93.25604,87.12929,93.87114,1 kg herbicide active substance,1 kg fungicide active substance,1 kg insecticide active substance,herbicide,fungicide,pesticide_insecticide,2_chara;3_chara,6_chara;7_chara,4_chara;5_chara,,,,82.0653152,0.0,0.0,82.0653152
NT2_2024,NT2,2024,ha,Ozone depletion,kg CFC11 eq,0.88,0.0,0.0,,,,1.47e-06,9.46e-07,1e-06,1 kg herbicide active substance,1 kg fungicide active substance,1 kg insecticide active substance,herbicide,fungicide,pesticide_insecticide,2_chara;3_chara,6_chara;7_chara,4_chara;5_chara,,,,1.2936e-06,0.0,0.0,1.2936e-06
NT2_2024,NT2,2024,ha,Particulate matter,disease inc.,0.88,0.0,0.0,,,,2.7e-07,2.24e-07,2.41e-07,1 kg herbicide active substance,1 kg fungicide active substance,1 kg insecticide active substance,herbicide,fungicide,pesticide_insecticide,2_chara;3_chara,6_chara;7_chara,4_chara;5_chara,,,,2.376e-07,0.0,0.0,2.376e-07
NT2_2024,NT2,2024,ha,Photochemical ozone formation,kg NMVOC eq,0.88,0.0,0.0,,,,0.02486,0.017891,0.019849,1 kg herbicide active substance,1 kg fungicide active substance,1 kg insecticide active substance,herbicide,fungicide,pesticide_insecticide,2_chara;3_chara,6_chara;7_chara,4_chara;5_chara,,,,0.021876800000000002,0.0,0.0,0.021876800000000002
NT2_2024,NT2,2024,ha,"Resource use, fossils",MJ,0.88,0.0,0.0,,,,246.4021,173.2985,189.8419,1 kg herbicide active substance,1 kg fungicide active substance,1 kg insecticide active substance,herbicide,fungicide,pesticide_insecticide,2_chara;3_chara,6_chara;7_chara,4_chara;5_chara,,,,216.833848,0.0,0.0,216.833848
NT2_2024,NT2,2024,ha,"Resource use, minerals and metals",kg Sb eq,0.88,0.0,0.0,,,,6.14e-05,4.6e-05,5.28e-05,1 kg herbicide active substance,1 kg fungicide active substance,1 kg insecticide active substance,herbicide,fungicide,pesticide_insecticide,2_chara;3_chara,6_chara;7_chara,4_chara;5_chara,,,,5.4032e-05,0.0,0.0,5.4032e-05
NT2_2024,NT2,2024,ha,Water use,m3 depriv.,0.88,0.0,0.0,,,,1.924816,1.471827,1.666069,1 kg herbicide active substance,1 kg fungicide active substance,1 kg insecticide active substance,herbicide,fungicide,pesticide_insecticide,2_chara;3_chara,6_chara;7_chara,4_chara;5_chara,,,,1.6938380800000001,0.0,0.0,1.6938380800000001
