dmu_id,farmer_id,year,basis,impact_category,impact_unit,centrifugal_spreader_ha_worked_per_ha,centrifugal_spreader_ha_worked_per_tonne,centrifugal_spreader_factor_per_ha_worked,centrifugal_spreader_factor_unit,centrifugal_spreader_characterisation_sheet,centrifugal_spreader_single_score_file,centrifugal_spreader_impact,combine_harvester_ha_worked_per_ha,combine_harvester_ha_worked_per_tonne,combine_harvester_factor_per_ha_worked,combine_harvester_factor_unit,combine_harvester_characterisation_sheet,combine_harvester_single_score_file,combine_harvester_impact,disk_harrow_ha_worked_per_ha,disk_harrow_ha_worked_per_tonne,disk_harrow_factor_per_ha_worked,disk_harrow_factor_unit,disk_harrow_characterisation_sheet,disk_harrow_single_score_file,disk_harrow_impact,laser_leveler_ha_worked_per_ha,laser_leveler_ha_worked_per_tonne,laser_leveler_factor_per_ha_worked,laser_leveler_factor_unit,laser_leveler_characterisation_sheet,laser_leveler_single_score_file,laser_leveler_impact,rotary_tiller_ha_worked_per_ha,rotary_tiller_ha_worked_per_tonne,rotary_tiller_factor_per_ha_worked,rotary_tiller_factor_unit,rotary_tiller_characterisation_sheet,rotary_tiller_single_score_file,rotary_tiller_impact,seeder_ha_worked_per_ha,seeder_ha_worked_per_tonne,seeder_factor_per_ha_worked,seeder_factor_unit,seeder_characterisation_sheet,seeder_single_score_file,seeder_impact,sprayer_ha_worked_per_ha,sprayer_ha_worked_per_tonne,sprayer_factor_per_ha_worked,sprayer_factor_unit,sprayer_characterisation_sheet,sprayer_single_score_file,sprayer_impact,machines_total_impact
C1_2022,C1,2022,ha,Acidification,Pt,4.0,,0.8703199999999999,1 ha worked,,centrifugal_spreader_singlescore_13.json,3.4812799999999995,1.0,,6.1575999999999995,1 ha worked,,combine_harvester_singlescore_16.json,6.1575999999999995,3.0,,0.6948799999999999,1 ha worked,,disk_harrow_singlescore_11.json,2.08464,1.0,,3.784,1 ha worked,,laser_leveler_singlescore_12.json,3.784,1.0,,1.95048,1 ha worked,,rotary_tiller_singlescore_14.json,1.95048,0.0,,0.39904,1 ha worked,,seeder_singlescore_17.json,0.0,5.1615853659,,0.057448000000000006,1 ha worked,,sprayer_singlescore_15.json,0.2965227561002232,17.754522756100222
C1_2022,C1,2022,ha,Climate change,Pt,4.0,,47577.59999999999,1 ha worked,,centrifugal_spreader_singlescore_13.json,190310.39999999997,1.0,,293625.3,1 ha worked,,combine_harvester_singlescore_16.json,293625.3,3.0,,36196.5,1 ha worked,,disk_harrow_singlescore_11.json,108589.5,1.0,,219798.59999999998,1 ha worked,,laser_leveler_singlescore_12.json,219798.59999999998,1.0,,123280.5,1 ha worked,,rotary_tiller_singlescore_14.json,123280.5,0.0,,50037.9,1 ha worked,,seeder_singlescore_17.json,0.0,5.1615853659,,3416.1000000000004,1 ha worked,,sprayer_singlescore_15.json,17632.49176845099,953236.7917684509
C1_2022,C1,2022,ha,Climate change - Biogenic,Pt,4.0,,0.0,1 ha worked,,centrifugal_spreader_singlescore_13.json,0.0,1.0,,0.0,1 ha worked,,combine_harvester_singlescore_16.json,0.0,3.0,,0.0,1 ha worked,,disk_harrow_singlescore_11.json,0.0,1.0,,0.0,1 ha worked,,laser_leveler_singlescore_12.json,0.0,1.0,,0.0,1 ha worked,,rotary_tiller_singlescore_14.json,0.0,0.0,,0.0,1 ha worked,,seeder_singlescore_17.json,0.0,5.1615853659,,0.0,1 ha worked,,sprayer_singlescore_15.json,0.0,0.0
C1_2022,C1,2022,ha,Climate change - Fossil,Pt,4.0,,0.0,1 ha worked,,centrifugal_spreader_singlescore_13.json,0.0,1.0,,0.0,1 ha worked,,combine_harvester_singlescore_16.json,0.0,3.0,,0.0,1 ha worked,,disk_harrow_singlescore_11.json,0.0,1.0,,0.0,1 ha worked,,laser_leveler_singlescore_12.json,0.0,1.0,,0.0,1 ha worked,,rotary_tiller_singlescore_14.json,0.0,0.0,,0.0,1 ha worked,,seeder_singlescore_17.json,0.0,5.1615853659,,0.0,1 ha worked,,sprayer_singlescore_15.json,0.0,0.0
C1_2022,C1,2022,ha,Climate change - Land use and LU change,Pt,4.0,,0.0,1 ha worked,,centrifugal_spreader_singlescore_13.json,0.0,1.0,,0.0,1 ha worked,,combine_harvester_singlescore_16.json,0.0,3.0,,0.0,1 ha worked,,disk_harrow_singlescore_11.json,0.0,1.0,,0.0,1 ha worked,,laser_leveler_singlescore_12.json,0.0,1.0,,0.0,1 ha worked,,rotary_tiller_singlescore_14.json,0.0,0.0,,0.0,1 ha worked,,seeder_singlescore_17.json,0.0,5.1615853659,,0.0,1 ha worked,,sprayer_singlescore_15.json,0.0,0.0
C1_2022,C1,2022,ha,"Ecotoxicity, freshwater",Pt,4.0,,92856.62000000001,1 ha worked,,centrifugal_spreader_singlescore_13.json,371426.48000000004,1.0,,619566.99,1 ha worked,,combine_harvester_singlescore_16.json,619566.99,3.0,,53553.84,1 ha worked,,disk_harrow_singlescore_11.json,160661.52,1.0,,360473.73,1 ha worked,,laser_leveler_singlescore_12.json,360473.73,1.0,,257538.30999999997,1 ha worked,,rotary_tiller_singlescore_14.json,257538.30999999997,0.0,,133625.82,1 ha worked,,seeder_singlescore_17.json,0.0,5.1615853659,,7323.02,1 ha worked,,sprayer_singlescore_15.json,37798.39286619302,1807465.422866193
C1_2022,C1,2022,ha,"Ecotoxicity, freshwater - inorganics",Pt,4.0,,0.0,1 ha worked,,centrifugal_spreader_singlescore_13.json,0.0,1.0,,0.0,1 ha worked,,combine_harvester_singlescore_16.json,0.0,3.0,,0.0,1 ha worked,,disk_harrow_singlescore_11.json,0.0,1.0,,0.0,1 ha worked,,laser_leveler_singlescore_12.json,0.0,1.0,,0.0,1 ha worked,,rotary_tiller_singlescore_14.json,0.0,0.0,,0.0,1 ha worked,,seeder_singlescore_17.json,0.0,5.1615853659,,0.0,1 ha worked,,sprayer_singlescore_15.json,0.0,0.0
C1_2022,C1,2022,ha,"Ecotoxicity, freshwater - metals",Pt,4.0,,0.0,1 ha worked,,centrifugal_spreader_singlescore_13.json,0.0,1.0,,0.0,1 ha worked,,combine_harvester_singlescore_16.json,0.0,3.0,,0.0,1 ha worked,,disk_harrow_singlescore_11.json,0.0,1.0,,0.0,1 ha worked,,laser_leveler_singlescore_12.json,0.0,1.0,,0.0,1 ha worked,,rotary_tiller_singlescore_14.json,0.0,0.0,,0.0,1 ha worked,,seeder_singlescore_17.json,0.0,5.1615853659,,0.0,1 ha worked,,sprayer_singlescore_15.json,0.0,0.0
C1_2022,C1,2022,ha,"Ecotoxicity, freshwater - organics",Pt,4.0,,0.0,1 ha worked,,centrifugal_spreader_singlescore_13.json,0.0,1.0,,0.0,1 ha worked,,combine_harvester_singlescore_16.json,0.0,3.0,,0.0,1 ha worked,,disk_harrow_singlescore_11.json,0.0,1.0,,0.0,1 ha worked,,laser_leveler_singlescore_12.json,0.0,1.0,,0.0,1 ha worked,,rotary_tiller_singlescore_14.json,0.0,0.0,,0.0,1 ha worked,,seeder_singlescore_17.json,0.0,5.1615853659,,0.0,1 ha worked,,sprayer_singlescore_15.json,0.0,0.0
C1_2022,C1,2022,ha,"Eutrophication, freshwater",Pt,4.0,,7.1276e-05,1 ha worked,,centrifugal_spreader_singlescore_13.json,0.000285104,1.0,,0.00048615999999999997,1 ha worked,,combine_harvester_singlescore_16.json,0.00048615999999999997,3.0,,3.0076e-05,1 ha worked,,disk_harrow_singlescore_11.json,9.0228e-05,1.0,,0.00026574,1 ha worked,,laser_leveler_singlescore_12.json,0.00026574,1.0,,0.00023895999999999998,1 ha worked,,rotary_tiller_singlescore_14.json,0.00023895999999999998,0.0,,0.00014111,1 ha worked,,seeder_singlescore_17.json,0.0,5.1615853659,,5.6032e-06,1 ha worked,,sprayer_singlescore_15.json,2.892139512221088e-05,0.001395113395122211
C1_2022,C1,2022,ha,"Eutrophication, marine",Pt,4.0,,0.08380000000000001,1 ha worked,,centrifugal_spreader_singlescore_13.json,0.33520000000000005,1.0,,0.610902,1 ha worked,,combine_harvester_singlescore_16.json,0.610902,3.0,,0.0708948,1 ha worked,,disk_harrow_singlescore_11.json,0.2126844,1.0,,0.37207199999999996,1 ha worked,,laser_leveler_singlescore_12.json,0.37207199999999996,1.0,,0.17849399999999999,1 ha worked,,rotary_tiller_singlescore_14.json,0.17849399999999999,0.0,,0.017262800000000002,1 ha worked,,seeder_singlescore_17.json,0.0,5.1615853659,,0.005413480000000001,1 ha worked,,sprayer_singlescore_15.json,0.027942139146592337,1.7372945391465922
C1_2022,C1,2022,ha,"Eutrophication, terrestrial",Pt,4.0,,7.227,1 ha worked,,centrifugal_spreader_singlescore_13.json,28.908,1.0,,52.3629,1 ha worked,,combine_harvester_singlescore_16.json,52.3629,3.0,,6.09039,1 ha worked,,disk_harrow_singlescore_11.json,18.27117,1.0,,31.9302,1 ha worked,,laser_leveler_singlescore_12.json,31.9302,1.0,,15.308100000000001,1 ha worked,,rotary_tiller_singlescore_14.json,15.308100000000001,0.0,,1.43226,1 ha worked,,seeder_singlescore_17.json,0.0,5.1615853659,,0.46252800000000005,1 ha worked,,sprayer_singlescore_15.json,2.3873777561189953,149.167747756119
C1_2022,C1,2022,ha,"Human toxicity, cancer",Pt,4.0,,1.6072e-14,1 ha worked,,centrifugal_spreader_singlescore_13.json,6.4288e-14,1.0,,1.0988000000000001e-13,1 ha worked,,combine_harvester_singlescore_16.json,1.0988000000000001e-13,3.0,,9.265999999999999e-15,1 ha worked,,disk_harrow_singlescore_11.json,2.7797999999999996e-14,1.0,,8.446e-14,1 ha worked,,laser_leveler_singlescore_12.json,8.446e-14,1.0,,9.348e-14,1 ha worked,,rotary_tiller_singlescore_14.json,9.348e-14,0.0,,4.5428e-14,1 ha worked,,seeder_singlescore_17.json,0.0,5.1615853659,,1.5661999999999999e-15,1 ha worked,,sprayer_singlescore_15.json,8.084075000072579e-15,3.8799007500007264e-13
C1_2022,C1,2022,ha,"Human toxicity, cancer - inorganics",Pt,4.0,,0.0,1 ha worked,,centrifugal_spreader_singlescore_13.json,0.0,1.0,,0.0,1 ha worked,,combine_harvester_singlescore_16.json,0.0,3.0,,0.0,1 ha worked,,disk_harrow_singlescore_11.json,0.0,1.0,,0.0,1 ha worked,,laser_leveler_singlescore_12.json,0.0,1.0,,0.0,1 ha worked,,rotary_tiller_singlescore_14.json,0.0,0.0,,0.0,1 ha worked,,seeder_singlescore_17.json,0.0,5.1615853659,,0.0,1 ha worked,,sprayer_singlescore_15.json,0.0,0.0
C1_2022,C1,2022,ha,"Human toxicity, cancer - metals",Pt,4.0,,0.0,1 ha worked,,centrifugal_spreader_singlescore_13.json,0.0,1.0,,0.0,1 ha worked,,combine_harvester_singlescore_16.json,0.0,3.0,,0.0,1 ha worked,,disk_harrow_singlescore_11.json,0.0,1.0,,0.0,1 ha worked,,laser_leveler_singlescore_12.json,0.0,1.0,,0.0,1 ha worked,,rotary_tiller_singlescore_14.json,0.0,0.0,,0.0,1 ha worked,,seeder_singlescore_17.json,0.0,5.1615853659,,0.0,1 ha worked,,sprayer_singlescore_15.json,0.0,0.0
C1_2022,C1,2022,ha,"Human toxicity, cancer - organics",Pt,4.0,,0.0,1 ha worked,,centrifugal_spreader_singlescore_13.json,0.0,1.0,,0.0,1 ha worked,,combine_harvester_singlescore_16.json,0.0,3.0,,0.0,1 ha worked,,disk_harrow_singlescore_11.json,0.0,1.0,,0.0,1 ha worked,,laser_leveler_singlescore_12.json,0.0,1.0,,0.0,1 ha worked,,rotary_tiller_singlescore_14.json,0.0,0.0,,0.0,1 ha worked,,seeder_singlescore_17.json,0.0,5.1615853659,,0.0,1 ha worked,,sprayer_singlescore_15.json,0.0,0.0
C1_2022,C1,2022,ha,"Human toxicity, non-cancer",Pt,4.0,,5.2352599999999984e-12,1 ha worked,,centrifugal_spreader_singlescore_13.json,2.0941039999999994e-11,1.0,,3.0240399999999995e-11,1 ha worked,,combine_harvester_singlescore_16.json,3.0240399999999995e-11,3.0,,7.796079999999999e-12,1 ha worked,,disk_harrow_singlescore_11.json,2.3388239999999995e-11,1.0,,1.748e-11,1 ha worked,,laser_leveler_singlescore_12.json,1.748e-11,1.0,,1.1973799999999998e-11,1 ha worked,,rotary_tiller_singlescore_14.json,1.1973799999999998e-11,0.0,,9.351799999999999e-12,1 ha worked,,seeder_singlescore_17.json,0.0,5.1615853659,,1.1099799999999999e-12,1 ha worked,,sprayer_singlescore_15.json,5.729256524441681e-12,1.0975273652444166e-10
C1_2022,C1,2022,ha,"Human toxicity, non-cancer - inorganics",Pt,4.0,,0.0,1 ha worked,,centrifugal_spreader_singlescore_13.json,0.0,1.0,,0.0,1 ha worked,,combine_harvester_singlescore_16.json,0.0,3.0,,0.0,1 ha worked,,disk_harrow_singlescore_11.json,0.0,1.0,,0.0,1 ha worked,,laser_leveler_singlescore_12.json,0.0,1.0,,0.0,1 ha worked,,rotary_tiller_singlescore_14.json,0.0,0.0,,0.0,1 ha worked,,seeder_singlescore_17.json,0.0,5.1615853659,,0.0,1 ha worked,,sprayer_singlescore_15.json,0.0,0.0
C1_2022,C1,2022,ha,"Human toxicity, non-cancer - metals",Pt,4.0,,0.0,1 ha worked,,centrifugal_spreader_singlescore_13.json,0.0,1.0,,0.0,1 ha worked,,combine_harvester_singlescore_16.json,0.0,3.0,,0.0,1 ha worked,,disk_harrow_singlescore_11.json,0.0,1.0,,0.0,1 ha worked,,laser_leveler_singlescore_12.json,0.0,1.0,,0.0,1 ha worked,,rotary_tiller_singlescore_14.json,0.0,0.0,,0.0,1 ha worked,,seeder_singlescore_17.json,0.0,5.1615853659,,0.0,1 ha worked,,sprayer_singlescore_15.json,0.0,0.0
C1_2022,C1,2022,ha,"Human toxicity, non-cancer - organics",Pt,4.0,,0.0,1 ha worked,,centrifugal_spreader_singlescore_13.json,0.0,1.0,,0.0,1 ha worked,,combine_harvester_singlescore_16.json,0.0,3.0,,0.0,1 ha worked,,disk_harrow_singlescore_11.json,0.0,1.0,,0.0,1 ha worked,,laser_leveler_singlescore_12.json,0.0,1.0,,0.0,1 ha worked,,rotary_tiller_singlescore_14.json,0.0,0.0,,0.0,1 ha worked,,seeder_singlescore_17.json,0.0,5.1615853659,,0.0,1 ha worked,,sprayer_singlescore_15.json,0.0,0.0
C1_2022,C1,2022,ha,Ionising radiation,Pt,4.0,,362.9200000000001,1 ha worked,,centrifugal_spreader_singlescore_13.json,1451.6800000000003,1.0,,2213.39,1 ha worked,,combine_harvester_singlescore_16.json,2213.39,3.0,,267.96999999999997,1 ha worked,,disk_harrow_singlescore_11.json,803.9099999999999,1.0,,1664.79,1 ha worked,,laser_leveler_singlescore_12.json,1664.79,1.0,,911.52,1 ha worked,,rotary_tiller_singlescore_14.json,911.52,0.0,,369.25,1 ha worked,,seeder_singlescore_17.json,0.0,5.1615853659,,24.264999999999997,1 ha worked,,sprayer_singlescore_15.json,125.24586890356348,7170.535868903563
C1_2022,C1,2022,ha,Land use,Pt,4.0,,16120529.999999998,1 ha worked,,centrifugal_spreader_singlescore_13.json,64482119.99999999,1.0,,88815540.0,1 ha worked,,combine_harvester_singlescore_16.json,88815540.0,3.0,,15266940.0,1 ha worked,,disk_harrow_singlescore_11.json,45800820.0,1.0,,71172090.0,1 ha worked,,laser_leveler_singlescore_12.json,71172090.0,1.0,,46409100.0,1 ha worked,,rotary_tiller_singlescore_14.json,46409100.0,0.0,,18753450.0,1 ha worked,,seeder_singlescore_17.json,0.0,5.1615853659,,11114430.0,1 ha worked,,sprayer_singlescore_15.json,57368079.23831993,374047749.23831993
C1_2022,C1,2022,ha,Ozone depletion,Pt,4.0,,7.3408e-09,1 ha worked,,centrifugal_spreader_singlescore_13.json,2.93632e-08,1.0,,4.4843999999999994e-08,1 ha worked,,combine_harvester_singlescore_16.json,4.4843999999999994e-08,3.0,,6.1716e-09,1 ha worked,,disk_harrow_singlescore_11.json,1.85148e-08,1.0,,3.1524e-08,1 ha worked,,laser_leveler_singlescore_12.json,3.1524e-08,1.0,,1.47556e-08,1 ha worked,,rotary_tiller_singlescore_14.json,1.47556e-08,0.0,,5.209600000000001e-09,1 ha worked,,seeder_singlescore_17.json,0.0,5.1615853659,,4.765600000000001e-10,1 ha worked,,sprayer_singlescore_15.json,2.459805121973304e-09,1.414614051219733e-07
C1_2022,C1,2022,ha,Particulate matter,Pt,4.0,,5.4204899999999996e-11,1 ha worked,,centrifugal_spreader_singlescore_13.json,2.1681959999999998e-10,1.0,,3.4657700000000003e-10,1 ha worked,,combine_harvester_singlescore_16.json,3.4657700000000003e-10,3.0,,4.00589e-11,1 ha worked,,disk_harrow_singlescore_11.json,1.201767e-10,1.0,,2.3533799999999997e-10,1 ha worked,,laser_leveler_singlescore_12.json,2.3533799999999997e-10,1.0,,1.7875400000000004e-10,1 ha worked,,rotary_tiller_singlescore_14.json,1.7875400000000004e-10,0.0,,9.130600000000001e-11,1 ha worked,,seeder_singlescore_17.json,0.0,5.1615853659,,7.844600000000002e-12,1 ha worked,,sprayer_singlescore_15.json,4.0490572561339144e-11,1.138155872561339e-09
C1_2022,C1,2022,ha,Photochemical ozone formation,Pt,4.0,,0.5917,1 ha worked,,centrifugal_spreader_singlescore_13.json,2.3668,1.0,,4.268,1 ha worked,,combine_harvester_singlescore_16.json,4.268,3.0,,0.48305999999999993,1 ha worked,,disk_harrow_singlescore_11.json,1.4491799999999997,1.0,,2.5802,1 ha worked,,laser_leveler_singlescore_12.json,2.5802,1.0,,1.2998,1 ha worked,,rotary_tiller_singlescore_14.json,1.2998,0.0,,0.20757999999999996,1 ha worked,,seeder_singlescore_17.json,0.0,5.1615853659,,0.037635999999999996,1 ha worked,,sprayer_singlescore_15.json,0.19426142683101236,12.158241426831012
C1_2022,C1,2022,ha,"Resource use, fossils",Pt,4.0,,1940138.9999999998,1 ha worked,,centrifugal_spreader_singlescore_13.json,7760555.999999999,1.0,,11808458.1,1 ha worked,,combine_harvester_singlescore_16.json,11808458.1,3.0,,1486788.3,1 ha worked,,disk_harrow_singlescore_11.json,4460364.9,1.0,,8854809.6,1 ha worked,,laser_leveler_singlescore_12.json,8854809.6,1.0,,4686307.2,1 ha worked,,rotary_tiller_singlescore_14.json,4686307.2,0.0,,1833385.2000000002,1 ha worked,,seeder_singlescore_17.json,0.0,5.1615853659,,127767.9,1 ha worked,,sprayer_singlescore_15.json,659484.9228717745,38229980.72287178
C1_2022,C1,2022,ha,"Resource use, minerals and metals",Pt,4.0,,1.5072e-06,1 ha worked,,centrifugal_spreader_singlescore_13.json,6.0288e-06,1.0,,1.2384e-05,1 ha worked,,combine_harvester_singlescore_16.json,1.2384e-05,3.0,,6.095999999999998e-07,1 ha worked,,disk_harrow_singlescore_11.json,1.8287999999999995e-06,1.0,,4.4015999999999995e-06,1 ha worked,,laser_leveler_singlescore_12.json,4.4015999999999995e-06,1.0,,2.976e-06,1 ha worked,,rotary_tiller_singlescore_14.json,2.976e-06,0.0,,1.7759999999999998e-06,1 ha worked,,seeder_singlescore_17.json,0.0,5.1615853659,,1.3968e-07,1 ha worked,,sprayer_singlescore_15.json,7.209702439089119e-07,2.834017024390891e-05
C1_2022,C1,2022,ha,Total,Pt,4.0,,18203540.602892786,1 ha worked,,centrifugal_spreader_singlescore_13.json,72814162.41157115,1.0,,101551998.37990059,1 ha worked,,combine_harvester_singlescore_16.json,101551998.37990059,3.0,,16844590.994255494,1 ha worked,,disk_harrow_singlescore_11.json,50533772.98276648,1.0,,80616648.64674218,1 ha worked,,laser_leveler_singlescore_12.json,80616648.64674218,1.0,,51483431.65711595,1 ha worked,,rotary_tiller_singlescore_14.json,51483431.65711595,0.0,,20774237.986285694,1 ha worked,,seeder_singlescore_17.json,0.0,5.1615853659,,11253191.91303122,1 ha worked,,sprayer_singlescore_15.json,58084310.69796617,415084324.7760625
C1_2022,C1,2022,ha,Water use,Pt,4.0,,2065.69,1 ha worked,,centrifugal_spreader_singlescore_13.json,8262.76,1.0,,12531.2,1 ha worked,,combine_harvester_singlescore_16.json,12531.2,3.0,,837.045,1 ha worked,,disk_harrow_singlescore_11.json,2511.1349999999998,1.0,,7773.259999999999,1 ha worked,,laser_leveler_singlescore_12.json,7773.259999999999,1.0,,6275.389999999999,1 ha worked,,rotary_tiller_singlescore_14.json,6275.389999999999,0.0,,3367.76,1 ha worked,,seeder_singlescore_17.json,0.0,5.1615853659,,230.065,1 ha worked,,sprayer_singlescore_15.json,1187.5001372057834,38541.24513720578
C1_2023,C1,2023,ha,Acidification,Pt,3.0,,0.8703199999999999,1 ha worked,,centrifugal_spreader_singlescore_13.json,2.6109599999999995,1.0,,6.1575999999999995,1 ha worked,,combine_harvester_singlescore_16.json,6.1575999999999995,3.0,,0.6948799999999999,1 ha worked,,disk_harrow_singlescore_11.json,2.08464,1.0,,3.784,1 ha worked,,laser_leveler_singlescore_12.json,3.784,1.0,,1.95048,1 ha worked,,rotary_tiller_singlescore_14.json,1.95048,0.0,,0.39904,1 ha worked,,seeder_singlescore_17.json,0.0,5.7336849044,,0.057448000000000006,1 ha worked,,sprayer_singlescore_15.json,0.32938873038797123,16.91706873038797
C1_2023,C1,2023,ha,Climate change,Pt,3.0,,47577.59999999999,1 ha worked,,centrifugal_spreader_singlescore_13.json,142732.8,1.0,,293625.3,1 ha worked,,combine_harvester_singlescore_16.json,293625.3,3.0,,36196.5,1 ha worked,,disk_harrow_singlescore_11.json,108589.5,1.0,,219798.59999999998,1 ha worked,,laser_leveler_singlescore_12.json,219798.59999999998,1.0,,123280.5,1 ha worked,,rotary_tiller_singlescore_14.json,123280.5,0.0,,50037.9,1 ha worked,,seeder_singlescore_17.json,0.0,5.7336849044,,3416.1000000000004,1 ha worked,,sprayer_singlescore_15.json,19586.841001920842,907613.5410019208
C1_2023,C1,2023,ha,Climate change - Biogenic,Pt,3.0,,0.0,1 ha worked,,centrifugal_spreader_singlescore_13.json,0.0,1.0,,0.0,1 ha worked,,combine_harvester_singlescore_16.json,0.0,3.0,,0.0,1 ha worked,,disk_harrow_singlescore_11.json,0.0,1.0,,0.0,1 ha worked,,laser_leveler_singlescore_12.json,0.0,1.0,,0.0,1 ha worked,,rotary_tiller_singlescore_14.json,0.0,0.0,,0.0,1 ha worked,,seeder_singlescore_17.json,0.0,5.7336849044,,0.0,1 ha worked,,sprayer_singlescore_15.json,0.0,0.0
C1_2023,C1,2023,ha,Climate change - Fossil,Pt,3.0,,0.0,1 ha worked,,centrifugal_spreader_singlescore_13.json,0.0,1.0,,0.0,1 ha worked,,combine_harvester_singlescore_16.json,0.0,3.0,,0.0,1 ha worked,,disk_harrow_singlescore_11.json,0.0,1.0,,0.0,1 ha worked,,laser_leveler_singlescore_12.json,0.0,1.0,,0.0,1 ha worked,,rotary_tiller_singlescore_14.json,0.0,0.0,,0.0,1 ha worked,,seeder_singlescore_17.json,0.0,5.7336849044,,0.0,1 ha worked,,sprayer_singlescore_15.json,0.0,0.0
C1_2023,C1,2023,ha,Climate change - Land use and LU change,Pt,3.0,,0.0,1 ha worked,,centrifugal_spreader_singlescore_13.json,0.0,1.0,,0.0,1 ha worked,,combine_harvester_singlescore_16.json,0.0,3.0,,0.0,1 ha worked,,disk_harrow_singlescore_11.json,0.0,1.0,,0.0,1 ha worked,,laser_leveler_singlescore_12.json,0.0,1.0,,0.0,1 ha worked,,rotary_tiller_singlescore_14.json,0.0,0.0,,0.0,1 ha worked,,seeder_singlescore_17.json,0.0,5.7336849044,,0.0,1 ha worked,,sprayer_singlescore_15.json,0.0,0.0
C1_2023,C1,2023,ha,"Ecotoxicity, freshwater",Pt,3.0,,92856.62000000001,1 ha worked,,centrifugal_spreader_singlescore_13.json,278569.86000000004,1.0,,619566.99,1 ha worked,,combine_harvester_singlescore_16.json,619566.99,3.0,,53553.84,1 ha worked,,disk_harrow_singlescore_11.json,160661.52,1.0,,360473.73,1 ha worked,,laser_leveler_singlescore_12.json,360473.73,1.0,,257538.30999999997,1 ha worked,,rotary_tiller_singlescore_14.json,257538.30999999997,0.0,,133625.82,1 ha worked,,seeder_singlescore_17.json,0.0,5.7336849044,,7323.02,1 ha worked,,sprayer_singlescore_15.json,41987.889228619286,1718798.2992286193
C1_2023,C1,2023,ha,"Ecotoxicity, freshwater - inorganics",Pt,3.0,,0.0,1 ha worked,,centrifugal_spreader_singlescore_13.json,0.0,1.0,,0.0,1 ha worked,,combine_harvester_singlescore_16.json,0.0,3.0,,0.0,1 ha worked,,disk_harrow_singlescore_11.json,0.0,1.0,,0.0,1 ha worked,,laser_leveler_singlescore_12.json,0.0,1.0,,0.0,1 ha worked,,rotary_tiller_singlescore_14.json,0.0,0.0,,0.0,1 ha worked,,seeder_singlescore_17.json,0.0,5.7336849044,,0.0,1 ha worked,,sprayer_singlescore_15.json,0.0,0.0
C1_2023,C1,2023,ha,"Ecotoxicity, freshwater - metals",Pt,3.0,,0.0,1 ha worked,,centrifugal_spreader_singlescore_13.json,0.0,1.0,,0.0,1 ha worked,,combine_harvester_singlescore_16.json,0.0,3.0,,0.0,1 ha worked,,disk_harrow_singlescore_11.json,0.0,1.0,,0.0,1 ha worked,,laser_leveler_singlescore_12.json,0.0,1.0,,0.0,1 ha worked,,rotary_tiller_singlescore_14.json,0.0,0.0,,0.0,1 ha worked,,seeder_singlescore_17.json,0.0,5.7336849044,,0.0,1 ha worked,,sprayer_singlescore_15.json,0.0,0.0
C1_2023,C1,2023,ha,"Ecotoxicity, freshwater - organics",Pt,3.0,,0.0,1 ha worked,,centrifugal_spreader_singlescore_13.json,0.0,1.0,,0.0,1 ha worked,,combine_harvester_singlescore_16.json,0.0,3.0,,0.0,1 ha worked,,disk_harrow_singlescore_11.json,0.0,1.0,,0.0,1 ha worked,,laser_leveler_singlescore_12.json,0.0,1.0,,0.0,1 ha worked,,rotary_tiller_singlescore_14.json,0.0,0.0,,0.0,1 ha worked,,seeder_singlescore_17.json,0.0,5.7336849044,,0.0,1 ha worked,,sprayer_singlescore_15.json,0.0,0.0
C1_2023,C1,2023,ha,"Eutrophication, freshwater",Pt,3.0,,7.1276e-05,1 ha worked,,centrifugal_spreader_singlescore_13.json,0.000213828,1.0,,0.00048615999999999997,1 ha worked,,combine_harvester_singlescore_16.json,0.00048615999999999997,3.0,,3.0076e-05,1 ha worked,,disk_harrow_singlescore_11.json,9.0228e-05,1.0,,0.00026574,1 ha worked,,laser_leveler_singlescore_12.json,0.00026574,1.0,,0.00023895999999999998,1 ha worked,,rotary_tiller_singlescore_14.json,0.00023895999999999998,0.0,,0.00014111,1 ha worked,,seeder_singlescore_17.json,0.0,5.7336849044,,5.6032e-06,1 ha worked,,sprayer_singlescore_15.json,3.212698325633408e-05,0.0013270429832563338
C1_2023,C1,2023,ha,"Eutrophication, marine",Pt,3.0,,0.08380000000000001,1 ha worked,,centrifugal_spreader_singlescore_13.json,0.25140000000000007,1.0,,0.610902,1 ha worked,,combine_harvester_singlescore_16.json,0.610902,3.0,,0.0708948,1 ha worked,,disk_harrow_singlescore_11.json,0.2126844,1.0,,0.37207199999999996,1 ha worked,,laser_leveler_singlescore_12.json,0.37207199999999996,1.0,,0.17849399999999999,1 ha worked,,rotary_tiller_singlescore_14.json,0.17849399999999999,0.0,,0.017262800000000002,1 ha worked,,seeder_singlescore_17.json,0.0,5.7336849044,,0.005413480000000001,1 ha worked,,sprayer_singlescore_15.json,0.031039188556271316,1.6565915885562712
C1_2023,C1,2023,ha,"Eutrophication, terrestrial",Pt,3.0,,7.227,1 ha worked,,centrifugal_spreader_singlescore_13.json,21.681,1.0,,52.3629,1 ha worked,,combine_harvester_singlescore_16.json,52.3629,3.0,,6.09039,1 ha worked,,disk_harrow_singlescore_11.json,18.27117,1.0,,31.9302,1 ha worked,,laser_leveler_singlescore_12.json,31.9302,1.0,,15.308100000000001,1 ha worked,,rotary_tiller_singlescore_14.json,15.308100000000001,0.0,,1.43226,1 ha worked,,seeder_singlescore_17.json,0.0,5.7336849044,,0.46252800000000005,1 ha worked,,sprayer_singlescore_15.json,2.6519898114623235,142.20535981146233
C1_2023,C1,2023,ha,"Human toxicity, cancer",Pt,3.0,,1.6072e-14,1 ha worked,,centrifugal_spreader_singlescore_13.json,4.8216e-14,1.0,,1.0988000000000001e-13,1 ha worked,,combine_harvester_singlescore_16.json,1.0988000000000001e-13,3.0,,9.265999999999999e-15,1 ha worked,,disk_harrow_singlescore_11.json,2.7797999999999996e-14,1.0,,8.446e-14,1 ha worked,,laser_leveler_singlescore_12.json,8.446e-14,1.0,,9.348e-14,1 ha worked,,rotary_tiller_singlescore_14.json,9.348e-14,0.0,,4.5428e-14,1 ha worked,,seeder_singlescore_17.json,0.0,5.7336849044,,1.5661999999999999e-15,1 ha worked,,sprayer_singlescore_15.json,8.98009729727128e-15,3.7281409729727136e-13
C1_2023,C1,2023,ha,"Human toxicity, cancer - inorganics",Pt,3.0,,0.0,1 ha worked,,centrifugal_spreader_singlescore_13.json,0.0,1.0,,0.0,1 ha worked,,combine_harvester_singlescore_16.json,0.0,3.0,,0.0,1 ha worked,,disk_harrow_singlescore_11.json,0.0,1.0,,0.0,1 ha worked,,laser_leveler_singlescore_12.json,0.0,1.0,,0.0,1 ha worked,,rotary_tiller_singlescore_14.json,0.0,0.0,,0.0,1 ha worked,,seeder_singlescore_17.json,0.0,5.7336849044,,0.0,1 ha worked,,sprayer_singlescore_15.json,0.0,0.0
C1_2023,C1,2023,ha,"Human toxicity, cancer - metals",Pt,3.0,,0.0,1 ha worked,,centrifugal_spreader_singlescore_13.json,0.0,1.0,,0.0,1 ha worked,,combine_harvester_singlescore_16.json,0.0,3.0,,0.0,1 ha worked,,disk_harrow_singlescore_11.json,0.0,1.0,,0.0,1 ha worked,,laser_leveler_singlescore_12.json,0.0,1.0,,0.0,1 ha worked,,rotary_tiller_singlescore_14.json,0.0,0.0,,0.0,1 ha worked,,seeder_singlescore_17.json,0.0,5.7336849044,,0.0,1 ha worked,,sprayer_singlescore_15.json,0.0,0.0
C1_2023,C1,2023,ha,"Human toxicity, cancer - organics",Pt,3.0,,0.0,1 ha worked,,centrifugal_spreader_singlescore_13.json,0.0,1.0,,0.0,1 ha worked,,combine_harvester_singlescore_16.json,0.0,3.0,,0.0,1 ha worked,,disk_harrow_singlescore_11.json,0.0,1.0,,0.0,1 ha worked,,laser_leveler_singlescore_12.json,0.0,1.0,,0.0,1 ha worked,,rotary_tiller_singlescore_14.json,0.0,0.0,,0.0,1 ha worked,,seeder_singlescore_17.json,0.0,5.7336849044,,0.0,1 ha worked,,sprayer_singlescore_15.json,0.0,0.0
C1_2023,C1,2023,ha,"Human toxicity, non-cancer",Pt,3.0,,5.2352599999999984e-12,1 ha worked,,centrifugal_spreader_singlescore_13.json,1.5705779999999997e-11,1.0,,3.0240399999999995e-11,1 ha worked,,combine_harvester_singlescore_16.json,3.0240399999999995e-11,3.0,,7.796079999999999e-12,1 ha worked,,disk_harrow_singlescore_11.json,2.3388239999999995e-11,1.0,,1.748e-11,1 ha worked,,laser_leveler_singlescore_12.json,1.748e-11,1.0,,1.1973799999999998e-11,1 ha worked,,rotary_tiller_singlescore_14.json,1.1973799999999998e-11,0.0,,9.351799999999999e-12,1 ha worked,,seeder_singlescore_17.json,0.0,5.7336849044,,1.1099799999999999e-12,1 ha worked,,sprayer_singlescore_15.json,6.3642755701859105e-12,1.0515249557018589e-10
C1_2023,C1,2023,ha,"Human toxicity, non-cancer - inorganics",Pt,3.0,,0.0,1 ha worked,,centrifugal_spreader_singlescore_13.json,0.0,1.0,,0.0,1 ha worked,,combine_harvester_singlescore_16.json,0.0,3.0,,0.0,1 ha worked,,disk_harrow_singlescore_11.json,0.0,1.0,,0.0,1 ha worked,,laser_leveler_singlescore_12.json,0.0,1.0,,0.0,1 ha worked,,rotary_tiller_singlescore_14.json,0.0,0.0,,0.0,1 ha worked,,seeder_singlescore_17.json,0.0,5.7336849044,,0.0,1 ha worked,,sprayer_singlescore_15.json,0.0,0.0
C1_2023,C1,2023,ha,"Human toxicity, non-cancer - metals",Pt,3.0,,0.0,1 ha worked,,centrifugal_spreader_singlescore_13.json,0.0,1.0,,0.0,1 ha worked,,combine_harvester_singlescore_16.json,0.0,3.0,,0.0,1 ha worked,,disk_harrow_singlescore_11.json,0.0,1.0,,0.0,1 ha worked,,laser_leveler_singlescore_12.json,0.0,1.0,,0.0,1 ha worked,,rotary_tiller_singlescore_14.json,0.0,0.0,,0.0,1 ha worked,,seeder_singlescore_17.json,0.0,5.7336849044,,0.0,1 ha worked,,sprayer_singlescore_15.json,0.0,0.0
C1_2023,C1,2023,ha,"Human toxicity, non-cancer - organics",Pt,3.0,,0.0,1 ha worked,,centrifugal_spreader_singlescore_13.json,0.0,1.0,,0.0,1 ha worked,,combine_harvester_singlescore_16.json,0.0,3.0,,0.0,1 ha worked,,disk_harrow_singlescore_11.json,0.0,1.0,,0.0,1 ha worked,,laser_leveler_singlescore_12.json,0.0,1.0,,0.0,1 ha worked,,rotary_tiller_singlescore_14.json,0.0,0.0,,0.0,1 ha worked,,seeder_singlescore_17.json,0.0,5.7336849044,,0.0,1 ha worked,,sprayer_singlescore_15.json,0.0,0.0
C1_2023,C1,2023,ha,Ionising radiation,Pt,3.0,,362.9200000000001,1 ha worked,,centrifugal_spreader_singlescore_13.json,1088.7600000000002,1.0,,2213.39,1 ha worked,,combine_harvester_singlescore_16.json,2213.39,3.0,,267.96999999999997,1 ha worked,,disk_harrow_singlescore_11.json,803.9099999999999,1.0,,1664.79,1 ha worked,,laser_leveler_singlescore_12.json,1664.79,1.0,,911.52,1 ha worked,,rotary_tiller_singlescore_14.json,911.52,0.0,,369.25,1 ha worked,,seeder_singlescore_17.json,0.0,5.7336849044,,24.264999999999997,1 ha worked,,sprayer_singlescore_15.json,139.12786420526598,6821.497864205265
C1_2023,C1,2023,ha,Land use,Pt,3.0,,16120529.999999998,1 ha worked,,centrifugal_spreader_singlescore_13.json,48361589.99999999,1.0,,88815540.0,1 ha worked,,combine_harvester_singlescore_16.json,88815540.0,3.0,,15266940.0,1 ha worked,,disk_harrow_singlescore_11.json,45800820.0,1.0,,71172090.0,1 ha worked,,laser_leveler_singlescore_12.json,71172090.0,1.0,,46409100.0,1 ha worked,,rotary_tiller_singlescore_14.json,46409100.0,0.0,,18753450.0,1 ha worked,,seeder_singlescore_17.json,0.0,5.7336849044,,11114430.0,1 ha worked,,sprayer_singlescore_15.json,63726639.512010485,364285779.51201046
C1_2023,C1,2023,ha,Ozone depletion,Pt,3.0,,7.3408e-09,1 ha worked,,centrifugal_spreader_singlescore_13.json,2.20224e-08,1.0,,4.4843999999999994e-08,1 ha worked,,combine_harvester_singlescore_16.json,4.4843999999999994e-08,3.0,,6.1716e-09,1 ha worked,,disk_harrow_singlescore_11.json,1.85148e-08,1.0,,3.1524e-08,1 ha worked,,laser_leveler_singlescore_12.json,3.1524e-08,1.0,,1.47556e-08,1 ha worked,,rotary_tiller_singlescore_14.json,1.47556e-08,0.0,,5.209600000000001e-09,1 ha worked,,seeder_singlescore_17.json,0.0,5.7336849044,,4.765600000000001e-10,1 ha worked,,sprayer_singlescore_15.json,2.732444878040864e-09,1.3439324487804085e-07
C1_2023,C1,2023,ha,Particulate matter,Pt,3.0,,5.4204899999999996e-11,1 ha worked,,centrifugal_spreader_singlescore_13.json,1.626147e-10,1.0,,3.4657700000000003e-10,1 ha worked,,combine_harvester_singlescore_16.json,3.4657700000000003e-10,3.0,,4.00589e-11,1 ha worked,,disk_harrow_singlescore_11.json,1.201767e-10,1.0,,2.3533799999999997e-10,1 ha worked,,laser_leveler_singlescore_12.json,2.3533799999999997e-10,1.0,,1.7875400000000004e-10,1 ha worked,,rotary_tiller_singlescore_14.json,1.7875400000000004e-10,0.0,,9.130600000000001e-11,1 ha worked,,seeder_singlescore_17.json,0.0,5.7336849044,,7.844600000000002e-12,1 ha worked,,sprayer_singlescore_15.json,4.4978464601056247e-11,1.0884388646010562e-09
C1_2023,C1,2023,ha,Photochemical ozone formation,Pt,3.0,,0.5917,1 ha worked,,centrifugal_spreader_singlescore_13.json,1.7751000000000001,1.0,,4.268,1 ha worked,,combine_harvester_singlescore_16.json,4.268,3.0,,0.48305999999999993,1 ha worked,,disk_harrow_singlescore_11.json,1.4491799999999997,1.0,,2.5802,1 ha worked,,laser_leveler_singlescore_12.json,2.5802,1.0,,1.2998,1 ha worked,,rotary_tiller_singlescore_14.json,1.2998,0.0,,0.20757999999999996,1 ha worked,,seeder_singlescore_17.json,0.0,5.7336849044,,0.037635999999999996,1 ha worked,,sprayer_singlescore_15.json,0.21579296506199835,11.588072965061997
C1_2023,C1,2023,ha,"Resource use, fossils",Pt,3.0,,1940138.9999999998,1 ha worked,,centrifugal_spreader_singlescore_13.json,5820416.999999999,1.0,,11808458.1,1 ha worked,,combine_harvester_singlescore_16.json,11808458.1,3.0,,1486788.3,1 ha worked,,disk_harrow_singlescore_11.json,4460364.9,1.0,,8854809.6,1 ha worked,,laser_leveler_singlescore_12.json,8854809.6,1.0,,4686307.2,1 ha worked,,rotary_tiller_singlescore_14.json,4686307.2,0.0,,1833385.2000000002,1 ha worked,,seeder_singlescore_17.json,0.0,5.7336849044,,127767.9,1 ha worked,,sprayer_singlescore_15.json,732580.8794968887,36362937.67949689
C1_2023,C1,2023,ha,"Resource use, minerals and metals",Pt,3.0,,1.5072e-06,1 ha worked,,centrifugal_spreader_singlescore_13.json,4.5216e-06,1.0,,1.2384e-05,1 ha worked,,combine_harvester_singlescore_16.json,1.2384e-05,3.0,,6.095999999999998e-07,1 ha worked,,disk_harrow_singlescore_11.json,1.8287999999999995e-06,1.0,,4.4015999999999995e-06,1 ha worked,,laser_leveler_singlescore_12.json,4.4015999999999995e-06,1.0,,2.976e-06,1 ha worked,,rotary_tiller_singlescore_14.json,2.976e-06,0.0,,1.7759999999999998e-06,1 ha worked,,seeder_singlescore_17.json,0.0,5.7336849044,,1.3968e-07,1 ha worked,,sprayer_singlescore_15.json,8.008811074465919e-07,2.691288110744659e-05
C1_2023,C1,2023,ha,Total,Pt,3.0,,18203540.602892786,1 ha worked,,centrifugal_spreader_singlescore_13.json,54610621.80867836,1.0,,101551998.37990059,1 ha worked,,combine_harvester_singlescore_16.json,101551998.37990059,3.0,,16844590.994255494,1 ha worked,,disk_harrow_singlescore_11.json,50533772.98276648,1.0,,80616648.64674218,1 ha worked,,laser_leveler_singlescore_12.json,80616648.64674218,1.0,,51483431.65711595,1 ha worked,,rotary_tiller_singlescore_14.json,51483431.65711595,0.0,,20774237.986285694,1 ha worked,,seeder_singlescore_17.json,0.0,5.7336849044,,11253191.91303122,1 ha worked,,sprayer_singlescore_15.json,64522256.59806326,403318730.07326686
C1_2023,C1,2023,ha,Water use,Pt,3.0,,2065.69,1 ha worked,,centrifugal_spreader_singlescore_13.json,6197.07,1.0,,12531.2,1 ha worked,,combine_harvester_singlescore_16.json,12531.2,3.0,,837.045,1 ha worked,,disk_harrow_singlescore_11.json,2511.1349999999998,1.0,,7773.259999999999,1 ha worked,,laser_leveler_singlescore_12.json,7773.259999999999,1.0,,6275.389999999999,1 ha worked,,rotary_tiller_singlescore_14.json,6275.389999999999,0.0,,3367.76,1 ha worked,,seeder_singlescore_17.json,0.0,5.7336849044,,230.065,1 ha worked,,sprayer_singlescore_15.json,1319.1202175307858,36607.17521753078
C1_2024,C1,2024,ha,Acidification,Pt,3.0,,0.8703199999999999,1 ha worked,,centrifugal_spreader_singlescore_13.json,2.6109599999999995,1.0,,6.1575999999999995,1 ha worked,,combine_harvester_singlescore_16.json,6.1575999999999995,6.0,,0.6948799999999999,1 ha worked,,disk_harrow_singlescore_11.json,4.16928,1.0,,3.784,1 ha worked,,laser_leveler_singlescore_12.json,3.784,1.0,,1.95048,1 ha worked,,rotary_tiller_singlescore_14.json,1.95048,0.0,,0.39904,1 ha worked,,seeder_singlescore_17.json,0.0,5.3287189629,,0.057448000000000006,1 ha worked,,sprayer_singlescore_15.json,0.30612424698067925,18.978444246980676
C1_2024,C1,2024,ha,Climate change,Pt,3.0,,47577.59999999999,1 ha worked,,centrifugal_spreader_singlescore_13.json,142732.8,1.0,,293625.3,1 ha worked,,combine_harvester_singlescore_16.json,293625.3,6.0,,36196.5,1 ha worked,,disk_harrow_singlescore_11.json,217179.0,1.0,,219798.59999999998,1 ha worked,,laser_leveler_singlescore_12.json,219798.59999999998,1.0,,123280.5,1 ha worked,,rotary_tiller_singlescore_14.json,123280.5,0.0,,50037.9,1 ha worked,,seeder_singlescore_17.json,0.0,5.3287189629,,3416.1000000000004,1 ha worked,,sprayer_singlescore_15.json,18203.436849162692,1014819.6368491626
C1_2024,C1,2024,ha,Climate change - Biogenic,Pt,3.0,,0.0,1 ha worked,,centrifugal_spreader_singlescore_13.json,0.0,1.0,,0.0,1 ha worked,,combine_harvester_singlescore_16.json,0.0,6.0,,0.0,1 ha worked,,disk_harrow_singlescore_11.json,0.0,1.0,,0.0,1 ha worked,,laser_leveler_singlescore_12.json,0.0,1.0,,0.0,1 ha worked,,rotary_tiller_singlescore_14.json,0.0,0.0,,0.0,1 ha worked,,seeder_singlescore_17.json,0.0,5.3287189629,,0.0,1 ha worked,,sprayer_singlescore_15.json,0.0,0.0
C1_2024,C1,2024,ha,Climate change - Fossil,Pt,3.0,,0.0,1 ha worked,,centrifugal_spreader_singlescore_13.json,0.0,1.0,,0.0,1 ha worked,,combine_harvester_singlescore_16.json,0.0,6.0,,0.0,1 ha worked,,disk_harrow_singlescore_11.json,0.0,1.0,,0.0,1 ha worked,,laser_leveler_singlescore_12.json,0.0,1.0,,0.0,1 ha worked,,rotary_tiller_singlescore_14.json,0.0,0.0,,0.0,1 ha worked,,seeder_singlescore_17.json,0.0,5.3287189629,,0.0,1 ha worked,,sprayer_singlescore_15.json,0.0,0.0
C1_2024,C1,2024,ha,Climate change - Land use and LU change,Pt,3.0,,0.0,1 ha worked,,centrifugal_spreader_singlescore_13.json,0.0,1.0,,0.0,1 ha worked,,combine_harvester_singlescore_16.json,0.0,6.0,,0.0,1 ha worked,,disk_harrow_singlescore_11.json,0.0,1.0,,0.0,1 ha worked,,laser_leveler_singlescore_12.json,0.0,1.0,,0.0,1 ha worked,,rotary_tiller_singlescore_14.json,0.0,0.0,,0.0,1 ha worked,,seeder_singlescore_17.json,0.0,5.3287189629,,0.0,1 ha worked,,sprayer_singlescore_15.json,0.0,0.0
C1_2024,C1,2024,ha,"Ecotoxicity, freshwater",Pt,3.0,,92856.62000000001,1 ha worked,,centrifugal_spreader_singlescore_13.json,278569.86000000004,1.0,,619566.99,1 ha worked,,combine_harvester_singlescore_16.json,619566.99,6.0,,53553.84,1 ha worked,,disk_harrow_singlescore_11.json,321323.04,1.0,,360473.73,1 ha worked,,laser_leveler_singlescore_12.json,360473.73,1.0,,257538.30999999997,1 ha worked,,rotary_tiller_singlescore_14.json,257538.30999999997,0.0,,133625.82,1 ha worked,,seeder_singlescore_17.json,0.0,5.3287189629,,7323.02,1 ha worked,,sprayer_singlescore_15.json,39022.31553969596,1876494.2455396962
C1_2024,C1,2024,ha,"Ecotoxicity, freshwater - inorganics",Pt,3.0,,0.0,1 ha worked,,centrifugal_spreader_singlescore_13.json,0.0,1.0,,0.0,1 ha worked,,combine_harvester_singlescore_16.json,0.0,6.0,,0.0,1 ha worked,,disk_harrow_singlescore_11.json,0.0,1.0,,0.0,1 ha worked,,laser_leveler_singlescore_12.json,0.0,1.0,,0.0,1 ha worked,,rotary_tiller_singlescore_14.json,0.0,0.0,,0.0,1 ha worked,,seeder_singlescore_17.json,0.0,5.3287189629,,0.0,1 ha worked,,sprayer_singlescore_15.json,0.0,0.0
C1_2024,C1,2024,ha,"Ecotoxicity, freshwater - metals",Pt,3.0,,0.0,1 ha worked,,centrifugal_spreader_singlescore_13.json,0.0,1.0,,0.0,1 ha worked,,combine_harvester_singlescore_16.json,0.0,6.0,,0.0,1 ha worked,,disk_harrow_singlescore_11.json,0.0,1.0,,0.0,1 ha worked,,laser_leveler_singlescore_12.json,0.0,1.0,,0.0,1 ha worked,,rotary_tiller_singlescore_14.json,0.0,0.0,,0.0,1 ha worked,,seeder_singlescore_17.json,0.0,5.3287189629,,0.0,1 ha worked,,sprayer_singlescore_15.json,0.0,0.0
C1_2024,C1,2024,ha,"Ecotoxicity, freshwater - organics",Pt,3.0,,0.0,1 ha worked,,centrifugal_spreader_singlescore_13.json,0.0,1.0,,0.0,1 ha worked,,combine_harvester_singlescore_16.json,0.0,6.0,,0.0,1 ha worked,,disk_harrow_singlescore_11.json,0.0,1.0,,0.0,1 ha worked,,laser_leveler_singlescore_12.json,0.0,1.0,,0.0,1 ha worked,,rotary_tiller_singlescore_14.json,0.0,0.0,,0.0,1 ha worked,,seeder_singlescore_17.json,0.0,5.3287189629,,0.0,1 ha worked,,sprayer_singlescore_15.json,0.0,0.0
C1_2024,C1,2024,ha,"Eutrophication, freshwater",Pt,3.0,,7.1276e-05,1 ha worked,,centrifugal_spreader_singlescore_13.json,0.000213828,1.0,,0.00048615999999999997,1 ha worked,,combine_harvester_singlescore_16.json,0.00048615999999999997,6.0,,3.0076e-05,1 ha worked,,disk_harrow_singlescore_11.json,0.000180456,1.0,,0.00026574,1 ha worked,,laser_leveler_singlescore_12.json,0.00026574,1.0,,0.00023895999999999998,1 ha worked,,rotary_tiller_singlescore_14.json,0.00023895999999999998,0.0,,0.00014111,1 ha worked,,seeder_singlescore_17.json,0.0,5.3287189629,,5.6032e-06,1 ha worked,,sprayer_singlescore_15.json,2.985787809292128e-05,0.0014150018780929212
C1_2024,C1,2024,ha,"Eutrophication, marine",Pt,3.0,,0.08380000000000001,1 ha worked,,centrifugal_spreader_singlescore_13.json,0.25140000000000007,1.0,,0.610902,1 ha worked,,combine_harvester_singlescore_16.json,0.610902,6.0,,0.0708948,1 ha worked,,disk_harrow_singlescore_11.json,0.4253688,1.0,,0.37207199999999996,1 ha worked,,laser_leveler_singlescore_12.json,0.37207199999999996,1.0,,0.17849399999999999,1 ha worked,,rotary_tiller_singlescore_14.json,0.17849399999999999,0.0,,0.017262800000000002,1 ha worked,,seeder_singlescore_17.json,0.0,5.3287189629,,0.005413480000000001,1 ha worked,,sprayer_singlescore_15.json,0.028846913531279897,1.8670837135312797
C1_2024,C1,2024,ha,"Eutrophication, terrestrial",Pt,3.0,,7.227,1 ha worked,,centrifugal_spreader_singlescore_13.json,21.681,1.0,,52.3629,1 ha worked,,combine_harvester_singlescore_16.json,52.3629,6.0,,6.09039,1 ha worked,,disk_harrow_singlescore_11.json,36.54234,1.0,,31.9302,1 ha worked,,laser_leveler_singlescore_12.json,31.9302,1.0,,15.308100000000001,1 ha worked,,rotary_tiller_singlescore_14.json,15.308100000000001,0.0,,1.43226,1 ha worked,,seeder_singlescore_17.json,0.0,5.3287189629,,0.46252800000000005,1 ha worked,,sprayer_singlescore_15.json,2.4646817244722117,160.28922172447218
C1_2024,C1,2024,ha,"Human toxicity, cancer",Pt,3.0,,1.6072e-14,1 ha worked,,centrifugal_spreader_singlescore_13.json,4.8216e-14,1.0,,1.0988000000000001e-13,1 ha worked,,combine_harvester_singlescore_16.json,1.0988000000000001e-13,6.0,,9.265999999999999e-15,1 ha worked,,disk_harrow_singlescore_11.json,5.559599999999999e-14,1.0,,8.446e-14,1 ha worked,,laser_leveler_singlescore_12.json,8.446e-14,1.0,,9.348e-14,1 ha worked,,rotary_tiller_singlescore_14.json,9.348e-14,0.0,,4.5428e-14,1 ha worked,,seeder_singlescore_17.json,0.0,5.3287189629,,1.5661999999999999e-15,1 ha worked,,sprayer_singlescore_15.json,8.345839639693979e-15,3.9997783963969404e-13
C1_2024,C1,2024,ha,"Human toxicity, cancer - inorganics",Pt,3.0,,0.0,1 ha worked,,centrifugal_spreader_singlescore_13.json,0.0,1.0,,0.0,1 ha worked,,combine_harvester_singlescore_16.json,0.0,6.0,,0.0,1 ha worked,,disk_harrow_singlescore_11.json,0.0,1.0,,0.0,1 ha worked,,laser_leveler_singlescore_12.json,0.0,1.0,,0.0,1 ha worked,,rotary_tiller_singlescore_14.json,0.0,0.0,,0.0,1 ha worked,,seeder_singlescore_17.json,0.0,5.3287189629,,0.0,1 ha worked,,sprayer_singlescore_15.json,0.0,0.0
C1_2024,C1,2024,ha,"Human toxicity, cancer - metals",Pt,3.0,,0.0,1 ha worked,,centrifugal_spreader_singlescore_13.json,0.0,1.0,,0.0,1 ha worked,,combine_harvester_singlescore_16.json,0.0,6.0,,0.0,1 ha worked,,disk_harrow_singlescore_11.json,0.0,1.0,,0.0,1 ha worked,,laser_leveler_singlescore_12.json,0.0,1.0,,0.0,1 ha worked,,rotary_tiller_singlescore_14.json,0.0,0.0,,0.0,1 ha worked,,seeder_singlescore_17.json,0.0,5.3287189629,,0.0,1 ha worked,,sprayer_singlescore_15.json,0.0,0.0
C1_2024,C1,2024,ha,"Human toxicity, cancer - organics",Pt,3.0,,0.0,1 ha worked,,centrifugal_spreader_singlescore_13.json,0.0,1.0,,0.0,1 ha worked,,combine_harvester_singlescore_16.json,0.0,6.0,,0.0,1 ha worked,,disk_harrow_singlescore_11.json,0.0,1.0,,0.0,1 ha worked,,laser_leveler_singlescore_12.json,0.0,1.0,,0.0,1 ha worked,,rotary_tiller_singlescore_14.json,0.0,0.0,,0.0,1 ha worked,,seeder_singlescore_17.json,0.0,5.3287189629,,0.0,1 ha worked,,sprayer_singlescore_15.json,0.0,0.0
C1_2024,C1,2024,ha,"Human toxicity, non-cancer",Pt,3.0,,5.2352599999999984e-12,1 ha worked,,centrifugal_spreader_singlescore_13.json,1.5705779999999997e-11,1.0,,3.0240399999999995e-11,1 ha worked,,combine_harvester_singlescore_16.json,3.0240399999999995e-11,6.0,,7.796079999999999e-12,1 ha worked,,disk_harrow_singlescore_11.json,4.677647999999999e-11,1.0,,1.748e-11,1 ha worked,,laser_leveler_singlescore_12.json,1.748e-11,1.0,,1.1973799999999998e-11,1 ha worked,,rotary_tiller_singlescore_14.json,1.1973799999999998e-11,0.0,,9.351799999999999e-12,1 ha worked,,seeder_singlescore_17.json,0.0,5.3287189629,,1.1099799999999999e-12,1 ha worked,,sprayer_singlescore_15.json,5.914771474439741e-12,1.2809123147443972e-10
C1_2024,C1,2024,ha,"Human toxicity, non-cancer - inorganics",Pt,3.0,,0.0,1 ha worked,,centrifugal_spreader_singlescore_13.json,0.0,1.0,,0.0,1 ha worked,,combine_harvester_singlescore_16.json,0.0,6.0,,0.0,1 ha worked,,disk_harrow_singlescore_11.json,0.0,1.0,,0.0,1 ha worked,,laser_leveler_singlescore_12.json,0.0,1.0,,0.0,1 ha worked,,rotary_tiller_singlescore_14.json,0.0,0.0,,0.0,1 ha worked,,seeder_singlescore_17.json,0.0,5.3287189629,,0.0,1 ha worked,,sprayer_singlescore_15.json,0.0,0.0
C1_2024,C1,2024,ha,"Human toxicity, non-cancer - metals",Pt,3.0,,0.0,1 ha worked,,centrifugal_spreader_singlescore_13.json,0.0,1.0,,0.0,1 ha worked,,combine_harvester_singlescore_16.json,0.0,6.0,,0.0,1 ha worked,,disk_harrow_singlescore_11.json,0.0,1.0,,0.0,1 ha worked,,laser_leveler_singlescore_12.json,0.0,1.0,,0.0,1 ha worked,,rotary_tiller_singlescore_14.json,0.0,0.0,,0.0,1 ha worked,,seeder_singlescore_17.json,0.0,5.3287189629,,0.0,1 ha worked,,sprayer_singlescore_15.json,0.0,0.0
C1_2024,C1,2024,ha,"Human toxicity, non-cancer - organics",Pt,3.0,,0.0,1 ha worked,,centrifugal_spreader_singlescore_13.json,0.0,1.0,,0.0,1 ha worked,,combine_harvester_singlescore_16.json,0.0,6.0,,0.0,1 ha worked,,disk_harrow_singlescore_11.json,0.0,1.0,,0.0,1 ha worked,,laser_leveler_singlescore_12.json,0.0,1.0,,0.0,1 ha worked,,rotary_tiller_singlescore_14.json,0.0,0.0,,0.0,1 ha worked,,seeder_singlescore_17.json,0.0,5.3287189629,,0.0,1 ha worked,,sprayer_singlescore_15.json,0.0,0.0
C1_2024,C1,2024,ha,Ionising radiation,Pt,3.0,,362.9200000000001,1 ha worked,,centrifugal_spreader_singlescore_13.json,1088.7600000000002,1.0,,2213.39,1 ha worked,,combine_harvester_singlescore_16.json,2213.39,6.0,,267.96999999999997,1 ha worked,,disk_harrow_singlescore_11.json,1607.8199999999997,1.0,,1664.79,1 ha worked,,laser_leveler_singlescore_12.json,1664.79,1.0,,911.52,1 ha worked,,rotary_tiller_singlescore_14.json,911.52,0.0,,369.25,1 ha worked,,seeder_singlescore_17.json,0.0,5.3287189629,,24.264999999999997,1 ha worked,,sprayer_singlescore_15.json,129.30136563476847,7615.581365634767
C1_2024,C1,2024,ha,Land use,Pt,3.0,,16120529.999999998,1 ha worked,,centrifugal_spreader_singlescore_13.json,48361589.99999999,1.0,,88815540.0,1 ha worked,,combine_harvester_singlescore_16.json,88815540.0,6.0,,15266940.0,1 ha worked,,disk_harrow_singlescore_11.json,91601640.0,1.0,,71172090.0,1 ha worked,,laser_leveler_singlescore_12.json,71172090.0,1.0,,46409100.0,1 ha worked,,rotary_tiller_singlescore_14.json,46409100.0,0.0,,18753450.0,1 ha worked,,seeder_singlescore_17.json,0.0,5.3287189629,,11114430.0,1 ha worked,,sprayer_singlescore_15.json,59225673.90282465,405585633.90282464
C1_2024,C1,2024,ha,Ozone depletion,Pt,3.0,,7.3408e-09,1 ha worked,,centrifugal_spreader_singlescore_13.json,2.20224e-08,1.0,,4.4843999999999994e-08,1 ha worked,,combine_harvester_singlescore_16.json,4.4843999999999994e-08,6.0,,6.1716e-09,1 ha worked,,disk_harrow_singlescore_11.json,3.70296e-08,1.0,,3.1524e-08,1 ha worked,,laser_leveler_singlescore_12.json,3.1524e-08,1.0,,1.47556e-08,1 ha worked,,rotary_tiller_singlescore_14.json,1.47556e-08,0.0,,5.209600000000001e-09,1 ha worked,,seeder_singlescore_17.json,0.0,5.3287189629,,4.765600000000001e-10,1 ha worked,,sprayer_singlescore_15.json,2.5394543089596243e-09,1.5271505430895962e-07
C1_2024,C1,2024,ha,Particulate matter,Pt,3.0,,5.4204899999999996e-11,1 ha worked,,centrifugal_spreader_singlescore_13.json,1.626147e-10,1.0,,3.4657700000000003e-10,1 ha worked,,combine_harvester_singlescore_16.json,3.4657700000000003e-10,6.0,,4.00589e-11,1 ha worked,,disk_harrow_singlescore_11.json,2.403534e-10,1.0,,2.3533799999999997e-10,1 ha worked,,laser_leveler_singlescore_12.json,2.3533799999999997e-10,1.0,,1.7875400000000004e-10,1 ha worked,,rotary_tiller_singlescore_14.json,1.7875400000000004e-10,0.0,,9.130600000000001e-11,1 ha worked,,seeder_singlescore_17.json,0.0,5.3287189629,,7.844600000000002e-12,1 ha worked,,sprayer_singlescore_15.json,4.180166877636535e-11,1.2054387687763654e-09
C1_2024,C1,2024,ha,Photochemical ozone formation,Pt,3.0,,0.5917,1 ha worked,,centrifugal_spreader_singlescore_13.json,1.7751000000000001,1.0,,4.268,1 ha worked,,combine_harvester_singlescore_16.json,4.268,6.0,,0.48305999999999993,1 ha worked,,disk_harrow_singlescore_11.json,2.8983599999999994,1.0,,2.5802,1 ha worked,,laser_leveler_singlescore_12.json,2.5802,1.0,,1.2998,1 ha worked,,rotary_tiller_singlescore_14.json,1.2998,0.0,,0.20757999999999996,1 ha worked,,seeder_singlescore_17.json,0.0,5.3287189629,,0.037635999999999996,1 ha worked,,sprayer_singlescore_15.json,0.20055166688770437,13.022011666887703
C1_2024,C1,2024,ha,"Resource use, fossils",Pt,3.0,,1940138.9999999998,1 ha worked,,centrifugal_spreader_singlescore_13.json,5820416.999999999,1.0,,11808458.1,1 ha worked,,combine_harvester_singlescore_16.json,11808458.1,6.0,,1486788.3,1 ha worked,,disk_harrow_singlescore_11.json,8920729.8,1.0,,8854809.6,1 ha worked,,laser_leveler_singlescore_12.json,8854809.6,1.0,,4686307.2,1 ha worked,,rotary_tiller_singlescore_14.json,4686307.2,0.0,,1833385.2000000002,1 ha worked,,seeder_singlescore_17.json,0.0,5.3287189629,,127767.9,1 ha worked,,sprayer_singlescore_15.json,680839.2315799108,40771560.93157991
C1_2024,C1,2024,ha,"Resource use, minerals and metals",Pt,3.0,,1.5072e-06,1 ha worked,,centrifugal_spreader_singlescore_13.json,4.5216e-06,1.0,,1.2384e-05,1 ha worked,,combine_harvester_singlescore_16.json,1.2384e-05,6.0,,6.095999999999998e-07,1 ha worked,,disk_harrow_singlescore_11.json,3.657599999999999e-06,1.0,,4.4015999999999995e-06,1 ha worked,,laser_leveler_singlescore_12.json,4.4015999999999995e-06,1.0,,2.976e-06,1 ha worked,,rotary_tiller_singlescore_14.json,2.976e-06,0.0,,1.7759999999999998e-06,1 ha worked,,seeder_singlescore_17.json,0.0,5.3287189629,,1.3968e-07,1 ha worked,,sprayer_singlescore_15.json,7.44315464737872e-07,2.868511546473787e-05
C1_2024,C1,2024,ha,Total,Pt,3.0,,18203540.602892786,1 ha worked,,centrifugal_spreader_singlescore_13.json,54610621.80867836,1.0,,101551998.37990059,1 ha worked,,combine_harvester_singlescore_16.json,101551998.37990059,6.0,,16844590.994255494,1 ha worked,,disk_harrow_singlescore_11.json,101067545.96553296,1.0,,80616648.64674218,1 ha worked,,laser_leveler_singlescore_12.json,80616648.64674218,1.0,,51483431.65711595,1 ha worked,,rotary_tiller_singlescore_14.json,51483431.65711595,0.0,,20774237.986285694,1 ha worked,,seeder_singlescore_17.json,0.0,5.3287189629,,11253191.91303122,1 ha worked,,sprayer_singlescore_15.json,59965097.14012239,449295343.59809244
C1_2024,C1,2024,ha,Water use,Pt,3.0,,2065.69,1 ha worked,,centrifugal_spreader_singlescore_13.json,6197.07,1.0,,12531.2,1 ha worked,,combine_harvester_singlescore_16.json,12531.2,6.0,,837.045,1 ha worked,,disk_harrow_singlescore_11.json,5022.2699999999995,1.0,,7773.259999999999,1 ha worked,,laser_leveler_singlescore_12.json,7773.259999999999,1.0,,6275.389999999999,1 ha worked,,rotary_tiller_singlescore_14.json,6275.389999999999,0.0,,3367.76,1 ha worked,,seeder_singlescore_17.json,0.0,5.3287189629,,230.065,1 ha worked,,sprayer_singlescore_15.json,1225.9517281995884,39025.14172819959
C2_2022,C2,2022,ha,Acidification,Pt,3.0,,0.8703199999999999,1 ha worked,,centrifugal_spreader_singlescore_13.json,2.6109599999999995,1.0,,6.1575999999999995,1 ha worked,,combine_harvester_singlescore_16.json,6.1575999999999995,2.0,,0.6948799999999999,1 ha worked,,disk_harrow_singlescore_11.json,1.3897599999999999,1.0,,3.784,1 ha worked,,laser_leveler_singlescore_12.json,3.784,1.0,,1.95048,1 ha worked,,rotary_tiller_singlescore_14.json,1.95048,0.0,,0.39904,1 ha worked,,seeder_singlescore_17.json,0.0,4.2244568145,,0.057448000000000006,1 ha worked,,sprayer_singlescore_15.json,0.24268659507939602,16.135486595079396
C2_2022,C2,2022,ha,Climate change,Pt,3.0,,47577.59999999999,1 ha worked,,centrifugal_spreader_singlescore_13.json,142732.8,1.0,,293625.3,1 ha worked,,combine_harvester_singlescore_16.json,293625.3,2.0,,36196.5,1 ha worked,,disk_harrow_singlescore_11.json,72393.0,1.0,,219798.59999999998,1 ha worked,,laser_leveler_singlescore_12.json,219798.59999999998,1.0,,123280.5,1 ha worked,,rotary_tiller_singlescore_14.json,123280.5,0.0,,50037.9,1 ha worked,,seeder_singlescore_17.json,0.0,4.2244568145,,3416.1000000000004,1 ha worked,,sprayer_singlescore_15.json,14431.16692401345,866261.3669240134
C2_2022,C2,2022,ha,Climate change - Biogenic,Pt,3.0,,0.0,1 ha worked,,centrifugal_spreader_singlescore_13.json,0.0,1.0,,0.0,1 ha worked,,combine_harvester_singlescore_16.json,0.0,2.0,,0.0,1 ha worked,,disk_harrow_singlescore_11.json,0.0,1.0,,0.0,1 ha worked,,laser_leveler_singlescore_12.json,0.0,1.0,,0.0,1 ha worked,,rotary_tiller_singlescore_14.json,0.0,0.0,,0.0,1 ha worked,,seeder_singlescore_17.json,0.0,4.2244568145,,0.0,1 ha worked,,sprayer_singlescore_15.json,0.0,0.0
C2_2022,C2,2022,ha,Climate change - Fossil,Pt,3.0,,0.0,1 ha worked,,centrifugal_spreader_singlescore_13.json,0.0,1.0,,0.0,1 ha worked,,combine_harvester_singlescore_16.json,0.0,2.0,,0.0,1 ha worked,,disk_harrow_singlescore_11.json,0.0,1.0,,0.0,1 ha worked,,laser_leveler_singlescore_12.json,0.0,1.0,,0.0,1 ha worked,,rotary_tiller_singlescore_14.json,0.0,0.0,,0.0,1 ha worked,,seeder_singlescore_17.json,0.0,4.2244568145,,0.0,1 ha worked,,sprayer_singlescore_15.json,0.0,0.0
C2_2022,C2,2022,ha,Climate change - Land use and LU change,Pt,3.0,,0.0,1 ha worked,,centrifugal_spreader_singlescore_13.json,0.0,1.0,,0.0,1 ha worked,,combine_harvester_singlescore_16.json,0.0,2.0,,0.0,1 ha worked,,disk_harrow_singlescore_11.json,0.0,1.0,,0.0,1 ha worked,,laser_leveler_singlescore_12.json,0.0,1.0,,0.0,1 ha worked,,rotary_tiller_singlescore_14.json,0.0,0.0,,0.0,1 ha worked,,seeder_singlescore_17.json,0.0,4.2244568145,,0.0,1 ha worked,,sprayer_singlescore_15.json,0.0,0.0
C2_2022,C2,2022,ha,"Ecotoxicity, freshwater",Pt,3.0,,92856.62000000001,1 ha worked,,centrifugal_spreader_singlescore_13.json,278569.86000000004,1.0,,619566.99,1 ha worked,,combine_harvester_singlescore_16.json,619566.99,2.0,,53553.84,1 ha worked,,disk_harrow_singlescore_11.json,107107.68,1.0,,360473.73,1 ha worked,,laser_leveler_singlescore_12.json,360473.73,1.0,,257538.30999999997,1 ha worked,,rotary_tiller_singlescore_14.json,257538.30999999997,0.0,,133625.82,1 ha worked,,seeder_singlescore_17.json,0.0,4.2244568145,,7323.02,1 ha worked,,sprayer_singlescore_15.json,30935.78174171979,1654192.3517417198
C2_2022,C2,2022,ha,"Ecotoxicity, freshwater - inorganics",Pt,3.0,,0.0,1 ha worked,,centrifugal_spreader_singlescore_13.json,0.0,1.0,,0.0,1 ha worked,,combine_harvester_singlescore_16.json,0.0,2.0,,0.0,1 ha worked,,disk_harrow_singlescore_11.json,0.0,1.0,,0.0,1 ha worked,,laser_leveler_singlescore_12.json,0.0,1.0,,0.0,1 ha worked,,rotary_tiller_singlescore_14.json,0.0,0.0,,0.0,1 ha worked,,seeder_singlescore_17.json,0.0,4.2244568145,,0.0,1 ha worked,,sprayer_singlescore_15.json,0.0,0.0
C2_2022,C2,2022,ha,"Ecotoxicity, freshwater - metals",Pt,3.0,,0.0,1 ha worked,,centrifugal_spreader_singlescore_13.json,0.0,1.0,,0.0,1 ha worked,,combine_harvester_singlescore_16.json,0.0,2.0,,0.0,1 ha worked,,disk_harrow_singlescore_11.json,0.0,1.0,,0.0,1 ha worked,,laser_leveler_singlescore_12.json,0.0,1.0,,0.0,1 ha worked,,rotary_tiller_singlescore_14.json,0.0,0.0,,0.0,1 ha worked,,seeder_singlescore_17.json,0.0,4.2244568145,,0.0,1 ha worked,,sprayer_singlescore_15.json,0.0,0.0
C2_2022,C2,2022,ha,"Ecotoxicity, freshwater - organics",Pt,3.0,,0.0,1 ha worked,,centrifugal_spreader_singlescore_13.json,0.0,1.0,,0.0,1 ha worked,,combine_harvester_singlescore_16.json,0.0,2.0,,0.0,1 ha worked,,disk_harrow_singlescore_11.json,0.0,1.0,,0.0,1 ha worked,,laser_leveler_singlescore_12.json,0.0,1.0,,0.0,1 ha worked,,rotary_tiller_singlescore_14.json,0.0,0.0,,0.0,1 ha worked,,seeder_singlescore_17.json,0.0,4.2244568145,,0.0,1 ha worked,,sprayer_singlescore_15.json,0.0,0.0
C2_2022,C2,2022,ha,"Eutrophication, freshwater",Pt,3.0,,7.1276e-05,1 ha worked,,centrifugal_spreader_singlescore_13.json,0.000213828,1.0,,0.00048615999999999997,1 ha worked,,combine_harvester_singlescore_16.json,0.00048615999999999997,2.0,,3.0076e-05,1 ha worked,,disk_harrow_singlescore_11.json,6.0152e-05,1.0,,0.00026574,1 ha worked,,laser_leveler_singlescore_12.json,0.00026574,1.0,,0.00023895999999999998,1 ha worked,,rotary_tiller_singlescore_14.json,0.00023895999999999998,0.0,,0.00014111,1 ha worked,,seeder_singlescore_17.json,0.0,4.2244568145,,5.6032e-06,1 ha worked,,sprayer_singlescore_15.json,2.3670476423006398e-05,0.0012885104764230062
C2_2022,C2,2022,ha,"Eutrophication, marine",Pt,3.0,,0.08380000000000001,1 ha worked,,centrifugal_spreader_singlescore_13.json,0.25140000000000007,1.0,,0.610902,1 ha worked,,combine_harvester_singlescore_16.json,0.610902,2.0,,0.0708948,1 ha worked,,disk_harrow_singlescore_11.json,0.1417896,1.0,,0.37207199999999996,1 ha worked,,laser_leveler_singlescore_12.json,0.37207199999999996,1.0,,0.17849399999999999,1 ha worked,,rotary_tiller_singlescore_14.json,0.17849399999999999,0.0,,0.017262800000000002,1 ha worked,,seeder_singlescore_17.json,0.0,4.2244568145,,0.005413480000000001,1 ha worked,,sprayer_singlescore_15.json,0.022869012476159464,1.5775266124761593
C2_2022,C2,2022,ha,"Eutrophication, terrestrial",Pt,3.0,,7.227,1 ha worked,,centrifugal_spreader_singlescore_13.json,21.681,1.0,,52.3629,1 ha worked,,combine_harvester_singlescore_16.json,52.3629,2.0,,6.09039,1 ha worked,,disk_harrow_singlescore_11.json,12.18078,1.0,,31.9302,1 ha worked,,laser_leveler_singlescore_12.json,31.9302,1.0,,15.308100000000001,1 ha worked,,rotary_tiller_singlescore_14.json,15.308100000000001,0.0,,1.43226,1 ha worked,,seeder_singlescore_17.json,0.0,4.2244568145,,0.46252800000000005,1 ha worked,,sprayer_singlescore_15.json,1.9539295614970562,135.41690956149708
C2_2022,C2,2022,ha,"Human toxicity, cancer",Pt,3.0,,1.6072e-14,1 ha worked,,centrifugal_spreader_singlescore_13.json,4.8216e-14,1.0,,1.0988000000000001e-13,1 ha worked,,combine_harvester_singlescore_16.json,1.0988000000000001e-13,2.0,,9.265999999999999e-15,1 ha worked,,disk_harrow_singlescore_11.json,1.8531999999999997e-14,1.0,,8.446e-14,1 ha worked,,laser_leveler_singlescore_12.json,8.446e-14,1.0,,9.348e-14,1 ha worked,,rotary_tiller_singlescore_14.json,9.348e-14,0.0,,4.5428e-14,1 ha worked,,seeder_singlescore_17.json,0.0,4.2244568145,,1.5661999999999999e-15,1 ha worked,,sprayer_singlescore_15.json,6.6163442628698994e-15,3.611843442628699e-13
C2_2022,C2,2022,ha,"Human toxicity, cancer - inorganics",Pt,3.0,,0.0,1 ha worked,,centrifugal_spreader_singlescore_13.json,0.0,1.0,,0.0,1 ha worked,,combine_harvester_singlescore_16.json,0.0,2.0,,0.0,1 ha worked,,disk_harrow_singlescore_11.json,0.0,1.0,,0.0,1 ha worked,,laser_leveler_singlescore_12.json,0.0,1.0,,0.0,1 ha worked,,rotary_tiller_singlescore_14.json,0.0,0.0,,0.0,1 ha worked,,seeder_singlescore_17.json,0.0,4.2244568145,,0.0,1 ha worked,,sprayer_singlescore_15.json,0.0,0.0
C2_2022,C2,2022,ha,"Human toxicity, cancer - metals",Pt,3.0,,0.0,1 ha worked,,centrifugal_spreader_singlescore_13.json,0.0,1.0,,0.0,1 ha worked,,combine_harvester_singlescore_16.json,0.0,2.0,,0.0,1 ha worked,,disk_harrow_singlescore_11.json,0.0,1.0,,0.0,1 ha worked,,laser_leveler_singlescore_12.json,0.0,1.0,,0.0,1 ha worked,,rotary_tiller_singlescore_14.json,0.0,0.0,,0.0,1 ha worked,,seeder_singlescore_17.json,0.0,4.2244568145,,0.0,1 ha worked,,sprayer_singlescore_15.json,0.0,0.0
C2_2022,C2,2022,ha,"Human toxicity, cancer - organics",Pt,3.0,,0.0,1 ha worked,,centrifugal_spreader_singlescore_13.json,0.0,1.0,,0.0,1 ha worked,,combine_harvester_singlescore_16.json,0.0,2.0,,0.0,1 ha worked,,disk_harrow_singlescore_11.json,0.0,1.0,,0.0,1 ha worked,,laser_leveler_singlescore_12.json,0.0,1.0,,0.0,1 ha worked,,rotary_tiller_singlescore_14.json,0.0,0.0,,0.0,1 ha worked,,seeder_singlescore_17.json,0.0,4.2244568145,,0.0,1 ha worked,,sprayer_singlescore_15.json,0.0,0.0
C2_2022,C2,2022,ha,"Human toxicity, non-cancer",Pt,3.0,,5.2352599999999984e-12,1 ha worked,,centrifugal_spreader_singlescore_13.json,1.5705779999999997e-11,1.0,,3.0240399999999995e-11,1 ha worked,,combine_harvester_singlescore_16.json,3.0240399999999995e-11,2.0,,7.796079999999999e-12,1 ha worked,,disk_harrow_singlescore_11.json,1.5592159999999998e-11,1.0,,1.748e-11,1 ha worked,,laser_leveler_singlescore_12.json,1.748e-11,1.0,,1.1973799999999998e-11,1 ha worked,,rotary_tiller_singlescore_14.json,1.1973799999999998e-11,0.0,,9.351799999999999e-12,1 ha worked,,seeder_singlescore_17.json,0.0,4.2244568145,,1.1099799999999999e-12,1 ha worked,,sprayer_singlescore_15.json,4.689062574958709e-12,9.568120257495869e-11
C2_2022,C2,2022,ha,"Human toxicity, non-cancer - inorganics",Pt,3.0,,0.0,1 ha worked,,centrifugal_spreader_singlescore_13.json,0.0,1.0,,0.0,1 ha worked,,combine_harvester_singlescore_16.json,0.0,2.0,,0.0,1 ha worked,,disk_harrow_singlescore_11.json,0.0,1.0,,0.0,1 ha worked,,laser_leveler_singlescore_12.json,0.0,1.0,,0.0,1 ha worked,,rotary_tiller_singlescore_14.json,0.0,0.0,,0.0,1 ha worked,,seeder_singlescore_17.json,0.0,4.2244568145,,0.0,1 ha worked,,sprayer_singlescore_15.json,0.0,0.0
C2_2022,C2,2022,ha,"Human toxicity, non-cancer - metals",Pt,3.0,,0.0,1 ha worked,,centrifugal_spreader_singlescore_13.json,0.0,1.0,,0.0,1 ha worked,,combine_harvester_singlescore_16.json,0.0,2.0,,0.0,1 ha worked,,disk_harrow_singlescore_11.json,0.0,1.0,,0.0,1 ha worked,,laser_leveler_singlescore_12.json,0.0,1.0,,0.0,1 ha worked,,rotary_tiller_singlescore_14.json,0.0,0.0,,0.0,1 ha worked,,seeder_singlescore_17.json,0.0,4.2244568145,,0.0,1 ha worked,,sprayer_singlescore_15.json,0.0,0.0
C2_2022,C2,2022,ha,"Human toxicity, non-cancer - organics",Pt,3.0,,0.0,1 ha worked,,centrifugal_spreader_singlescore_13.json,0.0,1.0,,0.0,1 ha worked,,combine_harvester_singlescore_16.json,0.0,2.0,,0.0,1 ha worked,,disk_harrow_singlescore_11.json,0.0,1.0,,0.0,1 ha worked,,laser_leveler_singlescore_12.json,0.0,1.0,,0.0,1 ha worked,,rotary_tiller_singlescore_14.json,0.0,0.0,,0.0,1 ha worked,,seeder_singlescore_17.json,0.0,4.2244568145,,0.0,1 ha worked,,sprayer_singlescore_15.json,0.0,0.0
C2_2022,C2,2022,ha,Ionising radiation,Pt,3.0,,362.9200000000001,1 ha worked,,centrifugal_spreader_singlescore_13.json,1088.7600000000002,1.0,,2213.39,1 ha worked,,combine_harvester_singlescore_16.json,2213.39,2.0,,267.96999999999997,1 ha worked,,disk_harrow_singlescore_11.json,535.9399999999999,1.0,,1664.79,1 ha worked,,laser_leveler_singlescore_12.json,1664.79,1.0,,911.52,1 ha worked,,rotary_tiller_singlescore_14.json,911.52,0.0,,369.25,1 ha worked,,seeder_singlescore_17.json,0.0,4.2244568145,,24.264999999999997,1 ha worked,,sprayer_singlescore_15.json,102.50644460384248,6516.906444603842
C2_2022,C2,2022,ha,Land use,Pt,3.0,,16120529.999999998,1 ha worked,,centrifugal_spreader_singlescore_13.json,48361589.99999999,1.0,,88815540.0,1 ha worked,,combine_harvester_singlescore_16.json,88815540.0,2.0,,15266940.0,1 ha worked,,disk_harrow_singlescore_11.json,30533880.0,1.0,,71172090.0,1 ha worked,,laser_leveler_singlescore_12.json,71172090.0,1.0,,46409100.0,1 ha worked,,rotary_tiller_singlescore_14.json,46409100.0,0.0,,18753450.0,1 ha worked,,seeder_singlescore_17.json,0.0,4.2244568145,,11114430.0,1 ha worked,,sprayer_singlescore_15.json,46952429.552783236,332244629.55278325
C2_2022,C2,2022,ha,Ozone depletion,Pt,3.0,,7.3408e-09,1 ha worked,,centrifugal_spreader_singlescore_13.json,2.20224e-08,1.0,,4.4843999999999994e-08,1 ha worked,,combine_harvester_singlescore_16.json,4.4843999999999994e-08,2.0,,6.1716e-09,1 ha worked,,disk_harrow_singlescore_11.json,1.23432e-08,1.0,,3.1524e-08,1 ha worked,,laser_leveler_singlescore_12.json,3.1524e-08,1.0,,1.47556e-08,1 ha worked,,rotary_tiller_singlescore_14.json,1.47556e-08,0.0,,5.209600000000001e-09,1 ha worked,,seeder_singlescore_17.json,0.0,4.2244568145,,4.765600000000001e-10,1 ha worked,,sprayer_singlescore_15.json,2.01320713951812e-09,1.2750240713951813e-07
C2_2022,C2,2022,ha,Particulate matter,Pt,3.0,,5.4204899999999996e-11,1 ha worked,,centrifugal_spreader_singlescore_13.json,1.626147e-10,1.0,,3.4657700000000003e-10,1 ha worked,,combine_harvester_singlescore_16.json,3.4657700000000003e-10,2.0,,4.00589e-11,1 ha worked,,disk_harrow_singlescore_11.json,8.01178e-11,1.0,,2.3533799999999997e-10,1 ha worked,,laser_leveler_singlescore_12.json,2.3533799999999997e-10,1.0,,1.7875400000000004e-10,1 ha worked,,rotary_tiller_singlescore_14.json,1.7875400000000004e-10,0.0,,9.130600000000001e-11,1 ha worked,,seeder_singlescore_17.json,0.0,4.2244568145,,7.844600000000002e-12,1 ha worked,,sprayer_singlescore_15.json,3.3139173927026704e-11,1.0365406739270266e-09
C2_2022,C2,2022,ha,Photochemical ozone formation,Pt,3.0,,0.5917,1 ha worked,,centrifugal_spreader_singlescore_13.json,1.7751000000000001,1.0,,4.268,1 ha worked,,combine_harvester_singlescore_16.json,4.268,2.0,,0.48305999999999993,1 ha worked,,disk_harrow_singlescore_11.json,0.9661199999999999,1.0,,2.5802,1 ha worked,,laser_leveler_singlescore_12.json,2.5802,1.0,,1.2998,1 ha worked,,rotary_tiller_singlescore_14.json,1.2998,0.0,,0.20757999999999996,1 ha worked,,seeder_singlescore_17.json,0.0,4.2244568145,,0.037635999999999996,1 ha worked,,sprayer_singlescore_15.json,0.15899165667052198,11.048211656670523
C2_2022,C2,2022,ha,"Resource use, fossils",Pt,3.0,,1940138.9999999998,1 ha worked,,centrifugal_spreader_singlescore_13.json,5820416.999999999,1.0,,11808458.1,1 ha worked,,combine_harvester_singlescore_16.json,11808458.1,2.0,,1486788.3,1 ha worked,,disk_harrow_singlescore_11.json,2973576.6,1.0,,8854809.6,1 ha worked,,laser_leveler_singlescore_12.json,8854809.6,1.0,,4686307.2,1 ha worked,,rotary_tiller_singlescore_14.json,4686307.2,0.0,,1833385.2000000002,1 ha worked,,seeder_singlescore_17.json,0.0,4.2244568145,,127767.9,1 ha worked,,sprayer_singlescore_15.json,539749.9758293545,34683318.475829355
C2_2022,C2,2022,ha,"Resource use, minerals and metals",Pt,3.0,,1.5072e-06,1 ha worked,,centrifugal_spreader_singlescore_13.json,4.5216e-06,1.0,,1.2384e-05,1 ha worked,,combine_harvester_singlescore_16.json,1.2384e-05,2.0,,6.095999999999998e-07,1 ha worked,,disk_harrow_singlescore_11.json,1.2191999999999997e-06,1.0,,4.4015999999999995e-06,1 ha worked,,laser_leveler_singlescore_12.json,4.4015999999999995e-06,1.0,,2.976e-06,1 ha worked,,rotary_tiller_singlescore_14.json,2.976e-06,0.0,,1.7759999999999998e-06,1 ha worked,,seeder_singlescore_17.json,0.0,4.2244568145,,1.3968e-07,1 ha worked,,sprayer_singlescore_15.json,5.900721278493599e-07,2.609247212784936e-05
C2_2022,C2,2022,ha,Total,Pt,3.0,,18203540.602892786,1 ha worked,,centrifugal_spreader_singlescore_13.json,54610621.80867836,1.0,,101551998.37990059,1 ha worked,,combine_harvester_singlescore_16.json,101551998.37990059,2.0,,16844590.994255494,1 ha worked,,disk_harrow_singlescore_11.json,33689181.98851099,1.0,,80616648.64674218,1 ha worked,,laser_leveler_singlescore_12.json,80616648.64674218,1.0,,51483431.65711595,1 ha worked,,rotary_tiller_singlescore_14.json,51483431.65711595,0.0,,20774237.986285694,1 ha worked,,seeder_singlescore_17.json,0.0,4.2244568145,,11253191.91303122,1 ha worked,,sprayer_singlescore_15.json,47538623.26188103,369490505.74282914
C2_2022,C2,2022,ha,Water use,Pt,3.0,,2065.69,1 ha worked,,centrifugal_spreader_singlescore_13.json,6197.07,1.0,,12531.2,1 ha worked,,combine_harvester_singlescore_16.json,12531.2,2.0,,837.045,1 ha worked,,disk_harrow_singlescore_11.json,1674.09,1.0,,7773.259999999999,1 ha worked,,laser_leveler_singlescore_12.json,7773.259999999999,1.0,,6275.389999999999,1 ha worked,,rotary_tiller_singlescore_14.json,6275.389999999999,0.0,,3367.76,1 ha worked,,seeder_singlescore_17.json,0.0,4.2244568145,,230.065,1 ha worked,,sprayer_singlescore_15.json,971.8996570279425,35422.909657027936
C2_2023,C2,2023,ha,Acidification,Pt,2.9807308393,,0.8703199999999999,1 ha worked,,centrifugal_spreader_singlescore_13.json,2.594189664059576,1.0,,6.1575999999999995,1 ha worked,,combine_harvester_singlescore_16.json,6.1575999999999995,3.0,,0.6948799999999999,1 ha worked,,disk_harrow_singlescore_11.json,2.08464,1.0,,3.784,1 ha worked,,laser_leveler_singlescore_12.json,3.784,1.0,,1.95048,1 ha worked,,rotary_tiller_singlescore_14.json,1.95048,0.0,,0.39904,1 ha worked,,seeder_singlescore_17.json,0.0,5.0136272893,,0.057448000000000006,1 ha worked,,sprayer_singlescore_15.json,0.2880228605157064,16.85893252457528
C2_2023,C2,2023,ha,Climate change,Pt,2.9807308393,,47577.59999999999,1 ha worked,,centrifugal_spreader_singlescore_13.json,141816.01957987965,1.0,,293625.3,1 ha worked,,combine_harvester_singlescore_16.json,293625.3,3.0,,36196.5,1 ha worked,,disk_harrow_singlescore_11.json,108589.5,1.0,,219798.59999999998,1 ha worked,,laser_leveler_singlescore_12.json,219798.59999999998,1.0,,123280.5,1 ha worked,,rotary_tiller_singlescore_14.json,123280.5,0.0,,50037.9,1 ha worked,,seeder_singlescore_17.json,0.0,5.0136272893,,3416.1000000000004,1 ha worked,,sprayer_singlescore_15.json,17127.05218297773,904236.9717628574
C2_2023,C2,2023,ha,Climate change - Biogenic,Pt,2.9807308393,,0.0,1 ha worked,,centrifugal_spreader_singlescore_13.json,0.0,1.0,,0.0,1 ha worked,,combine_harvester_singlescore_16.json,0.0,3.0,,0.0,1 ha worked,,disk_harrow_singlescore_11.json,0.0,1.0,,0.0,1 ha worked,,laser_leveler_singlescore_12.json,0.0,1.0,,0.0,1 ha worked,,rotary_tiller_singlescore_14.json,0.0,0.0,,0.0,1 ha worked,,seeder_singlescore_17.json,0.0,5.0136272893,,0.0,1 ha worked,,sprayer_singlescore_15.json,0.0,0.0
C2_2023,C2,2023,ha,Climate change - Fossil,Pt,2.9807308393,,0.0,1 ha worked,,centrifugal_spreader_singlescore_13.json,0.0,1.0,,0.0,1 ha worked,,combine_harvester_singlescore_16.json,0.0,3.0,,0.0,1 ha worked,,disk_harrow_singlescore_11.json,0.0,1.0,,0.0,1 ha worked,,laser_leveler_singlescore_12.json,0.0,1.0,,0.0,1 ha worked,,rotary_tiller_singlescore_14.json,0.0,0.0,,0.0,1 ha worked,,seeder_singlescore_17.json,0.0,5.0136272893,,0.0,1 ha worked,,sprayer_singlescore_15.json,0.0,0.0
C2_2023,C2,2023,ha,Climate change - Land use and LU change,Pt,2.9807308393,,0.0,1 ha worked,,centrifugal_spreader_singlescore_13.json,0.0,1.0,,0.0,1 ha worked,,combine_harvester_singlescore_16.json,0.0,3.0,,0.0,1 ha worked,,disk_harrow_singlescore_11.json,0.0,1.0,,0.0,1 ha worked,,laser_leveler_singlescore_12.json,0.0,1.0,,0.0,1 ha worked,,rotary_tiller_singlescore_14.json,0.0,0.0,,0.0,1 ha worked,,seeder_singlescore_17.json,0.0,5.0136272893,,0.0,1 ha worked,,sprayer_singlescore_15.json,0.0,0.0
C2_2023,C2,2023,ha,"Ecotoxicity, freshwater",Pt,2.9807308393,,92856.62000000001,1 ha worked,,centrifugal_spreader_singlescore_13.json,276780.5908671612,1.0,,619566.99,1 ha worked,,combine_harvester_singlescore_16.json,619566.99,3.0,,53553.84,1 ha worked,,disk_harrow_singlescore_11.json,160661.52,1.0,,360473.73,1 ha worked,,laser_leveler_singlescore_12.json,360473.73,1.0,,257538.30999999997,1 ha worked,,rotary_tiller_singlescore_14.json,257538.30999999997,0.0,,133625.82,1 ha worked,,seeder_singlescore_17.json,0.0,5.0136272893,,7323.02,1 ha worked,,sprayer_singlescore_15.json,36714.89291208969,1711736.033779251
C2_2023,C2,2023,ha,"Ecotoxicity, freshwater - inorganics",Pt,2.9807308393,,0.0,1 ha worked,,centrifugal_spreader_singlescore_13.json,0.0,1.0,,0.0,1 ha worked,,combine_harvester_singlescore_16.json,0.0,3.0,,0.0,1 ha worked,,disk_harrow_singlescore_11.json,0.0,1.0,,0.0,1 ha worked,,laser_leveler_singlescore_12.json,0.0,1.0,,0.0,1 ha worked,,rotary_tiller_singlescore_14.json,0.0,0.0,,0.0,1 ha worked,,seeder_singlescore_17.json,0.0,5.0136272893,,0.0,1 ha worked,,sprayer_singlescore_15.json,0.0,0.0
C2_2023,C2,2023,ha,"Ecotoxicity, freshwater - metals",Pt,2.9807308393,,0.0,1 ha worked,,centrifugal_spreader_singlescore_13.json,0.0,1.0,,0.0,1 ha worked,,combine_harvester_singlescore_16.json,0.0,3.0,,0.0,1 ha worked,,disk_harrow_singlescore_11.json,0.0,1.0,,0.0,1 ha worked,,laser_leveler_singlescore_12.json,0.0,1.0,,0.0,1 ha worked,,rotary_tiller_singlescore_14.json,0.0,0.0,,0.0,1 ha worked,,seeder_singlescore_17.json,0.0,5.0136272893,,0.0,1 ha worked,,sprayer_singlescore_15.json,0.0,0.0
C2_2023,C2,2023,ha,"Ecotoxicity, freshwater - organics",Pt,2.9807308393,,0.0,1 ha worked,,centrifugal_spreader_singlescore_13.json,0.0,1.0,,0.0,1 ha worked,,combine_harvester_singlescore_16.json,0.0,3.0,,0.0,1 ha worked,,disk_harrow_singlescore_11.json,0.0,1.0,,0.0,1 ha worked,,laser_leveler_singlescore_12.json,0.0,1.0,,0.0,1 ha worked,,rotary_tiller_singlescore_14.json,0.0,0.0,,0.0,1 ha worked,,seeder_singlescore_17.json,0.0,5.0136272893,,0.0,1 ha worked,,sprayer_singlescore_15.json,0.0,0.0
C2_2023,C2,2023,ha,"Eutrophication, freshwater",Pt,2.9807308393,,7.1276e-05,1 ha worked,,centrifugal_spreader_singlescore_13.json,0.0002124545713019468,1.0,,0.00048615999999999997,1 ha worked,,combine_harvester_singlescore_16.json,0.00048615999999999997,3.0,,3.0076e-05,1 ha worked,,disk_harrow_singlescore_11.json,9.0228e-05,1.0,,0.00026574,1 ha worked,,laser_leveler_singlescore_12.json,0.00026574,1.0,,0.00023895999999999998,1 ha worked,,rotary_tiller_singlescore_14.json,0.00023895999999999998,0.0,,0.00014111,1 ha worked,,seeder_singlescore_17.json,0.0,5.0136272893,,5.6032e-06,1 ha worked,,sprayer_singlescore_15.json,2.8092356427405756e-05,0.0013216349277293525
C2_2023,C2,2023,ha,"Eutrophication, marine",Pt,2.9807308393,,0.08380000000000001,1 ha worked,,centrifugal_spreader_singlescore_13.json,0.24978524433334004,1.0,,0.610902,1 ha worked,,combine_harvester_singlescore_16.json,0.610902,3.0,,0.0708948,1 ha worked,,disk_harrow_singlescore_11.json,0.2126844,1.0,,0.37207199999999996,1 ha worked,,laser_leveler_singlescore_12.json,0.37207199999999996,1.0,,0.17849399999999999,1 ha worked,,rotary_tiller_singlescore_14.json,0.17849399999999999,0.0,,0.017262800000000002,1 ha worked,,seeder_singlescore_17.json,0.0,5.0136272893,,0.005413480000000001,1 ha worked,,sprayer_singlescore_15.json,0.027141171058079765,1.6510788153914195
C2_2023,C2,2023,ha,"Eutrophication, terrestrial",Pt,2.9807308393,,7.227,1 ha worked,,centrifugal_spreader_singlescore_13.json,21.5417417756211,1.0,,52.3629,1 ha worked,,combine_harvester_singlescore_16.json,52.3629,3.0,,6.09039,1 ha worked,,disk_harrow_singlescore_11.json,18.27117,1.0,,31.9302,1 ha worked,,laser_leveler_singlescore_12.json,31.9302,1.0,,15.308100000000001,1 ha worked,,rotary_tiller_singlescore_14.json,15.308100000000001,0.0,,1.43226,1 ha worked,,seeder_singlescore_17.json,0.0,5.0136272893,,0.46252800000000005,1 ha worked,,sprayer_singlescore_15.json,2.3189430028653506,141.73305477848646
C2_2023,C2,2023,ha,"Human toxicity, cancer",Pt,2.9807308393,,1.6072e-14,1 ha worked,,centrifugal_spreader_singlescore_13.json,4.79063060492296e-14,1.0,,1.0988000000000001e-13,1 ha worked,,combine_harvester_singlescore_16.json,1.0988000000000001e-13,3.0,,9.265999999999999e-15,1 ha worked,,disk_harrow_singlescore_11.json,2.7797999999999996e-14,1.0,,8.446e-14,1 ha worked,,laser_leveler_singlescore_12.json,8.446e-14,1.0,,9.348e-14,1 ha worked,,rotary_tiller_singlescore_14.json,9.348e-14,0.0,,4.5428e-14,1 ha worked,,seeder_singlescore_17.json,0.0,5.0136272893,,1.5661999999999999e-15,1 ha worked,,sprayer_singlescore_15.json,7.852343060501659e-15,3.7137664910973123e-13
C2_2023,C2,2023,ha,"Human toxicity, cancer - inorganics",Pt,2.9807308393,,0.0,1 ha worked,,centrifugal_spreader_singlescore_13.json,0.0,1.0,,0.0,1 ha worked,,combine_harvester_singlescore_16.json,0.0,3.0,,0.0,1 ha worked,,disk_harrow_singlescore_11.json,0.0,1.0,,0.0,1 ha worked,,laser_leveler_singlescore_12.json,0.0,1.0,,0.0,1 ha worked,,rotary_tiller_singlescore_14.json,0.0,0.0,,0.0,1 ha worked,,seeder_singlescore_17.json,0.0,5.0136272893,,0.0,1 ha worked,,sprayer_singlescore_15.json,0.0,0.0
C2_2023,C2,2023,ha,"Human toxicity, cancer - metals",Pt,2.9807308393,,0.0,1 ha worked,,centrifugal_spreader_singlescore_13.json,0.0,1.0,,0.0,1 ha worked,,combine_harvester_singlescore_16.json,0.0,3.0,,0.0,1 ha worked,,disk_harrow_singlescore_11.json,0.0,1.0,,0.0,1 ha worked,,laser_leveler_singlescore_12.json,0.0,1.0,,0.0,1 ha worked,,rotary_tiller_singlescore_14.json,0.0,0.0,,0.0,1 ha worked,,seeder_singlescore_17.json,0.0,5.0136272893,,0.0,1 ha worked,,sprayer_singlescore_15.json,0.0,0.0
C2_2023,C2,2023,ha,"Human toxicity, cancer - organics",Pt,2.9807308393,,0.0,1 ha worked,,centrifugal_spreader_singlescore_13.json,0.0,1.0,,0.0,1 ha worked,,combine_harvester_singlescore_16.json,0.0,3.0,,0.0,1 ha worked,,disk_harrow_singlescore_11.json,0.0,1.0,,0.0,1 ha worked,,laser_leveler_singlescore_12.json,0.0,1.0,,0.0,1 ha worked,,rotary_tiller_singlescore_14.json,0.0,0.0,,0.0,1 ha worked,,seeder_singlescore_17.json,0.0,5.0136272893,,0.0,1 ha worked,,sprayer_singlescore_15.json,0.0,0.0
C2_2023,C2,2023,ha,"Human toxicity, non-cancer",Pt,2.9807308393,,5.2352599999999984e-12,1 ha worked,,centrifugal_spreader_singlescore_13.json,1.5604900933753714e-11,1.0,,3.0240399999999995e-11,1 ha worked,,combine_harvester_singlescore_16.json,3.0240399999999995e-11,3.0,,7.796079999999999e-12,1 ha worked,,disk_harrow_singlescore_11.json,2.3388239999999995e-11,1.0,,1.748e-11,1 ha worked,,laser_leveler_singlescore_12.json,1.748e-11,1.0,,1.1973799999999998e-11,1 ha worked,,rotary_tiller_singlescore_14.json,1.1973799999999998e-11,0.0,,9.351799999999999e-12,1 ha worked,,seeder_singlescore_17.json,0.0,5.0136272893,,1.1099799999999999e-12,1 ha worked,,sprayer_singlescore_15.json,5.565026018577213e-12,1.0425236695233092e-10
C2_2023,C2,2023,ha,"Human toxicity, non-cancer - inorganics",Pt,2.9807308393,,0.0,1 ha worked,,centrifugal_spreader_singlescore_13.json,0.0,1.0,,0.0,1 ha worked,,combine_harvester_singlescore_16.json,0.0,3.0,,0.0,1 ha worked,,disk_harrow_singlescore_11.json,0.0,1.0,,0.0,1 ha worked,,laser_leveler_singlescore_12.json,0.0,1.0,,0.0,1 ha worked,,rotary_tiller_singlescore_14.json,0.0,0.0,,0.0,1 ha worked,,seeder_singlescore_17.json,0.0,5.0136272893,,0.0,1 ha worked,,sprayer_singlescore_15.json,0.0,0.0
C2_2023,C2,2023,ha,"Human toxicity, non-cancer - metals",Pt,2.9807308393,,0.0,1 ha worked,,centrifugal_spreader_singlescore_13.json,0.0,1.0,,0.0,1 ha worked,,combine_harvester_singlescore_16.json,0.0,3.0,,0.0,1 ha worked,,disk_harrow_singlescore_11.json,0.0,1.0,,0.0,1 ha worked,,laser_leveler_singlescore_12.json,0.0,1.0,,0.0,1 ha worked,,rotary_tiller_singlescore_14.json,0.0,0.0,,0.0,1 ha worked,,seeder_singlescore_17.json,0.0,5.0136272893,,0.0,1 ha worked,,sprayer_singlescore_15.json,0.0,0.0
C2_2023,C2,2023,ha,"Human toxicity, non-cancer - organics",Pt,2.9807308393,,0.0,1 ha worked,,centrifugal_spreader_singlescore_13.json,0.0,1.0,,0.0,1 ha worked,,combine_harvester_singlescore_16.json,0.0,3.0,,0.0,1 ha worked,,disk_harrow_singlescore_11.json,0.0,1.0,,0.0,1 ha worked,,laser_leveler_singlescore_12.json,0.0,1.0,,0.0,1 ha worked,,rotary_tiller_singlescore_14.json,0.0,0.0,,0.0,1 ha worked,,seeder_singlescore_17.json,0.0,5.0136272893,,0.0,1 ha worked,,sprayer_singlescore_15.json,0.0,0.0
C2_2023,C2,2023,ha,Ionising radiation,Pt,2.9807308393,,362.9200000000001,1 ha worked,,centrifugal_spreader_singlescore_13.json,1081.7668361987562,1.0,,2213.39,1 ha worked,,combine_harvester_singlescore_16.json,2213.39,3.0,,267.96999999999997,1 ha worked,,disk_harrow_singlescore_11.json,803.9099999999999,1.0,,1664.79,1 ha worked,,laser_leveler_singlescore_12.json,1664.79,1.0,,911.52,1 ha worked,,rotary_tiller_singlescore_14.json,911.52,0.0,,369.25,1 ha worked,,seeder_singlescore_17.json,0.0,5.0136272893,,24.264999999999997,1 ha worked,,sprayer_singlescore_15.json,121.65566617486448,6797.0325023736195
C2_2023,C2,2023,ha,Land use,Pt,2.9807308393,,16120529.999999998,1 ha worked,,centrifugal_spreader_singlescore_13.json,48050960.91686083,1.0,,88815540.0,1 ha worked,,combine_harvester_singlescore_16.json,88815540.0,3.0,,15266940.0,1 ha worked,,disk_harrow_singlescore_11.json,45800820.0,1.0,,71172090.0,1 ha worked,,laser_leveler_singlescore_12.json,71172090.0,1.0,,46409100.0,1 ha worked,,rotary_tiller_singlescore_14.json,46409100.0,0.0,,18753450.0,1 ha worked,,seeder_singlescore_17.json,0.0,5.0136272893,,11114430.0,1 ha worked,,sprayer_singlescore_15.json,55723609.55301459,355972120.4698754
C2_2023,C2,2023,ha,Ozone depletion,Pt,2.9807308393,,7.3408e-09,1 ha worked,,centrifugal_spreader_singlescore_13.json,2.188094894513344e-08,1.0,,4.4843999999999994e-08,1 ha worked,,combine_harvester_singlescore_16.json,4.4843999999999994e-08,3.0,,6.1716e-09,1 ha worked,,disk_harrow_singlescore_11.json,1.85148e-08,1.0,,3.1524e-08,1 ha worked,,laser_leveler_singlescore_12.json,3.1524e-08,1.0,,1.47556e-08,1 ha worked,,rotary_tiller_singlescore_14.json,1.47556e-08,0.0,,5.209600000000001e-09,1 ha worked,,seeder_singlescore_17.json,0.0,5.0136272893,,4.765600000000001e-10,1 ha worked,,sprayer_singlescore_15.json,2.389294220988808e-09,1.3390864316612223e-07
C2_2023,C2,2023,ha,Particulate matter,Pt,2.9807308393,,5.4204899999999996e-11,1 ha worked,,centrifugal_spreader_singlescore_13.json,1.6157021707117257e-10,1.0,,3.4657700000000003e-10,1 ha worked,,combine_harvester_singlescore_16.json,3.4657700000000003e-10,3.0,,4.00589e-11,1 ha worked,,disk_harrow_singlescore_11.json,1.201767e-10,1.0,,2.3533799999999997e-10,1 ha worked,,laser_leveler_singlescore_12.json,2.3533799999999997e-10,1.0,,1.7875400000000004e-10,1 ha worked,,rotary_tiller_singlescore_14.json,1.7875400000000004e-10,0.0,,9.130600000000001e-11,1 ha worked,,seeder_singlescore_17.json,0.0,5.0136272893,,7.844600000000002e-12,1 ha worked,,sprayer_singlescore_15.json,3.932990063364278e-11,1.0817458177048154e-09
C2_2023,C2,2023,ha,Photochemical ozone formation,Pt,2.9807308393,,0.5917,1 ha worked,,centrifugal_spreader_singlescore_13.json,1.76369843761381,1.0,,4.268,1 ha worked,,combine_harvester_singlescore_16.json,4.268,3.0,,0.48305999999999993,1 ha worked,,disk_harrow_singlescore_11.json,1.4491799999999997,1.0,,2.5802,1 ha worked,,laser_leveler_singlescore_12.json,2.5802,1.0,,1.2998,1 ha worked,,rotary_tiller_singlescore_14.json,1.2998,0.0,,0.20757999999999996,1 ha worked,,seeder_singlescore_17.json,0.0,5.0136272893,,0.037635999999999996,1 ha worked,,sprayer_singlescore_15.json,0.18869287666009477,11.549571314273903
C2_2023,C2,2023,ha,"Resource use, fossils",Pt,2.9807308393,,1940138.9999999998,1 ha worked,,centrifugal_spreader_singlescore_13.json,5783032.149828662,1.0,,11808458.1,1 ha worked,,combine_harvester_singlescore_16.json,11808458.1,3.0,,1486788.3,1 ha worked,,disk_harrow_singlescore_11.json,4460364.9,1.0,,8854809.6,1 ha worked,,laser_leveler_singlescore_12.json,8854809.6,1.0,,4686307.2,1 ha worked,,rotary_tiller_singlescore_14.json,4686307.2,0.0,,1833385.2000000002,1 ha worked,,seeder_singlescore_17.json,0.0,5.0136272893,,127767.9,1 ha worked,,sprayer_singlescore_15.json,640580.6301365534,36233552.57996523
C2_2023,C2,2023,ha,"Resource use, minerals and metals",Pt,2.9807308393,,1.5072e-06,1 ha worked,,centrifugal_spreader_singlescore_13.json,4.49255752099296e-06,1.0,,1.2384e-05,1 ha worked,,combine_harvester_singlescore_16.json,1.2384e-05,3.0,,6.095999999999998e-07,1 ha worked,,disk_harrow_singlescore_11.json,1.8287999999999995e-06,1.0,,4.4015999999999995e-06,1 ha worked,,laser_leveler_singlescore_12.json,4.4015999999999995e-06,1.0,,2.976e-06,1 ha worked,,rotary_tiller_singlescore_14.json,2.976e-06,0.0,,1.7759999999999998e-06,1 ha worked,,seeder_singlescore_17.json,0.0,5.0136272893,,1.3968e-07,1 ha worked,,sprayer_singlescore_15.json,7.003034597694239e-07,2.6783260980762382e-05
C2_2023,C2,2023,ha,Total,Pt,2.9807308393,,18203540.602892786,1 ha worked,,centrifugal_spreader_singlescore_13.json,54259854.85949224,1.0,,101551998.37990059,1 ha worked,,combine_harvester_singlescore_16.json,101551998.37990059,3.0,,16844590.994255494,1 ha worked,,disk_harrow_singlescore_11.json,50533772.98276648,1.0,,80616648.64674218,1 ha worked,,laser_leveler_singlescore_12.json,80616648.64674218,1.0,,51483431.65711595,1 ha worked,,rotary_tiller_singlescore_14.json,51483431.65711595,0.0,,20774237.986285694,1 ha worked,,seeder_singlescore_17.json,0.0,5.0136272893,,11253191.91303122,1 ha worked,,sprayer_singlescore_15.json,56419310.0669034,394865016.59292084
C2_2023,C2,2023,ha,Water use,Pt,2.9807308393,,2065.69,1 ha worked,,centrifugal_spreader_singlescore_13.json,6157.2658874336175,1.0,,12531.2,1 ha worked,,combine_harvester_singlescore_16.json,12531.2,3.0,,837.045,1 ha worked,,disk_harrow_singlescore_11.json,2511.1349999999998,1.0,,7773.259999999999,1 ha worked,,laser_leveler_singlescore_12.json,7773.259999999999,1.0,,6275.389999999999,1 ha worked,,rotary_tiller_singlescore_14.json,6275.389999999999,0.0,,3367.76,1 ha worked,,seeder_singlescore_17.json,0.0,5.0136272893,,230.065,1 ha worked,,sprayer_singlescore_15.json,1153.4601623128044,36401.71104974642
C2_2024,C2,2024,ha,Acidification,Pt,3.1100066269,,0.8703199999999999,1 ha worked,,centrifugal_spreader_singlescore_13.json,2.7067009675236076,1.0,,6.1575999999999995,1 ha worked,,combine_harvester_singlescore_16.json,6.1575999999999995,3.0,,0.6948799999999999,1 ha worked,,disk_harrow_singlescore_11.json,2.08464,1.0,,3.784,1 ha worked,,laser_leveler_singlescore_12.json,3.784,1.0,,1.95048,1 ha worked,,rotary_tiller_singlescore_14.json,1.95048,0.0,,0.39904,1 ha worked,,seeder_singlescore_17.json,0.0,3.1863817097,,0.057448000000000006,1 ha worked,,sprayer_singlescore_15.json,0.18305125645884562,16.866472223982452
C2_2024,C2,2024,ha,Climate change,Pt,3.1100066269,,47577.59999999999,1 ha worked,,centrifugal_spreader_singlescore_13.json,147966.65129199743,1.0,,293625.3,1 ha worked,,combine_harvester_singlescore_16.json,293625.3,3.0,,36196.5,1 ha worked,,disk_harrow_singlescore_11.json,108589.5,1.0,,219798.59999999998,1 ha worked,,laser_leveler_singlescore_12.json,219798.59999999998,1.0,,123280.5,1 ha worked,,rotary_tiller_singlescore_14.json,123280.5,0.0,,50037.9,1 ha worked,,seeder_singlescore_17.json,0.0,3.1863817097,,3416.1000000000004,1 ha worked,,sprayer_singlescore_15.json,10884.998558506171,904145.5498505036
C2_2024,C2,2024,ha,Climate change - Biogenic,Pt,3.1100066269,,0.0,1 ha worked,,centrifugal_spreader_singlescore_13.json,0.0,1.0,,0.0,1 ha worked,,combine_harvester_singlescore_16.json,0.0,3.0,,0.0,1 ha worked,,disk_harrow_singlescore_11.json,0.0,1.0,,0.0,1 ha worked,,laser_leveler_singlescore_12.json,0.0,1.0,,0.0,1 ha worked,,rotary_tiller_singlescore_14.json,0.0,0.0,,0.0,1 ha worked,,seeder_singlescore_17.json,0.0,3.1863817097,,0.0,1 ha worked,,sprayer_singlescore_15.json,0.0,0.0
C2_2024,C2,2024,ha,Climate change - Fossil,Pt,3.1100066269,,0.0,1 ha worked,,centrifugal_spreader_singlescore_13.json,0.0,1.0,,0.0,1 ha worked,,combine_harvester_singlescore_16.json,0.0,3.0,,0.0,1 ha worked,,disk_harrow_singlescore_11.json,0.0,1.0,,0.0,1 ha worked,,laser_leveler_singlescore_12.json,0.0,1.0,,0.0,1 ha worked,,rotary_tiller_singlescore_14.json,0.0,0.0,,0.0,1 ha worked,,seeder_singlescore_17.json,0.0,3.1863817097,,0.0,1 ha worked,,sprayer_singlescore_15.json,0.0,0.0
C2_2024,C2,2024,ha,Climate change - Land use and LU change,Pt,3.1100066269,,0.0,1 ha worked,,centrifugal_spreader_singlescore_13.json,0.0,1.0,,0.0,1 ha worked,,combine_harvester_singlescore_16.json,0.0,3.0,,0.0,1 ha worked,,disk_harrow_singlescore_11.json,0.0,1.0,,0.0,1 ha worked,,laser_leveler_singlescore_12.json,0.0,1.0,,0.0,1 ha worked,,rotary_tiller_singlescore_14.json,0.0,0.0,,0.0,1 ha worked,,seeder_singlescore_17.json,0.0,3.1863817097,,0.0,1 ha worked,,sprayer_singlescore_15.json,0.0,0.0
C2_2024,C2,2024,ha,"Ecotoxicity, freshwater",Pt,3.1100066269,,92856.62000000001,1 ha worked,,centrifugal_spreader_singlescore_13.json,288784.70355153515,1.0,,619566.99,1 ha worked,,combine_harvester_singlescore_16.json,619566.99,3.0,,53553.84,1 ha worked,,disk_harrow_singlescore_11.json,160661.52,1.0,,360473.73,1 ha worked,,laser_leveler_singlescore_12.json,360473.73,1.0,,257538.30999999997,1 ha worked,,rotary_tiller_singlescore_14.json,257538.30999999997,0.0,,133625.82,1 ha worked,,seeder_singlescore_17.json,0.0,3.1863817097,,7323.02,1 ha worked,,sprayer_singlescore_15.json,23333.936987767294,1710359.1905393023
C2_2024,C2,2024,ha,"Ecotoxicity, freshwater - inorganics",Pt,3.1100066269,,0.0,1 ha worked,,centrifugal_spreader_singlescore_13.json,0.0,1.0,,0.0,1 ha worked,,combine_harvester_singlescore_16.json,0.0,3.0,,0.0,1 ha worked,,disk_harrow_singlescore_11.json,0.0,1.0,,0.0,1 ha worked,,laser_leveler_singlescore_12.json,0.0,1.0,,0.0,1 ha worked,,rotary_tiller_singlescore_14.json,0.0,0.0,,0.0,1 ha worked,,seeder_singlescore_17.json,0.0,3.1863817097,,0.0,1 ha worked,,sprayer_singlescore_15.json,0.0,0.0
C2_2024,C2,2024,ha,"Ecotoxicity, freshwater - metals",Pt,3.1100066269,,0.0,1 ha worked,,centrifugal_spreader_singlescore_13.json,0.0,1.0,,0.0,1 ha worked,,combine_harvester_singlescore_16.json,0.0,3.0,,0.0,1 ha worked,,disk_harrow_singlescore_11.json,0.0,1.0,,0.0,1 ha worked,,laser_leveler_singlescore_12.json,0.0,1.0,,0.0,1 ha worked,,rotary_tiller_singlescore_14.json,0.0,0.0,,0.0,1 ha worked,,seeder_singlescore_17.json,0.0,3.1863817097,,0.0,1 ha worked,,sprayer_singlescore_15.json,0.0,0.0
C2_2024,C2,2024,ha,"Ecotoxicity, freshwater - organics",Pt,3.1100066269,,0.0,1 ha worked,,centrifugal_spreader_singlescore_13.json,0.0,1.0,,0.0,1 ha worked,,combine_harvester_singlescore_16.json,0.0,3.0,,0.0,1 ha worked,,disk_harrow_singlescore_11.json,0.0,1.0,,0.0,1 ha worked,,laser_leveler_singlescore_12.json,0.0,1.0,,0.0,1 ha worked,,rotary_tiller_singlescore_14.json,0.0,0.0,,0.0,1 ha worked,,seeder_singlescore_17.json,0.0,3.1863817097,,0.0,1 ha worked,,sprayer_singlescore_15.json,0.0,0.0
C2_2024,C2,2024,ha,"Eutrophication, freshwater",Pt,3.1100066269,,7.1276e-05,1 ha worked,,centrifugal_spreader_singlescore_13.json,0.0002216688323389244,1.0,,0.00048615999999999997,1 ha worked,,combine_harvester_singlescore_16.json,0.00048615999999999997,3.0,,3.0076e-05,1 ha worked,,disk_harrow_singlescore_11.json,9.0228e-05,1.0,,0.00026574,1 ha worked,,laser_leveler_singlescore_12.json,0.00026574,1.0,,0.00023895999999999998,1 ha worked,,rotary_tiller_singlescore_14.json,0.00023895999999999998,0.0,,0.00014111,1 ha worked,,seeder_singlescore_17.json,0.0,3.1863817097,,5.6032e-06,1 ha worked,,sprayer_singlescore_15.json,1.785393399579104e-05,0.0013206107663347154
C2_2024,C2,2024,ha,"Eutrophication, marine",Pt,3.1100066269,,0.08380000000000001,1 ha worked,,centrifugal_spreader_singlescore_13.json,0.26061855533422007,1.0,,0.610902,1 ha worked,,combine_harvester_singlescore_16.json,0.610902,3.0,,0.0708948,1 ha worked,,disk_harrow_singlescore_11.json,0.2126844,1.0,,0.37207199999999996,1 ha worked,,laser_leveler_singlescore_12.json,0.37207199999999996,1.0,,0.17849399999999999,1 ha worked,,rotary_tiller_singlescore_14.json,0.17849399999999999,0.0,,0.017262800000000002,1 ha worked,,seeder_singlescore_17.json,0.0,3.1863817097,,0.005413480000000001,1 ha worked,,sprayer_singlescore_15.json,0.01724941365782676,1.6520203689920465
C2_2024,C2,2024,ha,"Eutrophication, terrestrial",Pt,3.1100066269,,7.227,1 ha worked,,centrifugal_spreader_singlescore_13.json,22.4760178926063,1.0,,52.3629,1 ha worked,,combine_harvester_singlescore_16.json,52.3629,3.0,,6.09039,1 ha worked,,disk_harrow_singlescore_11.json,18.27117,1.0,,31.9302,1 ha worked,,laser_leveler_singlescore_12.json,31.9302,1.0,,15.308100000000001,1 ha worked,,rotary_tiller_singlescore_14.json,15.308100000000001,0.0,,1.43226,1 ha worked,,seeder_singlescore_17.json,0.0,3.1863817097,,0.46252800000000005,1 ha worked,,sprayer_singlescore_15.json,1.4737907594241217,141.82217865203043
C2_2024,C2,2024,ha,"Human toxicity, cancer",Pt,3.1100066269,,1.6072e-14,1 ha worked,,centrifugal_spreader_singlescore_13.json,4.9984026507536805e-14,1.0,,1.0988000000000001e-13,1 ha worked,,combine_harvester_singlescore_16.json,1.0988000000000001e-13,3.0,,9.265999999999999e-15,1 ha worked,,disk_harrow_singlescore_11.json,2.7797999999999996e-14,1.0,,8.446e-14,1 ha worked,,laser_leveler_singlescore_12.json,8.446e-14,1.0,,9.348e-14,1 ha worked,,rotary_tiller_singlescore_14.json,9.348e-14,0.0,,4.5428e-14,1 ha worked,,seeder_singlescore_17.json,0.0,3.1863817097,,1.5661999999999999e-15,1 ha worked,,sprayer_singlescore_15.json,4.990511033732139e-15,3.7059253754126895e-13
C2_2024,C2,2024,ha,"Human toxicity, cancer - inorganics",Pt,3.1100066269,,0.0,1 ha worked,,centrifugal_spreader_singlescore_13.json,0.0,1.0,,0.0,1 ha worked,,combine_harvester_singlescore_16.json,0.0,3.0,,0.0,1 ha worked,,disk_harrow_singlescore_11.json,0.0,1.0,,0.0,1 ha worked,,laser_leveler_singlescore_12.json,0.0,1.0,,0.0,1 ha worked,,rotary_tiller_singlescore_14.json,0.0,0.0,,0.0,1 ha worked,,seeder_singlescore_17.json,0.0,3.1863817097,,0.0,1 ha worked,,sprayer_singlescore_15.json,0.0,0.0
C2_2024,C2,2024,ha,"Human toxicity, cancer - metals",Pt,3.1100066269,,0.0,1 ha worked,,centrifugal_spreader_singlescore_13.json,0.0,1.0,,0.0,1 ha worked,,combine_harvester_singlescore_16.json,0.0,3.0,,0.0,1 ha worked,,disk_harrow_singlescore_11.json,0.0,1.0,,0.0,1 ha worked,,laser_leveler_singlescore_12.json,0.0,1.0,,0.0,1 ha worked,,rotary_tiller_singlescore_14.json,0.0,0.0,,0.0,1 ha worked,,seeder_singlescore_17.json,0.0,3.1863817097,,0.0,1 ha worked,,sprayer_singlescore_15.json,0.0,0.0
C2_2024,C2,2024,ha,"Human toxicity, cancer - organics",Pt,3.1100066269,,0.0,1 ha worked,,centrifugal_spreader_singlescore_13.json,0.0,1.0,,0.0,1 ha worked,,combine_harvester_singlescore_16.json,0.0,3.0,,0.0,1 ha worked,,disk_harrow_singlescore_11.json,0.0,1.0,,0.0,1 ha worked,,laser_leveler_singlescore_12.json,0.0,1.0,,0.0,1 ha worked,,rotary_tiller_singlescore_14.json,0.0,0.0,,0.0,1 ha worked,,seeder_singlescore_17.json,0.0,3.1863817097,,0.0,1 ha worked,,sprayer_singlescore_15.json,0.0,0.0
C2_2024,C2,2024,ha,"Human toxicity, non-cancer",Pt,3.1100066269,,5.2352599999999984e-12,1 ha worked,,centrifugal_spreader_singlescore_13.json,1.628169329354449e-11,1.0,,3.0240399999999995e-11,1 ha worked,,combine_harvester_singlescore_16.json,3.0240399999999995e-11,3.0,,7.796079999999999e-12,1 ha worked,,disk_harrow_singlescore_11.json,2.3388239999999995e-11,1.0,,1.748e-11,1 ha worked,,laser_leveler_singlescore_12.json,1.748e-11,1.0,,1.1973799999999998e-11,1 ha worked,,rotary_tiller_singlescore_14.json,1.1973799999999998e-11,0.0,,9.351799999999999e-12,1 ha worked,,seeder_singlescore_17.json,0.0,3.1863817097,,1.1099799999999999e-12,1 ha worked,,sprayer_singlescore_15.json,3.5368199701328057e-12,1.0290095326367728e-10
C2_2024,C2,2024,ha,"Human toxicity, non-cancer - inorganics",Pt,3.1100066269,,0.0,1 ha worked,,centrifugal_spreader_singlescore_13.json,0.0,1.0,,0.0,1 ha worked,,combine_harvester_singlescore_16.json,0.0,3.0,,0.0,1 ha worked,,disk_harrow_singlescore_11.json,0.0,1.0,,0.0,1 ha worked,,laser_leveler_singlescore_12.json,0.0,1.0,,0.0,1 ha worked,,rotary_tiller_singlescore_14.json,0.0,0.0,,0.0,1 ha worked,,seeder_singlescore_17.json,0.0,3.1863817097,,0.0,1 ha worked,,sprayer_singlescore_15.json,0.0,0.0
C2_2024,C2,2024,ha,"Human toxicity, non-cancer - metals",Pt,3.1100066269,,0.0,1 ha worked,,centrifugal_spreader_singlescore_13.json,0.0,1.0,,0.0,1 ha worked,,combine_harvester_singlescore_16.json,0.0,3.0,,0.0,1 ha worked,,disk_harrow_singlescore_11.json,0.0,1.0,,0.0,1 ha worked,,laser_leveler_singlescore_12.json,0.0,1.0,,0.0,1 ha worked,,rotary_tiller_singlescore_14.json,0.0,0.0,,0.0,1 ha worked,,seeder_singlescore_17.json,0.0,3.1863817097,,0.0,1 ha worked,,sprayer_singlescore_15.json,0.0,0.0
C2_2024,C2,2024,ha,"Human toxicity, non-cancer - organics",Pt,3.1100066269,,0.0,1 ha worked,,centrifugal_spreader_singlescore_13.json,0.0,1.0,,0.0,1 ha worked,,combine_harvester_singlescore_16.json,0.0,3.0,,0.0,1 ha worked,,disk_harrow_singlescore_11.json,0.0,1.0,,0.0,1 ha worked,,laser_leveler_singlescore_12.json,0.0,1.0,,0.0,1 ha worked,,rotary_tiller_singlescore_14.json,0.0,0.0,,0.0,1 ha worked,,seeder_singlescore_17.json,0.0,3.1863817097,,0.0,1 ha worked,,sprayer_singlescore_15.json,0.0,0.0
C2_2024,C2,2024,ha,Ionising radiation,Pt,3.1100066269,,362.9200000000001,1 ha worked,,centrifugal_spreader_singlescore_13.json,1128.6836050345482,1.0,,2213.39,1 ha worked,,combine_harvester_singlescore_16.json,2213.39,3.0,,267.96999999999997,1 ha worked,,disk_harrow_singlescore_11.json,803.9099999999999,1.0,,1664.79,1 ha worked,,laser_leveler_singlescore_12.json,1664.79,1.0,,911.52,1 ha worked,,rotary_tiller_singlescore_14.json,911.52,0.0,,369.25,1 ha worked,,seeder_singlescore_17.json,0.0,3.1863817097,,24.264999999999997,1 ha worked,,sprayer_singlescore_15.json,77.3175521858705,6799.611157220417
C2_2024,C2,2024,ha,Land use,Pt,3.1100066269,,16120529.999999998,1 ha worked,,centrifugal_spreader_singlescore_13.json,50134955.12914026,1.0,,88815540.0,1 ha worked,,combine_harvester_singlescore_16.json,88815540.0,3.0,,15266940.0,1 ha worked,,disk_harrow_singlescore_11.json,45800820.0,1.0,,71172090.0,1 ha worked,,laser_leveler_singlescore_12.json,71172090.0,1.0,,46409100.0,1 ha worked,,rotary_tiller_singlescore_14.json,46409100.0,0.0,,18753450.0,1 ha worked,,seeder_singlescore_17.json,0.0,3.1863817097,,11114430.0,1 ha worked,,sprayer_singlescore_15.json,35414816.46574097,337747321.59488124
C2_2024,C2,2024,ha,Ozone depletion,Pt,3.1100066269,,7.3408e-09,1 ha worked,,centrifugal_spreader_singlescore_13.json,2.2829936646747523e-08,1.0,,4.4843999999999994e-08,1 ha worked,,combine_harvester_singlescore_16.json,4.4843999999999994e-08,3.0,,6.1716e-09,1 ha worked,,disk_harrow_singlescore_11.json,1.85148e-08,1.0,,3.1524e-08,1 ha worked,,laser_leveler_singlescore_12.json,3.1524e-08,1.0,,1.47556e-08,1 ha worked,,rotary_tiller_singlescore_14.json,1.47556e-08,0.0,,5.209600000000001e-09,1 ha worked,,seeder_singlescore_17.json,0.0,3.1863817097,,4.765600000000001e-10,1 ha worked,,sprayer_singlescore_15.json,1.5185020675746322e-09,1.3398683871432214e-07
C2_2024,C2,2024,ha,Particulate matter,Pt,3.1100066269,,5.4204899999999996e-11,1 ha worked,,centrifugal_spreader_singlescore_13.json,1.685775982104518e-10,1.0,,3.4657700000000003e-10,1 ha worked,,combine_harvester_singlescore_16.json,3.4657700000000003e-10,3.0,,4.00589e-11,1 ha worked,,disk_harrow_singlescore_11.json,1.201767e-10,1.0,,2.3533799999999997e-10,1 ha worked,,laser_leveler_singlescore_12.json,2.3533799999999997e-10,1.0,,1.7875400000000004e-10,1 ha worked,,rotary_tiller_singlescore_14.json,1.7875400000000004e-10,0.0,,9.130600000000001e-11,1 ha worked,,seeder_singlescore_17.json,0.0,3.1863817097,,7.844600000000002e-12,1 ha worked,,sprayer_singlescore_15.json,2.4995889959912624e-11,1.0744191881703646e-09
C2_2024,C2,2024,ha,Photochemical ozone formation,Pt,3.1100066269,,0.5917,1 ha worked,,centrifugal_spreader_singlescore_13.json,1.8401909211367302,1.0,,4.268,1 ha worked,,combine_harvester_singlescore_16.json,4.268,3.0,,0.48305999999999993,1 ha worked,,disk_harrow_singlescore_11.json,1.4491799999999997,1.0,,2.5802,1 ha worked,,laser_leveler_singlescore_12.json,2.5802,1.0,,1.2998,1 ha worked,,rotary_tiller_singlescore_14.json,1.2998,0.0,,0.20757999999999996,1 ha worked,,seeder_singlescore_17.json,0.0,3.1863817097,,0.037635999999999996,1 ha worked,,sprayer_singlescore_15.json,0.11992266202626918,11.557293583162998
C2_2024,C2,2024,ha,"Resource use, fossils",Pt,3.1100066269,,1940138.9999999998,1 ha worked,,centrifugal_spreader_singlescore_13.json,6033845.147107138,1.0,,11808458.1,1 ha worked,,combine_harvester_singlescore_16.json,11808458.1,3.0,,1486788.3,1 ha worked,,disk_harrow_singlescore_11.json,4460364.9,1.0,,8854809.6,1 ha worked,,laser_leveler_singlescore_12.json,8854809.6,1.0,,4686307.2,1 ha worked,,rotary_tiller_singlescore_14.json,4686307.2,0.0,,1833385.2000000002,1 ha worked,,seeder_singlescore_17.json,0.0,3.1863817097,,127767.9,1 ha worked,,sprayer_singlescore_15.json,407117.2996467786,36250902.24675392
C2_2024,C2,2024,ha,"Resource use, minerals and metals",Pt,3.1100066269,,1.5072e-06,1 ha worked,,centrifugal_spreader_singlescore_13.json,4.68740198806368e-06,1.0,,1.2384e-05,1 ha worked,,combine_harvester_singlescore_16.json,1.2384e-05,3.0,,6.095999999999998e-07,1 ha worked,,disk_harrow_singlescore_11.json,1.8287999999999995e-06,1.0,,4.4015999999999995e-06,1 ha worked,,laser_leveler_singlescore_12.json,4.4015999999999995e-06,1.0,,2.976e-06,1 ha worked,,rotary_tiller_singlescore_14.json,2.976e-06,0.0,,1.7759999999999998e-06,1 ha worked,,seeder_singlescore_17.json,0.0,3.1863817097,,1.3968e-07,1 ha worked,,sprayer_singlescore_15.json,4.4507379721089597e-07,2.6722875785274572e-05
C2_2024,C2,2024,ha,Total,Pt,3.1100066269,,18203540.602892786,1 ha worked,,centrifugal_spreader_singlescore_13.json,56613131.90803979,1.0,,101551998.37990059,1 ha worked,,combine_harvester_singlescore_16.json,101551998.37990059,3.0,,16844590.994255494,1 ha worked,,disk_harrow_singlescore_11.json,50533772.98276648,1.0,,80616648.64674218,1 ha worked,,laser_leveler_singlescore_12.json,80616648.64674218,1.0,,51483431.65711595,1 ha worked,,rotary_tiller_singlescore_14.json,51483431.65711595,0.0,,20774237.986285694,1 ha worked,,seeder_singlescore_17.json,0.0,3.1863817097,,11253191.91303122,1 ha worked,,sprayer_singlescore_15.json,35856964.88742664,376655948.4619916
C2_2024,C2,2024,ha,Water use,Pt,3.1100066269,,2065.69,1 ha worked,,centrifugal_spreader_singlescore_13.json,6424.309589121061,1.0,,12531.2,1 ha worked,,combine_harvester_singlescore_16.json,12531.2,3.0,,837.045,1 ha worked,,disk_harrow_singlescore_11.json,2511.1349999999998,1.0,,7773.259999999999,1 ha worked,,laser_leveler_singlescore_12.json,7773.259999999999,1.0,,6275.389999999999,1 ha worked,,rotary_tiller_singlescore_14.json,6275.389999999999,0.0,,3367.76,1 ha worked,,seeder_singlescore_17.json,0.0,3.1863817097,,230.065,1 ha worked,,sprayer_singlescore_15.json,733.0749080421305,36248.369497163185
C3_2022,C3,2022,ha,Acidification,Pt,4.0,,0.8703199999999999,1 ha worked,,centrifugal_spreader_singlescore_13.json,3.4812799999999995,1.0,,6.1575999999999995,1 ha worked,,combine_harvester_singlescore_16.json,6.1575999999999995,3.0,,0.6948799999999999,1 ha worked,,disk_harrow_singlescore_11.json,2.08464,1.0,,3.784,1 ha worked,,laser_leveler_singlescore_12.json,3.784,1.0,,1.95048,1 ha worked,,rotary_tiller_singlescore_14.json,1.95048,0.0,,0.39904,1 ha worked,,seeder_singlescore_17.json,0.0,4.5063733194,,0.057448000000000006,1 ha worked,,sprayer_singlescore_15.json,0.2588821344528912,17.716882134452888
C3_2022,C3,2022,ha,Climate change,Pt,4.0,,47577.59999999999,1 ha worked,,centrifugal_spreader_singlescore_13.json,190310.39999999997,1.0,,293625.3,1 ha worked,,combine_harvester_singlescore_16.json,293625.3,3.0,,36196.5,1 ha worked,,disk_harrow_singlescore_11.json,108589.5,1.0,,219798.59999999998,1 ha worked,,laser_leveler_singlescore_12.json,219798.59999999998,1.0,,123280.5,1 ha worked,,rotary_tiller_singlescore_14.json,123280.5,0.0,,50037.9,1 ha worked,,seeder_singlescore_17.json,0.0,4.5063733194,,3416.1000000000004,1 ha worked,,sprayer_singlescore_15.json,15394.221896402341,950998.5218964022
C3_2022,C3,2022,ha,Climate change - Biogenic,Pt,4.0,,0.0,1 ha worked,,centrifugal_spreader_singlescore_13.json,0.0,1.0,,0.0,1 ha worked,,combine_harvester_singlescore_16.json,0.0,3.0,,0.0,1 ha worked,,disk_harrow_singlescore_11.json,0.0,1.0,,0.0,1 ha worked,,laser_leveler_singlescore_12.json,0.0,1.0,,0.0,1 ha worked,,rotary_tiller_singlescore_14.json,0.0,0.0,,0.0,1 ha worked,,seeder_singlescore_17.json,0.0,4.5063733194,,0.0,1 ha worked,,sprayer_singlescore_15.json,0.0,0.0
C3_2022,C3,2022,ha,Climate change - Fossil,Pt,4.0,,0.0,1 ha worked,,centrifugal_spreader_singlescore_13.json,0.0,1.0,,0.0,1 ha worked,,combine_harvester_singlescore_16.json,0.0,3.0,,0.0,1 ha worked,,disk_harrow_singlescore_11.json,0.0,1.0,,0.0,1 ha worked,,laser_leveler_singlescore_12.json,0.0,1.0,,0.0,1 ha worked,,rotary_tiller_singlescore_14.json,0.0,0.0,,0.0,1 ha worked,,seeder_singlescore_17.json,0.0,4.5063733194,,0.0,1 ha worked,,sprayer_singlescore_15.json,0.0,0.0
C3_2022,C3,2022,ha,Climate change - Land use and LU change,Pt,4.0,,0.0,1 ha worked,,centrifugal_spreader_singlescore_13.json,0.0,1.0,,0.0,1 ha worked,,combine_harvester_singlescore_16.json,0.0,3.0,,0.0,1 ha worked,,disk_harrow_singlescore_11.json,0.0,1.0,,0.0,1 ha worked,,laser_leveler_singlescore_12.json,0.0,1.0,,0.0,1 ha worked,,rotary_tiller_singlescore_14.json,0.0,0.0,,0.0,1 ha worked,,seeder_singlescore_17.json,0.0,4.5063733194,,0.0,1 ha worked,,sprayer_singlescore_15.json,0.0,0.0
C3_2022,C3,2022,ha,"Ecotoxicity, freshwater",Pt,4.0,,92856.62000000001,1 ha worked,,centrifugal_spreader_singlescore_13.json,371426.48000000004,1.0,,619566.99,1 ha worked,,combine_harvester_singlescore_16.json,619566.99,3.0,,53553.84,1 ha worked,,disk_harrow_singlescore_11.json,160661.52,1.0,,360473.73,1 ha worked,,laser_leveler_singlescore_12.json,360473.73,1.0,,257538.30999999997,1 ha worked,,rotary_tiller_singlescore_14.json,257538.30999999997,0.0,,133625.82,1 ha worked,,seeder_singlescore_17.json,0.0,4.5063733194,,7323.02,1 ha worked,,sprayer_singlescore_15.json,33000.26194543259,1802667.2919454325
C3_2022,C3,2022,ha,"Ecotoxicity, freshwater - inorganics",Pt,4.0,,0.0,1 ha worked,,centrifugal_spreader_singlescore_13.json,0.0,1.0,,0.0,1 ha worked,,combine_harvester_singlescore_16.json,0.0,3.0,,0.0,1 ha worked,,disk_harrow_singlescore_11.json,0.0,1.0,,0.0,1 ha worked,,laser_leveler_singlescore_12.json,0.0,1.0,,0.0,1 ha worked,,rotary_tiller_singlescore_14.json,0.0,0.0,,0.0,1 ha worked,,seeder_singlescore_17.json,0.0,4.5063733194,,0.0,1 ha worked,,sprayer_singlescore_15.json,0.0,0.0
C3_2022,C3,2022,ha,"Ecotoxicity, freshwater - metals",Pt,4.0,,0.0,1 ha worked,,centrifugal_spreader_singlescore_13.json,0.0,1.0,,0.0,1 ha worked,,combine_harvester_singlescore_16.json,0.0,3.0,,0.0,1 ha worked,,disk_harrow_singlescore_11.json,0.0,1.0,,0.0,1 ha worked,,laser_leveler_singlescore_12.json,0.0,1.0,,0.0,1 ha worked,,rotary_tiller_singlescore_14.json,0.0,0.0,,0.0,1 ha worked,,seeder_singlescore_17.json,0.0,4.5063733194,,0.0,1 ha worked,,sprayer_singlescore_15.json,0.0,0.0
C3_2022,C3,2022,ha,"Ecotoxicity, freshwater - organics",Pt,4.0,,0.0,1 ha worked,,centrifugal_spreader_singlescore_13.json,0.0,1.0,,0.0,1 ha worked,,combine_harvester_singlescore_16.json,0.0,3.0,,0.0,1 ha worked,,disk_harrow_singlescore_11.json,0.0,1.0,,0.0,1 ha worked,,laser_leveler_singlescore_12.json,0.0,1.0,,0.0,1 ha worked,,rotary_tiller_singlescore_14.json,0.0,0.0,,0.0,1 ha worked,,seeder_singlescore_17.json,0.0,4.5063733194,,0.0,1 ha worked,,sprayer_singlescore_15.json,0.0,0.0
C3_2022,C3,2022,ha,"Eutrophication, freshwater",Pt,4.0,,7.1276e-05,1 ha worked,,centrifugal_spreader_singlescore_13.json,0.000285104,1.0,,0.00048615999999999997,1 ha worked,,combine_harvester_singlescore_16.json,0.00048615999999999997,3.0,,3.0076e-05,1 ha worked,,disk_harrow_singlescore_11.json,9.0228e-05,1.0,,0.00026574,1 ha worked,,laser_leveler_singlescore_12.json,0.00026574,1.0,,0.00023895999999999998,1 ha worked,,rotary_tiller_singlescore_14.json,0.00023895999999999998,0.0,,0.00014111,1 ha worked,,seeder_singlescore_17.json,0.0,4.5063733194,,5.6032e-06,1 ha worked,,sprayer_singlescore_15.json,2.5250110983262078e-05,0.0013914421109832622
C3_2022,C3,2022,ha,"Eutrophication, marine",Pt,4.0,,0.08380000000000001,1 ha worked,,centrifugal_spreader_singlescore_13.json,0.33520000000000005,1.0,,0.610902,1 ha worked,,combine_harvester_singlescore_16.json,0.610902,3.0,,0.0708948,1 ha worked,,disk_harrow_singlescore_11.json,0.2126844,1.0,,0.37207199999999996,1 ha worked,,laser_leveler_singlescore_12.json,0.37207199999999996,1.0,,0.17849399999999999,1 ha worked,,rotary_tiller_singlescore_14.json,0.17849399999999999,0.0,,0.017262800000000002,1 ha worked,,seeder_singlescore_17.json,0.0,4.5063733194,,0.005413480000000001,1 ha worked,,sprayer_singlescore_15.json,0.024395161837105515,1.7337475618371052
C3_2022,C3,2022,ha,"Eutrophication, terrestrial",Pt,4.0,,7.227,1 ha worked,,centrifugal_spreader_singlescore_13.json,28.908,1.0,,52.3629,1 ha worked,,combine_harvester_singlescore_16.json,52.3629,3.0,,6.09039,1 ha worked,,disk_harrow_singlescore_11.json,18.27117,1.0,,31.9302,1 ha worked,,laser_leveler_singlescore_12.json,31.9302,1.0,,15.308100000000001,1 ha worked,,rotary_tiller_singlescore_14.json,15.308100000000001,0.0,,1.43226,1 ha worked,,seeder_singlescore_17.json,0.0,4.5063733194,,0.46252800000000005,1 ha worked,,sprayer_singlescore_15.json,2.0843238386754432,148.86469383867544
C3_2022,C3,2022,ha,"Human toxicity, cancer",Pt,4.0,,1.6072e-14,1 ha worked,,centrifugal_spreader_singlescore_13.json,6.4288e-14,1.0,,1.0988000000000001e-13,1 ha worked,,combine_harvester_singlescore_16.json,1.0988000000000001e-13,3.0,,9.265999999999999e-15,1 ha worked,,disk_harrow_singlescore_11.json,2.7797999999999996e-14,1.0,,8.446e-14,1 ha worked,,laser_leveler_singlescore_12.json,8.446e-14,1.0,,9.348e-14,1 ha worked,,rotary_tiller_singlescore_14.json,9.348e-14,0.0,,4.5428e-14,1 ha worked,,seeder_singlescore_17.json,0.0,4.5063733194,,1.5661999999999999e-15,1 ha worked,,sprayer_singlescore_15.json,7.057881892844279e-15,3.8696388189284436e-13
C3_2022,C3,2022,ha,"Human toxicity, cancer - inorganics",Pt,4.0,,0.0,1 ha worked,,centrifugal_spreader_singlescore_13.json,0.0,1.0,,0.0,1 ha worked,,combine_harvester_singlescore_16.json,0.0,3.0,,0.0,1 ha worked,,disk_harrow_singlescore_11.json,0.0,1.0,,0.0,1 ha worked,,laser_leveler_singlescore_12.json,0.0,1.0,,0.0,1 ha worked,,rotary_tiller_singlescore_14.json,0.0,0.0,,0.0,1 ha worked,,seeder_singlescore_17.json,0.0,4.5063733194,,0.0,1 ha worked,,sprayer_singlescore_15.json,0.0,0.0
C3_2022,C3,2022,ha,"Human toxicity, cancer - metals",Pt,4.0,,0.0,1 ha worked,,centrifugal_spreader_singlescore_13.json,0.0,1.0,,0.0,1 ha worked,,combine_harvester_singlescore_16.json,0.0,3.0,,0.0,1 ha worked,,disk_harrow_singlescore_11.json,0.0,1.0,,0.0,1 ha worked,,laser_leveler_singlescore_12.json,0.0,1.0,,0.0,1 ha worked,,rotary_tiller_singlescore_14.json,0.0,0.0,,0.0,1 ha worked,,seeder_singlescore_17.json,0.0,4.5063733194,,0.0,1 ha worked,,sprayer_singlescore_15.json,0.0,0.0
C3_2022,C3,2022,ha,"Human toxicity, cancer - organics",Pt,4.0,,0.0,1 ha worked,,centrifugal_spreader_singlescore_13.json,0.0,1.0,,0.0,1 ha worked,,combine_harvester_singlescore_16.json,0.0,3.0,,0.0,1 ha worked,,disk_harrow_singlescore_11.json,0.0,1.0,,0.0,1 ha worked,,laser_leveler_singlescore_12.json,0.0,1.0,,0.0,1 ha worked,,rotary_tiller_singlescore_14.json,0.0,0.0,,0.0,1 ha worked,,seeder_singlescore_17.json,0.0,4.5063733194,,0.0,1 ha worked,,sprayer_singlescore_15.json,0.0,0.0
C3_2022,C3,2022,ha,"Human toxicity, non-cancer",Pt,4.0,,5.2352599999999984e-12,1 ha worked,,centrifugal_spreader_singlescore_13.json,2.0941039999999994e-11,1.0,,3.0240399999999995e-11,1 ha worked,,combine_harvester_singlescore_16.json,3.0240399999999995e-11,3.0,,7.796079999999999e-12,1 ha worked,,disk_harrow_singlescore_11.json,2.3388239999999995e-11,1.0,,1.748e-11,1 ha worked,,laser_leveler_singlescore_12.json,1.748e-11,1.0,,1.1973799999999998e-11,1 ha worked,,rotary_tiller_singlescore_14.json,1.1973799999999998e-11,0.0,,9.351799999999999e-12,1 ha worked,,seeder_singlescore_17.json,0.0,4.5063733194,,1.1099799999999999e-12,1 ha worked,,sprayer_singlescore_15.json,5.001984257067611e-12,1.0902546425706759e-10
C3_2022,C3,2022,ha,"Human toxicity, non-cancer - inorganics",Pt,4.0,,0.0,1 ha worked,,centrifugal_spreader_singlescore_13.json,0.0,1.0,,0.0,1 ha worked,,combine_harvester_singlescore_16.json,0.0,3.0,,0.0,1 ha worked,,disk_harrow_singlescore_11.json,0.0,1.0,,0.0,1 ha worked,,laser_leveler_singlescore_12.json,0.0,1.0,,0.0,1 ha worked,,rotary_tiller_singlescore_14.json,0.0,0.0,,0.0,1 ha worked,,seeder_singlescore_17.json,0.0,4.5063733194,,0.0,1 ha worked,,sprayer_singlescore_15.json,0.0,0.0
C3_2022,C3,2022,ha,"Human toxicity, non-cancer - metals",Pt,4.0,,0.0,1 ha worked,,centrifugal_spreader_singlescore_13.json,0.0,1.0,,0.0,1 ha worked,,combine_harvester_singlescore_16.json,0.0,3.0,,0.0,1 ha worked,,disk_harrow_singlescore_11.json,0.0,1.0,,0.0,1 ha worked,,laser_leveler_singlescore_12.json,0.0,1.0,,0.0,1 ha worked,,rotary_tiller_singlescore_14.json,0.0,0.0,,0.0,1 ha worked,,seeder_singlescore_17.json,0.0,4.5063733194,,0.0,1 ha worked,,sprayer_singlescore_15.json,0.0,0.0
C3_2022,C3,2022,ha,"Human toxicity, non-cancer - organics",Pt,4.0,,0.0,1 ha worked,,centrifugal_spreader_singlescore_13.json,0.0,1.0,,0.0,1 ha worked,,combine_harvester_singlescore_16.json,0.0,3.0,,0.0,1 ha worked,,disk_harrow_singlescore_11.json,0.0,1.0,,0.0,1 ha worked,,laser_leveler_singlescore_12.json,0.0,1.0,,0.0,1 ha worked,,rotary_tiller_singlescore_14.json,0.0,0.0,,0.0,1 ha worked,,seeder_singlescore_17.json,0.0,4.5063733194,,0.0,1 ha worked,,sprayer_singlescore_15.json,0.0,0.0
C3_2022,C3,2022,ha,Ionising radiation,Pt,4.0,,362.9200000000001,1 ha worked,,centrifugal_spreader_singlescore_13.json,1451.6800000000003,1.0,,2213.39,1 ha worked,,combine_harvester_singlescore_16.json,2213.39,3.0,,267.96999999999997,1 ha worked,,disk_harrow_singlescore_11.json,803.9099999999999,1.0,,1664.79,1 ha worked,,laser_leveler_singlescore_12.json,1664.79,1.0,,911.52,1 ha worked,,rotary_tiller_singlescore_14.json,911.52,0.0,,369.25,1 ha worked,,seeder_singlescore_17.json,0.0,4.5063733194,,24.264999999999997,1 ha worked,,sprayer_singlescore_15.json,109.34714859524098,7154.63714859524
C3_2022,C3,2022,ha,Land use,Pt,4.0,,16120529.999999998,1 ha worked,,centrifugal_spreader_singlescore_13.json,64482119.99999999,1.0,,88815540.0,1 ha worked,,combine_harvester_singlescore_16.json,88815540.0,3.0,,15266940.0,1 ha worked,,disk_harrow_singlescore_11.json,45800820.0,1.0,,71172090.0,1 ha worked,,laser_leveler_singlescore_12.json,71172090.0,1.0,,46409100.0,1 ha worked,,rotary_tiller_singlescore_14.json,46409100.0,0.0,,18753450.0,1 ha worked,,seeder_singlescore_17.json,0.0,4.5063733194,,11114430.0,1 ha worked,,sprayer_singlescore_15.json,50085770.81233894,366765440.81233895
C3_2022,C3,2022,ha,Ozone depletion,Pt,4.0,,7.3408e-09,1 ha worked,,centrifugal_spreader_singlescore_13.json,2.93632e-08,1.0,,4.4843999999999994e-08,1 ha worked,,combine_harvester_singlescore_16.json,4.4843999999999994e-08,3.0,,6.1716e-09,1 ha worked,,disk_harrow_singlescore_11.json,1.85148e-08,1.0,,3.1524e-08,1 ha worked,,laser_leveler_singlescore_12.json,3.1524e-08,1.0,,1.47556e-08,1 ha worked,,rotary_tiller_singlescore_14.json,1.47556e-08,0.0,,5.209600000000001e-09,1 ha worked,,seeder_singlescore_17.json,0.0,4.5063733194,,4.765600000000001e-10,1 ha worked,,sprayer_singlescore_15.json,2.147557269093264e-09,1.411491572690933e-07
C3_2022,C3,2022,ha,Particulate matter,Pt,4.0,,5.4204899999999996e-11,1 ha worked,,centrifugal_spreader_singlescore_13.json,2.1681959999999998e-10,1.0,,3.4657700000000003e-10,1 ha worked,,combine_harvester_singlescore_16.json,3.4657700000000003e-10,3.0,,4.00589e-11,1 ha worked,,disk_harrow_singlescore_11.json,1.201767e-10,1.0,,2.3533799999999997e-10,1 ha worked,,laser_leveler_singlescore_12.json,2.3533799999999997e-10,1.0,,1.7875400000000004e-10,1 ha worked,,rotary_tiller_singlescore_14.json,1.7875400000000004e-10,0.0,,9.130600000000001e-11,1 ha worked,,seeder_singlescore_17.json,0.0,4.5063733194,,7.844600000000002e-12,1 ha worked,,sprayer_singlescore_15.json,3.5350696141365245e-11,1.1330159961413652e-09
C3_2022,C3,2022,ha,Photochemical ozone formation,Pt,4.0,,0.5917,1 ha worked,,centrifugal_spreader_singlescore_13.json,2.3668,1.0,,4.268,1 ha worked,,combine_harvester_singlescore_16.json,4.268,3.0,,0.48305999999999993,1 ha worked,,disk_harrow_singlescore_11.json,1.4491799999999997,1.0,,2.5802,1 ha worked,,laser_leveler_singlescore_12.json,2.5802,1.0,,1.2998,1 ha worked,,rotary_tiller_singlescore_14.json,1.2998,0.0,,0.20757999999999996,1 ha worked,,seeder_singlescore_17.json,0.0,4.5063733194,,0.037635999999999996,1 ha worked,,sprayer_singlescore_15.json,0.16960186624893836,12.133581866248937
C3_2022,C3,2022,ha,"Resource use, fossils",Pt,4.0,,1940138.9999999998,1 ha worked,,centrifugal_spreader_singlescore_13.json,7760555.999999999,1.0,,11808458.1,1 ha worked,,combine_harvester_singlescore_16.json,11808458.1,3.0,,1486788.3,1 ha worked,,disk_harrow_singlescore_11.json,4460364.9,1.0,,8854809.6,1 ha worked,,laser_leveler_singlescore_12.json,8854809.6,1.0,,4686307.2,1 ha worked,,rotary_tiller_singlescore_14.json,4686307.2,0.0,,1833385.2000000002,1 ha worked,,seeder_singlescore_17.json,0.0,4.5063733194,,127767.9,1 ha worked,,sprayer_singlescore_15.json,575769.8556357672,38146265.655635774
C3_2022,C3,2022,ha,"Resource use, minerals and metals",Pt,4.0,,1.5072e-06,1 ha worked,,centrifugal_spreader_singlescore_13.json,6.0288e-06,1.0,,1.2384e-05,1 ha worked,,combine_harvester_singlescore_16.json,1.2384e-05,3.0,,6.095999999999998e-07,1 ha worked,,disk_harrow_singlescore_11.json,1.8287999999999995e-06,1.0,,4.4015999999999995e-06,1 ha worked,,laser_leveler_singlescore_12.json,4.4015999999999995e-06,1.0,,2.976e-06,1 ha worked,,rotary_tiller_singlescore_14.json,2.976e-06,0.0,,1.7759999999999998e-06,1 ha worked,,seeder_singlescore_17.json,0.0,4.5063733194,,1.3968e-07,1 ha worked,,sprayer_singlescore_15.json,6.29450225253792e-07,2.824865022525379e-05
C3_2022,C3,2022,ha,Total,Pt,4.0,,18203540.602892786,1 ha worked,,centrifugal_spreader_singlescore_13.json,72814162.41157115,1.0,,101551998.37990059,1 ha worked,,combine_harvester_singlescore_16.json,101551998.37990059,3.0,,16844590.994255494,1 ha worked,,disk_harrow_singlescore_11.json,50533772.98276648,1.0,,80616648.64674218,1 ha worked,,laser_leveler_singlescore_12.json,80616648.64674218,1.0,,51483431.65711595,1 ha worked,,rotary_tiller_singlescore_14.json,51483431.65711595,0.0,,20774237.986285694,1 ha worked,,seeder_singlescore_17.json,0.0,4.5063733194,,11253191.91303122,1 ha worked,,sprayer_singlescore_15.json,50711083.794971734,407711097.8730681
C3_2022,C3,2022,ha,Water use,Pt,4.0,,2065.69,1 ha worked,,centrifugal_spreader_singlescore_13.json,8262.76,1.0,,12531.2,1 ha worked,,combine_harvester_singlescore_16.json,12531.2,3.0,,837.045,1 ha worked,,disk_harrow_singlescore_11.json,2511.1349999999998,1.0,,7773.259999999999,1 ha worked,,laser_leveler_singlescore_12.json,7773.259999999999,1.0,,6275.389999999999,1 ha worked,,rotary_tiller_singlescore_14.json,6275.389999999999,0.0,,3367.76,1 ha worked,,seeder_singlescore_17.json,0.0,4.5063733194,,230.065,1 ha worked,,sprayer_singlescore_15.json,1036.7587777277608,38390.503777727754
C3_2023,C3,2023,ha,Acidification,Pt,3.0,,0.8703199999999999,1 ha worked,,centrifugal_spreader_singlescore_13.json,2.6109599999999995,1.0,,6.1575999999999995,1 ha worked,,combine_harvester_singlescore_16.json,6.1575999999999995,3.0,,0.6948799999999999,1 ha worked,,disk_harrow_singlescore_11.json,2.08464,1.0,,3.784,1 ha worked,,laser_leveler_singlescore_12.json,3.784,1.0,,1.95048,1 ha worked,,rotary_tiller_singlescore_14.json,1.95048,0.0,,0.39904,1 ha worked,,seeder_singlescore_17.json,0.0,5.4273367192,,0.057448000000000006,1 ha worked,,sprayer_singlescore_15.json,0.3117896398446017,16.8994696398446
C3_2023,C3,2023,ha,Climate change,Pt,3.0,,47577.59999999999,1 ha worked,,centrifugal_spreader_singlescore_13.json,142732.8,1.0,,293625.3,1 ha worked,,combine_harvester_singlescore_16.json,293625.3,3.0,,36196.5,1 ha worked,,disk_harrow_singlescore_11.json,108589.5,1.0,,219798.59999999998,1 ha worked,,laser_leveler_singlescore_12.json,219798.59999999998,1.0,,123280.5,1 ha worked,,rotary_tiller_singlescore_14.json,123280.5,0.0,,50037.9,1 ha worked,,seeder_singlescore_17.json,0.0,5.4273367192,,3416.1000000000004,1 ha worked,,sprayer_singlescore_15.json,18540.324966459124,906567.024966459
C3_2023,C3,2023,ha,Climate change - Biogenic,Pt,3.0,,0.0,1 ha worked,,centrifugal_spreader_singlescore_13.json,0.0,1.0,,0.0,1 ha worked,,combine_harvester_singlescore_16.json,0.0,3.0,,0.0,1 ha worked,,disk_harrow_singlescore_11.json,0.0,1.0,,0.0,1 ha worked,,laser_leveler_singlescore_12.json,0.0,1.0,,0.0,1 ha worked,,rotary_tiller_singlescore_14.json,0.0,0.0,,0.0,1 ha worked,,seeder_singlescore_17.json,0.0,5.4273367192,,0.0,1 ha worked,,sprayer_singlescore_15.json,0.0,0.0
C3_2023,C3,2023,ha,Climate change - Fossil,Pt,3.0,,0.0,1 ha worked,,centrifugal_spreader_singlescore_13.json,0.0,1.0,,0.0,1 ha worked,,combine_harvester_singlescore_16.json,0.0,3.0,,0.0,1 ha worked,,disk_harrow_singlescore_11.json,0.0,1.0,,0.0,1 ha worked,,laser_leveler_singlescore_12.json,0.0,1.0,,0.0,1 ha worked,,rotary_tiller_singlescore_14.json,0.0,0.0,,0.0,1 ha worked,,seeder_singlescore_17.json,0.0,5.4273367192,,0.0,1 ha worked,,sprayer_singlescore_15.json,0.0,0.0
C3_2023,C3,2023,ha,Climate change - Land use and LU change,Pt,3.0,,0.0,1 ha worked,,centrifugal_spreader_singlescore_13.json,0.0,1.0,,0.0,1 ha worked,,combine_harvester_singlescore_16.json,0.0,3.0,,0.0,1 ha worked,,disk_harrow_singlescore_11.json,0.0,1.0,,0.0,1 ha worked,,laser_leveler_singlescore_12.json,0.0,1.0,,0.0,1 ha worked,,rotary_tiller_singlescore_14.json,0.0,0.0,,0.0,1 ha worked,,seeder_singlescore_17.json,0.0,5.4273367192,,0.0,1 ha worked,,sprayer_singlescore_15.json,0.0,0.0
C3_2023,C3,2023,ha,"Ecotoxicity, freshwater",Pt,3.0,,92856.62000000001,1 ha worked,,centrifugal_spreader_singlescore_13.json,278569.86000000004,1.0,,619566.99,1 ha worked,,combine_harvester_singlescore_16.json,619566.99,3.0,,53553.84,1 ha worked,,disk_harrow_singlescore_11.json,160661.52,1.0,,360473.73,1 ha worked,,laser_leveler_singlescore_12.json,360473.73,1.0,,257538.30999999997,1 ha worked,,rotary_tiller_singlescore_14.json,257538.30999999997,0.0,,133625.82,1 ha worked,,seeder_singlescore_17.json,0.0,5.4273367192,,7323.02,1 ha worked,,sprayer_singlescore_15.json,39744.49534143599,1716554.9053414362
C3_2023,C3,2023,ha,"Ecotoxicity, freshwater - inorganics",Pt,3.0,,0.0,1 ha worked,,centrifugal_spreader_singlescore_13.json,0.0,1.0,,0.0,1 ha worked,,combine_harvester_singlescore_16.json,0.0,3.0,,0.0,1 ha worked,,disk_harrow_singlescore_11.json,0.0,1.0,,0.0,1 ha worked,,laser_leveler_singlescore_12.json,0.0,1.0,,0.0,1 ha worked,,rotary_tiller_singlescore_14.json,0.0,0.0,,0.0,1 ha worked,,seeder_singlescore_17.json,0.0,5.4273367192,,0.0,1 ha worked,,sprayer_singlescore_15.json,0.0,0.0
C3_2023,C3,2023,ha,"Ecotoxicity, freshwater - metals",Pt,3.0,,0.0,1 ha worked,,centrifugal_spreader_singlescore_13.json,0.0,1.0,,0.0,1 ha worked,,combine_harvester_singlescore_16.json,0.0,3.0,,0.0,1 ha worked,,disk_harrow_singlescore_11.json,0.0,1.0,,0.0,1 ha worked,,laser_leveler_singlescore_12.json,0.0,1.0,,0.0,1 ha worked,,rotary_tiller_singlescore_14.json,0.0,0.0,,0.0,1 ha worked,,seeder_singlescore_17.json,0.0,5.4273367192,,0.0,1 ha worked,,sprayer_singlescore_15.json,0.0,0.0
C3_2023,C3,2023,ha,"Ecotoxicity, freshwater - organics",Pt,3.0,,0.0,1 ha worked,,centrifugal_spreader_singlescore_13.json,0.0,1.0,,0.0,1 ha worked,,combine_harvester_singlescore_16.json,0.0,3.0,,0.0,1 ha worked,,disk_harrow_singlescore_11.json,0.0,1.0,,0.0,1 ha worked,,laser_leveler_singlescore_12.json,0.0,1.0,,0.0,1 ha worked,,rotary_tiller_singlescore_14.json,0.0,0.0,,0.0,1 ha worked,,seeder_singlescore_17.json,0.0,5.4273367192,,0.0,1 ha worked,,sprayer_singlescore_15.json,0.0,0.0
C3_2023,C3,2023,ha,"Eutrophication, freshwater",Pt,3.0,,7.1276e-05,1 ha worked,,centrifugal_spreader_singlescore_13.json,0.000213828,1.0,,0.00048615999999999997,1 ha worked,,combine_harvester_singlescore_16.json,0.00048615999999999997,3.0,,3.0076e-05,1 ha worked,,disk_harrow_singlescore_11.json,9.0228e-05,1.0,,0.00026574,1 ha worked,,laser_leveler_singlescore_12.json,0.00026574,1.0,,0.00023895999999999998,1 ha worked,,rotary_tiller_singlescore_14.json,0.00023895999999999998,0.0,,0.00014111,1 ha worked,,seeder_singlescore_17.json,0.0,5.4273367192,,5.6032e-06,1 ha worked,,sprayer_singlescore_15.json,3.041045310502144e-05,0.001325326453105021
C3_2023,C3,2023,ha,"Eutrophication, marine",Pt,3.0,,0.08380000000000001,1 ha worked,,centrifugal_spreader_singlescore_13.json,0.25140000000000007,1.0,,0.610902,1 ha worked,,combine_harvester_singlescore_16.json,0.610902,3.0,,0.0708948,1 ha worked,,disk_harrow_singlescore_11.json,0.2126844,1.0,,0.37207199999999996,1 ha worked,,laser_leveler_singlescore_12.json,0.37207199999999996,1.0,,0.17849399999999999,1 ha worked,,rotary_tiller_singlescore_14.json,0.17849399999999999,0.0,,0.017262800000000002,1 ha worked,,seeder_singlescore_17.json,0.0,5.4273367192,,0.005413480000000001,1 ha worked,,sprayer_singlescore_15.json,0.029380778782654823,1.6549331787826547
C3_2023,C3,2023,ha,"Eutrophication, terrestrial",Pt,3.0,,7.227,1 ha worked,,centrifugal_spreader_singlescore_13.json,21.681,1.0,,52.3629,1 ha worked,,combine_harvester_singlescore_16.json,52.3629,3.0,,6.09039,1 ha worked,,disk_harrow_singlescore_11.json,18.27117,1.0,,31.9302,1 ha worked,,laser_leveler_singlescore_12.json,31.9302,1.0,,15.308100000000001,1 ha worked,,rotary_tiller_singlescore_14.json,15.308100000000001,0.0,,1.43226,1 ha worked,,seeder_singlescore_17.json,0.0,5.4273367192,,0.46252800000000005,1 ha worked,,sprayer_singlescore_15.json,2.510295198058138,142.06366519805815
C3_2023,C3,2023,ha,"Human toxicity, cancer",Pt,3.0,,1.6072e-14,1 ha worked,,centrifugal_spreader_singlescore_13.json,4.8216e-14,1.0,,1.0988000000000001e-13,1 ha worked,,combine_harvester_singlescore_16.json,1.0988000000000001e-13,3.0,,9.265999999999999e-15,1 ha worked,,disk_harrow_singlescore_11.json,2.7797999999999996e-14,1.0,,8.446e-14,1 ha worked,,laser_leveler_singlescore_12.json,8.446e-14,1.0,,9.348e-14,1 ha worked,,rotary_tiller_singlescore_14.json,9.348e-14,0.0,,4.5428e-14,1 ha worked,,seeder_singlescore_17.json,0.0,5.4273367192,,1.5661999999999999e-15,1 ha worked,,sprayer_singlescore_15.json,8.50029476961104e-15,3.723342947696111e-13
C3_2023,C3,2023,ha,"Human toxicity, cancer - inorganics",Pt,3.0,,0.0,1 ha worked,,centrifugal_spreader_singlescore_13.json,0.0,1.0,,0.0,1 ha worked,,combine_harvester_singlescore_16.json,0.0,3.0,,0.0,1 ha worked,,disk_harrow_singlescore_11.json,0.0,1.0,,0.0,1 ha worked,,laser_leveler_singlescore_12.json,0.0,1.0,,0.0,1 ha worked,,rotary_tiller_singlescore_14.json,0.0,0.0,,0.0,1 ha worked,,seeder_singlescore_17.json,0.0,5.4273367192,,0.0,1 ha worked,,sprayer_singlescore_15.json,0.0,0.0
C3_2023,C3,2023,ha,"Human toxicity, cancer - metals",Pt,3.0,,0.0,1 ha worked,,centrifugal_spreader_singlescore_13.json,0.0,1.0,,0.0,1 ha worked,,combine_harvester_singlescore_16.json,0.0,3.0,,0.0,1 ha worked,,disk_harrow_singlescore_11.json,0.0,1.0,,0.0,1 ha worked,,laser_leveler_singlescore_12.json,0.0,1.0,,0.0,1 ha worked,,rotary_tiller_singlescore_14.json,0.0,0.0,,0.0,1 ha worked,,seeder_singlescore_17.json,0.0,5.4273367192,,0.0,1 ha worked,,sprayer_singlescore_15.json,0.0,0.0
C3_2023,C3,2023,ha,"Human toxicity, cancer - organics",Pt,3.0,,0.0,1 ha worked,,centrifugal_spreader_singlescore_13.json,0.0,1.0,,0.0,1 ha worked,,combine_harvester_singlescore_16.json,0.0,3.0,,0.0,1 ha worked,,disk_harrow_singlescore_11.json,0.0,1.0,,0.0,1 ha worked,,laser_leveler_singlescore_12.json,0.0,1.0,,0.0,1 ha worked,,rotary_tiller_singlescore_14.json,0.0,0.0,,0.0,1 ha worked,,seeder_singlescore_17.json,0.0,5.4273367192,,0.0,1 ha worked,,sprayer_singlescore_15.json,0.0,0.0
C3_2023,C3,2023,ha,"Human toxicity, non-cancer",Pt,3.0,,5.2352599999999984e-12,1 ha worked,,centrifugal_spreader_singlescore_13.json,1.5705779999999997e-11,1.0,,3.0240399999999995e-11,1 ha worked,,combine_harvester_singlescore_16.json,3.0240399999999995e-11,3.0,,7.796079999999999e-12,1 ha worked,,disk_harrow_singlescore_11.json,2.3388239999999995e-11,1.0,,1.748e-11,1 ha worked,,laser_leveler_singlescore_12.json,1.748e-11,1.0,,1.1973799999999998e-11,1 ha worked,,rotary_tiller_singlescore_14.json,1.1973799999999998e-11,0.0,,9.351799999999999e-12,1 ha worked,,seeder_singlescore_17.json,0.0,5.4273367192,,1.1099799999999999e-12,1 ha worked,,sprayer_singlescore_15.json,6.024235211577616e-12,1.048124552115776e-10
C3_2023,C3,2023,ha,"Human toxicity, non-cancer - inorganics",Pt,3.0,,0.0,1 ha worked,,centrifugal_spreader_singlescore_13.json,0.0,1.0,,0.0,1 ha worked,,combine_harvester_singlescore_16.json,0.0,3.0,,0.0,1 ha worked,,disk_harrow_singlescore_11.json,0.0,1.0,,0.0,1 ha worked,,laser_leveler_singlescore_12.json,0.0,1.0,,0.0,1 ha worked,,rotary_tiller_singlescore_14.json,0.0,0.0,,0.0,1 ha worked,,seeder_singlescore_17.json,0.0,5.4273367192,,0.0,1 ha worked,,sprayer_singlescore_15.json,0.0,0.0
C3_2023,C3,2023,ha,"Human toxicity, non-cancer - metals",Pt,3.0,,0.0,1 ha worked,,centrifugal_spreader_singlescore_13.json,0.0,1.0,,0.0,1 ha worked,,combine_harvester_singlescore_16.json,0.0,3.0,,0.0,1 ha worked,,disk_harrow_singlescore_11.json,0.0,1.0,,0.0,1 ha worked,,laser_leveler_singlescore_12.json,0.0,1.0,,0.0,1 ha worked,,rotary_tiller_singlescore_14.json,0.0,0.0,,0.0,1 ha worked,,seeder_singlescore_17.json,0.0,5.4273367192,,0.0,1 ha worked,,sprayer_singlescore_15.json,0.0,0.0
C3_2023,C3,2023,ha,"Human toxicity, non-cancer - organics",Pt,3.0,,0.0,1 ha worked,,centrifugal_spreader_singlescore_13.json,0.0,1.0,,0.0,1 ha worked,,combine_harvester_singlescore_16.json,0.0,3.0,,0.0,1 ha worked,,disk_harrow_singlescore_11.json,0.0,1.0,,0.0,1 ha worked,,laser_leveler_singlescore_12.json,0.0,1.0,,0.0,1 ha worked,,rotary_tiller_singlescore_14.json,0.0,0.0,,0.0,1 ha worked,,seeder_singlescore_17.json,0.0,5.4273367192,,0.0,1 ha worked,,sprayer_singlescore_15.json,0.0,0.0
C3_2023,C3,2023,ha,Ionising radiation,Pt,3.0,,362.9200000000001,1 ha worked,,centrifugal_spreader_singlescore_13.json,1088.7600000000002,1.0,,2213.39,1 ha worked,,combine_harvester_singlescore_16.json,2213.39,3.0,,267.96999999999997,1 ha worked,,disk_harrow_singlescore_11.json,803.9099999999999,1.0,,1664.79,1 ha worked,,laser_leveler_singlescore_12.json,1664.79,1.0,,911.52,1 ha worked,,rotary_tiller_singlescore_14.json,911.52,0.0,,369.25,1 ha worked,,seeder_singlescore_17.json,0.0,5.4273367192,,24.264999999999997,1 ha worked,,sprayer_singlescore_15.json,131.69432549138799,6814.064325491387
C3_2023,C3,2023,ha,Land use,Pt,3.0,,16120529.999999998,1 ha worked,,centrifugal_spreader_singlescore_13.json,48361589.99999999,1.0,,88815540.0,1 ha worked,,combine_harvester_singlescore_16.json,88815540.0,3.0,,15266940.0,1 ha worked,,disk_harrow_singlescore_11.json,45800820.0,1.0,,71172090.0,1 ha worked,,laser_leveler_singlescore_12.json,71172090.0,1.0,,46409100.0,1 ha worked,,rotary_tiller_singlescore_14.json,46409100.0,0.0,,18753450.0,1 ha worked,,seeder_singlescore_17.json,0.0,5.4273367192,,11114430.0,1 ha worked,,sprayer_singlescore_15.json,60321754.05197806,360880894.05197805
C3_2023,C3,2023,ha,Ozone depletion,Pt,3.0,,7.3408e-09,1 ha worked,,centrifugal_spreader_singlescore_13.json,2.20224e-08,1.0,,4.4843999999999994e-08,1 ha worked,,combine_harvester_singlescore_16.json,4.4843999999999994e-08,3.0,,6.1716e-09,1 ha worked,,disk_harrow_singlescore_11.json,1.85148e-08,1.0,,3.1524e-08,1 ha worked,,laser_leveler_singlescore_12.json,3.1524e-08,1.0,,1.47556e-08,1 ha worked,,rotary_tiller_singlescore_14.json,1.47556e-08,0.0,,5.209600000000001e-09,1 ha worked,,seeder_singlescore_17.json,0.0,5.4273367192,,4.765600000000001e-10,1 ha worked,,sprayer_singlescore_15.json,2.5864515869019523e-09,1.3424725158690194e-07
C3_2023,C3,2023,ha,Particulate matter,Pt,3.0,,5.4204899999999996e-11,1 ha worked,,centrifugal_spreader_singlescore_13.json,1.626147e-10,1.0,,3.4657700000000003e-10,1 ha worked,,combine_harvester_singlescore_16.json,3.4657700000000003e-10,3.0,,4.00589e-11,1 ha worked,,disk_harrow_singlescore_11.json,1.201767e-10,1.0,,2.3533799999999997e-10,1 ha worked,,laser_leveler_singlescore_12.json,2.3533799999999997e-10,1.0,,1.7875400000000004e-10,1 ha worked,,rotary_tiller_singlescore_14.json,1.7875400000000004e-10,0.0,,9.130600000000001e-11,1 ha worked,,seeder_singlescore_17.json,0.0,5.4273367192,,7.844600000000002e-12,1 ha worked,,sprayer_singlescore_15.json,4.257528562743633e-11,1.0860356856274364e-09
C3_2023,C3,2023,ha,Photochemical ozone formation,Pt,3.0,,0.5917,1 ha worked,,centrifugal_spreader_singlescore_13.json,1.7751000000000001,1.0,,4.268,1 ha worked,,combine_harvester_singlescore_16.json,4.268,3.0,,0.48305999999999993,1 ha worked,,disk_harrow_singlescore_11.json,1.4491799999999997,1.0,,2.5802,1 ha worked,,laser_leveler_singlescore_12.json,2.5802,1.0,,1.2998,1 ha worked,,rotary_tiller_singlescore_14.json,1.2998,0.0,,0.20757999999999996,1 ha worked,,seeder_singlescore_17.json,0.0,5.4273367192,,0.037635999999999996,1 ha worked,,sprayer_singlescore_15.json,0.2042632447638112,11.57654324476381
C3_2023,C3,2023,ha,"Resource use, fossils",Pt,3.0,,1940138.9999999998,1 ha worked,,centrifugal_spreader_singlescore_13.json,5820416.999999999,1.0,,11808458.1,1 ha worked,,combine_harvester_singlescore_16.json,11808458.1,3.0,,1486788.3,1 ha worked,,disk_harrow_singlescore_11.json,4460364.9,1.0,,8854809.6,1 ha worked,,laser_leveler_singlescore_12.json,8854809.6,1.0,,4686307.2,1 ha worked,,rotary_tiller_singlescore_14.json,4686307.2,0.0,,1833385.2000000002,1 ha worked,,seeder_singlescore_17.json,0.0,5.4273367192,,127767.9,1 ha worked,,sprayer_singlescore_15.json,693439.4152050737,36323796.21520508
C3_2023,C3,2023,ha,"Resource use, minerals and metals",Pt,3.0,,1.5072e-06,1 ha worked,,centrifugal_spreader_singlescore_13.json,4.5216e-06,1.0,,1.2384e-05,1 ha worked,,combine_harvester_singlescore_16.json,1.2384e-05,3.0,,6.095999999999998e-07,1 ha worked,,disk_harrow_singlescore_11.json,1.8287999999999995e-06,1.0,,4.4015999999999995e-06,1 ha worked,,laser_leveler_singlescore_12.json,4.4015999999999995e-06,1.0,,2.976e-06,1 ha worked,,rotary_tiller_singlescore_14.json,2.976e-06,0.0,,1.7759999999999998e-06,1 ha worked,,seeder_singlescore_17.json,0.0,5.4273367192,,1.3968e-07,1 ha worked,,sprayer_singlescore_15.json,7.58090392937856e-07,2.6870090392937854e-05
C3_2023,C3,2023,ha,Total,Pt,3.0,,18203540.602892786,1 ha worked,,centrifugal_spreader_singlescore_13.json,54610621.80867836,1.0,,101551998.37990059,1 ha worked,,combine_harvester_singlescore_16.json,101551998.37990059,3.0,,16844590.994255494,1 ha worked,,disk_harrow_singlescore_11.json,50533772.98276648,1.0,,80616648.64674218,1 ha worked,,laser_leveler_singlescore_12.json,80616648.64674218,1.0,,51483431.65711595,1 ha worked,,rotary_tiller_singlescore_14.json,51483431.65711595,0.0,,20774237.986285694,1 ha worked,,seeder_singlescore_17.json,0.0,5.4273367192,,11253191.91303122,1 ha worked,,sprayer_singlescore_15.json,61074861.67779884,399871335.1530024
C3_2023,C3,2023,ha,Water use,Pt,3.0,,2065.69,1 ha worked,,centrifugal_spreader_singlescore_13.json,6197.07,1.0,,12531.2,1 ha worked,,combine_harvester_singlescore_16.json,12531.2,3.0,,837.045,1 ha worked,,disk_harrow_singlescore_11.json,2511.1349999999998,1.0,,7773.259999999999,1 ha worked,,laser_leveler_singlescore_12.json,7773.259999999999,1.0,,6275.389999999999,1 ha worked,,rotary_tiller_singlescore_14.json,6275.389999999999,0.0,,3367.76,1 ha worked,,seeder_singlescore_17.json,0.0,5.4273367192,,230.065,1 ha worked,,sprayer_singlescore_15.json,1248.640222302748,36536.69522230274
C3_2024,C3,2024,ha,Acidification,Pt,3.0,,0.8703199999999999,1 ha worked,,centrifugal_spreader_singlescore_13.json,2.6109599999999995,1.0,,6.1575999999999995,1 ha worked,,combine_harvester_singlescore_16.json,6.1575999999999995,3.0,,0.6948799999999999,1 ha worked,,disk_harrow_singlescore_11.json,2.08464,1.0,,3.784,1 ha worked,,laser_leveler_singlescore_12.json,3.784,1.0,,1.95048,1 ha worked,,rotary_tiller_singlescore_14.json,1.95048,0.0,,0.39904,1 ha worked,,seeder_singlescore_17.json,0.0,3.8109239954,,0.057448000000000006,1 ha worked,,sprayer_singlescore_15.json,0.21892996168773923,16.806609961687737
C3_2024,C3,2024,ha,Climate change,Pt,3.0,,47577.59999999999,1 ha worked,,centrifugal_spreader_singlescore_13.json,142732.8,1.0,,293625.3,1 ha worked,,combine_harvester_singlescore_16.json,293625.3,3.0,,36196.5,1 ha worked,,disk_harrow_singlescore_11.json,108589.5,1.0,,219798.59999999998,1 ha worked,,laser_leveler_singlescore_12.json,219798.59999999998,1.0,,123280.5,1 ha worked,,rotary_tiller_singlescore_14.json,123280.5,0.0,,50037.9,1 ha worked,,seeder_singlescore_17.json,0.0,3.8109239954,,3416.1000000000004,1 ha worked,,sprayer_singlescore_15.json,13018.497460685941,901045.1974606859
C3_2024,C3,2024,ha,Climate change - Biogenic,Pt,3.0,,0.0,1 ha worked,,centrifugal_spreader_singlescore_13.json,0.0,1.0,,0.0,1 ha worked,,combine_harvester_singlescore_16.json,0.0,3.0,,0.0,1 ha worked,,disk_harrow_singlescore_11.json,0.0,1.0,,0.0,1 ha worked,,laser_leveler_singlescore_12.json,0.0,1.0,,0.0,1 ha worked,,rotary_tiller_singlescore_14.json,0.0,0.0,,0.0,1 ha worked,,seeder_singlescore_17.json,0.0,3.8109239954,,0.0,1 ha worked,,sprayer_singlescore_15.json,0.0,0.0
C3_2024,C3,2024,ha,Climate change - Fossil,Pt,3.0,,0.0,1 ha worked,,centrifugal_spreader_singlescore_13.json,0.0,1.0,,0.0,1 ha worked,,combine_harvester_singlescore_16.json,0.0,3.0,,0.0,1 ha worked,,disk_harrow_singlescore_11.json,0.0,1.0,,0.0,1 ha worked,,laser_leveler_singlescore_12.json,0.0,1.0,,0.0,1 ha worked,,rotary_tiller_singlescore_14.json,0.0,0.0,,0.0,1 ha worked,,seeder_singlescore_17.json,0.0,3.8109239954,,0.0,1 ha worked,,sprayer_singlescore_15.json,0.0,0.0
C3_2024,C3,2024,ha,Climate change - Land use and LU change,Pt,3.0,,0.0,1 ha worked,,centrifugal_spreader_singlescore_13.json,0.0,1.0,,0.0,1 ha worked,,combine_harvester_singlescore_16.json,0.0,3.0,,0.0,1 ha worked,,disk_harrow_singlescore_11.json,0.0,1.0,,0.0,1 ha worked,,laser_leveler_singlescore_12.json,0.0,1.0,,0.0,1 ha worked,,rotary_tiller_singlescore_14.json,0.0,0.0,,0.0,1 ha worked,,seeder_singlescore_17.json,0.0,3.8109239954,,0.0,1 ha worked,,sprayer_singlescore_15.json,0.0,0.0
C3_2024,C3,2024,ha,"Ecotoxicity, freshwater",Pt,3.0,,92856.62000000001,1 ha worked,,centrifugal_spreader_singlescore_13.json,278569.86000000004,1.0,,619566.99,1 ha worked,,combine_harvester_singlescore_16.json,619566.99,3.0,,53553.84,1 ha worked,,disk_harrow_singlescore_11.json,160661.52,1.0,,360473.73,1 ha worked,,laser_leveler_singlescore_12.json,360473.73,1.0,,257538.30999999997,1 ha worked,,rotary_tiller_singlescore_14.json,257538.30999999997,0.0,,133625.82,1 ha worked,,seeder_singlescore_17.json,0.0,3.8109239954,,7323.02,1 ha worked,,sprayer_singlescore_15.json,27907.47263679411,1704717.8826367944
C3_2024,C3,2024,ha,"Ecotoxicity, freshwater - inorganics",Pt,3.0,,0.0,1 ha worked,,centrifugal_spreader_singlescore_13.json,0.0,1.0,,0.0,1 ha worked,,combine_harvester_singlescore_16.json,0.0,3.0,,0.0,1 ha worked,,disk_harrow_singlescore_11.json,0.0,1.0,,0.0,1 ha worked,,laser_leveler_singlescore_12.json,0.0,1.0,,0.0,1 ha worked,,rotary_tiller_singlescore_14.json,0.0,0.0,,0.0,1 ha worked,,seeder_singlescore_17.json,0.0,3.8109239954,,0.0,1 ha worked,,sprayer_singlescore_15.json,0.0,0.0
C3_2024,C3,2024,ha,"Ecotoxicity, freshwater - metals",Pt,3.0,,0.0,1 ha worked,,centrifugal_spreader_singlescore_13.json,0.0,1.0,,0.0,1 ha worked,,combine_harvester_singlescore_16.json,0.0,3.0,,0.0,1 ha worked,,disk_harrow_singlescore_11.json,0.0,1.0,,0.0,1 ha worked,,laser_leveler_singlescore_12.json,0.0,1.0,,0.0,1 ha worked,,rotary_tiller_singlescore_14.json,0.0,0.0,,0.0,1 ha worked,,seeder_singlescore_17.json,0.0,3.8109239954,,0.0,1 ha worked,,sprayer_singlescore_15.json,0.0,0.0
C3_2024,C3,2024,ha,"Ecotoxicity, freshwater - organics",Pt,3.0,,0.0,1 ha worked,,centrifugal_spreader_singlescore_13.json,0.0,1.0,,0.0,1 ha worked,,combine_harvester_singlescore_16.json,0.0,3.0,,0.0,1 ha worked,,disk_harrow_singlescore_11.json,0.0,1.0,,0.0,1 ha worked,,laser_leveler_singlescore_12.json,0.0,1.0,,0.0,1 ha worked,,rotary_tiller_singlescore_14.json,0.0,0.0,,0.0,1 ha worked,,seeder_singlescore_17.json,0.0,3.8109239954,,0.0,1 ha worked,,sprayer_singlescore_15.json,0.0,0.0
C3_2024,C3,2024,ha,"Eutrophication, freshwater",Pt,3.0,,7.1276e-05,1 ha worked,,centrifugal_spreader_singlescore_13.json,0.000213828,1.0,,0.00048615999999999997,1 ha worked,,combine_harvester_singlescore_16.json,0.00048615999999999997,3.0,,3.0076e-05,1 ha worked,,disk_harrow_singlescore_11.json,9.0228e-05,1.0,,0.00026574,1 ha worked,,laser_leveler_singlescore_12.json,0.00026574,1.0,,0.00023895999999999998,1 ha worked,,rotary_tiller_singlescore_14.json,0.00023895999999999998,0.0,,0.00014111,1 ha worked,,seeder_singlescore_17.json,0.0,3.8109239954,,5.6032e-06,1 ha worked,,sprayer_singlescore_15.json,2.135336933102528e-05,0.0013162693693310249
C3_2024,C3,2024,ha,"Eutrophication, marine",Pt,3.0,,0.08380000000000001,1 ha worked,,centrifugal_spreader_singlescore_13.json,0.25140000000000007,1.0,,0.610902,1 ha worked,,combine_harvester_singlescore_16.json,0.610902,3.0,,0.0708948,1 ha worked,,disk_harrow_singlescore_11.json,0.2126844,1.0,,0.37207199999999996,1 ha worked,,laser_leveler_singlescore_12.json,0.37207199999999996,1.0,,0.17849399999999999,1 ha worked,,rotary_tiller_singlescore_14.json,0.17849399999999999,0.0,,0.017262800000000002,1 ha worked,,seeder_singlescore_17.json,0.0,3.8109239954,,0.005413480000000001,1 ha worked,,sprayer_singlescore_15.json,0.020630360830617995,1.6461827608306179
C3_2024,C3,2024,ha,"Eutrophication, terrestrial",Pt,3.0,,7.227,1 ha worked,,centrifugal_spreader_singlescore_13.json,21.681,1.0,,52.3629,1 ha worked,,combine_harvester_singlescore_16.json,52.3629,3.0,,6.09039,1 ha worked,,disk_harrow_singlescore_11.json,18.27117,1.0,,31.9302,1 ha worked,,laser_leveler_singlescore_12.json,31.9302,1.0,,15.308100000000001,1 ha worked,,rotary_tiller_singlescore_14.json,15.308100000000001,0.0,,1.43226,1 ha worked,,seeder_singlescore_17.json,0.0,3.8109239954,,0.46252800000000005,1 ha worked,,sprayer_singlescore_15.json,1.7626590537443714,141.31602905374436
C3_2024,C3,2024,ha,"Human toxicity, cancer",Pt,3.0,,1.6072e-14,1 ha worked,,centrifugal_spreader_singlescore_13.json,4.8216e-14,1.0,,1.0988000000000001e-13,1 ha worked,,combine_harvester_singlescore_16.json,1.0988000000000001e-13,3.0,,9.265999999999999e-15,1 ha worked,,disk_harrow_singlescore_11.json,2.7797999999999996e-14,1.0,,8.446e-14,1 ha worked,,laser_leveler_singlescore_12.json,8.446e-14,1.0,,9.348e-14,1 ha worked,,rotary_tiller_singlescore_14.json,9.348e-14,0.0,,4.5428e-14,1 ha worked,,seeder_singlescore_17.json,0.0,3.8109239954,,1.5661999999999999e-15,1 ha worked,,sprayer_singlescore_15.json,5.96866916159548e-15,3.6980266916159554e-13
C3_2024,C3,2024,ha,"Human toxicity, cancer - inorganics",Pt,3.0,,0.0,1 ha worked,,centrifugal_spreader_singlescore_13.json,0.0,1.0,,0.0,1 ha worked,,combine_harvester_singlescore_16.json,0.0,3.0,,0.0,1 ha worked,,disk_harrow_singlescore_11.json,0.0,1.0,,0.0,1 ha worked,,laser_leveler_singlescore_12.json,0.0,1.0,,0.0,1 ha worked,,rotary_tiller_singlescore_14.json,0.0,0.0,,0.0,1 ha worked,,seeder_singlescore_17.json,0.0,3.8109239954,,0.0,1 ha worked,,sprayer_singlescore_15.json,0.0,0.0
C3_2024,C3,2024,ha,"Human toxicity, cancer - metals",Pt,3.0,,0.0,1 ha worked,,centrifugal_spreader_singlescore_13.json,0.0,1.0,,0.0,1 ha worked,,combine_harvester_singlescore_16.json,0.0,3.0,,0.0,1 ha worked,,disk_harrow_singlescore_11.json,0.0,1.0,,0.0,1 ha worked,,laser_leveler_singlescore_12.json,0.0,1.0,,0.0,1 ha worked,,rotary_tiller_singlescore_14.json,0.0,0.0,,0.0,1 ha worked,,seeder_singlescore_17.json,0.0,3.8109239954,,0.0,1 ha worked,,sprayer_singlescore_15.json,0.0,0.0
C3_2024,C3,2024,ha,"Human toxicity, cancer - organics",Pt,3.0,,0.0,1 ha worked,,centrifugal_spreader_singlescore_13.json,0.0,1.0,,0.0,1 ha worked,,combine_harvester_singlescore_16.json,0.0,3.0,,0.0,1 ha worked,,disk_harrow_singlescore_11.json,0.0,1.0,,0.0,1 ha worked,,laser_leveler_singlescore_12.json,0.0,1.0,,0.0,1 ha worked,,rotary_tiller_singlescore_14.json,0.0,0.0,,0.0,1 ha worked,,seeder_singlescore_17.json,0.0,3.8109239954,,0.0,1 ha worked,,sprayer_singlescore_15.json,0.0,0.0
C3_2024,C3,2024,ha,"Human toxicity, non-cancer",Pt,3.0,,5.2352599999999984e-12,1 ha worked,,centrifugal_spreader_singlescore_13.json,1.5705779999999997e-11,1.0,,3.0240399999999995e-11,1 ha worked,,combine_harvester_singlescore_16.json,3.0240399999999995e-11,3.0,,7.796079999999999e-12,1 ha worked,,disk_harrow_singlescore_11.json,2.3388239999999995e-11,1.0,,1.748e-11,1 ha worked,,laser_leveler_singlescore_12.json,1.748e-11,1.0,,1.1973799999999998e-11,1 ha worked,,rotary_tiller_singlescore_14.json,1.1973799999999998e-11,0.0,,9.351799999999999e-12,1 ha worked,,seeder_singlescore_17.json,0.0,3.8109239954,,1.1099799999999999e-12,1 ha worked,,sprayer_singlescore_15.json,4.230049416414091e-12,1.0301826941641407e-10
C3_2024,C3,2024,ha,"Human toxicity, non-cancer - inorganics",Pt,3.0,,0.0,1 ha worked,,centrifugal_spreader_singlescore_13.json,0.0,1.0,,0.0,1 ha worked,,combine_harvester_singlescore_16.json,0.0,3.0,,0.0,1 ha worked,,disk_harrow_singlescore_11.json,0.0,1.0,,0.0,1 ha worked,,laser_leveler_singlescore_12.json,0.0,1.0,,0.0,1 ha worked,,rotary_tiller_singlescore_14.json,0.0,0.0,,0.0,1 ha worked,,seeder_singlescore_17.json,0.0,3.8109239954,,0.0,1 ha worked,,sprayer_singlescore_15.json,0.0,0.0
C3_2024,C3,2024,ha,"Human toxicity, non-cancer - metals",Pt,3.0,,0.0,1 ha worked,,centrifugal_spreader_singlescore_13.json,0.0,1.0,,0.0,1 ha worked,,combine_harvester_singlescore_16.json,0.0,3.0,,0.0,1 ha worked,,disk_harrow_singlescore_11.json,0.0,1.0,,0.0,1 ha worked,,laser_leveler_singlescore_12.json,0.0,1.0,,0.0,1 ha worked,,rotary_tiller_singlescore_14.json,0.0,0.0,,0.0,1 ha worked,,seeder_singlescore_17.json,0.0,3.8109239954,,0.0,1 ha worked,,sprayer_singlescore_15.json,0.0,0.0
C3_2024,C3,2024,ha,"Human toxicity, non-cancer - organics",Pt,3.0,,0.0,1 ha worked,,centrifugal_spreader_singlescore_13.json,0.0,1.0,,0.0,1 ha worked,,combine_harvester_singlescore_16.json,0.0,3.0,,0.0,1 ha worked,,disk_harrow_singlescore_11.json,0.0,1.0,,0.0,1 ha worked,,laser_leveler_singlescore_12.json,0.0,1.0,,0.0,1 ha worked,,rotary_tiller_singlescore_14.json,0.0,0.0,,0.0,1 ha worked,,seeder_singlescore_17.json,0.0,3.8109239954,,0.0,1 ha worked,,sprayer_singlescore_15.json,0.0,0.0
C3_2024,C3,2024,ha,Ionising radiation,Pt,3.0,,362.9200000000001,1 ha worked,,centrifugal_spreader_singlescore_13.json,1088.7600000000002,1.0,,2213.39,1 ha worked,,combine_harvester_singlescore_16.json,2213.39,3.0,,267.96999999999997,1 ha worked,,disk_harrow_singlescore_11.json,803.9099999999999,1.0,,1664.79,1 ha worked,,laser_leveler_singlescore_12.json,1664.79,1.0,,911.52,1 ha worked,,rotary_tiller_singlescore_14.json,911.52,0.0,,369.25,1 ha worked,,seeder_singlescore_17.json,0.0,3.8109239954,,24.264999999999997,1 ha worked,,sprayer_singlescore_15.json,92.47207074838099,6774.84207074838
C3_2024,C3,2024,ha,Land use,Pt,3.0,,16120529.999999998,1 ha worked,,centrifugal_spreader_singlescore_13.json,48361589.99999999,1.0,,88815540.0,1 ha worked,,combine_harvester_singlescore_16.json,88815540.0,3.0,,15266940.0,1 ha worked,,disk_harrow_singlescore_11.json,45800820.0,1.0,,71172090.0,1 ha worked,,laser_leveler_singlescore_12.json,71172090.0,1.0,,46409100.0,1 ha worked,,rotary_tiller_singlescore_14.json,46409100.0,0.0,,18753450.0,1 ha worked,,seeder_singlescore_17.json,0.0,3.8109239954,,11114430.0,1 ha worked,,sprayer_singlescore_15.json,42356247.98219362,342915387.9821936
C3_2024,C3,2024,ha,Ozone depletion,Pt,3.0,,7.3408e-09,1 ha worked,,centrifugal_spreader_singlescore_13.json,2.20224e-08,1.0,,4.4843999999999994e-08,1 ha worked,,combine_harvester_singlescore_16.json,4.4843999999999994e-08,3.0,,6.1716e-09,1 ha worked,,disk_harrow_singlescore_11.json,1.85148e-08,1.0,,3.1524e-08,1 ha worked,,laser_leveler_singlescore_12.json,3.1524e-08,1.0,,1.47556e-08,1 ha worked,,rotary_tiller_singlescore_14.json,1.47556e-08,0.0,,5.209600000000001e-09,1 ha worked,,seeder_singlescore_17.json,0.0,3.8109239954,,4.765600000000001e-10,1 ha worked,,sprayer_singlescore_15.json,1.8161339392478242e-09,1.3347693393924783e-07
C3_2024,C3,2024,ha,Particulate matter,Pt,3.0,,5.4204899999999996e-11,1 ha worked,,centrifugal_spreader_singlescore_13.json,1.626147e-10,1.0,,3.4657700000000003e-10,1 ha worked,,combine_harvester_singlescore_16.json,3.4657700000000003e-10,3.0,,4.00589e-11,1 ha worked,,disk_harrow_singlescore_11.json,1.201767e-10,1.0,,2.3533799999999997e-10,1 ha worked,,laser_leveler_singlescore_12.json,2.3533799999999997e-10,1.0,,1.7875400000000004e-10,1 ha worked,,rotary_tiller_singlescore_14.json,1.7875400000000004e-10,0.0,,9.130600000000001e-11,1 ha worked,,seeder_singlescore_17.json,0.0,3.8109239954,,7.844600000000002e-12,1 ha worked,,sprayer_singlescore_15.json,2.989517437431485e-11,1.0733555743743147e-09
C3_2024,C3,2024,ha,Photochemical ozone formation,Pt,3.0,,0.5917,1 ha worked,,centrifugal_spreader_singlescore_13.json,1.7751000000000001,1.0,,4.268,1 ha worked,,combine_harvester_singlescore_16.json,4.268,3.0,,0.48305999999999993,1 ha worked,,disk_harrow_singlescore_11.json,1.4491799999999997,1.0,,2.5802,1 ha worked,,laser_leveler_singlescore_12.json,2.5802,1.0,,1.2998,1 ha worked,,rotary_tiller_singlescore_14.json,1.2998,0.0,,0.20757999999999996,1 ha worked,,seeder_singlescore_17.json,0.0,3.8109239954,,0.037635999999999996,1 ha worked,,sprayer_singlescore_15.json,0.14342793549087438,11.515707935490873
C3_2024,C3,2024,ha,"Resource use, fossils",Pt,3.0,,1940138.9999999998,1 ha worked,,centrifugal_spreader_singlescore_13.json,5820416.999999999,1.0,,11808458.1,1 ha worked,,combine_harvester_singlescore_16.json,11808458.1,3.0,,1486788.3,1 ha worked,,disk_harrow_singlescore_11.json,4460364.9,1.0,,8854809.6,1 ha worked,,laser_leveler_singlescore_12.json,8854809.6,1.0,,4686307.2,1 ha worked,,rotary_tiller_singlescore_14.json,4686307.2,0.0,,1833385.2000000002,1 ha worked,,seeder_singlescore_17.json,0.0,3.8109239954,,127767.9,1 ha worked,,sprayer_singlescore_15.json,486913.7559518677,36117270.55595187
C3_2024,C3,2024,ha,"Resource use, minerals and metals",Pt,3.0,,1.5072e-06,1 ha worked,,centrifugal_spreader_singlescore_13.json,4.5216e-06,1.0,,1.2384e-05,1 ha worked,,combine_harvester_singlescore_16.json,1.2384e-05,3.0,,6.095999999999998e-07,1 ha worked,,disk_harrow_singlescore_11.json,1.8287999999999995e-06,1.0,,4.4015999999999995e-06,1 ha worked,,laser_leveler_singlescore_12.json,4.4015999999999995e-06,1.0,,2.976e-06,1 ha worked,,rotary_tiller_singlescore_14.json,2.976e-06,0.0,,1.7759999999999998e-06,1 ha worked,,seeder_singlescore_17.json,0.0,3.8109239954,,1.3968e-07,1 ha worked,,sprayer_singlescore_15.json,5.323098636774719e-07,2.664430986367747e-05
C3_2024,C3,2024,ha,Total,Pt,3.0,,18203540.602892786,1 ha worked,,centrifugal_spreader_singlescore_13.json,54610621.80867836,1.0,,101551998.37990059,1 ha worked,,combine_harvester_singlescore_16.json,101551998.37990059,3.0,,16844590.994255494,1 ha worked,,disk_harrow_singlescore_11.json,50533772.98276648,1.0,,80616648.64674218,1 ha worked,,laser_leveler_singlescore_12.json,80616648.64674218,1.0,,51483431.65711595,1 ha worked,,rotary_tiller_singlescore_14.json,51483431.65711595,0.0,,20774237.986285694,1 ha worked,,seeder_singlescore_17.json,0.0,3.8109239954,,11253191.91303122,1 ha worked,,sprayer_singlescore_15.json,42885059.086211905,381681532.5614155
C3_2024,C3,2024,ha,Water use,Pt,3.0,,2065.69,1 ha worked,,centrifugal_spreader_singlescore_13.json,6197.07,1.0,,12531.2,1 ha worked,,combine_harvester_singlescore_16.json,12531.2,3.0,,837.045,1 ha worked,,disk_harrow_singlescore_11.json,2511.1349999999998,1.0,,7773.259999999999,1 ha worked,,laser_leveler_singlescore_12.json,7773.259999999999,1.0,,6275.389999999999,1 ha worked,,rotary_tiller_singlescore_14.json,6275.389999999999,0.0,,3367.76,1 ha worked,,seeder_singlescore_17.json,0.0,3.8109239954,,230.065,1 ha worked,,sprayer_singlescore_15.json,876.760229001701,36164.815229001695
C4_2022,C4,2022,ha,Acidification,Pt,2.7619992067,,0.8703199999999999,1 ha worked,,centrifugal_spreader_singlescore_13.json,2.403823149575144,1.0,,6.1575999999999995,1 ha worked,,combine_harvester_singlescore_16.json,6.1575999999999995,3.0,,0.6948799999999999,1 ha worked,,disk_harrow_singlescore_11.json,2.08464,1.0,,3.784,1 ha worked,,laser_leveler_singlescore_12.json,3.784,1.0,,1.95048,1 ha worked,,rotary_tiller_singlescore_14.json,1.95048,0.0,,0.39904,1 ha worked,,seeder_singlescore_17.json,0.0,6.85799286,,0.057448000000000006,1 ha worked,,sprayer_singlescore_15.json,0.3939779738212801,16.774521123396422
C4_2022,C4,2022,ha,Climate change,Pt,2.7619992067,,47577.59999999999,1 ha worked,,centrifugal_spreader_singlescore_13.json,131409.2934566899,1.0,,293625.3,1 ha worked,,combine_harvester_singlescore_16.json,293625.3,3.0,,36196.5,1 ha worked,,disk_harrow_singlescore_11.json,108589.5,1.0,,219798.59999999998,1 ha worked,,laser_leveler_singlescore_12.json,219798.59999999998,1.0,,123280.5,1 ha worked,,rotary_tiller_singlescore_14.json,123280.5,0.0,,50037.9,1 ha worked,,seeder_singlescore_17.json,0.0,6.85799286,,3416.1000000000004,1 ha worked,,sprayer_singlescore_15.json,23427.589409046002,900130.7828657358
C4_2022,C4,2022,ha,Climate change - Biogenic,Pt,2.7619992067,,0.0,1 ha worked,,centrifugal_spreader_singlescore_13.json,0.0,1.0,,0.0,1 ha worked,,combine_harvester_singlescore_16.json,0.0,3.0,,0.0,1 ha worked,,disk_harrow_singlescore_11.json,0.0,1.0,,0.0,1 ha worked,,laser_leveler_singlescore_12.json,0.0,1.0,,0.0,1 ha worked,,rotary_tiller_singlescore_14.json,0.0,0.0,,0.0,1 ha worked,,seeder_singlescore_17.json,0.0,6.85799286,,0.0,1 ha worked,,sprayer_singlescore_15.json,0.0,0.0
C4_2022,C4,2022,ha,Climate change - Fossil,Pt,2.7619992067,,0.0,1 ha worked,,centrifugal_spreader_singlescore_13.json,0.0,1.0,,0.0,1 ha worked,,combine_harvester_singlescore_16.json,0.0,3.0,,0.0,1 ha worked,,disk_harrow_singlescore_11.json,0.0,1.0,,0.0,1 ha worked,,laser_leveler_singlescore_12.json,0.0,1.0,,0.0,1 ha worked,,rotary_tiller_singlescore_14.json,0.0,0.0,,0.0,1 ha worked,,seeder_singlescore_17.json,0.0,6.85799286,,0.0,1 ha worked,,sprayer_singlescore_15.json,0.0,0.0
C4_2022,C4,2022,ha,Climate change - Land use and LU change,Pt,2.7619992067,,0.0,1 ha worked,,centrifugal_spreader_singlescore_13.json,0.0,1.0,,0.0,1 ha worked,,combine_harvester_singlescore_16.json,0.0,3.0,,0.0,1 ha worked,,disk_harrow_singlescore_11.json,0.0,1.0,,0.0,1 ha worked,,laser_leveler_singlescore_12.json,0.0,1.0,,0.0,1 ha worked,,rotary_tiller_singlescore_14.json,0.0,0.0,,0.0,1 ha worked,,seeder_singlescore_17.json,0.0,6.85799286,,0.0,1 ha worked,,sprayer_singlescore_15.json,0.0,0.0
C4_2022,C4,2022,ha,"Ecotoxicity, freshwater",Pt,2.7619992067,,92856.62000000001,1 ha worked,,centrifugal_spreader_singlescore_13.json,256469.9107768434,1.0,,619566.99,1 ha worked,,combine_harvester_singlescore_16.json,619566.99,3.0,,53553.84,1 ha worked,,disk_harrow_singlescore_11.json,160661.52,1.0,,360473.73,1 ha worked,,laser_leveler_singlescore_12.json,360473.73,1.0,,257538.30999999997,1 ha worked,,rotary_tiller_singlescore_14.json,257538.30999999997,0.0,,133625.82,1 ha worked,,seeder_singlescore_17.json,0.0,6.85799286,,7323.02,1 ha worked,,sprayer_singlescore_15.json,50221.218873637205,1704931.6796504809
C4_2022,C4,2022,ha,"Ecotoxicity, freshwater - inorganics",Pt,2.7619992067,,0.0,1 ha worked,,centrifugal_spreader_singlescore_13.json,0.0,1.0,,0.0,1 ha worked,,combine_harvester_singlescore_16.json,0.0,3.0,,0.0,1 ha worked,,disk_harrow_singlescore_11.json,0.0,1.0,,0.0,1 ha worked,,laser_leveler_singlescore_12.json,0.0,1.0,,0.0,1 ha worked,,rotary_tiller_singlescore_14.json,0.0,0.0,,0.0,1 ha worked,,seeder_singlescore_17.json,0.0,6.85799286,,0.0,1 ha worked,,sprayer_singlescore_15.json,0.0,0.0
C4_2022,C4,2022,ha,"Ecotoxicity, freshwater - metals",Pt,2.7619992067,,0.0,1 ha worked,,centrifugal_spreader_singlescore_13.json,0.0,1.0,,0.0,1 ha worked,,combine_harvester_singlescore_16.json,0.0,3.0,,0.0,1 ha worked,,disk_harrow_singlescore_11.json,0.0,1.0,,0.0,1 ha worked,,laser_leveler_singlescore_12.json,0.0,1.0,,0.0,1 ha worked,,rotary_tiller_singlescore_14.json,0.0,0.0,,0.0,1 ha worked,,seeder_singlescore_17.json,0.0,6.85799286,,0.0,1 ha worked,,sprayer_singlescore_15.json,0.0,0.0
C4_2022,C4,2022,ha,"Ecotoxicity, freshwater - organics",Pt,2.7619992067,,0.0,1 ha worked,,centrifugal_spreader_singlescore_13.json,0.0,1.0,,0.0,1 ha worked,,combine_harvester_singlescore_16.json,0.0,3.0,,0.0,1 ha worked,,disk_harrow_singlescore_11.json,0.0,1.0,,0.0,1 ha worked,,laser_leveler_singlescore_12.json,0.0,1.0,,0.0,1 ha worked,,rotary_tiller_singlescore_14.json,0.0,0.0,,0.0,1 ha worked,,seeder_singlescore_17.json,0.0,6.85799286,,0.0,1 ha worked,,sprayer_singlescore_15.json,0.0,0.0
C4_2022,C4,2022,ha,"Eutrophication, freshwater",Pt,2.7619992067,,7.1276e-05,1 ha worked,,centrifugal_spreader_singlescore_13.json,0.0001968642554567492,1.0,,0.00048615999999999997,1 ha worked,,combine_harvester_singlescore_16.json,0.00048615999999999997,3.0,,3.0076e-05,1 ha worked,,disk_harrow_singlescore_11.json,9.0228e-05,1.0,,0.00026574,1 ha worked,,laser_leveler_singlescore_12.json,0.00026574,1.0,,0.00023895999999999998,1 ha worked,,rotary_tiller_singlescore_14.json,0.00023895999999999998,0.0,,0.00014111,1 ha worked,,seeder_singlescore_17.json,0.0,6.85799286,,5.6032e-06,1 ha worked,,sprayer_singlescore_15.json,3.8426705593152e-05,0.0013163789610499013
C4_2022,C4,2022,ha,"Eutrophication, marine",Pt,2.7619992067,,0.08380000000000001,1 ha worked,,centrifugal_spreader_singlescore_13.json,0.23145553352146003,1.0,,0.610902,1 ha worked,,combine_harvester_singlescore_16.json,0.610902,3.0,,0.0708948,1 ha worked,,disk_harrow_singlescore_11.json,0.2126844,1.0,,0.37207199999999996,1 ha worked,,laser_leveler_singlescore_12.json,0.37207199999999996,1.0,,0.17849399999999999,1 ha worked,,rotary_tiller_singlescore_14.json,0.17849399999999999,0.0,,0.017262800000000002,1 ha worked,,seeder_singlescore_17.json,0.0,6.85799286,,0.005413480000000001,1 ha worked,,sprayer_singlescore_15.json,0.03712560718775281,1.6427335407092125
C4_2022,C4,2022,ha,"Eutrophication, terrestrial",Pt,2.7619992067,,7.227,1 ha worked,,centrifugal_spreader_singlescore_13.json,19.960968266820903,1.0,,52.3629,1 ha worked,,combine_harvester_singlescore_16.json,52.3629,3.0,,6.09039,1 ha worked,,disk_harrow_singlescore_11.json,18.27117,1.0,,31.9302,1 ha worked,,laser_leveler_singlescore_12.json,31.9302,1.0,,15.308100000000001,1 ha worked,,rotary_tiller_singlescore_14.json,15.308100000000001,0.0,,1.43226,1 ha worked,,seeder_singlescore_17.json,0.0,6.85799286,,0.46252800000000005,1 ha worked,,sprayer_singlescore_15.json,3.1720137215500803,141.005351988371
C4_2022,C4,2022,ha,"Human toxicity, cancer",Pt,2.7619992067,,1.6072e-14,1 ha worked,,centrifugal_spreader_singlescore_13.json,4.4390851250082405e-14,1.0,,1.0988000000000001e-13,1 ha worked,,combine_harvester_singlescore_16.json,1.0988000000000001e-13,3.0,,9.265999999999999e-15,1 ha worked,,disk_harrow_singlescore_11.json,2.7797999999999996e-14,1.0,,8.446e-14,1 ha worked,,laser_leveler_singlescore_12.json,8.446e-14,1.0,,9.348e-14,1 ha worked,,rotary_tiller_singlescore_14.json,9.348e-14,0.0,,4.5428e-14,1 ha worked,,seeder_singlescore_17.json,0.0,6.85799286,,1.5661999999999999e-15,1 ha worked,,sprayer_singlescore_15.json,1.0740988417332e-14,3.707498396674144e-13
C4_2022,C4,2022,ha,"Human toxicity, cancer - inorganics",Pt,2.7619992067,,0.0,1 ha worked,,centrifugal_spreader_singlescore_13.json,0.0,1.0,,0.0,1 ha worked,,combine_harvester_singlescore_16.json,0.0,3.0,,0.0,1 ha worked,,disk_harrow_singlescore_11.json,0.0,1.0,,0.0,1 ha worked,,laser_leveler_singlescore_12.json,0.0,1.0,,0.0,1 ha worked,,rotary_tiller_singlescore_14.json,0.0,0.0,,0.0,1 ha worked,,seeder_singlescore_17.json,0.0,6.85799286,,0.0,1 ha worked,,sprayer_singlescore_15.json,0.0,0.0
C4_2022,C4,2022,ha,"Human toxicity, cancer - metals",Pt,2.7619992067,,0.0,1 ha worked,,centrifugal_spreader_singlescore_13.json,0.0,1.0,,0.0,1 ha worked,,combine_harvester_singlescore_16.json,0.0,3.0,,0.0,1 ha worked,,disk_harrow_singlescore_11.json,0.0,1.0,,0.0,1 ha worked,,laser_leveler_singlescore_12.json,0.0,1.0,,0.0,1 ha worked,,rotary_tiller_singlescore_14.json,0.0,0.0,,0.0,1 ha worked,,seeder_singlescore_17.json,0.0,6.85799286,,0.0,1 ha worked,,sprayer_singlescore_15.json,0.0,0.0
C4_2022,C4,2022,ha,"Human toxicity, cancer - organics",Pt,2.7619992067,,0.0,1 ha worked,,centrifugal_spreader_singlescore_13.json,0.0,1.0,,0.0,1 ha worked,,combine_harvester_singlescore_16.json,0.0,3.0,,0.0,1 ha worked,,disk_harrow_singlescore_11.json,0.0,1.0,,0.0,1 ha worked,,laser_leveler_singlescore_12.json,0.0,1.0,,0.0,1 ha worked,,rotary_tiller_singlescore_14.json,0.0,0.0,,0.0,1 ha worked,,seeder_singlescore_17.json,0.0,6.85799286,,0.0,1 ha worked,,sprayer_singlescore_15.json,0.0,0.0
C4_2022,C4,2022,ha,"Human toxicity, non-cancer",Pt,2.7619992067,,5.2352599999999984e-12,1 ha worked,,centrifugal_spreader_singlescore_13.json,1.4459783966868238e-11,1.0,,3.0240399999999995e-11,1 ha worked,,combine_harvester_singlescore_16.json,3.0240399999999995e-11,3.0,,7.796079999999999e-12,1 ha worked,,disk_harrow_singlescore_11.json,2.3388239999999995e-11,1.0,,1.748e-11,1 ha worked,,laser_leveler_singlescore_12.json,1.748e-11,1.0,,1.1973799999999998e-11,1 ha worked,,rotary_tiller_singlescore_14.json,1.1973799999999998e-11,0.0,,9.351799999999999e-12,1 ha worked,,seeder_singlescore_17.json,0.0,6.85799286,,1.1099799999999999e-12,1 ha worked,,sprayer_singlescore_15.json,7.612234914742799e-12,1.0515445888161102e-10
C4_2022,C4,2022,ha,"Human toxicity, non-cancer - inorganics",Pt,2.7619992067,,0.0,1 ha worked,,centrifugal_spreader_singlescore_13.json,0.0,1.0,,0.0,1 ha worked,,combine_harvester_singlescore_16.json,0.0,3.0,,0.0,1 ha worked,,disk_harrow_singlescore_11.json,0.0,1.0,,0.0,1 ha worked,,laser_leveler_singlescore_12.json,0.0,1.0,,0.0,1 ha worked,,rotary_tiller_singlescore_14.json,0.0,0.0,,0.0,1 ha worked,,seeder_singlescore_17.json,0.0,6.85799286,,0.0,1 ha worked,,sprayer_singlescore_15.json,0.0,0.0
C4_2022,C4,2022,ha,"Human toxicity, non-cancer - metals",Pt,2.7619992067,,0.0,1 ha worked,,centrifugal_spreader_singlescore_13.json,0.0,1.0,,0.0,1 ha worked,,combine_harvester_singlescore_16.json,0.0,3.0,,0.0,1 ha worked,,disk_harrow_singlescore_11.json,0.0,1.0,,0.0,1 ha worked,,laser_leveler_singlescore_12.json,0.0,1.0,,0.0,1 ha worked,,rotary_tiller_singlescore_14.json,0.0,0.0,,0.0,1 ha worked,,seeder_singlescore_17.json,0.0,6.85799286,,0.0,1 ha worked,,sprayer_singlescore_15.json,0.0,0.0
C4_2022,C4,2022,ha,"Human toxicity, non-cancer - organics",Pt,2.7619992067,,0.0,1 ha worked,,centrifugal_spreader_singlescore_13.json,0.0,1.0,,0.0,1 ha worked,,combine_harvester_singlescore_16.json,0.0,3.0,,0.0,1 ha worked,,disk_harrow_singlescore_11.json,0.0,1.0,,0.0,1 ha worked,,laser_leveler_singlescore_12.json,0.0,1.0,,0.0,1 ha worked,,rotary_tiller_singlescore_14.json,0.0,0.0,,0.0,1 ha worked,,seeder_singlescore_17.json,0.0,6.85799286,,0.0,1 ha worked,,sprayer_singlescore_15.json,0.0,0.0
C4_2022,C4,2022,ha,Ionising radiation,Pt,2.7619992067,,362.9200000000001,1 ha worked,,centrifugal_spreader_singlescore_13.json,1002.3847520955642,1.0,,2213.39,1 ha worked,,combine_harvester_singlescore_16.json,2213.39,3.0,,267.96999999999997,1 ha worked,,disk_harrow_singlescore_11.json,803.9099999999999,1.0,,1664.79,1 ha worked,,laser_leveler_singlescore_12.json,1664.79,1.0,,911.52,1 ha worked,,rotary_tiller_singlescore_14.json,911.52,0.0,,369.25,1 ha worked,,seeder_singlescore_17.json,0.0,6.85799286,,24.264999999999997,1 ha worked,,sprayer_singlescore_15.json,166.40919674789998,6762.403948843465
C4_2022,C4,2022,ha,Land use,Pt,2.7619992067,,16120529.999999998,1 ha worked,,centrifugal_spreader_singlescore_13.json,44524891.07158355,1.0,,88815540.0,1 ha worked,,combine_harvester_singlescore_16.json,88815540.0,3.0,,15266940.0,1 ha worked,,disk_harrow_singlescore_11.json,45800820.0,1.0,,71172090.0,1 ha worked,,laser_leveler_singlescore_12.json,71172090.0,1.0,,46409100.0,1 ha worked,,rotary_tiller_singlescore_14.json,46409100.0,0.0,,18753450.0,1 ha worked,,seeder_singlescore_17.json,0.0,6.85799286,,11114430.0,1 ha worked,,sprayer_singlescore_15.json,76222681.5829698,372945122.6545533
C4_2022,C4,2022,ha,Ozone depletion,Pt,2.7619992067,,7.3408e-09,1 ha worked,,centrifugal_spreader_singlescore_13.json,2.027528377654336e-08,1.0,,4.4843999999999994e-08,1 ha worked,,combine_harvester_singlescore_16.json,4.4843999999999994e-08,3.0,,6.1716e-09,1 ha worked,,disk_harrow_singlescore_11.json,1.85148e-08,1.0,,3.1524e-08,1 ha worked,,laser_leveler_singlescore_12.json,3.1524e-08,1.0,,1.47556e-08,1 ha worked,,rotary_tiller_singlescore_14.json,1.47556e-08,0.0,,5.209600000000001e-09,1 ha worked,,seeder_singlescore_17.json,0.0,6.85799286,,4.765600000000001e-10,1 ha worked,,sprayer_singlescore_15.json,3.2682450773616005e-09,1.3318192885390494e-07
C4_2022,C4,2022,ha,Particulate matter,Pt,2.7619992067,,5.4204899999999996e-11,1 ha worked,,centrifugal_spreader_singlescore_13.json,1.4971389079925283e-10,1.0,,3.4657700000000003e-10,1 ha worked,,combine_harvester_singlescore_16.json,3.4657700000000003e-10,3.0,,4.00589e-11,1 ha worked,,disk_harrow_singlescore_11.json,1.201767e-10,1.0,,2.3533799999999997e-10,1 ha worked,,laser_leveler_singlescore_12.json,2.3533799999999997e-10,1.0,,1.7875400000000004e-10,1 ha worked,,rotary_tiller_singlescore_14.json,1.7875400000000004e-10,0.0,,9.130600000000001e-11,1 ha worked,,seeder_singlescore_17.json,0.0,6.85799286,,7.844600000000002e-12,1 ha worked,,sprayer_singlescore_15.json,5.3798210789556016e-11,1.084357801588809e-09
C4_2022,C4,2022,ha,Photochemical ozone formation,Pt,2.7619992067,,0.5917,1 ha worked,,centrifugal_spreader_singlescore_13.json,1.63427493060439,1.0,,4.268,1 ha worked,,combine_harvester_singlescore_16.json,4.268,3.0,,0.48305999999999993,1 ha worked,,disk_harrow_singlescore_11.json,1.4491799999999997,1.0,,2.5802,1 ha worked,,laser_leveler_singlescore_12.json,2.5802,1.0,,1.2998,1 ha worked,,rotary_tiller_singlescore_14.json,1.2998,0.0,,0.20757999999999996,1 ha worked,,seeder_singlescore_17.json,0.0,6.85799286,,0.037635999999999996,1 ha worked,,sprayer_singlescore_15.json,0.25810741927895997,11.48956234988335
C4_2022,C4,2022,ha,"Resource use, fossils",Pt,2.7619992067,,1940138.9999999998,1 ha worked,,centrifugal_spreader_singlescore_13.json,5358662.378887731,1.0,,11808458.1,1 ha worked,,combine_harvester_singlescore_16.json,11808458.1,3.0,,1486788.3,1 ha worked,,disk_harrow_singlescore_11.json,4460364.9,1.0,,8854809.6,1 ha worked,,laser_leveler_singlescore_12.json,8854809.6,1.0,,4686307.2,1 ha worked,,rotary_tiller_singlescore_14.json,4686307.2,0.0,,1833385.2000000002,1 ha worked,,seeder_singlescore_17.json,0.0,6.85799286,,127767.9,1 ha worked,,sprayer_singlescore_15.json,876231.3459371941,36044833.524824925
C4_2022,C4,2022,ha,"Resource use, minerals and metals",Pt,2.7619992067,,1.5072e-06,1 ha worked,,centrifugal_spreader_singlescore_13.json,4.16288520433824e-06,1.0,,1.2384e-05,1 ha worked,,combine_harvester_singlescore_16.json,1.2384e-05,3.0,,6.095999999999998e-07,1 ha worked,,disk_harrow_singlescore_11.json,1.8287999999999995e-06,1.0,,4.4015999999999995e-06,1 ha worked,,laser_leveler_singlescore_12.json,4.4015999999999995e-06,1.0,,2.976e-06,1 ha worked,,rotary_tiller_singlescore_14.json,2.976e-06,0.0,,1.7759999999999998e-06,1 ha worked,,seeder_singlescore_17.json,0.0,6.85799286,,1.3968e-07,1 ha worked,,sprayer_singlescore_15.json,9.579244426848e-07,2.6711209647023038e-05
C4_2022,C4,2022,ha,Total,Pt,2.7619992067,,18203540.602892786,1 ha worked,,centrifugal_spreader_singlescore_13.json,50278164.704321116,1.0,,101551998.37990059,1 ha worked,,combine_harvester_singlescore_16.json,101551998.37990059,3.0,,16844590.994255494,1 ha worked,,disk_harrow_singlescore_11.json,50533772.98276648,1.0,,80616648.64674218,1 ha worked,,laser_leveler_singlescore_12.json,80616648.64674218,1.0,,51483431.65711595,1 ha worked,,rotary_tiller_singlescore_14.json,51483431.65711595,0.0,,20774237.986285694,1 ha worked,,seeder_singlescore_17.json,0.0,6.85799286,,11253191.91303122,1 ha worked,,sprayer_singlescore_15.json,77174309.79177785,411638326.1626242
C4_2022,C4,2022,ha,Water use,Pt,2.7619992067,,2065.69,1 ha worked,,centrifugal_spreader_singlescore_13.json,5705.434141288123,1.0,,12531.2,1 ha worked,,combine_harvester_singlescore_16.json,12531.2,3.0,,837.045,1 ha worked,,disk_harrow_singlescore_11.json,2511.1349999999998,1.0,,7773.259999999999,1 ha worked,,laser_leveler_singlescore_12.json,7773.259999999999,1.0,,6275.389999999999,1 ha worked,,rotary_tiller_singlescore_14.json,6275.389999999999,0.0,,3367.76,1 ha worked,,seeder_singlescore_17.json,0.0,6.85799286,,230.065,1 ha worked,,sprayer_singlescore_15.json,1577.7841273359002,36374.20326862402
C4_2023,C4,2023,ha,Acidification,Pt,3.0,,0.8703199999999999,1 ha worked,,centrifugal_spreader_singlescore_13.json,2.6109599999999995,1.0,,6.1575999999999995,1 ha worked,,combine_harvester_singlescore_16.json,6.1575999999999995,3.0,,0.6948799999999999,1 ha worked,,disk_harrow_singlescore_11.json,2.08464,1.0,,3.784,1 ha worked,,laser_leveler_singlescore_12.json,3.784,1.0,,1.95048,1 ha worked,,rotary_tiller_singlescore_14.json,1.95048,0.0,,0.39904,1 ha worked,,seeder_singlescore_17.json,0.0,2.966442953,,0.057448000000000006,1 ha worked,,sprayer_singlescore_15.json,0.17041621476394403,16.758096214763942
C4_2023,C4,2023,ha,Climate change,Pt,3.0,,47577.59999999999,1 ha worked,,centrifugal_spreader_singlescore_13.json,142732.8,1.0,,293625.3,1 ha worked,,combine_harvester_singlescore_16.json,293625.3,3.0,,36196.5,1 ha worked,,disk_harrow_singlescore_11.json,108589.5,1.0,,219798.59999999998,1 ha worked,,laser_leveler_singlescore_12.json,219798.59999999998,1.0,,123280.5,1 ha worked,,rotary_tiller_singlescore_14.json,123280.5,0.0,,50037.9,1 ha worked,,seeder_singlescore_17.json,0.0,2.966442953,,3416.1000000000004,1 ha worked,,sprayer_singlescore_15.json,10133.6657717433,898160.3657717432
C4_2023,C4,2023,ha,Climate change - Biogenic,Pt,3.0,,0.0,1 ha worked,,centrifugal_spreader_singlescore_13.json,0.0,1.0,,0.0,1 ha worked,,combine_harvester_singlescore_16.json,0.0,3.0,,0.0,1 ha worked,,disk_harrow_singlescore_11.json,0.0,1.0,,0.0,1 ha worked,,laser_leveler_singlescore_12.json,0.0,1.0,,0.0,1 ha worked,,rotary_tiller_singlescore_14.json,0.0,0.0,,0.0,1 ha worked,,seeder_singlescore_17.json,0.0,2.966442953,,0.0,1 ha worked,,sprayer_singlescore_15.json,0.0,0.0
C4_2023,C4,2023,ha,Climate change - Fossil,Pt,3.0,,0.0,1 ha worked,,centrifugal_spreader_singlescore_13.json,0.0,1.0,,0.0,1 ha worked,,combine_harvester_singlescore_16.json,0.0,3.0,,0.0,1 ha worked,,disk_harrow_singlescore_11.json,0.0,1.0,,0.0,1 ha worked,,laser_leveler_singlescore_12.json,0.0,1.0,,0.0,1 ha worked,,rotary_tiller_singlescore_14.json,0.0,0.0,,0.0,1 ha worked,,seeder_singlescore_17.json,0.0,2.966442953,,0.0,1 ha worked,,sprayer_singlescore_15.json,0.0,0.0
C4_2023,C4,2023,ha,Climate change - Land use and LU change,Pt,3.0,,0.0,1 ha worked,,centrifugal_spreader_singlescore_13.json,0.0,1.0,,0.0,1 ha worked,,combine_harvester_singlescore_16.json,0.0,3.0,,0.0,1 ha worked,,disk_harrow_singlescore_11.json,0.0,1.0,,0.0,1 ha worked,,laser_leveler_singlescore_12.json,0.0,1.0,,0.0,1 ha worked,,rotary_tiller_singlescore_14.json,0.0,0.0,,0.0,1 ha worked,,seeder_singlescore_17.json,0.0,2.966442953,,0.0,1 ha worked,,sprayer_singlescore_15.json,0.0,0.0
C4_2023,C4,2023,ha,"Ecotoxicity, freshwater",Pt,3.0,,92856.62000000001,1 ha worked,,centrifugal_spreader_singlescore_13.json,278569.86000000004,1.0,,619566.99,1 ha worked,,combine_harvester_singlescore_16.json,619566.99,3.0,,53553.84,1 ha worked,,disk_harrow_singlescore_11.json,160661.52,1.0,,360473.73,1 ha worked,,laser_leveler_singlescore_12.json,360473.73,1.0,,257538.30999999997,1 ha worked,,rotary_tiller_singlescore_14.json,257538.30999999997,0.0,,133625.82,1 ha worked,,seeder_singlescore_17.json,0.0,2.966442953,,7323.02,1 ha worked,,sprayer_singlescore_15.json,21723.32107367806,1698533.7310736782
C4_2023,C4,2023,ha,"Ecotoxicity, freshwater - inorganics",Pt,3.0,,0.0,1 ha worked,,centrifugal_spreader_singlescore_13.json,0.0,1.0,,0.0,1 ha worked,,combine_harvester_singlescore_16.json,0.0,3.0,,0.0,1 ha worked,,disk_harrow_singlescore_11.json,0.0,1.0,,0.0,1 ha worked,,laser_leveler_singlescore_12.json,0.0,1.0,,0.0,1 ha worked,,rotary_tiller_singlescore_14.json,0.0,0.0,,0.0,1 ha worked,,seeder_singlescore_17.json,0.0,2.966442953,,0.0,1 ha worked,,sprayer_singlescore_15.json,0.0,0.0
C4_2023,C4,2023,ha,"Ecotoxicity, freshwater - metals",Pt,3.0,,0.0,1 ha worked,,centrifugal_spreader_singlescore_13.json,0.0,1.0,,0.0,1 ha worked,,combine_harvester_singlescore_16.json,0.0,3.0,,0.0,1 ha worked,,disk_harrow_singlescore_11.json,0.0,1.0,,0.0,1 ha worked,,laser_leveler_singlescore_12.json,0.0,1.0,,0.0,1 ha worked,,rotary_tiller_singlescore_14.json,0.0,0.0,,0.0,1 ha worked,,seeder_singlescore_17.json,0.0,2.966442953,,0.0,1 ha worked,,sprayer_singlescore_15.json,0.0,0.0
C4_2023,C4,2023,ha,"Ecotoxicity, freshwater - organics",Pt,3.0,,0.0,1 ha worked,,centrifugal_spreader_singlescore_13.json,0.0,1.0,,0.0,1 ha worked,,combine_harvester_singlescore_16.json,0.0,3.0,,0.0,1 ha worked,,disk_harrow_singlescore_11.json,0.0,1.0,,0.0,1 ha worked,,laser_leveler_singlescore_12.json,0.0,1.0,,0.0,1 ha worked,,rotary_tiller_singlescore_14.json,0.0,0.0,,0.0,1 ha worked,,seeder_singlescore_17.json,0.0,2.966442953,,0.0,1 ha worked,,sprayer_singlescore_15.json,0.0,0.0
C4_2023,C4,2023,ha,"Eutrophication, freshwater",Pt,3.0,,7.1276e-05,1 ha worked,,centrifugal_spreader_singlescore_13.json,0.000213828,1.0,,0.00048615999999999997,1 ha worked,,combine_harvester_singlescore_16.json,0.00048615999999999997,3.0,,3.0076e-05,1 ha worked,,disk_harrow_singlescore_11.json,9.0228e-05,1.0,,0.00026574,1 ha worked,,laser_leveler_singlescore_12.json,0.00026574,1.0,,0.00023895999999999998,1 ha worked,,rotary_tiller_singlescore_14.json,0.00023895999999999998,0.0,,0.00014111,1 ha worked,,seeder_singlescore_17.json,0.0,2.966442953,,5.6032e-06,1 ha worked,,sprayer_singlescore_15.json,1.66215731542496e-05,0.0013115375731542493
C4_2023,C4,2023,ha,"Eutrophication, marine",Pt,3.0,,0.08380000000000001,1 ha worked,,centrifugal_spreader_singlescore_13.json,0.25140000000000007,1.0,,0.610902,1 ha worked,,combine_harvester_singlescore_16.json,0.610902,3.0,,0.0708948,1 ha worked,,disk_harrow_singlescore_11.json,0.2126844,1.0,,0.37207199999999996,1 ha worked,,laser_leveler_singlescore_12.json,0.37207199999999996,1.0,,0.17849399999999999,1 ha worked,,rotary_tiller_singlescore_14.json,0.17849399999999999,0.0,,0.017262800000000002,1 ha worked,,seeder_singlescore_17.json,0.0,2.966442953,,0.005413480000000001,1 ha worked,,sprayer_singlescore_15.json,0.016058779597206443,1.6416111795972064
C4_2023,C4,2023,ha,"Eutrophication, terrestrial",Pt,3.0,,7.227,1 ha worked,,centrifugal_spreader_singlescore_13.json,21.681,1.0,,52.3629,1 ha worked,,combine_harvester_singlescore_16.json,52.3629,3.0,,6.09039,1 ha worked,,disk_harrow_singlescore_11.json,18.27117,1.0,,31.9302,1 ha worked,,laser_leveler_singlescore_12.json,31.9302,1.0,,15.308100000000001,1 ha worked,,rotary_tiller_singlescore_14.json,15.308100000000001,0.0,,1.43226,1 ha worked,,seeder_singlescore_17.json,0.0,2.966442953,,0.46252800000000005,1 ha worked,,sprayer_singlescore_15.json,1.3720629261651842,140.92543292616517
C4_2023,C4,2023,ha,"Human toxicity, cancer",Pt,3.0,,1.6072e-14,1 ha worked,,centrifugal_spreader_singlescore_13.json,4.8216e-14,1.0,,1.0988000000000001e-13,1 ha worked,,combine_harvester_singlescore_16.json,1.0988000000000001e-13,3.0,,9.265999999999999e-15,1 ha worked,,disk_harrow_singlescore_11.json,2.7797999999999996e-14,1.0,,8.446e-14,1 ha worked,,laser_leveler_singlescore_12.json,8.446e-14,1.0,,9.348e-14,1 ha worked,,rotary_tiller_singlescore_14.json,9.348e-14,0.0,,4.5428e-14,1 ha worked,,seeder_singlescore_17.json,0.0,2.966442953,,1.5661999999999999e-15,1 ha worked,,sprayer_singlescore_15.json,4.6460429529886e-15,3.6848004295298865e-13
C4_2023,C4,2023,ha,"Human toxicity, cancer - inorganics",Pt,3.0,,0.0,1 ha worked,,centrifugal_spreader_singlescore_13.json,0.0,1.0,,0.0,1 ha worked,,combine_harvester_singlescore_16.json,0.0,3.0,,0.0,1 ha worked,,disk_harrow_singlescore_11.json,0.0,1.0,,0.0,1 ha worked,,laser_leveler_singlescore_12.json,0.0,1.0,,0.0,1 ha worked,,rotary_tiller_singlescore_14.json,0.0,0.0,,0.0,1 ha worked,,seeder_singlescore_17.json,0.0,2.966442953,,0.0,1 ha worked,,sprayer_singlescore_15.json,0.0,0.0
C4_2023,C4,2023,ha,"Human toxicity, cancer - metals",Pt,3.0,,0.0,1 ha worked,,centrifugal_spreader_singlescore_13.json,0.0,1.0,,0.0,1 ha worked,,combine_harvester_singlescore_16.json,0.0,3.0,,0.0,1 ha worked,,disk_harrow_singlescore_11.json,0.0,1.0,,0.0,1 ha worked,,laser_leveler_singlescore_12.json,0.0,1.0,,0.0,1 ha worked,,rotary_tiller_singlescore_14.json,0.0,0.0,,0.0,1 ha worked,,seeder_singlescore_17.json,0.0,2.966442953,,0.0,1 ha worked,,sprayer_singlescore_15.json,0.0,0.0
C4_2023,C4,2023,ha,"Human toxicity, cancer - organics",Pt,3.0,,0.0,1 ha worked,,centrifugal_spreader_singlescore_13.json,0.0,1.0,,0.0,1 ha worked,,combine_harvester_singlescore_16.json,0.0,3.0,,0.0,1 ha worked,,disk_harrow_singlescore_11.json,0.0,1.0,,0.0,1 ha worked,,laser_leveler_singlescore_12.json,0.0,1.0,,0.0,1 ha worked,,rotary_tiller_singlescore_14.json,0.0,0.0,,0.0,1 ha worked,,seeder_singlescore_17.json,0.0,2.966442953,,0.0,1 ha worked,,sprayer_singlescore_15.json,0.0,0.0
C4_2023,C4,2023,ha,"Human toxicity, non-cancer",Pt,3.0,,5.2352599999999984e-12,1 ha worked,,centrifugal_spreader_singlescore_13.json,1.5705779999999997e-11,1.0,,3.0240399999999995e-11,1 ha worked,,combine_harvester_singlescore_16.json,3.0240399999999995e-11,3.0,,7.796079999999999e-12,1 ha worked,,disk_harrow_singlescore_11.json,2.3388239999999995e-11,1.0,,1.748e-11,1 ha worked,,laser_leveler_singlescore_12.json,1.748e-11,1.0,,1.1973799999999998e-11,1 ha worked,,rotary_tiller_singlescore_14.json,1.1973799999999998e-11,0.0,,9.351799999999999e-12,1 ha worked,,seeder_singlescore_17.json,0.0,2.966442953,,1.1099799999999999e-12,1 ha worked,,sprayer_singlescore_15.json,3.2926923489709396e-12,1.0208091234897093e-10
C4_2023,C4,2023,ha,"Human toxicity, non-cancer - inorganics",Pt,3.0,,0.0,1 ha worked,,centrifugal_spreader_singlescore_13.json,0.0,1.0,,0.0,1 ha worked,,combine_harvester_singlescore_16.json,0.0,3.0,,0.0,1 ha worked,,disk_harrow_singlescore_11.json,0.0,1.0,,0.0,1 ha worked,,laser_leveler_singlescore_12.json,0.0,1.0,,0.0,1 ha worked,,rotary_tiller_singlescore_14.json,0.0,0.0,,0.0,1 ha worked,,seeder_singlescore_17.json,0.0,2.966442953,,0.0,1 ha worked,,sprayer_singlescore_15.json,0.0,0.0
C4_2023,C4,2023,ha,"Human toxicity, non-cancer - metals",Pt,3.0,,0.0,1 ha worked,,centrifugal_spreader_singlescore_13.json,0.0,1.0,,0.0,1 ha worked,,combine_harvester_singlescore_16.json,0.0,3.0,,0.0,1 ha worked,,disk_harrow_singlescore_11.json,0.0,1.0,,0.0,1 ha worked,,laser_leveler_singlescore_12.json,0.0,1.0,,0.0,1 ha worked,,rotary_tiller_singlescore_14.json,0.0,0.0,,0.0,1 ha worked,,seeder_singlescore_17.json,0.0,2.966442953,,0.0,1 ha worked,,sprayer_singlescore_15.json,0.0,0.0
C4_2023,C4,2023,ha,"Human toxicity, non-cancer - organics",Pt,3.0,,0.0,1 ha worked,,centrifugal_spreader_singlescore_13.json,0.0,1.0,,0.0,1 ha worked,,combine_harvester_singlescore_16.json,0.0,3.0,,0.0,1 ha worked,,disk_harrow_singlescore_11.json,0.0,1.0,,0.0,1 ha worked,,laser_leveler_singlescore_12.json,0.0,1.0,,0.0,1 ha worked,,rotary_tiller_singlescore_14.json,0.0,0.0,,0.0,1 ha worked,,seeder_singlescore_17.json,0.0,2.966442953,,0.0,1 ha worked,,sprayer_singlescore_15.json,0.0,0.0
C4_2023,C4,2023,ha,Ionising radiation,Pt,3.0,,362.9200000000001,1 ha worked,,centrifugal_spreader_singlescore_13.json,1088.7600000000002,1.0,,2213.39,1 ha worked,,combine_harvester_singlescore_16.json,2213.39,3.0,,267.96999999999997,1 ha worked,,disk_harrow_singlescore_11.json,803.9099999999999,1.0,,1664.79,1 ha worked,,laser_leveler_singlescore_12.json,1664.79,1.0,,911.52,1 ha worked,,rotary_tiller_singlescore_14.json,911.52,0.0,,369.25,1 ha worked,,seeder_singlescore_17.json,0.0,2.966442953,,24.264999999999997,1 ha worked,,sprayer_singlescore_15.json,71.98073825454499,6754.350738254544
C4_2023,C4,2023,ha,Land use,Pt,3.0,,16120529.999999998,1 ha worked,,centrifugal_spreader_singlescore_13.json,48361589.99999999,1.0,,88815540.0,1 ha worked,,combine_harvester_singlescore_16.json,88815540.0,3.0,,15266940.0,1 ha worked,,disk_harrow_singlescore_11.json,45800820.0,1.0,,71172090.0,1 ha worked,,laser_leveler_singlescore_12.json,71172090.0,1.0,,46409100.0,1 ha worked,,rotary_tiller_singlescore_14.json,46409100.0,0.0,,18753450.0,1 ha worked,,seeder_singlescore_17.json,0.0,2.966442953,,11114430.0,1 ha worked,,sprayer_singlescore_15.json,32970322.55011179,333529462.5501118
C4_2023,C4,2023,ha,Ozone depletion,Pt,3.0,,7.3408e-09,1 ha worked,,centrifugal_spreader_singlescore_13.json,2.20224e-08,1.0,,4.4843999999999994e-08,1 ha worked,,combine_harvester_singlescore_16.json,4.4843999999999994e-08,3.0,,6.1716e-09,1 ha worked,,disk_harrow_singlescore_11.json,1.85148e-08,1.0,,3.1524e-08,1 ha worked,,laser_leveler_singlescore_12.json,3.1524e-08,1.0,,1.47556e-08,1 ha worked,,rotary_tiller_singlescore_14.json,1.47556e-08,0.0,,5.209600000000001e-09,1 ha worked,,seeder_singlescore_17.json,0.0,2.966442953,,4.765600000000001e-10,1 ha worked,,sprayer_singlescore_15.json,1.41368805368168e-09,1.3307448805368168e-07
C4_2023,C4,2023,ha,Particulate matter,Pt,3.0,,5.4204899999999996e-11,1 ha worked,,centrifugal_spreader_singlescore_13.json,1.626147e-10,1.0,,3.4657700000000003e-10,1 ha worked,,combine_harvester_singlescore_16.json,3.4657700000000003e-10,3.0,,4.00589e-11,1 ha worked,,disk_harrow_singlescore_11.json,1.201767e-10,1.0,,2.3533799999999997e-10,1 ha worked,,laser_leveler_singlescore_12.json,2.3533799999999997e-10,1.0,,1.7875400000000004e-10,1 ha worked,,rotary_tiller_singlescore_14.json,1.7875400000000004e-10,0.0,,9.130600000000001e-11,1 ha worked,,seeder_singlescore_17.json,0.0,2.966442953,,7.844600000000002e-12,1 ha worked,,sprayer_singlescore_15.json,2.3270558389103805e-11,1.0667309583891038e-09
C4_2023,C4,2023,ha,Photochemical ozone formation,Pt,3.0,,0.5917,1 ha worked,,centrifugal_spreader_singlescore_13.json,1.7751000000000001,1.0,,4.268,1 ha worked,,combine_harvester_singlescore_16.json,4.268,3.0,,0.48305999999999993,1 ha worked,,disk_harrow_singlescore_11.json,1.4491799999999997,1.0,,2.5802,1 ha worked,,laser_leveler_singlescore_12.json,2.5802,1.0,,1.2998,1 ha worked,,rotary_tiller_singlescore_14.json,1.2998,0.0,,0.20757999999999996,1 ha worked,,seeder_singlescore_17.json,0.0,2.966442953,,0.037635999999999996,1 ha worked,,sprayer_singlescore_15.json,0.11164504697910799,11.483925046979106
C4_2023,C4,2023,ha,"Resource use, fossils",Pt,3.0,,1940138.9999999998,1 ha worked,,centrifugal_spreader_singlescore_13.json,5820416.999999999,1.0,,11808458.1,1 ha worked,,combine_harvester_singlescore_16.json,11808458.1,3.0,,1486788.3,1 ha worked,,disk_harrow_singlescore_11.json,4460364.9,1.0,,8854809.6,1 ha worked,,laser_leveler_singlescore_12.json,8854809.6,1.0,,4686307.2,1 ha worked,,rotary_tiller_singlescore_14.json,4686307.2,0.0,,1833385.2000000002,1 ha worked,,seeder_singlescore_17.json,0.0,2.966442953,,127767.9,1 ha worked,,sprayer_singlescore_15.json,379016.18657460867,36009372.98657461
C4_2023,C4,2023,ha,"Resource use, minerals and metals",Pt,3.0,,1.5072e-06,1 ha worked,,centrifugal_spreader_singlescore_13.json,4.5216e-06,1.0,,1.2384e-05,1 ha worked,,combine_harvester_singlescore_16.json,1.2384e-05,3.0,,6.095999999999998e-07,1 ha worked,,disk_harrow_singlescore_11.json,1.8287999999999995e-06,1.0,,4.4015999999999995e-06,1 ha worked,,laser_leveler_singlescore_12.json,4.4015999999999995e-06,1.0,,2.976e-06,1 ha worked,,rotary_tiller_singlescore_14.json,2.976e-06,0.0,,1.7759999999999998e-06,1 ha worked,,seeder_singlescore_17.json,0.0,2.966442953,,1.3968e-07,1 ha worked,,sprayer_singlescore_15.json,4.1435275167503997e-07,2.6526352751675038e-05
C4_2023,C4,2023,ha,Total,Pt,3.0,,18203540.602892786,1 ha worked,,centrifugal_spreader_singlescore_13.json,54610621.80867836,1.0,,101551998.37990059,1 ha worked,,combine_harvester_singlescore_16.json,101551998.37990059,3.0,,16844590.994255494,1 ha worked,,disk_harrow_singlescore_11.json,50533772.98276648,1.0,,80616648.64674218,1 ha worked,,laser_leveler_singlescore_12.json,80616648.64674218,1.0,,51483431.65711595,1 ha worked,,rotary_tiller_singlescore_14.json,51483431.65711595,0.0,,20774237.986285694,1 ha worked,,seeder_singlescore_17.json,0.0,2.966442953,,11253191.91303122,1 ha worked,,sprayer_singlescore_15.json,33381951.849168055,372178425.32437164
C4_2023,C4,2023,ha,Water use,Pt,3.0,,2065.69,1 ha worked,,centrifugal_spreader_singlescore_13.json,6197.07,1.0,,12531.2,1 ha worked,,combine_harvester_singlescore_16.json,12531.2,3.0,,837.045,1 ha worked,,disk_harrow_singlescore_11.json,2511.1349999999998,1.0,,7773.259999999999,1 ha worked,,laser_leveler_singlescore_12.json,7773.259999999999,1.0,,6275.389999999999,1 ha worked,,rotary_tiller_singlescore_14.json,6275.389999999999,0.0,,3367.76,1 ha worked,,seeder_singlescore_17.json,0.0,2.966442953,,230.065,1 ha worked,,sprayer_singlescore_15.json,682.474697981945,35970.52969798194
C4_2024,C4,2024,ha,Acidification,Pt,3.0,,0.8703199999999999,1 ha worked,,centrifugal_spreader_singlescore_13.json,2.6109599999999995,1.0,,6.1575999999999995,1 ha worked,,combine_harvester_singlescore_16.json,6.1575999999999995,3.0,,0.6948799999999999,1 ha worked,,disk_harrow_singlescore_11.json,2.08464,1.0,,3.784,1 ha worked,,laser_leveler_singlescore_12.json,3.784,2.0,,1.95048,1 ha worked,,rotary_tiller_singlescore_14.json,3.90096,0.0,,0.39904,1 ha worked,,seeder_singlescore_17.json,0.0,4.9229157939,,0.057448000000000006,1 ha worked,,sprayer_singlescore_15.json,0.2828116665279672,18.820971666527967
C4_2024,C4,2024,ha,Climate change,Pt,3.0,,47577.59999999999,1 ha worked,,centrifugal_spreader_singlescore_13.json,142732.8,1.0,,293625.3,1 ha worked,,combine_harvester_singlescore_16.json,293625.3,3.0,,36196.5,1 ha worked,,disk_harrow_singlescore_11.json,108589.5,1.0,,219798.59999999998,1 ha worked,,laser_leveler_singlescore_12.json,219798.59999999998,2.0,,123280.5,1 ha worked,,rotary_tiller_singlescore_14.json,246561.0,0.0,,50037.9,1 ha worked,,seeder_singlescore_17.json,0.0,4.9229157939,,3416.1000000000004,1 ha worked,,sprayer_singlescore_15.json,16817.17264354179,1028124.3726435418
C4_2024,C4,2024,ha,Climate change - Biogenic,Pt,3.0,,0.0,1 ha worked,,centrifugal_spreader_singlescore_13.json,0.0,1.0,,0.0,1 ha worked,,combine_harvester_singlescore_16.json,0.0,3.0,,0.0,1 ha worked,,disk_harrow_singlescore_11.json,0.0,1.0,,0.0,1 ha worked,,laser_leveler_singlescore_12.json,0.0,2.0,,0.0,1 ha worked,,rotary_tiller_singlescore_14.json,0.0,0.0,,0.0,1 ha worked,,seeder_singlescore_17.json,0.0,4.9229157939,,0.0,1 ha worked,,sprayer_singlescore_15.json,0.0,0.0
C4_2024,C4,2024,ha,Climate change - Fossil,Pt,3.0,,0.0,1 ha worked,,centrifugal_spreader_singlescore_13.json,0.0,1.0,,0.0,1 ha worked,,combine_harvester_singlescore_16.json,0.0,3.0,,0.0,1 ha worked,,disk_harrow_singlescore_11.json,0.0,1.0,,0.0,1 ha worked,,laser_leveler_singlescore_12.json,0.0,2.0,,0.0,1 ha worked,,rotary_tiller_singlescore_14.json,0.0,0.0,,0.0,1 ha worked,,seeder_singlescore_17.json,0.0,4.9229157939,,0.0,1 ha worked,,sprayer_singlescore_15.json,0.0,0.0
C4_2024,C4,2024,ha,Climate change - Land use and LU change,Pt,3.0,,0.0,1 ha worked,,centrifugal_spreader_singlescore_13.json,0.0,1.0,,0.0,1 ha worked,,combine_harvester_singlescore_16.json,0.0,3.0,,0.0,1 ha worked,,disk_harrow_singlescore_11.json,0.0,1.0,,0.0,1 ha worked,,laser_leveler_singlescore_12.json,0.0,2.0,,0.0,1 ha worked,,rotary_tiller_singlescore_14.json,0.0,0.0,,0.0,1 ha worked,,seeder_singlescore_17.json,0.0,4.9229157939,,0.0,1 ha worked,,sprayer_singlescore_15.json,0.0,0.0
C4_2024,C4,2024,ha,"Ecotoxicity, freshwater",Pt,3.0,,92856.62000000001,1 ha worked,,centrifugal_spreader_singlescore_13.json,278569.86000000004,1.0,,619566.99,1 ha worked,,combine_harvester_singlescore_16.json,619566.99,3.0,,53553.84,1 ha worked,,disk_harrow_singlescore_11.json,160661.52,1.0,,360473.73,1 ha worked,,laser_leveler_singlescore_12.json,360473.73,2.0,,257538.30999999997,1 ha worked,,rotary_tiller_singlescore_14.json,515076.61999999994,0.0,,133625.82,1 ha worked,,seeder_singlescore_17.json,0.0,4.9229157939,,7323.02,1 ha worked,,sprayer_singlescore_15.json,36050.61081704558,1970399.3308170456
C4_2024,C4,2024,ha,"Ecotoxicity, freshwater - inorganics",Pt,3.0,,0.0,1 ha worked,,centrifugal_spreader_singlescore_13.json,0.0,1.0,,0.0,1 ha worked,,combine_harvester_singlescore_16.json,0.0,3.0,,0.0,1 ha worked,,disk_harrow_singlescore_11.json,0.0,1.0,,0.0,1 ha worked,,laser_leveler_singlescore_12.json,0.0,2.0,,0.0,1 ha worked,,rotary_tiller_singlescore_14.json,0.0,0.0,,0.0,1 ha worked,,seeder_singlescore_17.json,0.0,4.9229157939,,0.0,1 ha worked,,sprayer_singlescore_15.json,0.0,0.0
C4_2024,C4,2024,ha,"Ecotoxicity, freshwater - metals",Pt,3.0,,0.0,1 ha worked,,centrifugal_spreader_singlescore_13.json,0.0,1.0,,0.0,1 ha worked,,combine_harvester_singlescore_16.json,0.0,3.0,,0.0,1 ha worked,,disk_harrow_singlescore_11.json,0.0,1.0,,0.0,1 ha worked,,laser_leveler_singlescore_12.json,0.0,2.0,,0.0,1 ha worked,,rotary_tiller_singlescore_14.json,0.0,0.0,,0.0,1 ha worked,,seeder_singlescore_17.json,0.0,4.9229157939,,0.0,1 ha worked,,sprayer_singlescore_15.json,0.0,0.0
C4_2024,C4,2024,ha,"Ecotoxicity, freshwater - organics",Pt,3.0,,0.0,1 ha worked,,centrifugal_spreader_singlescore_13.json,0.0,1.0,,0.0,1 ha worked,,combine_harvester_singlescore_16.json,0.0,3.0,,0.0,1 ha worked,,disk_harrow_singlescore_11.json,0.0,1.0,,0.0,1 ha worked,,laser_leveler_singlescore_12.json,0.0,2.0,,0.0,1 ha worked,,rotary_tiller_singlescore_14.json,0.0,0.0,,0.0,1 ha worked,,seeder_singlescore_17.json,0.0,4.9229157939,,0.0,1 ha worked,,sprayer_singlescore_15.json,0.0,0.0
C4_2024,C4,2024,ha,"Eutrophication, freshwater",Pt,3.0,,7.1276e-05,1 ha worked,,centrifugal_spreader_singlescore_13.json,0.000213828,1.0,,0.00048615999999999997,1 ha worked,,combine_harvester_singlescore_16.json,0.00048615999999999997,3.0,,3.0076e-05,1 ha worked,,disk_harrow_singlescore_11.json,9.0228e-05,1.0,,0.00026574,1 ha worked,,laser_leveler_singlescore_12.json,0.00026574,2.0,,0.00023895999999999998,1 ha worked,,rotary_tiller_singlescore_14.json,0.00047791999999999995,0.0,,0.00014111,1 ha worked,,seeder_singlescore_17.json,0.0,4.9229157939,,5.6032e-06,1 ha worked,,sprayer_singlescore_15.json,2.758408177638048e-05,0.0015614600817763803
C4_2024,C4,2024,ha,"Eutrophication, marine",Pt,3.0,,0.08380000000000001,1 ha worked,,centrifugal_spreader_singlescore_13.json,0.25140000000000007,1.0,,0.610902,1 ha worked,,combine_harvester_singlescore_16.json,0.610902,3.0,,0.0708948,1 ha worked,,disk_harrow_singlescore_11.json,0.2126844,1.0,,0.37207199999999996,1 ha worked,,laser_leveler_singlescore_12.json,0.37207199999999996,2.0,,0.17849399999999999,1 ha worked,,rotary_tiller_singlescore_14.json,0.35698799999999997,0.0,,0.017262800000000002,1 ha worked,,seeder_singlescore_17.json,0.0,4.9229157939,,0.005413480000000001,1 ha worked,,sprayer_singlescore_15.json,0.026650106191961776,1.8306965061919616
C4_2024,C4,2024,ha,"Eutrophication, terrestrial",Pt,3.0,,7.227,1 ha worked,,centrifugal_spreader_singlescore_13.json,21.681,1.0,,52.3629,1 ha worked,,combine_harvester_singlescore_16.json,52.3629,3.0,,6.09039,1 ha worked,,disk_harrow_singlescore_11.json,18.27117,1.0,,31.9302,1 ha worked,,laser_leveler_singlescore_12.json,31.9302,2.0,,15.308100000000001,1 ha worked,,rotary_tiller_singlescore_14.json,30.616200000000003,0.0,,1.43226,1 ha worked,,seeder_singlescore_17.json,0.0,4.9229157939,,0.46252800000000005,1 ha worked,,sprayer_singlescore_15.json,2.276986396320979,157.13845639632098
C4_2024,C4,2024,ha,"Human toxicity, cancer",Pt,3.0,,1.6072e-14,1 ha worked,,centrifugal_spreader_singlescore_13.json,4.8216e-14,1.0,,1.0988000000000001e-13,1 ha worked,,combine_harvester_singlescore_16.json,1.0988000000000001e-13,3.0,,9.265999999999999e-15,1 ha worked,,disk_harrow_singlescore_11.json,2.7797999999999996e-14,1.0,,8.446e-14,1 ha worked,,laser_leveler_singlescore_12.json,8.446e-14,2.0,,9.348e-14,1 ha worked,,rotary_tiller_singlescore_14.json,1.8696e-13,0.0,,4.5428e-14,1 ha worked,,seeder_singlescore_17.json,0.0,4.9229157939,,1.5661999999999999e-15,1 ha worked,,sprayer_singlescore_15.json,7.71027071640618e-15,4.650242707164062e-13
C4_2024,C4,2024,ha,"Human toxicity, cancer - inorganics",Pt,3.0,,0.0,1 ha worked,,centrifugal_spreader_singlescore_13.json,0.0,1.0,,0.0,1 ha worked,,combine_harvester_singlescore_16.json,0.0,3.0,,0.0,1 ha worked,,disk_harrow_singlescore_11.json,0.0,1.0,,0.0,1 ha worked,,laser_leveler_singlescore_12.json,0.0,2.0,,0.0,1 ha worked,,rotary_tiller_singlescore_14.json,0.0,0.0,,0.0,1 ha worked,,seeder_singlescore_17.json,0.0,4.9229157939,,0.0,1 ha worked,,sprayer_singlescore_15.json,0.0,0.0
C4_2024,C4,2024,ha,"Human toxicity, cancer - metals",Pt,3.0,,0.0,1 ha worked,,centrifugal_spreader_singlescore_13.json,0.0,1.0,,0.0,1 ha worked,,combine_harvester_singlescore_16.json,0.0,3.0,,0.0,1 ha worked,,disk_harrow_singlescore_11.json,0.0,1.0,,0.0,1 ha worked,,laser_leveler_singlescore_12.json,0.0,2.0,,0.0,1 ha worked,,rotary_tiller_singlescore_14.json,0.0,0.0,,0.0,1 ha worked,,seeder_singlescore_17.json,0.0,4.9229157939,,0.0,1 ha worked,,sprayer_singlescore_15.json,0.0,0.0
C4_2024,C4,2024,ha,"Human toxicity, cancer - organics",Pt,3.0,,0.0,1 ha worked,,centrifugal_spreader_singlescore_13.json,0.0,1.0,,0.0,1 ha worked,,combine_harvester_singlescore_16.json,0.0,3.0,,0.0,1 ha worked,,disk_harrow_singlescore_11.json,0.0,1.0,,0.0,1 ha worked,,laser_leveler_singlescore_12.json,0.0,2.0,,0.0,1 ha worked,,rotary_tiller_singlescore_14.json,0.0,0.0,,0.0,1 ha worked,,seeder_singlescore_17.json,0.0,4.9229157939,,0.0,1 ha worked,,sprayer_singlescore_15.json,0.0,0.0
C4_2024,C4,2024,ha,"Human toxicity, non-cancer",Pt,3.0,,5.2352599999999984e-12,1 ha worked,,centrifugal_spreader_singlescore_13.json,1.5705779999999997e-11,1.0,,3.0240399999999995e-11,1 ha worked,,combine_harvester_singlescore_16.json,3.0240399999999995e-11,3.0,,7.796079999999999e-12,1 ha worked,,disk_harrow_singlescore_11.json,2.3388239999999995e-11,1.0,,1.748e-11,1 ha worked,,laser_leveler_singlescore_12.json,1.748e-11,2.0,,1.1973799999999998e-11,1 ha worked,,rotary_tiller_singlescore_14.json,2.3947599999999996e-11,0.0,,9.351799999999999e-12,1 ha worked,,seeder_singlescore_17.json,0.0,4.9229157939,,1.1099799999999999e-12,1 ha worked,,sprayer_singlescore_15.json,5.464338072913121e-12,1.1622635807291311e-10
C4_2024,C4,2024,ha,"Human toxicity, non-cancer - inorganics",Pt,3.0,,0.0,1 ha worked,,centrifugal_spreader_singlescore_13.json,0.0,1.0,,0.0,1 ha worked,,combine_harvester_singlescore_16.json,0.0,3.0,,0.0,1 ha worked,,disk_harrow_singlescore_11.json,0.0,1.0,,0.0,1 ha worked,,laser_leveler_singlescore_12.json,0.0,2.0,,0.0,1 ha worked,,rotary_tiller_singlescore_14.json,0.0,0.0,,0.0,1 ha worked,,seeder_singlescore_17.json,0.0,4.9229157939,,0.0,1 ha worked,,sprayer_singlescore_15.json,0.0,0.0
C4_2024,C4,2024,ha,"Human toxicity, non-cancer - metals",Pt,3.0,,0.0,1 ha worked,,centrifugal_spreader_singlescore_13.json,0.0,1.0,,0.0,1 ha worked,,combine_harvester_singlescore_16.json,0.0,3.0,,0.0,1 ha worked,,disk_harrow_singlescore_11.json,0.0,1.0,,0.0,1 ha worked,,laser_leveler_singlescore_12.json,0.0,2.0,,0.0,1 ha worked,,rotary_tiller_singlescore_14.json,0.0,0.0,,0.0,1 ha worked,,seeder_singlescore_17.json,0.0,4.9229157939,,0.0,1 ha worked,,sprayer_singlescore_15.json,0.0,0.0
C4_2024,C4,2024,ha,"Human toxicity, non-cancer - organics",Pt,3.0,,0.0,1 ha worked,,centrifugal_spreader_singlescore_13.json,0.0,1.0,,0.0,1 ha worked,,combine_harvester_singlescore_16.json,0.0,3.0,,0.0,1 ha worked,,disk_harrow_singlescore_11.json,0.0,1.0,,0.0,1 ha worked,,laser_leveler_singlescore_12.json,0.0,2.0,,0.0,1 ha worked,,rotary_tiller_singlescore_14.json,0.0,0.0,,0.0,1 ha worked,,seeder_singlescore_17.json,0.0,4.9229157939,,0.0,1 ha worked,,sprayer_singlescore_15.json,0.0,0.0
C4_2024,C4,2024,ha,Ionising radiation,Pt,3.0,,362.9200000000001,1 ha worked,,centrifugal_spreader_singlescore_13.json,1088.7600000000002,1.0,,2213.39,1 ha worked,,combine_harvester_singlescore_16.json,2213.39,3.0,,267.96999999999997,1 ha worked,,disk_harrow_singlescore_11.json,803.9099999999999,1.0,,1664.79,1 ha worked,,laser_leveler_singlescore_12.json,1664.79,2.0,,911.52,1 ha worked,,rotary_tiller_singlescore_14.json,1823.04,0.0,,369.25,1 ha worked,,seeder_singlescore_17.json,0.0,4.9229157939,,24.264999999999997,1 ha worked,,sprayer_singlescore_15.json,119.45455173898348,7713.344551738983
C4_2024,C4,2024,ha,Land use,Pt,3.0,,16120529.999999998,1 ha worked,,centrifugal_spreader_singlescore_13.json,48361589.99999999,1.0,,88815540.0,1 ha worked,,combine_harvester_singlescore_16.json,88815540.0,3.0,,15266940.0,1 ha worked,,disk_harrow_singlescore_11.json,45800820.0,1.0,,71172090.0,1 ha worked,,laser_leveler_singlescore_12.json,71172090.0,2.0,,46409100.0,1 ha worked,,rotary_tiller_singlescore_14.json,92818200.0,0.0,,18753450.0,1 ha worked,,seeder_singlescore_17.json,0.0,4.9229157939,,11114430.0,1 ha worked,,sprayer_singlescore_15.json,54715402.987195976,401683642.98719597
C4_2024,C4,2024,ha,Ozone depletion,Pt,3.0,,7.3408e-09,1 ha worked,,centrifugal_spreader_singlescore_13.json,2.20224e-08,1.0,,4.4843999999999994e-08,1 ha worked,,combine_harvester_singlescore_16.json,4.4843999999999994e-08,3.0,,6.1716e-09,1 ha worked,,disk_harrow_singlescore_11.json,1.85148e-08,1.0,,3.1524e-08,1 ha worked,,laser_leveler_singlescore_12.json,3.1524e-08,2.0,,1.47556e-08,1 ha worked,,rotary_tiller_singlescore_14.json,2.95112e-08,0.0,,5.209600000000001e-09,1 ha worked,,seeder_singlescore_17.json,0.0,4.9229157939,,4.765600000000001e-10,1 ha worked,,sprayer_singlescore_15.json,2.346064750740984e-09,1.4876246475074098e-07
C4_2024,C4,2024,ha,Particulate matter,Pt,3.0,,5.4204899999999996e-11,1 ha worked,,centrifugal_spreader_singlescore_13.json,1.626147e-10,1.0,,3.4657700000000003e-10,1 ha worked,,combine_harvester_singlescore_16.json,3.4657700000000003e-10,3.0,,4.00589e-11,1 ha worked,,disk_harrow_singlescore_11.json,1.201767e-10,1.0,,2.3533799999999997e-10,1 ha worked,,laser_leveler_singlescore_12.json,2.3533799999999997e-10,2.0,,1.7875400000000004e-10,1 ha worked,,rotary_tiller_singlescore_14.json,3.575080000000001e-10,0.0,,9.130600000000001e-11,1 ha worked,,seeder_singlescore_17.json,0.0,4.9229157939,,7.844600000000002e-12,1 ha worked,,sprayer_singlescore_15.json,3.8618305236827944e-11,1.260832705236828e-09
C4_2024,C4,2024,ha,Photochemical ozone formation,Pt,3.0,,0.5917,1 ha worked,,centrifugal_spreader_singlescore_13.json,1.7751000000000001,1.0,,4.268,1 ha worked,,combine_harvester_singlescore_16.json,4.268,3.0,,0.48305999999999993,1 ha worked,,disk_harrow_singlescore_11.json,1.4491799999999997,1.0,,2.5802,1 ha worked,,laser_leveler_singlescore_12.json,2.5802,2.0,,1.2998,1 ha worked,,rotary_tiller_singlescore_14.json,2.5996,0.0,,0.20757999999999996,1 ha worked,,seeder_singlescore_17.json,0.0,4.9229157939,,0.037635999999999996,1 ha worked,,sprayer_singlescore_15.json,0.18527885881922038,12.85735885881922
C4_2024,C4,2024,ha,"Resource use, fossils",Pt,3.0,,1940138.9999999998,1 ha worked,,centrifugal_spreader_singlescore_13.json,5820416.999999999,1.0,,11808458.1,1 ha worked,,combine_harvester_singlescore_16.json,11808458.1,3.0,,1486788.3,1 ha worked,,disk_harrow_singlescore_11.json,4460364.9,1.0,,8854809.6,1 ha worked,,laser_leveler_singlescore_12.json,8854809.6,2.0,,4686307.2,1 ha worked,,rotary_tiller_singlescore_14.json,9372614.4,0.0,,1833385.2000000002,1 ha worked,,seeder_singlescore_17.json,0.0,4.9229157939,,127767.9,1 ha worked,,sprayer_singlescore_15.json,628990.6128634358,40945654.61286344
C4_2024,C4,2024,ha,"Resource use, minerals and metals",Pt,3.0,,1.5072e-06,1 ha worked,,centrifugal_spreader_singlescore_13.json,4.5216e-06,1.0,,1.2384e-05,1 ha worked,,combine_harvester_singlescore_16.json,1.2384e-05,3.0,,6.095999999999998e-07,1 ha worked,,disk_harrow_singlescore_11.json,1.8287999999999995e-06,1.0,,4.4015999999999995e-06,1 ha worked,,laser_leveler_singlescore_12.json,4.4015999999999995e-06,2.0,,2.976e-06,1 ha worked,,rotary_tiller_singlescore_14.json,5.952e-06,0.0,,1.7759999999999998e-06,1 ha worked,,seeder_singlescore_17.json,0.0,4.9229157939,,1.3968e-07,1 ha worked,,sprayer_singlescore_15.json,6.876328780919519e-07,2.977563287809195e-05
C4_2024,C4,2024,ha,Total,Pt,3.0,,18203540.602892786,1 ha worked,,centrifugal_spreader_singlescore_13.json,54610621.80867836,1.0,,101551998.37990059,1 ha worked,,combine_harvester_singlescore_16.json,101551998.37990059,3.0,,16844590.994255494,1 ha worked,,disk_harrow_singlescore_11.json,50533772.98276648,1.0,,80616648.64674218,1 ha worked,,laser_leveler_singlescore_12.json,80616648.64674218,2.0,,51483431.65711595,1 ha worked,,rotary_tiller_singlescore_14.json,102966863.3142319,0.0,,20774237.986285694,1 ha worked,,seeder_singlescore_17.json,0.0,4.9229157939,,11253191.91303122,1 ha worked,,sprayer_singlescore_15.json,55398516.20044915,445678421.33276874
C4_2024,C4,2024,ha,Water use,Pt,3.0,,2065.69,1 ha worked,,centrifugal_spreader_singlescore_13.json,6197.07,1.0,,12531.2,1 ha worked,,combine_harvester_singlescore_16.json,12531.2,3.0,,837.045,1 ha worked,,disk_harrow_singlescore_11.json,2511.1349999999998,1.0,,7773.259999999999,1 ha worked,,laser_leveler_singlescore_12.json,7773.259999999999,2.0,,6275.389999999999,1 ha worked,,rotary_tiller_singlescore_14.json,12550.779999999999,0.0,,3367.76,1 ha worked,,seeder_singlescore_17.json,0.0,4.9229157939,,230.065,1 ha worked,,sprayer_singlescore_15.json,1132.5906221236035,42696.03562212359
C5_2022,C5,2022,ha,Acidification,Pt,3.0,,0.8703199999999999,1 ha worked,,centrifugal_spreader_singlescore_13.json,2.6109599999999995,1.0,,6.1575999999999995,1 ha worked,,combine_harvester_singlescore_16.json,6.1575999999999995,3.0,,0.6948799999999999,1 ha worked,,disk_harrow_singlescore_11.json,2.08464,1.0,,3.784,1 ha worked,,laser_leveler_singlescore_12.json,3.784,1.0,,1.95048,1 ha worked,,rotary_tiller_singlescore_14.json,1.95048,0.0,,0.39904,1 ha worked,,seeder_singlescore_17.json,0.0,3.7202797203,,0.057448000000000006,1 ha worked,,sprayer_singlescore_15.json,0.21372262937179443,16.801402629371793
C5_2022,C5,2022,ha,Climate change,Pt,3.0,,47577.59999999999,1 ha worked,,centrifugal_spreader_singlescore_13.json,142732.8,1.0,,293625.3,1 ha worked,,combine_harvester_singlescore_16.json,293625.3,3.0,,36196.5,1 ha worked,,disk_harrow_singlescore_11.json,108589.5,1.0,,219798.59999999998,1 ha worked,,laser_leveler_singlescore_12.json,219798.59999999998,1.0,,123280.5,1 ha worked,,rotary_tiller_singlescore_14.json,123280.5,0.0,,50037.9,1 ha worked,,seeder_singlescore_17.json,0.0,3.7202797203,,3416.1000000000004,1 ha worked,,sprayer_singlescore_15.json,12708.847552516832,900735.5475525168
C5_2022,C5,2022,ha,Climate change - Biogenic,Pt,3.0,,0.0,1 ha worked,,centrifugal_spreader_singlescore_13.json,0.0,1.0,,0.0,1 ha worked,,combine_harvester_singlescore_16.json,0.0,3.0,,0.0,1 ha worked,,disk_harrow_singlescore_11.json,0.0,1.0,,0.0,1 ha worked,,laser_leveler_singlescore_12.json,0.0,1.0,,0.0,1 ha worked,,rotary_tiller_singlescore_14.json,0.0,0.0,,0.0,1 ha worked,,seeder_singlescore_17.json,0.0,3.7202797203,,0.0,1 ha worked,,sprayer_singlescore_15.json,0.0,0.0
C5_2022,C5,2022,ha,Climate change - Fossil,Pt,3.0,,0.0,1 ha worked,,centrifugal_spreader_singlescore_13.json,0.0,1.0,,0.0,1 ha worked,,combine_harvester_singlescore_16.json,0.0,3.0,,0.0,1 ha worked,,disk_harrow_singlescore_11.json,0.0,1.0,,0.0,1 ha worked,,laser_leveler_singlescore_12.json,0.0,1.0,,0.0,1 ha worked,,rotary_tiller_singlescore_14.json,0.0,0.0,,0.0,1 ha worked,,seeder_singlescore_17.json,0.0,3.7202797203,,0.0,1 ha worked,,sprayer_singlescore_15.json,0.0,0.0
C5_2022,C5,2022,ha,Climate change - Land use and LU change,Pt,3.0,,0.0,1 ha worked,,centrifugal_spreader_singlescore_13.json,0.0,1.0,,0.0,1 ha worked,,combine_harvester_singlescore_16.json,0.0,3.0,,0.0,1 ha worked,,disk_harrow_singlescore_11.json,0.0,1.0,,0.0,1 ha worked,,laser_leveler_singlescore_12.json,0.0,1.0,,0.0,1 ha worked,,rotary_tiller_singlescore_14.json,0.0,0.0,,0.0,1 ha worked,,seeder_singlescore_17.json,0.0,3.7202797203,,0.0,1 ha worked,,sprayer_singlescore_15.json,0.0,0.0
C5_2022,C5,2022,ha,"Ecotoxicity, freshwater",Pt,3.0,,92856.62000000001,1 ha worked,,centrifugal_spreader_singlescore_13.json,278569.86000000004,1.0,,619566.99,1 ha worked,,combine_harvester_singlescore_16.json,619566.99,3.0,,53553.84,1 ha worked,,disk_harrow_singlescore_11.json,160661.52,1.0,,360473.73,1 ha worked,,laser_leveler_singlescore_12.json,360473.73,1.0,,257538.30999999997,1 ha worked,,rotary_tiller_singlescore_14.json,257538.30999999997,0.0,,133625.82,1 ha worked,,seeder_singlescore_17.json,0.0,3.7202797203,,7323.02,1 ha worked,,sprayer_singlescore_15.json,27243.68279735131,1704054.0927973515
C5_2022,C5,2022,ha,"Ecotoxicity, freshwater - inorganics",Pt,3.0,,0.0,1 ha worked,,centrifugal_spreader_singlescore_13.json,0.0,1.0,,0.0,1 ha worked,,combine_harvester_singlescore_16.json,0.0,3.0,,0.0,1 ha worked,,disk_harrow_singlescore_11.json,0.0,1.0,,0.0,1 ha worked,,laser_leveler_singlescore_12.json,0.0,1.0,,0.0,1 ha worked,,rotary_tiller_singlescore_14.json,0.0,0.0,,0.0,1 ha worked,,seeder_singlescore_17.json,0.0,3.7202797203,,0.0,1 ha worked,,sprayer_singlescore_15.json,0.0,0.0
C5_2022,C5,2022,ha,"Ecotoxicity, freshwater - metals",Pt,3.0,,0.0,1 ha worked,,centrifugal_spreader_singlescore_13.json,0.0,1.0,,0.0,1 ha worked,,combine_harvester_singlescore_16.json,0.0,3.0,,0.0,1 ha worked,,disk_harrow_singlescore_11.json,0.0,1.0,,0.0,1 ha worked,,laser_leveler_singlescore_12.json,0.0,1.0,,0.0,1 ha worked,,rotary_tiller_singlescore_14.json,0.0,0.0,,0.0,1 ha worked,,seeder_singlescore_17.json,0.0,3.7202797203,,0.0,1 ha worked,,sprayer_singlescore_15.json,0.0,0.0
C5_2022,C5,2022,ha,"Ecotoxicity, freshwater - organics",Pt,3.0,,0.0,1 ha worked,,centrifugal_spreader_singlescore_13.json,0.0,1.0,,0.0,1 ha worked,,combine_harvester_singlescore_16.json,0.0,3.0,,0.0,1 ha worked,,disk_harrow_singlescore_11.json,0.0,1.0,,0.0,1 ha worked,,laser_leveler_singlescore_12.json,0.0,1.0,,0.0,1 ha worked,,rotary_tiller_singlescore_14.json,0.0,0.0,,0.0,1 ha worked,,seeder_singlescore_17.json,0.0,3.7202797203,,0.0,1 ha worked,,sprayer_singlescore_15.json,0.0,0.0
C5_2022,C5,2022,ha,"Eutrophication, freshwater",Pt,3.0,,7.1276e-05,1 ha worked,,centrifugal_spreader_singlescore_13.json,0.000213828,1.0,,0.00048615999999999997,1 ha worked,,combine_harvester_singlescore_16.json,0.00048615999999999997,3.0,,3.0076e-05,1 ha worked,,disk_harrow_singlescore_11.json,9.0228e-05,1.0,,0.00026574,1 ha worked,,laser_leveler_singlescore_12.json,0.00026574,1.0,,0.00023895999999999998,1 ha worked,,rotary_tiller_singlescore_14.json,0.00023895999999999998,0.0,,0.00014111,1 ha worked,,seeder_singlescore_17.json,0.0,3.7202797203,,5.6032e-06,1 ha worked,,sprayer_singlescore_15.json,2.0845471328784962e-05,0.0013157614713287847
C5_2022,C5,2022,ha,"Eutrophication, marine",Pt,3.0,,0.08380000000000001,1 ha worked,,centrifugal_spreader_singlescore_13.json,0.25140000000000007,1.0,,0.610902,1 ha worked,,combine_harvester_singlescore_16.json,0.610902,3.0,,0.0708948,1 ha worked,,disk_harrow_singlescore_11.json,0.2126844,1.0,,0.37207199999999996,1 ha worked,,laser_leveler_singlescore_12.json,0.37207199999999996,1.0,,0.17849399999999999,1 ha worked,,rotary_tiller_singlescore_14.json,0.17849399999999999,0.0,,0.017262800000000002,1 ha worked,,seeder_singlescore_17.json,0.0,3.7202797203,,0.005413480000000001,1 ha worked,,sprayer_singlescore_15.json,0.02013965986024965,1.6456920598602496
C5_2022,C5,2022,ha,"Eutrophication, terrestrial",Pt,3.0,,7.227,1 ha worked,,centrifugal_spreader_singlescore_13.json,21.681,1.0,,52.3629,1 ha worked,,combine_harvester_singlescore_16.json,52.3629,3.0,,6.09039,1 ha worked,,disk_harrow_singlescore_11.json,18.27117,1.0,,31.9302,1 ha worked,,laser_leveler_singlescore_12.json,31.9302,1.0,,15.308100000000001,1 ha worked,,rotary_tiller_singlescore_14.json,15.308100000000001,0.0,,1.43226,1 ha worked,,seeder_singlescore_17.json,0.0,3.7202797203,,0.46252800000000005,1 ha worked,,sprayer_singlescore_15.json,1.7207335384709186,141.2741035384709
C5_2022,C5,2022,ha,"Human toxicity, cancer",Pt,3.0,,1.6072e-14,1 ha worked,,centrifugal_spreader_singlescore_13.json,4.8216e-14,1.0,,1.0988000000000001e-13,1 ha worked,,combine_harvester_singlescore_16.json,1.0988000000000001e-13,3.0,,9.265999999999999e-15,1 ha worked,,disk_harrow_singlescore_11.json,2.7797999999999996e-14,1.0,,8.446e-14,1 ha worked,,laser_leveler_singlescore_12.json,8.446e-14,1.0,,9.348e-14,1 ha worked,,rotary_tiller_singlescore_14.json,9.348e-14,0.0,,4.5428e-14,1 ha worked,,seeder_singlescore_17.json,0.0,3.7202797203,,1.5661999999999999e-15,1 ha worked,,sprayer_singlescore_15.json,5.82670209793386e-15,3.696607020979339e-13
C5_2022,C5,2022,ha,"Human toxicity, cancer - inorganics",Pt,3.0,,0.0,1 ha worked,,centrifugal_spreader_singlescore_13.json,0.0,1.0,,0.0,1 ha worked,,combine_harvester_singlescore_16.json,0.0,3.0,,0.0,1 ha worked,,disk_harrow_singlescore_11.json,0.0,1.0,,0.0,1 ha worked,,laser_leveler_singlescore_12.json,0.0,1.0,,0.0,1 ha worked,,rotary_tiller_singlescore_14.json,0.0,0.0,,0.0,1 ha worked,,seeder_singlescore_17.json,0.0,3.7202797203,,0.0,1 ha worked,,sprayer_singlescore_15.json,0.0,0.0
C5_2022,C5,2022,ha,"Human toxicity, cancer - metals",Pt,3.0,,0.0,1 ha worked,,centrifugal_spreader_singlescore_13.json,0.0,1.0,,0.0,1 ha worked,,combine_harvester_singlescore_16.json,0.0,3.0,,0.0,1 ha worked,,disk_harrow_singlescore_11.json,0.0,1.0,,0.0,1 ha worked,,laser_leveler_singlescore_12.json,0.0,1.0,,0.0,1 ha worked,,rotary_tiller_singlescore_14.json,0.0,0.0,,0.0,1 ha worked,,seeder_singlescore_17.json,0.0,3.7202797203,,0.0,1 ha worked,,sprayer_singlescore_15.json,0.0,0.0
C5_2022,C5,2022,ha,"Human toxicity, cancer - organics",Pt,3.0,,0.0,1 ha worked,,centrifugal_spreader_singlescore_13.json,0.0,1.0,,0.0,1 ha worked,,combine_harvester_singlescore_16.json,0.0,3.0,,0.0,1 ha worked,,disk_harrow_singlescore_11.json,0.0,1.0,,0.0,1 ha worked,,laser_leveler_singlescore_12.json,0.0,1.0,,0.0,1 ha worked,,rotary_tiller_singlescore_14.json,0.0,0.0,,0.0,1 ha worked,,seeder_singlescore_17.json,0.0,3.7202797203,,0.0,1 ha worked,,sprayer_singlescore_15.json,0.0,0.0
C5_2022,C5,2022,ha,"Human toxicity, non-cancer",Pt,3.0,,5.2352599999999984e-12,1 ha worked,,centrifugal_spreader_singlescore_13.json,1.5705779999999997e-11,1.0,,3.0240399999999995e-11,1 ha worked,,combine_harvester_singlescore_16.json,3.0240399999999995e-11,3.0,,7.796079999999999e-12,1 ha worked,,disk_harrow_singlescore_11.json,2.3388239999999995e-11,1.0,,1.748e-11,1 ha worked,,laser_leveler_singlescore_12.json,1.748e-11,1.0,,1.1973799999999998e-11,1 ha worked,,rotary_tiller_singlescore_14.json,1.1973799999999998e-11,0.0,,9.351799999999999e-12,1 ha worked,,seeder_singlescore_17.json,0.0,3.7202797203,,1.1099799999999999e-12,1 ha worked,,sprayer_singlescore_15.json,4.129436083938594e-12,1.0291765608393858e-10
C5_2022,C5,2022,ha,"Human toxicity, non-cancer - inorganics",Pt,3.0,,0.0,1 ha worked,,centrifugal_spreader_singlescore_13.json,0.0,1.0,,0.0,1 ha worked,,combine_harvester_singlescore_16.json,0.0,3.0,,0.0,1 ha worked,,disk_harrow_singlescore_11.json,0.0,1.0,,0.0,1 ha worked,,laser_leveler_singlescore_12.json,0.0,1.0,,0.0,1 ha worked,,rotary_tiller_singlescore_14.json,0.0,0.0,,0.0,1 ha worked,,seeder_singlescore_17.json,0.0,3.7202797203,,0.0,1 ha worked,,sprayer_singlescore_15.json,0.0,0.0
C5_2022,C5,2022,ha,"Human toxicity, non-cancer - metals",Pt,3.0,,0.0,1 ha worked,,centrifugal_spreader_singlescore_13.json,0.0,1.0,,0.0,1 ha worked,,combine_harvester_singlescore_16.json,0.0,3.0,,0.0,1 ha worked,,disk_harrow_singlescore_11.json,0.0,1.0,,0.0,1 ha worked,,laser_leveler_singlescore_12.json,0.0,1.0,,0.0,1 ha worked,,rotary_tiller_singlescore_14.json,0.0,0.0,,0.0,1 ha worked,,seeder_singlescore_17.json,0.0,3.7202797203,,0.0,1 ha worked,,sprayer_singlescore_15.json,0.0,0.0
C5_2022,C5,2022,ha,"Human toxicity, non-cancer - organics",Pt,3.0,,0.0,1 ha worked,,centrifugal_spreader_singlescore_13.json,0.0,1.0,,0.0,1 ha worked,,combine_harvester_singlescore_16.json,0.0,3.0,,0.0,1 ha worked,,disk_harrow_singlescore_11.json,0.0,1.0,,0.0,1 ha worked,,laser_leveler_singlescore_12.json,0.0,1.0,,0.0,1 ha worked,,rotary_tiller_singlescore_14.json,0.0,0.0,,0.0,1 ha worked,,seeder_singlescore_17.json,0.0,3.7202797203,,0.0,1 ha worked,,sprayer_singlescore_15.json,0.0,0.0
C5_2022,C5,2022,ha,Ionising radiation,Pt,3.0,,362.9200000000001,1 ha worked,,centrifugal_spreader_singlescore_13.json,1088.7600000000002,1.0,,2213.39,1 ha worked,,combine_harvester_singlescore_16.json,2213.39,3.0,,267.96999999999997,1 ha worked,,disk_harrow_singlescore_11.json,803.9099999999999,1.0,,1664.79,1 ha worked,,laser_leveler_singlescore_12.json,1664.79,1.0,,911.52,1 ha worked,,rotary_tiller_singlescore_14.json,911.52,0.0,,369.25,1 ha worked,,seeder_singlescore_17.json,0.0,3.7202797203,,24.264999999999997,1 ha worked,,sprayer_singlescore_15.json,90.27258741307949,6772.642587413078
C5_2022,C5,2022,ha,Land use,Pt,3.0,,16120529.999999998,1 ha worked,,centrifugal_spreader_singlescore_13.json,48361589.99999999,1.0,,88815540.0,1 ha worked,,combine_harvester_singlescore_16.json,88815540.0,3.0,,15266940.0,1 ha worked,,disk_harrow_singlescore_11.json,45800820.0,1.0,,71172090.0,1 ha worked,,laser_leveler_singlescore_12.json,71172090.0,1.0,,46409100.0,1 ha worked,,rotary_tiller_singlescore_14.json,46409100.0,0.0,,18753450.0,1 ha worked,,seeder_singlescore_17.json,0.0,3.7202797203,,11114430.0,1 ha worked,,sprayer_singlescore_15.json,41348788.53169393,341907928.53169394
C5_2022,C5,2022,ha,Ozone depletion,Pt,3.0,,7.3408e-09,1 ha worked,,centrifugal_spreader_singlescore_13.json,2.20224e-08,1.0,,4.4843999999999994e-08,1 ha worked,,combine_harvester_singlescore_16.json,4.4843999999999994e-08,3.0,,6.1716e-09,1 ha worked,,disk_harrow_singlescore_11.json,1.85148e-08,1.0,,3.1524e-08,1 ha worked,,laser_leveler_singlescore_12.json,3.1524e-08,1.0,,1.47556e-08,1 ha worked,,rotary_tiller_singlescore_14.json,1.47556e-08,0.0,,5.209600000000001e-09,1 ha worked,,seeder_singlescore_17.json,0.0,3.7202797203,,4.765600000000001e-10,1 ha worked,,sprayer_singlescore_15.json,1.7729365035061684e-09,1.3343373650350616e-07
C5_2022,C5,2022,ha,Particulate matter,Pt,3.0,,5.4204899999999996e-11,1 ha worked,,centrifugal_spreader_singlescore_13.json,1.626147e-10,1.0,,3.4657700000000003e-10,1 ha worked,,combine_harvester_singlescore_16.json,3.4657700000000003e-10,3.0,,4.00589e-11,1 ha worked,,disk_harrow_singlescore_11.json,1.201767e-10,1.0,,2.3533799999999997e-10,1 ha worked,,laser_leveler_singlescore_12.json,2.3533799999999997e-10,1.0,,1.7875400000000004e-10,1 ha worked,,rotary_tiller_singlescore_14.json,1.7875400000000004e-10,0.0,,9.130600000000001e-11,1 ha worked,,seeder_singlescore_17.json,0.0,3.7202797203,,7.844600000000002e-12,1 ha worked,,sprayer_singlescore_15.json,2.918410629386539e-11,1.0726445062938654e-09
C5_2022,C5,2022,ha,Photochemical ozone formation,Pt,3.0,,0.5917,1 ha worked,,centrifugal_spreader_singlescore_13.json,1.7751000000000001,1.0,,4.268,1 ha worked,,combine_harvester_singlescore_16.json,4.268,3.0,,0.48305999999999993,1 ha worked,,disk_harrow_singlescore_11.json,1.4491799999999997,1.0,,2.5802,1 ha worked,,laser_leveler_singlescore_12.json,2.5802,1.0,,1.2998,1 ha worked,,rotary_tiller_singlescore_14.json,1.2998,0.0,,0.20757999999999996,1 ha worked,,seeder_singlescore_17.json,0.0,3.7202797203,,0.037635999999999996,1 ha worked,,sprayer_singlescore_15.json,0.1400164475532108,11.51229644755321
C5_2022,C5,2022,ha,"Resource use, fossils",Pt,3.0,,1940138.9999999998,1 ha worked,,centrifugal_spreader_singlescore_13.json,5820416.999999999,1.0,,11808458.1,1 ha worked,,combine_harvester_singlescore_16.json,11808458.1,3.0,,1486788.3,1 ha worked,,disk_harrow_singlescore_11.json,4460364.9,1.0,,8854809.6,1 ha worked,,laser_leveler_singlescore_12.json,8854809.6,1.0,,4686307.2,1 ha worked,,rotary_tiller_singlescore_14.json,4686307.2,0.0,,1833385.2000000002,1 ha worked,,seeder_singlescore_17.json,0.0,3.7202797203,,127767.9,1 ha worked,,sprayer_singlescore_15.json,475332.3272753184,36105689.127275325
C5_2022,C5,2022,ha,"Resource use, minerals and metals",Pt,3.0,,1.5072e-06,1 ha worked,,centrifugal_spreader_singlescore_13.json,4.5216e-06,1.0,,1.2384e-05,1 ha worked,,combine_harvester_singlescore_16.json,1.2384e-05,3.0,,6.095999999999998e-07,1 ha worked,,disk_harrow_singlescore_11.json,1.8287999999999995e-06,1.0,,4.4015999999999995e-06,1 ha worked,,laser_leveler_singlescore_12.json,4.4015999999999995e-06,1.0,,2.976e-06,1 ha worked,,rotary_tiller_singlescore_14.json,2.976e-06,0.0,,1.7759999999999998e-06,1 ha worked,,seeder_singlescore_17.json,0.0,3.7202797203,,1.3968e-07,1 ha worked,,sprayer_singlescore_15.json,5.19648671331504e-07,2.66316486713315e-05
C5_2022,C5,2022,ha,Total,Pt,3.0,,18203540.602892786,1 ha worked,,centrifugal_spreader_singlescore_13.json,54610621.80867836,1.0,,101551998.37990059,1 ha worked,,combine_harvester_singlescore_16.json,101551998.37990059,3.0,,16844590.994255494,1 ha worked,,disk_harrow_singlescore_11.json,50533772.98276648,1.0,,80616648.64674218,1 ha worked,,laser_leveler_singlescore_12.json,80616648.64674218,1.0,,51483431.65711595,1 ha worked,,rotary_tiller_singlescore_14.json,51483431.65711595,0.0,,20774237.986285694,1 ha worked,,seeder_singlescore_17.json,0.0,3.7202797203,,11253191.91303122,1 ha worked,,sprayer_singlescore_15.json,41865021.662694015,380661495.1378976
C5_2022,C5,2022,ha,Water use,Pt,3.0,,2065.69,1 ha worked,,centrifugal_spreader_singlescore_13.json,6197.07,1.0,,12531.2,1 ha worked,,combine_harvester_singlescore_16.json,12531.2,3.0,,837.045,1 ha worked,,disk_harrow_singlescore_11.json,2511.1349999999998,1.0,,7773.259999999999,1 ha worked,,laser_leveler_singlescore_12.json,7773.259999999999,1.0,,6275.389999999999,1 ha worked,,rotary_tiller_singlescore_14.json,6275.389999999999,0.0,,3367.76,1 ha worked,,seeder_singlescore_17.json,0.0,3.7202797203,,230.065,1 ha worked,,sprayer_singlescore_15.json,855.9061538508196,36143.96115385081
C5_2023,C5,2023,ha,Acidification,Pt,3.0,,0.8703199999999999,1 ha worked,,centrifugal_spreader_singlescore_13.json,2.6109599999999995,1.0,,6.1575999999999995,1 ha worked,,combine_harvester_singlescore_16.json,6.1575999999999995,3.0,,0.6948799999999999,1 ha worked,,disk_harrow_singlescore_11.json,2.08464,1.0,,3.784,1 ha worked,,laser_leveler_singlescore_12.json,3.784,1.0,,1.95048,1 ha worked,,rotary_tiller_singlescore_14.json,1.95048,0.0,,0.39904,1 ha worked,,seeder_singlescore_17.json,0.0,5.0158013544,,0.057448000000000006,1 ha worked,,sprayer_singlescore_15.json,0.2881477562075712,16.87582775620757
C5_2023,C5,2023,ha,Climate change,Pt,3.0,,47577.59999999999,1 ha worked,,centrifugal_spreader_singlescore_13.json,142732.8,1.0,,293625.3,1 ha worked,,combine_harvester_singlescore_16.json,293625.3,3.0,,36196.5,1 ha worked,,disk_harrow_singlescore_11.json,108589.5,1.0,,219798.59999999998,1 ha worked,,laser_leveler_singlescore_12.json,219798.59999999998,1.0,,123280.5,1 ha worked,,rotary_tiller_singlescore_14.json,123280.5,0.0,,50037.9,1 ha worked,,seeder_singlescore_17.json,0.0,5.0158013544,,3416.1000000000004,1 ha worked,,sprayer_singlescore_15.json,17134.47900676584,905161.1790067658
C5_2023,C5,2023,ha,Climate change - Biogenic,Pt,3.0,,0.0,1 ha worked,,centrifugal_spreader_singlescore_13.json,0.0,1.0,,0.0,1 ha worked,,combine_harvester_singlescore_16.json,0.0,3.0,,0.0,1 ha worked,,disk_harrow_singlescore_11.json,0.0,1.0,,0.0,1 ha worked,,laser_leveler_singlescore_12.json,0.0,1.0,,0.0,1 ha worked,,rotary_tiller_singlescore_14.json,0.0,0.0,,0.0,1 ha worked,,seeder_singlescore_17.json,0.0,5.0158013544,,0.0,1 ha worked,,sprayer_singlescore_15.json,0.0,0.0
C5_2023,C5,2023,ha,Climate change - Fossil,Pt,3.0,,0.0,1 ha worked,,centrifugal_spreader_singlescore_13.json,0.0,1.0,,0.0,1 ha worked,,combine_harvester_singlescore_16.json,0.0,3.0,,0.0,1 ha worked,,disk_harrow_singlescore_11.json,0.0,1.0,,0.0,1 ha worked,,laser_leveler_singlescore_12.json,0.0,1.0,,0.0,1 ha worked,,rotary_tiller_singlescore_14.json,0.0,0.0,,0.0,1 ha worked,,seeder_singlescore_17.json,0.0,5.0158013544,,0.0,1 ha worked,,sprayer_singlescore_15.json,0.0,0.0
C5_2023,C5,2023,ha,Climate change - Land use and LU change,Pt,3.0,,0.0,1 ha worked,,centrifugal_spreader_singlescore_13.json,0.0,1.0,,0.0,1 ha worked,,combine_harvester_singlescore_16.json,0.0,3.0,,0.0,1 ha worked,,disk_harrow_singlescore_11.json,0.0,1.0,,0.0,1 ha worked,,laser_leveler_singlescore_12.json,0.0,1.0,,0.0,1 ha worked,,rotary_tiller_singlescore_14.json,0.0,0.0,,0.0,1 ha worked,,seeder_singlescore_17.json,0.0,5.0158013544,,0.0,1 ha worked,,sprayer_singlescore_15.json,0.0,0.0
C5_2023,C5,2023,ha,"Ecotoxicity, freshwater",Pt,3.0,,92856.62000000001,1 ha worked,,centrifugal_spreader_singlescore_13.json,278569.86000000004,1.0,,619566.99,1 ha worked,,combine_harvester_singlescore_16.json,619566.99,3.0,,53553.84,1 ha worked,,disk_harrow_singlescore_11.json,160661.52,1.0,,360473.73,1 ha worked,,laser_leveler_singlescore_12.json,360473.73,1.0,,257538.30999999997,1 ha worked,,rotary_tiller_singlescore_14.json,257538.30999999997,0.0,,133625.82,1 ha worked,,seeder_singlescore_17.json,0.0,5.0158013544,,7323.02,1 ha worked,,sprayer_singlescore_15.json,36730.81363429829,1713541.2236342984
C5_2023,C5,2023,ha,"Ecotoxicity, freshwater - inorganics",Pt,3.0,,0.0,1 ha worked,,centrifugal_spreader_singlescore_13.json,0.0,1.0,,0.0,1 ha worked,,combine_harvester_singlescore_16.json,0.0,3.0,,0.0,1 ha worked,,disk_harrow_singlescore_11.json,0.0,1.0,,0.0,1 ha worked,,laser_leveler_singlescore_12.json,0.0,1.0,,0.0,1 ha worked,,rotary_tiller_singlescore_14.json,0.0,0.0,,0.0,1 ha worked,,seeder_singlescore_17.json,0.0,5.0158013544,,0.0,1 ha worked,,sprayer_singlescore_15.json,0.0,0.0
C5_2023,C5,2023,ha,"Ecotoxicity, freshwater - metals",Pt,3.0,,0.0,1 ha worked,,centrifugal_spreader_singlescore_13.json,0.0,1.0,,0.0,1 ha worked,,combine_harvester_singlescore_16.json,0.0,3.0,,0.0,1 ha worked,,disk_harrow_singlescore_11.json,0.0,1.0,,0.0,1 ha worked,,laser_leveler_singlescore_12.json,0.0,1.0,,0.0,1 ha worked,,rotary_tiller_singlescore_14.json,0.0,0.0,,0.0,1 ha worked,,seeder_singlescore_17.json,0.0,5.0158013544,,0.0,1 ha worked,,sprayer_singlescore_15.json,0.0,0.0
C5_2023,C5,2023,ha,"Ecotoxicity, freshwater - organics",Pt,3.0,,0.0,1 ha worked,,centrifugal_spreader_singlescore_13.json,0.0,1.0,,0.0,1 ha worked,,combine_harvester_singlescore_16.json,0.0,3.0,,0.0,1 ha worked,,disk_harrow_singlescore_11.json,0.0,1.0,,0.0,1 ha worked,,laser_leveler_singlescore_12.json,0.0,1.0,,0.0,1 ha worked,,rotary_tiller_singlescore_14.json,0.0,0.0,,0.0,1 ha worked,,seeder_singlescore_17.json,0.0,5.0158013544,,0.0,1 ha worked,,sprayer_singlescore_15.json,0.0,0.0
C5_2023,C5,2023,ha,"Eutrophication, freshwater",Pt,3.0,,7.1276e-05,1 ha worked,,centrifugal_spreader_singlescore_13.json,0.000213828,1.0,,0.00048615999999999997,1 ha worked,,combine_harvester_singlescore_16.json,0.00048615999999999997,3.0,,3.0076e-05,1 ha worked,,disk_harrow_singlescore_11.json,9.0228e-05,1.0,,0.00026574,1 ha worked,,laser_leveler_singlescore_12.json,0.00026574,1.0,,0.00023895999999999998,1 ha worked,,rotary_tiller_singlescore_14.json,0.00023895999999999998,0.0,,0.00014111,1 ha worked,,seeder_singlescore_17.json,0.0,5.0158013544,,5.6032e-06,1 ha worked,,sprayer_singlescore_15.json,2.810453814897408e-05,0.0013230205381489738
C5_2023,C5,2023,ha,"Eutrophication, marine",Pt,3.0,,0.08380000000000001,1 ha worked,,centrifugal_spreader_singlescore_13.json,0.25140000000000007,1.0,,0.610902,1 ha worked,,combine_harvester_singlescore_16.json,0.610902,3.0,,0.0708948,1 ha worked,,disk_harrow_singlescore_11.json,0.2126844,1.0,,0.37207199999999996,1 ha worked,,laser_leveler_singlescore_12.json,0.37207199999999996,1.0,,0.17849399999999999,1 ha worked,,rotary_tiller_singlescore_14.json,0.17849399999999999,0.0,,0.017262800000000002,1 ha worked,,seeder_singlescore_17.json,0.0,5.0158013544,,0.005413480000000001,1 ha worked,,sprayer_singlescore_15.json,0.027152940316017313,1.6527053403160172
C5_2023,C5,2023,ha,"Eutrophication, terrestrial",Pt,3.0,,7.227,1 ha worked,,centrifugal_spreader_singlescore_13.json,21.681,1.0,,52.3629,1 ha worked,,combine_harvester_singlescore_16.json,52.3629,3.0,,6.09039,1 ha worked,,disk_harrow_singlescore_11.json,18.27117,1.0,,31.9302,1 ha worked,,laser_leveler_singlescore_12.json,31.9302,1.0,,15.308100000000001,1 ha worked,,rotary_tiller_singlescore_14.json,15.308100000000001,0.0,,1.43226,1 ha worked,,seeder_singlescore_17.json,0.0,5.0158013544,,0.46252800000000005,1 ha worked,,sprayer_singlescore_15.json,2.3199485688479236,141.87331856884794
C5_2023,C5,2023,ha,"Human toxicity, cancer",Pt,3.0,,1.6072e-14,1 ha worked,,centrifugal_spreader_singlescore_13.json,4.8216e-14,1.0,,1.0988000000000001e-13,1 ha worked,,combine_harvester_singlescore_16.json,1.0988000000000001e-13,3.0,,9.265999999999999e-15,1 ha worked,,disk_harrow_singlescore_11.json,2.7797999999999996e-14,1.0,,8.446e-14,1 ha worked,,laser_leveler_singlescore_12.json,8.446e-14,1.0,,9.348e-14,1 ha worked,,rotary_tiller_singlescore_14.json,9.348e-14,0.0,,4.5428e-14,1 ha worked,,seeder_singlescore_17.json,0.0,5.0158013544,,1.5661999999999999e-15,1 ha worked,,sprayer_singlescore_15.json,7.855748081261279e-15,3.7168974808126133e-13
C5_2023,C5,2023,ha,"Human toxicity, cancer - inorganics",Pt,3.0,,0.0,1 ha worked,,centrifugal_spreader_singlescore_13.json,0.0,1.0,,0.0,1 ha worked,,combine_harvester_singlescore_16.json,0.0,3.0,,0.0,1 ha worked,,disk_harrow_singlescore_11.json,0.0,1.0,,0.0,1 ha worked,,laser_leveler_singlescore_12.json,0.0,1.0,,0.0,1 ha worked,,rotary_tiller_singlescore_14.json,0.0,0.0,,0.0,1 ha worked,,seeder_singlescore_17.json,0.0,5.0158013544,,0.0,1 ha worked,,sprayer_singlescore_15.json,0.0,0.0
C5_2023,C5,2023,ha,"Human toxicity, cancer - metals",Pt,3.0,,0.0,1 ha worked,,centrifugal_spreader_singlescore_13.json,0.0,1.0,,0.0,1 ha worked,,combine_harvester_singlescore_16.json,0.0,3.0,,0.0,1 ha worked,,disk_harrow_singlescore_11.json,0.0,1.0,,0.0,1 ha worked,,laser_leveler_singlescore_12.json,0.0,1.0,,0.0,1 ha worked,,rotary_tiller_singlescore_14.json,0.0,0.0,,0.0,1 ha worked,,seeder_singlescore_17.json,0.0,5.0158013544,,0.0,1 ha worked,,sprayer_singlescore_15.json,0.0,0.0
C5_2023,C5,2023,ha,"Human toxicity, cancer - organics",Pt,3.0,,0.0,1 ha worked,,centrifugal_spreader_singlescore_13.json,0.0,1.0,,0.0,1 ha worked,,combine_harvester_singlescore_16.json,0.0,3.0,,0.0,1 ha worked,,disk_harrow_singlescore_11.json,0.0,1.0,,0.0,1 ha worked,,laser_leveler_singlescore_12.json,0.0,1.0,,0.0,1 ha worked,,rotary_tiller_singlescore_14.json,0.0,0.0,,0.0,1 ha worked,,seeder_singlescore_17.json,0.0,5.0158013544,,0.0,1 ha worked,,sprayer_singlescore_15.json,0.0,0.0
C5_2023,C5,2023,ha,"Human toxicity, non-cancer",Pt,3.0,,5.2352599999999984e-12,1 ha worked,,centrifugal_spreader_singlescore_13.json,1.5705779999999997e-11,1.0,,3.0240399999999995e-11,1 ha worked,,combine_harvester_singlescore_16.json,3.0240399999999995e-11,3.0,,7.796079999999999e-12,1 ha worked,,disk_harrow_singlescore_11.json,2.3388239999999995e-11,1.0,,1.748e-11,1 ha worked,,laser_leveler_singlescore_12.json,1.748e-11,1.0,,1.1973799999999998e-11,1 ha worked,,rotary_tiller_singlescore_14.json,1.1973799999999998e-11,0.0,,9.351799999999999e-12,1 ha worked,,seeder_singlescore_17.json,0.0,5.0158013544,,1.1099799999999999e-12,1 ha worked,,sprayer_singlescore_15.json,5.567439187356911e-12,1.043556591873569e-10
C5_2023,C5,2023,ha,"Human toxicity, non-cancer - inorganics",Pt,3.0,,0.0,1 ha worked,,centrifugal_spreader_singlescore_13.json,0.0,1.0,,0.0,1 ha worked,,combine_harvester_singlescore_16.json,0.0,3.0,,0.0,1 ha worked,,disk_harrow_singlescore_11.json,0.0,1.0,,0.0,1 ha worked,,laser_leveler_singlescore_12.json,0.0,1.0,,0.0,1 ha worked,,rotary_tiller_singlescore_14.json,0.0,0.0,,0.0,1 ha worked,,seeder_singlescore_17.json,0.0,5.0158013544,,0.0,1 ha worked,,sprayer_singlescore_15.json,0.0,0.0
C5_2023,C5,2023,ha,"Human toxicity, non-cancer - metals",Pt,3.0,,0.0,1 ha worked,,centrifugal_spreader_singlescore_13.json,0.0,1.0,,0.0,1 ha worked,,combine_harvester_singlescore_16.json,0.0,3.0,,0.0,1 ha worked,,disk_harrow_singlescore_11.json,0.0,1.0,,0.0,1 ha worked,,laser_leveler_singlescore_12.json,0.0,1.0,,0.0,1 ha worked,,rotary_tiller_singlescore_14.json,0.0,0.0,,0.0,1 ha worked,,seeder_singlescore_17.json,0.0,5.0158013544,,0.0,1 ha worked,,sprayer_singlescore_15.json,0.0,0.0
C5_2023,C5,2023,ha,"Human toxicity, non-cancer - organics",Pt,3.0,,0.0,1 ha worked,,centrifugal_spreader_singlescore_13.json,0.0,1.0,,0.0,1 ha worked,,combine_harvester_singlescore_16.json,0.0,3.0,,0.0,1 ha worked,,disk_harrow_singlescore_11.json,0.0,1.0,,0.0,1 ha worked,,laser_leveler_singlescore_12.json,0.0,1.0,,0.0,1 ha worked,,rotary_tiller_singlescore_14.json,0.0,0.0,,0.0,1 ha worked,,seeder_singlescore_17.json,0.0,5.0158013544,,0.0,1 ha worked,,sprayer_singlescore_15.json,0.0,0.0
C5_2023,C5,2023,ha,Ionising radiation,Pt,3.0,,362.9200000000001,1 ha worked,,centrifugal_spreader_singlescore_13.json,1088.7600000000002,1.0,,2213.39,1 ha worked,,combine_harvester_singlescore_16.json,2213.39,3.0,,267.96999999999997,1 ha worked,,disk_harrow_singlescore_11.json,803.9099999999999,1.0,,1664.79,1 ha worked,,laser_leveler_singlescore_12.json,1664.79,1.0,,911.52,1 ha worked,,rotary_tiller_singlescore_14.json,911.52,0.0,,369.25,1 ha worked,,seeder_singlescore_17.json,0.0,5.0158013544,,24.264999999999997,1 ha worked,,sprayer_singlescore_15.json,121.70841986451597,6804.078419864515
C5_2023,C5,2023,ha,Land use,Pt,3.0,,16120529.999999998,1 ha worked,,centrifugal_spreader_singlescore_13.json,48361589.99999999,1.0,,88815540.0,1 ha worked,,combine_harvester_singlescore_16.json,88815540.0,3.0,,15266940.0,1 ha worked,,disk_harrow_singlescore_11.json,45800820.0,1.0,,71172090.0,1 ha worked,,laser_leveler_singlescore_12.json,71172090.0,1.0,,46409100.0,1 ha worked,,rotary_tiller_singlescore_14.json,46409100.0,0.0,,18753450.0,1 ha worked,,seeder_singlescore_17.json,0.0,5.0158013544,,11114430.0,1 ha worked,,sprayer_singlescore_15.json,55747773.04738399,356306913.04738396
C5_2023,C5,2023,ha,Ozone depletion,Pt,3.0,,7.3408e-09,1 ha worked,,centrifugal_spreader_singlescore_13.json,2.20224e-08,1.0,,4.4843999999999994e-08,1 ha worked,,combine_harvester_singlescore_16.json,4.4843999999999994e-08,3.0,,6.1716e-09,1 ha worked,,disk_harrow_singlescore_11.json,1.85148e-08,1.0,,3.1524e-08,1 ha worked,,laser_leveler_singlescore_12.json,3.1524e-08,1.0,,1.47556e-08,1 ha worked,,rotary_tiller_singlescore_14.json,1.47556e-08,0.0,,5.209600000000001e-09,1 ha worked,,seeder_singlescore_17.json,0.0,5.0158013544,,4.765600000000001e-10,1 ha worked,,sprayer_singlescore_15.json,2.3903302934528643e-09,1.3405113029345285e-07
C5_2023,C5,2023,ha,Particulate matter,Pt,3.0,,5.4204899999999996e-11,1 ha worked,,centrifugal_spreader_singlescore_13.json,1.626147e-10,1.0,,3.4657700000000003e-10,1 ha worked,,combine_harvester_singlescore_16.json,3.4657700000000003e-10,3.0,,4.00589e-11,1 ha worked,,disk_harrow_singlescore_11.json,1.201767e-10,1.0,,2.3533799999999997e-10,1 ha worked,,laser_leveler_singlescore_12.json,2.3533799999999997e-10,1.0,,1.7875400000000004e-10,1 ha worked,,rotary_tiller_singlescore_14.json,1.7875400000000004e-10,0.0,,9.130600000000001e-11,1 ha worked,,seeder_singlescore_17.json,0.0,5.0158013544,,7.844600000000002e-12,1 ha worked,,sprayer_singlescore_15.json,3.934695530472625e-11,1.0828073553047261e-09
C5_2023,C5,2023,ha,Photochemical ozone formation,Pt,3.0,,0.5917,1 ha worked,,centrifugal_spreader_singlescore_13.json,1.7751000000000001,1.0,,4.268,1 ha worked,,combine_harvester_singlescore_16.json,4.268,3.0,,0.48305999999999993,1 ha worked,,disk_harrow_singlescore_11.json,1.4491799999999997,1.0,,2.5802,1 ha worked,,laser_leveler_singlescore_12.json,2.5802,1.0,,1.2998,1 ha worked,,rotary_tiller_singlescore_14.json,1.2998,0.0,,0.20757999999999996,1 ha worked,,seeder_singlescore_17.json,0.0,5.0158013544,,0.037635999999999996,1 ha worked,,sprayer_singlescore_15.json,0.18877469977419836,11.561054699774196
C5_2023,C5,2023,ha,"Resource use, fossils",Pt,3.0,,1940138.9999999998,1 ha worked,,centrifugal_spreader_singlescore_13.json,5820416.999999999,1.0,,11808458.1,1 ha worked,,combine_harvester_singlescore_16.json,11808458.1,3.0,,1486788.3,1 ha worked,,disk_harrow_singlescore_11.json,4460364.9,1.0,,8854809.6,1 ha worked,,laser_leveler_singlescore_12.json,8854809.6,1.0,,4686307.2,1 ha worked,,rotary_tiller_singlescore_14.json,4686307.2,0.0,,1833385.2000000002,1 ha worked,,seeder_singlescore_17.json,0.0,5.0158013544,,127767.9,1 ha worked,,sprayer_singlescore_15.json,640858.4058688437,36271215.20586885
C5_2023,C5,2023,ha,"Resource use, minerals and metals",Pt,3.0,,1.5072e-06,1 ha worked,,centrifugal_spreader_singlescore_13.json,4.5216e-06,1.0,,1.2384e-05,1 ha worked,,combine_harvester_singlescore_16.json,1.2384e-05,3.0,,6.095999999999998e-07,1 ha worked,,disk_harrow_singlescore_11.json,1.8287999999999995e-06,1.0,,4.4015999999999995e-06,1 ha worked,,laser_leveler_singlescore_12.json,4.4015999999999995e-06,1.0,,2.976e-06,1 ha worked,,rotary_tiller_singlescore_14.json,2.976e-06,0.0,,1.7759999999999998e-06,1 ha worked,,seeder_singlescore_17.json,0.0,5.0158013544,,1.3968e-07,1 ha worked,,sprayer_singlescore_15.json,7.006071331825919e-07,2.681260713318259e-05
C5_2023,C5,2023,ha,Total,Pt,3.0,,18203540.602892786,1 ha worked,,centrifugal_spreader_singlescore_13.json,54610621.80867836,1.0,,101551998.37990059,1 ha worked,,combine_harvester_singlescore_16.json,101551998.37990059,3.0,,16844590.994255494,1 ha worked,,disk_harrow_singlescore_11.json,50533772.98276648,1.0,,80616648.64674218,1 ha worked,,laser_leveler_singlescore_12.json,80616648.64674218,1.0,,51483431.65711595,1 ha worked,,rotary_tiller_singlescore_14.json,51483431.65711595,0.0,,20774237.986285694,1 ha worked,,seeder_singlescore_17.json,0.0,5.0158013544,,11253191.91303122,1 ha worked,,sprayer_singlescore_15.json,56443775.23870512,395240248.7139087
C5_2023,C5,2023,ha,Water use,Pt,3.0,,2065.69,1 ha worked,,centrifugal_spreader_singlescore_13.json,6197.07,1.0,,12531.2,1 ha worked,,combine_harvester_singlescore_16.json,12531.2,3.0,,837.045,1 ha worked,,disk_harrow_singlescore_11.json,2511.1349999999998,1.0,,7773.259999999999,1 ha worked,,laser_leveler_singlescore_12.json,7773.259999999999,1.0,,6275.389999999999,1 ha worked,,rotary_tiller_singlescore_14.json,6275.389999999999,0.0,,3367.76,1 ha worked,,seeder_singlescore_17.json,0.0,5.0158013544,,230.065,1 ha worked,,sprayer_singlescore_15.json,1153.960338600036,36442.01533860003
C5_2024,C5,2024,ha,Acidification,Pt,4.0,,0.8703199999999999,1 ha worked,,centrifugal_spreader_singlescore_13.json,3.4812799999999995,1.0,,6.1575999999999995,1 ha worked,,combine_harvester_singlescore_16.json,6.1575999999999995,3.0,,0.6948799999999999,1 ha worked,,disk_harrow_singlescore_11.json,2.08464,1.0,,3.784,1 ha worked,,laser_leveler_singlescore_12.json,3.784,2.0,,1.95048,1 ha worked,,rotary_tiller_singlescore_14.json,3.90096,0.0,,0.39904,1 ha worked,,seeder_singlescore_17.json,0.0,5.6664785553,,0.057448000000000006,1 ha worked,,sprayer_singlescore_15.json,0.32552786004487444,19.734007860044876
C5_2024,C5,2024,ha,Climate change,Pt,4.0,,47577.59999999999,1 ha worked,,centrifugal_spreader_singlescore_13.json,190310.39999999997,1.0,,293625.3,1 ha worked,,combine_harvester_singlescore_16.json,293625.3,3.0,,36196.5,1 ha worked,,disk_harrow_singlescore_11.json,108589.5,1.0,,219798.59999999998,1 ha worked,,laser_leveler_singlescore_12.json,219798.59999999998,2.0,,123280.5,1 ha worked,,rotary_tiller_singlescore_14.json,246561.0,0.0,,50037.9,1 ha worked,,seeder_singlescore_17.json,0.0,5.6664785553,,3416.1000000000004,1 ha worked,,sprayer_singlescore_15.json,19357.257392760333,1078242.0573927602
C5_2024,C5,2024,ha,Climate change - Biogenic,Pt,4.0,,0.0,1 ha worked,,centrifugal_spreader_singlescore_13.json,0.0,1.0,,0.0,1 ha worked,,combine_harvester_singlescore_16.json,0.0,3.0,,0.0,1 ha worked,,disk_harrow_singlescore_11.json,0.0,1.0,,0.0,1 ha worked,,laser_leveler_singlescore_12.json,0.0,2.0,,0.0,1 ha worked,,rotary_tiller_singlescore_14.json,0.0,0.0,,0.0,1 ha worked,,seeder_singlescore_17.json,0.0,5.6664785553,,0.0,1 ha worked,,sprayer_singlescore_15.json,0.0,0.0
C5_2024,C5,2024,ha,Climate change - Fossil,Pt,4.0,,0.0,1 ha worked,,centrifugal_spreader_singlescore_13.json,0.0,1.0,,0.0,1 ha worked,,combine_harvester_singlescore_16.json,0.0,3.0,,0.0,1 ha worked,,disk_harrow_singlescore_11.json,0.0,1.0,,0.0,1 ha worked,,laser_leveler_singlescore_12.json,0.0,2.0,,0.0,1 ha worked,,rotary_tiller_singlescore_14.json,0.0,0.0,,0.0,1 ha worked,,seeder_singlescore_17.json,0.0,5.6664785553,,0.0,1 ha worked,,sprayer_singlescore_15.json,0.0,0.0
C5_2024,C5,2024,ha,Climate change - Land use and LU change,Pt,4.0,,0.0,1 ha worked,,centrifugal_spreader_singlescore_13.json,0.0,1.0,,0.0,1 ha worked,,combine_harvester_singlescore_16.json,0.0,3.0,,0.0,1 ha worked,,disk_harrow_singlescore_11.json,0.0,1.0,,0.0,1 ha worked,,laser_leveler_singlescore_12.json,0.0,2.0,,0.0,1 ha worked,,rotary_tiller_singlescore_14.json,0.0,0.0,,0.0,1 ha worked,,seeder_singlescore_17.json,0.0,5.6664785553,,0.0,1 ha worked,,sprayer_singlescore_15.json,0.0,0.0
C5_2024,C5,2024,ha,"Ecotoxicity, freshwater",Pt,4.0,,92856.62000000001,1 ha worked,,centrifugal_spreader_singlescore_13.json,371426.48000000004,1.0,,619566.99,1 ha worked,,combine_harvester_singlescore_16.json,619566.99,3.0,,53553.84,1 ha worked,,disk_harrow_singlescore_11.json,160661.52,1.0,,360473.73,1 ha worked,,laser_leveler_singlescore_12.json,360473.73,2.0,,257538.30999999997,1 ha worked,,rotary_tiller_singlescore_14.json,515076.61999999994,0.0,,133625.82,1 ha worked,,seeder_singlescore_17.json,0.0,5.6664785553,,7323.02,1 ha worked,,sprayer_singlescore_15.json,41495.73579003301,2068701.0757900327
C5_2024,C5,2024,ha,"Ecotoxicity, freshwater - inorganics",Pt,4.0,,0.0,1 ha worked,,centrifugal_spreader_singlescore_13.json,0.0,1.0,,0.0,1 ha worked,,combine_harvester_singlescore_16.json,0.0,3.0,,0.0,1 ha worked,,disk_harrow_singlescore_11.json,0.0,1.0,,0.0,1 ha worked,,laser_leveler_singlescore_12.json,0.0,2.0,,0.0,1 ha worked,,rotary_tiller_singlescore_14.json,0.0,0.0,,0.0,1 ha worked,,seeder_singlescore_17.json,0.0,5.6664785553,,0.0,1 ha worked,,sprayer_singlescore_15.json,0.0,0.0
C5_2024,C5,2024,ha,"Ecotoxicity, freshwater - metals",Pt,4.0,,0.0,1 ha worked,,centrifugal_spreader_singlescore_13.json,0.0,1.0,,0.0,1 ha worked,,combine_harvester_singlescore_16.json,0.0,3.0,,0.0,1 ha worked,,disk_harrow_singlescore_11.json,0.0,1.0,,0.0,1 ha worked,,laser_leveler_singlescore_12.json,0.0,2.0,,0.0,1 ha worked,,rotary_tiller_singlescore_14.json,0.0,0.0,,0.0,1 ha worked,,seeder_singlescore_17.json,0.0,5.6664785553,,0.0,1 ha worked,,sprayer_singlescore_15.json,0.0,0.0
C5_2024,C5,2024,ha,"Ecotoxicity, freshwater - organics",Pt,4.0,,0.0,1 ha worked,,centrifugal_spreader_singlescore_13.json,0.0,1.0,,0.0,1 ha worked,,combine_harvester_singlescore_16.json,0.0,3.0,,0.0,1 ha worked,,disk_harrow_singlescore_11.json,0.0,1.0,,0.0,1 ha worked,,laser_leveler_singlescore_12.json,0.0,2.0,,0.0,1 ha worked,,rotary_tiller_singlescore_14.json,0.0,0.0,,0.0,1 ha worked,,seeder_singlescore_17.json,0.0,5.6664785553,,0.0,1 ha worked,,sprayer_singlescore_15.json,0.0,0.0
C5_2024,C5,2024,ha,"Eutrophication, freshwater",Pt,4.0,,7.1276e-05,1 ha worked,,centrifugal_spreader_singlescore_13.json,0.000285104,1.0,,0.00048615999999999997,1 ha worked,,combine_harvester_singlescore_16.json,0.00048615999999999997,3.0,,3.0076e-05,1 ha worked,,disk_harrow_singlescore_11.json,9.0228e-05,1.0,,0.00026574,1 ha worked,,laser_leveler_singlescore_12.json,0.00026574,2.0,,0.00023895999999999998,1 ha worked,,rotary_tiller_singlescore_14.json,0.00047791999999999995,0.0,,0.00014111,1 ha worked,,seeder_singlescore_17.json,0.0,5.6664785553,,5.6032e-06,1 ha worked,,sprayer_singlescore_15.json,3.1750412641056964e-05,0.0016369024126410571
C5_2024,C5,2024,ha,"Eutrophication, marine",Pt,4.0,,0.08380000000000001,1 ha worked,,centrifugal_spreader_singlescore_13.json,0.33520000000000005,1.0,,0.610902,1 ha worked,,combine_harvester_singlescore_16.json,0.610902,3.0,,0.0708948,1 ha worked,,disk_harrow_singlescore_11.json,0.2126844,1.0,,0.37207199999999996,1 ha worked,,laser_leveler_singlescore_12.json,0.37207199999999996,2.0,,0.17849399999999999,1 ha worked,,rotary_tiller_singlescore_14.json,0.35698799999999997,0.0,,0.017262800000000002,1 ha worked,,seeder_singlescore_17.json,0.0,5.6664785553,,0.005413480000000001,1 ha worked,,sprayer_singlescore_15.json,0.03067536832954545,1.9185217683295455
C5_2024,C5,2024,ha,"Eutrophication, terrestrial",Pt,4.0,,7.227,1 ha worked,,centrifugal_spreader_singlescore_13.json,28.908,1.0,,52.3629,1 ha worked,,combine_harvester_singlescore_16.json,52.3629,3.0,,6.09039,1 ha worked,,disk_harrow_singlescore_11.json,18.27117,1.0,,31.9302,1 ha worked,,laser_leveler_singlescore_12.json,31.9302,2.0,,15.308100000000001,1 ha worked,,rotary_tiller_singlescore_14.json,30.616200000000003,0.0,,1.43226,1 ha worked,,seeder_singlescore_17.json,0.0,5.6664785553,,0.46252800000000005,1 ha worked,,sprayer_singlescore_15.json,2.620904993225799,164.7093749932258
C5_2024,C5,2024,ha,"Human toxicity, cancer",Pt,4.0,,1.6072e-14,1 ha worked,,centrifugal_spreader_singlescore_13.json,6.4288e-14,1.0,,1.0988000000000001e-13,1 ha worked,,combine_harvester_singlescore_16.json,1.0988000000000001e-13,3.0,,9.265999999999999e-15,1 ha worked,,disk_harrow_singlescore_11.json,2.7797999999999996e-14,1.0,,8.446e-14,1 ha worked,,laser_leveler_singlescore_12.json,8.446e-14,2.0,,9.348e-14,1 ha worked,,rotary_tiller_singlescore_14.json,1.8696e-13,0.0,,4.5428e-14,1 ha worked,,seeder_singlescore_17.json,0.0,5.6664785553,,1.5661999999999999e-15,1 ha worked,,sprayer_singlescore_15.json,8.87483871331086e-15,4.822608387133109e-13
C5_2024,C5,2024,ha,"Human toxicity, cancer - inorganics",Pt,4.0,,0.0,1 ha worked,,centrifugal_spreader_singlescore_13.json,0.0,1.0,,0.0,1 ha worked,,combine_harvester_singlescore_16.json,0.0,3.0,,0.0,1 ha worked,,disk_harrow_singlescore_11.json,0.0,1.0,,0.0,1 ha worked,,laser_leveler_singlescore_12.json,0.0,2.0,,0.0,1 ha worked,,rotary_tiller_singlescore_14.json,0.0,0.0,,0.0,1 ha worked,,seeder_singlescore_17.json,0.0,5.6664785553,,0.0,1 ha worked,,sprayer_singlescore_15.json,0.0,0.0
C5_2024,C5,2024,ha,"Human toxicity, cancer - metals",Pt,4.0,,0.0,1 ha worked,,centrifugal_spreader_singlescore_13.json,0.0,1.0,,0.0,1 ha worked,,combine_harvester_singlescore_16.json,0.0,3.0,,0.0,1 ha worked,,disk_harrow_singlescore_11.json,0.0,1.0,,0.0,1 ha worked,,laser_leveler_singlescore_12.json,0.0,2.0,,0.0,1 ha worked,,rotary_tiller_singlescore_14.json,0.0,0.0,,0.0,1 ha worked,,seeder_singlescore_17.json,0.0,5.6664785553,,0.0,1 ha worked,,sprayer_singlescore_15.json,0.0,0.0
C5_2024,C5,2024,ha,"Human toxicity, cancer - organics",Pt,4.0,,0.0,1 ha worked,,centrifugal_spreader_singlescore_13.json,0.0,1.0,,0.0,1 ha worked,,combine_harvester_singlescore_16.json,0.0,3.0,,0.0,1 ha worked,,disk_harrow_singlescore_11.json,0.0,1.0,,0.0,1 ha worked,,laser_leveler_singlescore_12.json,0.0,2.0,,0.0,1 ha worked,,rotary_tiller_singlescore_14.json,0.0,0.0,,0.0,1 ha worked,,seeder_singlescore_17.json,0.0,5.6664785553,,0.0,1 ha worked,,sprayer_singlescore_15.json,0.0,0.0
C5_2024,C5,2024,ha,"Human toxicity, non-cancer",Pt,4.0,,5.2352599999999984e-12,1 ha worked,,centrifugal_spreader_singlescore_13.json,2.0941039999999994e-11,1.0,,3.0240399999999995e-11,1 ha worked,,combine_harvester_singlescore_16.json,3.0240399999999995e-11,3.0,,7.796079999999999e-12,1 ha worked,,disk_harrow_singlescore_11.json,2.3388239999999995e-11,1.0,,1.748e-11,1 ha worked,,laser_leveler_singlescore_12.json,1.748e-11,2.0,,1.1973799999999998e-11,1 ha worked,,rotary_tiller_singlescore_14.json,2.3947599999999996e-11,0.0,,9.351799999999999e-12,1 ha worked,,seeder_singlescore_17.json,0.0,5.6664785553,,1.1099799999999999e-12,1 ha worked,,sprayer_singlescore_15.json,6.289677866811893e-12,1.2228695786681186e-10
C5_2024,C5,2024,ha,"Human toxicity, non-cancer - inorganics",Pt,4.0,,0.0,1 ha worked,,centrifugal_spreader_singlescore_13.json,0.0,1.0,,0.0,1 ha worked,,combine_harvester_singlescore_16.json,0.0,3.0,,0.0,1 ha worked,,disk_harrow_singlescore_11.json,0.0,1.0,,0.0,1 ha worked,,laser_leveler_singlescore_12.json,0.0,2.0,,0.0,1 ha worked,,rotary_tiller_singlescore_14.json,0.0,0.0,,0.0,1 ha worked,,seeder_singlescore_17.json,0.0,5.6664785553,,0.0,1 ha worked,,sprayer_singlescore_15.json,0.0,0.0
C5_2024,C5,2024,ha,"Human toxicity, non-cancer - metals",Pt,4.0,,0.0,1 ha worked,,centrifugal_spreader_singlescore_13.json,0.0,1.0,,0.0,1 ha worked,,combine_harvester_singlescore_16.json,0.0,3.0,,0.0,1 ha worked,,disk_harrow_singlescore_11.json,0.0,1.0,,0.0,1 ha worked,,laser_leveler_singlescore_12.json,0.0,2.0,,0.0,1 ha worked,,rotary_tiller_singlescore_14.json,0.0,0.0,,0.0,1 ha worked,,seeder_singlescore_17.json,0.0,5.6664785553,,0.0,1 ha worked,,sprayer_singlescore_15.json,0.0,0.0
C5_2024,C5,2024,ha,"Human toxicity, non-cancer - organics",Pt,4.0,,0.0,1 ha worked,,centrifugal_spreader_singlescore_13.json,0.0,1.0,,0.0,1 ha worked,,combine_harvester_singlescore_16.json,0.0,3.0,,0.0,1 ha worked,,disk_harrow_singlescore_11.json,0.0,1.0,,0.0,1 ha worked,,laser_leveler_singlescore_12.json,0.0,2.0,,0.0,1 ha worked,,rotary_tiller_singlescore_14.json,0.0,0.0,,0.0,1 ha worked,,seeder_singlescore_17.json,0.0,5.6664785553,,0.0,1 ha worked,,sprayer_singlescore_15.json,0.0,0.0
C5_2024,C5,2024,ha,Ionising radiation,Pt,4.0,,362.9200000000001,1 ha worked,,centrifugal_spreader_singlescore_13.json,1451.6800000000003,1.0,,2213.39,1 ha worked,,combine_harvester_singlescore_16.json,2213.39,3.0,,267.96999999999997,1 ha worked,,disk_harrow_singlescore_11.json,803.9099999999999,1.0,,1664.79,1 ha worked,,laser_leveler_singlescore_12.json,1664.79,2.0,,911.52,1 ha worked,,rotary_tiller_singlescore_14.json,1823.04,0.0,,369.25,1 ha worked,,seeder_singlescore_17.json,0.0,5.6664785553,,24.264999999999997,1 ha worked,,sprayer_singlescore_15.json,137.4971021443545,8094.307102144354
C5_2024,C5,2024,ha,Land use,Pt,4.0,,16120529.999999998,1 ha worked,,centrifugal_spreader_singlescore_13.json,64482119.99999999,1.0,,88815540.0,1 ha worked,,combine_harvester_singlescore_16.json,88815540.0,3.0,,15266940.0,1 ha worked,,disk_harrow_singlescore_11.json,45800820.0,1.0,,71172090.0,1 ha worked,,laser_leveler_singlescore_12.json,71172090.0,2.0,,46409100.0,1 ha worked,,rotary_tiller_singlescore_14.json,92818200.0,0.0,,18753450.0,1 ha worked,,seeder_singlescore_17.json,0.0,5.6664785553,,11114430.0,1 ha worked,,sprayer_singlescore_15.json,62979679.24938298,426068449.249383
C5_2024,C5,2024,ha,Ozone depletion,Pt,4.0,,7.3408e-09,1 ha worked,,centrifugal_spreader_singlescore_13.json,2.93632e-08,1.0,,4.4843999999999994e-08,1 ha worked,,combine_harvester_singlescore_16.json,4.4843999999999994e-08,3.0,,6.1716e-09,1 ha worked,,disk_harrow_singlescore_11.json,1.85148e-08,1.0,,3.1524e-08,1 ha worked,,laser_leveler_singlescore_12.json,3.1524e-08,2.0,,1.47556e-08,1 ha worked,,rotary_tiller_singlescore_14.json,2.95112e-08,0.0,,5.209600000000001e-09,1 ha worked,,seeder_singlescore_17.json,0.0,5.6664785553,,4.765600000000001e-10,1 ha worked,,sprayer_singlescore_15.json,2.7004170203137687e-09,1.5645761702031378e-07
C5_2024,C5,2024,ha,Particulate matter,Pt,4.0,,5.4204899999999996e-11,1 ha worked,,centrifugal_spreader_singlescore_13.json,2.1681959999999998e-10,1.0,,3.4657700000000003e-10,1 ha worked,,combine_harvester_singlescore_16.json,3.4657700000000003e-10,3.0,,4.00589e-11,1 ha worked,,disk_harrow_singlescore_11.json,1.201767e-10,1.0,,2.3533799999999997e-10,1 ha worked,,laser_leveler_singlescore_12.json,2.3533799999999997e-10,2.0,,1.7875400000000004e-10,1 ha worked,,rotary_tiller_singlescore_14.json,3.575080000000001e-10,0.0,,9.130600000000001e-11,1 ha worked,,seeder_singlescore_17.json,0.0,5.6664785553,,7.844600000000002e-12,1 ha worked,,sprayer_singlescore_15.json,4.445125767490639e-11,1.3208705576749064e-09
C5_2024,C5,2024,ha,Photochemical ozone formation,Pt,4.0,,0.5917,1 ha worked,,centrifugal_spreader_singlescore_13.json,2.3668,1.0,,4.268,1 ha worked,,combine_harvester_singlescore_16.json,4.268,3.0,,0.48305999999999993,1 ha worked,,disk_harrow_singlescore_11.json,1.4491799999999997,1.0,,2.5802,1 ha worked,,laser_leveler_singlescore_12.json,2.5802,2.0,,1.2998,1 ha worked,,rotary_tiller_singlescore_14.json,2.5996,0.0,,0.20757999999999996,1 ha worked,,seeder_singlescore_17.json,0.0,5.6664785553,,0.037635999999999996,1 ha worked,,sprayer_singlescore_15.json,0.2132635869072708,13.477043586907271
C5_2024,C5,2024,ha,"Resource use, fossils",Pt,4.0,,1940138.9999999998,1 ha worked,,centrifugal_spreader_singlescore_13.json,7760555.999999999,1.0,,11808458.1,1 ha worked,,combine_harvester_singlescore_16.json,11808458.1,3.0,,1486788.3,1 ha worked,,disk_harrow_singlescore_11.json,4460364.9,1.0,,8854809.6,1 ha worked,,laser_leveler_singlescore_12.json,8854809.6,2.0,,4686307.2,1 ha worked,,rotary_tiller_singlescore_14.json,9372614.4,0.0,,1833385.2000000002,1 ha worked,,seeder_singlescore_17.json,0.0,5.6664785553,,127767.9,1 ha worked,,sprayer_singlescore_15.json,723994.0654057149,42980797.06540571
C5_2024,C5,2024,ha,"Resource use, minerals and metals",Pt,4.0,,1.5072e-06,1 ha worked,,centrifugal_spreader_singlescore_13.json,6.0288e-06,1.0,,1.2384e-05,1 ha worked,,combine_harvester_singlescore_16.json,1.2384e-05,3.0,,6.095999999999998e-07,1 ha worked,,disk_harrow_singlescore_11.json,1.8287999999999995e-06,1.0,,4.4015999999999995e-06,1 ha worked,,laser_leveler_singlescore_12.json,4.4015999999999995e-06,2.0,,2.976e-06,1 ha worked,,rotary_tiller_singlescore_14.json,5.952e-06,0.0,,1.7759999999999998e-06,1 ha worked,,seeder_singlescore_17.json,0.0,5.6664785553,,1.3968e-07,1 ha worked,,sprayer_singlescore_15.json,7.91493724604304e-07,3.1386693724604306e-05
C5_2024,C5,2024,ha,Total,Pt,4.0,,18203540.602892786,1 ha worked,,centrifugal_spreader_singlescore_13.json,72814162.41157115,1.0,,101551998.37990059,1 ha worked,,combine_harvester_singlescore_16.json,101551998.37990059,3.0,,16844590.994255494,1 ha worked,,disk_harrow_singlescore_11.json,50533772.98276648,1.0,,80616648.64674218,1 ha worked,,laser_leveler_singlescore_12.json,80616648.64674218,2.0,,51483431.65711595,1 ha worked,,rotary_tiller_singlescore_14.json,102966863.3142319,0.0,,20774237.986285694,1 ha worked,,seeder_singlescore_17.json,0.0,5.6664785553,,11253191.91303122,1 ha worked,,sprayer_singlescore_15.json,63765970.6538668,472249416.3890791
C5_2024,C5,2024,ha,Water use,Pt,4.0,,2065.69,1 ha worked,,centrifugal_spreader_singlescore_13.json,8262.76,1.0,,12531.2,1 ha worked,,combine_harvester_singlescore_16.json,12531.2,3.0,,837.045,1 ha worked,,disk_harrow_singlescore_11.json,2511.1349999999998,1.0,,7773.259999999999,1 ha worked,,laser_leveler_singlescore_12.json,7773.259999999999,2.0,,6275.389999999999,1 ha worked,,rotary_tiller_singlescore_14.json,12550.779999999999,0.0,,3367.76,1 ha worked,,seeder_singlescore_17.json,0.0,5.6664785553,,230.065,1 ha worked,,sprayer_singlescore_15.json,1303.6583888250946,44932.79338882509
C6_2022,C6,2022,ha,Acidification,Pt,3.6565449323,,0.8703199999999999,1 ha worked,,centrifugal_spreader_singlescore_13.json,3.1823641854793356,1.0,,6.1575999999999995,1 ha worked,,combine_harvester_singlescore_16.json,6.1575999999999995,2.0,,0.6948799999999999,1 ha worked,,disk_harrow_singlescore_11.json,1.3897599999999999,1.0,,3.784,1 ha worked,,laser_leveler_singlescore_12.json,3.784,1.0,,1.95048,1 ha worked,,rotary_tiller_singlescore_14.json,1.95048,0.0,,0.39904,1 ha worked,,seeder_singlescore_17.json,0.0,4.824647791,,0.057448000000000006,1 ha worked,,sprayer_singlescore_15.json,0.27716636629736807,16.7413705517767
C6_2022,C6,2022,ha,Climate change,Pt,3.6565449323,,47577.59999999999,1 ha worked,,centrifugal_spreader_singlescore_13.json,173969.63217099645,1.0,,293625.3,1 ha worked,,combine_harvester_singlescore_16.json,293625.3,2.0,,36196.5,1 ha worked,,disk_harrow_singlescore_11.json,72393.0,1.0,,219798.59999999998,1 ha worked,,laser_leveler_singlescore_12.json,219798.59999999998,1.0,,123280.5,1 ha worked,,rotary_tiller_singlescore_14.json,123280.5,0.0,,50037.9,1 ha worked,,seeder_singlescore_17.json,0.0,4.824647791,,3416.1000000000004,1 ha worked,,sprayer_singlescore_15.json,16481.479318835103,899548.5114898315
C6_2022,C6,2022,ha,Climate change - Biogenic,Pt,3.6565449323,,0.0,1 ha worked,,centrifugal_spreader_singlescore_13.json,0.0,1.0,,0.0,1 ha worked,,combine_harvester_singlescore_16.json,0.0,2.0,,0.0,1 ha worked,,disk_harrow_singlescore_11.json,0.0,1.0,,0.0,1 ha worked,,laser_leveler_singlescore_12.json,0.0,1.0,,0.0,1 ha worked,,rotary_tiller_singlescore_14.json,0.0,0.0,,0.0,1 ha worked,,seeder_singlescore_17.json,0.0,4.824647791,,0.0,1 ha worked,,sprayer_singlescore_15.json,0.0,0.0
C6_2022,C6,2022,ha,Climate change - Fossil,Pt,3.6565449323,,0.0,1 ha worked,,centrifugal_spreader_singlescore_13.json,0.0,1.0,,0.0,1 ha worked,,combine_harvester_singlescore_16.json,0.0,2.0,,0.0,1 ha worked,,disk_harrow_singlescore_11.json,0.0,1.0,,0.0,1 ha worked,,laser_leveler_singlescore_12.json,0.0,1.0,,0.0,1 ha worked,,rotary_tiller_singlescore_14.json,0.0,0.0,,0.0,1 ha worked,,seeder_singlescore_17.json,0.0,4.824647791,,0.0,1 ha worked,,sprayer_singlescore_15.json,0.0,0.0
C6_2022,C6,2022,ha,Climate change - Land use and LU change,Pt,3.6565449323,,0.0,1 ha worked,,centrifugal_spreader_singlescore_13.json,0.0,1.0,,0.0,1 ha worked,,combine_harvester_singlescore_16.json,0.0,2.0,,0.0,1 ha worked,,disk_harrow_singlescore_11.json,0.0,1.0,,0.0,1 ha worked,,laser_leveler_singlescore_12.json,0.0,1.0,,0.0,1 ha worked,,rotary_tiller_singlescore_14.json,0.0,0.0,,0.0,1 ha worked,,seeder_singlescore_17.json,0.0,4.824647791,,0.0,1 ha worked,,sprayer_singlescore_15.json,0.0,0.0
C6_2022,C6,2022,ha,"Ecotoxicity, freshwater",Pt,3.6565449323,,92856.62000000001,1 ha worked,,centrifugal_spreader_singlescore_13.json,339534.40329150687,1.0,,619566.99,1 ha worked,,combine_harvester_singlescore_16.json,619566.99,2.0,,53553.84,1 ha worked,,disk_harrow_singlescore_11.json,107107.68,1.0,,360473.73,1 ha worked,,laser_leveler_singlescore_12.json,360473.73,1.0,,257538.30999999997,1 ha worked,,rotary_tiller_singlescore_14.json,257538.30999999997,0.0,,133625.82,1 ha worked,,seeder_singlescore_17.json,0.0,4.824647791,,7323.02,1 ha worked,,sprayer_singlescore_15.json,35330.992266448826,1719552.1055579558
C6_2022,C6,2022,ha,"Ecotoxicity, freshwater - inorganics",Pt,3.6565449323,,0.0,1 ha worked,,centrifugal_spreader_singlescore_13.json,0.0,1.0,,0.0,1 ha worked,,combine_harvester_singlescore_16.json,0.0,2.0,,0.0,1 ha worked,,disk_harrow_singlescore_11.json,0.0,1.0,,0.0,1 ha worked,,laser_leveler_singlescore_12.json,0.0,1.0,,0.0,1 ha worked,,rotary_tiller_singlescore_14.json,0.0,0.0,,0.0,1 ha worked,,seeder_singlescore_17.json,0.0,4.824647791,,0.0,1 ha worked,,sprayer_singlescore_15.json,0.0,0.0
C6_2022,C6,2022,ha,"Ecotoxicity, freshwater - metals",Pt,3.6565449323,,0.0,1 ha worked,,centrifugal_spreader_singlescore_13.json,0.0,1.0,,0.0,1 ha worked,,combine_harvester_singlescore_16.json,0.0,2.0,,0.0,1 ha worked,,disk_harrow_singlescore_11.json,0.0,1.0,,0.0,1 ha worked,,laser_leveler_singlescore_12.json,0.0,1.0,,0.0,1 ha worked,,rotary_tiller_singlescore_14.json,0.0,0.0,,0.0,1 ha worked,,seeder_singlescore_17.json,0.0,4.824647791,,0.0,1 ha worked,,sprayer_singlescore_15.json,0.0,0.0
C6_2022,C6,2022,ha,"Ecotoxicity, freshwater - organics",Pt,3.6565449323,,0.0,1 ha worked,,centrifugal_spreader_singlescore_13.json,0.0,1.0,,0.0,1 ha worked,,combine_harvester_singlescore_16.json,0.0,2.0,,0.0,1 ha worked,,disk_harrow_singlescore_11.json,0.0,1.0,,0.0,1 ha worked,,laser_leveler_singlescore_12.json,0.0,1.0,,0.0,1 ha worked,,rotary_tiller_singlescore_14.json,0.0,0.0,,0.0,1 ha worked,,seeder_singlescore_17.json,0.0,4.824647791,,0.0,1 ha worked,,sprayer_singlescore_15.json,0.0,0.0
C6_2022,C6,2022,ha,"Eutrophication, freshwater",Pt,3.6565449323,,7.1276e-05,1 ha worked,,centrifugal_spreader_singlescore_13.json,0.0002606238965946148,1.0,,0.00048615999999999997,1 ha worked,,combine_harvester_singlescore_16.json,0.00048615999999999997,2.0,,3.0076e-05,1 ha worked,,disk_harrow_singlescore_11.json,6.0152e-05,1.0,,0.00026574,1 ha worked,,laser_leveler_singlescore_12.json,0.00026574,1.0,,0.00023895999999999998,1 ha worked,,rotary_tiller_singlescore_14.json,0.00023895999999999998,0.0,,0.00014111,1 ha worked,,seeder_singlescore_17.json,0.0,4.824647791,,5.6032e-06,1 ha worked,,sprayer_singlescore_15.json,2.7033466502531202e-05,0.001338669363097146
C6_2022,C6,2022,ha,"Eutrophication, marine",Pt,3.6565449323,,0.08380000000000001,1 ha worked,,centrifugal_spreader_singlescore_13.json,0.30641846532674005,1.0,,0.610902,1 ha worked,,combine_harvester_singlescore_16.json,0.610902,2.0,,0.0708948,1 ha worked,,disk_harrow_singlescore_11.json,0.1417896,1.0,,0.37207199999999996,1 ha worked,,laser_leveler_singlescore_12.json,0.37207199999999996,1.0,,0.17849399999999999,1 ha worked,,rotary_tiller_singlescore_14.json,0.17849399999999999,0.0,,0.017262800000000002,1 ha worked,,seeder_singlescore_17.json,0.0,4.824647791,,0.005413480000000001,1 ha worked,,sprayer_singlescore_15.json,0.026118134323622685,1.6357941996503627
C6_2022,C6,2022,ha,"Eutrophication, terrestrial",Pt,3.6565449323,,7.227,1 ha worked,,centrifugal_spreader_singlescore_13.json,26.425850225732102,1.0,,52.3629,1 ha worked,,combine_harvester_singlescore_16.json,52.3629,2.0,,6.09039,1 ha worked,,disk_harrow_singlescore_11.json,12.18078,1.0,,31.9302,1 ha worked,,laser_leveler_singlescore_12.json,31.9302,1.0,,15.308100000000001,1 ha worked,,rotary_tiller_singlescore_14.json,15.308100000000001,0.0,,1.43226,1 ha worked,,seeder_singlescore_17.json,0.0,4.824647791,,0.46252800000000005,1 ha worked,,sprayer_singlescore_15.json,2.2315346934756484,140.43936491920775
C6_2022,C6,2022,ha,"Human toxicity, cancer",Pt,3.6565449323,,1.6072e-14,1 ha worked,,centrifugal_spreader_singlescore_13.json,5.87679901519256e-14,1.0,,1.0988000000000001e-13,1 ha worked,,combine_harvester_singlescore_16.json,1.0988000000000001e-13,2.0,,9.265999999999999e-15,1 ha worked,,disk_harrow_singlescore_11.json,1.8531999999999997e-14,1.0,,8.446e-14,1 ha worked,,laser_leveler_singlescore_12.json,8.446e-14,1.0,,9.348e-14,1 ha worked,,rotary_tiller_singlescore_14.json,9.348e-14,0.0,,4.5428e-14,1 ha worked,,seeder_singlescore_17.json,0.0,4.824647791,,1.5661999999999999e-15,1 ha worked,,sprayer_singlescore_15.json,7.5563633702642e-15,3.7267635352218987e-13
C6_2022,C6,2022,ha,"Human toxicity, cancer - inorganics",Pt,3.6565449323,,0.0,1 ha worked,,centrifugal_spreader_singlescore_13.json,0.0,1.0,,0.0,1 ha worked,,combine_harvester_singlescore_16.json,0.0,2.0,,0.0,1 ha worked,,disk_harrow_singlescore_11.json,0.0,1.0,,0.0,1 ha worked,,laser_leveler_singlescore_12.json,0.0,1.0,,0.0,1 ha worked,,rotary_tiller_singlescore_14.json,0.0,0.0,,0.0,1 ha worked,,seeder_singlescore_17.json,0.0,4.824647791,,0.0,1 ha worked,,sprayer_singlescore_15.json,0.0,0.0
C6_2022,C6,2022,ha,"Human toxicity, cancer - metals",Pt,3.6565449323,,0.0,1 ha worked,,centrifugal_spreader_singlescore_13.json,0.0,1.0,,0.0,1 ha worked,,combine_harvester_singlescore_16.json,0.0,2.0,,0.0,1 ha worked,,disk_harrow_singlescore_11.json,0.0,1.0,,0.0,1 ha worked,,laser_leveler_singlescore_12.json,0.0,1.0,,0.0,1 ha worked,,rotary_tiller_singlescore_14.json,0.0,0.0,,0.0,1 ha worked,,seeder_singlescore_17.json,0.0,4.824647791,,0.0,1 ha worked,,sprayer_singlescore_15.json,0.0,0.0
C6_2022,C6,2022,ha,"Human toxicity, cancer - organics",Pt,3.6565449323,,0.0,1 ha worked,,centrifugal_spreader_singlescore_13.json,0.0,1.0,,0.0,1 ha worked,,combine_harvester_singlescore_16.json,0.0,2.0,,0.0,1 ha worked,,disk_harrow_singlescore_11.json,0.0,1.0,,0.0,1 ha worked,,laser_leveler_singlescore_12.json,0.0,1.0,,0.0,1 ha worked,,rotary_tiller_singlescore_14.json,0.0,0.0,,0.0,1 ha worked,,seeder_singlescore_17.json,0.0,4.824647791,,0.0,1 ha worked,,sprayer_singlescore_15.json,0.0,0.0
C6_2022,C6,2022,ha,"Human toxicity, non-cancer",Pt,3.6565449323,,5.2352599999999984e-12,1 ha worked,,centrifugal_spreader_singlescore_13.json,1.9142963422272894e-11,1.0,,3.0240399999999995e-11,1 ha worked,,combine_harvester_singlescore_16.json,3.0240399999999995e-11,2.0,,7.796079999999999e-12,1 ha worked,,disk_harrow_singlescore_11.json,1.5592159999999998e-11,1.0,,1.748e-11,1 ha worked,,laser_leveler_singlescore_12.json,1.748e-11,1.0,,1.1973799999999998e-11,1 ha worked,,rotary_tiller_singlescore_14.json,1.1973799999999998e-11,0.0,,9.351799999999999e-12,1 ha worked,,seeder_singlescore_17.json,0.0,4.824647791,,1.1099799999999999e-12,1 ha worked,,sprayer_singlescore_15.json,5.3552625550541796e-12,9.978458597732706e-11
C6_2022,C6,2022,ha,"Human toxicity, non-cancer - inorganics",Pt,3.6565449323,,0.0,1 ha worked,,centrifugal_spreader_singlescore_13.json,0.0,1.0,,0.0,1 ha worked,,combine_harvester_singlescore_16.json,0.0,2.0,,0.0,1 ha worked,,disk_harrow_singlescore_11.json,0.0,1.0,,0.0,1 ha worked,,laser_leveler_singlescore_12.json,0.0,1.0,,0.0,1 ha worked,,rotary_tiller_singlescore_14.json,0.0,0.0,,0.0,1 ha worked,,seeder_singlescore_17.json,0.0,4.824647791,,0.0,1 ha worked,,sprayer_singlescore_15.json,0.0,0.0
C6_2022,C6,2022,ha,"Human toxicity, non-cancer - metals",Pt,3.6565449323,,0.0,1 ha worked,,centrifugal_spreader_singlescore_13.json,0.0,1.0,,0.0,1 ha worked,,combine_harvester_singlescore_16.json,0.0,2.0,,0.0,1 ha worked,,disk_harrow_singlescore_11.json,0.0,1.0,,0.0,1 ha worked,,laser_leveler_singlescore_12.json,0.0,1.0,,0.0,1 ha worked,,rotary_tiller_singlescore_14.json,0.0,0.0,,0.0,1 ha worked,,seeder_singlescore_17.json,0.0,4.824647791,,0.0,1 ha worked,,sprayer_singlescore_15.json,0.0,0.0
C6_2022,C6,2022,ha,"Human toxicity, non-cancer - organics",Pt,3.6565449323,,0.0,1 ha worked,,centrifugal_spreader_singlescore_13.json,0.0,1.0,,0.0,1 ha worked,,combine_harvester_singlescore_16.json,0.0,2.0,,0.0,1 ha worked,,disk_harrow_singlescore_11.json,0.0,1.0,,0.0,1 ha worked,,laser_leveler_singlescore_12.json,0.0,1.0,,0.0,1 ha worked,,rotary_tiller_singlescore_14.json,0.0,0.0,,0.0,1 ha worked,,seeder_singlescore_17.json,0.0,4.824647791,,0.0,1 ha worked,,sprayer_singlescore_15.json,0.0,0.0
C6_2022,C6,2022,ha,Ionising radiation,Pt,3.6565449323,,362.9200000000001,1 ha worked,,centrifugal_spreader_singlescore_13.json,1327.0332868303162,1.0,,2213.39,1 ha worked,,combine_harvester_singlescore_16.json,2213.39,2.0,,267.96999999999997,1 ha worked,,disk_harrow_singlescore_11.json,535.9399999999999,1.0,,1664.79,1 ha worked,,laser_leveler_singlescore_12.json,1664.79,1.0,,911.52,1 ha worked,,rotary_tiller_singlescore_14.json,911.52,0.0,,369.25,1 ha worked,,seeder_singlescore_17.json,0.0,4.824647791,,24.264999999999997,1 ha worked,,sprayer_singlescore_15.json,117.070078648615,6769.743365478932
C6_2022,C6,2022,ha,Land use,Pt,3.6565449323,,16120529.999999998,1 ha worked,,centrifugal_spreader_singlescore_13.json,58945442.27749012,1.0,,88815540.0,1 ha worked,,combine_harvester_singlescore_16.json,88815540.0,2.0,,15266940.0,1 ha worked,,disk_harrow_singlescore_11.json,30533880.0,1.0,,71172090.0,1 ha worked,,laser_leveler_singlescore_12.json,71172090.0,1.0,,46409100.0,1 ha worked,,rotary_tiller_singlescore_14.json,46409100.0,0.0,,18753450.0,1 ha worked,,seeder_singlescore_17.json,0.0,4.824647791,,11114430.0,1 ha worked,,sprayer_singlescore_15.json,53623210.14772414,349499262.4252143
C6_2022,C6,2022,ha,Ozone depletion,Pt,3.6565449323,,7.3408e-09,1 ha worked,,centrifugal_spreader_singlescore_13.json,2.6841965039027842e-08,1.0,,4.4843999999999994e-08,1 ha worked,,combine_harvester_singlescore_16.json,4.4843999999999994e-08,2.0,,6.1716e-09,1 ha worked,,disk_harrow_singlescore_11.json,1.23432e-08,1.0,,3.1524e-08,1 ha worked,,laser_leveler_singlescore_12.json,3.1524e-08,1.0,,1.47556e-08,1 ha worked,,rotary_tiller_singlescore_14.json,1.47556e-08,0.0,,5.209600000000001e-09,1 ha worked,,seeder_singlescore_17.json,0.0,4.824647791,,4.765600000000001e-10,1 ha worked,,sprayer_singlescore_15.json,2.2992341512789604e-09,1.326079991903068e-07
C6_2022,C6,2022,ha,Particulate matter,Pt,3.6565449323,,5.4204899999999996e-11,1 ha worked,,centrifugal_spreader_singlescore_13.json,1.9820265240082826e-10,1.0,,3.4657700000000003e-10,1 ha worked,,combine_harvester_singlescore_16.json,3.4657700000000003e-10,2.0,,4.00589e-11,1 ha worked,,disk_harrow_singlescore_11.json,8.01178e-11,1.0,,2.3533799999999997e-10,1 ha worked,,laser_leveler_singlescore_12.json,2.3533799999999997e-10,1.0,,1.7875400000000004e-10,1 ha worked,,rotary_tiller_singlescore_14.json,1.7875400000000004e-10,0.0,,9.130600000000001e-11,1 ha worked,,seeder_singlescore_17.json,0.0,4.824647791,,7.844600000000002e-12,1 ha worked,,sprayer_singlescore_15.json,3.784743206127861e-11,1.0768368844621068e-09
C6_2022,C6,2022,ha,Photochemical ozone formation,Pt,3.6565449323,,0.5917,1 ha worked,,centrifugal_spreader_singlescore_13.json,2.16357763644191,1.0,,4.268,1 ha worked,,combine_harvester_singlescore_16.json,4.268,2.0,,0.48305999999999993,1 ha worked,,disk_harrow_singlescore_11.json,0.9661199999999999,1.0,,2.5802,1 ha worked,,laser_leveler_singlescore_12.json,2.5802,1.0,,1.2998,1 ha worked,,rotary_tiller_singlescore_14.json,1.2998,0.0,,0.20757999999999996,1 ha worked,,seeder_singlescore_17.json,0.0,4.824647791,,0.037635999999999996,1 ha worked,,sprayer_singlescore_15.json,0.18158044426207598,11.459278080703985
C6_2022,C6,2022,ha,"Resource use, fossils",Pt,3.6565449323,,1940138.9999999998,1 ha worked,,centrifugal_spreader_singlescore_13.json,7094205.428407589,1.0,,11808458.1,1 ha worked,,combine_harvester_singlescore_16.json,11808458.1,2.0,,1486788.3,1 ha worked,,disk_harrow_singlescore_11.json,2973576.6,1.0,,8854809.6,1 ha worked,,laser_leveler_singlescore_12.json,8854809.6,1.0,,4686307.2,1 ha worked,,rotary_tiller_singlescore_14.json,4686307.2,0.0,,1833385.2000000002,1 ha worked,,seeder_singlescore_17.json,0.0,4.824647791,,127767.9,1 ha worked,,sprayer_singlescore_15.json,616435.1164957089,36033792.0449033
C6_2022,C6,2022,ha,"Resource use, minerals and metals",Pt,3.6565449323,,1.5072e-06,1 ha worked,,centrifugal_spreader_singlescore_13.json,5.51114452196256e-06,1.0,,1.2384e-05,1 ha worked,,combine_harvester_singlescore_16.json,1.2384e-05,2.0,,6.095999999999998e-07,1 ha worked,,disk_harrow_singlescore_11.json,1.2191999999999997e-06,1.0,,4.4015999999999995e-06,1 ha worked,,laser_leveler_singlescore_12.json,4.4015999999999995e-06,1.0,,2.976e-06,1 ha worked,,rotary_tiller_singlescore_14.json,2.976e-06,0.0,,1.7759999999999998e-06,1 ha worked,,seeder_singlescore_17.json,0.0,4.824647791,,1.3968e-07,1 ha worked,,sprayer_singlescore_15.json,6.7390680344688e-07,2.716585132540944e-05
C6_2022,C6,2022,ha,Total,Pt,3.6565449323,,18203540.602892786,1 ha worked,,centrifugal_spreader_singlescore_13.json,66562064.14142491,1.0,,101551998.37990059,1 ha worked,,combine_harvester_singlescore_16.json,101551998.37990059,2.0,,16844590.994255494,1 ha worked,,disk_harrow_singlescore_11.json,33689181.98851099,1.0,,80616648.64674218,1 ha worked,,laser_leveler_singlescore_12.json,80616648.64674218,1.0,,51483431.65711595,1 ha worked,,rotary_tiller_singlescore_14.json,51483431.65711595,0.0,,20774237.986285694,1 ha worked,,seeder_singlescore_17.json,0.0,4.824647791,,11253191.91303122,1 ha worked,,sprayer_singlescore_15.json,54292687.50490514,388196012.31859976
C6_2022,C6,2022,ha,Water use,Pt,3.6565449323,,2065.69,1 ha worked,,centrifugal_spreader_singlescore_13.json,7553.288301202788,1.0,,12531.2,1 ha worked,,combine_harvester_singlescore_16.json,12531.2,2.0,,837.045,1 ha worked,,disk_harrow_singlescore_11.json,1674.09,1.0,,7773.259999999999,1 ha worked,,laser_leveler_singlescore_12.json,7773.259999999999,1.0,,6275.389999999999,1 ha worked,,rotary_tiller_singlescore_14.json,6275.389999999999,0.0,,3367.76,1 ha worked,,seeder_singlescore_17.json,0.0,4.824647791,,230.065,1 ha worked,,sprayer_singlescore_15.json,1109.982594036415,36917.21089523921
C6_2023,C6,2023,ha,Acidification,Pt,3.0,,0.8703199999999999,1 ha worked,,centrifugal_spreader_singlescore_13.json,2.6109599999999995,1.0,,6.1575999999999995,1 ha worked,,combine_harvester_singlescore_16.json,6.1575999999999995,2.0,,0.6948799999999999,1 ha worked,,disk_harrow_singlescore_11.json,1.3897599999999999,1.0,,3.784,1 ha worked,,laser_leveler_singlescore_12.json,3.784,1.0,,1.95048,1 ha worked,,rotary_tiller_singlescore_14.json,1.95048,0.0,,0.39904,1 ha worked,,seeder_singlescore_17.json,0.0,6.6640877761,,0.057448000000000006,1 ha worked,,sprayer_singlescore_15.json,0.38283851456139284,16.275638514561393
C6_2023,C6,2023,ha,Climate change,Pt,3.0,,47577.59999999999,1 ha worked,,centrifugal_spreader_singlescore_13.json,142732.8,1.0,,293625.3,1 ha worked,,combine_harvester_singlescore_16.json,293625.3,2.0,,36196.5,1 ha worked,,disk_harrow_singlescore_11.json,72393.0,1.0,,219798.59999999998,1 ha worked,,laser_leveler_singlescore_12.json,219798.59999999998,1.0,,123280.5,1 ha worked,,rotary_tiller_singlescore_14.json,123280.5,0.0,,50037.9,1 ha worked,,seeder_singlescore_17.json,0.0,6.6640877761,,3416.1000000000004,1 ha worked,,sprayer_singlescore_15.json,22765.19025193521,874595.3902519351
C6_2023,C6,2023,ha,Climate change - Biogenic,Pt,3.0,,0.0,1 ha worked,,centrifugal_spreader_singlescore_13.json,0.0,1.0,,0.0,1 ha worked,,combine_harvester_singlescore_16.json,0.0,2.0,,0.0,1 ha worked,,disk_harrow_singlescore_11.json,0.0,1.0,,0.0,1 ha worked,,laser_leveler_singlescore_12.json,0.0,1.0,,0.0,1 ha worked,,rotary_tiller_singlescore_14.json,0.0,0.0,,0.0,1 ha worked,,seeder_singlescore_17.json,0.0,6.6640877761,,0.0,1 ha worked,,sprayer_singlescore_15.json,0.0,0.0
C6_2023,C6,2023,ha,Climate change - Fossil,Pt,3.0,,0.0,1 ha worked,,centrifugal_spreader_singlescore_13.json,0.0,1.0,,0.0,1 ha worked,,combine_harvester_singlescore_16.json,0.0,2.0,,0.0,1 ha worked,,disk_harrow_singlescore_11.json,0.0,1.0,,0.0,1 ha worked,,laser_leveler_singlescore_12.json,0.0,1.0,,0.0,1 ha worked,,rotary_tiller_singlescore_14.json,0.0,0.0,,0.0,1 ha worked,,seeder_singlescore_17.json,0.0,6.6640877761,,0.0,1 ha worked,,sprayer_singlescore_15.json,0.0,0.0
C6_2023,C6,2023,ha,Climate change - Land use and LU change,Pt,3.0,,0.0,1 ha worked,,centrifugal_spreader_singlescore_13.json,0.0,1.0,,0.0,1 ha worked,,combine_harvester_singlescore_16.json,0.0,2.0,,0.0,1 ha worked,,disk_harrow_singlescore_11.json,0.0,1.0,,0.0,1 ha worked,,laser_leveler_singlescore_12.json,0.0,1.0,,0.0,1 ha worked,,rotary_tiller_singlescore_14.json,0.0,0.0,,0.0,1 ha worked,,seeder_singlescore_17.json,0.0,6.6640877761,,0.0,1 ha worked,,sprayer_singlescore_15.json,0.0,0.0
C6_2023,C6,2023,ha,"Ecotoxicity, freshwater",Pt,3.0,,92856.62000000001,1 ha worked,,centrifugal_spreader_singlescore_13.json,278569.86000000004,1.0,,619566.99,1 ha worked,,combine_harvester_singlescore_16.json,619566.99,2.0,,53553.84,1 ha worked,,disk_harrow_singlescore_11.json,107107.68,1.0,,360473.73,1 ha worked,,laser_leveler_singlescore_12.json,360473.73,1.0,,257538.30999999997,1 ha worked,,rotary_tiller_singlescore_14.json,257538.30999999997,0.0,,133625.82,1 ha worked,,seeder_singlescore_17.json,0.0,6.6640877761,,7323.02,1 ha worked,,sprayer_singlescore_15.json,48801.24806613582,1672057.818066136
C6_2023,C6,2023,ha,"Ecotoxicity, freshwater - inorganics",Pt,3.0,,0.0,1 ha worked,,centrifugal_spreader_singlescore_13.json,0.0,1.0,,0.0,1 ha worked,,combine_harvester_singlescore_16.json,0.0,2.0,,0.0,1 ha worked,,disk_harrow_singlescore_11.json,0.0,1.0,,0.0,1 ha worked,,laser_leveler_singlescore_12.json,0.0,1.0,,0.0,1 ha worked,,rotary_tiller_singlescore_14.json,0.0,0.0,,0.0,1 ha worked,,seeder_singlescore_17.json,0.0,6.6640877761,,0.0,1 ha worked,,sprayer_singlescore_15.json,0.0,0.0
C6_2023,C6,2023,ha,"Ecotoxicity, freshwater - metals",Pt,3.0,,0.0,1 ha worked,,centrifugal_spreader_singlescore_13.json,0.0,1.0,,0.0,1 ha worked,,combine_harvester_singlescore_16.json,0.0,2.0,,0.0,1 ha worked,,disk_harrow_singlescore_11.json,0.0,1.0,,0.0,1 ha worked,,laser_leveler_singlescore_12.json,0.0,1.0,,0.0,1 ha worked,,rotary_tiller_singlescore_14.json,0.0,0.0,,0.0,1 ha worked,,seeder_singlescore_17.json,0.0,6.6640877761,,0.0,1 ha worked,,sprayer_singlescore_15.json,0.0,0.0
C6_2023,C6,2023,ha,"Ecotoxicity, freshwater - organics",Pt,3.0,,0.0,1 ha worked,,centrifugal_spreader_singlescore_13.json,0.0,1.0,,0.0,1 ha worked,,combine_harvester_singlescore_16.json,0.0,2.0,,0.0,1 ha worked,,disk_harrow_singlescore_11.json,0.0,1.0,,0.0,1 ha worked,,laser_leveler_singlescore_12.json,0.0,1.0,,0.0,1 ha worked,,rotary_tiller_singlescore_14.json,0.0,0.0,,0.0,1 ha worked,,seeder_singlescore_17.json,0.0,6.6640877761,,0.0,1 ha worked,,sprayer_singlescore_15.json,0.0,0.0
C6_2023,C6,2023,ha,"Eutrophication, freshwater",Pt,3.0,,7.1276e-05,1 ha worked,,centrifugal_spreader_singlescore_13.json,0.000213828,1.0,,0.00048615999999999997,1 ha worked,,combine_harvester_singlescore_16.json,0.00048615999999999997,2.0,,3.0076e-05,1 ha worked,,disk_harrow_singlescore_11.json,6.0152e-05,1.0,,0.00026574,1 ha worked,,laser_leveler_singlescore_12.json,0.00026574,1.0,,0.00023895999999999998,1 ha worked,,rotary_tiller_singlescore_14.json,0.00023895999999999998,0.0,,0.00014111,1 ha worked,,seeder_singlescore_17.json,0.0,6.6640877761,,5.6032e-06,1 ha worked,,sprayer_singlescore_15.json,3.734021662704352e-05,0.0013021802166270431
C6_2023,C6,2023,ha,"Eutrophication, marine",Pt,3.0,,0.08380000000000001,1 ha worked,,centrifugal_spreader_singlescore_13.json,0.25140000000000007,1.0,,0.610902,1 ha worked,,combine_harvester_singlescore_16.json,0.610902,2.0,,0.0708948,1 ha worked,,disk_harrow_singlescore_11.json,0.1417896,1.0,,0.37207199999999996,1 ha worked,,laser_leveler_singlescore_12.json,0.37207199999999996,1.0,,0.17849399999999999,1 ha worked,,rotary_tiller_singlescore_14.json,0.17849399999999999,0.0,,0.017262800000000002,1 ha worked,,seeder_singlescore_17.json,0.0,6.6640877761,,0.005413480000000001,1 ha worked,,sprayer_singlescore_15.json,0.03607590589416183,1.5907335058941616
C6_2023,C6,2023,ha,"Eutrophication, terrestrial",Pt,3.0,,7.227,1 ha worked,,centrifugal_spreader_singlescore_13.json,21.681,1.0,,52.3629,1 ha worked,,combine_harvester_singlescore_16.json,52.3629,2.0,,6.09039,1 ha worked,,disk_harrow_singlescore_11.json,12.18078,1.0,,31.9302,1 ha worked,,laser_leveler_singlescore_12.json,31.9302,1.0,,15.308100000000001,1 ha worked,,rotary_tiller_singlescore_14.json,15.308100000000001,0.0,,1.43226,1 ha worked,,seeder_singlescore_17.json,0.0,6.6640877761,,0.46252800000000005,1 ha worked,,sprayer_singlescore_15.json,3.082327190903981,136.545307190904
C6_2023,C6,2023,ha,"Human toxicity, cancer",Pt,3.0,,1.6072e-14,1 ha worked,,centrifugal_spreader_singlescore_13.json,4.8216e-14,1.0,,1.0988000000000001e-13,1 ha worked,,combine_harvester_singlescore_16.json,1.0988000000000001e-13,2.0,,9.265999999999999e-15,1 ha worked,,disk_harrow_singlescore_11.json,1.8531999999999997e-14,1.0,,8.446e-14,1 ha worked,,laser_leveler_singlescore_12.json,8.446e-14,1.0,,9.348e-14,1 ha worked,,rotary_tiller_singlescore_14.json,9.348e-14,0.0,,4.5428e-14,1 ha worked,,seeder_singlescore_17.json,0.0,6.6640877761,,1.5661999999999999e-15,1 ha worked,,sprayer_singlescore_15.json,1.0437294274927819e-14,3.6500529427492787e-13
C6_2023,C6,2023,ha,"Human toxicity, cancer - inorganics",Pt,3.0,,0.0,1 ha worked,,centrifugal_spreader_singlescore_13.json,0.0,1.0,,0.0,1 ha worked,,combine_harvester_singlescore_16.json,0.0,2.0,,0.0,1 ha worked,,disk_harrow_singlescore_11.json,0.0,1.0,,0.0,1 ha worked,,laser_leveler_singlescore_12.json,0.0,1.0,,0.0,1 ha worked,,rotary_tiller_singlescore_14.json,0.0,0.0,,0.0,1 ha worked,,seeder_singlescore_17.json,0.0,6.6640877761,,0.0,1 ha worked,,sprayer_singlescore_15.json,0.0,0.0
C6_2023,C6,2023,ha,"Human toxicity, cancer - metals",Pt,3.0,,0.0,1 ha worked,,centrifugal_spreader_singlescore_13.json,0.0,1.0,,0.0,1 ha worked,,combine_harvester_singlescore_16.json,0.0,2.0,,0.0,1 ha worked,,disk_harrow_singlescore_11.json,0.0,1.0,,0.0,1 ha worked,,laser_leveler_singlescore_12.json,0.0,1.0,,0.0,1 ha worked,,rotary_tiller_singlescore_14.json,0.0,0.0,,0.0,1 ha worked,,seeder_singlescore_17.json,0.0,6.6640877761,,0.0,1 ha worked,,sprayer_singlescore_15.json,0.0,0.0
C6_2023,C6,2023,ha,"Human toxicity, cancer - organics",Pt,3.0,,0.0,1 ha worked,,centrifugal_spreader_singlescore_13.json,0.0,1.0,,0.0,1 ha worked,,combine_harvester_singlescore_16.json,0.0,2.0,,0.0,1 ha worked,,disk_harrow_singlescore_11.json,0.0,1.0,,0.0,1 ha worked,,laser_leveler_singlescore_12.json,0.0,1.0,,0.0,1 ha worked,,rotary_tiller_singlescore_14.json,0.0,0.0,,0.0,1 ha worked,,seeder_singlescore_17.json,0.0,6.6640877761,,0.0,1 ha worked,,sprayer_singlescore_15.json,0.0,0.0
C6_2023,C6,2023,ha,"Human toxicity, non-cancer",Pt,3.0,,5.2352599999999984e-12,1 ha worked,,centrifugal_spreader_singlescore_13.json,1.5705779999999997e-11,1.0,,3.0240399999999995e-11,1 ha worked,,combine_harvester_singlescore_16.json,3.0240399999999995e-11,2.0,,7.796079999999999e-12,1 ha worked,,disk_harrow_singlescore_11.json,1.5592159999999998e-11,1.0,,1.748e-11,1 ha worked,,laser_leveler_singlescore_12.json,1.748e-11,1.0,,1.1973799999999998e-11,1 ha worked,,rotary_tiller_singlescore_14.json,1.1973799999999998e-11,0.0,,9.351799999999999e-12,1 ha worked,,seeder_singlescore_17.json,0.0,6.6640877761,,1.1099799999999999e-12,1 ha worked,,sprayer_singlescore_15.json,7.397004149715477e-12,9.838914414971546e-11
C6_2023,C6,2023,ha,"Human toxicity, non-cancer - inorganics",Pt,3.0,,0.0,1 ha worked,,centrifugal_spreader_singlescore_13.json,0.0,1.0,,0.0,1 ha worked,,combine_harvester_singlescore_16.json,0.0,2.0,,0.0,1 ha worked,,disk_harrow_singlescore_11.json,0.0,1.0,,0.0,1 ha worked,,laser_leveler_singlescore_12.json,0.0,1.0,,0.0,1 ha worked,,rotary_tiller_singlescore_14.json,0.0,0.0,,0.0,1 ha worked,,seeder_singlescore_17.json,0.0,6.6640877761,,0.0,1 ha worked,,sprayer_singlescore_15.json,0.0,0.0
C6_2023,C6,2023,ha,"Human toxicity, non-cancer - metals",Pt,3.0,,0.0,1 ha worked,,centrifugal_spreader_singlescore_13.json,0.0,1.0,,0.0,1 ha worked,,combine_harvester_singlescore_16.json,0.0,2.0,,0.0,1 ha worked,,disk_harrow_singlescore_11.json,0.0,1.0,,0.0,1 ha worked,,laser_leveler_singlescore_12.json,0.0,1.0,,0.0,1 ha worked,,rotary_tiller_singlescore_14.json,0.0,0.0,,0.0,1 ha worked,,seeder_singlescore_17.json,0.0,6.6640877761,,0.0,1 ha worked,,sprayer_singlescore_15.json,0.0,0.0
C6_2023,C6,2023,ha,"Human toxicity, non-cancer - organics",Pt,3.0,,0.0,1 ha worked,,centrifugal_spreader_singlescore_13.json,0.0,1.0,,0.0,1 ha worked,,combine_harvester_singlescore_16.json,0.0,2.0,,0.0,1 ha worked,,disk_harrow_singlescore_11.json,0.0,1.0,,0.0,1 ha worked,,laser_leveler_singlescore_12.json,0.0,1.0,,0.0,1 ha worked,,rotary_tiller_singlescore_14.json,0.0,0.0,,0.0,1 ha worked,,seeder_singlescore_17.json,0.0,6.6640877761,,0.0,1 ha worked,,sprayer_singlescore_15.json,0.0,0.0
C6_2023,C6,2023,ha,Ionising radiation,Pt,3.0,,362.9200000000001,1 ha worked,,centrifugal_spreader_singlescore_13.json,1088.7600000000002,1.0,,2213.39,1 ha worked,,combine_harvester_singlescore_16.json,2213.39,2.0,,267.96999999999997,1 ha worked,,disk_harrow_singlescore_11.json,535.9399999999999,1.0,,1664.79,1 ha worked,,laser_leveler_singlescore_12.json,1664.79,1.0,,911.52,1 ha worked,,rotary_tiller_singlescore_14.json,911.52,0.0,,369.25,1 ha worked,,seeder_singlescore_17.json,0.0,6.6640877761,,24.264999999999997,1 ha worked,,sprayer_singlescore_15.json,161.70408988706646,6576.104089887066
C6_2023,C6,2023,ha,Land use,Pt,3.0,,16120529.999999998,1 ha worked,,centrifugal_spreader_singlescore_13.json,48361589.99999999,1.0,,88815540.0,1 ha worked,,combine_harvester_singlescore_16.json,88815540.0,2.0,,15266940.0,1 ha worked,,disk_harrow_singlescore_11.json,30533880.0,1.0,,71172090.0,1 ha worked,,laser_leveler_singlescore_12.json,71172090.0,1.0,,46409100.0,1 ha worked,,rotary_tiller_singlescore_14.json,46409100.0,0.0,,18753450.0,1 ha worked,,seeder_singlescore_17.json,0.0,6.6640877761,,11114430.0,1 ha worked,,sprayer_singlescore_15.json,74067537.10131912,359359737.10131913
C6_2023,C6,2023,ha,Ozone depletion,Pt,3.0,,7.3408e-09,1 ha worked,,centrifugal_spreader_singlescore_13.json,2.20224e-08,1.0,,4.4843999999999994e-08,1 ha worked,,combine_harvester_singlescore_16.json,4.4843999999999994e-08,2.0,,6.1716e-09,1 ha worked,,disk_harrow_singlescore_11.json,1.23432e-08,1.0,,3.1524e-08,1 ha worked,,laser_leveler_singlescore_12.json,3.1524e-08,1.0,,1.47556e-08,1 ha worked,,rotary_tiller_singlescore_14.json,1.47556e-08,0.0,,5.209600000000001e-09,1 ha worked,,seeder_singlescore_17.json,0.0,6.6640877761,,4.765600000000001e-10,1 ha worked,,sprayer_singlescore_15.json,3.1758376705782164e-09,1.2866503767057822e-07
C6_2023,C6,2023,ha,Particulate matter,Pt,3.0,,5.4204899999999996e-11,1 ha worked,,centrifugal_spreader_singlescore_13.json,1.626147e-10,1.0,,3.4657700000000003e-10,1 ha worked,,combine_harvester_singlescore_16.json,3.4657700000000003e-10,2.0,,4.00589e-11,1 ha worked,,disk_harrow_singlescore_11.json,8.01178e-11,1.0,,2.3533799999999997e-10,1 ha worked,,laser_leveler_singlescore_12.json,2.3533799999999997e-10,1.0,,1.7875400000000004e-10,1 ha worked,,rotary_tiller_singlescore_14.json,1.7875400000000004e-10,0.0,,9.130600000000001e-11,1 ha worked,,seeder_singlescore_17.json,0.0,6.6640877761,,7.844600000000002e-12,1 ha worked,,sprayer_singlescore_15.json,5.227710296839407e-11,1.055678602968394e-09
C6_2023,C6,2023,ha,Photochemical ozone formation,Pt,3.0,,0.5917,1 ha worked,,centrifugal_spreader_singlescore_13.json,1.7751000000000001,1.0,,4.268,1 ha worked,,combine_harvester_singlescore_16.json,4.268,2.0,,0.48305999999999993,1 ha worked,,disk_harrow_singlescore_11.json,0.9661199999999999,1.0,,2.5802,1 ha worked,,laser_leveler_singlescore_12.json,2.5802,1.0,,1.2998,1 ha worked,,rotary_tiller_singlescore_14.json,1.2998,0.0,,0.20757999999999996,1 ha worked,,seeder_singlescore_17.json,0.0,6.6640877761,,0.037635999999999996,1 ha worked,,sprayer_singlescore_15.json,0.25080960754129955,11.1400296075413
C6_2023,C6,2023,ha,"Resource use, fossils",Pt,3.0,,1940138.9999999998,1 ha worked,,centrifugal_spreader_singlescore_13.json,5820416.999999999,1.0,,11808458.1,1 ha worked,,combine_harvester_singlescore_16.json,11808458.1,2.0,,1486788.3,1 ha worked,,disk_harrow_singlescore_11.json,2973576.6,1.0,,8854809.6,1 ha worked,,laser_leveler_singlescore_12.json,8854809.6,1.0,,4686307.2,1 ha worked,,rotary_tiller_singlescore_14.json,4686307.2,0.0,,1833385.2000000002,1 ha worked,,seeder_singlescore_17.json,0.0,6.6640877761,,127767.9,1 ha worked,,sprayer_singlescore_15.json,851456.5005679671,34995025.000567965
C6_2023,C6,2023,ha,"Resource use, minerals and metals",Pt,3.0,,1.5072e-06,1 ha worked,,centrifugal_spreader_singlescore_13.json,4.5216e-06,1.0,,1.2384e-05,1 ha worked,,combine_harvester_singlescore_16.json,1.2384e-05,2.0,,6.095999999999998e-07,1 ha worked,,disk_harrow_singlescore_11.json,1.2191999999999997e-06,1.0,,4.4015999999999995e-06,1 ha worked,,laser_leveler_singlescore_12.json,4.4015999999999995e-06,1.0,,2.976e-06,1 ha worked,,rotary_tiller_singlescore_14.json,2.976e-06,0.0,,1.7759999999999998e-06,1 ha worked,,seeder_singlescore_17.json,0.0,6.6640877761,,1.3968e-07,1 ha worked,,sprayer_singlescore_15.json,9.308397805656479e-07,2.6433239780565645e-05
C6_2023,C6,2023,ha,Total,Pt,3.0,,18203540.602892786,1 ha worked,,centrifugal_spreader_singlescore_13.json,54610621.80867836,1.0,,101551998.37990059,1 ha worked,,combine_harvester_singlescore_16.json,101551998.37990059,2.0,,16844590.994255494,1 ha worked,,disk_harrow_singlescore_11.json,33689181.98851099,1.0,,80616648.64674218,1 ha worked,,laser_leveler_singlescore_12.json,80616648.64674218,1.0,,51483431.65711595,1 ha worked,,rotary_tiller_singlescore_14.json,51483431.65711595,0.0,,20774237.986285694,1 ha worked,,seeder_singlescore_17.json,0.0,6.6640877761,,11253191.91303122,1 ha worked,,sprayer_singlescore_15.json,74992258.66973872,396944141.1506868
C6_2023,C6,2023,ha,Water use,Pt,3.0,,2065.69,1 ha worked,,centrifugal_spreader_singlescore_13.json,6197.07,1.0,,12531.2,1 ha worked,,combine_harvester_singlescore_16.json,12531.2,2.0,,837.045,1 ha worked,,disk_harrow_singlescore_11.json,1674.09,1.0,,7773.259999999999,1 ha worked,,laser_leveler_singlescore_12.json,7773.259999999999,1.0,,6275.389999999999,1 ha worked,,rotary_tiller_singlescore_14.json,6275.389999999999,0.0,,3367.76,1 ha worked,,seeder_singlescore_17.json,0.0,6.6640877761,,230.065,1 ha worked,,sprayer_singlescore_15.json,1533.1733542084464,35984.18335420844
C6_2024,C6,2024,ha,Acidification,Pt,3.0,,0.8703199999999999,1 ha worked,,centrifugal_spreader_singlescore_13.json,2.6109599999999995,2.3111398008,,6.1575999999999995,1 ha worked,,combine_harvester_singlescore_16.json,14.231074437406079,2.0,,0.6948799999999999,1 ha worked,,disk_harrow_singlescore_11.json,1.3897599999999999,1.0,,3.784,1 ha worked,,laser_leveler_singlescore_12.json,3.784,1.0,,1.95048,1 ha worked,,rotary_tiller_singlescore_14.json,1.95048,0.0,,0.39904,1 ha worked,,seeder_singlescore_17.json,0.0,6.0230542235,,0.057448000000000006,1 ha worked,,sprayer_singlescore_15.json,0.34601241903162805,24.3122868564377
C6_2024,C6,2024,ha,Climate change,Pt,3.0,,47577.59999999999,1 ha worked,,centrifugal_spreader_singlescore_13.json,142732.8,2.3111398008,,293625.3,1 ha worked,,combine_harvester_singlescore_16.json,678609.1173518401,2.0,,36196.5,1 ha worked,,disk_harrow_singlescore_11.json,72393.0,1.0,,219798.59999999998,1 ha worked,,laser_leveler_singlescore_12.json,219798.59999999998,1.0,,123280.5,1 ha worked,,rotary_tiller_singlescore_14.json,123280.5,0.0,,50037.9,1 ha worked,,seeder_singlescore_17.json,0.0,6.0230542235,,3416.1000000000004,1 ha worked,,sprayer_singlescore_15.json,20575.355532898353,1257389.3728847385
C6_2024,C6,2024,ha,Climate change - Biogenic,Pt,3.0,,0.0,1 ha worked,,centrifugal_spreader_singlescore_13.json,0.0,2.3111398008,,0.0,1 ha worked,,combine_harvester_singlescore_16.json,0.0,2.0,,0.0,1 ha worked,,disk_harrow_singlescore_11.json,0.0,1.0,,0.0,1 ha worked,,laser_leveler_singlescore_12.json,0.0,1.0,,0.0,1 ha worked,,rotary_tiller_singlescore_14.json,0.0,0.0,,0.0,1 ha worked,,seeder_singlescore_17.json,0.0,6.0230542235,,0.0,1 ha worked,,sprayer_singlescore_15.json,0.0,0.0
C6_2024,C6,2024,ha,Climate change - Fossil,Pt,3.0,,0.0,1 ha worked,,centrifugal_spreader_singlescore_13.json,0.0,2.3111398008,,0.0,1 ha worked,,combine_harvester_singlescore_16.json,0.0,2.0,,0.0,1 ha worked,,disk_harrow_singlescore_11.json,0.0,1.0,,0.0,1 ha worked,,laser_leveler_singlescore_12.json,0.0,1.0,,0.0,1 ha worked,,rotary_tiller_singlescore_14.json,0.0,0.0,,0.0,1 ha worked,,seeder_singlescore_17.json,0.0,6.0230542235,,0.0,1 ha worked,,sprayer_singlescore_15.json,0.0,0.0
C6_2024,C6,2024,ha,Climate change - Land use and LU change,Pt,3.0,,0.0,1 ha worked,,centrifugal_spreader_singlescore_13.json,0.0,2.3111398008,,0.0,1 ha worked,,combine_harvester_singlescore_16.json,0.0,2.0,,0.0,1 ha worked,,disk_harrow_singlescore_11.json,0.0,1.0,,0.0,1 ha worked,,laser_leveler_singlescore_12.json,0.0,1.0,,0.0,1 ha worked,,rotary_tiller_singlescore_14.json,0.0,0.0,,0.0,1 ha worked,,seeder_singlescore_17.json,0.0,6.0230542235,,0.0,1 ha worked,,sprayer_singlescore_15.json,0.0,0.0
C6_2024,C6,2024,ha,"Ecotoxicity, freshwater",Pt,3.0,,92856.62000000001,1 ha worked,,centrifugal_spreader_singlescore_13.json,278569.86000000004,2.3111398008,,619566.99,1 ha worked,,combine_harvester_singlescore_16.json,1431905.9298508556,2.0,,53553.84,1 ha worked,,disk_harrow_singlescore_11.json,107107.68,1.0,,360473.73,1 ha worked,,laser_leveler_singlescore_12.json,360473.73,1.0,,257538.30999999997,1 ha worked,,rotary_tiller_singlescore_14.json,257538.30999999997,0.0,,133625.82,1 ha worked,,seeder_singlescore_17.json,0.0,6.0230542235,,7323.02,1 ha worked,,sprayer_singlescore_15.json,44106.946539774974,2479702.4563906305
C6_2024,C6,2024,ha,"Ecotoxicity, freshwater - inorganics",Pt,3.0,,0.0,1 ha worked,,centrifugal_spreader_singlescore_13.json,0.0,2.3111398008,,0.0,1 ha worked,,combine_harvester_singlescore_16.json,0.0,2.0,,0.0,1 ha worked,,disk_harrow_singlescore_11.json,0.0,1.0,,0.0,1 ha worked,,laser_leveler_singlescore_12.json,0.0,1.0,,0.0,1 ha worked,,rotary_tiller_singlescore_14.json,0.0,0.0,,0.0,1 ha worked,,seeder_singlescore_17.json,0.0,6.0230542235,,0.0,1 ha worked,,sprayer_singlescore_15.json,0.0,0.0
C6_2024,C6,2024,ha,"Ecotoxicity, freshwater - metals",Pt,3.0,,0.0,1 ha worked,,centrifugal_spreader_singlescore_13.json,0.0,2.3111398008,,0.0,1 ha worked,,combine_harvester_singlescore_16.json,0.0,2.0,,0.0,1 ha worked,,disk_harrow_singlescore_11.json,0.0,1.0,,0.0,1 ha worked,,laser_leveler_singlescore_12.json,0.0,1.0,,0.0,1 ha worked,,rotary_tiller_singlescore_14.json,0.0,0.0,,0.0,1 ha worked,,seeder_singlescore_17.json,0.0,6.0230542235,,0.0,1 ha worked,,sprayer_singlescore_15.json,0.0,0.0
C6_2024,C6,2024,ha,"Ecotoxicity, freshwater - organics",Pt,3.0,,0.0,1 ha worked,,centrifugal_spreader_singlescore_13.json,0.0,2.3111398008,,0.0,1 ha worked,,combine_harvester_singlescore_16.json,0.0,2.0,,0.0,1 ha worked,,disk_harrow_singlescore_11.json,0.0,1.0,,0.0,1 ha worked,,laser_leveler_singlescore_12.json,0.0,1.0,,0.0,1 ha worked,,rotary_tiller_singlescore_14.json,0.0,0.0,,0.0,1 ha worked,,seeder_singlescore_17.json,0.0,6.0230542235,,0.0,1 ha worked,,sprayer_singlescore_15.json,0.0,0.0
C6_2024,C6,2024,ha,"Eutrophication, freshwater",Pt,3.0,,7.1276e-05,1 ha worked,,centrifugal_spreader_singlescore_13.json,0.000213828,2.3111398008,,0.00048615999999999997,1 ha worked,,combine_harvester_singlescore_16.json,0.001123583725556928,2.0,,3.0076e-05,1 ha worked,,disk_harrow_singlescore_11.json,6.0152e-05,1.0,,0.00026574,1 ha worked,,laser_leveler_singlescore_12.json,0.00026574,1.0,,0.00023895999999999998,1 ha worked,,rotary_tiller_singlescore_14.json,0.00023895999999999998,0.0,,0.00014111,1 ha worked,,seeder_singlescore_17.json,0.0,6.0230542235,,5.6032e-06,1 ha worked,,sprayer_singlescore_15.json,3.37483774251152e-05,0.001936012102982043
C6_2024,C6,2024,ha,"Eutrophication, marine",Pt,3.0,,0.08380000000000001,1 ha worked,,centrifugal_spreader_singlescore_13.json,0.25140000000000007,2.3111398008,,0.610902,1 ha worked,,combine_harvester_singlescore_16.json,1.4118799265883215,2.0,,0.0708948,1 ha worked,,disk_harrow_singlescore_11.json,0.1417896,1.0,,0.37207199999999996,1 ha worked,,laser_leveler_singlescore_12.json,0.37207199999999996,1.0,,0.17849399999999999,1 ha worked,,rotary_tiller_singlescore_14.json,0.17849399999999999,0.0,,0.017262800000000002,1 ha worked,,seeder_singlescore_17.json,0.0,6.0230542235,,0.005413480000000001,1 ha worked,,sprayer_singlescore_15.json,0.032605683577832785,2.3882412101661545
C6_2024,C6,2024,ha,"Eutrophication, terrestrial",Pt,3.0,,7.227,1 ha worked,,centrifugal_spreader_singlescore_13.json,21.681,2.3111398008,,52.3629,1 ha worked,,combine_harvester_singlescore_16.json,121.01798227531032,2.0,,6.09039,1 ha worked,,disk_harrow_singlescore_11.json,12.18078,1.0,,31.9302,1 ha worked,,laser_leveler_singlescore_12.json,31.9302,1.0,,15.308100000000001,1 ha worked,,rotary_tiller_singlescore_14.json,15.308100000000001,0.0,,1.43226,1 ha worked,,seeder_singlescore_17.json,0.0,6.0230542235,,0.46252800000000005,1 ha worked,,sprayer_singlescore_15.json,2.7858312238870084,204.90389349919735
C6_2024,C6,2024,ha,"Human toxicity, cancer",Pt,3.0,,1.6072e-14,1 ha worked,,centrifugal_spreader_singlescore_13.json,4.8216e-14,2.3111398008,,1.0988000000000001e-13,1 ha worked,,combine_harvester_singlescore_16.json,2.53948041311904e-13,2.0,,9.265999999999999e-15,1 ha worked,,disk_harrow_singlescore_11.json,1.8531999999999997e-14,1.0,,8.446e-14,1 ha worked,,laser_leveler_singlescore_12.json,8.446e-14,1.0,,9.348e-14,1 ha worked,,rotary_tiller_singlescore_14.json,9.348e-14,0.0,,4.5428e-14,1 ha worked,,seeder_singlescore_17.json,0.0,6.0230542235,,1.5661999999999999e-15,1 ha worked,,sprayer_singlescore_15.json,9.4333075248457e-15,5.080693488367497e-13
C6_2024,C6,2024,ha,"Human toxicity, cancer - inorganics",Pt,3.0,,0.0,1 ha worked,,centrifugal_spreader_singlescore_13.json,0.0,2.3111398008,,0.0,1 ha worked,,combine_harvester_singlescore_16.json,0.0,2.0,,0.0,1 ha worked,,disk_harrow_singlescore_11.json,0.0,1.0,,0.0,1 ha worked,,laser_leveler_singlescore_12.json,0.0,1.0,,0.0,1 ha worked,,rotary_tiller_singlescore_14.json,0.0,0.0,,0.0,1 ha worked,,seeder_singlescore_17.json,0.0,6.0230542235,,0.0,1 ha worked,,sprayer_singlescore_15.json,0.0,0.0
C6_2024,C6,2024,ha,"Human toxicity, cancer - metals",Pt,3.0,,0.0,1 ha worked,,centrifugal_spreader_singlescore_13.json,0.0,2.3111398008,,0.0,1 ha worked,,combine_harvester_singlescore_16.json,0.0,2.0,,0.0,1 ha worked,,disk_harrow_singlescore_11.json,0.0,1.0,,0.0,1 ha worked,,laser_leveler_singlescore_12.json,0.0,1.0,,0.0,1 ha worked,,rotary_tiller_singlescore_14.json,0.0,0.0,,0.0,1 ha worked,,seeder_singlescore_17.json,0.0,6.0230542235,,0.0,1 ha worked,,sprayer_singlescore_15.json,0.0,0.0
C6_2024,C6,2024,ha,"Human toxicity, cancer - organics",Pt,3.0,,0.0,1 ha worked,,centrifugal_spreader_singlescore_13.json,0.0,2.3111398008,,0.0,1 ha worked,,combine_harvester_singlescore_16.json,0.0,2.0,,0.0,1 ha worked,,disk_harrow_singlescore_11.json,0.0,1.0,,0.0,1 ha worked,,laser_leveler_singlescore_12.json,0.0,1.0,,0.0,1 ha worked,,rotary_tiller_singlescore_14.json,0.0,0.0,,0.0,1 ha worked,,seeder_singlescore_17.json,0.0,6.0230542235,,0.0,1 ha worked,,sprayer_singlescore_15.json,0.0,0.0
C6_2024,C6,2024,ha,"Human toxicity, non-cancer",Pt,3.0,,5.2352599999999984e-12,1 ha worked,,centrifugal_spreader_singlescore_13.json,1.5705779999999997e-11,2.3111398008,,3.0240399999999995e-11,1 ha worked,,combine_harvester_singlescore_16.json,6.98897920321123e-11,2.0,,7.796079999999999e-12,1 ha worked,,disk_harrow_singlescore_11.json,1.5592159999999998e-11,1.0,,1.748e-11,1 ha worked,,laser_leveler_singlescore_12.json,1.748e-11,1.0,,1.1973799999999998e-11,1 ha worked,,rotary_tiller_singlescore_14.json,1.1973799999999998e-11,0.0,,9.351799999999999e-12,1 ha worked,,seeder_singlescore_17.json,0.0,6.0230542235,,1.1099799999999999e-12,1 ha worked,,sprayer_singlescore_15.json,6.6854697270005295e-12,1.3732700175911285e-10
C6_2024,C6,2024,ha,"Human toxicity, non-cancer - inorganics",Pt,3.0,,0.0,1 ha worked,,centrifugal_spreader_singlescore_13.json,0.0,2.3111398008,,0.0,1 ha worked,,combine_harvester_singlescore_16.json,0.0,2.0,,0.0,1 ha worked,,disk_harrow_singlescore_11.json,0.0,1.0,,0.0,1 ha worked,,laser_leveler_singlescore_12.json,0.0,1.0,,0.0,1 ha worked,,rotary_tiller_singlescore_14.json,0.0,0.0,,0.0,1 ha worked,,seeder_singlescore_17.json,0.0,6.0230542235,,0.0,1 ha worked,,sprayer_singlescore_15.json,0.0,0.0
C6_2024,C6,2024,ha,"Human toxicity, non-cancer - metals",Pt,3.0,,0.0,1 ha worked,,centrifugal_spreader_singlescore_13.json,0.0,2.3111398008,,0.0,1 ha worked,,combine_harvester_singlescore_16.json,0.0,2.0,,0.0,1 ha worked,,disk_harrow_singlescore_11.json,0.0,1.0,,0.0,1 ha worked,,laser_leveler_singlescore_12.json,0.0,1.0,,0.0,1 ha worked,,rotary_tiller_singlescore_14.json,0.0,0.0,,0.0,1 ha worked,,seeder_singlescore_17.json,0.0,6.0230542235,,0.0,1 ha worked,,sprayer_singlescore_15.json,0.0,0.0
C6_2024,C6,2024,ha,"Human toxicity, non-cancer - organics",Pt,3.0,,0.0,1 ha worked,,centrifugal_spreader_singlescore_13.json,0.0,2.3111398008,,0.0,1 ha worked,,combine_harvester_singlescore_16.json,0.0,2.0,,0.0,1 ha worked,,disk_harrow_singlescore_11.json,0.0,1.0,,0.0,1 ha worked,,laser_leveler_singlescore_12.json,0.0,1.0,,0.0,1 ha worked,,rotary_tiller_singlescore_14.json,0.0,0.0,,0.0,1 ha worked,,seeder_singlescore_17.json,0.0,6.0230542235,,0.0,1 ha worked,,sprayer_singlescore_15.json,0.0,0.0
C6_2024,C6,2024,ha,Ionising radiation,Pt,3.0,,362.9200000000001,1 ha worked,,centrifugal_spreader_singlescore_13.json,1088.7600000000002,2.3111398008,,2213.39,1 ha worked,,combine_harvester_singlescore_16.json,5115.453723692712,2.0,,267.96999999999997,1 ha worked,,disk_harrow_singlescore_11.json,535.9399999999999,1.0,,1664.79,1 ha worked,,laser_leveler_singlescore_12.json,1664.79,1.0,,911.52,1 ha worked,,rotary_tiller_singlescore_14.json,911.52,0.0,,369.25,1 ha worked,,seeder_singlescore_17.json,0.0,6.0230542235,,24.264999999999997,1 ha worked,,sprayer_singlescore_15.json,146.14941073322748,9462.61313442594
C6_2024,C6,2024,ha,Land use,Pt,3.0,,16120529.999999998,1 ha worked,,centrifugal_spreader_singlescore_13.json,48361589.99999999,2.3111398008,,88815540.0,1 ha worked,,combine_harvester_singlescore_16.json,205265129.42354444,2.0,,15266940.0,1 ha worked,,disk_harrow_singlescore_11.json,30533880.0,1.0,,71172090.0,1 ha worked,,laser_leveler_singlescore_12.json,71172090.0,1.0,,46409100.0,1 ha worked,,rotary_tiller_singlescore_14.json,46409100.0,0.0,,18753450.0,1 ha worked,,seeder_singlescore_17.json,0.0,6.0230542235,,11114430.0,1 ha worked,,sprayer_singlescore_15.json,66942814.553295106,468684603.97683954
C6_2024,C6,2024,ha,Ozone depletion,Pt,3.0,,7.3408e-09,1 ha worked,,centrifugal_spreader_singlescore_13.json,2.20224e-08,2.3111398008,,4.4843999999999994e-08,1 ha worked,,combine_harvester_singlescore_16.json,1.0364075322707519e-07,2.0,,6.1716e-09,1 ha worked,,disk_harrow_singlescore_11.json,1.23432e-08,1.0,,3.1524e-08,1 ha worked,,laser_leveler_singlescore_12.json,3.1524e-08,1.0,,1.47556e-08,1 ha worked,,rotary_tiller_singlescore_14.json,1.47556e-08,0.0,,5.209600000000001e-09,1 ha worked,,seeder_singlescore_17.json,0.0,6.0230542235,,4.765600000000001e-10,1 ha worked,,sprayer_singlescore_15.json,2.8703467207511602e-09,1.8715629994782639e-07
C6_2024,C6,2024,ha,Particulate matter,Pt,3.0,,5.4204899999999996e-11,1 ha worked,,centrifugal_spreader_singlescore_13.json,1.626147e-10,2.3111398008,,3.4657700000000003e-10,1 ha worked,,combine_harvester_singlescore_16.json,8.009878987418617e-10,2.0,,4.00589e-11,1 ha worked,,disk_harrow_singlescore_11.json,8.01178e-11,1.0,,2.3533799999999997e-10,1 ha worked,,laser_leveler_singlescore_12.json,2.3533799999999997e-10,1.0,,1.7875400000000004e-10,1 ha worked,,rotary_tiller_singlescore_14.json,1.7875400000000004e-10,0.0,,9.130600000000001e-11,1 ha worked,,seeder_singlescore_17.json,0.0,6.0230542235,,7.844600000000002e-12,1 ha worked,,sprayer_singlescore_15.json,4.724845116166811e-11,1.5050608499035299e-09
C6_2024,C6,2024,ha,Photochemical ozone formation,Pt,3.0,,0.5917,1 ha worked,,centrifugal_spreader_singlescore_13.json,1.7751000000000001,2.3111398008,,4.268,1 ha worked,,combine_harvester_singlescore_16.json,9.8639446698144,2.0,,0.48305999999999993,1 ha worked,,disk_harrow_singlescore_11.json,0.9661199999999999,1.0,,2.5802,1 ha worked,,laser_leveler_singlescore_12.json,2.5802,1.0,,1.2998,1 ha worked,,rotary_tiller_singlescore_14.json,1.2998,0.0,,0.20757999999999996,1 ha worked,,seeder_singlescore_17.json,0.0,6.0230542235,,0.037635999999999996,1 ha worked,,sprayer_singlescore_15.json,0.22668366875564597,16.711848338570046
C6_2024,C6,2024,ha,"Resource use, fossils",Pt,3.0,,1940138.9999999998,1 ha worked,,centrifugal_spreader_singlescore_13.json,5820416.999999999,2.3111398008,,11808458.1,1 ha worked,,combine_harvester_singlescore_16.json,27290997.500989147,2.0,,1486788.3,1 ha worked,,disk_harrow_singlescore_11.json,2973576.6,1.0,,8854809.6,1 ha worked,,laser_leveler_singlescore_12.json,8854809.6,1.0,,4686307.2,1 ha worked,,rotary_tiller_singlescore_14.json,4686307.2,0.0,,1833385.2000000002,1 ha worked,,seeder_singlescore_17.json,0.0,6.0230542235,,127767.9,1 ha worked,,sprayer_singlescore_15.json,769552.9897227256,50395660.89071188
C6_2024,C6,2024,ha,"Resource use, minerals and metals",Pt,3.0,,1.5072e-06,1 ha worked,,centrifugal_spreader_singlescore_13.json,4.5216e-06,2.3111398008,,1.2384e-05,1 ha worked,,combine_harvester_singlescore_16.json,2.86211552931072e-05,2.0,,6.095999999999998e-07,1 ha worked,,disk_harrow_singlescore_11.json,1.2191999999999997e-06,1.0,,4.4015999999999995e-06,1 ha worked,,laser_leveler_singlescore_12.json,4.4015999999999995e-06,1.0,,2.976e-06,1 ha worked,,rotary_tiller_singlescore_14.json,2.976e-06,0.0,,1.7759999999999998e-06,1 ha worked,,seeder_singlescore_17.json,0.0,6.0230542235,,1.3968e-07,1 ha worked,,sprayer_singlescore_15.json,8.413002139384799e-07,4.258085550704568e-05
C6_2024,C6,2024,ha,Total,Pt,3.0,,18203540.602892786,1 ha worked,,centrifugal_spreader_singlescore_13.json,54610621.80867836,2.3111398008,,101551998.37990059,1 ha worked,,combine_harvester_singlescore_16.json,234700865.30656537,2.0,,16844590.994255494,1 ha worked,,disk_harrow_singlescore_11.json,33689181.98851099,1.0,,80616648.64674218,1 ha worked,,laser_leveler_singlescore_12.json,80616648.64674218,1.0,,51483431.65711595,1 ha worked,,rotary_tiller_singlescore_14.json,51483431.65711595,0.0,,20774237.986285694,1 ha worked,,seeder_singlescore_17.json,0.0,6.0230542235,,11253191.91303122,1 ha worked,,sprayer_singlescore_15.json,67778585.07963873,522879334.4872515
C6_2024,C6,2024,ha,Water use,Pt,3.0,,2065.69,1 ha worked,,centrifugal_spreader_singlescore_13.json,6197.07,2.3111398008,,12531.2,1 ha worked,,combine_harvester_singlescore_16.json,28961.35507178496,2.0,,837.045,1 ha worked,,disk_harrow_singlescore_11.json,1674.09,1.0,,7773.259999999999,1 ha worked,,laser_leveler_singlescore_12.json,7773.259999999999,1.0,,6275.389999999999,1 ha worked,,rotary_tiller_singlescore_14.json,6275.389999999999,0.0,,3367.76,1 ha worked,,seeder_singlescore_17.json,0.0,6.0230542235,,230.065,1 ha worked,,sprayer_singlescore_15.json,1385.6939699295274,52266.85904171449
C7_2023,C7,2023,ha,Acidification,Pt,2.0,,0.8703199999999999,1 ha worked,,centrifugal_spreader_singlescore_13.json,1.7406399999999997,1.0,,6.1575999999999995,1 ha worked,,combine_harvester_singlescore_16.json,6.1575999999999995,3.0,,0.6948799999999999,1 ha worked,,disk_harrow_singlescore_11.json,2.08464,1.0,,3.784,1 ha worked,,laser_leveler_singlescore_12.json,3.784,1.0,,1.95048,1 ha worked,,rotary_tiller_singlescore_14.json,1.95048,1.0,,0.39904,1 ha worked,,seeder_singlescore_17.json,0.39904,8.0,,0.057448000000000006,1 ha worked,,sprayer_singlescore_15.json,0.45958400000000005,16.575984000000002
C7_2023,C7,2023,ha,Climate change,Pt,2.0,,47577.59999999999,1 ha worked,,centrifugal_spreader_singlescore_13.json,95155.19999999998,1.0,,293625.3,1 ha worked,,combine_harvester_singlescore_16.json,293625.3,3.0,,36196.5,1 ha worked,,disk_harrow_singlescore_11.json,108589.5,1.0,,219798.59999999998,1 ha worked,,laser_leveler_singlescore_12.json,219798.59999999998,1.0,,123280.5,1 ha worked,,rotary_tiller_singlescore_14.json,123280.5,1.0,,50037.9,1 ha worked,,seeder_singlescore_17.json,50037.9,8.0,,3416.1000000000004,1 ha worked,,sprayer_singlescore_15.json,27328.800000000003,917815.8
C7_2023,C7,2023,ha,Climate change - Biogenic,Pt,2.0,,0.0,1 ha worked,,centrifugal_spreader_singlescore_13.json,0.0,1.0,,0.0,1 ha worked,,combine_harvester_singlescore_16.json,0.0,3.0,,0.0,1 ha worked,,disk_harrow_singlescore_11.json,0.0,1.0,,0.0,1 ha worked,,laser_leveler_singlescore_12.json,0.0,1.0,,0.0,1 ha worked,,rotary_tiller_singlescore_14.json,0.0,1.0,,0.0,1 ha worked,,seeder_singlescore_17.json,0.0,8.0,,0.0,1 ha worked,,sprayer_singlescore_15.json,0.0,0.0
C7_2023,C7,2023,ha,Climate change - Fossil,Pt,2.0,,0.0,1 ha worked,,centrifugal_spreader_singlescore_13.json,0.0,1.0,,0.0,1 ha worked,,combine_harvester_singlescore_16.json,0.0,3.0,,0.0,1 ha worked,,disk_harrow_singlescore_11.json,0.0,1.0,,0.0,1 ha worked,,laser_leveler_singlescore_12.json,0.0,1.0,,0.0,1 ha worked,,rotary_tiller_singlescore_14.json,0.0,1.0,,0.0,1 ha worked,,seeder_singlescore_17.json,0.0,8.0,,0.0,1 ha worked,,sprayer_singlescore_15.json,0.0,0.0
C7_2023,C7,2023,ha,Climate change - Land use and LU change,Pt,2.0,,0.0,1 ha worked,,centrifugal_spreader_singlescore_13.json,0.0,1.0,,0.0,1 ha worked,,combine_harvester_singlescore_16.json,0.0,3.0,,0.0,1 ha worked,,disk_harrow_singlescore_11.json,0.0,1.0,,0.0,1 ha worked,,laser_leveler_singlescore_12.json,0.0,1.0,,0.0,1 ha worked,,rotary_tiller_singlescore_14.json,0.0,1.0,,0.0,1 ha worked,,seeder_singlescore_17.json,0.0,8.0,,0.0,1 ha worked,,sprayer_singlescore_15.json,0.0,0.0
C7_2023,C7,2023,ha,"Ecotoxicity, freshwater",Pt,2.0,,92856.62000000001,1 ha worked,,centrifugal_spreader_singlescore_13.json,185713.24000000002,1.0,,619566.99,1 ha worked,,combine_harvester_singlescore_16.json,619566.99,3.0,,53553.84,1 ha worked,,disk_harrow_singlescore_11.json,160661.52,1.0,,360473.73,1 ha worked,,laser_leveler_singlescore_12.json,360473.73,1.0,,257538.30999999997,1 ha worked,,rotary_tiller_singlescore_14.json,257538.30999999997,1.0,,133625.82,1 ha worked,,seeder_singlescore_17.json,133625.82,8.0,,7323.02,1 ha worked,,sprayer_singlescore_15.json,58584.16,1776163.77
C7_2023,C7,2023,ha,"Ecotoxicity, freshwater - inorganics",Pt,2.0,,0.0,1 ha worked,,centrifugal_spreader_singlescore_13.json,0.0,1.0,,0.0,1 ha worked,,combine_harvester_singlescore_16.json,0.0,3.0,,0.0,1 ha worked,,disk_harrow_singlescore_11.json,0.0,1.0,,0.0,1 ha worked,,laser_leveler_singlescore_12.json,0.0,1.0,,0.0,1 ha worked,,rotary_tiller_singlescore_14.json,0.0,1.0,,0.0,1 ha worked,,seeder_singlescore_17.json,0.0,8.0,,0.0,1 ha worked,,sprayer_singlescore_15.json,0.0,0.0
C7_2023,C7,2023,ha,"Ecotoxicity, freshwater - metals",Pt,2.0,,0.0,1 ha worked,,centrifugal_spreader_singlescore_13.json,0.0,1.0,,0.0,1 ha worked,,combine_harvester_singlescore_16.json,0.0,3.0,,0.0,1 ha worked,,disk_harrow_singlescore_11.json,0.0,1.0,,0.0,1 ha worked,,laser_leveler_singlescore_12.json,0.0,1.0,,0.0,1 ha worked,,rotary_tiller_singlescore_14.json,0.0,1.0,,0.0,1 ha worked,,seeder_singlescore_17.json,0.0,8.0,,0.0,1 ha worked,,sprayer_singlescore_15.json,0.0,0.0
C7_2023,C7,2023,ha,"Ecotoxicity, freshwater - organics",Pt,2.0,,0.0,1 ha worked,,centrifugal_spreader_singlescore_13.json,0.0,1.0,,0.0,1 ha worked,,combine_harvester_singlescore_16.json,0.0,3.0,,0.0,1 ha worked,,disk_harrow_singlescore_11.json,0.0,1.0,,0.0,1 ha worked,,laser_leveler_singlescore_12.json,0.0,1.0,,0.0,1 ha worked,,rotary_tiller_singlescore_14.json,0.0,1.0,,0.0,1 ha worked,,seeder_singlescore_17.json,0.0,8.0,,0.0,1 ha worked,,sprayer_singlescore_15.json,0.0,0.0
C7_2023,C7,2023,ha,"Eutrophication, freshwater",Pt,2.0,,7.1276e-05,1 ha worked,,centrifugal_spreader_singlescore_13.json,0.000142552,1.0,,0.00048615999999999997,1 ha worked,,combine_harvester_singlescore_16.json,0.00048615999999999997,3.0,,3.0076e-05,1 ha worked,,disk_harrow_singlescore_11.json,9.0228e-05,1.0,,0.00026574,1 ha worked,,laser_leveler_singlescore_12.json,0.00026574,1.0,,0.00023895999999999998,1 ha worked,,rotary_tiller_singlescore_14.json,0.00023895999999999998,1.0,,0.00014111,1 ha worked,,seeder_singlescore_17.json,0.00014111,8.0,,5.6032e-06,1 ha worked,,sprayer_singlescore_15.json,4.48256e-05,0.0014095756
C7_2023,C7,2023,ha,"Eutrophication, marine",Pt,2.0,,0.08380000000000001,1 ha worked,,centrifugal_spreader_singlescore_13.json,0.16760000000000003,1.0,,0.610902,1 ha worked,,combine_harvester_singlescore_16.json,0.610902,3.0,,0.0708948,1 ha worked,,disk_harrow_singlescore_11.json,0.2126844,1.0,,0.37207199999999996,1 ha worked,,laser_leveler_singlescore_12.json,0.37207199999999996,1.0,,0.17849399999999999,1 ha worked,,rotary_tiller_singlescore_14.json,0.17849399999999999,1.0,,0.017262800000000002,1 ha worked,,seeder_singlescore_17.json,0.017262800000000002,8.0,,0.005413480000000001,1 ha worked,,sprayer_singlescore_15.json,0.04330784000000001,1.6023230399999997
C7_2023,C7,2023,ha,"Eutrophication, terrestrial",Pt,2.0,,7.227,1 ha worked,,centrifugal_spreader_singlescore_13.json,14.454,1.0,,52.3629,1 ha worked,,combine_harvester_singlescore_16.json,52.3629,3.0,,6.09039,1 ha worked,,disk_harrow_singlescore_11.json,18.27117,1.0,,31.9302,1 ha worked,,laser_leveler_singlescore_12.json,31.9302,1.0,,15.308100000000001,1 ha worked,,rotary_tiller_singlescore_14.json,15.308100000000001,1.0,,1.43226,1 ha worked,,seeder_singlescore_17.json,1.43226,8.0,,0.46252800000000005,1 ha worked,,sprayer_singlescore_15.json,3.7002240000000004,137.458854
C7_2023,C7,2023,ha,"Human toxicity, cancer",Pt,2.0,,1.6072e-14,1 ha worked,,centrifugal_spreader_singlescore_13.json,3.2144e-14,1.0,,1.0988000000000001e-13,1 ha worked,,combine_harvester_singlescore_16.json,1.0988000000000001e-13,3.0,,9.265999999999999e-15,1 ha worked,,disk_harrow_singlescore_11.json,2.7797999999999996e-14,1.0,,8.446e-14,1 ha worked,,laser_leveler_singlescore_12.json,8.446e-14,1.0,,9.348e-14,1 ha worked,,rotary_tiller_singlescore_14.json,9.348e-14,1.0,,4.5428e-14,1 ha worked,,seeder_singlescore_17.json,4.5428e-14,8.0,,1.5661999999999999e-15,1 ha worked,,sprayer_singlescore_15.json,1.2529599999999999e-14,4.057196000000001e-13
C7_2023,C7,2023,ha,"Human toxicity, cancer - inorganics",Pt,2.0,,0.0,1 ha worked,,centrifugal_spreader_singlescore_13.json,0.0,1.0,,0.0,1 ha worked,,combine_harvester_singlescore_16.json,0.0,3.0,,0.0,1 ha worked,,disk_harrow_singlescore_11.json,0.0,1.0,,0.0,1 ha worked,,laser_leveler_singlescore_12.json,0.0,1.0,,0.0,1 ha worked,,rotary_tiller_singlescore_14.json,0.0,1.0,,0.0,1 ha worked,,seeder_singlescore_17.json,0.0,8.0,,0.0,1 ha worked,,sprayer_singlescore_15.json,0.0,0.0
C7_2023,C7,2023,ha,"Human toxicity, cancer - metals",Pt,2.0,,0.0,1 ha worked,,centrifugal_spreader_singlescore_13.json,0.0,1.0,,0.0,1 ha worked,,combine_harvester_singlescore_16.json,0.0,3.0,,0.0,1 ha worked,,disk_harrow_singlescore_11.json,0.0,1.0,,0.0,1 ha worked,,laser_leveler_singlescore_12.json,0.0,1.0,,0.0,1 ha worked,,rotary_tiller_singlescore_14.json,0.0,1.0,,0.0,1 ha worked,,seeder_singlescore_17.json,0.0,8.0,,0.0,1 ha worked,,sprayer_singlescore_15.json,0.0,0.0
C7_2023,C7,2023,ha,"Human toxicity, cancer - organics",Pt,2.0,,0.0,1 ha worked,,centrifugal_spreader_singlescore_13.json,0.0,1.0,,0.0,1 ha worked,,combine_harvester_singlescore_16.json,0.0,3.0,,0.0,1 ha worked,,disk_harrow_singlescore_11.json,0.0,1.0,,0.0,1 ha worked,,laser_leveler_singlescore_12.json,0.0,1.0,,0.0,1 ha worked,,rotary_tiller_singlescore_14.json,0.0,1.0,,0.0,1 ha worked,,seeder_singlescore_17.json,0.0,8.0,,0.0,1 ha worked,,sprayer_singlescore_15.json,0.0,0.0
C7_2023,C7,2023,ha,"Human toxicity, non-cancer",Pt,2.0,,5.2352599999999984e-12,1 ha worked,,centrifugal_spreader_singlescore_13.json,1.0470519999999997e-11,1.0,,3.0240399999999995e-11,1 ha worked,,combine_harvester_singlescore_16.json,3.0240399999999995e-11,3.0,,7.796079999999999e-12,1 ha worked,,disk_harrow_singlescore_11.json,2.3388239999999995e-11,1.0,,1.748e-11,1 ha worked,,laser_leveler_singlescore_12.json,1.748e-11,1.0,,1.1973799999999998e-11,1 ha worked,,rotary_tiller_singlescore_14.json,1.1973799999999998e-11,1.0,,9.351799999999999e-12,1 ha worked,,seeder_singlescore_17.json,9.351799999999999e-12,8.0,,1.1099799999999999e-12,1 ha worked,,sprayer_singlescore_15.json,8.879839999999999e-12,1.117846e-10
C7_2023,C7,2023,ha,"Human toxicity, non-cancer - inorganics",Pt,2.0,,0.0,1 ha worked,,centrifugal_spreader_singlescore_13.json,0.0,1.0,,0.0,1 ha worked,,combine_harvester_singlescore_16.json,0.0,3.0,,0.0,1 ha worked,,disk_harrow_singlescore_11.json,0.0,1.0,,0.0,1 ha worked,,laser_leveler_singlescore_12.json,0.0,1.0,,0.0,1 ha worked,,rotary_tiller_singlescore_14.json,0.0,1.0,,0.0,1 ha worked,,seeder_singlescore_17.json,0.0,8.0,,0.0,1 ha worked,,sprayer_singlescore_15.json,0.0,0.0
C7_2023,C7,2023,ha,"Human toxicity, non-cancer - metals",Pt,2.0,,0.0,1 ha worked,,centrifugal_spreader_singlescore_13.json,0.0,1.0,,0.0,1 ha worked,,combine_harvester_singlescore_16.json,0.0,3.0,,0.0,1 ha worked,,disk_harrow_singlescore_11.json,0.0,1.0,,0.0,1 ha worked,,laser_leveler_singlescore_12.json,0.0,1.0,,0.0,1 ha worked,,rotary_tiller_singlescore_14.json,0.0,1.0,,0.0,1 ha worked,,seeder_singlescore_17.json,0.0,8.0,,0.0,1 ha worked,,sprayer_singlescore_15.json,0.0,0.0
C7_2023,C7,2023,ha,"Human toxicity, non-cancer - organics",Pt,2.0,,0.0,1 ha worked,,centrifugal_spreader_singlescore_13.json,0.0,1.0,,0.0,1 ha worked,,combine_harvester_singlescore_16.json,0.0,3.0,,0.0,1 ha worked,,disk_harrow_singlescore_11.json,0.0,1.0,,0.0,1 ha worked,,laser_leveler_singlescore_12.json,0.0,1.0,,0.0,1 ha worked,,rotary_tiller_singlescore_14.json,0.0,1.0,,0.0,1 ha worked,,seeder_singlescore_17.json,0.0,8.0,,0.0,1 ha worked,,sprayer_singlescore_15.json,0.0,0.0
C7_2023,C7,2023,ha,Ionising radiation,Pt,2.0,,362.9200000000001,1 ha worked,,centrifugal_spreader_singlescore_13.json,725.8400000000001,1.0,,2213.39,1 ha worked,,combine_harvester_singlescore_16.json,2213.39,3.0,,267.96999999999997,1 ha worked,,disk_harrow_singlescore_11.json,803.9099999999999,1.0,,1664.79,1 ha worked,,laser_leveler_singlescore_12.json,1664.79,1.0,,911.52,1 ha worked,,rotary_tiller_singlescore_14.json,911.52,1.0,,369.25,1 ha worked,,seeder_singlescore_17.json,369.25,8.0,,24.264999999999997,1 ha worked,,sprayer_singlescore_15.json,194.11999999999998,6882.820000000001
C7_2023,C7,2023,ha,Land use,Pt,2.0,,16120529.999999998,1 ha worked,,centrifugal_spreader_singlescore_13.json,32241059.999999996,1.0,,88815540.0,1 ha worked,,combine_harvester_singlescore_16.json,88815540.0,3.0,,15266940.0,1 ha worked,,disk_harrow_singlescore_11.json,45800820.0,1.0,,71172090.0,1 ha worked,,laser_leveler_singlescore_12.json,71172090.0,1.0,,46409100.0,1 ha worked,,rotary_tiller_singlescore_14.json,46409100.0,1.0,,18753450.0,1 ha worked,,seeder_singlescore_17.json,18753450.0,8.0,,11114430.0,1 ha worked,,sprayer_singlescore_15.json,88915440.0,392107500.0
C7_2023,C7,2023,ha,Ozone depletion,Pt,2.0,,7.3408e-09,1 ha worked,,centrifugal_spreader_singlescore_13.json,1.46816e-08,1.0,,4.4843999999999994e-08,1 ha worked,,combine_harvester_singlescore_16.json,4.4843999999999994e-08,3.0,,6.1716e-09,1 ha worked,,disk_harrow_singlescore_11.json,1.85148e-08,1.0,,3.1524e-08,1 ha worked,,laser_leveler_singlescore_12.json,3.1524e-08,1.0,,1.47556e-08,1 ha worked,,rotary_tiller_singlescore_14.json,1.47556e-08,1.0,,5.209600000000001e-09,1 ha worked,,seeder_singlescore_17.json,5.209600000000001e-09,8.0,,4.765600000000001e-10,1 ha worked,,sprayer_singlescore_15.json,3.8124800000000005e-09,1.3334208e-07
C7_2023,C7,2023,ha,Particulate matter,Pt,2.0,,5.4204899999999996e-11,1 ha worked,,centrifugal_spreader_singlescore_13.json,1.0840979999999999e-10,1.0,,3.4657700000000003e-10,1 ha worked,,combine_harvester_singlescore_16.json,3.4657700000000003e-10,3.0,,4.00589e-11,1 ha worked,,disk_harrow_singlescore_11.json,1.201767e-10,1.0,,2.3533799999999997e-10,1 ha worked,,laser_leveler_singlescore_12.json,2.3533799999999997e-10,1.0,,1.7875400000000004e-10,1 ha worked,,rotary_tiller_singlescore_14.json,1.7875400000000004e-10,1.0,,9.130600000000001e-11,1 ha worked,,seeder_singlescore_17.json,9.130600000000001e-11,8.0,,7.844600000000002e-12,1 ha worked,,sprayer_singlescore_15.json,6.275680000000001e-11,1.1433183e-09
C7_2023,C7,2023,ha,Photochemical ozone formation,Pt,2.0,,0.5917,1 ha worked,,centrifugal_spreader_singlescore_13.json,1.1834,1.0,,4.268,1 ha worked,,combine_harvester_singlescore_16.json,4.268,3.0,,0.48305999999999993,1 ha worked,,disk_harrow_singlescore_11.json,1.4491799999999997,1.0,,2.5802,1 ha worked,,laser_leveler_singlescore_12.json,2.5802,1.0,,1.2998,1 ha worked,,rotary_tiller_singlescore_14.json,1.2998,1.0,,0.20757999999999996,1 ha worked,,seeder_singlescore_17.json,0.20757999999999996,8.0,,0.037635999999999996,1 ha worked,,sprayer_singlescore_15.json,0.30108799999999997,11.289247999999999
C7_2023,C7,2023,ha,"Resource use, fossils",Pt,2.0,,1940138.9999999998,1 ha worked,,centrifugal_spreader_singlescore_13.json,3880277.9999999995,1.0,,11808458.1,1 ha worked,,combine_harvester_singlescore_16.json,11808458.1,3.0,,1486788.3,1 ha worked,,disk_harrow_singlescore_11.json,4460364.9,1.0,,8854809.6,1 ha worked,,laser_leveler_singlescore_12.json,8854809.6,1.0,,4686307.2,1 ha worked,,rotary_tiller_singlescore_14.json,4686307.2,1.0,,1833385.2000000002,1 ha worked,,seeder_singlescore_17.json,1833385.2000000002,8.0,,127767.9,1 ha worked,,sprayer_singlescore_15.json,1022143.2,36545746.20000001
C7_2023,C7,2023,ha,"Resource use, minerals and metals",Pt,2.0,,1.5072e-06,1 ha worked,,centrifugal_spreader_singlescore_13.json,3.0144e-06,1.0,,1.2384e-05,1 ha worked,,combine_harvester_singlescore_16.json,1.2384e-05,3.0,,6.095999999999998e-07,1 ha worked,,disk_harrow_singlescore_11.json,1.8287999999999995e-06,1.0,,4.4015999999999995e-06,1 ha worked,,laser_leveler_singlescore_12.json,4.4015999999999995e-06,1.0,,2.976e-06,1 ha worked,,rotary_tiller_singlescore_14.json,2.976e-06,1.0,,1.7759999999999998e-06,1 ha worked,,seeder_singlescore_17.json,1.7759999999999998e-06,8.0,,1.3968e-07,1 ha worked,,sprayer_singlescore_15.json,1.11744e-06,2.749824e-05
C7_2023,C7,2023,ha,Total,Pt,2.0,,18203540.602892786,1 ha worked,,centrifugal_spreader_singlescore_13.json,36407081.20578557,1.0,,101551998.37990059,1 ha worked,,combine_harvester_singlescore_16.json,101551998.37990059,3.0,,16844590.994255494,1 ha worked,,disk_harrow_singlescore_11.json,50533772.98276648,1.0,,80616648.64674218,1 ha worked,,laser_leveler_singlescore_12.json,80616648.64674218,1.0,,51483431.65711595,1 ha worked,,rotary_tiller_singlescore_14.json,51483431.65711595,1.0,,20774237.986285694,1 ha worked,,seeder_singlescore_17.json,20774237.986285694,8.0,,11253191.91303122,1 ha worked,,sprayer_singlescore_15.json,90025535.30424976,431392706.1628462
C7_2023,C7,2023,ha,Water use,Pt,2.0,,2065.69,1 ha worked,,centrifugal_spreader_singlescore_13.json,4131.38,1.0,,12531.2,1 ha worked,,combine_harvester_singlescore_16.json,12531.2,3.0,,837.045,1 ha worked,,disk_harrow_singlescore_11.json,2511.1349999999998,1.0,,7773.259999999999,1 ha worked,,laser_leveler_singlescore_12.json,7773.259999999999,1.0,,6275.389999999999,1 ha worked,,rotary_tiller_singlescore_14.json,6275.389999999999,1.0,,3367.76,1 ha worked,,seeder_singlescore_17.json,3367.76,8.0,,230.065,1 ha worked,,sprayer_singlescore_15.json,1840.52,38430.645
C7_2024,C7,2024,ha,Acidification,Pt,2.6961178046,,0.8703199999999999,1 ha worked,,centrifugal_spreader_singlescore_13.json,2.3464852476994715,1.0,,6.1575999999999995,1 ha worked,,combine_harvester_singlescore_16.json,6.1575999999999995,6.0,,0.6948799999999999,1 ha worked,,disk_harrow_singlescore_11.json,4.16928,2.0,,3.784,1 ha worked,,laser_leveler_singlescore_12.json,7.568,2.0,,1.95048,1 ha worked,,rotary_tiller_singlescore_14.json,3.90096,1.0,,0.39904,1 ha worked,,seeder_singlescore_17.json,0.39904,5.4042838019,,0.057448000000000006,1 ha worked,,sprayer_singlescore_15.json,0.31046529585155125,24.85183054355102
C7_2024,C7,2024,ha,Climate change,Pt,2.6961178046,,47577.59999999999,1 ha worked,,centrifugal_spreader_singlescore_13.json,128274.81446013694,1.0,,293625.3,1 ha worked,,combine_harvester_singlescore_16.json,293625.3,6.0,,36196.5,1 ha worked,,disk_harrow_singlescore_11.json,217179.0,2.0,,219798.59999999998,1 ha worked,,laser_leveler_singlescore_12.json,439597.19999999995,2.0,,123280.5,1 ha worked,,rotary_tiller_singlescore_14.json,246561.0,1.0,,50037.9,1 ha worked,,seeder_singlescore_17.json,50037.9,5.4042838019,,3416.1000000000004,1 ha worked,,sprayer_singlescore_15.json,18461.573895670594,1393736.7883558075
C7_2024,C7,2024,ha,Climate change - Biogenic,Pt,2.6961178046,,0.0,1 ha worked,,centrifugal_spreader_singlescore_13.json,0.0,1.0,,0.0,1 ha worked,,combine_harvester_singlescore_16.json,0.0,6.0,,0.0,1 ha worked,,disk_harrow_singlescore_11.json,0.0,2.0,,0.0,1 ha worked,,laser_leveler_singlescore_12.json,0.0,2.0,,0.0,1 ha worked,,rotary_tiller_singlescore_14.json,0.0,1.0,,0.0,1 ha worked,,seeder_singlescore_17.json,0.0,5.4042838019,,0.0,1 ha worked,,sprayer_singlescore_15.json,0.0,0.0
C7_2024,C7,2024,ha,Climate change - Fossil,Pt,2.6961178046,,0.0,1 ha worked,,centrifugal_spreader_singlescore_13.json,0.0,1.0,,0.0,1 ha worked,,combine_harvester_singlescore_16.json,0.0,6.0,,0.0,1 ha worked,,disk_harrow_singlescore_11.json,0.0,2.0,,0.0,1 ha worked,,laser_leveler_singlescore_12.json,0.0,2.0,,0.0,1 ha worked,,rotary_tiller_singlescore_14.json,0.0,1.0,,0.0,1 ha worked,,seeder_singlescore_17.json,0.0,5.4042838019,,0.0,1 ha worked,,sprayer_singlescore_15.json,0.0,0.0
C7_2024,C7,2024,ha,Climate change - Land use and LU change,Pt,2.6961178046,,0.0,1 ha worked,,centrifugal_spreader_singlescore_13.json,0.0,1.0,,0.0,1 ha worked,,combine_harvester_singlescore_16.json,0.0,6.0,,0.0,1 ha worked,,disk_harrow_singlescore_11.json,0.0,2.0,,0.0,1 ha worked,,laser_leveler_singlescore_12.json,0.0,2.0,,0.0,1 ha worked,,rotary_tiller_singlescore_14.json,0.0,1.0,,0.0,1 ha worked,,seeder_singlescore_17.json,0.0,5.4042838019,,0.0,1 ha worked,,sprayer_singlescore_15.json,0.0,0.0
C7_2024,C7,2024,ha,"Ecotoxicity, freshwater",Pt,2.6961178046,,92856.62000000001,1 ha worked,,centrifugal_spreader_singlescore_13.json,250352.38645697647,1.0,,619566.99,1 ha worked,,combine_harvester_singlescore_16.json,619566.99,6.0,,53553.84,1 ha worked,,disk_harrow_singlescore_11.json,321323.04,2.0,,360473.73,1 ha worked,,laser_leveler_singlescore_12.json,720947.46,2.0,,257538.30999999997,1 ha worked,,rotary_tiller_singlescore_14.json,515076.61999999994,1.0,,133625.82,1 ha worked,,seeder_singlescore_17.json,133625.82,5.4042838019,,7323.02,1 ha worked,,sprayer_singlescore_15.json,39575.67836698974,2600467.994823966
C7_2024,C7,2024,ha,"Ecotoxicity, freshwater - inorganics",Pt,2.6961178046,,0.0,1 ha worked,,centrifugal_spreader_singlescore_13.json,0.0,1.0,,0.0,1 ha worked,,combine_harvester_singlescore_16.json,0.0,6.0,,0.0,1 ha worked,,disk_harrow_singlescore_11.json,0.0,2.0,,0.0,1 ha worked,,laser_leveler_singlescore_12.json,0.0,2.0,,0.0,1 ha worked,,rotary_tiller_singlescore_14.json,0.0,1.0,,0.0,1 ha worked,,seeder_singlescore_17.json,0.0,5.4042838019,,0.0,1 ha worked,,sprayer_singlescore_15.json,0.0,0.0
C7_2024,C7,2024,ha,"Ecotoxicity, freshwater - metals",Pt,2.6961178046,,0.0,1 ha worked,,centrifugal_spreader_singlescore_13.json,0.0,1.0,,0.0,1 ha worked,,combine_harvester_singlescore_16.json,0.0,6.0,,0.0,1 ha worked,,disk_harrow_singlescore_11.json,0.0,2.0,,0.0,1 ha worked,,laser_leveler_singlescore_12.json,0.0,2.0,,0.0,1 ha worked,,rotary_tiller_singlescore_14.json,0.0,1.0,,0.0,1 ha worked,,seeder_singlescore_17.json,0.0,5.4042838019,,0.0,1 ha worked,,sprayer_singlescore_15.json,0.0,0.0
C7_2024,C7,2024,ha,"Ecotoxicity, freshwater - organics",Pt,2.6961178046,,0.0,1 ha worked,,centrifugal_spreader_singlescore_13.json,0.0,1.0,,0.0,1 ha worked,,combine_harvester_singlescore_16.json,0.0,6.0,,0.0,1 ha worked,,disk_harrow_singlescore_11.json,0.0,2.0,,0.0,1 ha worked,,laser_leveler_singlescore_12.json,0.0,2.0,,0.0,1 ha worked,,rotary_tiller_singlescore_14.json,0.0,1.0,,0.0,1 ha worked,,seeder_singlescore_17.json,0.0,5.4042838019,,0.0,1 ha worked,,sprayer_singlescore_15.json,0.0,0.0
C7_2024,C7,2024,ha,"Eutrophication, freshwater",Pt,2.6961178046,,7.1276e-05,1 ha worked,,centrifugal_spreader_singlescore_13.json,0.0001921684926406696,1.0,,0.00048615999999999997,1 ha worked,,combine_harvester_singlescore_16.json,0.00048615999999999997,6.0,,3.0076e-05,1 ha worked,,disk_harrow_singlescore_11.json,0.000180456,2.0,,0.00026574,1 ha worked,,laser_leveler_singlescore_12.json,0.00053148,2.0,,0.00023895999999999998,1 ha worked,,rotary_tiller_singlescore_14.json,0.00047791999999999995,1.0,,0.00014111,1 ha worked,,seeder_singlescore_17.json,0.00014111,5.4042838019,,5.6032e-06,1 ha worked,,sprayer_singlescore_15.json,3.028128299880608e-05,0.0020395757756394755
C7_2024,C7,2024,ha,"Eutrophication, marine",Pt,2.6961178046,,0.08380000000000001,1 ha worked,,centrifugal_spreader_singlescore_13.json,0.22593467202548004,1.0,,0.610902,1 ha worked,,combine_harvester_singlescore_16.json,0.610902,6.0,,0.0708948,1 ha worked,,disk_harrow_singlescore_11.json,0.4253688,2.0,,0.37207199999999996,1 ha worked,,laser_leveler_singlescore_12.json,0.7441439999999999,2.0,,0.17849399999999999,1 ha worked,,rotary_tiller_singlescore_14.json,0.35698799999999997,1.0,,0.017262800000000002,1 ha worked,,seeder_singlescore_17.json,0.017262800000000002,5.4042838019,,0.005413480000000001,1 ha worked,,sprayer_singlescore_15.json,0.029255982275909618,2.4098562543013893
C7_2024,C7,2024,ha,"Eutrophication, terrestrial",Pt,2.6961178046,,7.227,1 ha worked,,centrifugal_spreader_singlescore_13.json,19.4848433738442,1.0,,52.3629,1 ha worked,,combine_harvester_singlescore_16.json,52.3629,6.0,,6.09039,1 ha worked,,disk_harrow_singlescore_11.json,36.54234,2.0,,31.9302,1 ha worked,,laser_leveler_singlescore_12.json,63.8604,2.0,,15.308100000000001,1 ha worked,,rotary_tiller_singlescore_14.json,30.616200000000003,1.0,,1.43226,1 ha worked,,seeder_singlescore_17.json,1.43226,5.4042838019,,0.46252800000000005,1 ha worked,,sprayer_singlescore_15.json,2.4996325783252034,206.7985759521694
C7_2024,C7,2024,ha,"Human toxicity, cancer",Pt,2.6961178046,,1.6072e-14,1 ha worked,,centrifugal_spreader_singlescore_13.json,4.3332005355531206e-14,1.0,,1.0988000000000001e-13,1 ha worked,,combine_harvester_singlescore_16.json,1.0988000000000001e-13,6.0,,9.265999999999999e-15,1 ha worked,,disk_harrow_singlescore_11.json,5.559599999999999e-14,2.0,,8.446e-14,1 ha worked,,laser_leveler_singlescore_12.json,1.6892e-13,2.0,,9.348e-14,1 ha worked,,rotary_tiller_singlescore_14.json,1.8696e-13,1.0,,4.5428e-14,1 ha worked,,seeder_singlescore_17.json,4.5428e-14,5.4042838019,,1.5661999999999999e-15,1 ha worked,,sprayer_singlescore_15.json,8.46418929053578e-15,6.185801946460669e-13
C7_2024,C7,2024,ha,"Human toxicity, cancer - inorganics",Pt,2.6961178046,,0.0,1 ha worked,,centrifugal_spreader_singlescore_13.json,0.0,1.0,,0.0,1 ha worked,,combine_harvester_singlescore_16.json,0.0,6.0,,0.0,1 ha worked,,disk_harrow_singlescore_11.json,0.0,2.0,,0.0,1 ha worked,,laser_leveler_singlescore_12.json,0.0,2.0,,0.0,1 ha worked,,rotary_tiller_singlescore_14.json,0.0,1.0,,0.0,1 ha worked,,seeder_singlescore_17.json,0.0,5.4042838019,,0.0,1 ha worked,,sprayer_singlescore_15.json,0.0,0.0
C7_2024,C7,2024,ha,"Human toxicity, cancer - metals",Pt,2.6961178046,,0.0,1 ha worked,,centrifugal_spreader_singlescore_13.json,0.0,1.0,,0.0,1 ha worked,,combine_harvester_singlescore_16.json,0.0,6.0,,0.0,1 ha worked,,disk_harrow_singlescore_11.json,0.0,2.0,,0.0,1 ha worked,,laser_leveler_singlescore_12.json,0.0,2.0,,0.0,1 ha worked,,rotary_tiller_singlescore_14.json,0.0,1.0,,0.0,1 ha worked,,seeder_singlescore_17.json,0.0,5.4042838019,,0.0,1 ha worked,,sprayer_singlescore_15.json,0.0,0.0
C7_2024,C7,2024,ha,"Human toxicity, cancer - organics",Pt,2.6961178046,,0.0,1 ha worked,,centrifugal_spreader_singlescore_13.json,0.0,1.0,,0.0,1 ha worked,,combine_harvester_singlescore_16.json,0.0,6.0,,0.0,1 ha worked,,disk_harrow_singlescore_11.json,0.0,2.0,,0.0,1 ha worked,,laser_leveler_singlescore_12.json,0.0,2.0,,0.0,1 ha worked,,rotary_tiller_singlescore_14.json,0.0,1.0,,0.0,1 ha worked,,seeder_singlescore_17.json,0.0,5.4042838019,,0.0,1 ha worked,,sprayer_singlescore_15.json,0.0,0.0
C7_2024,C7,2024,ha,"Human toxicity, non-cancer",Pt,2.6961178046,,5.2352599999999984e-12,1 ha worked,,centrifugal_spreader_singlescore_13.json,1.4114877697710193e-11,1.0,,3.0240399999999995e-11,1 ha worked,,combine_harvester_singlescore_16.json,3.0240399999999995e-11,6.0,,7.796079999999999e-12,1 ha worked,,disk_harrow_singlescore_11.json,4.677647999999999e-11,2.0,,1.748e-11,1 ha worked,,laser_leveler_singlescore_12.json,3.496e-11,2.0,,1.1973799999999998e-11,1 ha worked,,rotary_tiller_singlescore_14.json,2.3947599999999996e-11,1.0,,9.351799999999999e-12,1 ha worked,,seeder_singlescore_17.json,9.351799999999999e-12,5.4042838019,,1.1099799999999999e-12,1 ha worked,,sprayer_singlescore_15.json,5.998646934432961e-12,1.6538980463214313e-10
C7_2024,C7,2024,ha,"Human toxicity, non-cancer - inorganics",Pt,2.6961178046,,0.0,1 ha worked,,centrifugal_spreader_singlescore_13.json,0.0,1.0,,0.0,1 ha worked,,combine_harvester_singlescore_16.json,0.0,6.0,,0.0,1 ha worked,,disk_harrow_singlescore_11.json,0.0,2.0,,0.0,1 ha worked,,laser_leveler_singlescore_12.json,0.0,2.0,,0.0,1 ha worked,,rotary_tiller_singlescore_14.json,0.0,1.0,,0.0,1 ha worked,,seeder_singlescore_17.json,0.0,5.4042838019,,0.0,1 ha worked,,sprayer_singlescore_15.json,0.0,0.0
C7_2024,C7,2024,ha,"Human toxicity, non-cancer - metals",Pt,2.6961178046,,0.0,1 ha worked,,centrifugal_spreader_singlescore_13.json,0.0,1.0,,0.0,1 ha worked,,combine_harvester_singlescore_16.json,0.0,6.0,,0.0,1 ha worked,,disk_harrow_singlescore_11.json,0.0,2.0,,0.0,1 ha worked,,laser_leveler_singlescore_12.json,0.0,2.0,,0.0,1 ha worked,,rotary_tiller_singlescore_14.json,0.0,1.0,,0.0,1 ha worked,,seeder_singlescore_17.json,0.0,5.4042838019,,0.0,1 ha worked,,sprayer_singlescore_15.json,0.0,0.0
C7_2024,C7,2024,ha,"Human toxicity, non-cancer - organics",Pt,2.6961178046,,0.0,1 ha worked,,centrifugal_spreader_singlescore_13.json,0.0,1.0,,0.0,1 ha worked,,combine_harvester_singlescore_16.json,0.0,6.0,,0.0,1 ha worked,,disk_harrow_singlescore_11.json,0.0,2.0,,0.0,1 ha worked,,laser_leveler_singlescore_12.json,0.0,2.0,,0.0,1 ha worked,,rotary_tiller_singlescore_14.json,0.0,1.0,,0.0,1 ha worked,,seeder_singlescore_17.json,0.0,5.4042838019,,0.0,1 ha worked,,sprayer_singlescore_15.json,0.0,0.0
C7_2024,C7,2024,ha,Ionising radiation,Pt,2.6961178046,,362.9200000000001,1 ha worked,,centrifugal_spreader_singlescore_13.json,978.4750736454322,1.0,,2213.39,1 ha worked,,combine_harvester_singlescore_16.json,2213.39,6.0,,267.96999999999997,1 ha worked,,disk_harrow_singlescore_11.json,1607.8199999999997,2.0,,1664.79,1 ha worked,,laser_leveler_singlescore_12.json,3329.58,2.0,,911.52,1 ha worked,,rotary_tiller_singlescore_14.json,1823.04,1.0,,369.25,1 ha worked,,seeder_singlescore_17.json,369.25,5.4042838019,,24.264999999999997,1 ha worked,,sprayer_singlescore_15.json,131.13494645310348,10452.690020098535
C7_2024,C7,2024,ha,Land use,Pt,2.6961178046,,16120529.999999998,1 ha worked,,centrifugal_spreader_singlescore_13.json,43462847.95258843,1.0,,88815540.0,1 ha worked,,combine_harvester_singlescore_16.json,88815540.0,6.0,,15266940.0,1 ha worked,,disk_harrow_singlescore_11.json,91601640.0,2.0,,71172090.0,1 ha worked,,laser_leveler_singlescore_12.json,142344180.0,2.0,,46409100.0,1 ha worked,,rotary_tiller_singlescore_14.json,92818200.0,1.0,,18753450.0,1 ha worked,,seeder_singlescore_17.json,18753450.0,5.4042838019,,11114430.0,1 ha worked,,sprayer_singlescore_15.json,60065534.01635142,537861391.9689399
C7_2024,C7,2024,ha,Ozone depletion,Pt,2.6961178046,,7.3408e-09,1 ha worked,,centrifugal_spreader_singlescore_13.json,1.979166158000768e-08,1.0,,4.4843999999999994e-08,1 ha worked,,combine_harvester_singlescore_16.json,4.4843999999999994e-08,6.0,,6.1716e-09,1 ha worked,,disk_harrow_singlescore_11.json,3.70296e-08,2.0,,3.1524e-08,1 ha worked,,laser_leveler_singlescore_12.json,6.3048e-08,2.0,,1.47556e-08,1 ha worked,,rotary_tiller_singlescore_14.json,2.95112e-08,1.0,,5.209600000000001e-09,1 ha worked,,seeder_singlescore_17.json,5.209600000000001e-09,5.4042838019,,4.765600000000001e-10,1 ha worked,,sprayer_singlescore_15.json,2.5754654886334645e-09,2.0200952706864114e-07
C7_2024,C7,2024,ha,Particulate matter,Pt,2.6961178046,,5.4204899999999996e-11,1 ha worked,,centrifugal_spreader_singlescore_13.json,1.4614279598656254e-10,1.0,,3.4657700000000003e-10,1 ha worked,,combine_harvester_singlescore_16.json,3.4657700000000003e-10,6.0,,4.00589e-11,1 ha worked,,disk_harrow_singlescore_11.json,2.403534e-10,2.0,,2.3533799999999997e-10,1 ha worked,,laser_leveler_singlescore_12.json,4.706759999999999e-10,2.0,,1.7875400000000004e-10,1 ha worked,,rotary_tiller_singlescore_14.json,3.575080000000001e-10,1.0,,9.130600000000001e-11,1 ha worked,,seeder_singlescore_17.json,9.130600000000001e-11,5.4042838019,,7.844600000000002e-12,1 ha worked,,sprayer_singlescore_15.json,4.239444471238475e-11,1.6949576406989473e-09
C7_2024,C7,2024,ha,Photochemical ozone formation,Pt,2.6961178046,,0.5917,1 ha worked,,centrifugal_spreader_singlescore_13.json,1.59529290498182,1.0,,4.268,1 ha worked,,combine_harvester_singlescore_16.json,4.268,6.0,,0.48305999999999993,1 ha worked,,disk_harrow_singlescore_11.json,2.8983599999999994,2.0,,2.5802,1 ha worked,,laser_leveler_singlescore_12.json,5.1604,2.0,,1.2998,1 ha worked,,rotary_tiller_singlescore_14.json,2.5996,1.0,,0.20757999999999996,1 ha worked,,seeder_singlescore_17.json,0.20757999999999996,5.4042838019,,0.037635999999999996,1 ha worked,,sprayer_singlescore_15.json,0.2033956251683084,16.932628530150126
C7_2024,C7,2024,ha,"Resource use, fossils",Pt,2.6961178046,,1940138.9999999998,1 ha worked,,centrifugal_spreader_singlescore_13.json,5230843.301298839,1.0,,11808458.1,1 ha worked,,combine_harvester_singlescore_16.json,11808458.1,6.0,,1486788.3,1 ha worked,,disk_harrow_singlescore_11.json,8920729.8,2.0,,8854809.6,1 ha worked,,laser_leveler_singlescore_12.json,17709619.2,2.0,,4686307.2,1 ha worked,,rotary_tiller_singlescore_14.json,9372614.4,1.0,,1833385.2000000002,1 ha worked,,seeder_singlescore_17.json,1833385.2000000002,5.4042838019,,127767.9,1 ha worked,,sprayer_singlescore_15.json,690493.992372779,55566143.99367162
C7_2024,C7,2024,ha,"Resource use, minerals and metals",Pt,2.6961178046,,1.5072e-06,1 ha worked,,centrifugal_spreader_singlescore_13.json,4.06358875509312e-06,1.0,,1.2384e-05,1 ha worked,,combine_harvester_singlescore_16.json,1.2384e-05,6.0,,6.095999999999998e-07,1 ha worked,,disk_harrow_singlescore_11.json,3.657599999999999e-06,2.0,,4.4015999999999995e-06,1 ha worked,,laser_leveler_singlescore_12.json,8.803199999999999e-06,2.0,,2.976e-06,1 ha worked,,rotary_tiller_singlescore_14.json,5.952e-06,1.0,,1.7759999999999998e-06,1 ha worked,,seeder_singlescore_17.json,1.7759999999999998e-06,5.4042838019,,1.3968e-07,1 ha worked,,sprayer_singlescore_15.json,7.54870361449392e-07,3.739125911654251e-05
C7_2024,C7,2024,ha,Total,Pt,2.6961178046,,18203540.602892786,1 ha worked,,centrifugal_spreader_singlescore_13.json,49078889.926218264,1.0,,101551998.37990059,1 ha worked,,combine_harvester_singlescore_16.json,101551998.37990059,6.0,,16844590.994255494,1 ha worked,,disk_harrow_singlescore_11.json,101067545.96553296,2.0,,80616648.64674218,1 ha worked,,laser_leveler_singlescore_12.json,161233297.29348436,2.0,,51483431.65711595,1 ha worked,,rotary_tiller_singlescore_14.json,102966863.3142319,1.0,,20774237.986285694,1 ha worked,,seeder_singlescore_17.json,20774237.986285694,5.4042838019,,11253191.91303122,1 ha worked,,sprayer_singlescore_15.json,60815442.7752667,597488275.6409204
C7_2024,C7,2024,ha,Water use,Pt,2.6961178046,,2065.69,1 ha worked,,centrifugal_spreader_singlescore_13.json,5569.343587784174,1.0,,12531.2,1 ha worked,,combine_harvester_singlescore_16.json,12531.2,6.0,,837.045,1 ha worked,,disk_harrow_singlescore_11.json,5022.2699999999995,2.0,,7773.259999999999,1 ha worked,,laser_leveler_singlescore_12.json,15546.519999999999,2.0,,6275.389999999999,1 ha worked,,rotary_tiller_singlescore_14.json,12550.779999999999,1.0,,3367.76,1 ha worked,,seeder_singlescore_17.json,3367.76,5.4042838019,,230.065,1 ha worked,,sprayer_singlescore_15.json,1243.3365528841234,55831.2101406683
C8_2022,C8,2022,ha,Acidification,Pt,3.2143347051,,0.8703199999999999,1 ha worked,,centrifugal_spreader_singlescore_13.json,2.7974997805426316,1.0,,6.1575999999999995,1 ha worked,,combine_harvester_singlescore_16.json,6.1575999999999995,3.0,,0.6948799999999999,1 ha worked,,disk_harrow_singlescore_11.json,2.08464,1.0,,3.784,1 ha worked,,laser_leveler_singlescore_12.json,3.784,0.0,,1.95048,1 ha worked,,rotary_tiller_singlescore_14.json,0.0,0.0,,0.39904,1 ha worked,,seeder_singlescore_17.json,0.0,7.3148148148,,0.057448000000000006,1 ha worked,,sprayer_singlescore_15.json,0.42022148148063043,15.243961262023262
C8_2022,C8,2022,ha,Climate change,Pt,3.2143347051,,47577.59999999999,1 ha worked,,centrifugal_spreader_singlescore_13.json,152930.33086536574,1.0,,293625.3,1 ha worked,,combine_harvester_singlescore_16.json,293625.3,3.0,,36196.5,1 ha worked,,disk_harrow_singlescore_11.json,108589.5,1.0,,219798.59999999998,1 ha worked,,laser_leveler_singlescore_12.json,219798.59999999998,0.0,,123280.5,1 ha worked,,rotary_tiller_singlescore_14.json,0.0,0.0,,50037.9,1 ha worked,,seeder_singlescore_17.json,0.0,7.3148148148,,3416.1000000000004,1 ha worked,,sprayer_singlescore_15.json,24988.138888838283,799931.869754204
C8_2022,C8,2022,ha,Climate change - Biogenic,Pt,3.2143347051,,0.0,1 ha worked,,centrifugal_spreader_singlescore_13.json,0.0,1.0,,0.0,1 ha worked,,combine_harvester_singlescore_16.json,0.0,3.0,,0.0,1 ha worked,,disk_harrow_singlescore_11.json,0.0,1.0,,0.0,1 ha worked,,laser_leveler_singlescore_12.json,0.0,0.0,,0.0,1 ha worked,,rotary_tiller_singlescore_14.json,0.0,0.0,,0.0,1 ha worked,,seeder_singlescore_17.json,0.0,7.3148148148,,0.0,1 ha worked,,sprayer_singlescore_15.json,0.0,0.0
C8_2022,C8,2022,ha,Climate change - Fossil,Pt,3.2143347051,,0.0,1 ha worked,,centrifugal_spreader_singlescore_13.json,0.0,1.0,,0.0,1 ha worked,,combine_harvester_singlescore_16.json,0.0,3.0,,0.0,1 ha worked,,disk_harrow_singlescore_11.json,0.0,1.0,,0.0,1 ha worked,,laser_leveler_singlescore_12.json,0.0,0.0,,0.0,1 ha worked,,rotary_tiller_singlescore_14.json,0.0,0.0,,0.0,1 ha worked,,seeder_singlescore_17.json,0.0,7.3148148148,,0.0,1 ha worked,,sprayer_singlescore_15.json,0.0,0.0
C8_2022,C8,2022,ha,Climate change - Land use and LU change,Pt,3.2143347051,,0.0,1 ha worked,,centrifugal_spreader_singlescore_13.json,0.0,1.0,,0.0,1 ha worked,,combine_harvester_singlescore_16.json,0.0,3.0,,0.0,1 ha worked,,disk_harrow_singlescore_11.json,0.0,1.0,,0.0,1 ha worked,,laser_leveler_singlescore_12.json,0.0,0.0,,0.0,1 ha worked,,rotary_tiller_singlescore_14.json,0.0,0.0,,0.0,1 ha worked,,seeder_singlescore_17.json,0.0,7.3148148148,,0.0,1 ha worked,,sprayer_singlescore_15.json,0.0,0.0
C8_2022,C8,2022,ha,"Ecotoxicity, freshwater",Pt,3.2143347051,,92856.62000000001,1 ha worked,,centrifugal_spreader_singlescore_13.json,298472.2562642828,1.0,,619566.99,1 ha worked,,combine_harvester_singlescore_16.json,619566.99,3.0,,53553.84,1 ha worked,,disk_harrow_singlescore_11.json,160661.52,1.0,,360473.73,1 ha worked,,laser_leveler_singlescore_12.json,360473.73,0.0,,257538.30999999997,1 ha worked,,rotary_tiller_singlescore_14.json,0.0,0.0,,133625.82,1 ha worked,,seeder_singlescore_17.json,0.0,7.3148148148,,7323.02,1 ha worked,,sprayer_singlescore_15.json,53566.5351850767,1492741.0314493596
C8_2022,C8,2022,ha,"Ecotoxicity, freshwater - inorganics",Pt,3.2143347051,,0.0,1 ha worked,,centrifugal_spreader_singlescore_13.json,0.0,1.0,,0.0,1 ha worked,,combine_harvester_singlescore_16.json,0.0,3.0,,0.0,1 ha worked,,disk_harrow_singlescore_11.json,0.0,1.0,,0.0,1 ha worked,,laser_leveler_singlescore_12.json,0.0,0.0,,0.0,1 ha worked,,rotary_tiller_singlescore_14.json,0.0,0.0,,0.0,1 ha worked,,seeder_singlescore_17.json,0.0,7.3148148148,,0.0,1 ha worked,,sprayer_singlescore_15.json,0.0,0.0
C8_2022,C8,2022,ha,"Ecotoxicity, freshwater - metals",Pt,3.2143347051,,0.0,1 ha worked,,centrifugal_spreader_singlescore_13.json,0.0,1.0,,0.0,1 ha worked,,combine_harvester_singlescore_16.json,0.0,3.0,,0.0,1 ha worked,,disk_harrow_singlescore_11.json,0.0,1.0,,0.0,1 ha worked,,laser_leveler_singlescore_12.json,0.0,0.0,,0.0,1 ha worked,,rotary_tiller_singlescore_14.json,0.0,0.0,,0.0,1 ha worked,,seeder_singlescore_17.json,0.0,7.3148148148,,0.0,1 ha worked,,sprayer_singlescore_15.json,0.0,0.0
C8_2022,C8,2022,ha,"Ecotoxicity, freshwater - organics",Pt,3.2143347051,,0.0,1 ha worked,,centrifugal_spreader_singlescore_13.json,0.0,1.0,,0.0,1 ha worked,,combine_harvester_singlescore_16.json,0.0,3.0,,0.0,1 ha worked,,disk_harrow_singlescore_11.json,0.0,1.0,,0.0,1 ha worked,,laser_leveler_singlescore_12.json,0.0,0.0,,0.0,1 ha worked,,rotary_tiller_singlescore_14.json,0.0,0.0,,0.0,1 ha worked,,seeder_singlescore_17.json,0.0,7.3148148148,,0.0,1 ha worked,,sprayer_singlescore_15.json,0.0,0.0
C8_2022,C8,2022,ha,"Eutrophication, freshwater",Pt,3.2143347051,,7.1276e-05,1 ha worked,,centrifugal_spreader_singlescore_13.json,0.00022910492044070761,1.0,,0.00048615999999999997,1 ha worked,,combine_harvester_singlescore_16.json,0.00048615999999999997,3.0,,3.0076e-05,1 ha worked,,disk_harrow_singlescore_11.json,9.0228e-05,1.0,,0.00026574,1 ha worked,,laser_leveler_singlescore_12.json,0.00026574,0.0,,0.00023895999999999998,1 ha worked,,rotary_tiller_singlescore_14.json,0.0,0.0,,0.00014111,1 ha worked,,seeder_singlescore_17.json,0.0,7.3148148148,,5.6032e-06,1 ha worked,,sprayer_singlescore_15.json,4.098637037028736e-05,0.001112219290810995
C8_2022,C8,2022,ha,"Eutrophication, marine",Pt,3.2143347051,,0.08380000000000001,1 ha worked,,centrifugal_spreader_singlescore_13.json,0.26936124828738006,1.0,,0.610902,1 ha worked,,combine_harvester_singlescore_16.json,0.610902,3.0,,0.0708948,1 ha worked,,disk_harrow_singlescore_11.json,0.2126844,1.0,,0.37207199999999996,1 ha worked,,laser_leveler_singlescore_12.json,0.37207199999999996,0.0,,0.17849399999999999,1 ha worked,,rotary_tiller_singlescore_14.json,0.0,0.0,,0.017262800000000002,1 ha worked,,seeder_singlescore_17.json,0.0,7.3148148148,,0.005413480000000001,1 ha worked,,sprayer_singlescore_15.json,0.03959860370362351,1.5046182519910034
C8_2022,C8,2022,ha,"Eutrophication, terrestrial",Pt,3.2143347051,,7.227,1 ha worked,,centrifugal_spreader_singlescore_13.json,23.229996913757702,1.0,,52.3629,1 ha worked,,combine_harvester_singlescore_16.json,52.3629,3.0,,6.09039,1 ha worked,,disk_harrow_singlescore_11.json,18.27117,1.0,,31.9302,1 ha worked,,laser_leveler_singlescore_12.json,31.9302,0.0,,15.308100000000001,1 ha worked,,rotary_tiller_singlescore_14.json,0.0,0.0,,1.43226,1 ha worked,,seeder_singlescore_17.json,0.0,7.3148148148,,0.46252800000000005,1 ha worked,,sprayer_singlescore_15.json,3.3833066666598146,129.17757358041752
C8_2022,C8,2022,ha,"Human toxicity, cancer",Pt,3.2143347051,,1.6072e-14,1 ha worked,,centrifugal_spreader_singlescore_13.json,5.1660787380367203e-14,1.0,,1.0988000000000001e-13,1 ha worked,,combine_harvester_singlescore_16.json,1.0988000000000001e-13,3.0,,9.265999999999999e-15,1 ha worked,,disk_harrow_singlescore_11.json,2.7797999999999996e-14,1.0,,8.446e-14,1 ha worked,,laser_leveler_singlescore_12.json,8.446e-14,0.0,,9.348e-14,1 ha worked,,rotary_tiller_singlescore_14.json,0.0,0.0,,4.5428e-14,1 ha worked,,seeder_singlescore_17.json,0.0,7.3148148148,,1.5661999999999999e-15,1 ha worked,,sprayer_singlescore_15.json,1.145646296293976e-14,2.8525525034330694e-13
C8_2022,C8,2022,ha,"Human toxicity, cancer - inorganics",Pt,3.2143347051,,0.0,1 ha worked,,centrifugal_spreader_singlescore_13.json,0.0,1.0,,0.0,1 ha worked,,combine_harvester_singlescore_16.json,0.0,3.0,,0.0,1 ha worked,,disk_harrow_singlescore_11.json,0.0,1.0,,0.0,1 ha worked,,laser_leveler_singlescore_12.json,0.0,0.0,,0.0,1 ha worked,,rotary_tiller_singlescore_14.json,0.0,0.0,,0.0,1 ha worked,,seeder_singlescore_17.json,0.0,7.3148148148,,0.0,1 ha worked,,sprayer_singlescore_15.json,0.0,0.0
C8_2022,C8,2022,ha,"Human toxicity, cancer - metals",Pt,3.2143347051,,0.0,1 ha worked,,centrifugal_spreader_singlescore_13.json,0.0,1.0,,0.0,1 ha worked,,combine_harvester_singlescore_16.json,0.0,3.0,,0.0,1 ha worked,,disk_harrow_singlescore_11.json,0.0,1.0,,0.0,1 ha worked,,laser_leveler_singlescore_12.json,0.0,0.0,,0.0,1 ha worked,,rotary_tiller_singlescore_14.json,0.0,0.0,,0.0,1 ha worked,,seeder_singlescore_17.json,0.0,7.3148148148,,0.0,1 ha worked,,sprayer_singlescore_15.json,0.0,0.0
C8_2022,C8,2022,ha,"Human toxicity, cancer - organics",Pt,3.2143347051,,0.0,1 ha worked,,centrifugal_spreader_singlescore_13.json,0.0,1.0,,0.0,1 ha worked,,combine_harvester_singlescore_16.json,0.0,3.0,,0.0,1 ha worked,,disk_harrow_singlescore_11.json,0.0,1.0,,0.0,1 ha worked,,laser_leveler_singlescore_12.json,0.0,0.0,,0.0,1 ha worked,,rotary_tiller_singlescore_14.json,0.0,0.0,,0.0,1 ha worked,,seeder_singlescore_17.json,0.0,7.3148148148,,0.0,1 ha worked,,sprayer_singlescore_15.json,0.0,0.0
C8_2022,C8,2022,ha,"Human toxicity, non-cancer",Pt,3.2143347051,,5.2352599999999984e-12,1 ha worked,,centrifugal_spreader_singlescore_13.json,1.682787790822182e-11,1.0,,3.0240399999999995e-11,1 ha worked,,combine_harvester_singlescore_16.json,3.0240399999999995e-11,3.0,,7.796079999999999e-12,1 ha worked,,disk_harrow_singlescore_11.json,2.3388239999999995e-11,1.0,,1.748e-11,1 ha worked,,laser_leveler_singlescore_12.json,1.748e-11,0.0,,1.1973799999999998e-11,1 ha worked,,rotary_tiller_singlescore_14.json,0.0,0.0,,9.351799999999999e-12,1 ha worked,,seeder_singlescore_17.json,0.0,7.3148148148,,1.1099799999999999e-12,1 ha worked,,sprayer_singlescore_15.json,8.119298148131703e-12,9.60558160563535e-11
C8_2022,C8,2022,ha,"Human toxicity, non-cancer - inorganics",Pt,3.2143347051,,0.0,1 ha worked,,centrifugal_spreader_singlescore_13.json,0.0,1.0,,0.0,1 ha worked,,combine_harvester_singlescore_16.json,0.0,3.0,,0.0,1 ha worked,,disk_harrow_singlescore_11.json,0.0,1.0,,0.0,1 ha worked,,laser_leveler_singlescore_12.json,0.0,0.0,,0.0,1 ha worked,,rotary_tiller_singlescore_14.json,0.0,0.0,,0.0,1 ha worked,,seeder_singlescore_17.json,0.0,7.3148148148,,0.0,1 ha worked,,sprayer_singlescore_15.json,0.0,0.0
C8_2022,C8,2022,ha,"Human toxicity, non-cancer - metals",Pt,3.2143347051,,0.0,1 ha worked,,centrifugal_spreader_singlescore_13.json,0.0,1.0,,0.0,1 ha worked,,combine_harvester_singlescore_16.json,0.0,3.0,,0.0,1 ha worked,,disk_harrow_singlescore_11.json,0.0,1.0,,0.0,1 ha worked,,laser_leveler_singlescore_12.json,0.0,0.0,,0.0,1 ha worked,,rotary_tiller_singlescore_14.json,0.0,0.0,,0.0,1 ha worked,,seeder_singlescore_17.json,0.0,7.3148148148,,0.0,1 ha worked,,sprayer_singlescore_15.json,0.0,0.0
C8_2022,C8,2022,ha,"Human toxicity, non-cancer - organics",Pt,3.2143347051,,0.0,1 ha worked,,centrifugal_spreader_singlescore_13.json,0.0,1.0,,0.0,1 ha worked,,combine_harvester_singlescore_16.json,0.0,3.0,,0.0,1 ha worked,,disk_harrow_singlescore_11.json,0.0,1.0,,0.0,1 ha worked,,laser_leveler_singlescore_12.json,0.0,0.0,,0.0,1 ha worked,,rotary_tiller_singlescore_14.json,0.0,0.0,,0.0,1 ha worked,,seeder_singlescore_17.json,0.0,7.3148148148,,0.0,1 ha worked,,sprayer_singlescore_15.json,0.0,0.0
C8_2022,C8,2022,ha,Ionising radiation,Pt,3.2143347051,,362.9200000000001,1 ha worked,,centrifugal_spreader_singlescore_13.json,1166.5463511748924,1.0,,2213.39,1 ha worked,,combine_harvester_singlescore_16.json,2213.39,3.0,,267.96999999999997,1 ha worked,,disk_harrow_singlescore_11.json,803.9099999999999,1.0,,1664.79,1 ha worked,,laser_leveler_singlescore_12.json,1664.79,0.0,,911.52,1 ha worked,,rotary_tiller_singlescore_14.json,0.0,0.0,,369.25,1 ha worked,,seeder_singlescore_17.json,0.0,7.3148148148,,24.264999999999997,1 ha worked,,sprayer_singlescore_15.json,177.49398148112198,6026.130332656015
C8_2022,C8,2022,ha,Land use,Pt,3.2143347051,,16120529.999999998,1 ha worked,,centrifugal_spreader_singlescore_13.json,51816779.0436057,1.0,,88815540.0,1 ha worked,,combine_harvester_singlescore_16.json,88815540.0,3.0,,15266940.0,1 ha worked,,disk_harrow_singlescore_11.json,45800820.0,1.0,,71172090.0,1 ha worked,,laser_leveler_singlescore_12.json,71172090.0,0.0,,46409100.0,1 ha worked,,rotary_tiller_singlescore_14.json,0.0,0.0,,18753450.0,1 ha worked,,seeder_singlescore_17.json,0.0,7.3148148148,,11114430.0,1 ha worked,,sprayer_singlescore_15.json,81299997.22205757,338905226.26566327
C8_2022,C8,2022,ha,Ozone depletion,Pt,3.2143347051,,7.3408e-09,1 ha worked,,centrifugal_spreader_singlescore_13.json,2.3595788203198082e-08,1.0,,4.4843999999999994e-08,1 ha worked,,combine_harvester_singlescore_16.json,4.4843999999999994e-08,3.0,,6.1716e-09,1 ha worked,,disk_harrow_singlescore_11.json,1.85148e-08,1.0,,3.1524e-08,1 ha worked,,laser_leveler_singlescore_12.json,3.1524e-08,0.0,,1.47556e-08,1 ha worked,,rotary_tiller_singlescore_14.json,0.0,0.0,,5.209600000000001e-09,1 ha worked,,seeder_singlescore_17.json,0.0,7.3148148148,,4.765600000000001e-10,1 ha worked,,sprayer_singlescore_15.json,3.4859481481410884e-09,1.2196453635133916e-07
C8_2022,C8,2022,ha,Particulate matter,Pt,3.2143347051,,5.4204899999999996e-11,1 ha worked,,centrifugal_spreader_singlescore_13.json,1.7423269125647499e-10,1.0,,3.4657700000000003e-10,1 ha worked,,combine_harvester_singlescore_16.json,3.4657700000000003e-10,3.0,,4.00589e-11,1 ha worked,,disk_harrow_singlescore_11.json,1.201767e-10,1.0,,2.3533799999999997e-10,1 ha worked,,laser_leveler_singlescore_12.json,2.3533799999999997e-10,0.0,,1.7875400000000004e-10,1 ha worked,,rotary_tiller_singlescore_14.json,0.0,0.0,,9.130600000000001e-11,1 ha worked,,seeder_singlescore_17.json,0.0,7.3148148148,,7.844600000000002e-12,1 ha worked,,sprayer_singlescore_15.json,5.738179629618009e-11,9.337061875526551e-10
C8_2022,C8,2022,ha,Photochemical ozone formation,Pt,3.2143347051,,0.5917,1 ha worked,,centrifugal_spreader_singlescore_13.json,1.90192184500767,1.0,,4.268,1 ha worked,,combine_harvester_singlescore_16.json,4.268,3.0,,0.48305999999999993,1 ha worked,,disk_harrow_singlescore_11.json,1.4491799999999997,1.0,,2.5802,1 ha worked,,laser_leveler_singlescore_12.json,2.5802,0.0,,1.2998,1 ha worked,,rotary_tiller_singlescore_14.json,0.0,0.0,,0.20757999999999996,1 ha worked,,seeder_singlescore_17.json,0.0,7.3148148148,,0.037635999999999996,1 ha worked,,sprayer_singlescore_15.json,0.27530037036981275,10.474602215377482
C8_2022,C8,2022,ha,"Resource use, fossils",Pt,3.2143347051,,1940138.9999999998,1 ha worked,,centrifugal_spreader_singlescore_13.json,6236256.120418008,1.0,,11808458.1,1 ha worked,,combine_harvester_singlescore_16.json,11808458.1,3.0,,1486788.3,1 ha worked,,disk_harrow_singlescore_11.json,4460364.9,1.0,,8854809.6,1 ha worked,,laser_leveler_singlescore_12.json,8854809.6,0.0,,4686307.2,1 ha worked,,rotary_tiller_singlescore_14.json,0.0,0.0,,1833385.2000000002,1 ha worked,,seeder_singlescore_17.json,0.0,7.3148148148,,127767.9,1 ha worked,,sprayer_singlescore_15.json,934598.5277758848,32294487.24819389
C8_2022,C8,2022,ha,"Resource use, minerals and metals",Pt,3.2143347051,,1.5072e-06,1 ha worked,,centrifugal_spreader_singlescore_13.json,4.84464526752672e-06,1.0,,1.2384e-05,1 ha worked,,combine_harvester_singlescore_16.json,1.2384e-05,3.0,,6.095999999999998e-07,1 ha worked,,disk_harrow_singlescore_11.json,1.8287999999999995e-06,1.0,,4.4015999999999995e-06,1 ha worked,,laser_leveler_singlescore_12.json,4.4015999999999995e-06,0.0,,2.976e-06,1 ha worked,,rotary_tiller_singlescore_14.json,0.0,0.0,,1.7759999999999998e-06,1 ha worked,,seeder_singlescore_17.json,0.0,7.3148148148,,1.3968e-07,1 ha worked,,sprayer_singlescore_15.json,1.021733333331264e-06,2.448077860085798e-05
C8_2022,C8,2022,ha,Total,Pt,3.2143347051,,18203540.602892786,1 ha worked,,centrifugal_spreader_singlescore_13.json,58512272.315575264,1.0,,101551998.37990059,1 ha worked,,combine_harvester_singlescore_16.json,101551998.37990059,3.0,,16844590.994255494,1 ha worked,,disk_harrow_singlescore_11.json,50533772.98276648,1.0,,80616648.64674218,1 ha worked,,laser_leveler_singlescore_12.json,80616648.64674218,0.0,,51483431.65711595,1 ha worked,,rotary_tiller_singlescore_14.json,0.0,0.0,,20774237.986285694,1 ha worked,,seeder_singlescore_17.json,0.0,7.3148148148,,11253191.91303122,1 ha worked,,sprayer_singlescore_15.json,82315014.91922833,373529707.2442128
C8_2022,C8,2022,ha,Water use,Pt,3.2143347051,,2065.69,1 ha worked,,centrifugal_spreader_singlescore_13.json,6639.81905697802,1.0,,12531.2,1 ha worked,,combine_harvester_singlescore_16.json,12531.2,3.0,,837.045,1 ha worked,,disk_harrow_singlescore_11.json,2511.1349999999998,1.0,,7773.259999999999,1 ha worked,,laser_leveler_singlescore_12.json,7773.259999999999,0.0,,6275.389999999999,1 ha worked,,rotary_tiller_singlescore_14.json,0.0,0.0,,3367.76,1 ha worked,,seeder_singlescore_17.json,0.0,7.3148148148,,230.065,1 ha worked,,sprayer_singlescore_15.json,1682.882870366962,31138.296927344978
C8_2023,C8,2023,ha,Acidification,Pt,2.0,,0.8703199999999999,1 ha worked,,centrifugal_spreader_singlescore_13.json,1.7406399999999997,1.0,,6.1575999999999995,1 ha worked,,combine_harvester_singlescore_16.json,6.1575999999999995,3.0,,0.6948799999999999,1 ha worked,,disk_harrow_singlescore_11.json,2.08464,1.0,,3.784,1 ha worked,,laser_leveler_singlescore_12.json,3.784,1.0,,1.95048,1 ha worked,,rotary_tiller_singlescore_14.json,1.95048,1.0,,0.39904,1 ha worked,,seeder_singlescore_17.json,0.39904,7.8797381116,,0.057448000000000006,1 ha worked,,sprayer_singlescore_15.json,0.4526751950351969,16.5690751950352
C8_2023,C8,2023,ha,Climate change,Pt,2.0,,47577.59999999999,1 ha worked,,centrifugal_spreader_singlescore_13.json,95155.19999999998,1.0,,293625.3,1 ha worked,,combine_harvester_singlescore_16.json,293625.3,3.0,,36196.5,1 ha worked,,disk_harrow_singlescore_11.json,108589.5,1.0,,219798.59999999998,1 ha worked,,laser_leveler_singlescore_12.json,219798.59999999998,1.0,,123280.5,1 ha worked,,rotary_tiller_singlescore_14.json,123280.5,1.0,,50037.9,1 ha worked,,seeder_singlescore_17.json,50037.9,7.8797381116,,3416.1000000000004,1 ha worked,,sprayer_singlescore_15.json,26917.973363036763,917404.9733630368
C8_2023,C8,2023,ha,Climate change - Biogenic,Pt,2.0,,0.0,1 ha worked,,centrifugal_spreader_singlescore_13.json,0.0,1.0,,0.0,1 ha worked,,combine_harvester_singlescore_16.json,0.0,3.0,,0.0,1 ha worked,,disk_harrow_singlescore_11.json,0.0,1.0,,0.0,1 ha worked,,laser_leveler_singlescore_12.json,0.0,1.0,,0.0,1 ha worked,,rotary_tiller_singlescore_14.json,0.0,1.0,,0.0,1 ha worked,,seeder_singlescore_17.json,0.0,7.8797381116,,0.0,1 ha worked,,sprayer_singlescore_15.json,0.0,0.0
C8_2023,C8,2023,ha,Climate change - Fossil,Pt,2.0,,0.0,1 ha worked,,centrifugal_spreader_singlescore_13.json,0.0,1.0,,0.0,1 ha worked,,combine_harvester_singlescore_16.json,0.0,3.0,,0.0,1 ha worked,,disk_harrow_singlescore_11.json,0.0,1.0,,0.0,1 ha worked,,laser_leveler_singlescore_12.json,0.0,1.0,,0.0,1 ha worked,,rotary_tiller_singlescore_14.json,0.0,1.0,,0.0,1 ha worked,,seeder_singlescore_17.json,0.0,7.8797381116,,0.0,1 ha worked,,sprayer_singlescore_15.json,0.0,0.0
C8_2023,C8,2023,ha,Climate change - Land use and LU change,Pt,2.0,,0.0,1 ha worked,,centrifugal_spreader_singlescore_13.json,0.0,1.0,,0.0,1 ha worked,,combine_harvester_singlescore_16.json,0.0,3.0,,0.0,1 ha worked,,disk_harrow_singlescore_11.json,0.0,1.0,,0.0,1 ha worked,,laser_leveler_singlescore_12.json,0.0,1.0,,0.0,1 ha worked,,rotary_tiller_singlescore_14.json,0.0,1.0,,0.0,1 ha worked,,seeder_singlescore_17.json,0.0,7.8797381116,,0.0,1 ha worked,,sprayer_singlescore_15.json,0.0,0.0
C8_2023,C8,2023,ha,"Ecotoxicity, freshwater",Pt,2.0,,92856.62000000001,1 ha worked,,centrifugal_spreader_singlescore_13.json,185713.24000000002,1.0,,619566.99,1 ha worked,,combine_harvester_singlescore_16.json,619566.99,3.0,,53553.84,1 ha worked,,disk_harrow_singlescore_11.json,160661.52,1.0,,360473.73,1 ha worked,,laser_leveler_singlescore_12.json,360473.73,1.0,,257538.30999999997,1 ha worked,,rotary_tiller_singlescore_14.json,257538.30999999997,1.0,,133625.82,1 ha worked,,seeder_singlescore_17.json,133625.82,7.8797381116,,7323.02,1 ha worked,,sprayer_singlescore_15.json,57703.47978600903,1775283.0897860092
C8_2023,C8,2023,ha,"Ecotoxicity, freshwater - inorganics",Pt,2.0,,0.0,1 ha worked,,centrifugal_spreader_singlescore_13.json,0.0,1.0,,0.0,1 ha worked,,combine_harvester_singlescore_16.json,0.0,3.0,,0.0,1 ha worked,,disk_harrow_singlescore_11.json,0.0,1.0,,0.0,1 ha worked,,laser_leveler_singlescore_12.json,0.0,1.0,,0.0,1 ha worked,,rotary_tiller_singlescore_14.json,0.0,1.0,,0.0,1 ha worked,,seeder_singlescore_17.json,0.0,7.8797381116,,0.0,1 ha worked,,sprayer_singlescore_15.json,0.0,0.0
C8_2023,C8,2023,ha,"Ecotoxicity, freshwater - metals",Pt,2.0,,0.0,1 ha worked,,centrifugal_spreader_singlescore_13.json,0.0,1.0,,0.0,1 ha worked,,combine_harvester_singlescore_16.json,0.0,3.0,,0.0,1 ha worked,,disk_harrow_singlescore_11.json,0.0,1.0,,0.0,1 ha worked,,laser_leveler_singlescore_12.json,0.0,1.0,,0.0,1 ha worked,,rotary_tiller_singlescore_14.json,0.0,1.0,,0.0,1 ha worked,,seeder_singlescore_17.json,0.0,7.8797381116,,0.0,1 ha worked,,sprayer_singlescore_15.json,0.0,0.0
C8_2023,C8,2023,ha,"Ecotoxicity, freshwater - organics",Pt,2.0,,0.0,1 ha worked,,centrifugal_spreader_singlescore_13.json,0.0,1.0,,0.0,1 ha worked,,combine_harvester_singlescore_16.json,0.0,3.0,,0.0,1 ha worked,,disk_harrow_singlescore_11.json,0.0,1.0,,0.0,1 ha worked,,laser_leveler_singlescore_12.json,0.0,1.0,,0.0,1 ha worked,,rotary_tiller_singlescore_14.json,0.0,1.0,,0.0,1 ha worked,,seeder_singlescore_17.json,0.0,7.8797381116,,0.0,1 ha worked,,sprayer_singlescore_15.json,0.0,0.0
C8_2023,C8,2023,ha,"Eutrophication, freshwater",Pt,2.0,,7.1276e-05,1 ha worked,,centrifugal_spreader_singlescore_13.json,0.000142552,1.0,,0.00048615999999999997,1 ha worked,,combine_harvester_singlescore_16.json,0.00048615999999999997,3.0,,3.0076e-05,1 ha worked,,disk_harrow_singlescore_11.json,9.0228e-05,1.0,,0.00026574,1 ha worked,,laser_leveler_singlescore_12.json,0.00026574,1.0,,0.00023895999999999998,1 ha worked,,rotary_tiller_singlescore_14.json,0.00023895999999999998,1.0,,0.00014111,1 ha worked,,seeder_singlescore_17.json,0.00014111,7.8797381116,,5.6032e-06,1 ha worked,,sprayer_singlescore_15.json,4.415174858691712e-05,0.001408901748586917
C8_2023,C8,2023,ha,"Eutrophication, marine",Pt,2.0,,0.08380000000000001,1 ha worked,,centrifugal_spreader_singlescore_13.json,0.16760000000000003,1.0,,0.610902,1 ha worked,,combine_harvester_singlescore_16.json,0.610902,3.0,,0.0708948,1 ha worked,,disk_harrow_singlescore_11.json,0.2126844,1.0,,0.37207199999999996,1 ha worked,,laser_leveler_singlescore_12.json,0.37207199999999996,1.0,,0.17849399999999999,1 ha worked,,rotary_tiller_singlescore_14.json,0.17849399999999999,1.0,,0.017262800000000002,1 ha worked,,seeder_singlescore_17.json,0.017262800000000002,7.8797381116,,0.005413480000000001,1 ha worked,,sprayer_singlescore_15.json,0.04265680467238438,1.601672004672384
C8_2023,C8,2023,ha,"Eutrophication, terrestrial",Pt,2.0,,7.227,1 ha worked,,centrifugal_spreader_singlescore_13.json,14.454,1.0,,52.3629,1 ha worked,,combine_harvester_singlescore_16.json,52.3629,3.0,,6.09039,1 ha worked,,disk_harrow_singlescore_11.json,18.27117,1.0,,31.9302,1 ha worked,,laser_leveler_singlescore_12.json,31.9302,1.0,,15.308100000000001,1 ha worked,,rotary_tiller_singlescore_14.json,15.308100000000001,1.0,,1.43226,1 ha worked,,seeder_singlescore_17.json,1.43226,7.8797381116,,0.46252800000000005,1 ha worked,,sprayer_singlescore_15.json,3.6445995092821253,137.40322950928214
C8_2023,C8,2023,ha,"Human toxicity, cancer",Pt,2.0,,1.6072e-14,1 ha worked,,centrifugal_spreader_singlescore_13.json,3.2144e-14,1.0,,1.0988000000000001e-13,1 ha worked,,combine_harvester_singlescore_16.json,1.0988000000000001e-13,3.0,,9.265999999999999e-15,1 ha worked,,disk_harrow_singlescore_11.json,2.7797999999999996e-14,1.0,,8.446e-14,1 ha worked,,laser_leveler_singlescore_12.json,8.446e-14,1.0,,9.348e-14,1 ha worked,,rotary_tiller_singlescore_14.json,9.348e-14,1.0,,4.5428e-14,1 ha worked,,seeder_singlescore_17.json,4.5428e-14,7.8797381116,,1.5661999999999999e-15,1 ha worked,,sprayer_singlescore_15.json,1.234124583038792e-14,4.0553124583038797e-13
C8_2023,C8,2023,ha,"Human toxicity, cancer - inorganics",Pt,2.0,,0.0,1 ha worked,,centrifugal_spreader_singlescore_13.json,0.0,1.0,,0.0,1 ha worked,,combine_harvester_singlescore_16.json,0.0,3.0,,0.0,1 ha worked,,disk_harrow_singlescore_11.json,0.0,1.0,,0.0,1 ha worked,,laser_leveler_singlescore_12.json,0.0,1.0,,0.0,1 ha worked,,rotary_tiller_singlescore_14.json,0.0,1.0,,0.0,1 ha worked,,seeder_singlescore_17.json,0.0,7.8797381116,,0.0,1 ha worked,,sprayer_singlescore_15.json,0.0,0.0
C8_2023,C8,2023,ha,"Human toxicity, cancer - metals",Pt,2.0,,0.0,1 ha worked,,centrifugal_spreader_singlescore_13.json,0.0,1.0,,0.0,1 ha worked,,combine_harvester_singlescore_16.json,0.0,3.0,,0.0,1 ha worked,,disk_harrow_singlescore_11.json,0.0,1.0,,0.0,1 ha worked,,laser_leveler_singlescore_12.json,0.0,1.0,,0.0,1 ha worked,,rotary_tiller_singlescore_14.json,0.0,1.0,,0.0,1 ha worked,,seeder_singlescore_17.json,0.0,7.8797381116,,0.0,1 ha worked,,sprayer_singlescore_15.json,0.0,0.0
C8_2023,C8,2023,ha,"Human toxicity, cancer - organics",Pt,2.0,,0.0,1 ha worked,,centrifugal_spreader_singlescore_13.json,0.0,1.0,,0.0,1 ha worked,,combine_harvester_singlescore_16.json,0.0,3.0,,0.0,1 ha worked,,disk_harrow_singlescore_11.json,0.0,1.0,,0.0,1 ha worked,,laser_leveler_singlescore_12.json,0.0,1.0,,0.0,1 ha worked,,rotary_tiller_singlescore_14.json,0.0,1.0,,0.0,1 ha worked,,seeder_singlescore_17.json,0.0,7.8797381116,,0.0,1 ha worked,,sprayer_singlescore_15.json,0.0,0.0
C8_2023,C8,2023,ha,"Human toxicity, non-cancer",Pt,2.0,,5.2352599999999984e-12,1 ha worked,,centrifugal_spreader_singlescore_13.json,1.0470519999999997e-11,1.0,,3.0240399999999995e-11,1 ha worked,,combine_harvester_singlescore_16.json,3.0240399999999995e-11,3.0,,7.796079999999999e-12,1 ha worked,,disk_harrow_singlescore_11.json,2.3388239999999995e-11,1.0,,1.748e-11,1 ha worked,,laser_leveler_singlescore_12.json,1.748e-11,1.0,,1.1973799999999998e-11,1 ha worked,,rotary_tiller_singlescore_14.json,1.1973799999999998e-11,1.0,,9.351799999999999e-12,1 ha worked,,seeder_singlescore_17.json,9.351799999999999e-12,7.8797381116,,1.1099799999999999e-12,1 ha worked,,sprayer_singlescore_15.json,8.746351709113767e-12,1.1165111170911376e-10
C8_2023,C8,2023,ha,"Human toxicity, non-cancer - inorganics",Pt,2.0,,0.0,1 ha worked,,centrifugal_spreader_singlescore_13.json,0.0,1.0,,0.0,1 ha worked,,combine_harvester_singlescore_16.json,0.0,3.0,,0.0,1 ha worked,,disk_harrow_singlescore_11.json,0.0,1.0,,0.0,1 ha worked,,laser_leveler_singlescore_12.json,0.0,1.0,,0.0,1 ha worked,,rotary_tiller_singlescore_14.json,0.0,1.0,,0.0,1 ha worked,,seeder_singlescore_17.json,0.0,7.8797381116,,0.0,1 ha worked,,sprayer_singlescore_15.json,0.0,0.0
C8_2023,C8,2023,ha,"Human toxicity, non-cancer - metals",Pt,2.0,,0.0,1 ha worked,,centrifugal_spreader_singlescore_13.json,0.0,1.0,,0.0,1 ha worked,,combine_harvester_singlescore_16.json,0.0,3.0,,0.0,1 ha worked,,disk_harrow_singlescore_11.json,0.0,1.0,,0.0,1 ha worked,,laser_leveler_singlescore_12.json,0.0,1.0,,0.0,1 ha worked,,rotary_tiller_singlescore_14.json,0.0,1.0,,0.0,1 ha worked,,seeder_singlescore_17.json,0.0,7.8797381116,,0.0,1 ha worked,,sprayer_singlescore_15.json,0.0,0.0
C8_2023,C8,2023,ha,"Human toxicity, non-cancer - organics",Pt,2.0,,0.0,1 ha worked,,centrifugal_spreader_singlescore_13.json,0.0,1.0,,0.0,1 ha worked,,combine_harvester_singlescore_16.json,0.0,3.0,,0.0,1 ha worked,,disk_harrow_singlescore_11.json,0.0,1.0,,0.0,1 ha worked,,laser_leveler_singlescore_12.json,0.0,1.0,,0.0,1 ha worked,,rotary_tiller_singlescore_14.json,0.0,1.0,,0.0,1 ha worked,,seeder_singlescore_17.json,0.0,7.8797381116,,0.0,1 ha worked,,sprayer_singlescore_15.json,0.0,0.0
C8_2023,C8,2023,ha,Ionising radiation,Pt,2.0,,362.9200000000001,1 ha worked,,centrifugal_spreader_singlescore_13.json,725.8400000000001,1.0,,2213.39,1 ha worked,,combine_harvester_singlescore_16.json,2213.39,3.0,,267.96999999999997,1 ha worked,,disk_harrow_singlescore_11.json,803.9099999999999,1.0,,1664.79,1 ha worked,,laser_leveler_singlescore_12.json,1664.79,1.0,,911.52,1 ha worked,,rotary_tiller_singlescore_14.json,911.52,1.0,,369.25,1 ha worked,,seeder_singlescore_17.json,369.25,7.8797381116,,24.264999999999997,1 ha worked,,sprayer_singlescore_15.json,191.20184527797397,6879.901845277975
C8_2023,C8,2023,ha,Land use,Pt,2.0,,16120529.999999998,1 ha worked,,centrifugal_spreader_singlescore_13.json,32241059.999999996,1.0,,88815540.0,1 ha worked,,combine_harvester_singlescore_16.json,88815540.0,3.0,,15266940.0,1 ha worked,,disk_harrow_singlescore_11.json,45800820.0,1.0,,71172090.0,1 ha worked,,laser_leveler_singlescore_12.json,71172090.0,1.0,,46409100.0,1 ha worked,,rotary_tiller_singlescore_14.json,46409100.0,1.0,,18753450.0,1 ha worked,,seeder_singlescore_17.json,18753450.0,7.8797381116,,11114430.0,1 ha worked,,sprayer_singlescore_15.json,87578797.65971039,390770857.6597104
C8_2023,C8,2023,ha,Ozone depletion,Pt,2.0,,7.3408e-09,1 ha worked,,centrifugal_spreader_singlescore_13.json,1.46816e-08,1.0,,4.4843999999999994e-08,1 ha worked,,combine_harvester_singlescore_16.json,4.4843999999999994e-08,3.0,,6.1716e-09,1 ha worked,,disk_harrow_singlescore_11.json,1.85148e-08,1.0,,3.1524e-08,1 ha worked,,laser_leveler_singlescore_12.json,3.1524e-08,1.0,,1.47556e-08,1 ha worked,,rotary_tiller_singlescore_14.json,1.47556e-08,1.0,,5.209600000000001e-09,1 ha worked,,seeder_singlescore_17.json,5.209600000000001e-09,7.8797381116,,4.765600000000001e-10,1 ha worked,,sprayer_singlescore_15.json,3.755167994464096e-09,1.332847679944641e-07
C8_2023,C8,2023,ha,Particulate matter,Pt,2.0,,5.4204899999999996e-11,1 ha worked,,centrifugal_spreader_singlescore_13.json,1.0840979999999999e-10,1.0,,3.4657700000000003e-10,1 ha worked,,combine_harvester_singlescore_16.json,3.4657700000000003e-10,3.0,,4.00589e-11,1 ha worked,,disk_harrow_singlescore_11.json,1.201767e-10,1.0,,2.3533799999999997e-10,1 ha worked,,laser_leveler_singlescore_12.json,2.3533799999999997e-10,1.0,,1.7875400000000004e-10,1 ha worked,,rotary_tiller_singlescore_14.json,1.7875400000000004e-10,1.0,,9.130600000000001e-11,1 ha worked,,seeder_singlescore_17.json,9.130600000000001e-11,7.8797381116,,7.844600000000002e-12,1 ha worked,,sprayer_singlescore_15.json,6.181339359025737e-11,1.1423748935902572e-09
C8_2023,C8,2023,ha,Photochemical ozone formation,Pt,2.0,,0.5917,1 ha worked,,centrifugal_spreader_singlescore_13.json,1.1834,1.0,,4.268,1 ha worked,,combine_harvester_singlescore_16.json,4.268,3.0,,0.48305999999999993,1 ha worked,,disk_harrow_singlescore_11.json,1.4491799999999997,1.0,,2.5802,1 ha worked,,laser_leveler_singlescore_12.json,2.5802,1.0,,1.2998,1 ha worked,,rotary_tiller_singlescore_14.json,1.2998,1.0,,0.20757999999999996,1 ha worked,,seeder_singlescore_17.json,0.20757999999999996,7.8797381116,,0.037635999999999996,1 ha worked,,sprayer_singlescore_15.json,0.29656182356817756,11.284721823568177
C8_2023,C8,2023,ha,"Resource use, fossils",Pt,2.0,,1940138.9999999998,1 ha worked,,centrifugal_spreader_singlescore_13.json,3880277.9999999995,1.0,,11808458.1,1 ha worked,,combine_harvester_singlescore_16.json,11808458.1,3.0,,1486788.3,1 ha worked,,disk_harrow_singlescore_11.json,4460364.9,1.0,,8854809.6,1 ha worked,,laser_leveler_singlescore_12.json,8854809.6,1.0,,4686307.2,1 ha worked,,rotary_tiller_singlescore_14.json,4686307.2,1.0,,1833385.2000000002,1 ha worked,,seeder_singlescore_17.json,1833385.2000000002,7.8797381116,,127767.9,1 ha worked,,sprayer_singlescore_15.json,1006777.5910690976,36530380.5910691
C8_2023,C8,2023,ha,"Resource use, minerals and metals",Pt,2.0,,1.5072e-06,1 ha worked,,centrifugal_spreader_singlescore_13.json,3.0144e-06,1.0,,1.2384e-05,1 ha worked,,combine_harvester_singlescore_16.json,1.2384e-05,3.0,,6.095999999999998e-07,1 ha worked,,disk_harrow_singlescore_11.json,1.8287999999999995e-06,1.0,,4.4015999999999995e-06,1 ha worked,,laser_leveler_singlescore_12.json,4.4015999999999995e-06,1.0,,2.976e-06,1 ha worked,,rotary_tiller_singlescore_14.json,2.976e-06,1.0,,1.7759999999999998e-06,1 ha worked,,seeder_singlescore_17.json,1.7759999999999998e-06,7.8797381116,,1.3968e-07,1 ha worked,,sprayer_singlescore_15.json,1.1006418194282879e-06,2.748144181942829e-05
C8_2023,C8,2023,ha,Total,Pt,2.0,,18203540.602892786,1 ha worked,,centrifugal_spreader_singlescore_13.json,36407081.20578557,1.0,,101551998.37990059,1 ha worked,,combine_harvester_singlescore_16.json,101551998.37990059,3.0,,16844590.994255494,1 ha worked,,disk_harrow_singlescore_11.json,50533772.98276648,1.0,,80616648.64674218,1 ha worked,,laser_leveler_singlescore_12.json,80616648.64674218,1.0,,51483431.65711595,1 ha worked,,rotary_tiller_singlescore_14.json,51483431.65711595,1.0,,20774237.986285694,1 ha worked,,seeder_singlescore_17.json,20774237.986285694,7.8797381116,,11253191.91303122,1 ha worked,,sprayer_singlescore_15.json,88672205.19426101,430039376.05285746
C8_2023,C8,2023,ha,Water use,Pt,2.0,,2065.69,1 ha worked,,centrifugal_spreader_singlescore_13.json,4131.38,1.0,,12531.2,1 ha worked,,combine_harvester_singlescore_16.json,12531.2,3.0,,837.045,1 ha worked,,disk_harrow_singlescore_11.json,2511.1349999999998,1.0,,7773.259999999999,1 ha worked,,laser_leveler_singlescore_12.json,7773.259999999999,1.0,,6275.389999999999,1 ha worked,,rotary_tiller_singlescore_14.json,6275.389999999999,1.0,,3367.76,1 ha worked,,seeder_singlescore_17.json,3367.76,7.8797381116,,230.065,1 ha worked,,sprayer_singlescore_15.json,1812.851948645254,38402.97694864526
C8_2024,C8,2024,ha,Acidification,Pt,3.0,,0.8703199999999999,1 ha worked,,centrifugal_spreader_singlescore_13.json,2.6109599999999995,1.0,,6.1575999999999995,1 ha worked,,combine_harvester_singlescore_16.json,6.1575999999999995,3.0,,0.6948799999999999,1 ha worked,,disk_harrow_singlescore_11.json,2.08464,1.0,,3.784,1 ha worked,,laser_leveler_singlescore_12.json,3.784,1.0,,1.95048,1 ha worked,,rotary_tiller_singlescore_14.json,1.95048,0.0,,0.39904,1 ha worked,,seeder_singlescore_17.json,0.0,3.0690121786,,0.057448000000000006,1 ha worked,,sprayer_singlescore_15.json,0.1763086116362128,16.76398861163621
C8_2024,C8,2024,ha,Climate change,Pt,3.0,,47577.59999999999,1 ha worked,,centrifugal_spreader_singlescore_13.json,142732.8,1.0,,293625.3,1 ha worked,,combine_harvester_singlescore_16.json,293625.3,3.0,,36196.5,1 ha worked,,disk_harrow_singlescore_11.json,108589.5,1.0,,219798.59999999998,1 ha worked,,laser_leveler_singlescore_12.json,219798.59999999998,1.0,,123280.5,1 ha worked,,rotary_tiller_singlescore_14.json,123280.5,0.0,,50037.9,1 ha worked,,seeder_singlescore_17.json,0.0,3.0690121786,,3416.1000000000004,1 ha worked,,sprayer_singlescore_15.json,10484.05250331546,898510.7525033155
C8_2024,C8,2024,ha,Climate change - Biogenic,Pt,3.0,,0.0,1 ha worked,,centrifugal_spreader_singlescore_13.json,0.0,1.0,,0.0,1 ha worked,,combine_harvester_singlescore_16.json,0.0,3.0,,0.0,1 ha worked,,disk_harrow_singlescore_11.json,0.0,1.0,,0.0,1 ha worked,,laser_leveler_singlescore_12.json,0.0,1.0,,0.0,1 ha worked,,rotary_tiller_singlescore_14.json,0.0,0.0,,0.0,1 ha worked,,seeder_singlescore_17.json,0.0,3.0690121786,,0.0,1 ha worked,,sprayer_singlescore_15.json,0.0,0.0
C8_2024,C8,2024,ha,Climate change - Fossil,Pt,3.0,,0.0,1 ha worked,,centrifugal_spreader_singlescore_13.json,0.0,1.0,,0.0,1 ha worked,,combine_harvester_singlescore_16.json,0.0,3.0,,0.0,1 ha worked,,disk_harrow_singlescore_11.json,0.0,1.0,,0.0,1 ha worked,,laser_leveler_singlescore_12.json,0.0,1.0,,0.0,1 ha worked,,rotary_tiller_singlescore_14.json,0.0,0.0,,0.0,1 ha worked,,seeder_singlescore_17.json,0.0,3.0690121786,,0.0,1 ha worked,,sprayer_singlescore_15.json,0.0,0.0
C8_2024,C8,2024,ha,Climate change - Land use and LU change,Pt,3.0,,0.0,1 ha worked,,centrifugal_spreader_singlescore_13.json,0.0,1.0,,0.0,1 ha worked,,combine_harvester_singlescore_16.json,0.0,3.0,,0.0,1 ha worked,,disk_harrow_singlescore_11.json,0.0,1.0,,0.0,1 ha worked,,laser_leveler_singlescore_12.json,0.0,1.0,,0.0,1 ha worked,,rotary_tiller_singlescore_14.json,0.0,0.0,,0.0,1 ha worked,,seeder_singlescore_17.json,0.0,3.0690121786,,0.0,1 ha worked,,sprayer_singlescore_15.json,0.0,0.0
C8_2024,C8,2024,ha,"Ecotoxicity, freshwater",Pt,3.0,,92856.62000000001,1 ha worked,,centrifugal_spreader_singlescore_13.json,278569.86000000004,1.0,,619566.99,1 ha worked,,combine_harvester_singlescore_16.json,619566.99,3.0,,53553.84,1 ha worked,,disk_harrow_singlescore_11.json,160661.52,1.0,,360473.73,1 ha worked,,laser_leveler_singlescore_12.json,360473.73,1.0,,257538.30999999997,1 ha worked,,rotary_tiller_singlescore_14.json,257538.30999999997,0.0,,133625.82,1 ha worked,,seeder_singlescore_17.json,0.0,3.0690121786,,7323.02,1 ha worked,,sprayer_singlescore_15.json,22474.437564131375,1699284.8475641315
C8_2024,C8,2024,ha,"Ecotoxicity, freshwater - inorganics",Pt,3.0,,0.0,1 ha worked,,centrifugal_spreader_singlescore_13.json,0.0,1.0,,0.0,1 ha worked,,combine_harvester_singlescore_16.json,0.0,3.0,,0.0,1 ha worked,,disk_harrow_singlescore_11.json,0.0,1.0,,0.0,1 ha worked,,laser_leveler_singlescore_12.json,0.0,1.0,,0.0,1 ha worked,,rotary_tiller_singlescore_14.json,0.0,0.0,,0.0,1 ha worked,,seeder_singlescore_17.json,0.0,3.0690121786,,0.0,1 ha worked,,sprayer_singlescore_15.json,0.0,0.0
C8_2024,C8,2024,ha,"Ecotoxicity, freshwater - metals",Pt,3.0,,0.0,1 ha worked,,centrifugal_spreader_singlescore_13.json,0.0,1.0,,0.0,1 ha worked,,combine_harvester_singlescore_16.json,0.0,3.0,,0.0,1 ha worked,,disk_harrow_singlescore_11.json,0.0,1.0,,0.0,1 ha worked,,laser_leveler_singlescore_12.json,0.0,1.0,,0.0,1 ha worked,,rotary_tiller_singlescore_14.json,0.0,0.0,,0.0,1 ha worked,,seeder_singlescore_17.json,0.0,3.0690121786,,0.0,1 ha worked,,sprayer_singlescore_15.json,0.0,0.0
C8_2024,C8,2024,ha,"Ecotoxicity, freshwater - organics",Pt,3.0,,0.0,1 ha worked,,centrifugal_spreader_singlescore_13.json,0.0,1.0,,0.0,1 ha worked,,combine_harvester_singlescore_16.json,0.0,3.0,,0.0,1 ha worked,,disk_harrow_singlescore_11.json,0.0,1.0,,0.0,1 ha worked,,laser_leveler_singlescore_12.json,0.0,1.0,,0.0,1 ha worked,,rotary_tiller_singlescore_14.json,0.0,0.0,,0.0,1 ha worked,,seeder_singlescore_17.json,0.0,3.0690121786,,0.0,1 ha worked,,sprayer_singlescore_15.json,0.0,0.0
C8_2024,C8,2024,ha,"Eutrophication, freshwater",Pt,3.0,,7.1276e-05,1 ha worked,,centrifugal_spreader_singlescore_13.json,0.000213828,1.0,,0.00048615999999999997,1 ha worked,,combine_harvester_singlescore_16.json,0.00048615999999999997,3.0,,3.0076e-05,1 ha worked,,disk_harrow_singlescore_11.json,9.0228e-05,1.0,,0.00026574,1 ha worked,,laser_leveler_singlescore_12.json,0.00026574,1.0,,0.00023895999999999998,1 ha worked,,rotary_tiller_singlescore_14.json,0.00023895999999999998,0.0,,0.00014111,1 ha worked,,seeder_singlescore_17.json,0.0,3.0690121786,,5.6032e-06,1 ha worked,,sprayer_singlescore_15.json,1.719628903913152e-05,0.0013121122890391312
C8_2024,C8,2024,ha,"Eutrophication, marine",Pt,3.0,,0.08380000000000001,1 ha worked,,centrifugal_spreader_singlescore_13.json,0.25140000000000007,1.0,,0.610902,1 ha worked,,combine_harvester_singlescore_16.json,0.610902,3.0,,0.0708948,1 ha worked,,disk_harrow_singlescore_11.json,0.2126844,1.0,,0.37207199999999996,1 ha worked,,laser_leveler_singlescore_12.json,0.37207199999999996,1.0,,0.17849399999999999,1 ha worked,,rotary_tiller_singlescore_14.json,0.17849399999999999,0.0,,0.017262800000000002,1 ha worked,,seeder_singlescore_17.json,0.0,3.0690121786,,0.005413480000000001,1 ha worked,,sprayer_singlescore_15.json,0.01661403604860753,1.6421664360486075
C8_2024,C8,2024,ha,"Eutrophication, terrestrial",Pt,3.0,,7.227,1 ha worked,,centrifugal_spreader_singlescore_13.json,21.681,1.0,,52.3629,1 ha worked,,combine_harvester_singlescore_16.json,52.3629,3.0,,6.09039,1 ha worked,,disk_harrow_singlescore_11.json,18.27117,1.0,,31.9302,1 ha worked,,laser_leveler_singlescore_12.json,31.9302,1.0,,15.308100000000001,1 ha worked,,rotary_tiller_singlescore_14.json,15.308100000000001,0.0,,1.43226,1 ha worked,,seeder_singlescore_17.json,0.0,3.0690121786,,0.46252800000000005,1 ha worked,,sprayer_singlescore_15.json,1.419504064943501,140.9728740649435
C8_2024,C8,2024,ha,"Human toxicity, cancer",Pt,3.0,,1.6072e-14,1 ha worked,,centrifugal_spreader_singlescore_13.json,4.8216e-14,1.0,,1.0988000000000001e-13,1 ha worked,,combine_harvester_singlescore_16.json,1.0988000000000001e-13,3.0,,9.265999999999999e-15,1 ha worked,,disk_harrow_singlescore_11.json,2.7797999999999996e-14,1.0,,8.446e-14,1 ha worked,,laser_leveler_singlescore_12.json,8.446e-14,1.0,,9.348e-14,1 ha worked,,rotary_tiller_singlescore_14.json,9.348e-14,0.0,,4.5428e-14,1 ha worked,,seeder_singlescore_17.json,0.0,3.0690121786,,1.5661999999999999e-15,1 ha worked,,sprayer_singlescore_15.json,4.80668687412332e-15,3.686406868741234e-13
C8_2024,C8,2024,ha,"Human toxicity, cancer - inorganics",Pt,3.0,,0.0,1 ha worked,,centrifugal_spreader_singlescore_13.json,0.0,1.0,,0.0,1 ha worked,,combine_harvester_singlescore_16.json,0.0,3.0,,0.0,1 ha worked,,disk_harrow_singlescore_11.json,0.0,1.0,,0.0,1 ha worked,,laser_leveler_singlescore_12.json,0.0,1.0,,0.0,1 ha worked,,rotary_tiller_singlescore_14.json,0.0,0.0,,0.0,1 ha worked,,seeder_singlescore_17.json,0.0,3.0690121786,,0.0,1 ha worked,,sprayer_singlescore_15.json,0.0,0.0
C8_2024,C8,2024,ha,"Human toxicity, cancer - metals",Pt,3.0,,0.0,1 ha worked,,centrifugal_spreader_singlescore_13.json,0.0,1.0,,0.0,1 ha worked,,combine_harvester_singlescore_16.json,0.0,3.0,,0.0,1 ha worked,,disk_harrow_singlescore_11.json,0.0,1.0,,0.0,1 ha worked,,laser_leveler_singlescore_12.json,0.0,1.0,,0.0,1 ha worked,,rotary_tiller_singlescore_14.json,0.0,0.0,,0.0,1 ha worked,,seeder_singlescore_17.json,0.0,3.0690121786,,0.0,1 ha worked,,sprayer_singlescore_15.json,0.0,0.0
C8_2024,C8,2024,ha,"Human toxicity, cancer - organics",Pt,3.0,,0.0,1 ha worked,,centrifugal_spreader_singlescore_13.json,0.0,1.0,,0.0,1 ha worked,,combine_harvester_singlescore_16.json,0.0,3.0,,0.0,1 ha worked,,disk_harrow_singlescore_11.json,0.0,1.0,,0.0,1 ha worked,,laser_leveler_singlescore_12.json,0.0,1.0,,0.0,1 ha worked,,rotary_tiller_singlescore_14.json,0.0,0.0,,0.0,1 ha worked,,seeder_singlescore_17.json,0.0,3.0690121786,,0.0,1 ha worked,,sprayer_singlescore_15.json,0.0,0.0
C8_2024,C8,2024,ha,"Human toxicity, non-cancer",Pt,3.0,,5.2352599999999984e-12,1 ha worked,,centrifugal_spreader_singlescore_13.json,1.5705779999999997e-11,1.0,,3.0240399999999995e-11,1 ha worked,,combine_harvester_singlescore_16.json,3.0240399999999995e-11,3.0,,7.796079999999999e-12,1 ha worked,,disk_harrow_singlescore_11.json,2.3388239999999995e-11,1.0,,1.748e-11,1 ha worked,,laser_leveler_singlescore_12.json,1.748e-11,1.0,,1.1973799999999998e-11,1 ha worked,,rotary_tiller_singlescore_14.json,1.1973799999999998e-11,0.0,,9.351799999999999e-12,1 ha worked,,seeder_singlescore_17.json,0.0,3.0690121786,,1.1099799999999999e-12,1 ha worked,,sprayer_singlescore_15.json,3.4065421380024276e-12,1.0219476213800241e-10
C8_2024,C8,2024,ha,"Human toxicity, non-cancer - inorganics",Pt,3.0,,0.0,1 ha worked,,centrifugal_spreader_singlescore_13.json,0.0,1.0,,0.0,1 ha worked,,combine_harvester_singlescore_16.json,0.0,3.0,,0.0,1 ha worked,,disk_harrow_singlescore_11.json,0.0,1.0,,0.0,1 ha worked,,laser_leveler_singlescore_12.json,0.0,1.0,,0.0,1 ha worked,,rotary_tiller_singlescore_14.json,0.0,0.0,,0.0,1 ha worked,,seeder_singlescore_17.json,0.0,3.0690121786,,0.0,1 ha worked,,sprayer_singlescore_15.json,0.0,0.0
C8_2024,C8,2024,ha,"Human toxicity, non-cancer - metals",Pt,3.0,,0.0,1 ha worked,,centrifugal_spreader_singlescore_13.json,0.0,1.0,,0.0,1 ha worked,,combine_harvester_singlescore_16.json,0.0,3.0,,0.0,1 ha worked,,disk_harrow_singlescore_11.json,0.0,1.0,,0.0,1 ha worked,,laser_leveler_singlescore_12.json,0.0,1.0,,0.0,1 ha worked,,rotary_tiller_singlescore_14.json,0.0,0.0,,0.0,1 ha worked,,seeder_singlescore_17.json,0.0,3.0690121786,,0.0,1 ha worked,,sprayer_singlescore_15.json,0.0,0.0
C8_2024,C8,2024,ha,"Human toxicity, non-cancer - organics",Pt,3.0,,0.0,1 ha worked,,centrifugal_spreader_singlescore_13.json,0.0,1.0,,0.0,1 ha worked,,combine_harvester_singlescore_16.json,0.0,3.0,,0.0,1 ha worked,,disk_harrow_singlescore_11.json,0.0,1.0,,0.0,1 ha worked,,laser_leveler_singlescore_12.json,0.0,1.0,,0.0,1 ha worked,,rotary_tiller_singlescore_14.json,0.0,0.0,,0.0,1 ha worked,,seeder_singlescore_17.json,0.0,3.0690121786,,0.0,1 ha worked,,sprayer_singlescore_15.json,0.0,0.0
C8_2024,C8,2024,ha,Ionising radiation,Pt,3.0,,362.9200000000001,1 ha worked,,centrifugal_spreader_singlescore_13.json,1088.7600000000002,1.0,,2213.39,1 ha worked,,combine_harvester_singlescore_16.json,2213.39,3.0,,267.96999999999997,1 ha worked,,disk_harrow_singlescore_11.json,803.9099999999999,1.0,,1664.79,1 ha worked,,laser_leveler_singlescore_12.json,1664.79,1.0,,911.52,1 ha worked,,rotary_tiller_singlescore_14.json,911.52,0.0,,369.25,1 ha worked,,seeder_singlescore_17.json,0.0,3.0690121786,,24.264999999999997,1 ha worked,,sprayer_singlescore_15.json,74.46958051372899,6756.839580513728
C8_2024,C8,2024,ha,Land use,Pt,3.0,,16120529.999999998,1 ha worked,,centrifugal_spreader_singlescore_13.json,48361589.99999999,1.0,,88815540.0,1 ha worked,,combine_harvester_singlescore_16.json,88815540.0,3.0,,15266940.0,1 ha worked,,disk_harrow_singlescore_11.json,45800820.0,1.0,,71172090.0,1 ha worked,,laser_leveler_singlescore_12.json,71172090.0,1.0,,46409100.0,1 ha worked,,rotary_tiller_singlescore_14.json,46409100.0,0.0,,18753450.0,1 ha worked,,seeder_singlescore_17.json,0.0,3.0690121786,,11114430.0,1 ha worked,,sprayer_singlescore_15.json,34110321.0281972,334669461.02819717
C8_2024,C8,2024,ha,Ozone depletion,Pt,3.0,,7.3408e-09,1 ha worked,,centrifugal_spreader_singlescore_13.json,2.20224e-08,1.0,,4.4843999999999994e-08,1 ha worked,,combine_harvester_singlescore_16.json,4.4843999999999994e-08,3.0,,6.1716e-09,1 ha worked,,disk_harrow_singlescore_11.json,1.85148e-08,1.0,,3.1524e-08,1 ha worked,,laser_leveler_singlescore_12.json,3.1524e-08,1.0,,1.47556e-08,1 ha worked,,rotary_tiller_singlescore_14.json,1.47556e-08,0.0,,5.209600000000001e-09,1 ha worked,,seeder_singlescore_17.json,0.0,3.0690121786,,4.765600000000001e-10,1 ha worked,,sprayer_singlescore_15.json,1.4625684438336162e-09,1.331233684438336e-07
C8_2024,C8,2024,ha,Particulate matter,Pt,3.0,,5.4204899999999996e-11,1 ha worked,,centrifugal_spreader_singlescore_13.json,1.626147e-10,1.0,,3.4657700000000003e-10,1 ha worked,,combine_harvester_singlescore_16.json,3.4657700000000003e-10,3.0,,4.00589e-11,1 ha worked,,disk_harrow_singlescore_11.json,1.201767e-10,1.0,,2.3533799999999997e-10,1 ha worked,,laser_leveler_singlescore_12.json,2.3533799999999997e-10,1.0,,1.7875400000000004e-10,1 ha worked,,rotary_tiller_singlescore_14.json,1.7875400000000004e-10,0.0,,9.130600000000001e-11,1 ha worked,,seeder_singlescore_17.json,0.0,3.0690121786,,7.844600000000002e-12,1 ha worked,,sprayer_singlescore_15.json,2.4075172936245566e-11,1.0675355729362454e-09
C8_2024,C8,2024,ha,Photochemical ozone formation,Pt,3.0,,0.5917,1 ha worked,,centrifugal_spreader_singlescore_13.json,1.7751000000000001,1.0,,4.268,1 ha worked,,combine_harvester_singlescore_16.json,4.268,3.0,,0.48305999999999993,1 ha worked,,disk_harrow_singlescore_11.json,1.4491799999999997,1.0,,2.5802,1 ha worked,,laser_leveler_singlescore_12.json,2.5802,1.0,,1.2998,1 ha worked,,rotary_tiller_singlescore_14.json,1.2998,0.0,,0.20757999999999996,1 ha worked,,seeder_singlescore_17.json,0.0,3.0690121786,,0.037635999999999996,1 ha worked,,sprayer_singlescore_15.json,0.11550534235378959,11.487785342353789
C8_2024,C8,2024,ha,"Resource use, fossils",Pt,3.0,,1940138.9999999998,1 ha worked,,centrifugal_spreader_singlescore_13.json,5820416.999999999,1.0,,11808458.1,1 ha worked,,combine_harvester_singlescore_16.json,11808458.1,3.0,,1486788.3,1 ha worked,,disk_harrow_singlescore_11.json,4460364.9,1.0,,8854809.6,1 ha worked,,laser_leveler_singlescore_12.json,8854809.6,1.0,,4686307.2,1 ha worked,,rotary_tiller_singlescore_14.json,4686307.2,0.0,,1833385.2000000002,1 ha worked,,seeder_singlescore_17.json,0.0,3.0690121786,,127767.9,1 ha worked,,sprayer_singlescore_15.json,392121.2411341469,36022478.04113415
C8_2024,C8,2024,ha,"Resource use, minerals and metals",Pt,3.0,,1.5072e-06,1 ha worked,,centrifugal_spreader_singlescore_13.json,4.5216e-06,1.0,,1.2384e-05,1 ha worked,,combine_harvester_singlescore_16.json,1.2384e-05,3.0,,6.095999999999998e-07,1 ha worked,,disk_harrow_singlescore_11.json,1.8287999999999995e-06,1.0,,4.4015999999999995e-06,1 ha worked,,laser_leveler_singlescore_12.json,4.4015999999999995e-06,1.0,,2.976e-06,1 ha worked,,rotary_tiller_singlescore_14.json,2.976e-06,0.0,,1.7759999999999998e-06,1 ha worked,,seeder_singlescore_17.json,0.0,3.0690121786,,1.3968e-07,1 ha worked,,sprayer_singlescore_15.json,4.2867962110684796e-07,2.6540679621106845e-05
C8_2024,C8,2024,ha,Total,Pt,3.0,,18203540.602892786,1 ha worked,,centrifugal_spreader_singlescore_13.json,54610621.80867836,1.0,,101551998.37990059,1 ha worked,,combine_harvester_singlescore_16.json,101551998.37990059,3.0,,16844590.994255494,1 ha worked,,disk_harrow_singlescore_11.json,50533772.98276648,1.0,,80616648.64674218,1 ha worked,,laser_leveler_singlescore_12.json,80616648.64674218,1.0,,51483431.65711595,1 ha worked,,rotary_tiller_singlescore_14.json,51483431.65711595,0.0,,20774237.986285694,1 ha worked,,seeder_singlescore_17.json,0.0,3.0690121786,,11253191.91303122,1 ha worked,,sprayer_singlescore_15.json,34536183.02921585,373332656.50441945
C8_2024,C8,2024,ha,Water use,Pt,3.0,,2065.69,1 ha worked,,centrifugal_spreader_singlescore_13.json,6197.07,1.0,,12531.2,1 ha worked,,combine_harvester_singlescore_16.json,12531.2,3.0,,837.045,1 ha worked,,disk_harrow_singlescore_11.json,2511.1349999999998,1.0,,7773.259999999999,1 ha worked,,laser_leveler_singlescore_12.json,7773.259999999999,1.0,,6275.389999999999,1 ha worked,,rotary_tiller_singlescore_14.json,6275.389999999999,0.0,,3367.76,1 ha worked,,seeder_singlescore_17.json,0.0,3.0690121786,,230.065,1 ha worked,,sprayer_singlescore_15.json,706.072286869609,35994.1272868696
D1_2022,D1,2022,ha,Acidification,Pt,1.5387755102,,0.8703199999999999,1 ha worked,,centrifugal_spreader_singlescore_13.json,1.339227102037264,1.0,,6.1575999999999995,1 ha worked,,combine_harvester_singlescore_16.json,6.1575999999999995,3.0,,0.6948799999999999,1 ha worked,,disk_harrow_singlescore_11.json,2.08464,1.0,,3.784,1 ha worked,,laser_leveler_singlescore_12.json,3.784,1.0,,1.95048,1 ha worked,,rotary_tiller_singlescore_14.json,1.95048,1.0,,0.39904,1 ha worked,,seeder_singlescore_17.json,0.39904,7.7714285714,,0.057448000000000006,1 ha worked,,sprayer_singlescore_15.json,0.44645302856978725,16.16144013060705
D1_2022,D1,2022,ha,Climate change,Pt,1.5387755102,,47577.59999999999,1 ha worked,,centrifugal_spreader_singlescore_13.json,73211.2457140915,1.0,,293625.3,1 ha worked,,combine_harvester_singlescore_16.json,293625.3,3.0,,36196.5,1 ha worked,,disk_harrow_singlescore_11.json,108589.5,1.0,,219798.59999999998,1 ha worked,,laser_leveler_singlescore_12.json,219798.59999999998,1.0,,123280.5,1 ha worked,,rotary_tiller_singlescore_14.json,123280.5,1.0,,50037.9,1 ha worked,,seeder_singlescore_17.json,50037.9,7.7714285714,,3416.1000000000004,1 ha worked,,sprayer_singlescore_15.json,26547.977142759544,895091.0228568511
D1_2022,D1,2022,ha,Climate change - Biogenic,Pt,1.5387755102,,0.0,1 ha worked,,centrifugal_spreader_singlescore_13.json,0.0,1.0,,0.0,1 ha worked,,combine_harvester_singlescore_16.json,0.0,3.0,,0.0,1 ha worked,,disk_harrow_singlescore_11.json,0.0,1.0,,0.0,1 ha worked,,laser_leveler_singlescore_12.json,0.0,1.0,,0.0,1 ha worked,,rotary_tiller_singlescore_14.json,0.0,1.0,,0.0,1 ha worked,,seeder_singlescore_17.json,0.0,7.7714285714,,0.0,1 ha worked,,sprayer_singlescore_15.json,0.0,0.0
D1_2022,D1,2022,ha,Climate change - Fossil,Pt,1.5387755102,,0.0,1 ha worked,,centrifugal_spreader_singlescore_13.json,0.0,1.0,,0.0,1 ha worked,,combine_harvester_singlescore_16.json,0.0,3.0,,0.0,1 ha worked,,disk_harrow_singlescore_11.json,0.0,1.0,,0.0,1 ha worked,,laser_leveler_singlescore_12.json,0.0,1.0,,0.0,1 ha worked,,rotary_tiller_singlescore_14.json,0.0,1.0,,0.0,1 ha worked,,seeder_singlescore_17.json,0.0,7.7714285714,,0.0,1 ha worked,,sprayer_singlescore_15.json,0.0,0.0
D1_2022,D1,2022,ha,Climate change - Land use and LU change,Pt,1.5387755102,,0.0,1 ha worked,,centrifugal_spreader_singlescore_13.json,0.0,1.0,,0.0,1 ha worked,,combine_harvester_singlescore_16.json,0.0,3.0,,0.0,1 ha worked,,disk_harrow_singlescore_11.json,0.0,1.0,,0.0,1 ha worked,,laser_leveler_singlescore_12.json,0.0,1.0,,0.0,1 ha worked,,rotary_tiller_singlescore_14.json,0.0,1.0,,0.0,1 ha worked,,seeder_singlescore_17.json,0.0,7.7714285714,,0.0,1 ha worked,,sprayer_singlescore_15.json,0.0,0.0
D1_2022,D1,2022,ha,"Ecotoxicity, freshwater",Pt,1.5387755102,,92856.62000000001,1 ha worked,,centrifugal_spreader_singlescore_13.json,142885.49281594754,1.0,,619566.99,1 ha worked,,combine_harvester_singlescore_16.json,619566.99,3.0,,53553.84,1 ha worked,,disk_harrow_singlescore_11.json,160661.52,1.0,,360473.73,1 ha worked,,laser_leveler_singlescore_12.json,360473.73,1.0,,257538.30999999997,1 ha worked,,rotary_tiller_singlescore_14.json,257538.30999999997,1.0,,133625.82,1 ha worked,,seeder_singlescore_17.json,133625.82,7.7714285714,,7323.02,1 ha worked,,sprayer_singlescore_15.json,56910.326856933636,1731662.189672881
D1_2022,D1,2022,ha,"Ecotoxicity, freshwater - inorganics",Pt,1.5387755102,,0.0,1 ha worked,,centrifugal_spreader_singlescore_13.json,0.0,1.0,,0.0,1 ha worked,,combine_harvester_singlescore_16.json,0.0,3.0,,0.0,1 ha worked,,disk_harrow_singlescore_11.json,0.0,1.0,,0.0,1 ha worked,,laser_leveler_singlescore_12.json,0.0,1.0,,0.0,1 ha worked,,rotary_tiller_singlescore_14.json,0.0,1.0,,0.0,1 ha worked,,seeder_singlescore_17.json,0.0,7.7714285714,,0.0,1 ha worked,,sprayer_singlescore_15.json,0.0,0.0
D1_2022,D1,2022,ha,"Ecotoxicity, freshwater - metals",Pt,1.5387755102,,0.0,1 ha worked,,centrifugal_spreader_singlescore_13.json,0.0,1.0,,0.0,1 ha worked,,combine_harvester_singlescore_16.json,0.0,3.0,,0.0,1 ha worked,,disk_harrow_singlescore_11.json,0.0,1.0,,0.0,1 ha worked,,laser_leveler_singlescore_12.json,0.0,1.0,,0.0,1 ha worked,,rotary_tiller_singlescore_14.json,0.0,1.0,,0.0,1 ha worked,,seeder_singlescore_17.json,0.0,7.7714285714,,0.0,1 ha worked,,sprayer_singlescore_15.json,0.0,0.0
D1_2022,D1,2022,ha,"Ecotoxicity, freshwater - organics",Pt,1.5387755102,,0.0,1 ha worked,,centrifugal_spreader_singlescore_13.json,0.0,1.0,,0.0,1 ha worked,,combine_harvester_singlescore_16.json,0.0,3.0,,0.0,1 ha worked,,disk_harrow_singlescore_11.json,0.0,1.0,,0.0,1 ha worked,,laser_leveler_singlescore_12.json,0.0,1.0,,0.0,1 ha worked,,rotary_tiller_singlescore_14.json,0.0,1.0,,0.0,1 ha worked,,seeder_singlescore_17.json,0.0,7.7714285714,,0.0,1 ha worked,,sprayer_singlescore_15.json,0.0,0.0
D1_2022,D1,2022,ha,"Eutrophication, freshwater",Pt,1.5387755102,,7.1276e-05,1 ha worked,,centrifugal_spreader_singlescore_13.json,0.0001096777632650152,1.0,,0.00048615999999999997,1 ha worked,,combine_harvester_singlescore_16.json,0.00048615999999999997,3.0,,3.0076e-05,1 ha worked,,disk_harrow_singlescore_11.json,9.0228e-05,1.0,,0.00026574,1 ha worked,,laser_leveler_singlescore_12.json,0.00026574,1.0,,0.00023895999999999998,1 ha worked,,rotary_tiller_singlescore_14.json,0.00023895999999999998,1.0,,0.00014111,1 ha worked,,seeder_singlescore_17.json,0.00014111,7.7714285714,,5.6032e-06,1 ha worked,,sprayer_singlescore_15.json,4.354486857126848e-05,0.0013754206318362838
D1_2022,D1,2022,ha,"Eutrophication, marine",Pt,1.5387755102,,0.08380000000000001,1 ha worked,,centrifugal_spreader_singlescore_13.json,0.12894938775476003,1.0,,0.610902,1 ha worked,,combine_harvester_singlescore_16.json,0.610902,3.0,,0.0708948,1 ha worked,,disk_harrow_singlescore_11.json,0.2126844,1.0,,0.37207199999999996,1 ha worked,,laser_leveler_singlescore_12.json,0.37207199999999996,1.0,,0.17849399999999999,1 ha worked,,rotary_tiller_singlescore_14.json,0.17849399999999999,1.0,,0.017262800000000002,1 ha worked,,seeder_singlescore_17.json,0.017262800000000002,7.7714285714,,0.005413480000000001,1 ha worked,,sprayer_singlescore_15.json,0.04207047314270248,1.5624350608974622
D1_2022,D1,2022,ha,"Eutrophication, terrestrial",Pt,1.5387755102,,7.227,1 ha worked,,centrifugal_spreader_singlescore_13.json,11.1207306122154,1.0,,52.3629,1 ha worked,,combine_harvester_singlescore_16.json,52.3629,3.0,,6.09039,1 ha worked,,disk_harrow_singlescore_11.json,18.27117,1.0,,31.9302,1 ha worked,,laser_leveler_singlescore_12.json,31.9302,1.0,,15.308100000000001,1 ha worked,,rotary_tiller_singlescore_14.json,15.308100000000001,1.0,,1.43226,1 ha worked,,seeder_singlescore_17.json,1.43226,7.7714285714,,0.46252800000000005,1 ha worked,,sprayer_singlescore_15.json,3.5945033142724996,134.01986392648791
D1_2022,D1,2022,ha,"Human toxicity, cancer",Pt,1.5387755102,,1.6072e-14,1 ha worked,,centrifugal_spreader_singlescore_13.json,2.4731199999934402e-14,1.0,,1.0988000000000001e-13,1 ha worked,,combine_harvester_singlescore_16.json,1.0988000000000001e-13,3.0,,9.265999999999999e-15,1 ha worked,,disk_harrow_singlescore_11.json,2.7797999999999996e-14,1.0,,8.446e-14,1 ha worked,,laser_leveler_singlescore_12.json,8.446e-14,1.0,,9.348e-14,1 ha worked,,rotary_tiller_singlescore_14.json,9.348e-14,1.0,,4.5428e-14,1 ha worked,,seeder_singlescore_17.json,4.5428e-14,7.7714285714,,1.5661999999999999e-15,1 ha worked,,sprayer_singlescore_15.json,1.217161142852668e-14,3.9794881142846113e-13
D1_2022,D1,2022,ha,"Human toxicity, cancer - inorganics",Pt,1.5387755102,,0.0,1 ha worked,,centrifugal_spreader_singlescore_13.json,0.0,1.0,,0.0,1 ha worked,,combine_harvester_singlescore_16.json,0.0,3.0,,0.0,1 ha worked,,disk_harrow_singlescore_11.json,0.0,1.0,,0.0,1 ha worked,,laser_leveler_singlescore_12.json,0.0,1.0,,0.0,1 ha worked,,rotary_tiller_singlescore_14.json,0.0,1.0,,0.0,1 ha worked,,seeder_singlescore_17.json,0.0,7.7714285714,,0.0,1 ha worked,,sprayer_singlescore_15.json,0.0,0.0
D1_2022,D1,2022,ha,"Human toxicity, cancer - metals",Pt,1.5387755102,,0.0,1 ha worked,,centrifugal_spreader_singlescore_13.json,0.0,1.0,,0.0,1 ha worked,,combine_harvester_singlescore_16.json,0.0,3.0,,0.0,1 ha worked,,disk_harrow_singlescore_11.json,0.0,1.0,,0.0,1 ha worked,,laser_leveler_singlescore_12.json,0.0,1.0,,0.0,1 ha worked,,rotary_tiller_singlescore_14.json,0.0,1.0,,0.0,1 ha worked,,seeder_singlescore_17.json,0.0,7.7714285714,,0.0,1 ha worked,,sprayer_singlescore_15.json,0.0,0.0
D1_2022,D1,2022,ha,"Human toxicity, cancer - organics",Pt,1.5387755102,,0.0,1 ha worked,,centrifugal_spreader_singlescore_13.json,0.0,1.0,,0.0,1 ha worked,,combine_harvester_singlescore_16.json,0.0,3.0,,0.0,1 ha worked,,disk_harrow_singlescore_11.json,0.0,1.0,,0.0,1 ha worked,,laser_leveler_singlescore_12.json,0.0,1.0,,0.0,1 ha worked,,rotary_tiller_singlescore_14.json,0.0,1.0,,0.0,1 ha worked,,seeder_singlescore_17.json,0.0,7.7714285714,,0.0,1 ha worked,,sprayer_singlescore_15.json,0.0,0.0
D1_2022,D1,2022,ha,"Human toxicity, non-cancer",Pt,1.5387755102,,5.2352599999999984e-12,1 ha worked,,centrifugal_spreader_singlescore_13.json,8.05588987752965e-12,1.0,,3.0240399999999995e-11,1 ha worked,,combine_harvester_singlescore_16.json,3.0240399999999995e-11,3.0,,7.796079999999999e-12,1 ha worked,,disk_harrow_singlescore_11.json,2.3388239999999995e-11,1.0,,1.748e-11,1 ha worked,,laser_leveler_singlescore_12.json,1.748e-11,1.0,,1.1973799999999998e-11,1 ha worked,,rotary_tiller_singlescore_14.json,1.1973799999999998e-11,1.0,,9.351799999999999e-12,1 ha worked,,seeder_singlescore_17.json,9.351799999999999e-12,7.7714285714,,1.1099799999999999e-12,1 ha worked,,sprayer_singlescore_15.json,8.626130285682572e-12,1.091162601632122e-10
D1_2022,D1,2022,ha,"Human toxicity, non-cancer - inorganics",Pt,1.5387755102,,0.0,1 ha worked,,centrifugal_spreader_singlescore_13.json,0.0,1.0,,0.0,1 ha worked,,combine_harvester_singlescore_16.json,0.0,3.0,,0.0,1 ha worked,,disk_harrow_singlescore_11.json,0.0,1.0,,0.0,1 ha worked,,laser_leveler_singlescore_12.json,0.0,1.0,,0.0,1 ha worked,,rotary_tiller_singlescore_14.json,0.0,1.0,,0.0,1 ha worked,,seeder_singlescore_17.json,0.0,7.7714285714,,0.0,1 ha worked,,sprayer_singlescore_15.json,0.0,0.0
D1_2022,D1,2022,ha,"Human toxicity, non-cancer - metals",Pt,1.5387755102,,0.0,1 ha worked,,centrifugal_spreader_singlescore_13.json,0.0,1.0,,0.0,1 ha worked,,combine_harvester_singlescore_16.json,0.0,3.0,,0.0,1 ha worked,,disk_harrow_singlescore_11.json,0.0,1.0,,0.0,1 ha worked,,laser_leveler_singlescore_12.json,0.0,1.0,,0.0,1 ha worked,,rotary_tiller_singlescore_14.json,0.0,1.0,,0.0,1 ha worked,,seeder_singlescore_17.json,0.0,7.7714285714,,0.0,1 ha worked,,sprayer_singlescore_15.json,0.0,0.0
D1_2022,D1,2022,ha,"Human toxicity, non-cancer - organics",Pt,1.5387755102,,0.0,1 ha worked,,centrifugal_spreader_singlescore_13.json,0.0,1.0,,0.0,1 ha worked,,combine_harvester_singlescore_16.json,0.0,3.0,,0.0,1 ha worked,,disk_harrow_singlescore_11.json,0.0,1.0,,0.0,1 ha worked,,laser_leveler_singlescore_12.json,0.0,1.0,,0.0,1 ha worked,,rotary_tiller_singlescore_14.json,0.0,1.0,,0.0,1 ha worked,,seeder_singlescore_17.json,0.0,7.7714285714,,0.0,1 ha worked,,sprayer_singlescore_15.json,0.0,0.0
D1_2022,D1,2022,ha,Ionising radiation,Pt,1.5387755102,,362.9200000000001,1 ha worked,,centrifugal_spreader_singlescore_13.json,558.4524081617841,1.0,,2213.39,1 ha worked,,combine_harvester_singlescore_16.json,2213.39,3.0,,267.96999999999997,1 ha worked,,disk_harrow_singlescore_11.json,803.9099999999999,1.0,,1664.79,1 ha worked,,laser_leveler_singlescore_12.json,1664.79,1.0,,911.52,1 ha worked,,rotary_tiller_singlescore_14.json,911.52,1.0,,369.25,1 ha worked,,seeder_singlescore_17.json,369.25,7.7714285714,,24.264999999999997,1 ha worked,,sprayer_singlescore_15.json,188.573714285021,6709.8861224468055
D1_2022,D1,2022,ha,Land use,Pt,1.5387755102,,16120529.999999998,1 ha worked,,centrifugal_spreader_singlescore_13.json,24805876.775444403,1.0,,88815540.0,1 ha worked,,combine_harvester_singlescore_16.json,88815540.0,3.0,,15266940.0,1 ha worked,,disk_harrow_singlescore_11.json,45800820.0,1.0,,71172090.0,1 ha worked,,laser_leveler_singlescore_12.json,71172090.0,1.0,,46409100.0,1 ha worked,,rotary_tiller_singlescore_14.json,46409100.0,1.0,,18753450.0,1 ha worked,,seeder_singlescore_17.json,18753450.0,7.7714285714,,11114430.0,1 ha worked,,sprayer_singlescore_15.json,86374998.8568253,382131875.6322697
D1_2022,D1,2022,ha,Ozone depletion,Pt,1.5387755102,,7.3408e-09,1 ha worked,,centrifugal_spreader_singlescore_13.json,1.1295843265276161e-08,1.0,,4.4843999999999994e-08,1 ha worked,,combine_harvester_singlescore_16.json,4.4843999999999994e-08,3.0,,6.1716e-09,1 ha worked,,disk_harrow_singlescore_11.json,1.85148e-08,1.0,,3.1524e-08,1 ha worked,,laser_leveler_singlescore_12.json,3.1524e-08,1.0,,1.47556e-08,1 ha worked,,rotary_tiller_singlescore_14.json,1.47556e-08,1.0,,5.209600000000001e-09,1 ha worked,,seeder_singlescore_17.json,5.209600000000001e-09,7.7714285714,,4.765600000000001e-10,1 ha worked,,sprayer_singlescore_15.json,3.7035519999863845e-09,1.2984739526526254e-07
D1_2022,D1,2022,ha,Particulate matter,Pt,1.5387755102,,5.4204899999999996e-11,1 ha worked,,centrifugal_spreader_singlescore_13.json,8.340917265283998e-11,1.0,,3.4657700000000003e-10,1 ha worked,,combine_harvester_singlescore_16.json,3.4657700000000003e-10,3.0,,4.00589e-11,1 ha worked,,disk_harrow_singlescore_11.json,1.201767e-10,1.0,,2.3533799999999997e-10,1 ha worked,,laser_leveler_singlescore_12.json,2.3533799999999997e-10,1.0,,1.7875400000000004e-10,1 ha worked,,rotary_tiller_singlescore_14.json,1.7875400000000004e-10,1.0,,9.130600000000001e-11,1 ha worked,,seeder_singlescore_17.json,9.130600000000001e-11,7.7714285714,,7.844600000000002e-12,1 ha worked,,sprayer_singlescore_15.json,6.096374857120446e-11,1.1165246212240444e-09
D1_2022,D1,2022,ha,Photochemical ozone formation,Pt,1.5387755102,,0.5917,1 ha worked,,centrifugal_spreader_singlescore_13.json,0.91049346938534,1.0,,4.268,1 ha worked,,combine_harvester_singlescore_16.json,4.268,3.0,,0.48305999999999993,1 ha worked,,disk_harrow_singlescore_11.json,1.4491799999999997,1.0,,2.5802,1 ha worked,,laser_leveler_singlescore_12.json,2.5802,1.0,,1.2998,1 ha worked,,rotary_tiller_singlescore_14.json,1.2998,1.0,,0.20757999999999996,1 ha worked,,seeder_singlescore_17.json,0.20757999999999996,7.7714285714,,0.037635999999999996,1 ha worked,,sprayer_singlescore_15.json,0.29248548571321037,11.00773895509855
D1_2022,D1,2022,ha,"Resource use, fossils",Pt,1.5387755102,,1940138.9999999998,1 ha worked,,centrifugal_spreader_singlescore_13.json,2985438.3795839176,1.0,,11808458.1,1 ha worked,,combine_harvester_singlescore_16.json,11808458.1,3.0,,1486788.3,1 ha worked,,disk_harrow_singlescore_11.json,4460364.9,1.0,,8854809.6,1 ha worked,,laser_leveler_singlescore_12.json,8854809.6,1.0,,4686307.2,1 ha worked,,rotary_tiller_singlescore_14.json,4686307.2,1.0,,1833385.2000000002,1 ha worked,,seeder_singlescore_17.json,1833385.2000000002,7.7714285714,,127767.9,1 ha worked,,sprayer_singlescore_15.json,992939.108567778,35621702.4881517
D1_2022,D1,2022,ha,"Resource use, minerals and metals",Pt,1.5387755102,,1.5072e-06,1 ha worked,,centrifugal_spreader_singlescore_13.json,2.31924244897344e-06,1.0,,1.2384e-05,1 ha worked,,combine_harvester_singlescore_16.json,1.2384e-05,3.0,,6.095999999999998e-07,1 ha worked,,disk_harrow_singlescore_11.json,1.8287999999999995e-06,1.0,,4.4015999999999995e-06,1 ha worked,,laser_leveler_singlescore_12.json,4.4015999999999995e-06,1.0,,2.976e-06,1 ha worked,,rotary_tiller_singlescore_14.json,2.976e-06,1.0,,1.7759999999999998e-06,1 ha worked,,seeder_singlescore_17.json,1.7759999999999998e-06,7.7714285714,,1.3968e-07,1 ha worked,,sprayer_singlescore_15.json,1.085513142853152e-06,2.677115559182659e-05
D1_2022,D1,2022,ha,Total,Pt,1.5387755102,,18203540.602892786,1 ha worked,,centrifugal_spreader_singlescore_13.json,28011162.478662763,1.0,,101551998.37990059,1 ha worked,,combine_harvester_singlescore_16.json,101551998.37990059,3.0,,16844590.994255494,1 ha worked,,disk_harrow_singlescore_11.json,50533772.98276648,1.0,,80616648.64674218,1 ha worked,,laser_leveler_singlescore_12.json,80616648.64674218,1.0,,51483431.65711595,1 ha worked,,rotary_tiller_singlescore_14.json,51483431.65711595,1.0,,20774237.986285694,1 ha worked,,seeder_singlescore_17.json,20774237.986285694,7.7714285714,,11253191.91303122,1 ha worked,,sprayer_singlescore_15.json,87453377.15237826,420424629.28385186
D1_2022,D1,2022,ha,Water use,Pt,1.5387755102,,2065.69,1 ha worked,,centrifugal_spreader_singlescore_13.json,3178.6331836650384,1.0,,12531.2,1 ha worked,,combine_harvester_singlescore_16.json,12531.2,3.0,,837.045,1 ha worked,,disk_harrow_singlescore_11.json,2511.1349999999998,1.0,,7773.259999999999,1 ha worked,,laser_leveler_singlescore_12.json,7773.259999999999,1.0,,6275.389999999999,1 ha worked,,rotary_tiller_singlescore_14.json,6275.389999999999,1.0,,3367.76,1 ha worked,,seeder_singlescore_17.json,3367.76,7.7714285714,,230.065,1 ha worked,,sprayer_singlescore_15.json,1787.933714279141,37425.31189794418
D1_2023,D1,2023,ha,Acidification,Pt,3.0,,0.8703199999999999,1 ha worked,,centrifugal_spreader_singlescore_13.json,2.6109599999999995,1.0,,6.1575999999999995,1 ha worked,,combine_harvester_singlescore_16.json,6.1575999999999995,3.0,,0.6948799999999999,1 ha worked,,disk_harrow_singlescore_11.json,2.08464,1.0,,3.784,1 ha worked,,laser_leveler_singlescore_12.json,3.784,1.0,,1.95048,1 ha worked,,rotary_tiller_singlescore_14.json,1.95048,0.0,,0.39904,1 ha worked,,seeder_singlescore_17.json,0.0,8.0,,0.057448000000000006,1 ha worked,,sprayer_singlescore_15.json,0.45958400000000005,17.047264
D1_2023,D1,2023,ha,Climate change,Pt,3.0,,47577.59999999999,1 ha worked,,centrifugal_spreader_singlescore_13.json,142732.8,1.0,,293625.3,1 ha worked,,combine_harvester_singlescore_16.json,293625.3,3.0,,36196.5,1 ha worked,,disk_harrow_singlescore_11.json,108589.5,1.0,,219798.59999999998,1 ha worked,,laser_leveler_singlescore_12.json,219798.59999999998,1.0,,123280.5,1 ha worked,,rotary_tiller_singlescore_14.json,123280.5,0.0,,50037.9,1 ha worked,,seeder_singlescore_17.json,0.0,8.0,,3416.1000000000004,1 ha worked,,sprayer_singlescore_15.json,27328.800000000003,915355.5
D1_2023,D1,2023,ha,Climate change - Biogenic,Pt,3.0,,0.0,1 ha worked,,centrifugal_spreader_singlescore_13.json,0.0,1.0,,0.0,1 ha worked,,combine_harvester_singlescore_16.json,0.0,3.0,,0.0,1 ha worked,,disk_harrow_singlescore_11.json,0.0,1.0,,0.0,1 ha worked,,laser_leveler_singlescore_12.json,0.0,1.0,,0.0,1 ha worked,,rotary_tiller_singlescore_14.json,0.0,0.0,,0.0,1 ha worked,,seeder_singlescore_17.json,0.0,8.0,,0.0,1 ha worked,,sprayer_singlescore_15.json,0.0,0.0
D1_2023,D1,2023,ha,Climate change - Fossil,Pt,3.0,,0.0,1 ha worked,,centrifugal_spreader_singlescore_13.json,0.0,1.0,,0.0,1 ha worked,,combine_harvester_singlescore_16.json,0.0,3.0,,0.0,1 ha worked,,disk_harrow_singlescore_11.json,0.0,1.0,,0.0,1 ha worked,,laser_leveler_singlescore_12.json,0.0,1.0,,0.0,1 ha worked,,rotary_tiller_singlescore_14.json,0.0,0.0,,0.0,1 ha worked,,seeder_singlescore_17.json,0.0,8.0,,0.0,1 ha worked,,sprayer_singlescore_15.json,0.0,0.0
D1_2023,D1,2023,ha,Climate change - Land use and LU change,Pt,3.0,,0.0,1 ha worked,,centrifugal_spreader_singlescore_13.json,0.0,1.0,,0.0,1 ha worked,,combine_harvester_singlescore_16.json,0.0,3.0,,0.0,1 ha worked,,disk_harrow_singlescore_11.json,0.0,1.0,,0.0,1 ha worked,,laser_leveler_singlescore_12.json,0.0,1.0,,0.0,1 ha worked,,rotary_tiller_singlescore_14.json,0.0,0.0,,0.0,1 ha worked,,seeder_singlescore_17.json,0.0,8.0,,0.0,1 ha worked,,sprayer_singlescore_15.json,0.0,0.0
D1_2023,D1,2023,ha,"Ecotoxicity, freshwater",Pt,3.0,,92856.62000000001,1 ha worked,,centrifugal_spreader_singlescore_13.json,278569.86000000004,1.0,,619566.99,1 ha worked,,combine_harvester_singlescore_16.json,619566.99,3.0,,53553.84,1 ha worked,,disk_harrow_singlescore_11.json,160661.52,1.0,,360473.73,1 ha worked,,laser_leveler_singlescore_12.json,360473.73,1.0,,257538.30999999997,1 ha worked,,rotary_tiller_singlescore_14.json,257538.30999999997,0.0,,133625.82,1 ha worked,,seeder_singlescore_17.json,0.0,8.0,,7323.02,1 ha worked,,sprayer_singlescore_15.json,58584.16,1735394.57
D1_2023,D1,2023,ha,"Ecotoxicity, freshwater - inorganics",Pt,3.0,,0.0,1 ha worked,,centrifugal_spreader_singlescore_13.json,0.0,1.0,,0.0,1 ha worked,,combine_harvester_singlescore_16.json,0.0,3.0,,0.0,1 ha worked,,disk_harrow_singlescore_11.json,0.0,1.0,,0.0,1 ha worked,,laser_leveler_singlescore_12.json,0.0,1.0,,0.0,1 ha worked,,rotary_tiller_singlescore_14.json,0.0,0.0,,0.0,1 ha worked,,seeder_singlescore_17.json,0.0,8.0,,0.0,1 ha worked,,sprayer_singlescore_15.json,0.0,0.0
D1_2023,D1,2023,ha,"Ecotoxicity, freshwater - metals",Pt,3.0,,0.0,1 ha worked,,centrifugal_spreader_singlescore_13.json,0.0,1.0,,0.0,1 ha worked,,combine_harvester_singlescore_16.json,0.0,3.0,,0.0,1 ha worked,,disk_harrow_singlescore_11.json,0.0,1.0,,0.0,1 ha worked,,laser_leveler_singlescore_12.json,0.0,1.0,,0.0,1 ha worked,,rotary_tiller_singlescore_14.json,0.0,0.0,,0.0,1 ha worked,,seeder_singlescore_17.json,0.0,8.0,,0.0,1 ha worked,,sprayer_singlescore_15.json,0.0,0.0
D1_2023,D1,2023,ha,"Ecotoxicity, freshwater - organics",Pt,3.0,,0.0,1 ha worked,,centrifugal_spreader_singlescore_13.json,0.0,1.0,,0.0,1 ha worked,,combine_harvester_singlescore_16.json,0.0,3.0,,0.0,1 ha worked,,disk_harrow_singlescore_11.json,0.0,1.0,,0.0,1 ha worked,,laser_leveler_singlescore_12.json,0.0,1.0,,0.0,1 ha worked,,rotary_tiller_singlescore_14.json,0.0,0.0,,0.0,1 ha worked,,seeder_singlescore_17.json,0.0,8.0,,0.0,1 ha worked,,sprayer_singlescore_15.json,0.0,0.0
D1_2023,D1,2023,ha,"Eutrophication, freshwater",Pt,3.0,,7.1276e-05,1 ha worked,,centrifugal_spreader_singlescore_13.json,0.000213828,1.0,,0.00048615999999999997,1 ha worked,,combine_harvester_singlescore_16.json,0.00048615999999999997,3.0,,3.0076e-05,1 ha worked,,disk_harrow_singlescore_11.json,9.0228e-05,1.0,,0.00026574,1 ha worked,,laser_leveler_singlescore_12.json,0.00026574,1.0,,0.00023895999999999998,1 ha worked,,rotary_tiller_singlescore_14.json,0.00023895999999999998,0.0,,0.00014111,1 ha worked,,seeder_singlescore_17.json,0.0,8.0,,5.6032e-06,1 ha worked,,sprayer_singlescore_15.json,4.48256e-05,0.0013397415999999997
D1_2023,D1,2023,ha,"Eutrophication, marine",Pt,3.0,,0.08380000000000001,1 ha worked,,centrifugal_spreader_singlescore_13.json,0.25140000000000007,1.0,,0.610902,1 ha worked,,combine_harvester_singlescore_16.json,0.610902,3.0,,0.0708948,1 ha worked,,disk_harrow_singlescore_11.json,0.2126844,1.0,,0.37207199999999996,1 ha worked,,laser_leveler_singlescore_12.json,0.37207199999999996,1.0,,0.17849399999999999,1 ha worked,,rotary_tiller_singlescore_14.json,0.17849399999999999,0.0,,0.017262800000000002,1 ha worked,,seeder_singlescore_17.json,0.0,8.0,,0.005413480000000001,1 ha worked,,sprayer_singlescore_15.json,0.04330784000000001,1.6688602399999999
D1_2023,D1,2023,ha,"Eutrophication, terrestrial",Pt,3.0,,7.227,1 ha worked,,centrifugal_spreader_singlescore_13.json,21.681,1.0,,52.3629,1 ha worked,,combine_harvester_singlescore_16.json,52.3629,3.0,,6.09039,1 ha worked,,disk_harrow_singlescore_11.json,18.27117,1.0,,31.9302,1 ha worked,,laser_leveler_singlescore_12.json,31.9302,1.0,,15.308100000000001,1 ha worked,,rotary_tiller_singlescore_14.json,15.308100000000001,0.0,,1.43226,1 ha worked,,seeder_singlescore_17.json,0.0,8.0,,0.46252800000000005,1 ha worked,,sprayer_singlescore_15.json,3.7002240000000004,143.253594
D1_2023,D1,2023,ha,"Human toxicity, cancer",Pt,3.0,,1.6072e-14,1 ha worked,,centrifugal_spreader_singlescore_13.json,4.8216e-14,1.0,,1.0988000000000001e-13,1 ha worked,,combine_harvester_singlescore_16.json,1.0988000000000001e-13,3.0,,9.265999999999999e-15,1 ha worked,,disk_harrow_singlescore_11.json,2.7797999999999996e-14,1.0,,8.446e-14,1 ha worked,,laser_leveler_singlescore_12.json,8.446e-14,1.0,,9.348e-14,1 ha worked,,rotary_tiller_singlescore_14.json,9.348e-14,0.0,,4.5428e-14,1 ha worked,,seeder_singlescore_17.json,0.0,8.0,,1.5661999999999999e-15,1 ha worked,,sprayer_singlescore_15.json,1.2529599999999999e-14,3.763636000000001e-13
D1_2023,D1,2023,ha,"Human toxicity, cancer - inorganics",Pt,3.0,,0.0,1 ha worked,,centrifugal_spreader_singlescore_13.json,0.0,1.0,,0.0,1 ha worked,,combine_harvester_singlescore_16.json,0.0,3.0,,0.0,1 ha worked,,disk_harrow_singlescore_11.json,0.0,1.0,,0.0,1 ha worked,,laser_leveler_singlescore_12.json,0.0,1.0,,0.0,1 ha worked,,rotary_tiller_singlescore_14.json,0.0,0.0,,0.0,1 ha worked,,seeder_singlescore_17.json,0.0,8.0,,0.0,1 ha worked,,sprayer_singlescore_15.json,0.0,0.0
D1_2023,D1,2023,ha,"Human toxicity, cancer - metals",Pt,3.0,,0.0,1 ha worked,,centrifugal_spreader_singlescore_13.json,0.0,1.0,,0.0,1 ha worked,,combine_harvester_singlescore_16.json,0.0,3.0,,0.0,1 ha worked,,disk_harrow_singlescore_11.json,0.0,1.0,,0.0,1 ha worked,,laser_leveler_singlescore_12.json,0.0,1.0,,0.0,1 ha worked,,rotary_tiller_singlescore_14.json,0.0,0.0,,0.0,1 ha worked,,seeder_singlescore_17.json,0.0,8.0,,0.0,1 ha worked,,sprayer_singlescore_15.json,0.0,0.0
D1_2023,D1,2023,ha,"Human toxicity, cancer - organics",Pt,3.0,,0.0,1 ha worked,,centrifugal_spreader_singlescore_13.json,0.0,1.0,,0.0,1 ha worked,,combine_harvester_singlescore_16.json,0.0,3.0,,0.0,1 ha worked,,disk_harrow_singlescore_11.json,0.0,1.0,,0.0,1 ha worked,,laser_leveler_singlescore_12.json,0.0,1.0,,0.0,1 ha worked,,rotary_tiller_singlescore_14.json,0.0,0.0,,0.0,1 ha worked,,seeder_singlescore_17.json,0.0,8.0,,0.0,1 ha worked,,sprayer_singlescore_15.json,0.0,0.0
D1_2023,D1,2023,ha,"Human toxicity, non-cancer",Pt,3.0,,5.2352599999999984e-12,1 ha worked,,centrifugal_spreader_singlescore_13.json,1.5705779999999997e-11,1.0,,3.0240399999999995e-11,1 ha worked,,combine_harvester_singlescore_16.json,3.0240399999999995e-11,3.0,,7.796079999999999e-12,1 ha worked,,disk_harrow_singlescore_11.json,2.3388239999999995e-11,1.0,,1.748e-11,1 ha worked,,laser_leveler_singlescore_12.json,1.748e-11,1.0,,1.1973799999999998e-11,1 ha worked,,rotary_tiller_singlescore_14.json,1.1973799999999998e-11,0.0,,9.351799999999999e-12,1 ha worked,,seeder_singlescore_17.json,0.0,8.0,,1.1099799999999999e-12,1 ha worked,,sprayer_singlescore_15.json,8.879839999999999e-12,1.0766805999999998e-10
D1_2023,D1,2023,ha,"Human toxicity, non-cancer - inorganics",Pt,3.0,,0.0,1 ha worked,,centrifugal_spreader_singlescore_13.json,0.0,1.0,,0.0,1 ha worked,,combine_harvester_singlescore_16.json,0.0,3.0,,0.0,1 ha worked,,disk_harrow_singlescore_11.json,0.0,1.0,,0.0,1 ha worked,,laser_leveler_singlescore_12.json,0.0,1.0,,0.0,1 ha worked,,rotary_tiller_singlescore_14.json,0.0,0.0,,0.0,1 ha worked,,seeder_singlescore_17.json,0.0,8.0,,0.0,1 ha worked,,sprayer_singlescore_15.json,0.0,0.0
D1_2023,D1,2023,ha,"Human toxicity, non-cancer - metals",Pt,3.0,,0.0,1 ha worked,,centrifugal_spreader_singlescore_13.json,0.0,1.0,,0.0,1 ha worked,,combine_harvester_singlescore_16.json,0.0,3.0,,0.0,1 ha worked,,disk_harrow_singlescore_11.json,0.0,1.0,,0.0,1 ha worked,,laser_leveler_singlescore_12.json,0.0,1.0,,0.0,1 ha worked,,rotary_tiller_singlescore_14.json,0.0,0.0,,0.0,1 ha worked,,seeder_singlescore_17.json,0.0,8.0,,0.0,1 ha worked,,sprayer_singlescore_15.json,0.0,0.0
D1_2023,D1,2023,ha,"Human toxicity, non-cancer - organics",Pt,3.0,,0.0,1 ha worked,,centrifugal_spreader_singlescore_13.json,0.0,1.0,,0.0,1 ha worked,,combine_harvester_singlescore_16.json,0.0,3.0,,0.0,1 ha worked,,disk_harrow_singlescore_11.json,0.0,1.0,,0.0,1 ha worked,,laser_leveler_singlescore_12.json,0.0,1.0,,0.0,1 ha worked,,rotary_tiller_singlescore_14.json,0.0,0.0,,0.0,1 ha worked,,seeder_singlescore_17.json,0.0,8.0,,0.0,1 ha worked,,sprayer_singlescore_15.json,0.0,0.0
D1_2023,D1,2023,ha,Ionising radiation,Pt,3.0,,362.9200000000001,1 ha worked,,centrifugal_spreader_singlescore_13.json,1088.7600000000002,1.0,,2213.39,1 ha worked,,combine_harvester_singlescore_16.json,2213.39,3.0,,267.96999999999997,1 ha worked,,disk_harrow_singlescore_11.json,803.9099999999999,1.0,,1664.79,1 ha worked,,laser_leveler_singlescore_12.json,1664.79,1.0,,911.52,1 ha worked,,rotary_tiller_singlescore_14.json,911.52,0.0,,369.25,1 ha worked,,seeder_singlescore_17.json,0.0,8.0,,24.264999999999997,1 ha worked,,sprayer_singlescore_15.json,194.11999999999998,6876.489999999999
D1_2023,D1,2023,ha,Land use,Pt,3.0,,16120529.999999998,1 ha worked,,centrifugal_spreader_singlescore_13.json,48361589.99999999,1.0,,88815540.0,1 ha worked,,combine_harvester_singlescore_16.json,88815540.0,3.0,,15266940.0,1 ha worked,,disk_harrow_singlescore_11.json,45800820.0,1.0,,71172090.0,1 ha worked,,laser_leveler_singlescore_12.json,71172090.0,1.0,,46409100.0,1 ha worked,,rotary_tiller_singlescore_14.json,46409100.0,0.0,,18753450.0,1 ha worked,,seeder_singlescore_17.json,0.0,8.0,,11114430.0,1 ha worked,,sprayer_singlescore_15.json,88915440.0,389474580.0
D1_2023,D1,2023,ha,Ozone depletion,Pt,3.0,,7.3408e-09,1 ha worked,,centrifugal_spreader_singlescore_13.json,2.20224e-08,1.0,,4.4843999999999994e-08,1 ha worked,,combine_harvester_singlescore_16.json,4.4843999999999994e-08,3.0,,6.1716e-09,1 ha worked,,disk_harrow_singlescore_11.json,1.85148e-08,1.0,,3.1524e-08,1 ha worked,,laser_leveler_singlescore_12.json,3.1524e-08,1.0,,1.47556e-08,1 ha worked,,rotary_tiller_singlescore_14.json,1.47556e-08,0.0,,5.209600000000001e-09,1 ha worked,,seeder_singlescore_17.json,0.0,8.0,,4.765600000000001e-10,1 ha worked,,sprayer_singlescore_15.json,3.8124800000000005e-09,1.3547328e-07
D1_2023,D1,2023,ha,Particulate matter,Pt,3.0,,5.4204899999999996e-11,1 ha worked,,centrifugal_spreader_singlescore_13.json,1.626147e-10,1.0,,3.4657700000000003e-10,1 ha worked,,combine_harvester_singlescore_16.json,3.4657700000000003e-10,3.0,,4.00589e-11,1 ha worked,,disk_harrow_singlescore_11.json,1.201767e-10,1.0,,2.3533799999999997e-10,1 ha worked,,laser_leveler_singlescore_12.json,2.3533799999999997e-10,1.0,,1.7875400000000004e-10,1 ha worked,,rotary_tiller_singlescore_14.json,1.7875400000000004e-10,0.0,,9.130600000000001e-11,1 ha worked,,seeder_singlescore_17.json,0.0,8.0,,7.844600000000002e-12,1 ha worked,,sprayer_singlescore_15.json,6.275680000000001e-11,1.1062171999999999e-09
D1_2023,D1,2023,ha,Photochemical ozone formation,Pt,3.0,,0.5917,1 ha worked,,centrifugal_spreader_singlescore_13.json,1.7751000000000001,1.0,,4.268,1 ha worked,,combine_harvester_singlescore_16.json,4.268,3.0,,0.48305999999999993,1 ha worked,,disk_harrow_singlescore_11.json,1.4491799999999997,1.0,,2.5802,1 ha worked,,laser_leveler_singlescore_12.json,2.5802,1.0,,1.2998,1 ha worked,,rotary_tiller_singlescore_14.json,1.2998,0.0,,0.20757999999999996,1 ha worked,,seeder_singlescore_17.json,0.0,8.0,,0.037635999999999996,1 ha worked,,sprayer_singlescore_15.json,0.30108799999999997,11.673367999999998
D1_2023,D1,2023,ha,"Resource use, fossils",Pt,3.0,,1940138.9999999998,1 ha worked,,centrifugal_spreader_singlescore_13.json,5820416.999999999,1.0,,11808458.1,1 ha worked,,combine_harvester_singlescore_16.json,11808458.1,3.0,,1486788.3,1 ha worked,,disk_harrow_singlescore_11.json,4460364.9,1.0,,8854809.6,1 ha worked,,laser_leveler_singlescore_12.json,8854809.6,1.0,,4686307.2,1 ha worked,,rotary_tiller_singlescore_14.json,4686307.2,0.0,,1833385.2000000002,1 ha worked,,seeder_singlescore_17.json,0.0,8.0,,127767.9,1 ha worked,,sprayer_singlescore_15.json,1022143.2,36652500.00000001
D1_2023,D1,2023,ha,"Resource use, minerals and metals",Pt,3.0,,1.5072e-06,1 ha worked,,centrifugal_spreader_singlescore_13.json,4.5216e-06,1.0,,1.2384e-05,1 ha worked,,combine_harvester_singlescore_16.json,1.2384e-05,3.0,,6.095999999999998e-07,1 ha worked,,disk_harrow_singlescore_11.json,1.8287999999999995e-06,1.0,,4.4015999999999995e-06,1 ha worked,,laser_leveler_singlescore_12.json,4.4015999999999995e-06,1.0,,2.976e-06,1 ha worked,,rotary_tiller_singlescore_14.json,2.976e-06,0.0,,1.7759999999999998e-06,1 ha worked,,seeder_singlescore_17.json,0.0,8.0,,1.3968e-07,1 ha worked,,sprayer_singlescore_15.json,1.11744e-06,2.7229439999999997e-05
D1_2023,D1,2023,ha,Total,Pt,3.0,,18203540.602892786,1 ha worked,,centrifugal_spreader_singlescore_13.json,54610621.80867836,1.0,,101551998.37990059,1 ha worked,,combine_harvester_singlescore_16.json,101551998.37990059,3.0,,16844590.994255494,1 ha worked,,disk_harrow_singlescore_11.json,50533772.98276648,1.0,,80616648.64674218,1 ha worked,,laser_leveler_singlescore_12.json,80616648.64674218,1.0,,51483431.65711595,1 ha worked,,rotary_tiller_singlescore_14.json,51483431.65711595,0.0,,20774237.986285694,1 ha worked,,seeder_singlescore_17.json,0.0,8.0,,11253191.91303122,1 ha worked,,sprayer_singlescore_15.json,90025535.30424976,428822008.77945334
D1_2023,D1,2023,ha,Water use,Pt,3.0,,2065.69,1 ha worked,,centrifugal_spreader_singlescore_13.json,6197.07,1.0,,12531.2,1 ha worked,,combine_harvester_singlescore_16.json,12531.2,3.0,,837.045,1 ha worked,,disk_harrow_singlescore_11.json,2511.1349999999998,1.0,,7773.259999999999,1 ha worked,,laser_leveler_singlescore_12.json,7773.259999999999,1.0,,6275.389999999999,1 ha worked,,rotary_tiller_singlescore_14.json,6275.389999999999,0.0,,3367.76,1 ha worked,,seeder_singlescore_17.json,0.0,8.0,,230.065,1 ha worked,,sprayer_singlescore_15.json,1840.52,37128.57499999999
D1_2024,D1,2024,ha,Acidification,Pt,3.0,,0.8703199999999999,1 ha worked,,centrifugal_spreader_singlescore_13.json,2.6109599999999995,1.0,,6.1575999999999995,1 ha worked,,combine_harvester_singlescore_16.json,6.1575999999999995,3.0,,0.6948799999999999,1 ha worked,,disk_harrow_singlescore_11.json,2.08464,1.0,,3.784,1 ha worked,,laser_leveler_singlescore_12.json,3.784,1.0,,1.95048,1 ha worked,,rotary_tiller_singlescore_14.json,1.95048,0.0,,0.39904,1 ha worked,,seeder_singlescore_17.json,0.0,4.0580645161,,0.057448000000000006,1 ha worked,,sprayer_singlescore_15.json,0.23312769032091282,16.820807690320912
D1_2024,D1,2024,ha,Climate change,Pt,3.0,,47577.59999999999,1 ha worked,,centrifugal_spreader_singlescore_13.json,142732.8,1.0,,293625.3,1 ha worked,,combine_harvester_singlescore_16.json,293625.3,3.0,,36196.5,1 ha worked,,disk_harrow_singlescore_11.json,108589.5,1.0,,219798.59999999998,1 ha worked,,laser_leveler_singlescore_12.json,219798.59999999998,1.0,,123280.5,1 ha worked,,rotary_tiller_singlescore_14.json,123280.5,0.0,,50037.9,1 ha worked,,seeder_singlescore_17.json,0.0,4.0580645161,,3416.1000000000004,1 ha worked,,sprayer_singlescore_15.json,13862.754193449211,901889.4541934491
D1_2024,D1,2024,ha,Climate change - Biogenic,Pt,3.0,,0.0,1 ha worked,,centrifugal_spreader_singlescore_13.json,0.0,1.0,,0.0,1 ha worked,,combine_harvester_singlescore_16.json,0.0,3.0,,0.0,1 ha worked,,disk_harrow_singlescore_11.json,0.0,1.0,,0.0,1 ha worked,,laser_leveler_singlescore_12.json,0.0,1.0,,0.0,1 ha worked,,rotary_tiller_singlescore_14.json,0.0,0.0,,0.0,1 ha worked,,seeder_singlescore_17.json,0.0,4.0580645161,,0.0,1 ha worked,,sprayer_singlescore_15.json,0.0,0.0
D1_2024,D1,2024,ha,Climate change - Fossil,Pt,3.0,,0.0,1 ha worked,,centrifugal_spreader_singlescore_13.json,0.0,1.0,,0.0,1 ha worked,,combine_harvester_singlescore_16.json,0.0,3.0,,0.0,1 ha worked,,disk_harrow_singlescore_11.json,0.0,1.0,,0.0,1 ha worked,,laser_leveler_singlescore_12.json,0.0,1.0,,0.0,1 ha worked,,rotary_tiller_singlescore_14.json,0.0,0.0,,0.0,1 ha worked,,seeder_singlescore_17.json,0.0,4.0580645161,,0.0,1 ha worked,,sprayer_singlescore_15.json,0.0,0.0
D1_2024,D1,2024,ha,Climate change - Land use and LU change,Pt,3.0,,0.0,1 ha worked,,centrifugal_spreader_singlescore_13.json,0.0,1.0,,0.0,1 ha worked,,combine_harvester_singlescore_16.json,0.0,3.0,,0.0,1 ha worked,,disk_harrow_singlescore_11.json,0.0,1.0,,0.0,1 ha worked,,laser_leveler_singlescore_12.json,0.0,1.0,,0.0,1 ha worked,,rotary_tiller_singlescore_14.json,0.0,0.0,,0.0,1 ha worked,,seeder_singlescore_17.json,0.0,4.0580645161,,0.0,1 ha worked,,sprayer_singlescore_15.json,0.0,0.0
D1_2024,D1,2024,ha,"Ecotoxicity, freshwater",Pt,3.0,,92856.62000000001,1 ha worked,,centrifugal_spreader_singlescore_13.json,278569.86000000004,1.0,,619566.99,1 ha worked,,combine_harvester_singlescore_16.json,619566.99,3.0,,53553.84,1 ha worked,,disk_harrow_singlescore_11.json,160661.52,1.0,,360473.73,1 ha worked,,laser_leveler_singlescore_12.json,360473.73,1.0,,257538.30999999997,1 ha worked,,rotary_tiller_singlescore_14.json,257538.30999999997,0.0,,133625.82,1 ha worked,,seeder_singlescore_17.json,0.0,4.0580645161,,7323.02,1 ha worked,,sprayer_singlescore_15.json,29717.287612690623,1706527.6976126907
D1_2024,D1,2024,ha,"Ecotoxicity, freshwater - inorganics",Pt,3.0,,0.0,1 ha worked,,centrifugal_spreader_singlescore_13.json,0.0,1.0,,0.0,1 ha worked,,combine_harvester_singlescore_16.json,0.0,3.0,,0.0,1 ha worked,,disk_harrow_singlescore_11.json,0.0,1.0,,0.0,1 ha worked,,laser_leveler_singlescore_12.json,0.0,1.0,,0.0,1 ha worked,,rotary_tiller_singlescore_14.json,0.0,0.0,,0.0,1 ha worked,,seeder_singlescore_17.json,0.0,4.0580645161,,0.0,1 ha worked,,sprayer_singlescore_15.json,0.0,0.0
D1_2024,D1,2024,ha,"Ecotoxicity, freshwater - metals",Pt,3.0,,0.0,1 ha worked,,centrifugal_spreader_singlescore_13.json,0.0,1.0,,0.0,1 ha worked,,combine_harvester_singlescore_16.json,0.0,3.0,,0.0,1 ha worked,,disk_harrow_singlescore_11.json,0.0,1.0,,0.0,1 ha worked,,laser_leveler_singlescore_12.json,0.0,1.0,,0.0,1 ha worked,,rotary_tiller_singlescore_14.json,0.0,0.0,,0.0,1 ha worked,,seeder_singlescore_17.json,0.0,4.0580645161,,0.0,1 ha worked,,sprayer_singlescore_15.json,0.0,0.0
D1_2024,D1,2024,ha,"Ecotoxicity, freshwater - organics",Pt,3.0,,0.0,1 ha worked,,centrifugal_spreader_singlescore_13.json,0.0,1.0,,0.0,1 ha worked,,combine_harvester_singlescore_16.json,0.0,3.0,,0.0,1 ha worked,,disk_harrow_singlescore_11.json,0.0,1.0,,0.0,1 ha worked,,laser_leveler_singlescore_12.json,0.0,1.0,,0.0,1 ha worked,,rotary_tiller_singlescore_14.json,0.0,0.0,,0.0,1 ha worked,,seeder_singlescore_17.json,0.0,4.0580645161,,0.0,1 ha worked,,sprayer_singlescore_15.json,0.0,0.0
D1_2024,D1,2024,ha,"Eutrophication, freshwater",Pt,3.0,,7.1276e-05,1 ha worked,,centrifugal_spreader_singlescore_13.json,0.000213828,1.0,,0.00048615999999999997,1 ha worked,,combine_harvester_singlescore_16.json,0.00048615999999999997,3.0,,3.0076e-05,1 ha worked,,disk_harrow_singlescore_11.json,9.0228e-05,1.0,,0.00026574,1 ha worked,,laser_leveler_singlescore_12.json,0.00026574,1.0,,0.00023895999999999998,1 ha worked,,rotary_tiller_singlescore_14.json,0.00023895999999999998,0.0,,0.00014111,1 ha worked,,seeder_singlescore_17.json,0.0,4.0580645161,,5.6032e-06,1 ha worked,,sprayer_singlescore_15.json,2.273814709661152e-05,0.0013176541470966113
D1_2024,D1,2024,ha,"Eutrophication, marine",Pt,3.0,,0.08380000000000001,1 ha worked,,centrifugal_spreader_singlescore_13.json,0.25140000000000007,1.0,,0.610902,1 ha worked,,combine_harvester_singlescore_16.json,0.610902,3.0,,0.0708948,1 ha worked,,disk_harrow_singlescore_11.json,0.2126844,1.0,,0.37207199999999996,1 ha worked,,laser_leveler_singlescore_12.json,0.37207199999999996,1.0,,0.17849399999999999,1 ha worked,,rotary_tiller_singlescore_14.json,0.17849399999999999,0.0,,0.017262800000000002,1 ha worked,,seeder_singlescore_17.json,0.0,4.0580645161,,0.005413480000000001,1 ha worked,,sprayer_singlescore_15.json,0.02196825109661703,1.647520651096617
D1_2024,D1,2024,ha,"Eutrophication, terrestrial",Pt,3.0,,7.227,1 ha worked,,centrifugal_spreader_singlescore_13.json,21.681,1.0,,52.3629,1 ha worked,,combine_harvester_singlescore_16.json,52.3629,3.0,,6.09039,1 ha worked,,disk_harrow_singlescore_11.json,18.27117,1.0,,31.9302,1 ha worked,,laser_leveler_singlescore_12.json,31.9302,1.0,,15.308100000000001,1 ha worked,,rotary_tiller_singlescore_14.json,15.308100000000001,0.0,,1.43226,1 ha worked,,seeder_singlescore_17.json,0.0,4.0580645161,,0.46252800000000005,1 ha worked,,sprayer_singlescore_15.json,1.876968464502701,141.4303384645027
D1_2024,D1,2024,ha,"Human toxicity, cancer",Pt,3.0,,1.6072e-14,1 ha worked,,centrifugal_spreader_singlescore_13.json,4.8216e-14,1.0,,1.0988000000000001e-13,1 ha worked,,combine_harvester_singlescore_16.json,1.0988000000000001e-13,3.0,,9.265999999999999e-15,1 ha worked,,disk_harrow_singlescore_11.json,2.7797999999999996e-14,1.0,,8.446e-14,1 ha worked,,laser_leveler_singlescore_12.json,8.446e-14,1.0,,9.348e-14,1 ha worked,,rotary_tiller_singlescore_14.json,9.348e-14,0.0,,4.5428e-14,1 ha worked,,seeder_singlescore_17.json,0.0,4.0580645161,,1.5661999999999999e-15,1 ha worked,,sprayer_singlescore_15.json,6.35574064511582e-15,3.701897406451159e-13
D1_2024,D1,2024,ha,"Human toxicity, cancer - inorganics",Pt,3.0,,0.0,1 ha worked,,centrifugal_spreader_singlescore_13.json,0.0,1.0,,0.0,1 ha worked,,combine_harvester_singlescore_16.json,0.0,3.0,,0.0,1 ha worked,,disk_harrow_singlescore_11.json,0.0,1.0,,0.0,1 ha worked,,laser_leveler_singlescore_12.json,0.0,1.0,,0.0,1 ha worked,,rotary_tiller_singlescore_14.json,0.0,0.0,,0.0,1 ha worked,,seeder_singlescore_17.json,0.0,4.0580645161,,0.0,1 ha worked,,sprayer_singlescore_15.json,0.0,0.0
D1_2024,D1,2024,ha,"Human toxicity, cancer - metals",Pt,3.0,,0.0,1 ha worked,,centrifugal_spreader_singlescore_13.json,0.0,1.0,,0.0,1 ha worked,,combine_harvester_singlescore_16.json,0.0,3.0,,0.0,1 ha worked,,disk_harrow_singlescore_11.json,0.0,1.0,,0.0,1 ha worked,,laser_leveler_singlescore_12.json,0.0,1.0,,0.0,1 ha worked,,rotary_tiller_singlescore_14.json,0.0,0.0,,0.0,1 ha worked,,seeder_singlescore_17.json,0.0,4.0580645161,,0.0,1 ha worked,,sprayer_singlescore_15.json,0.0,0.0
D1_2024,D1,2024,ha,"Human toxicity, cancer - organics",Pt,3.0,,0.0,1 ha worked,,centrifugal_spreader_singlescore_13.json,0.0,1.0,,0.0,1 ha worked,,combine_harvester_singlescore_16.json,0.0,3.0,,0.0,1 ha worked,,disk_harrow_singlescore_11.json,0.0,1.0,,0.0,1 ha worked,,laser_leveler_singlescore_12.json,0.0,1.0,,0.0,1 ha worked,,rotary_tiller_singlescore_14.json,0.0,0.0,,0.0,1 ha worked,,seeder_singlescore_17.json,0.0,4.0580645161,,0.0,1 ha worked,,sprayer_singlescore_15.json,0.0,0.0
D1_2024,D1,2024,ha,"Human toxicity, non-cancer",Pt,3.0,,5.2352599999999984e-12,1 ha worked,,centrifugal_spreader_singlescore_13.json,1.5705779999999997e-11,1.0,,3.0240399999999995e-11,1 ha worked,,combine_harvester_singlescore_16.json,3.0240399999999995e-11,3.0,,7.796079999999999e-12,1 ha worked,,disk_harrow_singlescore_11.json,2.3388239999999995e-11,1.0,,1.748e-11,1 ha worked,,laser_leveler_singlescore_12.json,1.748e-11,1.0,,1.1973799999999998e-11,1 ha worked,,rotary_tiller_singlescore_14.json,1.1973799999999998e-11,0.0,,9.351799999999999e-12,1 ha worked,,seeder_singlescore_17.json,0.0,4.0580645161,,1.1099799999999999e-12,1 ha worked,,sprayer_singlescore_15.json,4.5043704515806775e-12,1.0329259045158067e-10
D1_2024,D1,2024,ha,"Human toxicity, non-cancer - inorganics",Pt,3.0,,0.0,1 ha worked,,centrifugal_spreader_singlescore_13.json,0.0,1.0,,0.0,1 ha worked,,combine_harvester_singlescore_16.json,0.0,3.0,,0.0,1 ha worked,,disk_harrow_singlescore_11.json,0.0,1.0,,0.0,1 ha worked,,laser_leveler_singlescore_12.json,0.0,1.0,,0.0,1 ha worked,,rotary_tiller_singlescore_14.json,0.0,0.0,,0.0,1 ha worked,,seeder_singlescore_17.json,0.0,4.0580645161,,0.0,1 ha worked,,sprayer_singlescore_15.json,0.0,0.0
D1_2024,D1,2024,ha,"Human toxicity, non-cancer - metals",Pt,3.0,,0.0,1 ha worked,,centrifugal_spreader_singlescore_13.json,0.0,1.0,,0.0,1 ha worked,,combine_harvester_singlescore_16.json,0.0,3.0,,0.0,1 ha worked,,disk_harrow_singlescore_11.json,0.0,1.0,,0.0,1 ha worked,,laser_leveler_singlescore_12.json,0.0,1.0,,0.0,1 ha worked,,rotary_tiller_singlescore_14.json,0.0,0.0,,0.0,1 ha worked,,seeder_singlescore_17.json,0.0,4.0580645161,,0.0,1 ha worked,,sprayer_singlescore_15.json,0.0,0.0
D1_2024,D1,2024,ha,"Human toxicity, non-cancer - organics",Pt,3.0,,0.0,1 ha worked,,centrifugal_spreader_singlescore_13.json,0.0,1.0,,0.0,1 ha worked,,combine_harvester_singlescore_16.json,0.0,3.0,,0.0,1 ha worked,,disk_harrow_singlescore_11.json,0.0,1.0,,0.0,1 ha worked,,laser_leveler_singlescore_12.json,0.0,1.0,,0.0,1 ha worked,,rotary_tiller_singlescore_14.json,0.0,0.0,,0.0,1 ha worked,,seeder_singlescore_17.json,0.0,4.0580645161,,0.0,1 ha worked,,sprayer_singlescore_15.json,0.0,0.0
D1_2024,D1,2024,ha,Ionising radiation,Pt,3.0,,362.9200000000001,1 ha worked,,centrifugal_spreader_singlescore_13.json,1088.7600000000002,1.0,,2213.39,1 ha worked,,combine_harvester_singlescore_16.json,2213.39,3.0,,267.96999999999997,1 ha worked,,disk_harrow_singlescore_11.json,803.9099999999999,1.0,,1664.79,1 ha worked,,laser_leveler_singlescore_12.json,1664.79,1.0,,911.52,1 ha worked,,rotary_tiller_singlescore_14.json,911.52,0.0,,369.25,1 ha worked,,seeder_singlescore_17.json,0.0,4.0580645161,,24.264999999999997,1 ha worked,,sprayer_singlescore_15.json,98.46893548316649,6780.838935483165
D1_2024,D1,2024,ha,Land use,Pt,3.0,,16120529.999999998,1 ha worked,,centrifugal_spreader_singlescore_13.json,48361589.99999999,1.0,,88815540.0,1 ha worked,,combine_harvester_singlescore_16.json,88815540.0,3.0,,15266940.0,1 ha worked,,disk_harrow_singlescore_11.json,45800820.0,1.0,,71172090.0,1 ha worked,,laser_leveler_singlescore_12.json,71172090.0,1.0,,46409100.0,1 ha worked,,rotary_tiller_singlescore_14.json,46409100.0,0.0,,18753450.0,1 ha worked,,seeder_singlescore_17.json,0.0,4.0580645161,,11114430.0,1 ha worked,,sprayer_singlescore_15.json,45103073.99967732,345662213.9996773
D1_2024,D1,2024,ha,Ozone depletion,Pt,3.0,,7.3408e-09,1 ha worked,,centrifugal_spreader_singlescore_13.json,2.20224e-08,1.0,,4.4843999999999994e-08,1 ha worked,,combine_harvester_singlescore_16.json,4.4843999999999994e-08,3.0,,6.1716e-09,1 ha worked,,disk_harrow_singlescore_11.json,1.85148e-08,1.0,,3.1524e-08,1 ha worked,,laser_leveler_singlescore_12.json,3.1524e-08,1.0,,1.47556e-08,1 ha worked,,rotary_tiller_singlescore_14.json,1.47556e-08,0.0,,5.209600000000001e-09,1 ha worked,,seeder_singlescore_17.json,0.0,4.0580645161,,4.765600000000001e-10,1 ha worked,,sprayer_singlescore_15.json,1.933911225792616e-09,1.335947112257926e-07
D1_2024,D1,2024,ha,Particulate matter,Pt,3.0,,5.4204899999999996e-11,1 ha worked,,centrifugal_spreader_singlescore_13.json,1.626147e-10,1.0,,3.4657700000000003e-10,1 ha worked,,combine_harvester_singlescore_16.json,3.4657700000000003e-10,3.0,,4.00589e-11,1 ha worked,,disk_harrow_singlescore_11.json,1.201767e-10,1.0,,2.3533799999999997e-10,1 ha worked,,laser_leveler_singlescore_12.json,2.3533799999999997e-10,1.0,,1.7875400000000004e-10,1 ha worked,,rotary_tiller_singlescore_14.json,1.7875400000000004e-10,0.0,,9.130600000000001e-11,1 ha worked,,seeder_singlescore_17.json,0.0,4.0580645161,,7.844600000000002e-12,1 ha worked,,sprayer_singlescore_15.json,3.183389290299807e-11,1.075294292902998e-09
D1_2024,D1,2024,ha,Photochemical ozone formation,Pt,3.0,,0.5917,1 ha worked,,centrifugal_spreader_singlescore_13.json,1.7751000000000001,1.0,,4.268,1 ha worked,,combine_harvester_singlescore_16.json,4.268,3.0,,0.48305999999999993,1 ha worked,,disk_harrow_singlescore_11.json,1.4491799999999997,1.0,,2.5802,1 ha worked,,laser_leveler_singlescore_12.json,2.5802,1.0,,1.2998,1 ha worked,,rotary_tiller_singlescore_14.json,1.2998,0.0,,0.20757999999999996,1 ha worked,,seeder_singlescore_17.json,0.0,4.0580645161,,0.037635999999999996,1 ha worked,,sprayer_singlescore_15.json,0.15272931612793958,11.525009316127937
D1_2024,D1,2024,ha,"Resource use, fossils",Pt,3.0,,1940138.9999999998,1 ha worked,,centrifugal_spreader_singlescore_13.json,5820416.999999999,1.0,,11808458.1,1 ha worked,,combine_harvester_singlescore_16.json,11808458.1,3.0,,1486788.3,1 ha worked,,disk_harrow_singlescore_11.json,4460364.9,1.0,,8854809.6,1 ha worked,,laser_leveler_singlescore_12.json,8854809.6,1.0,,4686307.2,1 ha worked,,rotary_tiller_singlescore_14.json,4686307.2,0.0,,1833385.2000000002,1 ha worked,,seeder_singlescore_17.json,0.0,4.0580645161,,127767.9,1 ha worked,,sprayer_singlescore_15.json,518490.3812866132,36148847.18128662
D1_2024,D1,2024,ha,"Resource use, minerals and metals",Pt,3.0,,1.5072e-06,1 ha worked,,centrifugal_spreader_singlescore_13.json,4.5216e-06,1.0,,1.2384e-05,1 ha worked,,combine_harvester_singlescore_16.json,1.2384e-05,3.0,,6.095999999999998e-07,1 ha worked,,disk_harrow_singlescore_11.json,1.8287999999999995e-06,1.0,,4.4015999999999995e-06,1 ha worked,,laser_leveler_singlescore_12.json,4.4015999999999995e-06,1.0,,2.976e-06,1 ha worked,,rotary_tiller_singlescore_14.json,2.976e-06,0.0,,1.7759999999999998e-06,1 ha worked,,seeder_singlescore_17.json,0.0,4.0580645161,,1.3968e-07,1 ha worked,,sprayer_singlescore_15.json,5.66830451608848e-07,2.6678830451608845e-05
D1_2024,D1,2024,ha,Total,Pt,3.0,,18203540.602892786,1 ha worked,,centrifugal_spreader_singlescore_13.json,54610621.80867836,1.0,,101551998.37990059,1 ha worked,,combine_harvester_singlescore_16.json,101551998.37990059,3.0,,16844590.994255494,1 ha worked,,disk_harrow_singlescore_11.json,50533772.98276648,1.0,,80616648.64674218,1 ha worked,,laser_leveler_singlescore_12.json,80616648.64674218,1.0,,51483431.65711595,1 ha worked,,rotary_tiller_singlescore_14.json,51483431.65711595,0.0,,20774237.986285694,1 ha worked,,seeder_singlescore_17.json,0.0,4.0580645161,,11253191.91303122,1 ha worked,,sprayer_singlescore_15.json,45666178.795135476,384462652.2703391
D1_2024,D1,2024,ha,Water use,Pt,3.0,,2065.69,1 ha worked,,centrifugal_spreader_singlescore_13.json,6197.07,1.0,,12531.2,1 ha worked,,combine_harvester_singlescore_16.json,12531.2,3.0,,837.045,1 ha worked,,disk_harrow_singlescore_11.json,2511.1349999999998,1.0,,7773.259999999999,1 ha worked,,laser_leveler_singlescore_12.json,7773.259999999999,1.0,,6275.389999999999,1 ha worked,,rotary_tiller_singlescore_14.json,6275.389999999999,0.0,,3367.76,1 ha worked,,seeder_singlescore_17.json,0.0,4.0580645161,,230.065,1 ha worked,,sprayer_singlescore_15.json,933.6186128965464,36221.67361289654
D2_2022,D2,2022,ha,Acidification,Pt,2.0,,0.8703199999999999,1 ha worked,,centrifugal_spreader_singlescore_13.json,1.7406399999999997,1.0,,6.1575999999999995,1 ha worked,,combine_harvester_singlescore_16.json,6.1575999999999995,3.0,,0.6948799999999999,1 ha worked,,disk_harrow_singlescore_11.json,2.08464,1.0,,3.784,1 ha worked,,laser_leveler_singlescore_12.json,3.784,1.0,,1.95048,1 ha worked,,rotary_tiller_singlescore_14.json,1.95048,1.0,,0.39904,1 ha worked,,seeder_singlescore_17.json,0.39904,8.0,,0.057448000000000006,1 ha worked,,sprayer_singlescore_15.json,0.45958400000000005,16.575984000000002
D2_2022,D2,2022,ha,Climate change,Pt,2.0,,47577.59999999999,1 ha worked,,centrifugal_spreader_singlescore_13.json,95155.19999999998,1.0,,293625.3,1 ha worked,,combine_harvester_singlescore_16.json,293625.3,3.0,,36196.5,1 ha worked,,disk_harrow_singlescore_11.json,108589.5,1.0,,219798.59999999998,1 ha worked,,laser_leveler_singlescore_12.json,219798.59999999998,1.0,,123280.5,1 ha worked,,rotary_tiller_singlescore_14.json,123280.5,1.0,,50037.9,1 ha worked,,seeder_singlescore_17.json,50037.9,8.0,,3416.1000000000004,1 ha worked,,sprayer_singlescore_15.json,27328.800000000003,917815.8
D2_2022,D2,2022,ha,Climate change - Biogenic,Pt,2.0,,0.0,1 ha worked,,centrifugal_spreader_singlescore_13.json,0.0,1.0,,0.0,1 ha worked,,combine_harvester_singlescore_16.json,0.0,3.0,,0.0,1 ha worked,,disk_harrow_singlescore_11.json,0.0,1.0,,0.0,1 ha worked,,laser_leveler_singlescore_12.json,0.0,1.0,,0.0,1 ha worked,,rotary_tiller_singlescore_14.json,0.0,1.0,,0.0,1 ha worked,,seeder_singlescore_17.json,0.0,8.0,,0.0,1 ha worked,,sprayer_singlescore_15.json,0.0,0.0
D2_2022,D2,2022,ha,Climate change - Fossil,Pt,2.0,,0.0,1 ha worked,,centrifugal_spreader_singlescore_13.json,0.0,1.0,,0.0,1 ha worked,,combine_harvester_singlescore_16.json,0.0,3.0,,0.0,1 ha worked,,disk_harrow_singlescore_11.json,0.0,1.0,,0.0,1 ha worked,,laser_leveler_singlescore_12.json,0.0,1.0,,0.0,1 ha worked,,rotary_tiller_singlescore_14.json,0.0,1.0,,0.0,1 ha worked,,seeder_singlescore_17.json,0.0,8.0,,0.0,1 ha worked,,sprayer_singlescore_15.json,0.0,0.0
D2_2022,D2,2022,ha,Climate change - Land use and LU change,Pt,2.0,,0.0,1 ha worked,,centrifugal_spreader_singlescore_13.json,0.0,1.0,,0.0,1 ha worked,,combine_harvester_singlescore_16.json,0.0,3.0,,0.0,1 ha worked,,disk_harrow_singlescore_11.json,0.0,1.0,,0.0,1 ha worked,,laser_leveler_singlescore_12.json,0.0,1.0,,0.0,1 ha worked,,rotary_tiller_singlescore_14.json,0.0,1.0,,0.0,1 ha worked,,seeder_singlescore_17.json,0.0,8.0,,0.0,1 ha worked,,sprayer_singlescore_15.json,0.0,0.0
D2_2022,D2,2022,ha,"Ecotoxicity, freshwater",Pt,2.0,,92856.62000000001,1 ha worked,,centrifugal_spreader_singlescore_13.json,185713.24000000002,1.0,,619566.99,1 ha worked,,combine_harvester_singlescore_16.json,619566.99,3.0,,53553.84,1 ha worked,,disk_harrow_singlescore_11.json,160661.52,1.0,,360473.73,1 ha worked,,laser_leveler_singlescore_12.json,360473.73,1.0,,257538.30999999997,1 ha worked,,rotary_tiller_singlescore_14.json,257538.30999999997,1.0,,133625.82,1 ha worked,,seeder_singlescore_17.json,133625.82,8.0,,7323.02,1 ha worked,,sprayer_singlescore_15.json,58584.16,1776163.77
D2_2022,D2,2022,ha,"Ecotoxicity, freshwater - inorganics",Pt,2.0,,0.0,1 ha worked,,centrifugal_spreader_singlescore_13.json,0.0,1.0,,0.0,1 ha worked,,combine_harvester_singlescore_16.json,0.0,3.0,,0.0,1 ha worked,,disk_harrow_singlescore_11.json,0.0,1.0,,0.0,1 ha worked,,laser_leveler_singlescore_12.json,0.0,1.0,,0.0,1 ha worked,,rotary_tiller_singlescore_14.json,0.0,1.0,,0.0,1 ha worked,,seeder_singlescore_17.json,0.0,8.0,,0.0,1 ha worked,,sprayer_singlescore_15.json,0.0,0.0
D2_2022,D2,2022,ha,"Ecotoxicity, freshwater - metals",Pt,2.0,,0.0,1 ha worked,,centrifugal_spreader_singlescore_13.json,0.0,1.0,,0.0,1 ha worked,,combine_harvester_singlescore_16.json,0.0,3.0,,0.0,1 ha worked,,disk_harrow_singlescore_11.json,0.0,1.0,,0.0,1 ha worked,,laser_leveler_singlescore_12.json,0.0,1.0,,0.0,1 ha worked,,rotary_tiller_singlescore_14.json,0.0,1.0,,0.0,1 ha worked,,seeder_singlescore_17.json,0.0,8.0,,0.0,1 ha worked,,sprayer_singlescore_15.json,0.0,0.0
D2_2022,D2,2022,ha,"Ecotoxicity, freshwater - organics",Pt,2.0,,0.0,1 ha worked,,centrifugal_spreader_singlescore_13.json,0.0,1.0,,0.0,1 ha worked,,combine_harvester_singlescore_16.json,0.0,3.0,,0.0,1 ha worked,,disk_harrow_singlescore_11.json,0.0,1.0,,0.0,1 ha worked,,laser_leveler_singlescore_12.json,0.0,1.0,,0.0,1 ha worked,,rotary_tiller_singlescore_14.json,0.0,1.0,,0.0,1 ha worked,,seeder_singlescore_17.json,0.0,8.0,,0.0,1 ha worked,,sprayer_singlescore_15.json,0.0,0.0
D2_2022,D2,2022,ha,"Eutrophication, freshwater",Pt,2.0,,7.1276e-05,1 ha worked,,centrifugal_spreader_singlescore_13.json,0.000142552,1.0,,0.00048615999999999997,1 ha worked,,combine_harvester_singlescore_16.json,0.00048615999999999997,3.0,,3.0076e-05,1 ha worked,,disk_harrow_singlescore_11.json,9.0228e-05,1.0,,0.00026574,1 ha worked,,laser_leveler_singlescore_12.json,0.00026574,1.0,,0.00023895999999999998,1 ha worked,,rotary_tiller_singlescore_14.json,0.00023895999999999998,1.0,,0.00014111,1 ha worked,,seeder_singlescore_17.json,0.00014111,8.0,,5.6032e-06,1 ha worked,,sprayer_singlescore_15.json,4.48256e-05,0.0014095756
D2_2022,D2,2022,ha,"Eutrophication, marine",Pt,2.0,,0.08380000000000001,1 ha worked,,centrifugal_spreader_singlescore_13.json,0.16760000000000003,1.0,,0.610902,1 ha worked,,combine_harvester_singlescore_16.json,0.610902,3.0,,0.0708948,1 ha worked,,disk_harrow_singlescore_11.json,0.2126844,1.0,,0.37207199999999996,1 ha worked,,laser_leveler_singlescore_12.json,0.37207199999999996,1.0,,0.17849399999999999,1 ha worked,,rotary_tiller_singlescore_14.json,0.17849399999999999,1.0,,0.017262800000000002,1 ha worked,,seeder_singlescore_17.json,0.017262800000000002,8.0,,0.005413480000000001,1 ha worked,,sprayer_singlescore_15.json,0.04330784000000001,1.6023230399999997
D2_2022,D2,2022,ha,"Eutrophication, terrestrial",Pt,2.0,,7.227,1 ha worked,,centrifugal_spreader_singlescore_13.json,14.454,1.0,,52.3629,1 ha worked,,combine_harvester_singlescore_16.json,52.3629,3.0,,6.09039,1 ha worked,,disk_harrow_singlescore_11.json,18.27117,1.0,,31.9302,1 ha worked,,laser_leveler_singlescore_12.json,31.9302,1.0,,15.308100000000001,1 ha worked,,rotary_tiller_singlescore_14.json,15.308100000000001,1.0,,1.43226,1 ha worked,,seeder_singlescore_17.json,1.43226,8.0,,0.46252800000000005,1 ha worked,,sprayer_singlescore_15.json,3.7002240000000004,137.458854
D2_2022,D2,2022,ha,"Human toxicity, cancer",Pt,2.0,,1.6072e-14,1 ha worked,,centrifugal_spreader_singlescore_13.json,3.2144e-14,1.0,,1.0988000000000001e-13,1 ha worked,,combine_harvester_singlescore_16.json,1.0988000000000001e-13,3.0,,9.265999999999999e-15,1 ha worked,,disk_harrow_singlescore_11.json,2.7797999999999996e-14,1.0,,8.446e-14,1 ha worked,,laser_leveler_singlescore_12.json,8.446e-14,1.0,,9.348e-14,1 ha worked,,rotary_tiller_singlescore_14.json,9.348e-14,1.0,,4.5428e-14,1 ha worked,,seeder_singlescore_17.json,4.5428e-14,8.0,,1.5661999999999999e-15,1 ha worked,,sprayer_singlescore_15.json,1.2529599999999999e-14,4.057196000000001e-13
D2_2022,D2,2022,ha,"Human toxicity, cancer - inorganics",Pt,2.0,,0.0,1 ha worked,,centrifugal_spreader_singlescore_13.json,0.0,1.0,,0.0,1 ha worked,,combine_harvester_singlescore_16.json,0.0,3.0,,0.0,1 ha worked,,disk_harrow_singlescore_11.json,0.0,1.0,,0.0,1 ha worked,,laser_leveler_singlescore_12.json,0.0,1.0,,0.0,1 ha worked,,rotary_tiller_singlescore_14.json,0.0,1.0,,0.0,1 ha worked,,seeder_singlescore_17.json,0.0,8.0,,0.0,1 ha worked,,sprayer_singlescore_15.json,0.0,0.0
D2_2022,D2,2022,ha,"Human toxicity, cancer - metals",Pt,2.0,,0.0,1 ha worked,,centrifugal_spreader_singlescore_13.json,0.0,1.0,,0.0,1 ha worked,,combine_harvester_singlescore_16.json,0.0,3.0,,0.0,1 ha worked,,disk_harrow_singlescore_11.json,0.0,1.0,,0.0,1 ha worked,,laser_leveler_singlescore_12.json,0.0,1.0,,0.0,1 ha worked,,rotary_tiller_singlescore_14.json,0.0,1.0,,0.0,1 ha worked,,seeder_singlescore_17.json,0.0,8.0,,0.0,1 ha worked,,sprayer_singlescore_15.json,0.0,0.0
D2_2022,D2,2022,ha,"Human toxicity, cancer - organics",Pt,2.0,,0.0,1 ha worked,,centrifugal_spreader_singlescore_13.json,0.0,1.0,,0.0,1 ha worked,,combine_harvester_singlescore_16.json,0.0,3.0,,0.0,1 ha worked,,disk_harrow_singlescore_11.json,0.0,1.0,,0.0,1 ha worked,,laser_leveler_singlescore_12.json,0.0,1.0,,0.0,1 ha worked,,rotary_tiller_singlescore_14.json,0.0,1.0,,0.0,1 ha worked,,seeder_singlescore_17.json,0.0,8.0,,0.0,1 ha worked,,sprayer_singlescore_15.json,0.0,0.0
D2_2022,D2,2022,ha,"Human toxicity, non-cancer",Pt,2.0,,5.2352599999999984e-12,1 ha worked,,centrifugal_spreader_singlescore_13.json,1.0470519999999997e-11,1.0,,3.0240399999999995e-11,1 ha worked,,combine_harvester_singlescore_16.json,3.0240399999999995e-11,3.0,,7.796079999999999e-12,1 ha worked,,disk_harrow_singlescore_11.json,2.3388239999999995e-11,1.0,,1.748e-11,1 ha worked,,laser_leveler_singlescore_12.json,1.748e-11,1.0,,1.1973799999999998e-11,1 ha worked,,rotary_tiller_singlescore_14.json,1.1973799999999998e-11,1.0,,9.351799999999999e-12,1 ha worked,,seeder_singlescore_17.json,9.351799999999999e-12,8.0,,1.1099799999999999e-12,1 ha worked,,sprayer_singlescore_15.json,8.879839999999999e-12,1.117846e-10
D2_2022,D2,2022,ha,"Human toxicity, non-cancer - inorganics",Pt,2.0,,0.0,1 ha worked,,centrifugal_spreader_singlescore_13.json,0.0,1.0,,0.0,1 ha worked,,combine_harvester_singlescore_16.json,0.0,3.0,,0.0,1 ha worked,,disk_harrow_singlescore_11.json,0.0,1.0,,0.0,1 ha worked,,laser_leveler_singlescore_12.json,0.0,1.0,,0.0,1 ha worked,,rotary_tiller_singlescore_14.json,0.0,1.0,,0.0,1 ha worked,,seeder_singlescore_17.json,0.0,8.0,,0.0,1 ha worked,,sprayer_singlescore_15.json,0.0,0.0
D2_2022,D2,2022,ha,"Human toxicity, non-cancer - metals",Pt,2.0,,0.0,1 ha worked,,centrifugal_spreader_singlescore_13.json,0.0,1.0,,0.0,1 ha worked,,combine_harvester_singlescore_16.json,0.0,3.0,,0.0,1 ha worked,,disk_harrow_singlescore_11.json,0.0,1.0,,0.0,1 ha worked,,laser_leveler_singlescore_12.json,0.0,1.0,,0.0,1 ha worked,,rotary_tiller_singlescore_14.json,0.0,1.0,,0.0,1 ha worked,,seeder_singlescore_17.json,0.0,8.0,,0.0,1 ha worked,,sprayer_singlescore_15.json,0.0,0.0
D2_2022,D2,2022,ha,"Human toxicity, non-cancer - organics",Pt,2.0,,0.0,1 ha worked,,centrifugal_spreader_singlescore_13.json,0.0,1.0,,0.0,1 ha worked,,combine_harvester_singlescore_16.json,0.0,3.0,,0.0,1 ha worked,,disk_harrow_singlescore_11.json,0.0,1.0,,0.0,1 ha worked,,laser_leveler_singlescore_12.json,0.0,1.0,,0.0,1 ha worked,,rotary_tiller_singlescore_14.json,0.0,1.0,,0.0,1 ha worked,,seeder_singlescore_17.json,0.0,8.0,,0.0,1 ha worked,,sprayer_singlescore_15.json,0.0,0.0
D2_2022,D2,2022,ha,Ionising radiation,Pt,2.0,,362.9200000000001,1 ha worked,,centrifugal_spreader_singlescore_13.json,725.8400000000001,1.0,,2213.39,1 ha worked,,combine_harvester_singlescore_16.json,2213.39,3.0,,267.96999999999997,1 ha worked,,disk_harrow_singlescore_11.json,803.9099999999999,1.0,,1664.79,1 ha worked,,laser_leveler_singlescore_12.json,1664.79,1.0,,911.52,1 ha worked,,rotary_tiller_singlescore_14.json,911.52,1.0,,369.25,1 ha worked,,seeder_singlescore_17.json,369.25,8.0,,24.264999999999997,1 ha worked,,sprayer_singlescore_15.json,194.11999999999998,6882.820000000001
D2_2022,D2,2022,ha,Land use,Pt,2.0,,16120529.999999998,1 ha worked,,centrifugal_spreader_singlescore_13.json,32241059.999999996,1.0,,88815540.0,1 ha worked,,combine_harvester_singlescore_16.json,88815540.0,3.0,,15266940.0,1 ha worked,,disk_harrow_singlescore_11.json,45800820.0,1.0,,71172090.0,1 ha worked,,laser_leveler_singlescore_12.json,71172090.0,1.0,,46409100.0,1 ha worked,,rotary_tiller_singlescore_14.json,46409100.0,1.0,,18753450.0,1 ha worked,,seeder_singlescore_17.json,18753450.0,8.0,,11114430.0,1 ha worked,,sprayer_singlescore_15.json,88915440.0,392107500.0
D2_2022,D2,2022,ha,Ozone depletion,Pt,2.0,,7.3408e-09,1 ha worked,,centrifugal_spreader_singlescore_13.json,1.46816e-08,1.0,,4.4843999999999994e-08,1 ha worked,,combine_harvester_singlescore_16.json,4.4843999999999994e-08,3.0,,6.1716e-09,1 ha worked,,disk_harrow_singlescore_11.json,1.85148e-08,1.0,,3.1524e-08,1 ha worked,,laser_leveler_singlescore_12.json,3.1524e-08,1.0,,1.47556e-08,1 ha worked,,rotary_tiller_singlescore_14.json,1.47556e-08,1.0,,5.209600000000001e-09,1 ha worked,,seeder_singlescore_17.json,5.209600000000001e-09,8.0,,4.765600000000001e-10,1 ha worked,,sprayer_singlescore_15.json,3.8124800000000005e-09,1.3334208e-07
D2_2022,D2,2022,ha,Particulate matter,Pt,2.0,,5.4204899999999996e-11,1 ha worked,,centrifugal_spreader_singlescore_13.json,1.0840979999999999e-10,1.0,,3.4657700000000003e-10,1 ha worked,,combine_harvester_singlescore_16.json,3.4657700000000003e-10,3.0,,4.00589e-11,1 ha worked,,disk_harrow_singlescore_11.json,1.201767e-10,1.0,,2.3533799999999997e-10,1 ha worked,,laser_leveler_singlescore_12.json,2.3533799999999997e-10,1.0,,1.7875400000000004e-10,1 ha worked,,rotary_tiller_singlescore_14.json,1.7875400000000004e-10,1.0,,9.130600000000001e-11,1 ha worked,,seeder_singlescore_17.json,9.130600000000001e-11,8.0,,7.844600000000002e-12,1 ha worked,,sprayer_singlescore_15.json,6.275680000000001e-11,1.1433183e-09
D2_2022,D2,2022,ha,Photochemical ozone formation,Pt,2.0,,0.5917,1 ha worked,,centrifugal_spreader_singlescore_13.json,1.1834,1.0,,4.268,1 ha worked,,combine_harvester_singlescore_16.json,4.268,3.0,,0.48305999999999993,1 ha worked,,disk_harrow_singlescore_11.json,1.4491799999999997,1.0,,2.5802,1 ha worked,,laser_leveler_singlescore_12.json,2.5802,1.0,,1.2998,1 ha worked,,rotary_tiller_singlescore_14.json,1.2998,1.0,,0.20757999999999996,1 ha worked,,seeder_singlescore_17.json,0.20757999999999996,8.0,,0.037635999999999996,1 ha worked,,sprayer_singlescore_15.json,0.30108799999999997,11.289247999999999
D2_2022,D2,2022,ha,"Resource use, fossils",Pt,2.0,,1940138.9999999998,1 ha worked,,centrifugal_spreader_singlescore_13.json,3880277.9999999995,1.0,,11808458.1,1 ha worked,,combine_harvester_singlescore_16.json,11808458.1,3.0,,1486788.3,1 ha worked,,disk_harrow_singlescore_11.json,4460364.9,1.0,,8854809.6,1 ha worked,,laser_leveler_singlescore_12.json,8854809.6,1.0,,4686307.2,1 ha worked,,rotary_tiller_singlescore_14.json,4686307.2,1.0,,1833385.2000000002,1 ha worked,,seeder_singlescore_17.json,1833385.2000000002,8.0,,127767.9,1 ha worked,,sprayer_singlescore_15.json,1022143.2,36545746.20000001
D2_2022,D2,2022,ha,"Resource use, minerals and metals",Pt,2.0,,1.5072e-06,1 ha worked,,centrifugal_spreader_singlescore_13.json,3.0144e-06,1.0,,1.2384e-05,1 ha worked,,combine_harvester_singlescore_16.json,1.2384e-05,3.0,,6.095999999999998e-07,1 ha worked,,disk_harrow_singlescore_11.json,1.8287999999999995e-06,1.0,,4.4015999999999995e-06,1 ha worked,,laser_leveler_singlescore_12.json,4.4015999999999995e-06,1.0,,2.976e-06,1 ha worked,,rotary_tiller_singlescore_14.json,2.976e-06,1.0,,1.7759999999999998e-06,1 ha worked,,seeder_singlescore_17.json,1.7759999999999998e-06,8.0,,1.3968e-07,1 ha worked,,sprayer_singlescore_15.json,1.11744e-06,2.749824e-05
D2_2022,D2,2022,ha,Total,Pt,2.0,,18203540.602892786,1 ha worked,,centrifugal_spreader_singlescore_13.json,36407081.20578557,1.0,,101551998.37990059,1 ha worked,,combine_harvester_singlescore_16.json,101551998.37990059,3.0,,16844590.994255494,1 ha worked,,disk_harrow_singlescore_11.json,50533772.98276648,1.0,,80616648.64674218,1 ha worked,,laser_leveler_singlescore_12.json,80616648.64674218,1.0,,51483431.65711595,1 ha worked,,rotary_tiller_singlescore_14.json,51483431.65711595,1.0,,20774237.986285694,1 ha worked,,seeder_singlescore_17.json,20774237.986285694,8.0,,11253191.91303122,1 ha worked,,sprayer_singlescore_15.json,90025535.30424976,431392706.1628462
D2_2022,D2,2022,ha,Water use,Pt,2.0,,2065.69,1 ha worked,,centrifugal_spreader_singlescore_13.json,4131.38,1.0,,12531.2,1 ha worked,,combine_harvester_singlescore_16.json,12531.2,3.0,,837.045,1 ha worked,,disk_harrow_singlescore_11.json,2511.1349999999998,1.0,,7773.259999999999,1 ha worked,,laser_leveler_singlescore_12.json,7773.259999999999,1.0,,6275.389999999999,1 ha worked,,rotary_tiller_singlescore_14.json,6275.389999999999,1.0,,3367.76,1 ha worked,,seeder_singlescore_17.json,3367.76,8.0,,230.065,1 ha worked,,sprayer_singlescore_15.json,1840.52,38430.645
D2_2023,D2,2023,ha,Acidification,Pt,3.0,,0.8703199999999999,1 ha worked,,centrifugal_spreader_singlescore_13.json,2.6109599999999995,1.0,,6.1575999999999995,1 ha worked,,combine_harvester_singlescore_16.json,6.1575999999999995,3.0,,0.6948799999999999,1 ha worked,,disk_harrow_singlescore_11.json,2.08464,1.0,,3.784,1 ha worked,,laser_leveler_singlescore_12.json,3.784,1.0,,1.95048,1 ha worked,,rotary_tiller_singlescore_14.json,1.95048,0.0,,0.39904,1 ha worked,,seeder_singlescore_17.json,0.0,10.0,,0.057448000000000006,1 ha worked,,sprayer_singlescore_15.json,0.5744800000000001,17.16216
D2_2023,D2,2023,ha,Climate change,Pt,3.0,,47577.59999999999,1 ha worked,,centrifugal_spreader_singlescore_13.json,142732.8,1.0,,293625.3,1 ha worked,,combine_harvester_singlescore_16.json,293625.3,3.0,,36196.5,1 ha worked,,disk_harrow_singlescore_11.json,108589.5,1.0,,219798.59999999998,1 ha worked,,laser_leveler_singlescore_12.json,219798.59999999998,1.0,,123280.5,1 ha worked,,rotary_tiller_singlescore_14.json,123280.5,0.0,,50037.9,1 ha worked,,seeder_singlescore_17.json,0.0,10.0,,3416.1000000000004,1 ha worked,,sprayer_singlescore_15.json,34161.0,922187.7
D2_2023,D2,2023,ha,Climate change - Biogenic,Pt,3.0,,0.0,1 ha worked,,centrifugal_spreader_singlescore_13.json,0.0,1.0,,0.0,1 ha worked,,combine_harvester_singlescore_16.json,0.0,3.0,,0.0,1 ha worked,,disk_harrow_singlescore_11.json,0.0,1.0,,0.0,1 ha worked,,laser_leveler_singlescore_12.json,0.0,1.0,,0.0,1 ha worked,,rotary_tiller_singlescore_14.json,0.0,0.0,,0.0,1 ha worked,,seeder_singlescore_17.json,0.0,10.0,,0.0,1 ha worked,,sprayer_singlescore_15.json,0.0,0.0
D2_2023,D2,2023,ha,Climate change - Fossil,Pt,3.0,,0.0,1 ha worked,,centrifugal_spreader_singlescore_13.json,0.0,1.0,,0.0,1 ha worked,,combine_harvester_singlescore_16.json,0.0,3.0,,0.0,1 ha worked,,disk_harrow_singlescore_11.json,0.0,1.0,,0.0,1 ha worked,,laser_leveler_singlescore_12.json,0.0,1.0,,0.0,1 ha worked,,rotary_tiller_singlescore_14.json,0.0,0.0,,0.0,1 ha worked,,seeder_singlescore_17.json,0.0,10.0,,0.0,1 ha worked,,sprayer_singlescore_15.json,0.0,0.0
D2_2023,D2,2023,ha,Climate change - Land use and LU change,Pt,3.0,,0.0,1 ha worked,,centrifugal_spreader_singlescore_13.json,0.0,1.0,,0.0,1 ha worked,,combine_harvester_singlescore_16.json,0.0,3.0,,0.0,1 ha worked,,disk_harrow_singlescore_11.json,0.0,1.0,,0.0,1 ha worked,,laser_leveler_singlescore_12.json,0.0,1.0,,0.0,1 ha worked,,rotary_tiller_singlescore_14.json,0.0,0.0,,0.0,1 ha worked,,seeder_singlescore_17.json,0.0,10.0,,0.0,1 ha worked,,sprayer_singlescore_15.json,0.0,0.0
D2_2023,D2,2023,ha,"Ecotoxicity, freshwater",Pt,3.0,,92856.62000000001,1 ha worked,,centrifugal_spreader_singlescore_13.json,278569.86000000004,1.0,,619566.99,1 ha worked,,combine_harvester_singlescore_16.json,619566.99,3.0,,53553.84,1 ha worked,,disk_harrow_singlescore_11.json,160661.52,1.0,,360473.73,1 ha worked,,laser_leveler_singlescore_12.json,360473.73,1.0,,257538.30999999997,1 ha worked,,rotary_tiller_singlescore_14.json,257538.30999999997,0.0,,133625.82,1 ha worked,,seeder_singlescore_17.json,0.0,10.0,,7323.02,1 ha worked,,sprayer_singlescore_15.json,73230.20000000001,1750040.61
D2_2023,D2,2023,ha,"Ecotoxicity, freshwater - inorganics",Pt,3.0,,0.0,1 ha worked,,centrifugal_spreader_singlescore_13.json,0.0,1.0,,0.0,1 ha worked,,combine_harvester_singlescore_16.json,0.0,3.0,,0.0,1 ha worked,,disk_harrow_singlescore_11.json,0.0,1.0,,0.0,1 ha worked,,laser_leveler_singlescore_12.json,0.0,1.0,,0.0,1 ha worked,,rotary_tiller_singlescore_14.json,0.0,0.0,,0.0,1 ha worked,,seeder_singlescore_17.json,0.0,10.0,,0.0,1 ha worked,,sprayer_singlescore_15.json,0.0,0.0
D2_2023,D2,2023,ha,"Ecotoxicity, freshwater - metals",Pt,3.0,,0.0,1 ha worked,,centrifugal_spreader_singlescore_13.json,0.0,1.0,,0.0,1 ha worked,,combine_harvester_singlescore_16.json,0.0,3.0,,0.0,1 ha worked,,disk_harrow_singlescore_11.json,0.0,1.0,,0.0,1 ha worked,,laser_leveler_singlescore_12.json,0.0,1.0,,0.0,1 ha worked,,rotary_tiller_singlescore_14.json,0.0,0.0,,0.0,1 ha worked,,seeder_singlescore_17.json,0.0,10.0,,0.0,1 ha worked,,sprayer_singlescore_15.json,0.0,0.0
D2_2023,D2,2023,ha,"Ecotoxicity, freshwater - organics",Pt,3.0,,0.0,1 ha worked,,centrifugal_spreader_singlescore_13.json,0.0,1.0,,0.0,1 ha worked,,combine_harvester_singlescore_16.json,0.0,3.0,,0.0,1 ha worked,,disk_harrow_singlescore_11.json,0.0,1.0,,0.0,1 ha worked,,laser_leveler_singlescore_12.json,0.0,1.0,,0.0,1 ha worked,,rotary_tiller_singlescore_14.json,0.0,0.0,,0.0,1 ha worked,,seeder_singlescore_17.json,0.0,10.0,,0.0,1 ha worked,,sprayer_singlescore_15.json,0.0,0.0
D2_2023,D2,2023,ha,"Eutrophication, freshwater",Pt,3.0,,7.1276e-05,1 ha worked,,centrifugal_spreader_singlescore_13.json,0.000213828,1.0,,0.00048615999999999997,1 ha worked,,combine_harvester_singlescore_16.json,0.00048615999999999997,3.0,,3.0076e-05,1 ha worked,,disk_harrow_singlescore_11.json,9.0228e-05,1.0,,0.00026574,1 ha worked,,laser_leveler_singlescore_12.json,0.00026574,1.0,,0.00023895999999999998,1 ha worked,,rotary_tiller_singlescore_14.json,0.00023895999999999998,0.0,,0.00014111,1 ha worked,,seeder_singlescore_17.json,0.0,10.0,,5.6032e-06,1 ha worked,,sprayer_singlescore_15.json,5.6032e-05,0.0013509479999999996
D2_2023,D2,2023,ha,"Eutrophication, marine",Pt,3.0,,0.08380000000000001,1 ha worked,,centrifugal_spreader_singlescore_13.json,0.25140000000000007,1.0,,0.610902,1 ha worked,,combine_harvester_singlescore_16.json,0.610902,3.0,,0.0708948,1 ha worked,,disk_harrow_singlescore_11.json,0.2126844,1.0,,0.37207199999999996,1 ha worked,,laser_leveler_singlescore_12.json,0.37207199999999996,1.0,,0.17849399999999999,1 ha worked,,rotary_tiller_singlescore_14.json,0.17849399999999999,0.0,,0.017262800000000002,1 ha worked,,seeder_singlescore_17.json,0.0,10.0,,0.005413480000000001,1 ha worked,,sprayer_singlescore_15.json,0.05413480000000001,1.6796871999999998
D2_2023,D2,2023,ha,"Eutrophication, terrestrial",Pt,3.0,,7.227,1 ha worked,,centrifugal_spreader_singlescore_13.json,21.681,1.0,,52.3629,1 ha worked,,combine_harvester_singlescore_16.json,52.3629,3.0,,6.09039,1 ha worked,,disk_harrow_singlescore_11.json,18.27117,1.0,,31.9302,1 ha worked,,laser_leveler_singlescore_12.json,31.9302,1.0,,15.308100000000001,1 ha worked,,rotary_tiller_singlescore_14.json,15.308100000000001,0.0,,1.43226,1 ha worked,,seeder_singlescore_17.json,0.0,10.0,,0.46252800000000005,1 ha worked,,sprayer_singlescore_15.json,4.62528,144.17865
D2_2023,D2,2023,ha,"Human toxicity, cancer",Pt,3.0,,1.6072e-14,1 ha worked,,centrifugal_spreader_singlescore_13.json,4.8216e-14,1.0,,1.0988000000000001e-13,1 ha worked,,combine_harvester_singlescore_16.json,1.0988000000000001e-13,3.0,,9.265999999999999e-15,1 ha worked,,disk_harrow_singlescore_11.json,2.7797999999999996e-14,1.0,,8.446e-14,1 ha worked,,laser_leveler_singlescore_12.json,8.446e-14,1.0,,9.348e-14,1 ha worked,,rotary_tiller_singlescore_14.json,9.348e-14,0.0,,4.5428e-14,1 ha worked,,seeder_singlescore_17.json,0.0,10.0,,1.5661999999999999e-15,1 ha worked,,sprayer_singlescore_15.json,1.5662e-14,3.7949600000000006e-13
D2_2023,D2,2023,ha,"Human toxicity, cancer - inorganics",Pt,3.0,,0.0,1 ha worked,,centrifugal_spreader_singlescore_13.json,0.0,1.0,,0.0,1 ha worked,,combine_harvester_singlescore_16.json,0.0,3.0,,0.0,1 ha worked,,disk_harrow_singlescore_11.json,0.0,1.0,,0.0,1 ha worked,,laser_leveler_singlescore_12.json,0.0,1.0,,0.0,1 ha worked,,rotary_tiller_singlescore_14.json,0.0,0.0,,0.0,1 ha worked,,seeder_singlescore_17.json,0.0,10.0,,0.0,1 ha worked,,sprayer_singlescore_15.json,0.0,0.0
D2_2023,D2,2023,ha,"Human toxicity, cancer - metals",Pt,3.0,,0.0,1 ha worked,,centrifugal_spreader_singlescore_13.json,0.0,1.0,,0.0,1 ha worked,,combine_harvester_singlescore_16.json,0.0,3.0,,0.0,1 ha worked,,disk_harrow_singlescore_11.json,0.0,1.0,,0.0,1 ha worked,,laser_leveler_singlescore_12.json,0.0,1.0,,0.0,1 ha worked,,rotary_tiller_singlescore_14.json,0.0,0.0,,0.0,1 ha worked,,seeder_singlescore_17.json,0.0,10.0,,0.0,1 ha worked,,sprayer_singlescore_15.json,0.0,0.0
D2_2023,D2,2023,ha,"Human toxicity, cancer - organics",Pt,3.0,,0.0,1 ha worked,,centrifugal_spreader_singlescore_13.json,0.0,1.0,,0.0,1 ha worked,,combine_harvester_singlescore_16.json,0.0,3.0,,0.0,1 ha worked,,disk_harrow_singlescore_11.json,0.0,1.0,,0.0,1 ha worked,,laser_leveler_singlescore_12.json,0.0,1.0,,0.0,1 ha worked,,rotary_tiller_singlescore_14.json,0.0,0.0,,0.0,1 ha worked,,seeder_singlescore_17.json,0.0,10.0,,0.0,1 ha worked,,sprayer_singlescore_15.json,0.0,0.0
D2_2023,D2,2023,ha,"Human toxicity, non-cancer",Pt,3.0,,5.2352599999999984e-12,1 ha worked,,centrifugal_spreader_singlescore_13.json,1.5705779999999997e-11,1.0,,3.0240399999999995e-11,1 ha worked,,combine_harvester_singlescore_16.json,3.0240399999999995e-11,3.0,,7.796079999999999e-12,1 ha worked,,disk_harrow_singlescore_11.json,2.3388239999999995e-11,1.0,,1.748e-11,1 ha worked,,laser_leveler_singlescore_12.json,1.748e-11,1.0,,1.1973799999999998e-11,1 ha worked,,rotary_tiller_singlescore_14.json,1.1973799999999998e-11,0.0,,9.351799999999999e-12,1 ha worked,,seeder_singlescore_17.json,0.0,10.0,,1.1099799999999999e-12,1 ha worked,,sprayer_singlescore_15.json,1.1099799999999998e-11,1.0988801999999998e-10
D2_2023,D2,2023,ha,"Human toxicity, non-cancer - inorganics",Pt,3.0,,0.0,1 ha worked,,centrifugal_spreader_singlescore_13.json,0.0,1.0,,0.0,1 ha worked,,combine_harvester_singlescore_16.json,0.0,3.0,,0.0,1 ha worked,,disk_harrow_singlescore_11.json,0.0,1.0,,0.0,1 ha worked,,laser_leveler_singlescore_12.json,0.0,1.0,,0.0,1 ha worked,,rotary_tiller_singlescore_14.json,0.0,0.0,,0.0,1 ha worked,,seeder_singlescore_17.json,0.0,10.0,,0.0,1 ha worked,,sprayer_singlescore_15.json,0.0,0.0
D2_2023,D2,2023,ha,"Human toxicity, non-cancer - metals",Pt,3.0,,0.0,1 ha worked,,centrifugal_spreader_singlescore_13.json,0.0,1.0,,0.0,1 ha worked,,combine_harvester_singlescore_16.json,0.0,3.0,,0.0,1 ha worked,,disk_harrow_singlescore_11.json,0.0,1.0,,0.0,1 ha worked,,laser_leveler_singlescore_12.json,0.0,1.0,,0.0,1 ha worked,,rotary_tiller_singlescore_14.json,0.0,0.0,,0.0,1 ha worked,,seeder_singlescore_17.json,0.0,10.0,,0.0,1 ha worked,,sprayer_singlescore_15.json,0.0,0.0
D2_2023,D2,2023,ha,"Human toxicity, non-cancer - organics",Pt,3.0,,0.0,1 ha worked,,centrifugal_spreader_singlescore_13.json,0.0,1.0,,0.0,1 ha worked,,combine_harvester_singlescore_16.json,0.0,3.0,,0.0,1 ha worked,,disk_harrow_singlescore_11.json,0.0,1.0,,0.0,1 ha worked,,laser_leveler_singlescore_12.json,0.0,1.0,,0.0,1 ha worked,,rotary_tiller_singlescore_14.json,0.0,0.0,,0.0,1 ha worked,,seeder_singlescore_17.json,0.0,10.0,,0.0,1 ha worked,,sprayer_singlescore_15.json,0.0,0.0
D2_2023,D2,2023,ha,Ionising radiation,Pt,3.0,,362.9200000000001,1 ha worked,,centrifugal_spreader_singlescore_13.json,1088.7600000000002,1.0,,2213.39,1 ha worked,,combine_harvester_singlescore_16.json,2213.39,3.0,,267.96999999999997,1 ha worked,,disk_harrow_singlescore_11.json,803.9099999999999,1.0,,1664.79,1 ha worked,,laser_leveler_singlescore_12.json,1664.79,1.0,,911.52,1 ha worked,,rotary_tiller_singlescore_14.json,911.52,0.0,,369.25,1 ha worked,,seeder_singlescore_17.json,0.0,10.0,,24.264999999999997,1 ha worked,,sprayer_singlescore_15.json,242.64999999999998,6925.019999999999
D2_2023,D2,2023,ha,Land use,Pt,3.0,,16120529.999999998,1 ha worked,,centrifugal_spreader_singlescore_13.json,48361589.99999999,1.0,,88815540.0,1 ha worked,,combine_harvester_singlescore_16.json,88815540.0,3.0,,15266940.0,1 ha worked,,disk_harrow_singlescore_11.json,45800820.0,1.0,,71172090.0,1 ha worked,,laser_leveler_singlescore_12.json,71172090.0,1.0,,46409100.0,1 ha worked,,rotary_tiller_singlescore_14.json,46409100.0,0.0,,18753450.0,1 ha worked,,seeder_singlescore_17.json,0.0,10.0,,11114430.0,1 ha worked,,sprayer_singlescore_15.json,111144300.0,411703440.0
D2_2023,D2,2023,ha,Ozone depletion,Pt,3.0,,7.3408e-09,1 ha worked,,centrifugal_spreader_singlescore_13.json,2.20224e-08,1.0,,4.4843999999999994e-08,1 ha worked,,combine_harvester_singlescore_16.json,4.4843999999999994e-08,3.0,,6.1716e-09,1 ha worked,,disk_harrow_singlescore_11.json,1.85148e-08,1.0,,3.1524e-08,1 ha worked,,laser_leveler_singlescore_12.json,3.1524e-08,1.0,,1.47556e-08,1 ha worked,,rotary_tiller_singlescore_14.json,1.47556e-08,0.0,,5.209600000000001e-09,1 ha worked,,seeder_singlescore_17.json,0.0,10.0,,4.765600000000001e-10,1 ha worked,,sprayer_singlescore_15.json,4.765600000000001e-09,1.364264e-07
D2_2023,D2,2023,ha,Particulate matter,Pt,3.0,,5.4204899999999996e-11,1 ha worked,,centrifugal_spreader_singlescore_13.json,1.626147e-10,1.0,,3.4657700000000003e-10,1 ha worked,,combine_harvester_singlescore_16.json,3.4657700000000003e-10,3.0,,4.00589e-11,1 ha worked,,disk_harrow_singlescore_11.json,1.201767e-10,1.0,,2.3533799999999997e-10,1 ha worked,,laser_leveler_singlescore_12.json,2.3533799999999997e-10,1.0,,1.7875400000000004e-10,1 ha worked,,rotary_tiller_singlescore_14.json,1.7875400000000004e-10,0.0,,9.130600000000001e-11,1 ha worked,,seeder_singlescore_17.json,0.0,10.0,,7.844600000000002e-12,1 ha worked,,sprayer_singlescore_15.json,7.844600000000002e-11,1.1219064e-09
D2_2023,D2,2023,ha,Photochemical ozone formation,Pt,3.0,,0.5917,1 ha worked,,centrifugal_spreader_singlescore_13.json,1.7751000000000001,1.0,,4.268,1 ha worked,,combine_harvester_singlescore_16.json,4.268,3.0,,0.48305999999999993,1 ha worked,,disk_harrow_singlescore_11.json,1.4491799999999997,1.0,,2.5802,1 ha worked,,laser_leveler_singlescore_12.json,2.5802,1.0,,1.2998,1 ha worked,,rotary_tiller_singlescore_14.json,1.2998,0.0,,0.20757999999999996,1 ha worked,,seeder_singlescore_17.json,0.0,10.0,,0.037635999999999996,1 ha worked,,sprayer_singlescore_15.json,0.37636,11.748639999999998
D2_2023,D2,2023,ha,"Resource use, fossils",Pt,3.0,,1940138.9999999998,1 ha worked,,centrifugal_spreader_singlescore_13.json,5820416.999999999,1.0,,11808458.1,1 ha worked,,combine_harvester_singlescore_16.json,11808458.1,3.0,,1486788.3,1 ha worked,,disk_harrow_singlescore_11.json,4460364.9,1.0,,8854809.6,1 ha worked,,laser_leveler_singlescore_12.json,8854809.6,1.0,,4686307.2,1 ha worked,,rotary_tiller_singlescore_14.json,4686307.2,0.0,,1833385.2000000002,1 ha worked,,seeder_singlescore_17.json,0.0,10.0,,127767.9,1 ha worked,,sprayer_singlescore_15.json,1277679.0,36908035.800000004
D2_2023,D2,2023,ha,"Resource use, minerals and metals",Pt,3.0,,1.5072e-06,1 ha worked,,centrifugal_spreader_singlescore_13.json,4.5216e-06,1.0,,1.2384e-05,1 ha worked,,combine_harvester_singlescore_16.json,1.2384e-05,3.0,,6.095999999999998e-07,1 ha worked,,disk_harrow_singlescore_11.json,1.8287999999999995e-06,1.0,,4.4015999999999995e-06,1 ha worked,,laser_leveler_singlescore_12.json,4.4015999999999995e-06,1.0,,2.976e-06,1 ha worked,,rotary_tiller_singlescore_14.json,2.976e-06,0.0,,1.7759999999999998e-06,1 ha worked,,seeder_singlescore_17.json,0.0,10.0,,1.3968e-07,1 ha worked,,sprayer_singlescore_15.json,1.3968e-06,2.7508799999999997e-05
D2_2023,D2,2023,ha,Total,Pt,3.0,,18203540.602892786,1 ha worked,,centrifugal_spreader_singlescore_13.json,54610621.80867836,1.0,,101551998.37990059,1 ha worked,,combine_harvester_singlescore_16.json,101551998.37990059,3.0,,16844590.994255494,1 ha worked,,disk_harrow_singlescore_11.json,50533772.98276648,1.0,,80616648.64674218,1 ha worked,,laser_leveler_singlescore_12.json,80616648.64674218,1.0,,51483431.65711595,1 ha worked,,rotary_tiller_singlescore_14.json,51483431.65711595,0.0,,20774237.986285694,1 ha worked,,seeder_singlescore_17.json,0.0,10.0,,11253191.91303122,1 ha worked,,sprayer_singlescore_15.json,112531919.1303122,451328392.6055158
D2_2023,D2,2023,ha,Water use,Pt,3.0,,2065.69,1 ha worked,,centrifugal_spreader_singlescore_13.json,6197.07,1.0,,12531.2,1 ha worked,,combine_harvester_singlescore_16.json,12531.2,3.0,,837.045,1 ha worked,,disk_harrow_singlescore_11.json,2511.1349999999998,1.0,,7773.259999999999,1 ha worked,,laser_leveler_singlescore_12.json,7773.259999999999,1.0,,6275.389999999999,1 ha worked,,rotary_tiller_singlescore_14.json,6275.389999999999,0.0,,3367.76,1 ha worked,,seeder_singlescore_17.json,0.0,10.0,,230.065,1 ha worked,,sprayer_singlescore_15.json,2300.65,37588.704999999994
D2_2024,D2,2024,ha,Acidification,Pt,3.0,,0.8703199999999999,1 ha worked,,centrifugal_spreader_singlescore_13.json,2.6109599999999995,1.0,,6.1575999999999995,1 ha worked,,combine_harvester_singlescore_16.json,6.1575999999999995,3.0,,0.6948799999999999,1 ha worked,,disk_harrow_singlescore_11.json,2.08464,1.0,,3.784,1 ha worked,,laser_leveler_singlescore_12.json,3.784,1.0,,1.95048,1 ha worked,,rotary_tiller_singlescore_14.json,1.95048,0.0,,0.39904,1 ha worked,,seeder_singlescore_17.json,0.0,9.0,,0.057448000000000006,1 ha worked,,sprayer_singlescore_15.json,0.517032,17.104712
D2_2024,D2,2024,ha,Climate change,Pt,3.0,,47577.59999999999,1 ha worked,,centrifugal_spreader_singlescore_13.json,142732.8,1.0,,293625.3,1 ha worked,,combine_harvester_singlescore_16.json,293625.3,3.0,,36196.5,1 ha worked,,disk_harrow_singlescore_11.json,108589.5,1.0,,219798.59999999998,1 ha worked,,laser_leveler_singlescore_12.json,219798.59999999998,1.0,,123280.5,1 ha worked,,rotary_tiller_singlescore_14.json,123280.5,0.0,,50037.9,1 ha worked,,seeder_singlescore_17.json,0.0,9.0,,3416.1000000000004,1 ha worked,,sprayer_singlescore_15.json,30744.9,918771.6
D2_2024,D2,2024,ha,Climate change - Biogenic,Pt,3.0,,0.0,1 ha worked,,centrifugal_spreader_singlescore_13.json,0.0,1.0,,0.0,1 ha worked,,combine_harvester_singlescore_16.json,0.0,3.0,,0.0,1 ha worked,,disk_harrow_singlescore_11.json,0.0,1.0,,0.0,1 ha worked,,laser_leveler_singlescore_12.json,0.0,1.0,,0.0,1 ha worked,,rotary_tiller_singlescore_14.json,0.0,0.0,,0.0,1 ha worked,,seeder_singlescore_17.json,0.0,9.0,,0.0,1 ha worked,,sprayer_singlescore_15.json,0.0,0.0
D2_2024,D2,2024,ha,Climate change - Fossil,Pt,3.0,,0.0,1 ha worked,,centrifugal_spreader_singlescore_13.json,0.0,1.0,,0.0,1 ha worked,,combine_harvester_singlescore_16.json,0.0,3.0,,0.0,1 ha worked,,disk_harrow_singlescore_11.json,0.0,1.0,,0.0,1 ha worked,,laser_leveler_singlescore_12.json,0.0,1.0,,0.0,1 ha worked,,rotary_tiller_singlescore_14.json,0.0,0.0,,0.0,1 ha worked,,seeder_singlescore_17.json,0.0,9.0,,0.0,1 ha worked,,sprayer_singlescore_15.json,0.0,0.0
D2_2024,D2,2024,ha,Climate change - Land use and LU change,Pt,3.0,,0.0,1 ha worked,,centrifugal_spreader_singlescore_13.json,0.0,1.0,,0.0,1 ha worked,,combine_harvester_singlescore_16.json,0.0,3.0,,0.0,1 ha worked,,disk_harrow_singlescore_11.json,0.0,1.0,,0.0,1 ha worked,,laser_leveler_singlescore_12.json,0.0,1.0,,0.0,1 ha worked,,rotary_tiller_singlescore_14.json,0.0,0.0,,0.0,1 ha worked,,seeder_singlescore_17.json,0.0,9.0,,0.0,1 ha worked,,sprayer_singlescore_15.json,0.0,0.0
D2_2024,D2,2024,ha,"Ecotoxicity, freshwater",Pt,3.0,,92856.62000000001,1 ha worked,,centrifugal_spreader_singlescore_13.json,278569.86000000004,1.0,,619566.99,1 ha worked,,combine_harvester_singlescore_16.json,619566.99,3.0,,53553.84,1 ha worked,,disk_harrow_singlescore_11.json,160661.52,1.0,,360473.73,1 ha worked,,laser_leveler_singlescore_12.json,360473.73,1.0,,257538.30999999997,1 ha worked,,rotary_tiller_singlescore_14.json,257538.30999999997,0.0,,133625.82,1 ha worked,,seeder_singlescore_17.json,0.0,9.0,,7323.02,1 ha worked,,sprayer_singlescore_15.json,65907.18000000001,1742717.59
D2_2024,D2,2024,ha,"Ecotoxicity, freshwater - inorganics",Pt,3.0,,0.0,1 ha worked,,centrifugal_spreader_singlescore_13.json,0.0,1.0,,0.0,1 ha worked,,combine_harvester_singlescore_16.json,0.0,3.0,,0.0,1 ha worked,,disk_harrow_singlescore_11.json,0.0,1.0,,0.0,1 ha worked,,laser_leveler_singlescore_12.json,0.0,1.0,,0.0,1 ha worked,,rotary_tiller_singlescore_14.json,0.0,0.0,,0.0,1 ha worked,,seeder_singlescore_17.json,0.0,9.0,,0.0,1 ha worked,,sprayer_singlescore_15.json,0.0,0.0
D2_2024,D2,2024,ha,"Ecotoxicity, freshwater - metals",Pt,3.0,,0.0,1 ha worked,,centrifugal_spreader_singlescore_13.json,0.0,1.0,,0.0,1 ha worked,,combine_harvester_singlescore_16.json,0.0,3.0,,0.0,1 ha worked,,disk_harrow_singlescore_11.json,0.0,1.0,,0.0,1 ha worked,,laser_leveler_singlescore_12.json,0.0,1.0,,0.0,1 ha worked,,rotary_tiller_singlescore_14.json,0.0,0.0,,0.0,1 ha worked,,seeder_singlescore_17.json,0.0,9.0,,0.0,1 ha worked,,sprayer_singlescore_15.json,0.0,0.0
D2_2024,D2,2024,ha,"Ecotoxicity, freshwater - organics",Pt,3.0,,0.0,1 ha worked,,centrifugal_spreader_singlescore_13.json,0.0,1.0,,0.0,1 ha worked,,combine_harvester_singlescore_16.json,0.0,3.0,,0.0,1 ha worked,,disk_harrow_singlescore_11.json,0.0,1.0,,0.0,1 ha worked,,laser_leveler_singlescore_12.json,0.0,1.0,,0.0,1 ha worked,,rotary_tiller_singlescore_14.json,0.0,0.0,,0.0,1 ha worked,,seeder_singlescore_17.json,0.0,9.0,,0.0,1 ha worked,,sprayer_singlescore_15.json,0.0,0.0
D2_2024,D2,2024,ha,"Eutrophication, freshwater",Pt,3.0,,7.1276e-05,1 ha worked,,centrifugal_spreader_singlescore_13.json,0.000213828,1.0,,0.00048615999999999997,1 ha worked,,combine_harvester_singlescore_16.json,0.00048615999999999997,3.0,,3.0076e-05,1 ha worked,,disk_harrow_singlescore_11.json,9.0228e-05,1.0,,0.00026574,1 ha worked,,laser_leveler_singlescore_12.json,0.00026574,1.0,,0.00023895999999999998,1 ha worked,,rotary_tiller_singlescore_14.json,0.00023895999999999998,0.0,,0.00014111,1 ha worked,,seeder_singlescore_17.json,0.0,9.0,,5.6032e-06,1 ha worked,,sprayer_singlescore_15.json,5.04288e-05,0.0013453447999999997
D2_2024,D2,2024,ha,"Eutrophication, marine",Pt,3.0,,0.08380000000000001,1 ha worked,,centrifugal_spreader_singlescore_13.json,0.25140000000000007,1.0,,0.610902,1 ha worked,,combine_harvester_singlescore_16.json,0.610902,3.0,,0.0708948,1 ha worked,,disk_harrow_singlescore_11.json,0.2126844,1.0,,0.37207199999999996,1 ha worked,,laser_leveler_singlescore_12.json,0.37207199999999996,1.0,,0.17849399999999999,1 ha worked,,rotary_tiller_singlescore_14.json,0.17849399999999999,0.0,,0.017262800000000002,1 ha worked,,seeder_singlescore_17.json,0.0,9.0,,0.005413480000000001,1 ha worked,,sprayer_singlescore_15.json,0.048721320000000005,1.67427372
D2_2024,D2,2024,ha,"Eutrophication, terrestrial",Pt,3.0,,7.227,1 ha worked,,centrifugal_spreader_singlescore_13.json,21.681,1.0,,52.3629,1 ha worked,,combine_harvester_singlescore_16.json,52.3629,3.0,,6.09039,1 ha worked,,disk_harrow_singlescore_11.json,18.27117,1.0,,31.9302,1 ha worked,,laser_leveler_singlescore_12.json,31.9302,1.0,,15.308100000000001,1 ha worked,,rotary_tiller_singlescore_14.json,15.308100000000001,0.0,,1.43226,1 ha worked,,seeder_singlescore_17.json,0.0,9.0,,0.46252800000000005,1 ha worked,,sprayer_singlescore_15.json,4.162752,143.716122
D2_2024,D2,2024,ha,"Human toxicity, cancer",Pt,3.0,,1.6072e-14,1 ha worked,,centrifugal_spreader_singlescore_13.json,4.8216e-14,1.0,,1.0988000000000001e-13,1 ha worked,,combine_harvester_singlescore_16.json,1.0988000000000001e-13,3.0,,9.265999999999999e-15,1 ha worked,,disk_harrow_singlescore_11.json,2.7797999999999996e-14,1.0,,8.446e-14,1 ha worked,,laser_leveler_singlescore_12.json,8.446e-14,1.0,,9.348e-14,1 ha worked,,rotary_tiller_singlescore_14.json,9.348e-14,0.0,,4.5428e-14,1 ha worked,,seeder_singlescore_17.json,0.0,9.0,,1.5661999999999999e-15,1 ha worked,,sprayer_singlescore_15.json,1.4095799999999998e-14,3.7792980000000007e-13
D2_2024,D2,2024,ha,"Human toxicity, cancer - inorganics",Pt,3.0,,0.0,1 ha worked,,centrifugal_spreader_singlescore_13.json,0.0,1.0,,0.0,1 ha worked,,combine_harvester_singlescore_16.json,0.0,3.0,,0.0,1 ha worked,,disk_harrow_singlescore_11.json,0.0,1.0,,0.0,1 ha worked,,laser_leveler_singlescore_12.json,0.0,1.0,,0.0,1 ha worked,,rotary_tiller_singlescore_14.json,0.0,0.0,,0.0,1 ha worked,,seeder_singlescore_17.json,0.0,9.0,,0.0,1 ha worked,,sprayer_singlescore_15.json,0.0,0.0
D2_2024,D2,2024,ha,"Human toxicity, cancer - metals",Pt,3.0,,0.0,1 ha worked,,centrifugal_spreader_singlescore_13.json,0.0,1.0,,0.0,1 ha worked,,combine_harvester_singlescore_16.json,0.0,3.0,,0.0,1 ha worked,,disk_harrow_singlescore_11.json,0.0,1.0,,0.0,1 ha worked,,laser_leveler_singlescore_12.json,0.0,1.0,,0.0,1 ha worked,,rotary_tiller_singlescore_14.json,0.0,0.0,,0.0,1 ha worked,,seeder_singlescore_17.json,0.0,9.0,,0.0,1 ha worked,,sprayer_singlescore_15.json,0.0,0.0
D2_2024,D2,2024,ha,"Human toxicity, cancer - organics",Pt,3.0,,0.0,1 ha worked,,centrifugal_spreader_singlescore_13.json,0.0,1.0,,0.0,1 ha worked,,combine_harvester_singlescore_16.json,0.0,3.0,,0.0,1 ha worked,,disk_harrow_singlescore_11.json,0.0,1.0,,0.0,1 ha worked,,laser_leveler_singlescore_12.json,0.0,1.0,,0.0,1 ha worked,,rotary_tiller_singlescore_14.json,0.0,0.0,,0.0,1 ha worked,,seeder_singlescore_17.json,0.0,9.0,,0.0,1 ha worked,,sprayer_singlescore_15.json,0.0,0.0
D2_2024,D2,2024,ha,"Human toxicity, non-cancer",Pt,3.0,,5.2352599999999984e-12,1 ha worked,,centrifugal_spreader_singlescore_13.json,1.5705779999999997e-11,1.0,,3.0240399999999995e-11,1 ha worked,,combine_harvester_singlescore_16.json,3.0240399999999995e-11,3.0,,7.796079999999999e-12,1 ha worked,,disk_harrow_singlescore_11.json,2.3388239999999995e-11,1.0,,1.748e-11,1 ha worked,,laser_leveler_singlescore_12.json,1.748e-11,1.0,,1.1973799999999998e-11,1 ha worked,,rotary_tiller_singlescore_14.json,1.1973799999999998e-11,0.0,,9.351799999999999e-12,1 ha worked,,seeder_singlescore_17.json,0.0,9.0,,1.1099799999999999e-12,1 ha worked,,sprayer_singlescore_15.json,9.989819999999999e-12,1.0877803999999998e-10
D2_2024,D2,2024,ha,"Human toxicity, non-cancer - inorganics",Pt,3.0,,0.0,1 ha worked,,centrifugal_spreader_singlescore_13.json,0.0,1.0,,0.0,1 ha worked,,combine_harvester_singlescore_16.json,0.0,3.0,,0.0,1 ha worked,,disk_harrow_singlescore_11.json,0.0,1.0,,0.0,1 ha worked,,laser_leveler_singlescore_12.json,0.0,1.0,,0.0,1 ha worked,,rotary_tiller_singlescore_14.json,0.0,0.0,,0.0,1 ha worked,,seeder_singlescore_17.json,0.0,9.0,,0.0,1 ha worked,,sprayer_singlescore_15.json,0.0,0.0
D2_2024,D2,2024,ha,"Human toxicity, non-cancer - metals",Pt,3.0,,0.0,1 ha worked,,centrifugal_spreader_singlescore_13.json,0.0,1.0,,0.0,1 ha worked,,combine_harvester_singlescore_16.json,0.0,3.0,,0.0,1 ha worked,,disk_harrow_singlescore_11.json,0.0,1.0,,0.0,1 ha worked,,laser_leveler_singlescore_12.json,0.0,1.0,,0.0,1 ha worked,,rotary_tiller_singlescore_14.json,0.0,0.0,,0.0,1 ha worked,,seeder_singlescore_17.json,0.0,9.0,,0.0,1 ha worked,,sprayer_singlescore_15.json,0.0,0.0
D2_2024,D2,2024,ha,"Human toxicity, non-cancer - organics",Pt,3.0,,0.0,1 ha worked,,centrifugal_spreader_singlescore_13.json,0.0,1.0,,0.0,1 ha worked,,combine_harvester_singlescore_16.json,0.0,3.0,,0.0,1 ha worked,,disk_harrow_singlescore_11.json,0.0,1.0,,0.0,1 ha worked,,laser_leveler_singlescore_12.json,0.0,1.0,,0.0,1 ha worked,,rotary_tiller_singlescore_14.json,0.0,0.0,,0.0,1 ha worked,,seeder_singlescore_17.json,0.0,9.0,,0.0,1 ha worked,,sprayer_singlescore_15.json,0.0,0.0
D2_2024,D2,2024,ha,Ionising radiation,Pt,3.0,,362.9200000000001,1 ha worked,,centrifugal_spreader_singlescore_13.json,1088.7600000000002,1.0,,2213.39,1 ha worked,,combine_harvester_singlescore_16.json,2213.39,3.0,,267.96999999999997,1 ha worked,,disk_harrow_singlescore_11.json,803.9099999999999,1.0,,1664.79,1 ha worked,,laser_leveler_singlescore_12.json,1664.79,1.0,,911.52,1 ha worked,,rotary_tiller_singlescore_14.json,911.52,0.0,,369.25,1 ha worked,,seeder_singlescore_17.json,0.0,9.0,,24.264999999999997,1 ha worked,,sprayer_singlescore_15.json,218.38499999999996,6900.754999999999
D2_2024,D2,2024,ha,Land use,Pt,3.0,,16120529.999999998,1 ha worked,,centrifugal_spreader_singlescore_13.json,48361589.99999999,1.0,,88815540.0,1 ha worked,,combine_harvester_singlescore_16.json,88815540.0,3.0,,15266940.0,1 ha worked,,disk_harrow_singlescore_11.json,45800820.0,1.0,,71172090.0,1 ha worked,,laser_leveler_singlescore_12.json,71172090.0,1.0,,46409100.0,1 ha worked,,rotary_tiller_singlescore_14.json,46409100.0,0.0,,18753450.0,1 ha worked,,seeder_singlescore_17.json,0.0,9.0,,11114430.0,1 ha worked,,sprayer_singlescore_15.json,100029870.0,400589010.0
D2_2024,D2,2024,ha,Ozone depletion,Pt,3.0,,7.3408e-09,1 ha worked,,centrifugal_spreader_singlescore_13.json,2.20224e-08,1.0,,4.4843999999999994e-08,1 ha worked,,combine_harvester_singlescore_16.json,4.4843999999999994e-08,3.0,,6.1716e-09,1 ha worked,,disk_harrow_singlescore_11.json,1.85148e-08,1.0,,3.1524e-08,1 ha worked,,laser_leveler_singlescore_12.json,3.1524e-08,1.0,,1.47556e-08,1 ha worked,,rotary_tiller_singlescore_14.json,1.47556e-08,0.0,,5.209600000000001e-09,1 ha worked,,seeder_singlescore_17.json,0.0,9.0,,4.765600000000001e-10,1 ha worked,,sprayer_singlescore_15.json,4.289040000000001e-09,1.3594984e-07
D2_2024,D2,2024,ha,Particulate matter,Pt,3.0,,5.4204899999999996e-11,1 ha worked,,centrifugal_spreader_singlescore_13.json,1.626147e-10,1.0,,3.4657700000000003e-10,1 ha worked,,combine_harvester_singlescore_16.json,3.4657700000000003e-10,3.0,,4.00589e-11,1 ha worked,,disk_harrow_singlescore_11.json,1.201767e-10,1.0,,2.3533799999999997e-10,1 ha worked,,laser_leveler_singlescore_12.json,2.3533799999999997e-10,1.0,,1.7875400000000004e-10,1 ha worked,,rotary_tiller_singlescore_14.json,1.7875400000000004e-10,0.0,,9.130600000000001e-11,1 ha worked,,seeder_singlescore_17.json,0.0,9.0,,7.844600000000002e-12,1 ha worked,,sprayer_singlescore_15.json,7.060140000000001e-11,1.1140618e-09
D2_2024,D2,2024,ha,Photochemical ozone formation,Pt,3.0,,0.5917,1 ha worked,,centrifugal_spreader_singlescore_13.json,1.7751000000000001,1.0,,4.268,1 ha worked,,combine_harvester_singlescore_16.json,4.268,3.0,,0.48305999999999993,1 ha worked,,disk_harrow_singlescore_11.json,1.4491799999999997,1.0,,2.5802,1 ha worked,,laser_leveler_singlescore_12.json,2.5802,1.0,,1.2998,1 ha worked,,rotary_tiller_singlescore_14.json,1.2998,0.0,,0.20757999999999996,1 ha worked,,seeder_singlescore_17.json,0.0,9.0,,0.037635999999999996,1 ha worked,,sprayer_singlescore_15.json,0.33872399999999997,11.711003999999997
D2_2024,D2,2024,ha,"Resource use, fossils",Pt,3.0,,1940138.9999999998,1 ha worked,,centrifugal_spreader_singlescore_13.json,5820416.999999999,1.0,,11808458.1,1 ha worked,,combine_harvester_singlescore_16.json,11808458.1,3.0,,1486788.3,1 ha worked,,disk_harrow_singlescore_11.json,4460364.9,1.0,,8854809.6,1 ha worked,,laser_leveler_singlescore_12.json,8854809.6,1.0,,4686307.2,1 ha worked,,rotary_tiller_singlescore_14.json,4686307.2,0.0,,1833385.2000000002,1 ha worked,,seeder_singlescore_17.json,0.0,9.0,,127767.9,1 ha worked,,sprayer_singlescore_15.json,1149911.0999999999,36780267.900000006
D2_2024,D2,2024,ha,"Resource use, minerals and metals",Pt,3.0,,1.5072e-06,1 ha worked,,centrifugal_spreader_singlescore_13.json,4.5216e-06,1.0,,1.2384e-05,1 ha worked,,combine_harvester_singlescore_16.json,1.2384e-05,3.0,,6.095999999999998e-07,1 ha worked,,disk_harrow_singlescore_11.json,1.8287999999999995e-06,1.0,,4.4015999999999995e-06,1 ha worked,,laser_leveler_singlescore_12.json,4.4015999999999995e-06,1.0,,2.976e-06,1 ha worked,,rotary_tiller_singlescore_14.json,2.976e-06,0.0,,1.7759999999999998e-06,1 ha worked,,seeder_singlescore_17.json,0.0,9.0,,1.3968e-07,1 ha worked,,sprayer_singlescore_15.json,1.25712e-06,2.7369119999999997e-05
D2_2024,D2,2024,ha,Total,Pt,3.0,,18203540.602892786,1 ha worked,,centrifugal_spreader_singlescore_13.json,54610621.80867836,1.0,,101551998.37990059,1 ha worked,,combine_harvester_singlescore_16.json,101551998.37990059,3.0,,16844590.994255494,1 ha worked,,disk_harrow_singlescore_11.json,50533772.98276648,1.0,,80616648.64674218,1 ha worked,,laser_leveler_singlescore_12.json,80616648.64674218,1.0,,51483431.65711595,1 ha worked,,rotary_tiller_singlescore_14.json,51483431.65711595,0.0,,20774237.986285694,1 ha worked,,seeder_singlescore_17.json,0.0,9.0,,11253191.91303122,1 ha worked,,sprayer_singlescore_15.json,101278727.21728098,440075200.69248456
D2_2024,D2,2024,ha,Water use,Pt,3.0,,2065.69,1 ha worked,,centrifugal_spreader_singlescore_13.json,6197.07,1.0,,12531.2,1 ha worked,,combine_harvester_singlescore_16.json,12531.2,3.0,,837.045,1 ha worked,,disk_harrow_singlescore_11.json,2511.1349999999998,1.0,,7773.259999999999,1 ha worked,,laser_leveler_singlescore_12.json,7773.259999999999,1.0,,6275.389999999999,1 ha worked,,rotary_tiller_singlescore_14.json,6275.389999999999,0.0,,3367.76,1 ha worked,,seeder_singlescore_17.json,0.0,9.0,,230.065,1 ha worked,,sprayer_singlescore_15.json,2070.585,37358.63999999999
NT1_2023,NT1,2023,ha,Acidification,Pt,2.0,,0.8703199999999999,1 ha worked,,centrifugal_spreader_singlescore_13.json,1.7406399999999997,1.0,,6.1575999999999995,1 ha worked,,combine_harvester_singlescore_16.json,6.1575999999999995,0.0,,0.6948799999999999,1 ha worked,,disk_harrow_singlescore_11.json,0.0,0.0,,3.784,1 ha worked,,laser_leveler_singlescore_12.json,0.0,0.0,,1.95048,1 ha worked,,rotary_tiller_singlescore_14.json,0.0,1.0,,0.39904,1 ha worked,,seeder_singlescore_17.json,0.39904,3.0,,0.057448000000000006,1 ha worked,,sprayer_singlescore_15.json,0.17234400000000002,8.469624
NT1_2023,NT1,2023,ha,Climate change,Pt,2.0,,47577.59999999999,1 ha worked,,centrifugal_spreader_singlescore_13.json,95155.19999999998,1.0,,293625.3,1 ha worked,,combine_harvester_singlescore_16.json,293625.3,0.0,,36196.5,1 ha worked,,disk_harrow_singlescore_11.json,0.0,0.0,,219798.59999999998,1 ha worked,,laser_leveler_singlescore_12.json,0.0,0.0,,123280.5,1 ha worked,,rotary_tiller_singlescore_14.json,0.0,1.0,,50037.9,1 ha worked,,seeder_singlescore_17.json,50037.9,3.0,,3416.1000000000004,1 ha worked,,sprayer_singlescore_15.json,10248.300000000001,449066.7
NT1_2023,NT1,2023,ha,Climate change - Biogenic,Pt,2.0,,0.0,1 ha worked,,centrifugal_spreader_singlescore_13.json,0.0,1.0,,0.0,1 ha worked,,combine_harvester_singlescore_16.json,0.0,0.0,,0.0,1 ha worked,,disk_harrow_singlescore_11.json,0.0,0.0,,0.0,1 ha worked,,laser_leveler_singlescore_12.json,0.0,0.0,,0.0,1 ha worked,,rotary_tiller_singlescore_14.json,0.0,1.0,,0.0,1 ha worked,,seeder_singlescore_17.json,0.0,3.0,,0.0,1 ha worked,,sprayer_singlescore_15.json,0.0,0.0
NT1_2023,NT1,2023,ha,Climate change - Fossil,Pt,2.0,,0.0,1 ha worked,,centrifugal_spreader_singlescore_13.json,0.0,1.0,,0.0,1 ha worked,,combine_harvester_singlescore_16.json,0.0,0.0,,0.0,1 ha worked,,disk_harrow_singlescore_11.json,0.0,0.0,,0.0,1 ha worked,,laser_leveler_singlescore_12.json,0.0,0.0,,0.0,1 ha worked,,rotary_tiller_singlescore_14.json,0.0,1.0,,0.0,1 ha worked,,seeder_singlescore_17.json,0.0,3.0,,0.0,1 ha worked,,sprayer_singlescore_15.json,0.0,0.0
NT1_2023,NT1,2023,ha,Climate change - Land use and LU change,Pt,2.0,,0.0,1 ha worked,,centrifugal_spreader_singlescore_13.json,0.0,1.0,,0.0,1 ha worked,,combine_harvester_singlescore_16.json,0.0,0.0,,0.0,1 ha worked,,disk_harrow_singlescore_11.json,0.0,0.0,,0.0,1 ha worked,,laser_leveler_singlescore_12.json,0.0,0.0,,0.0,1 ha worked,,rotary_tiller_singlescore_14.json,0.0,1.0,,0.0,1 ha worked,,seeder_singlescore_17.json,0.0,3.0,,0.0,1 ha worked,,sprayer_singlescore_15.json,0.0,0.0
NT1_2023,NT1,2023,ha,"Ecotoxicity, freshwater",Pt,2.0,,92856.62000000001,1 ha worked,,centrifugal_spreader_singlescore_13.json,185713.24000000002,1.0,,619566.99,1 ha worked,,combine_harvester_singlescore_16.json,619566.99,0.0,,53553.84,1 ha worked,,disk_harrow_singlescore_11.json,0.0,0.0,,360473.73,1 ha worked,,laser_leveler_singlescore_12.json,0.0,0.0,,257538.30999999997,1 ha worked,,rotary_tiller_singlescore_14.json,0.0,1.0,,133625.82,1 ha worked,,seeder_singlescore_17.json,133625.82,3.0,,7323.02,1 ha worked,,sprayer_singlescore_15.json,21969.06,960875.1100000001
NT1_2023,NT1,2023,ha,"Ecotoxicity, freshwater - inorganics",Pt,2.0,,0.0,1 ha worked,,centrifugal_spreader_singlescore_13.json,0.0,1.0,,0.0,1 ha worked,,combine_harvester_singlescore_16.json,0.0,0.0,,0.0,1 ha worked,,disk_harrow_singlescore_11.json,0.0,0.0,,0.0,1 ha worked,,laser_leveler_singlescore_12.json,0.0,0.0,,0.0,1 ha worked,,rotary_tiller_singlescore_14.json,0.0,1.0,,0.0,1 ha worked,,seeder_singlescore_17.json,0.0,3.0,,0.0,1 ha worked,,sprayer_singlescore_15.json,0.0,0.0
NT1_2023,NT1,2023,ha,"Ecotoxicity, freshwater - metals",Pt,2.0,,0.0,1 ha worked,,centrifugal_spreader_singlescore_13.json,0.0,1.0,,0.0,1 ha worked,,combine_harvester_singlescore_16.json,0.0,0.0,,0.0,1 ha worked,,disk_harrow_singlescore_11.json,0.0,0.0,,0.0,1 ha worked,,laser_leveler_singlescore_12.json,0.0,0.0,,0.0,1 ha worked,,rotary_tiller_singlescore_14.json,0.0,1.0,,0.0,1 ha worked,,seeder_singlescore_17.json,0.0,3.0,,0.0,1 ha worked,,sprayer_singlescore_15.json,0.0,0.0
NT1_2023,NT1,2023,ha,"Ecotoxicity, freshwater - organics",Pt,2.0,,0.0,1 ha worked,,centrifugal_spreader_singlescore_13.json,0.0,1.0,,0.0,1 ha worked,,combine_harvester_singlescore_16.json,0.0,0.0,,0.0,1 ha worked,,disk_harrow_singlescore_11.json,0.0,0.0,,0.0,1 ha worked,,laser_leveler_singlescore_12.json,0.0,0.0,,0.0,1 ha worked,,rotary_tiller_singlescore_14.json,0.0,1.0,,0.0,1 ha worked,,seeder_singlescore_17.json,0.0,3.0,,0.0,1 ha worked,,sprayer_singlescore_15.json,0.0,0.0
NT1_2023,NT1,2023,ha,"Eutrophication, freshwater",Pt,2.0,,7.1276e-05,1 ha worked,,centrifugal_spreader_singlescore_13.json,0.000142552,1.0,,0.00048615999999999997,1 ha worked,,combine_harvester_singlescore_16.json,0.00048615999999999997,0.0,,3.0076e-05,1 ha worked,,disk_harrow_singlescore_11.json,0.0,0.0,,0.00026574,1 ha worked,,laser_leveler_singlescore_12.json,0.0,0.0,,0.00023895999999999998,1 ha worked,,rotary_tiller_singlescore_14.json,0.0,1.0,,0.00014111,1 ha worked,,seeder_singlescore_17.json,0.00014111,3.0,,5.6032e-06,1 ha worked,,sprayer_singlescore_15.json,1.68096e-05,0.0007866316000000001
NT1_2023,NT1,2023,ha,"Eutrophication, marine",Pt,2.0,,0.08380000000000001,1 ha worked,,centrifugal_spreader_singlescore_13.json,0.16760000000000003,1.0,,0.610902,1 ha worked,,combine_harvester_singlescore_16.json,0.610902,0.0,,0.0708948,1 ha worked,,disk_harrow_singlescore_11.json,0.0,0.0,,0.37207199999999996,1 ha worked,,laser_leveler_singlescore_12.json,0.0,0.0,,0.17849399999999999,1 ha worked,,rotary_tiller_singlescore_14.json,0.0,1.0,,0.017262800000000002,1 ha worked,,seeder_singlescore_17.json,0.017262800000000002,3.0,,0.005413480000000001,1 ha worked,,sprayer_singlescore_15.json,0.016240440000000002,0.8120052400000001
NT1_2023,NT1,2023,ha,"Eutrophication, terrestrial",Pt,2.0,,7.227,1 ha worked,,centrifugal_spreader_singlescore_13.json,14.454,1.0,,52.3629,1 ha worked,,combine_harvester_singlescore_16.json,52.3629,0.0,,6.09039,1 ha worked,,disk_harrow_singlescore_11.json,0.0,0.0,,31.9302,1 ha worked,,laser_leveler_singlescore_12.json,0.0,0.0,,15.308100000000001,1 ha worked,,rotary_tiller_singlescore_14.json,0.0,1.0,,1.43226,1 ha worked,,seeder_singlescore_17.json,1.43226,3.0,,0.46252800000000005,1 ha worked,,sprayer_singlescore_15.json,1.3875840000000002,69.63674400000001
NT1_2023,NT1,2023,ha,"Human toxicity, cancer",Pt,2.0,,1.6072e-14,1 ha worked,,centrifugal_spreader_singlescore_13.json,3.2144e-14,1.0,,1.0988000000000001e-13,1 ha worked,,combine_harvester_singlescore_16.json,1.0988000000000001e-13,0.0,,9.265999999999999e-15,1 ha worked,,disk_harrow_singlescore_11.json,0.0,0.0,,8.446e-14,1 ha worked,,laser_leveler_singlescore_12.json,0.0,0.0,,9.348e-14,1 ha worked,,rotary_tiller_singlescore_14.json,0.0,1.0,,4.5428e-14,1 ha worked,,seeder_singlescore_17.json,4.5428e-14,3.0,,1.5661999999999999e-15,1 ha worked,,sprayer_singlescore_15.json,4.6985999999999995e-15,1.921506e-13
NT1_2023,NT1,2023,ha,"Human toxicity, cancer - inorganics",Pt,2.0,,0.0,1 ha worked,,centrifugal_spreader_singlescore_13.json,0.0,1.0,,0.0,1 ha worked,,combine_harvester_singlescore_16.json,0.0,0.0,,0.0,1 ha worked,,disk_harrow_singlescore_11.json,0.0,0.0,,0.0,1 ha worked,,laser_leveler_singlescore_12.json,0.0,0.0,,0.0,1 ha worked,,rotary_tiller_singlescore_14.json,0.0,1.0,,0.0,1 ha worked,,seeder_singlescore_17.json,0.0,3.0,,0.0,1 ha worked,,sprayer_singlescore_15.json,0.0,0.0
NT1_2023,NT1,2023,ha,"Human toxicity, cancer - metals",Pt,2.0,,0.0,1 ha worked,,centrifugal_spreader_singlescore_13.json,0.0,1.0,,0.0,1 ha worked,,combine_harvester_singlescore_16.json,0.0,0.0,,0.0,1 ha worked,,disk_harrow_singlescore_11.json,0.0,0.0,,0.0,1 ha worked,,laser_leveler_singlescore_12.json,0.0,0.0,,0.0,1 ha worked,,rotary_tiller_singlescore_14.json,0.0,1.0,,0.0,1 ha worked,,seeder_singlescore_17.json,0.0,3.0,,0.0,1 ha worked,,sprayer_singlescore_15.json,0.0,0.0
NT1_2023,NT1,2023,ha,"Human toxicity, cancer - organics",Pt,2.0,,0.0,1 ha worked,,centrifugal_spreader_singlescore_13.json,0.0,1.0,,0.0,1 ha worked,,combine_harvester_singlescore_16.json,0.0,0.0,,0.0,1 ha worked,,disk_harrow_singlescore_11.json,0.0,0.0,,0.0,1 ha worked,,laser_leveler_singlescore_12.json,0.0,0.0,,0.0,1 ha worked,,rotary_tiller_singlescore_14.json,0.0,1.0,,0.0,1 ha worked,,seeder_singlescore_17.json,0.0,3.0,,0.0,1 ha worked,,sprayer_singlescore_15.json,0.0,0.0
NT1_2023,NT1,2023,ha,"Human toxicity, non-cancer",Pt,2.0,,5.2352599999999984e-12,1 ha worked,,centrifugal_spreader_singlescore_13.json,1.0470519999999997e-11,1.0,,3.0240399999999995e-11,1 ha worked,,combine_harvester_singlescore_16.json,3.0240399999999995e-11,0.0,,7.796079999999999e-12,1 ha worked,,disk_harrow_singlescore_11.json,0.0,0.0,,1.748e-11,1 ha worked,,laser_leveler_singlescore_12.json,0.0,0.0,,1.1973799999999998e-11,1 ha worked,,rotary_tiller_singlescore_14.json,0.0,1.0,,9.351799999999999e-12,1 ha worked,,seeder_singlescore_17.json,9.351799999999999e-12,3.0,,1.1099799999999999e-12,1 ha worked,,sprayer_singlescore_15.json,3.32994e-12,5.3392659999999994e-11
NT1_2023,NT1,2023,ha,"Human toxicity, non-cancer - inorganics",Pt,2.0,,0.0,1 ha worked,,centrifugal_spreader_singlescore_13.json,0.0,1.0,,0.0,1 ha worked,,combine_harvester_singlescore_16.json,0.0,0.0,,0.0,1 ha worked,,disk_harrow_singlescore_11.json,0.0,0.0,,0.0,1 ha worked,,laser_leveler_singlescore_12.json,0.0,0.0,,0.0,1 ha worked,,rotary_tiller_singlescore_14.json,0.0,1.0,,0.0,1 ha worked,,seeder_singlescore_17.json,0.0,3.0,,0.0,1 ha worked,,sprayer_singlescore_15.json,0.0,0.0
NT1_2023,NT1,2023,ha,"Human toxicity, non-cancer - metals",Pt,2.0,,0.0,1 ha worked,,centrifugal_spreader_singlescore_13.json,0.0,1.0,,0.0,1 ha worked,,combine_harvester_singlescore_16.json,0.0,0.0,,0.0,1 ha worked,,disk_harrow_singlescore_11.json,0.0,0.0,,0.0,1 ha worked,,laser_leveler_singlescore_12.json,0.0,0.0,,0.0,1 ha worked,,rotary_tiller_singlescore_14.json,0.0,1.0,,0.0,1 ha worked,,seeder_singlescore_17.json,0.0,3.0,,0.0,1 ha worked,,sprayer_singlescore_15.json,0.0,0.0
NT1_2023,NT1,2023,ha,"Human toxicity, non-cancer - organics",Pt,2.0,,0.0,1 ha worked,,centrifugal_spreader_singlescore_13.json,0.0,1.0,,0.0,1 ha worked,,combine_harvester_singlescore_16.json,0.0,0.0,,0.0,1 ha worked,,disk_harrow_singlescore_11.json,0.0,0.0,,0.0,1 ha worked,,laser_leveler_singlescore_12.json,0.0,0.0,,0.0,1 ha worked,,rotary_tiller_singlescore_14.json,0.0,1.0,,0.0,1 ha worked,,seeder_singlescore_17.json,0.0,3.0,,0.0,1 ha worked,,sprayer_singlescore_15.json,0.0,0.0
NT1_2023,NT1,2023,ha,Ionising radiation,Pt,2.0,,362.9200000000001,1 ha worked,,centrifugal_spreader_singlescore_13.json,725.8400000000001,1.0,,2213.39,1 ha worked,,combine_harvester_singlescore_16.json,2213.39,0.0,,267.96999999999997,1 ha worked,,disk_harrow_singlescore_11.json,0.0,0.0,,1664.79,1 ha worked,,laser_leveler_singlescore_12.json,0.0,0.0,,911.52,1 ha worked,,rotary_tiller_singlescore_14.json,0.0,1.0,,369.25,1 ha worked,,seeder_singlescore_17.json,369.25,3.0,,24.264999999999997,1 ha worked,,sprayer_singlescore_15.json,72.79499999999999,3381.275
NT1_2023,NT1,2023,ha,Land use,Pt,2.0,,16120529.999999998,1 ha worked,,centrifugal_spreader_singlescore_13.json,32241059.999999996,1.0,,88815540.0,1 ha worked,,combine_harvester_singlescore_16.json,88815540.0,0.0,,15266940.0,1 ha worked,,disk_harrow_singlescore_11.json,0.0,0.0,,71172090.0,1 ha worked,,laser_leveler_singlescore_12.json,0.0,0.0,,46409100.0,1 ha worked,,rotary_tiller_singlescore_14.json,0.0,1.0,,18753450.0,1 ha worked,,seeder_singlescore_17.json,18753450.0,3.0,,11114430.0,1 ha worked,,sprayer_singlescore_15.json,33343290.0,173153340.0
NT1_2023,NT1,2023,ha,Ozone depletion,Pt,2.0,,7.3408e-09,1 ha worked,,centrifugal_spreader_singlescore_13.json,1.46816e-08,1.0,,4.4843999999999994e-08,1 ha worked,,combine_harvester_singlescore_16.json,4.4843999999999994e-08,0.0,,6.1716e-09,1 ha worked,,disk_harrow_singlescore_11.json,0.0,0.0,,3.1524e-08,1 ha worked,,laser_leveler_singlescore_12.json,0.0,0.0,,1.47556e-08,1 ha worked,,rotary_tiller_singlescore_14.json,0.0,1.0,,5.209600000000001e-09,1 ha worked,,seeder_singlescore_17.json,5.209600000000001e-09,3.0,,4.765600000000001e-10,1 ha worked,,sprayer_singlescore_15.json,1.4296800000000002e-09,6.616487999999999e-08
NT1_2023,NT1,2023,ha,Particulate matter,Pt,2.0,,5.4204899999999996e-11,1 ha worked,,centrifugal_spreader_singlescore_13.json,1.0840979999999999e-10,1.0,,3.4657700000000003e-10,1 ha worked,,combine_harvester_singlescore_16.json,3.4657700000000003e-10,0.0,,4.00589e-11,1 ha worked,,disk_harrow_singlescore_11.json,0.0,0.0,,2.3533799999999997e-10,1 ha worked,,laser_leveler_singlescore_12.json,0.0,0.0,,1.7875400000000004e-10,1 ha worked,,rotary_tiller_singlescore_14.json,0.0,1.0,,9.130600000000001e-11,1 ha worked,,seeder_singlescore_17.json,9.130600000000001e-11,3.0,,7.844600000000002e-12,1 ha worked,,sprayer_singlescore_15.json,2.3533800000000005e-11,5.698266e-10
NT1_2023,NT1,2023,ha,Photochemical ozone formation,Pt,2.0,,0.5917,1 ha worked,,centrifugal_spreader_singlescore_13.json,1.1834,1.0,,4.268,1 ha worked,,combine_harvester_singlescore_16.json,4.268,0.0,,0.48305999999999993,1 ha worked,,disk_harrow_singlescore_11.json,0.0,0.0,,2.5802,1 ha worked,,laser_leveler_singlescore_12.json,0.0,0.0,,1.2998,1 ha worked,,rotary_tiller_singlescore_14.json,0.0,1.0,,0.20757999999999996,1 ha worked,,seeder_singlescore_17.json,0.20757999999999996,3.0,,0.037635999999999996,1 ha worked,,sprayer_singlescore_15.json,0.11290799999999998,5.771888
NT1_2023,NT1,2023,ha,"Resource use, fossils",Pt,2.0,,1940138.9999999998,1 ha worked,,centrifugal_spreader_singlescore_13.json,3880277.9999999995,1.0,,11808458.1,1 ha worked,,combine_harvester_singlescore_16.json,11808458.1,0.0,,1486788.3,1 ha worked,,disk_harrow_singlescore_11.json,0.0,0.0,,8854809.6,1 ha worked,,laser_leveler_singlescore_12.json,0.0,0.0,,4686307.2,1 ha worked,,rotary_tiller_singlescore_14.json,0.0,1.0,,1833385.2000000002,1 ha worked,,seeder_singlescore_17.json,1833385.2000000002,3.0,,127767.9,1 ha worked,,sprayer_singlescore_15.json,383303.69999999995,17905425.0
NT1_2023,NT1,2023,ha,"Resource use, minerals and metals",Pt,2.0,,1.5072e-06,1 ha worked,,centrifugal_spreader_singlescore_13.json,3.0144e-06,1.0,,1.2384e-05,1 ha worked,,combine_harvester_singlescore_16.json,1.2384e-05,0.0,,6.095999999999998e-07,1 ha worked,,disk_harrow_singlescore_11.json,0.0,0.0,,4.4015999999999995e-06,1 ha worked,,laser_leveler_singlescore_12.json,0.0,0.0,,2.976e-06,1 ha worked,,rotary_tiller_singlescore_14.json,0.0,1.0,,1.7759999999999998e-06,1 ha worked,,seeder_singlescore_17.json,1.7759999999999998e-06,3.0,,1.3968e-07,1 ha worked,,sprayer_singlescore_15.json,4.1903999999999997e-07,1.7593440000000003e-05
NT1_2023,NT1,2023,ha,Total,Pt,2.0,,18203540.602892786,1 ha worked,,centrifugal_spreader_singlescore_13.json,36407081.20578557,1.0,,101551998.37990059,1 ha worked,,combine_harvester_singlescore_16.json,101551998.37990059,0.0,,16844590.994255494,1 ha worked,,disk_harrow_singlescore_11.json,0.0,0.0,,80616648.64674218,1 ha worked,,laser_leveler_singlescore_12.json,0.0,0.0,,51483431.65711595,1 ha worked,,rotary_tiller_singlescore_14.json,0.0,1.0,,20774237.986285694,1 ha worked,,seeder_singlescore_17.json,20774237.986285694,3.0,,11253191.91303122,1 ha worked,,sprayer_singlescore_15.json,33759575.73909366,192492893.3110655
NT1_2023,NT1,2023,ha,Water use,Pt,2.0,,2065.69,1 ha worked,,centrifugal_spreader_singlescore_13.json,4131.38,1.0,,12531.2,1 ha worked,,combine_harvester_singlescore_16.json,12531.2,0.0,,837.045,1 ha worked,,disk_harrow_singlescore_11.json,0.0,0.0,,7773.259999999999,1 ha worked,,laser_leveler_singlescore_12.json,0.0,0.0,,6275.389999999999,1 ha worked,,rotary_tiller_singlescore_14.json,0.0,1.0,,3367.76,1 ha worked,,seeder_singlescore_17.json,3367.76,3.0,,230.065,1 ha worked,,sprayer_singlescore_15.json,690.1949999999999,20720.535000000003
NT1_2024,NT1,2024,ha,Acidification,Pt,2.0,,0.8703199999999999,1 ha worked,,centrifugal_spreader_singlescore_13.json,1.7406399999999997,1.0,,6.1575999999999995,1 ha worked,,combine_harvester_singlescore_16.json,6.1575999999999995,0.0,,0.6948799999999999,1 ha worked,,disk_harrow_singlescore_11.json,0.0,0.0,,3.784,1 ha worked,,laser_leveler_singlescore_12.json,0.0,0.0,,1.95048,1 ha worked,,rotary_tiller_singlescore_14.json,0.0,1.0,,0.39904,1 ha worked,,seeder_singlescore_17.json,0.39904,5.0,,0.057448000000000006,1 ha worked,,sprayer_singlescore_15.json,0.28724000000000005,8.58452
NT1_2024,NT1,2024,ha,Climate change,Pt,2.0,,47577.59999999999,1 ha worked,,centrifugal_spreader_singlescore_13.json,95155.19999999998,1.0,,293625.3,1 ha worked,,combine_harvester_singlescore_16.json,293625.3,0.0,,36196.5,1 ha worked,,disk_harrow_singlescore_11.json,0.0,0.0,,219798.59999999998,1 ha worked,,laser_leveler_singlescore_12.json,0.0,0.0,,123280.5,1 ha worked,,rotary_tiller_singlescore_14.json,0.0,1.0,,50037.9,1 ha worked,,seeder_singlescore_17.json,50037.9,5.0,,3416.1000000000004,1 ha worked,,sprayer_singlescore_15.json,17080.5,455898.9
NT1_2024,NT1,2024,ha,Climate change - Biogenic,Pt,2.0,,0.0,1 ha worked,,centrifugal_spreader_singlescore_13.json,0.0,1.0,,0.0,1 ha worked,,combine_harvester_singlescore_16.json,0.0,0.0,,0.0,1 ha worked,,disk_harrow_singlescore_11.json,0.0,0.0,,0.0,1 ha worked,,laser_leveler_singlescore_12.json,0.0,0.0,,0.0,1 ha worked,,rotary_tiller_singlescore_14.json,0.0,1.0,,0.0,1 ha worked,,seeder_singlescore_17.json,0.0,5.0,,0.0,1 ha worked,,sprayer_singlescore_15.json,0.0,0.0
NT1_2024,NT1,2024,ha,Climate change - Fossil,Pt,2.0,,0.0,1 ha worked,,centrifugal_spreader_singlescore_13.json,0.0,1.0,,0.0,1 ha worked,,combine_harvester_singlescore_16.json,0.0,0.0,,0.0,1 ha worked,,disk_harrow_singlescore_11.json,0.0,0.0,,0.0,1 ha worked,,laser_leveler_singlescore_12.json,0.0,0.0,,0.0,1 ha worked,,rotary_tiller_singlescore_14.json,0.0,1.0,,0.0,1 ha worked,,seeder_singlescore_17.json,0.0,5.0,,0.0,1 ha worked,,sprayer_singlescore_15.json,0.0,0.0
NT1_2024,NT1,2024,ha,Climate change - Land use and LU change,Pt,2.0,,0.0,1 ha worked,,centrifugal_spreader_singlescore_13.json,0.0,1.0,,0.0,1 ha worked,,combine_harvester_singlescore_16.json,0.0,0.0,,0.0,1 ha worked,,disk_harrow_singlescore_11.json,0.0,0.0,,0.0,1 ha worked,,laser_leveler_singlescore_12.json,0.0,0.0,,0.0,1 ha worked,,rotary_tiller_singlescore_14.json,0.0,1.0,,0.0,1 ha worked,,seeder_singlescore_17.json,0.0,5.0,,0.0,1 ha worked,,sprayer_singlescore_15.json,0.0,0.0
NT1_2024,NT1,2024,ha,"Ecotoxicity, freshwater",Pt,2.0,,92856.62000000001,1 ha worked,,centrifugal_spreader_singlescore_13.json,185713.24000000002,1.0,,619566.99,1 ha worked,,combine_harvester_singlescore_16.json,619566.99,0.0,,53553.84,1 ha worked,,disk_harrow_singlescore_11.json,0.0,0.0,,360473.73,1 ha worked,,laser_leveler_singlescore_12.json,0.0,0.0,,257538.30999999997,1 ha worked,,rotary_tiller_singlescore_14.json,0.0,1.0,,133625.82,1 ha worked,,seeder_singlescore_17.json,133625.82,5.0,,7323.02,1 ha worked,,sprayer_singlescore_15.json,36615.100000000006,975521.15
NT1_2024,NT1,2024,ha,"Ecotoxicity, freshwater - inorganics",Pt,2.0,,0.0,1 ha worked,,centrifugal_spreader_singlescore_13.json,0.0,1.0,,0.0,1 ha worked,,combine_harvester_singlescore_16.json,0.0,0.0,,0.0,1 ha worked,,disk_harrow_singlescore_11.json,0.0,0.0,,0.0,1 ha worked,,laser_leveler_singlescore_12.json,0.0,0.0,,0.0,1 ha worked,,rotary_tiller_singlescore_14.json,0.0,1.0,,0.0,1 ha worked,,seeder_singlescore_17.json,0.0,5.0,,0.0,1 ha worked,,sprayer_singlescore_15.json,0.0,0.0
NT1_2024,NT1,2024,ha,"Ecotoxicity, freshwater - metals",Pt,2.0,,0.0,1 ha worked,,centrifugal_spreader_singlescore_13.json,0.0,1.0,,0.0,1 ha worked,,combine_harvester_singlescore_16.json,0.0,0.0,,0.0,1 ha worked,,disk_harrow_singlescore_11.json,0.0,0.0,,0.0,1 ha worked,,laser_leveler_singlescore_12.json,0.0,0.0,,0.0,1 ha worked,,rotary_tiller_singlescore_14.json,0.0,1.0,,0.0,1 ha worked,,seeder_singlescore_17.json,0.0,5.0,,0.0,1 ha worked,,sprayer_singlescore_15.json,0.0,0.0
NT1_2024,NT1,2024,ha,"Ecotoxicity, freshwater - organics",Pt,2.0,,0.0,1 ha worked,,centrifugal_spreader_singlescore_13.json,0.0,1.0,,0.0,1 ha worked,,combine_harvester_singlescore_16.json,0.0,0.0,,0.0,1 ha worked,,disk_harrow_singlescore_11.json,0.0,0.0,,0.0,1 ha worked,,laser_leveler_singlescore_12.json,0.0,0.0,,0.0,1 ha worked,,rotary_tiller_singlescore_14.json,0.0,1.0,,0.0,1 ha worked,,seeder_singlescore_17.json,0.0,5.0,,0.0,1 ha worked,,sprayer_singlescore_15.json,0.0,0.0
NT1_2024,NT1,2024,ha,"Eutrophication, freshwater",Pt,2.0,,7.1276e-05,1 ha worked,,centrifugal_spreader_singlescore_13.json,0.000142552,1.0,,0.00048615999999999997,1 ha worked,,combine_harvester_singlescore_16.json,0.00048615999999999997,0.0,,3.0076e-05,1 ha worked,,disk_harrow_singlescore_11.json,0.0,0.0,,0.00026574,1 ha worked,,laser_leveler_singlescore_12.json,0.0,0.0,,0.00023895999999999998,1 ha worked,,rotary_tiller_singlescore_14.json,0.0,1.0,,0.00014111,1 ha worked,,seeder_singlescore_17.json,0.00014111,5.0,,5.6032e-06,1 ha worked,,sprayer_singlescore_15.json,2.8016e-05,0.000797838
NT1_2024,NT1,2024,ha,"Eutrophication, marine",Pt,2.0,,0.08380000000000001,1 ha worked,,centrifugal_spreader_singlescore_13.json,0.16760000000000003,1.0,,0.610902,1 ha worked,,combine_harvester_singlescore_16.json,0.610902,0.0,,0.0708948,1 ha worked,,disk_harrow_singlescore_11.json,0.0,0.0,,0.37207199999999996,1 ha worked,,laser_leveler_singlescore_12.json,0.0,0.0,,0.17849399999999999,1 ha worked,,rotary_tiller_singlescore_14.json,0.0,1.0,,0.017262800000000002,1 ha worked,,seeder_singlescore_17.json,0.017262800000000002,5.0,,0.005413480000000001,1 ha worked,,sprayer_singlescore_15.json,0.027067400000000005,0.8228322
NT1_2024,NT1,2024,ha,"Eutrophication, terrestrial",Pt,2.0,,7.227,1 ha worked,,centrifugal_spreader_singlescore_13.json,14.454,1.0,,52.3629,1 ha worked,,combine_harvester_singlescore_16.json,52.3629,0.0,,6.09039,1 ha worked,,disk_harrow_singlescore_11.json,0.0,0.0,,31.9302,1 ha worked,,laser_leveler_singlescore_12.json,0.0,0.0,,15.308100000000001,1 ha worked,,rotary_tiller_singlescore_14.json,0.0,1.0,,1.43226,1 ha worked,,seeder_singlescore_17.json,1.43226,5.0,,0.46252800000000005,1 ha worked,,sprayer_singlescore_15.json,2.31264,70.5618
NT1_2024,NT1,2024,ha,"Human toxicity, cancer",Pt,2.0,,1.6072e-14,1 ha worked,,centrifugal_spreader_singlescore_13.json,3.2144e-14,1.0,,1.0988000000000001e-13,1 ha worked,,combine_harvester_singlescore_16.json,1.0988000000000001e-13,0.0,,9.265999999999999e-15,1 ha worked,,disk_harrow_singlescore_11.json,0.0,0.0,,8.446e-14,1 ha worked,,laser_leveler_singlescore_12.json,0.0,0.0,,9.348e-14,1 ha worked,,rotary_tiller_singlescore_14.json,0.0,1.0,,4.5428e-14,1 ha worked,,seeder_singlescore_17.json,4.5428e-14,5.0,,1.5661999999999999e-15,1 ha worked,,sprayer_singlescore_15.json,7.831e-15,1.9528300000000002e-13
NT1_2024,NT1,2024,ha,"Human toxicity, cancer - inorganics",Pt,2.0,,0.0,1 ha worked,,centrifugal_spreader_singlescore_13.json,0.0,1.0,,0.0,1 ha worked,,combine_harvester_singlescore_16.json,0.0,0.0,,0.0,1 ha worked,,disk_harrow_singlescore_11.json,0.0,0.0,,0.0,1 ha worked,,laser_leveler_singlescore_12.json,0.0,0.0,,0.0,1 ha worked,,rotary_tiller_singlescore_14.json,0.0,1.0,,0.0,1 ha worked,,seeder_singlescore_17.json,0.0,5.0,,0.0,1 ha worked,,sprayer_singlescore_15.json,0.0,0.0
NT1_2024,NT1,2024,ha,"Human toxicity, cancer - metals",Pt,2.0,,0.0,1 ha worked,,centrifugal_spreader_singlescore_13.json,0.0,1.0,,0.0,1 ha worked,,combine_harvester_singlescore_16.json,0.0,0.0,,0.0,1 ha worked,,disk_harrow_singlescore_11.json,0.0,0.0,,0.0,1 ha worked,,laser_leveler_singlescore_12.json,0.0,0.0,,0.0,1 ha worked,,rotary_tiller_singlescore_14.json,0.0,1.0,,0.0,1 ha worked,,seeder_singlescore_17.json,0.0,5.0,,0.0,1 ha worked,,sprayer_singlescore_15.json,0.0,0.0
NT1_2024,NT1,2024,ha,"Human toxicity, cancer - organics",Pt,2.0,,0.0,1 ha worked,,centrifugal_spreader_singlescore_13.json,0.0,1.0,,0.0,1 ha worked,,combine_harvester_singlescore_16.json,0.0,0.0,,0.0,1 ha worked,,disk_harrow_singlescore_11.json,0.0,0.0,,0.0,1 ha worked,,laser_leveler_singlescore_12.json,0.0,0.0,,0.0,1 ha worked,,rotary_tiller_singlescore_14.json,0.0,1.0,,0.0,1 ha worked,,seeder_singlescore_17.json,0.0,5.0,,0.0,1 ha worked,,sprayer_singlescore_15.json,0.0,0.0
NT1_2024,NT1,2024,ha,"Human toxicity, non-cancer",Pt,2.0,,5.2352599999999984e-12,1 ha worked,,centrifugal_spreader_singlescore_13.json,1.0470519999999997e-11,1.0,,3.0240399999999995e-11,1 ha worked,,combine_harvester_singlescore_16.json,3.0240399999999995e-11,0.0,,7.796079999999999e-12,1 ha worked,,disk_harrow_singlescore_11.json,0.0,0.0,,1.748e-11,1 ha worked,,laser_leveler_singlescore_12.json,0.0,0.0,,1.1973799999999998e-11,1 ha worked,,rotary_tiller_singlescore_14.json,0.0,1.0,,9.351799999999999e-12,1 ha worked,,seeder_singlescore_17.json,9.351799999999999e-12,5.0,,1.1099799999999999e-12,1 ha worked,,sprayer_singlescore_15.json,5.549899999999999e-12,5.561261999999999e-11
NT1_2024,NT1,2024,ha,"Human toxicity, non-cancer - inorganics",Pt,2.0,,0.0,1 ha worked,,centrifugal_spreader_singlescore_13.json,0.0,1.0,,0.0,1 ha worked,,combine_harvester_singlescore_16.json,0.0,0.0,,0.0,1 ha worked,,disk_harrow_singlescore_11.json,0.0,0.0,,0.0,1 ha worked,,laser_leveler_singlescore_12.json,0.0,0.0,,0.0,1 ha worked,,rotary_tiller_singlescore_14.json,0.0,1.0,,0.0,1 ha worked,,seeder_singlescore_17.json,0.0,5.0,,0.0,1 ha worked,,sprayer_singlescore_15.json,0.0,0.0
NT1_2024,NT1,2024,ha,"Human toxicity, non-cancer - metals",Pt,2.0,,0.0,1 ha worked,,centrifugal_spreader_singlescore_13.json,0.0,1.0,,0.0,1 ha worked,,combine_harvester_singlescore_16.json,0.0,0.0,,0.0,1 ha worked,,disk_harrow_singlescore_11.json,0.0,0.0,,0.0,1 ha worked,,laser_leveler_singlescore_12.json,0.0,0.0,,0.0,1 ha worked,,rotary_tiller_singlescore_14.json,0.0,1.0,,0.0,1 ha worked,,seeder_singlescore_17.json,0.0,5.0,,0.0,1 ha worked,,sprayer_singlescore_15.json,0.0,0.0
NT1_2024,NT1,2024,ha,"Human toxicity, non-cancer - organics",Pt,2.0,,0.0,1 ha worked,,centrifugal_spreader_singlescore_13.json,0.0,1.0,,0.0,1 ha worked,,combine_harvester_singlescore_16.json,0.0,0.0,,0.0,1 ha worked,,disk_harrow_singlescore_11.json,0.0,0.0,,0.0,1 ha worked,,laser_leveler_singlescore_12.json,0.0,0.0,,0.0,1 ha worked,,rotary_tiller_singlescore_14.json,0.0,1.0,,0.0,1 ha worked,,seeder_singlescore_17.json,0.0,5.0,,0.0,1 ha worked,,sprayer_singlescore_15.json,0.0,0.0
NT1_2024,NT1,2024,ha,Ionising radiation,Pt,2.0,,362.9200000000001,1 ha worked,,centrifugal_spreader_singlescore_13.json,725.8400000000001,1.0,,2213.39,1 ha worked,,combine_harvester_singlescore_16.json,2213.39,0.0,,267.96999999999997,1 ha worked,,disk_harrow_singlescore_11.json,0.0,0.0,,1664.79,1 ha worked,,laser_leveler_singlescore_12.json,0.0,0.0,,911.52,1 ha worked,,rotary_tiller_singlescore_14.json,0.0,1.0,,369.25,1 ha worked,,seeder_singlescore_17.json,369.25,5.0,,24.264999999999997,1 ha worked,,sprayer_singlescore_15.json,121.32499999999999,3429.805
NT1_2024,NT1,2024,ha,Land use,Pt,2.0,,16120529.999999998,1 ha worked,,centrifugal_spreader_singlescore_13.json,32241059.999999996,1.0,,88815540.0,1 ha worked,,combine_harvester_singlescore_16.json,88815540.0,0.0,,15266940.0,1 ha worked,,disk_harrow_singlescore_11.json,0.0,0.0,,71172090.0,1 ha worked,,laser_leveler_singlescore_12.json,0.0,0.0,,46409100.0,1 ha worked,,rotary_tiller_singlescore_14.json,0.0,1.0,,18753450.0,1 ha worked,,seeder_singlescore_17.json,18753450.0,5.0,,11114430.0,1 ha worked,,sprayer_singlescore_15.json,55572150.0,195382200.0
NT1_2024,NT1,2024,ha,Ozone depletion,Pt,2.0,,7.3408e-09,1 ha worked,,centrifugal_spreader_singlescore_13.json,1.46816e-08,1.0,,4.4843999999999994e-08,1 ha worked,,combine_harvester_singlescore_16.json,4.4843999999999994e-08,0.0,,6.1716e-09,1 ha worked,,disk_harrow_singlescore_11.json,0.0,0.0,,3.1524e-08,1 ha worked,,laser_leveler_singlescore_12.json,0.0,0.0,,1.47556e-08,1 ha worked,,rotary_tiller_singlescore_14.json,0.0,1.0,,5.209600000000001e-09,1 ha worked,,seeder_singlescore_17.json,5.209600000000001e-09,5.0,,4.765600000000001e-10,1 ha worked,,sprayer_singlescore_15.json,2.3828000000000005e-09,6.711799999999999e-08
NT1_2024,NT1,2024,ha,Particulate matter,Pt,2.0,,5.4204899999999996e-11,1 ha worked,,centrifugal_spreader_singlescore_13.json,1.0840979999999999e-10,1.0,,3.4657700000000003e-10,1 ha worked,,combine_harvester_singlescore_16.json,3.4657700000000003e-10,0.0,,4.00589e-11,1 ha worked,,disk_harrow_singlescore_11.json,0.0,0.0,,2.3533799999999997e-10,1 ha worked,,laser_leveler_singlescore_12.json,0.0,0.0,,1.7875400000000004e-10,1 ha worked,,rotary_tiller_singlescore_14.json,0.0,1.0,,9.130600000000001e-11,1 ha worked,,seeder_singlescore_17.json,9.130600000000001e-11,5.0,,7.844600000000002e-12,1 ha worked,,sprayer_singlescore_15.json,3.922300000000001e-11,5.855158000000001e-10
NT1_2024,NT1,2024,ha,Photochemical ozone formation,Pt,2.0,,0.5917,1 ha worked,,centrifugal_spreader_singlescore_13.json,1.1834,1.0,,4.268,1 ha worked,,combine_harvester_singlescore_16.json,4.268,0.0,,0.48305999999999993,1 ha worked,,disk_harrow_singlescore_11.json,0.0,0.0,,2.5802,1 ha worked,,laser_leveler_singlescore_12.json,0.0,0.0,,1.2998,1 ha worked,,rotary_tiller_singlescore_14.json,0.0,1.0,,0.20757999999999996,1 ha worked,,seeder_singlescore_17.json,0.20757999999999996,5.0,,0.037635999999999996,1 ha worked,,sprayer_singlescore_15.json,0.18818,5.84716
NT1_2024,NT1,2024,ha,"Resource use, fossils",Pt,2.0,,1940138.9999999998,1 ha worked,,centrifugal_spreader_singlescore_13.json,3880277.9999999995,1.0,,11808458.1,1 ha worked,,combine_harvester_singlescore_16.json,11808458.1,0.0,,1486788.3,1 ha worked,,disk_harrow_singlescore_11.json,0.0,0.0,,8854809.6,1 ha worked,,laser_leveler_singlescore_12.json,0.0,0.0,,4686307.2,1 ha worked,,rotary_tiller_singlescore_14.json,0.0,1.0,,1833385.2000000002,1 ha worked,,seeder_singlescore_17.json,1833385.2000000002,5.0,,127767.9,1 ha worked,,sprayer_singlescore_15.json,638839.5,18160960.8
NT1_2024,NT1,2024,ha,"Resource use, minerals and metals",Pt,2.0,,1.5072e-06,1 ha worked,,centrifugal_spreader_singlescore_13.json,3.0144e-06,1.0,,1.2384e-05,1 ha worked,,combine_harvester_singlescore_16.json,1.2384e-05,0.0,,6.095999999999998e-07,1 ha worked,,disk_harrow_singlescore_11.json,0.0,0.0,,4.4015999999999995e-06,1 ha worked,,laser_leveler_singlescore_12.json,0.0,0.0,,2.976e-06,1 ha worked,,rotary_tiller_singlescore_14.json,0.0,1.0,,1.7759999999999998e-06,1 ha worked,,seeder_singlescore_17.json,1.7759999999999998e-06,5.0,,1.3968e-07,1 ha worked,,sprayer_singlescore_15.json,6.984e-07,1.7872800000000003e-05
NT1_2024,NT1,2024,ha,Total,Pt,2.0,,18203540.602892786,1 ha worked,,centrifugal_spreader_singlescore_13.json,36407081.20578557,1.0,,101551998.37990059,1 ha worked,,combine_harvester_singlescore_16.json,101551998.37990059,0.0,,16844590.994255494,1 ha worked,,disk_harrow_singlescore_11.json,0.0,0.0,,80616648.64674218,1 ha worked,,laser_leveler_singlescore_12.json,0.0,0.0,,51483431.65711595,1 ha worked,,rotary_tiller_singlescore_14.json,0.0,1.0,,20774237.986285694,1 ha worked,,seeder_singlescore_17.json,20774237.986285694,5.0,,11253191.91303122,1 ha worked,,sprayer_singlescore_15.json,56265959.5651561,214999277.13712794
NT1_2024,NT1,2024,ha,Water use,Pt,2.0,,2065.69,1 ha worked,,centrifugal_spreader_singlescore_13.json,4131.38,1.0,,12531.2,1 ha worked,,combine_harvester_singlescore_16.json,12531.2,0.0,,837.045,1 ha worked,,disk_harrow_singlescore_11.json,0.0,0.0,,7773.259999999999,1 ha worked,,laser_leveler_singlescore_12.json,0.0,0.0,,6275.389999999999,1 ha worked,,rotary_tiller_singlescore_14.json,0.0,1.0,,3367.76,1 ha worked,,seeder_singlescore_17.json,3367.76,5.0,,230.065,1 ha worked,,sprayer_singlescore_15.json,1150.325,21180.665000000005
NT2_2022,NT2,2022,ha,Acidification,Pt,2.1469147894,,0.8703199999999999,1 ha worked,,centrifugal_spreader_singlescore_13.json,1.8685028795106076,0.0,,6.1575999999999995,1 ha worked,,combine_harvester_singlescore_16.json,0.0,0.0,,0.6948799999999999,1 ha worked,,disk_harrow_singlescore_11.json,0.0,1.0,,3.784,1 ha worked,,laser_leveler_singlescore_12.json,3.784,1.0,,1.95048,1 ha worked,,rotary_tiller_singlescore_14.json,1.95048,0.0,,0.39904,1 ha worked,,seeder_singlescore_17.json,0.0,6.0,,0.057448000000000006,1 ha worked,,sprayer_singlescore_15.json,0.34468800000000005,7.947670879510607
NT2_2022,NT2,2022,ha,Climate change,Pt,2.1469147894,,47577.59999999999,1 ha worked,,centrifugal_spreader_singlescore_13.json,102145.05308415741,0.0,,293625.3,1 ha worked,,combine_harvester_singlescore_16.json,0.0,0.0,,36196.5,1 ha worked,,disk_harrow_singlescore_11.json,0.0,1.0,,219798.59999999998,1 ha worked,,laser_leveler_singlescore_12.json,219798.59999999998,1.0,,123280.5,1 ha worked,,rotary_tiller_singlescore_14.json,123280.5,0.0,,50037.9,1 ha worked,,seeder_singlescore_17.json,0.0,6.0,,3416.1000000000004,1 ha worked,,sprayer_singlescore_15.json,20496.600000000002,465720.75308415736
NT2_2022,NT2,2022,ha,Climate change - Biogenic,Pt,2.1469147894,,0.0,1 ha worked,,centrifugal_spreader_singlescore_13.json,0.0,0.0,,0.0,1 ha worked,,combine_harvester_singlescore_16.json,0.0,0.0,,0.0,1 ha worked,,disk_harrow_singlescore_11.json,0.0,1.0,,0.0,1 ha worked,,laser_leveler_singlescore_12.json,0.0,1.0,,0.0,1 ha worked,,rotary_tiller_singlescore_14.json,0.0,0.0,,0.0,1 ha worked,,seeder_singlescore_17.json,0.0,6.0,,0.0,1 ha worked,,sprayer_singlescore_15.json,0.0,0.0
NT2_2022,NT2,2022,ha,Climate change - Fossil,Pt,2.1469147894,,0.0,1 ha worked,,centrifugal_spreader_singlescore_13.json,0.0,0.0,,0.0,1 ha worked,,combine_harvester_singlescore_16.json,0.0,0.0,,0.0,1 ha worked,,disk_harrow_singlescore_11.json,0.0,1.0,,0.0,1 ha worked,,laser_leveler_singlescore_12.json,0.0,1.0,,0.0,1 ha worked,,rotary_tiller_singlescore_14.json,0.0,0.0,,0.0,1 ha worked,,seeder_singlescore_17.json,0.0,6.0,,0.0,1 ha worked,,sprayer_singlescore_15.json,0.0,0.0
NT2_2022,NT2,2022,ha,Climate change - Land use and LU change,Pt,2.1469147894,,0.0,1 ha worked,,centrifugal_spreader_singlescore_13.json,0.0,0.0,,0.0,1 ha worked,,combine_harvester_singlescore_16.json,0.0,0.0,,0.0,1 ha worked,,disk_harrow_singlescore_11.json,0.0,1.0,,0.0,1 ha worked,,laser_leveler_singlescore_12.json,0.0,1.0,,0.0,1 ha worked,,rotary_tiller_singlescore_14.json,0.0,0.0,,0.0,1 ha worked,,seeder_singlescore_17.json,0.0,6.0,,0.0,1 ha worked,,sprayer_singlescore_15.json,0.0,0.0
NT2_2022,NT2,2022,ha,"Ecotoxicity, freshwater",Pt,2.1469147894,,92856.62000000001,1 ha worked,,centrifugal_spreader_singlescore_13.json,199355.25077169584,0.0,,619566.99,1 ha worked,,combine_harvester_singlescore_16.json,0.0,0.0,,53553.84,1 ha worked,,disk_harrow_singlescore_11.json,0.0,1.0,,360473.73,1 ha worked,,laser_leveler_singlescore_12.json,360473.73,1.0,,257538.30999999997,1 ha worked,,rotary_tiller_singlescore_14.json,257538.30999999997,0.0,,133625.82,1 ha worked,,seeder_singlescore_17.json,0.0,6.0,,7323.02,1 ha worked,,sprayer_singlescore_15.json,43938.12,861305.4107716958
NT2_2022,NT2,2022,ha,"Ecotoxicity, freshwater - inorganics",Pt,2.1469147894,,0.0,1 ha worked,,centrifugal_spreader_singlescore_13.json,0.0,0.0,,0.0,1 ha worked,,combine_harvester_singlescore_16.json,0.0,0.0,,0.0,1 ha worked,,disk_harrow_singlescore_11.json,0.0,1.0,,0.0,1 ha worked,,laser_leveler_singlescore_12.json,0.0,1.0,,0.0,1 ha worked,,rotary_tiller_singlescore_14.json,0.0,0.0,,0.0,1 ha worked,,seeder_singlescore_17.json,0.0,6.0,,0.0,1 ha worked,,sprayer_singlescore_15.json,0.0,0.0
NT2_2022,NT2,2022,ha,"Ecotoxicity, freshwater - metals",Pt,2.1469147894,,0.0,1 ha worked,,centrifugal_spreader_singlescore_13.json,0.0,0.0,,0.0,1 ha worked,,combine_harvester_singlescore_16.json,0.0,0.0,,0.0,1 ha worked,,disk_harrow_singlescore_11.json,0.0,1.0,,0.0,1 ha worked,,laser_leveler_singlescore_12.json,0.0,1.0,,0.0,1 ha worked,,rotary_tiller_singlescore_14.json,0.0,0.0,,0.0,1 ha worked,,seeder_singlescore_17.json,0.0,6.0,,0.0,1 ha worked,,sprayer_singlescore_15.json,0.0,0.0
NT2_2022,NT2,2022,ha,"Ecotoxicity, freshwater - organics",Pt,2.1469147894,,0.0,1 ha worked,,centrifugal_spreader_singlescore_13.json,0.0,0.0,,0.0,1 ha worked,,combine_harvester_singlescore_16.json,0.0,0.0,,0.0,1 ha worked,,disk_harrow_singlescore_11.json,0.0,1.0,,0.0,1 ha worked,,laser_leveler_singlescore_12.json,0.0,1.0,,0.0,1 ha worked,,rotary_tiller_singlescore_14.json,0.0,0.0,,0.0,1 ha worked,,seeder_singlescore_17.json,0.0,6.0,,0.0,1 ha worked,,sprayer_singlescore_15.json,0.0,0.0
NT2_2022,NT2,2022,ha,"Eutrophication, freshwater",Pt,2.1469147894,,7.1276e-05,1 ha worked,,centrifugal_spreader_singlescore_13.json,0.00015302349852927438,0.0,,0.00048615999999999997,1 ha worked,,combine_harvester_singlescore_16.json,0.0,0.0,,3.0076e-05,1 ha worked,,disk_harrow_singlescore_11.json,0.0,1.0,,0.00026574,1 ha worked,,laser_leveler_singlescore_12.json,0.00026574,1.0,,0.00023895999999999998,1 ha worked,,rotary_tiller_singlescore_14.json,0.00023895999999999998,0.0,,0.00014111,1 ha worked,,seeder_singlescore_17.json,0.0,6.0,,5.6032e-06,1 ha worked,,sprayer_singlescore_15.json,3.36192e-05,0.0006913426985292743
NT2_2022,NT2,2022,ha,"Eutrophication, marine",Pt,2.1469147894,,0.08380000000000001,1 ha worked,,centrifugal_spreader_singlescore_13.json,0.17991145935172,0.0,,0.610902,1 ha worked,,combine_harvester_singlescore_16.json,0.0,0.0,,0.0708948,1 ha worked,,disk_harrow_singlescore_11.json,0.0,1.0,,0.37207199999999996,1 ha worked,,laser_leveler_singlescore_12.json,0.37207199999999996,1.0,,0.17849399999999999,1 ha worked,,rotary_tiller_singlescore_14.json,0.17849399999999999,0.0,,0.017262800000000002,1 ha worked,,seeder_singlescore_17.json,0.0,6.0,,0.005413480000000001,1 ha worked,,sprayer_singlescore_15.json,0.032480880000000004,0.7629583393517201
NT2_2022,NT2,2022,ha,"Eutrophication, terrestrial",Pt,2.1469147894,,7.227,1 ha worked,,centrifugal_spreader_singlescore_13.json,15.5157531829938,0.0,,52.3629,1 ha worked,,combine_harvester_singlescore_16.json,0.0,0.0,,6.09039,1 ha worked,,disk_harrow_singlescore_11.json,0.0,1.0,,31.9302,1 ha worked,,laser_leveler_singlescore_12.json,31.9302,1.0,,15.308100000000001,1 ha worked,,rotary_tiller_singlescore_14.json,15.308100000000001,0.0,,1.43226,1 ha worked,,seeder_singlescore_17.json,0.0,6.0,,0.46252800000000005,1 ha worked,,sprayer_singlescore_15.json,2.7751680000000003,65.5292211829938
NT2_2022,NT2,2022,ha,"Human toxicity, cancer",Pt,2.1469147894,,1.6072e-14,1 ha worked,,centrifugal_spreader_singlescore_13.json,3.45052144952368e-14,0.0,,1.0988000000000001e-13,1 ha worked,,combine_harvester_singlescore_16.json,0.0,0.0,,9.265999999999999e-15,1 ha worked,,disk_harrow_singlescore_11.json,0.0,1.0,,8.446e-14,1 ha worked,,laser_leveler_singlescore_12.json,8.446e-14,1.0,,9.348e-14,1 ha worked,,rotary_tiller_singlescore_14.json,9.348e-14,0.0,,4.5428e-14,1 ha worked,,seeder_singlescore_17.json,0.0,6.0,,1.5661999999999999e-15,1 ha worked,,sprayer_singlescore_15.json,9.397199999999999e-15,2.2184241449523678e-13
NT2_2022,NT2,2022,ha,"Human toxicity, cancer - inorganics",Pt,2.1469147894,,0.0,1 ha worked,,centrifugal_spreader_singlescore_13.json,0.0,0.0,,0.0,1 ha worked,,combine_harvester_singlescore_16.json,0.0,0.0,,0.0,1 ha worked,,disk_harrow_singlescore_11.json,0.0,1.0,,0.0,1 ha worked,,laser_leveler_singlescore_12.json,0.0,1.0,,0.0,1 ha worked,,rotary_tiller_singlescore_14.json,0.0,0.0,,0.0,1 ha worked,,seeder_singlescore_17.json,0.0,6.0,,0.0,1 ha worked,,sprayer_singlescore_15.json,0.0,0.0
NT2_2022,NT2,2022,ha,"Human toxicity, cancer - metals",Pt,2.1469147894,,0.0,1 ha worked,,centrifugal_spreader_singlescore_13.json,0.0,0.0,,0.0,1 ha worked,,combine_harvester_singlescore_16.json,0.0,0.0,,0.0,1 ha worked,,disk_harrow_singlescore_11.json,0.0,1.0,,0.0,1 ha worked,,laser_leveler_singlescore_12.json,0.0,1.0,,0.0,1 ha worked,,rotary_tiller_singlescore_14.json,0.0,0.0,,0.0,1 ha worked,,seeder_singlescore_17.json,0.0,6.0,,0.0,1 ha worked,,sprayer_singlescore_15.json,0.0,0.0
NT2_2022,NT2,2022,ha,"Human toxicity, cancer - organics",Pt,2.1469147894,,0.0,1 ha worked,,centrifugal_spreader_singlescore_13.json,0.0,0.0,,0.0,1 ha worked,,combine_harvester_singlescore_16.json,0.0,0.0,,0.0,1 ha worked,,disk_harrow_singlescore_11.json,0.0,1.0,,0.0,1 ha worked,,laser_leveler_singlescore_12.json,0.0,1.0,,0.0,1 ha worked,,rotary_tiller_singlescore_14.json,0.0,0.0,,0.0,1 ha worked,,seeder_singlescore_17.json,0.0,6.0,,0.0,1 ha worked,,sprayer_singlescore_15.json,0.0,0.0
NT2_2022,NT2,2022,ha,"Human toxicity, non-cancer",Pt,2.1469147894,,5.2352599999999984e-12,1 ha worked,,centrifugal_spreader_singlescore_13.json,1.123965712035424e-11,0.0,,3.0240399999999995e-11,1 ha worked,,combine_harvester_singlescore_16.json,0.0,0.0,,7.796079999999999e-12,1 ha worked,,disk_harrow_singlescore_11.json,0.0,1.0,,1.748e-11,1 ha worked,,laser_leveler_singlescore_12.json,1.748e-11,1.0,,1.1973799999999998e-11,1 ha worked,,rotary_tiller_singlescore_14.json,1.1973799999999998e-11,0.0,,9.351799999999999e-12,1 ha worked,,seeder_singlescore_17.json,0.0,6.0,,1.1099799999999999e-12,1 ha worked,,sprayer_singlescore_15.json,6.65988e-12,4.735333712035424e-11
NT2_2022,NT2,2022,ha,"Human toxicity, non-cancer - inorganics",Pt,2.1469147894,,0.0,1 ha worked,,centrifugal_spreader_singlescore_13.json,0.0,0.0,,0.0,1 ha worked,,combine_harvester_singlescore_16.json,0.0,0.0,,0.0,1 ha worked,,disk_harrow_singlescore_11.json,0.0,1.0,,0.0,1 ha worked,,laser_leveler_singlescore_12.json,0.0,1.0,,0.0,1 ha worked,,rotary_tiller_singlescore_14.json,0.0,0.0,,0.0,1 ha worked,,seeder_singlescore_17.json,0.0,6.0,,0.0,1 ha worked,,sprayer_singlescore_15.json,0.0,0.0
NT2_2022,NT2,2022,ha,"Human toxicity, non-cancer - metals",Pt,2.1469147894,,0.0,1 ha worked,,centrifugal_spreader_singlescore_13.json,0.0,0.0,,0.0,1 ha worked,,combine_harvester_singlescore_16.json,0.0,0.0,,0.0,1 ha worked,,disk_harrow_singlescore_11.json,0.0,1.0,,0.0,1 ha worked,,laser_leveler_singlescore_12.json,0.0,1.0,,0.0,1 ha worked,,rotary_tiller_singlescore_14.json,0.0,0.0,,0.0,1 ha worked,,seeder_singlescore_17.json,0.0,6.0,,0.0,1 ha worked,,sprayer_singlescore_15.json,0.0,0.0
NT2_2022,NT2,2022,ha,"Human toxicity, non-cancer - organics",Pt,2.1469147894,,0.0,1 ha worked,,centrifugal_spreader_singlescore_13.json,0.0,0.0,,0.0,1 ha worked,,combine_harvester_singlescore_16.json,0.0,0.0,,0.0,1 ha worked,,disk_harrow_singlescore_11.json,0.0,1.0,,0.0,1 ha worked,,laser_leveler_singlescore_12.json,0.0,1.0,,0.0,1 ha worked,,rotary_tiller_singlescore_14.json,0.0,0.0,,0.0,1 ha worked,,seeder_singlescore_17.json,0.0,6.0,,0.0,1 ha worked,,sprayer_singlescore_15.json,0.0,0.0
NT2_2022,NT2,2022,ha,Ionising radiation,Pt,2.1469147894,,362.9200000000001,1 ha worked,,centrifugal_spreader_singlescore_13.json,779.1583153690481,0.0,,2213.39,1 ha worked,,combine_harvester_singlescore_16.json,0.0,0.0,,267.96999999999997,1 ha worked,,disk_harrow_singlescore_11.json,0.0,1.0,,1664.79,1 ha worked,,laser_leveler_singlescore_12.json,1664.79,1.0,,911.52,1 ha worked,,rotary_tiller_singlescore_14.json,911.52,0.0,,369.25,1 ha worked,,seeder_singlescore_17.json,0.0,6.0,,24.264999999999997,1 ha worked,,sprayer_singlescore_15.json,145.58999999999997,3501.058315369048
NT2_2022,NT2,2022,ha,Land use,Pt,2.1469147894,,16120529.999999998,1 ha worked,,centrifugal_spreader_singlescore_13.json,34609404.26996637,0.0,,88815540.0,1 ha worked,,combine_harvester_singlescore_16.json,0.0,0.0,,15266940.0,1 ha worked,,disk_harrow_singlescore_11.json,0.0,1.0,,71172090.0,1 ha worked,,laser_leveler_singlescore_12.json,71172090.0,1.0,,46409100.0,1 ha worked,,rotary_tiller_singlescore_14.json,46409100.0,0.0,,18753450.0,1 ha worked,,seeder_singlescore_17.json,0.0,6.0,,11114430.0,1 ha worked,,sprayer_singlescore_15.json,66686580.0,218877174.26996636
NT2_2022,NT2,2022,ha,Ozone depletion,Pt,2.1469147894,,7.3408e-09,1 ha worked,,centrifugal_spreader_singlescore_13.json,1.5760072086027518e-08,0.0,,4.4843999999999994e-08,1 ha worked,,combine_harvester_singlescore_16.json,0.0,0.0,,6.1716e-09,1 ha worked,,disk_harrow_singlescore_11.json,0.0,1.0,,3.1524e-08,1 ha worked,,laser_leveler_singlescore_12.json,3.1524e-08,1.0,,1.47556e-08,1 ha worked,,rotary_tiller_singlescore_14.json,1.47556e-08,0.0,,5.209600000000001e-09,1 ha worked,,seeder_singlescore_17.json,0.0,6.0,,4.765600000000001e-10,1 ha worked,,sprayer_singlescore_15.json,2.8593600000000003e-09,6.489903208602751e-08
NT2_2022,NT2,2022,ha,Particulate matter,Pt,2.1469147894,,5.4204899999999996e-11,1 ha worked,,centrifugal_spreader_singlescore_13.json,1.1637330146794803e-10,0.0,,3.4657700000000003e-10,1 ha worked,,combine_harvester_singlescore_16.json,0.0,0.0,,4.00589e-11,1 ha worked,,disk_harrow_singlescore_11.json,0.0,1.0,,2.3533799999999997e-10,1 ha worked,,laser_leveler_singlescore_12.json,2.3533799999999997e-10,1.0,,1.7875400000000004e-10,1 ha worked,,rotary_tiller_singlescore_14.json,1.7875400000000004e-10,0.0,,9.130600000000001e-11,1 ha worked,,seeder_singlescore_17.json,0.0,6.0,,7.844600000000002e-12,1 ha worked,,sprayer_singlescore_15.json,4.706760000000001e-11,5.775329014679481e-10
NT2_2022,NT2,2022,ha,Photochemical ozone formation,Pt,2.1469147894,,0.5917,1 ha worked,,centrifugal_spreader_singlescore_13.json,1.27032948088798,0.0,,4.268,1 ha worked,,combine_harvester_singlescore_16.json,0.0,0.0,,0.48305999999999993,1 ha worked,,disk_harrow_singlescore_11.json,0.0,1.0,,2.5802,1 ha worked,,laser_leveler_singlescore_12.json,2.5802,1.0,,1.2998,1 ha worked,,rotary_tiller_singlescore_14.json,1.2998,0.0,,0.20757999999999996,1 ha worked,,seeder_singlescore_17.json,0.0,6.0,,0.037635999999999996,1 ha worked,,sprayer_singlescore_15.json,0.22581599999999996,5.37614548088798
NT2_2022,NT2,2022,ha,"Resource use, fossils",Pt,2.1469147894,,1940138.9999999998,1 ha worked,,centrifugal_spreader_singlescore_13.json,4165313.112591726,0.0,,11808458.1,1 ha worked,,combine_harvester_singlescore_16.json,0.0,0.0,,1486788.3,1 ha worked,,disk_harrow_singlescore_11.json,0.0,1.0,,8854809.6,1 ha worked,,laser_leveler_singlescore_12.json,8854809.6,1.0,,4686307.2,1 ha worked,,rotary_tiller_singlescore_14.json,4686307.2,0.0,,1833385.2000000002,1 ha worked,,seeder_singlescore_17.json,0.0,6.0,,127767.9,1 ha worked,,sprayer_singlescore_15.json,766607.3999999999,18473037.312591724
NT2_2022,NT2,2022,ha,"Resource use, minerals and metals",Pt,2.1469147894,,1.5072e-06,1 ha worked,,centrifugal_spreader_singlescore_13.json,3.2358299705836795e-06,0.0,,1.2384e-05,1 ha worked,,combine_harvester_singlescore_16.json,0.0,0.0,,6.095999999999998e-07,1 ha worked,,disk_harrow_singlescore_11.json,0.0,1.0,,4.4015999999999995e-06,1 ha worked,,laser_leveler_singlescore_12.json,4.4015999999999995e-06,1.0,,2.976e-06,1 ha worked,,rotary_tiller_singlescore_14.json,2.976e-06,0.0,,1.7759999999999998e-06,1 ha worked,,seeder_singlescore_17.json,0.0,6.0,,1.3968e-07,1 ha worked,,sprayer_singlescore_15.json,8.380799999999999e-07,1.1451509970583678e-05
NT2_2022,NT2,2022,ha,Total,Pt,2.1469147894,,18203540.602892786,1 ha worked,,centrifugal_spreader_singlescore_13.json,39081450.53979391,0.0,,101551998.37990059,1 ha worked,,combine_harvester_singlescore_16.json,0.0,0.0,,16844590.994255494,1 ha worked,,disk_harrow_singlescore_11.json,0.0,1.0,,80616648.64674218,1 ha worked,,laser_leveler_singlescore_12.json,80616648.64674218,1.0,,51483431.65711595,1 ha worked,,rotary_tiller_singlescore_14.json,51483431.65711595,0.0,,20774237.986285694,1 ha worked,,seeder_singlescore_17.json,0.0,6.0,,11253191.91303122,1 ha worked,,sprayer_singlescore_15.json,67519151.47818732,238700682.32183936
NT2_2022,NT2,2022,ha,Water use,Pt,2.1469147894,,2065.69,1 ha worked,,centrifugal_spreader_singlescore_13.json,4434.860411315685,0.0,,12531.2,1 ha worked,,combine_harvester_singlescore_16.json,0.0,0.0,,837.045,1 ha worked,,disk_harrow_singlescore_11.json,0.0,1.0,,7773.259999999999,1 ha worked,,laser_leveler_singlescore_12.json,7773.259999999999,1.0,,6275.389999999999,1 ha worked,,rotary_tiller_singlescore_14.json,6275.389999999999,0.0,,3367.76,1 ha worked,,seeder_singlescore_17.json,0.0,6.0,,230.065,1 ha worked,,sprayer_singlescore_15.json,1380.3899999999999,19863.900411315684
NT2_2023,NT2,2023,ha,Acidification,Pt,2.0,,0.8703199999999999,1 ha worked,,centrifugal_spreader_singlescore_13.json,1.7406399999999997,1.0,,6.1575999999999995,1 ha worked,,combine_harvester_singlescore_16.json,6.1575999999999995,0.0,,0.6948799999999999,1 ha worked,,disk_harrow_singlescore_11.json,0.0,0.0,,3.784,1 ha worked,,laser_leveler_singlescore_12.json,0.0,1.0,,1.95048,1 ha worked,,rotary_tiller_singlescore_14.json,1.95048,1.0,,0.39904,1 ha worked,,seeder_singlescore_17.json,0.39904,9.0,,0.057448000000000006,1 ha worked,,sprayer_singlescore_15.json,0.517032,10.764792
NT2_2023,NT2,2023,ha,Climate change,Pt,2.0,,47577.59999999999,1 ha worked,,centrifugal_spreader_singlescore_13.json,95155.19999999998,1.0,,293625.3,1 ha worked,,combine_harvester_singlescore_16.json,293625.3,0.0,,36196.5,1 ha worked,,disk_harrow_singlescore_11.json,0.0,0.0,,219798.59999999998,1 ha worked,,laser_leveler_singlescore_12.json,0.0,1.0,,123280.5,1 ha worked,,rotary_tiller_singlescore_14.json,123280.5,1.0,,50037.9,1 ha worked,,seeder_singlescore_17.json,50037.9,9.0,,3416.1000000000004,1 ha worked,,sprayer_singlescore_15.json,30744.9,592843.8
NT2_2023,NT2,2023,ha,Climate change - Biogenic,Pt,2.0,,0.0,1 ha worked,,centrifugal_spreader_singlescore_13.json,0.0,1.0,,0.0,1 ha worked,,combine_harvester_singlescore_16.json,0.0,0.0,,0.0,1 ha worked,,disk_harrow_singlescore_11.json,0.0,0.0,,0.0,1 ha worked,,laser_leveler_singlescore_12.json,0.0,1.0,,0.0,1 ha worked,,rotary_tiller_singlescore_14.json,0.0,1.0,,0.0,1 ha worked,,seeder_singlescore_17.json,0.0,9.0,,0.0,1 ha worked,,sprayer_singlescore_15.json,0.0,0.0
NT2_2023,NT2,2023,ha,Climate change - Fossil,Pt,2.0,,0.0,1 ha worked,,centrifugal_spreader_singlescore_13.json,0.0,1.0,,0.0,1 ha worked,,combine_harvester_singlescore_16.json,0.0,0.0,,0.0,1 ha worked,,disk_harrow_singlescore_11.json,0.0,0.0,,0.0,1 ha worked,,laser_leveler_singlescore_12.json,0.0,1.0,,0.0,1 ha worked,,rotary_tiller_singlescore_14.json,0.0,1.0,,0.0,1 ha worked,,seeder_singlescore_17.json,0.0,9.0,,0.0,1 ha worked,,sprayer_singlescore_15.json,0.0,0.0
NT2_2023,NT2,2023,ha,Climate change - Land use and LU change,Pt,2.0,,0.0,1 ha worked,,centrifugal_spreader_singlescore_13.json,0.0,1.0,,0.0,1 ha worked,,combine_harvester_singlescore_16.json,0.0,0.0,,0.0,1 ha worked,,disk_harrow_singlescore_11.json,0.0,0.0,,0.0,1 ha worked,,laser_leveler_singlescore_12.json,0.0,1.0,,0.0,1 ha worked,,rotary_tiller_singlescore_14.json,0.0,1.0,,0.0,1 ha worked,,seeder_singlescore_17.json,0.0,9.0,,0.0,1 ha worked,,sprayer_singlescore_15.json,0.0,0.0
NT2_2023,NT2,2023,ha,"Ecotoxicity, freshwater",Pt,2.0,,92856.62000000001,1 ha worked,,centrifugal_spreader_singlescore_13.json,185713.24000000002,1.0,,619566.99,1 ha worked,,combine_harvester_singlescore_16.json,619566.99,0.0,,53553.84,1 ha worked,,disk_harrow_singlescore_11.json,0.0,0.0,,360473.73,1 ha worked,,laser_leveler_singlescore_12.json,0.0,1.0,,257538.30999999997,1 ha worked,,rotary_tiller_singlescore_14.json,257538.30999999997,1.0,,133625.82,1 ha worked,,seeder_singlescore_17.json,133625.82,9.0,,7323.02,1 ha worked,,sprayer_singlescore_15.json,65907.18000000001,1262351.54
NT2_2023,NT2,2023,ha,"Ecotoxicity, freshwater - inorganics",Pt,2.0,,0.0,1 ha worked,,centrifugal_spreader_singlescore_13.json,0.0,1.0,,0.0,1 ha worked,,combine_harvester_singlescore_16.json,0.0,0.0,,0.0,1 ha worked,,disk_harrow_singlescore_11.json,0.0,0.0,,0.0,1 ha worked,,laser_leveler_singlescore_12.json,0.0,1.0,,0.0,1 ha worked,,rotary_tiller_singlescore_14.json,0.0,1.0,,0.0,1 ha worked,,seeder_singlescore_17.json,0.0,9.0,,0.0,1 ha worked,,sprayer_singlescore_15.json,0.0,0.0
NT2_2023,NT2,2023,ha,"Ecotoxicity, freshwater - metals",Pt,2.0,,0.0,1 ha worked,,centrifugal_spreader_singlescore_13.json,0.0,1.0,,0.0,1 ha worked,,combine_harvester_singlescore_16.json,0.0,0.0,,0.0,1 ha worked,,disk_harrow_singlescore_11.json,0.0,0.0,,0.0,1 ha worked,,laser_leveler_singlescore_12.json,0.0,1.0,,0.0,1 ha worked,,rotary_tiller_singlescore_14.json,0.0,1.0,,0.0,1 ha worked,,seeder_singlescore_17.json,0.0,9.0,,0.0,1 ha worked,,sprayer_singlescore_15.json,0.0,0.0
NT2_2023,NT2,2023,ha,"Ecotoxicity, freshwater - organics",Pt,2.0,,0.0,1 ha worked,,centrifugal_spreader_singlescore_13.json,0.0,1.0,,0.0,1 ha worked,,combine_harvester_singlescore_16.json,0.0,0.0,,0.0,1 ha worked,,disk_harrow_singlescore_11.json,0.0,0.0,,0.0,1 ha worked,,laser_leveler_singlescore_12.json,0.0,1.0,,0.0,1 ha worked,,rotary_tiller_singlescore_14.json,0.0,1.0,,0.0,1 ha worked,,seeder_singlescore_17.json,0.0,9.0,,0.0,1 ha worked,,sprayer_singlescore_15.json,0.0,0.0
NT2_2023,NT2,2023,ha,"Eutrophication, freshwater",Pt,2.0,,7.1276e-05,1 ha worked,,centrifugal_spreader_singlescore_13.json,0.000142552,1.0,,0.00048615999999999997,1 ha worked,,combine_harvester_singlescore_16.json,0.00048615999999999997,0.0,,3.0076e-05,1 ha worked,,disk_harrow_singlescore_11.json,0.0,0.0,,0.00026574,1 ha worked,,laser_leveler_singlescore_12.json,0.0,1.0,,0.00023895999999999998,1 ha worked,,rotary_tiller_singlescore_14.json,0.00023895999999999998,1.0,,0.00014111,1 ha worked,,seeder_singlescore_17.json,0.00014111,9.0,,5.6032e-06,1 ha worked,,sprayer_singlescore_15.json,5.04288e-05,0.0010592108
NT2_2023,NT2,2023,ha,"Eutrophication, marine",Pt,2.0,,0.08380000000000001,1 ha worked,,centrifugal_spreader_singlescore_13.json,0.16760000000000003,1.0,,0.610902,1 ha worked,,combine_harvester_singlescore_16.json,0.610902,0.0,,0.0708948,1 ha worked,,disk_harrow_singlescore_11.json,0.0,0.0,,0.37207199999999996,1 ha worked,,laser_leveler_singlescore_12.json,0.0,1.0,,0.17849399999999999,1 ha worked,,rotary_tiller_singlescore_14.json,0.17849399999999999,1.0,,0.017262800000000002,1 ha worked,,seeder_singlescore_17.json,0.017262800000000002,9.0,,0.005413480000000001,1 ha worked,,sprayer_singlescore_15.json,0.048721320000000005,1.02298012
NT2_2023,NT2,2023,ha,"Eutrophication, terrestrial",Pt,2.0,,7.227,1 ha worked,,centrifugal_spreader_singlescore_13.json,14.454,1.0,,52.3629,1 ha worked,,combine_harvester_singlescore_16.json,52.3629,0.0,,6.09039,1 ha worked,,disk_harrow_singlescore_11.json,0.0,0.0,,31.9302,1 ha worked,,laser_leveler_singlescore_12.json,0.0,1.0,,15.308100000000001,1 ha worked,,rotary_tiller_singlescore_14.json,15.308100000000001,1.0,,1.43226,1 ha worked,,seeder_singlescore_17.json,1.43226,9.0,,0.46252800000000005,1 ha worked,,sprayer_singlescore_15.json,4.162752,87.720012
NT2_2023,NT2,2023,ha,"Human toxicity, cancer",Pt,2.0,,1.6072e-14,1 ha worked,,centrifugal_spreader_singlescore_13.json,3.2144e-14,1.0,,1.0988000000000001e-13,1 ha worked,,combine_harvester_singlescore_16.json,1.0988000000000001e-13,0.0,,9.265999999999999e-15,1 ha worked,,disk_harrow_singlescore_11.json,0.0,0.0,,8.446e-14,1 ha worked,,laser_leveler_singlescore_12.json,0.0,1.0,,9.348e-14,1 ha worked,,rotary_tiller_singlescore_14.json,9.348e-14,1.0,,4.5428e-14,1 ha worked,,seeder_singlescore_17.json,4.5428e-14,9.0,,1.5661999999999999e-15,1 ha worked,,sprayer_singlescore_15.json,1.4095799999999998e-14,2.9502780000000005e-13
NT2_2023,NT2,2023,ha,"Human toxicity, cancer - inorganics",Pt,2.0,,0.0,1 ha worked,,centrifugal_spreader_singlescore_13.json,0.0,1.0,,0.0,1 ha worked,,combine_harvester_singlescore_16.json,0.0,0.0,,0.0,1 ha worked,,disk_harrow_singlescore_11.json,0.0,0.0,,0.0,1 ha worked,,laser_leveler_singlescore_12.json,0.0,1.0,,0.0,1 ha worked,,rotary_tiller_singlescore_14.json,0.0,1.0,,0.0,1 ha worked,,seeder_singlescore_17.json,0.0,9.0,,0.0,1 ha worked,,sprayer_singlescore_15.json,0.0,0.0
NT2_2023,NT2,2023,ha,"Human toxicity, cancer - metals",Pt,2.0,,0.0,1 ha worked,,centrifugal_spreader_singlescore_13.json,0.0,1.0,,0.0,1 ha worked,,combine_harvester_singlescore_16.json,0.0,0.0,,0.0,1 ha worked,,disk_harrow_singlescore_11.json,0.0,0.0,,0.0,1 ha worked,,laser_leveler_singlescore_12.json,0.0,1.0,,0.0,1 ha worked,,rotary_tiller_singlescore_14.json,0.0,1.0,,0.0,1 ha worked,,seeder_singlescore_17.json,0.0,9.0,,0.0,1 ha worked,,sprayer_singlescore_15.json,0.0,0.0
NT2_2023,NT2,2023,ha,"Human toxicity, cancer - organics",Pt,2.0,,0.0,1 ha worked,,centrifugal_spreader_singlescore_13.json,0.0,1.0,,0.0,1 ha worked,,combine_harvester_singlescore_16.json,0.0,0.0,,0.0,1 ha worked,,disk_harrow_singlescore_11.json,0.0,0.0,,0.0,1 ha worked,,laser_leveler_singlescore_12.json,0.0,1.0,,0.0,1 ha worked,,rotary_tiller_singlescore_14.json,0.0,1.0,,0.0,1 ha worked,,seeder_singlescore_17.json,0.0,9.0,,0.0,1 ha worked,,sprayer_singlescore_15.json,0.0,0.0
NT2_2023,NT2,2023,ha,"Human toxicity, non-cancer",Pt,2.0,,5.2352599999999984e-12,1 ha worked,,centrifugal_spreader_singlescore_13.json,1.0470519999999997e-11,1.0,,3.0240399999999995e-11,1 ha worked,,combine_harvester_singlescore_16.json,3.0240399999999995e-11,0.0,,7.796079999999999e-12,1 ha worked,,disk_harrow_singlescore_11.json,0.0,0.0,,1.748e-11,1 ha worked,,laser_leveler_singlescore_12.json,0.0,1.0,,1.1973799999999998e-11,1 ha worked,,rotary_tiller_singlescore_14.json,1.1973799999999998e-11,1.0,,9.351799999999999e-12,1 ha worked,,seeder_singlescore_17.json,9.351799999999999e-12,9.0,,1.1099799999999999e-12,1 ha worked,,sprayer_singlescore_15.json,9.989819999999999e-12,7.202633999999999e-11
NT2_2023,NT2,2023,ha,"Human toxicity, non-cancer - inorganics",Pt,2.0,,0.0,1 ha worked,,centrifugal_spreader_singlescore_13.json,0.0,1.0,,0.0,1 ha worked,,combine_harvester_singlescore_16.json,0.0,0.0,,0.0,1 ha worked,,disk_harrow_singlescore_11.json,0.0,0.0,,0.0,1 ha worked,,laser_leveler_singlescore_12.json,0.0,1.0,,0.0,1 ha worked,,rotary_tiller_singlescore_14.json,0.0,1.0,,0.0,1 ha worked,,seeder_singlescore_17.json,0.0,9.0,,0.0,1 ha worked,,sprayer_singlescore_15.json,0.0,0.0
NT2_2023,NT2,2023,ha,"Human toxicity, non-cancer - metals",Pt,2.0,,0.0,1 ha worked,,centrifugal_spreader_singlescore_13.json,0.0,1.0,,0.0,1 ha worked,,combine_harvester_singlescore_16.json,0.0,0.0,,0.0,1 ha worked,,disk_harrow_singlescore_11.json,0.0,0.0,,0.0,1 ha worked,,laser_leveler_singlescore_12.json,0.0,1.0,,0.0,1 ha worked,,rotary_tiller_singlescore_14.json,0.0,1.0,,0.0,1 ha worked,,seeder_singlescore_17.json,0.0,9.0,,0.0,1 ha worked,,sprayer_singlescore_15.json,0.0,0.0
NT2_2023,NT2,2023,ha,"Human toxicity, non-cancer - organics",Pt,2.0,,0.0,1 ha worked,,centrifugal_spreader_singlescore_13.json,0.0,1.0,,0.0,1 ha worked,,combine_harvester_singlescore_16.json,0.0,0.0,,0.0,1 ha worked,,disk_harrow_singlescore_11.json,0.0,0.0,,0.0,1 ha worked,,laser_leveler_singlescore_12.json,0.0,1.0,,0.0,1 ha worked,,rotary_tiller_singlescore_14.json,0.0,1.0,,0.0,1 ha worked,,seeder_singlescore_17.json,0.0,9.0,,0.0,1 ha worked,,sprayer_singlescore_15.json,0.0,0.0
NT2_2023,NT2,2023,ha,Ionising radiation,Pt,2.0,,362.9200000000001,1 ha worked,,centrifugal_spreader_singlescore_13.json,725.8400000000001,1.0,,2213.39,1 ha worked,,combine_harvester_singlescore_16.json,2213.39,0.0,,267.96999999999997,1 ha worked,,disk_harrow_singlescore_11.json,0.0,0.0,,1664.79,1 ha worked,,laser_leveler_singlescore_12.json,0.0,1.0,,911.52,1 ha worked,,rotary_tiller_singlescore_14.json,911.52,1.0,,369.25,1 ha worked,,seeder_singlescore_17.json,369.25,9.0,,24.264999999999997,1 ha worked,,sprayer_singlescore_15.json,218.38499999999996,4438.385
NT2_2023,NT2,2023,ha,Land use,Pt,2.0,,16120529.999999998,1 ha worked,,centrifugal_spreader_singlescore_13.json,32241059.999999996,1.0,,88815540.0,1 ha worked,,combine_harvester_singlescore_16.json,88815540.0,0.0,,15266940.0,1 ha worked,,disk_harrow_singlescore_11.json,0.0,0.0,,71172090.0,1 ha worked,,laser_leveler_singlescore_12.json,0.0,1.0,,46409100.0,1 ha worked,,rotary_tiller_singlescore_14.json,46409100.0,1.0,,18753450.0,1 ha worked,,seeder_singlescore_17.json,18753450.0,9.0,,11114430.0,1 ha worked,,sprayer_singlescore_15.json,100029870.0,286249020.0
NT2_2023,NT2,2023,ha,Ozone depletion,Pt,2.0,,7.3408e-09,1 ha worked,,centrifugal_spreader_singlescore_13.json,1.46816e-08,1.0,,4.4843999999999994e-08,1 ha worked,,combine_harvester_singlescore_16.json,4.4843999999999994e-08,0.0,,6.1716e-09,1 ha worked,,disk_harrow_singlescore_11.json,0.0,0.0,,3.1524e-08,1 ha worked,,laser_leveler_singlescore_12.json,0.0,1.0,,1.47556e-08,1 ha worked,,rotary_tiller_singlescore_14.json,1.47556e-08,1.0,,5.209600000000001e-09,1 ha worked,,seeder_singlescore_17.json,5.209600000000001e-09,9.0,,4.765600000000001e-10,1 ha worked,,sprayer_singlescore_15.json,4.289040000000001e-09,8.377983999999999e-08
NT2_2023,NT2,2023,ha,Particulate matter,Pt,2.0,,5.4204899999999996e-11,1 ha worked,,centrifugal_spreader_singlescore_13.json,1.0840979999999999e-10,1.0,,3.4657700000000003e-10,1 ha worked,,combine_harvester_singlescore_16.json,3.4657700000000003e-10,0.0,,4.00589e-11,1 ha worked,,disk_harrow_singlescore_11.json,0.0,0.0,,2.3533799999999997e-10,1 ha worked,,laser_leveler_singlescore_12.json,0.0,1.0,,1.7875400000000004e-10,1 ha worked,,rotary_tiller_singlescore_14.json,1.7875400000000004e-10,1.0,,9.130600000000001e-11,1 ha worked,,seeder_singlescore_17.json,9.130600000000001e-11,9.0,,7.844600000000002e-12,1 ha worked,,sprayer_singlescore_15.json,7.060140000000001e-11,7.956482000000001e-10
NT2_2023,NT2,2023,ha,Photochemical ozone formation,Pt,2.0,,0.5917,1 ha worked,,centrifugal_spreader_singlescore_13.json,1.1834,1.0,,4.268,1 ha worked,,combine_harvester_singlescore_16.json,4.268,0.0,,0.48305999999999993,1 ha worked,,disk_harrow_singlescore_11.json,0.0,0.0,,2.5802,1 ha worked,,laser_leveler_singlescore_12.json,0.0,1.0,,1.2998,1 ha worked,,rotary_tiller_singlescore_14.json,1.2998,1.0,,0.20757999999999996,1 ha worked,,seeder_singlescore_17.json,0.20757999999999996,9.0,,0.037635999999999996,1 ha worked,,sprayer_singlescore_15.json,0.33872399999999997,7.297504
NT2_2023,NT2,2023,ha,"Resource use, fossils",Pt,2.0,,1940138.9999999998,1 ha worked,,centrifugal_spreader_singlescore_13.json,3880277.9999999995,1.0,,11808458.1,1 ha worked,,combine_harvester_singlescore_16.json,11808458.1,0.0,,1486788.3,1 ha worked,,disk_harrow_singlescore_11.json,0.0,0.0,,8854809.6,1 ha worked,,laser_leveler_singlescore_12.json,0.0,1.0,,4686307.2,1 ha worked,,rotary_tiller_singlescore_14.json,4686307.2,1.0,,1833385.2000000002,1 ha worked,,seeder_singlescore_17.json,1833385.2000000002,9.0,,127767.9,1 ha worked,,sprayer_singlescore_15.json,1149911.0999999999,23358339.6
NT2_2023,NT2,2023,ha,"Resource use, minerals and metals",Pt,2.0,,1.5072e-06,1 ha worked,,centrifugal_spreader_singlescore_13.json,3.0144e-06,1.0,,1.2384e-05,1 ha worked,,combine_harvester_singlescore_16.json,1.2384e-05,0.0,,6.095999999999998e-07,1 ha worked,,disk_harrow_singlescore_11.json,0.0,0.0,,4.4015999999999995e-06,1 ha worked,,laser_leveler_singlescore_12.json,0.0,1.0,,2.976e-06,1 ha worked,,rotary_tiller_singlescore_14.json,2.976e-06,1.0,,1.7759999999999998e-06,1 ha worked,,seeder_singlescore_17.json,1.7759999999999998e-06,9.0,,1.3968e-07,1 ha worked,,sprayer_singlescore_15.json,1.25712e-06,2.1407520000000003e-05
NT2_2023,NT2,2023,ha,Total,Pt,2.0,,18203540.602892786,1 ha worked,,centrifugal_spreader_singlescore_13.json,36407081.20578557,1.0,,101551998.37990059,1 ha worked,,combine_harvester_singlescore_16.json,101551998.37990059,0.0,,16844590.994255494,1 ha worked,,disk_harrow_singlescore_11.json,0.0,0.0,,80616648.64674218,1 ha worked,,laser_leveler_singlescore_12.json,0.0,1.0,,51483431.65711595,1 ha worked,,rotary_tiller_singlescore_14.json,51483431.65711595,1.0,,20774237.986285694,1 ha worked,,seeder_singlescore_17.json,20774237.986285694,9.0,,11253191.91303122,1 ha worked,,sprayer_singlescore_15.json,101278727.21728098,311495476.44636875
NT2_2023,NT2,2023,ha,Water use,Pt,2.0,,2065.69,1 ha worked,,centrifugal_spreader_singlescore_13.json,4131.38,1.0,,12531.2,1 ha worked,,combine_harvester_singlescore_16.json,12531.2,0.0,,837.045,1 ha worked,,disk_harrow_singlescore_11.json,0.0,0.0,,7773.259999999999,1 ha worked,,laser_leveler_singlescore_12.json,0.0,1.0,,6275.389999999999,1 ha worked,,rotary_tiller_singlescore_14.json,6275.389999999999,1.0,,3367.76,1 ha worked,,seeder_singlescore_17.json,3367.76,9.0,,230.065,1 ha worked,,sprayer_singlescore_15.json,2070.585,28376.315000000002
NT2_2024,NT2,2024,ha,Acidification,Pt,2.0,,0.8703199999999999,1 ha worked,,centrifugal_spreader_singlescore_13.json,1.7406399999999997,1.0,,6.1575999999999995,1 ha worked,,combine_harvester_singlescore_16.json,6.1575999999999995,0.0,,0.6948799999999999,1 ha worked,,disk_harrow_singlescore_11.json,0.0,0.0,,3.784,1 ha worked,,laser_leveler_singlescore_12.json,0.0,1.0,,1.95048,1 ha worked,,rotary_tiller_singlescore_14.json,1.95048,1.0,,0.39904,1 ha worked,,seeder_singlescore_17.json,0.39904,6.0,,0.057448000000000006,1 ha worked,,sprayer_singlescore_15.json,0.34468800000000005,10.592448
NT2_2024,NT2,2024,ha,Climate change,Pt,2.0,,47577.59999999999,1 ha worked,,centrifugal_spreader_singlescore_13.json,95155.19999999998,1.0,,293625.3,1 ha worked,,combine_harvester_singlescore_16.json,293625.3,0.0,,36196.5,1 ha worked,,disk_harrow_singlescore_11.json,0.0,0.0,,219798.59999999998,1 ha worked,,laser_leveler_singlescore_12.json,0.0,1.0,,123280.5,1 ha worked,,rotary_tiller_singlescore_14.json,123280.5,1.0,,50037.9,1 ha worked,,seeder_singlescore_17.json,50037.9,6.0,,3416.1000000000004,1 ha worked,,sprayer_singlescore_15.json,20496.600000000002,582595.5
NT2_2024,NT2,2024,ha,Climate change - Biogenic,Pt,2.0,,0.0,1 ha worked,,centrifugal_spreader_singlescore_13.json,0.0,1.0,,0.0,1 ha worked,,combine_harvester_singlescore_16.json,0.0,0.0,,0.0,1 ha worked,,disk_harrow_singlescore_11.json,0.0,0.0,,0.0,1 ha worked,,laser_leveler_singlescore_12.json,0.0,1.0,,0.0,1 ha worked,,rotary_tiller_singlescore_14.json,0.0,1.0,,0.0,1 ha worked,,seeder_singlescore_17.json,0.0,6.0,,0.0,1 ha worked,,sprayer_singlescore_15.json,0.0,0.0
NT2_2024,NT2,2024,ha,Climate change - Fossil,Pt,2.0,,0.0,1 ha worked,,centrifugal_spreader_singlescore_13.json,0.0,1.0,,0.0,1 ha worked,,combine_harvester_singlescore_16.json,0.0,0.0,,0.0,1 ha worked,,disk_harrow_singlescore_11.json,0.0,0.0,,0.0,1 ha worked,,laser_leveler_singlescore_12.json,0.0,1.0,,0.0,1 ha worked,,rotary_tiller_singlescore_14.json,0.0,1.0,,0.0,1 ha worked,,seeder_singlescore_17.json,0.0,6.0,,0.0,1 ha worked,,sprayer_singlescore_15.json,0.0,0.0
NT2_2024,NT2,2024,ha,Climate change - Land use and LU change,Pt,2.0,,0.0,1 ha worked,,centrifugal_spreader_singlescore_13.json,0.0,1.0,,0.0,1 ha worked,,combine_harvester_singlescore_16.json,0.0,0.0,,0.0,1 ha worked,,disk_harrow_singlescore_11.json,0.0,0.0,,0.0,1 ha worked,,laser_leveler_singlescore_12.json,0.0,1.0,,0.0,1 ha worked,,rotary_tiller_singlescore_14.json,0.0,1.0,,0.0,1 ha worked,,seeder_singlescore_17.json,0.0,6.0,,0.0,1 ha worked,,sprayer_singlescore_15.json,0.0,0.0
NT2_2024,NT2,2024,ha,"Ecotoxicity, freshwater",Pt,2.0,,92856.62000000001,1 ha worked,,centrifugal_spreader_singlescore_13.json,185713.24000000002,1.0,,619566.99,1 ha worked,,combine_harvester_singlescore_16.json,619566.99,0.0,,53553.84,1 ha worked,,disk_harrow_singlescore_11.json,0.0,0.0,,360473.73,1 ha worked,,laser_leveler_singlescore_12.json,0.0,1.0,,257538.30999999997,1 ha worked,,rotary_tiller_singlescore_14.json,257538.30999999997,1.0,,133625.82,1 ha worked,,seeder_singlescore_17.json,133625.82,6.0,,7323.02,1 ha worked,,sprayer_singlescore_15.json,43938.12,1240382.4800000002
NT2_2024,NT2,2024,ha,"Ecotoxicity, freshwater - inorganics",Pt,2.0,,0.0,1 ha worked,,centrifugal_spreader_singlescore_13.json,0.0,1.0,,0.0,1 ha worked,,combine_harvester_singlescore_16.json,0.0,0.0,,0.0,1 ha worked,,disk_harrow_singlescore_11.json,0.0,0.0,,0.0,1 ha worked,,laser_leveler_singlescore_12.json,0.0,1.0,,0.0,1 ha worked,,rotary_tiller_singlescore_14.json,0.0,1.0,,0.0,1 ha worked,,seeder_singlescore_17.json,0.0,6.0,,0.0,1 ha worked,,sprayer_singlescore_15.json,0.0,0.0
NT2_2024,NT2,2024,ha,"Ecotoxicity, freshwater - metals",Pt,2.0,,0.0,1 ha worked,,centrifugal_spreader_singlescore_13.json,0.0,1.0,,0.0,1 ha worked,,combine_harvester_singlescore_16.json,0.0,0.0,,0.0,1 ha worked,,disk_harrow_singlescore_11.json,0.0,0.0,,0.0,1 ha worked,,laser_leveler_singlescore_12.json,0.0,1.0,,0.0,1 ha worked,,rotary_tiller_singlescore_14.json,0.0,1.0,,0.0,1 ha worked,,seeder_singlescore_17.json,0.0,6.0,,0.0,1 ha worked,,sprayer_singlescore_15.json,0.0,0.0
NT2_2024,NT2,2024,ha,"Ecotoxicity, freshwater - organics",Pt,2.0,,0.0,1 ha worked,,centrifugal_spreader_singlescore_13.json,0.0,1.0,,0.0,1 ha worked,,combine_harvester_singlescore_16.json,0.0,0.0,,0.0,1 ha worked,,disk_harrow_singlescore_11.json,0.0,0.0,,0.0,1 ha worked,,laser_leveler_singlescore_12.json,0.0,1.0,,0.0,1 ha worked,,rotary_tiller_singlescore_14.json,0.0,1.0,,0.0,1 ha worked,,seeder_singlescore_17.json,0.0,6.0,,0.0,1 ha worked,,sprayer_singlescore_15.json,0.0,0.0
NT2_2024,NT2,2024,ha,"Eutrophication, freshwater",Pt,2.0,,7.1276e-05,1 ha worked,,centrifugal_spreader_singlescore_13.json,0.000142552,1.0,,0.00048615999999999997,1 ha worked,,combine_harvester_singlescore_16.json,0.00048615999999999997,0.0,,3.0076e-05,1 ha worked,,disk_harrow_singlescore_11.json,0.0,0.0,,0.00026574,1 ha worked,,laser_leveler_singlescore_12.json,0.0,1.0,,0.00023895999999999998,1 ha worked,,rotary_tiller_singlescore_14.json,0.00023895999999999998,1.0,,0.00014111,1 ha worked,,seeder_singlescore_17.json,0.00014111,6.0,,5.6032e-06,1 ha worked,,sprayer_singlescore_15.json,3.36192e-05,0.0010424012
NT2_2024,NT2,2024,ha,"Eutrophication, marine",Pt,2.0,,0.08380000000000001,1 ha worked,,centrifugal_spreader_singlescore_13.json,0.16760000000000003,1.0,,0.610902,1 ha worked,,combine_harvester_singlescore_16.json,0.610902,0.0,,0.0708948,1 ha worked,,disk_harrow_singlescore_11.json,0.0,0.0,,0.37207199999999996,1 ha worked,,laser_leveler_singlescore_12.json,0.0,1.0,,0.17849399999999999,1 ha worked,,rotary_tiller_singlescore_14.json,0.17849399999999999,1.0,,0.017262800000000002,1 ha worked,,seeder_singlescore_17.json,0.017262800000000002,6.0,,0.005413480000000001,1 ha worked,,sprayer_singlescore_15.json,0.032480880000000004,1.00673968
NT2_2024,NT2,2024,ha,"Eutrophication, terrestrial",Pt,2.0,,7.227,1 ha worked,,centrifugal_spreader_singlescore_13.json,14.454,1.0,,52.3629,1 ha worked,,combine_harvester_singlescore_16.json,52.3629,0.0,,6.09039,1 ha worked,,disk_harrow_singlescore_11.json,0.0,0.0,,31.9302,1 ha worked,,laser_leveler_singlescore_12.json,0.0,1.0,,15.308100000000001,1 ha worked,,rotary_tiller_singlescore_14.json,15.308100000000001,1.0,,1.43226,1 ha worked,,seeder_singlescore_17.json,1.43226,6.0,,0.46252800000000005,1 ha worked,,sprayer_singlescore_15.json,2.7751680000000003,86.332428
NT2_2024,NT2,2024,ha,"Human toxicity, cancer",Pt,2.0,,1.6072e-14,1 ha worked,,centrifugal_spreader_singlescore_13.json,3.2144e-14,1.0,,1.0988000000000001e-13,1 ha worked,,combine_harvester_singlescore_16.json,1.0988000000000001e-13,0.0,,9.265999999999999e-15,1 ha worked,,disk_harrow_singlescore_11.json,0.0,0.0,,8.446e-14,1 ha worked,,laser_leveler_singlescore_12.json,0.0,1.0,,9.348e-14,1 ha worked,,rotary_tiller_singlescore_14.json,9.348e-14,1.0,,4.5428e-14,1 ha worked,,seeder_singlescore_17.json,4.5428e-14,6.0,,1.5661999999999999e-15,1 ha worked,,sprayer_singlescore_15.json,9.397199999999999e-15,2.9032920000000003e-13
NT2_2024,NT2,2024,ha,"Human toxicity, cancer - inorganics",Pt,2.0,,0.0,1 ha worked,,centrifugal_spreader_singlescore_13.json,0.0,1.0,,0.0,1 ha worked,,combine_harvester_singlescore_16.json,0.0,0.0,,0.0,1 ha worked,,disk_harrow_singlescore_11.json,0.0,0.0,,0.0,1 ha worked,,laser_leveler_singlescore_12.json,0.0,1.0,,0.0,1 ha worked,,rotary_tiller_singlescore_14.json,0.0,1.0,,0.0,1 ha worked,,seeder_singlescore_17.json,0.0,6.0,,0.0,1 ha worked,,sprayer_singlescore_15.json,0.0,0.0
NT2_2024,NT2,2024,ha,"Human toxicity, cancer - metals",Pt,2.0,,0.0,1 ha worked,,centrifugal_spreader_singlescore_13.json,0.0,1.0,,0.0,1 ha worked,,combine_harvester_singlescore_16.json,0.0,0.0,,0.0,1 ha worked,,disk_harrow_singlescore_11.json,0.0,0.0,,0.0,1 ha worked,,laser_leveler_singlescore_12.json,0.0,1.0,,0.0,1 ha worked,,rotary_tiller_singlescore_14.json,0.0,1.0,,0.0,1 ha worked,,seeder_singlescore_17.json,0.0,6.0,,0.0,1 ha worked,,sprayer_singlescore_15.json,0.0,0.0
NT2_2024,NT2,2024,ha,"Human toxicity, cancer - organics",Pt,2.0,,0.0,1 ha worked,,centrifugal_spreader_singlescore_13.json,0.0,1.0,,0.0,1 ha worked,,combine_harvester_singlescore_16.json,0.0,0.0,,0.0,1 ha worked,,disk_harrow_singlescore_11.json,0.0,0.0,,0.0,1 ha worked,,laser_leveler_singlescore_12.json,0.0,1.0,,0.0,1 ha worked,,rotary_tiller_singlescore_14.json,0.0,1.0,,0.0,1 ha worked,,seeder_singlescore_17.json,0.0,6.0,,0.0,1 ha worked,,sprayer_singlescore_15.json,0.0,0.0
NT2_2024,NT2,2024,ha,"Human toxicity, non-cancer",Pt,2.0,,5.2352599999999984e-12,1 ha worked,,centrifugal_spreader_singlescore_13.json,1.0470519999999997e-11,1.0,,3.0240399999999995e-11,1 ha worked,,combine_harvester_singlescore_16.json,3.0240399999999995e-11,0.0,,7.796079999999999e-12,1 ha worked,,disk_harrow_singlescore_11.json,0.0,0.0,,1.748e-11,1 ha worked,,laser_leveler_singlescore_12.json,0.0,1.0,,1.1973799999999998e-11,1 ha worked,,rotary_tiller_singlescore_14.json,1.1973799999999998e-11,1.0,,9.351799999999999e-12,1 ha worked,,seeder_singlescore_17.json,9.351799999999999e-12,6.0,,1.1099799999999999e-12,1 ha worked,,sprayer_singlescore_15.json,6.65988e-12,6.86964e-11
NT2_2024,NT2,2024,ha,"Human toxicity, non-cancer - inorganics",Pt,2.0,,0.0,1 ha worked,,centrifugal_spreader_singlescore_13.json,0.0,1.0,,0.0,1 ha worked,,combine_harvester_singlescore_16.json,0.0,0.0,,0.0,1 ha worked,,disk_harrow_singlescore_11.json,0.0,0.0,,0.0,1 ha worked,,laser_leveler_singlescore_12.json,0.0,1.0,,0.0,1 ha worked,,rotary_tiller_singlescore_14.json,0.0,1.0,,0.0,1 ha worked,,seeder_singlescore_17.json,0.0,6.0,,0.0,1 ha worked,,sprayer_singlescore_15.json,0.0,0.0
NT2_2024,NT2,2024,ha,"Human toxicity, non-cancer - metals",Pt,2.0,,0.0,1 ha worked,,centrifugal_spreader_singlescore_13.json,0.0,1.0,,0.0,1 ha worked,,combine_harvester_singlescore_16.json,0.0,0.0,,0.0,1 ha worked,,disk_harrow_singlescore_11.json,0.0,0.0,,0.0,1 ha worked,,laser_leveler_singlescore_12.json,0.0,1.0,,0.0,1 ha worked,,rotary_tiller_singlescore_14.json,0.0,1.0,,0.0,1 ha worked,,seeder_singlescore_17.json,0.0,6.0,,0.0,1 ha worked,,sprayer_singlescore_15.json,0.0,0.0
NT2_2024,NT2,2024,ha,"Human toxicity, non-cancer - organics",Pt,2.0,,0.0,1 ha worked,,centrifugal_spreader_singlescore_13.json,0.0,1.0,,0.0,1 ha worked,,combine_harvester_singlescore_16.json,0.0,0.0,,0.0,1 ha worked,,disk_harrow_singlescore_11.json,0.0,0.0,,0.0,1 ha worked,,laser_leveler_singlescore_12.json,0.0,1.0,,0.0,1 ha worked,,rotary_tiller_singlescore_14.json,0.0,1.0,,0.0,1 ha worked,,seeder_singlescore_17.json,0.0,6.0,,0.0,1 ha worked,,sprayer_singlescore_15.json,0.0,0.0
NT2_2024,NT2,2024,ha,Ionising radiation,Pt,2.0,,362.9200000000001,1 ha worked,,centrifugal_spreader_singlescore_13.json,725.8400000000001,1.0,,2213.39,1 ha worked,,combine_harvester_singlescore_16.json,2213.39,0.0,,267.96999999999997,1 ha worked,,disk_harrow_singlescore_11.json,0.0,0.0,,1664.79,1 ha worked,,laser_leveler_singlescore_12.json,0.0,1.0,,911.52,1 ha worked,,rotary_tiller_singlescore_14.json,911.52,1.0,,369.25,1 ha worked,,seeder_singlescore_17.json,369.25,6.0,,24.264999999999997,1 ha worked,,sprayer_singlescore_15.json,145.58999999999997,4365.59
NT2_2024,NT2,2024,ha,Land use,Pt,2.0,,16120529.999999998,1 ha worked,,centrifugal_spreader_singlescore_13.json,32241059.999999996,1.0,,88815540.0,1 ha worked,,combine_harvester_singlescore_16.json,88815540.0,0.0,,15266940.0,1 ha worked,,disk_harrow_singlescore_11.json,0.0,0.0,,71172090.0,1 ha worked,,laser_leveler_singlescore_12.json,0.0,1.0,,46409100.0,1 ha worked,,rotary_tiller_singlescore_14.json,46409100.0,1.0,,18753450.0,1 ha worked,,seeder_singlescore_17.json,18753450.0,6.0,,11114430.0,1 ha worked,,sprayer_singlescore_15.json,66686580.0,252905730.0
NT2_2024,NT2,2024,ha,Ozone depletion,Pt,2.0,,7.3408e-09,1 ha worked,,centrifugal_spreader_singlescore_13.json,1.46816e-08,1.0,,4.4843999999999994e-08,1 ha worked,,combine_harvester_singlescore_16.json,4.4843999999999994e-08,0.0,,6.1716e-09,1 ha worked,,disk_harrow_singlescore_11.json,0.0,0.0,,3.1524e-08,1 ha worked,,laser_leveler_singlescore_12.json,0.0,1.0,,1.47556e-08,1 ha worked,,rotary_tiller_singlescore_14.json,1.47556e-08,1.0,,5.209600000000001e-09,1 ha worked,,seeder_singlescore_17.json,5.209600000000001e-09,6.0,,4.765600000000001e-10,1 ha worked,,sprayer_singlescore_15.json,2.8593600000000003e-09,8.235015999999998e-08
NT2_2024,NT2,2024,ha,Particulate matter,Pt,2.0,,5.4204899999999996e-11,1 ha worked,,centrifugal_spreader_singlescore_13.json,1.0840979999999999e-10,1.0,,3.4657700000000003e-10,1 ha worked,,combine_harvester_singlescore_16.json,3.4657700000000003e-10,0.0,,4.00589e-11,1 ha worked,,disk_harrow_singlescore_11.json,0.0,0.0,,2.3533799999999997e-10,1 ha worked,,laser_leveler_singlescore_12.json,0.0,1.0,,1.7875400000000004e-10,1 ha worked,,rotary_tiller_singlescore_14.json,1.7875400000000004e-10,1.0,,9.130600000000001e-11,1 ha worked,,seeder_singlescore_17.json,9.130600000000001e-11,6.0,,7.844600000000002e-12,1 ha worked,,sprayer_singlescore_15.json,4.706760000000001e-11,7.721144000000001e-10
NT2_2024,NT2,2024,ha,Photochemical ozone formation,Pt,2.0,,0.5917,1 ha worked,,centrifugal_spreader_singlescore_13.json,1.1834,1.0,,4.268,1 ha worked,,combine_harvester_singlescore_16.json,4.268,0.0,,0.48305999999999993,1 ha worked,,disk_harrow_singlescore_11.json,0.0,0.0,,2.5802,1 ha worked,,laser_leveler_singlescore_12.json,0.0,1.0,,1.2998,1 ha worked,,rotary_tiller_singlescore_14.json,1.2998,1.0,,0.20757999999999996,1 ha worked,,seeder_singlescore_17.json,0.20757999999999996,6.0,,0.037635999999999996,1 ha worked,,sprayer_singlescore_15.json,0.22581599999999996,7.184596
NT2_2024,NT2,2024,ha,"Resource use, fossils",Pt,2.0,,1940138.9999999998,1 ha worked,,centrifugal_spreader_singlescore_13.json,3880277.9999999995,1.0,,11808458.1,1 ha worked,,combine_harvester_singlescore_16.json,11808458.1,0.0,,1486788.3,1 ha worked,,disk_harrow_singlescore_11.json,0.0,0.0,,8854809.6,1 ha worked,,laser_leveler_singlescore_12.json,0.0,1.0,,4686307.2,1 ha worked,,rotary_tiller_singlescore_14.json,4686307.2,1.0,,1833385.2000000002,1 ha worked,,seeder_singlescore_17.json,1833385.2000000002,6.0,,127767.9,1 ha worked,,sprayer_singlescore_15.json,766607.3999999999,22975035.9
NT2_2024,NT2,2024,ha,"Resource use, minerals and metals",Pt,2.0,,1.5072e-06,1 ha worked,,centrifugal_spreader_singlescore_13.json,3.0144e-06,1.0,,1.2384e-05,1 ha worked,,combine_harvester_singlescore_16.json,1.2384e-05,0.0,,6.095999999999998e-07,1 ha worked,,disk_harrow_singlescore_11.json,0.0,0.0,,4.4015999999999995e-06,1 ha worked,,laser_leveler_singlescore_12.json,0.0,1.0,,2.976e-06,1 ha worked,,rotary_tiller_singlescore_14.json,2.976e-06,1.0,,1.7759999999999998e-06,1 ha worked,,seeder_singlescore_17.json,1.7759999999999998e-06,6.0,,1.3968e-07,1 ha worked,,sprayer_singlescore_15.json,8.380799999999999e-07,2.0988480000000003e-05
NT2_2024,NT2,2024,ha,Total,Pt,2.0,,18203540.602892786,1 ha worked,,centrifugal_spreader_singlescore_13.json,36407081.20578557,1.0,,101551998.37990059,1 ha worked,,combine_harvester_singlescore_16.json,101551998.37990059,0.0,,16844590.994255494,1 ha worked,,disk_harrow_singlescore_11.json,0.0,0.0,,80616648.64674218,1 ha worked,,laser_leveler_singlescore_12.json,0.0,1.0,,51483431.65711595,1 ha worked,,rotary_tiller_singlescore_14.json,51483431.65711595,1.0,,20774237.986285694,1 ha worked,,seeder_singlescore_17.json,20774237.986285694,6.0,,11253191.91303122,1 ha worked,,sprayer_singlescore_15.json,67519151.47818732,277735900.7072751
NT2_2024,NT2,2024,ha,Water use,Pt,2.0,,2065.69,1 ha worked,,centrifugal_spreader_singlescore_13.json,4131.38,1.0,,12531.2,1 ha worked,,combine_harvester_singlescore_16.json,12531.2,0.0,,837.045,1 ha worked,,disk_harrow_singlescore_11.json,0.0,0.0,,7773.259999999999,1 ha worked,,laser_leveler_singlescore_12.json,0.0,1.0,,6275.389999999999,1 ha worked,,rotary_tiller_singlescore_14.json,6275.389999999999,1.0,,3367.76,1 ha worked,,seeder_singlescore_17.json,3367.76,6.0,,230.065,1 ha worked,,sprayer_singlescore_15.json,1380.3899999999999,27686.120000000003
