dmu_id,farmer_id,year,basis,impact_category,impact_unit,n_amount_kg_ha,p_amount_kg_ha,k_amount_kg_ha,n_amount_kg_tonne,p_amount_kg_tonne,k_amount_kg_tonne,n_factor_per_unit,p_factor_per_unit,k_factor_per_unit,n_factor_unit,p_factor_unit,k_factor_unit,n_characterisation_sheet,p_characterisation_sheet,k_characterisation_sheet,n_single_score_file,p_single_score_file,k_single_score_file,n_impact,p_impact,k_impact,fertilisation_total_impact
C1_2022,C1,2022,tonne,Acidification,Pt,,,,28.08,6.77,0.0,0.19821624,0.09966368,0.06340608,1 kg N,1 kg P2O5,1 kg K2O,,,,nitrogen_N_singlescore_8.json,phosphorus_P2O5_singlescore_9.json,potassium_K2O_singlescore_10.json,5.565912019199999,0.6747231136,0.0,6.240635132799999
C1_2022,C1,2022,tonne,Climate change,Pt,,,,28.08,6.77,0.0,6645.07914,5038.05543,4986.658170000001,1 kg N,1 kg P2O5,1 kg K2O,,,,nitrogen_N_singlescore_8.json,phosphorus_P2O5_singlescore_9.json,potassium_K2O_singlescore_10.json,186593.82225119998,34107.6352611,0.0,220701.45751229997
C1_2022,C1,2022,tonne,Climate change - Biogenic,Pt,,,,28.08,6.77,0.0,0.0,0.0,0.0,1 kg N,1 kg P2O5,1 kg K2O,,,,nitrogen_N_singlescore_8.json,phosphorus_P2O5_singlescore_9.json,potassium_K2O_singlescore_10.json,0.0,0.0,0.0,0.0
C1_2022,C1,2022,tonne,Climate change - Fossil,Pt,,,,28.08,6.77,0.0,0.0,0.0,0.0,1 kg N,1 kg P2O5,1 kg K2O,,,,nitrogen_N_singlescore_8.json,phosphorus_P2O5_singlescore_9.json,potassium_K2O_singlescore_10.json,0.0,0.0,0.0,0.0
C1_2022,C1,2022,tonne,Climate change - Land use and LU change,Pt,,,,28.08,6.77,0.0,0.0,0.0,0.0,1 kg N,1 kg P2O5,1 kg K2O,,,,nitrogen_N_singlescore_8.json,phosphorus_P2O5_singlescore_9.json,potassium_K2O_singlescore_10.json,0.0,0.0,0.0,0.0
C1_2022,C1,2022,tonne,"Ecotoxicity, freshwater",Pt,,,,28.08,6.77,0.0,5565.61551,90293.99429999999,458127.314,1 kg N,1 kg P2O5,1 kg K2O,,,,nitrogen_N_singlescore_8.json,phosphorus_P2O5_singlescore_9.json,potassium_K2O_singlescore_10.json,156282.4835208,611290.3414109999,0.0,767572.8249317999
C1_2022,C1,2022,tonne,"Ecotoxicity, freshwater - inorganics",Pt,,,,28.08,6.77,0.0,0.0,0.0,0.0,1 kg N,1 kg P2O5,1 kg K2O,,,,nitrogen_N_singlescore_8.json,phosphorus_P2O5_singlescore_9.json,potassium_K2O_singlescore_10.json,0.0,0.0,0.0,0.0
C1_2022,C1,2022,tonne,"Ecotoxicity, freshwater - metals",Pt,,,,28.08,6.77,0.0,0.0,0.0,0.0,1 kg N,1 kg P2O5,1 kg K2O,,,,nitrogen_N_singlescore_8.json,phosphorus_P2O5_singlescore_9.json,potassium_K2O_singlescore_10.json,0.0,0.0,0.0,0.0
C1_2022,C1,2022,tonne,"Ecotoxicity, freshwater - organics",Pt,,,,28.08,6.77,0.0,0.0,0.0,0.0,1 kg N,1 kg P2O5,1 kg K2O,,,,nitrogen_N_singlescore_8.json,phosphorus_P2O5_singlescore_9.json,potassium_K2O_singlescore_10.json,0.0,0.0,0.0,0.0
C1_2022,C1,2022,tonne,"Eutrophication, freshwater",Pt,,,,28.08,6.77,0.0,4.5732e-06,1.96112e-05,1.2730799999999998e-05,1 kg N,1 kg P2O5,1 kg K2O,,,,nitrogen_N_singlescore_8.json,phosphorus_P2O5_singlescore_9.json,potassium_K2O_singlescore_10.json,0.000128415456,0.00013276782399999999,0.0,0.00026118328
C1_2022,C1,2022,tonne,"Eutrophication, marine",Pt,,,,28.08,6.77,0.0,0.002243326,0.002318746,0.002428524,1 kg N,1 kg P2O5,1 kg K2O,,,,nitrogen_N_singlescore_8.json,phosphorus_P2O5_singlescore_9.json,potassium_K2O_singlescore_10.json,0.06299259407999999,0.01569791042,0.0,0.0786905045
C1_2022,C1,2022,tonne,"Eutrophication, terrestrial",Pt,,,,28.08,6.77,0.0,1.58592573,0.34276347,0.38357631,1 kg N,1 kg P2O5,1 kg K2O,,,,nitrogen_N_singlescore_8.json,phosphorus_P2O5_singlescore_9.json,potassium_K2O_singlescore_10.json,44.5327944984,2.3205086918999998,0.0,46.853303190300004
C1_2022,C1,2022,tonne,"Human toxicity, cancer",Pt,,,,28.08,6.77,0.0,4.3788000000000003e-16,2.0828e-15,1.4514e-15,1 kg N,1 kg P2O5,1 kg K2O,,,,nitrogen_N_singlescore_8.json,phosphorus_P2O5_singlescore_9.json,potassium_K2O_singlescore_10.json,1.22956704e-14,1.4100555999999997e-14,0.0,2.6396226399999998e-14
C1_2022,C1,2022,tonne,"Human toxicity, cancer - inorganics",Pt,,,,28.08,6.77,0.0,0.0,0.0,0.0,1 kg N,1 kg P2O5,1 kg K2O,,,,nitrogen_N_singlescore_8.json,phosphorus_P2O5_singlescore_9.json,potassium_K2O_singlescore_10.json,0.0,0.0,0.0,0.0
C1_2022,C1,2022,tonne,"Human toxicity, cancer - metals",Pt,,,,28.08,6.77,0.0,0.0,0.0,0.0,1 kg N,1 kg P2O5,1 kg K2O,,,,nitrogen_N_singlescore_8.json,phosphorus_P2O5_singlescore_9.json,potassium_K2O_singlescore_10.json,0.0,0.0,0.0,0.0
C1_2022,C1,2022,tonne,"Human toxicity, cancer - organics",Pt,,,,28.08,6.77,0.0,0.0,0.0,0.0,1 kg N,1 kg P2O5,1 kg K2O,,,,nitrogen_N_singlescore_8.json,phosphorus_P2O5_singlescore_9.json,potassium_K2O_singlescore_10.json,0.0,0.0,0.0,0.0
C1_2022,C1,2022,tonne,"Human toxicity, non-cancer",Pt,,,,28.08,6.77,0.0,1.748e-13,5.67226e-13,8.652599999999999e-13,1 kg N,1 kg P2O5,1 kg K2O,,,,nitrogen_N_singlescore_8.json,phosphorus_P2O5_singlescore_9.json,potassium_K2O_singlescore_10.json,4.908384e-12,3.84012002e-12,0.0,8.74850402e-12
C1_2022,C1,2022,tonne,"Human toxicity, non-cancer - inorganics",Pt,,,,28.08,6.77,0.0,0.0,0.0,0.0,1 kg N,1 kg P2O5,1 kg K2O,,,,nitrogen_N_singlescore_8.json,phosphorus_P2O5_singlescore_9.json,potassium_K2O_singlescore_10.json,0.0,0.0,0.0,0.0
C1_2022,C1,2022,tonne,"Human toxicity, non-cancer - metals",Pt,,,,28.08,6.77,0.0,0.0,0.0,0.0,1 kg N,1 kg P2O5,1 kg K2O,,,,nitrogen_N_singlescore_8.json,phosphorus_P2O5_singlescore_9.json,potassium_K2O_singlescore_10.json,0.0,0.0,0.0,0.0
C1_2022,C1,2022,tonne,"Human toxicity, non-cancer - organics",Pt,,,,28.08,6.77,0.0,0.0,0.0,0.0,1 kg N,1 kg P2O5,1 kg K2O,,,,nitrogen_N_singlescore_8.json,phosphorus_P2O5_singlescore_9.json,potassium_K2O_singlescore_10.json,0.0,0.0,0.0,0.0
C1_2022,C1,2022,tonne,Ionising radiation,Pt,,,,28.08,6.77,0.0,21.066451,71.22199499999999,51.815903000000006,1 kg N,1 kg P2O5,1 kg K2O,,,,nitrogen_N_singlescore_8.json,phosphorus_P2O5_singlescore_9.json,potassium_K2O_singlescore_10.json,591.54594408,482.1729061499999,0.0,1073.71885023
C1_2022,C1,2022,tonne,Land use,Pt,,,,28.08,6.77,0.0,254308.65899999999,3434320.02,2789874.0,1 kg N,1 kg P2O5,1 kg K2O,,,,nitrogen_N_singlescore_8.json,phosphorus_P2O5_singlescore_9.json,potassium_K2O_singlescore_10.json,7140987.144719999,23250346.5354,0.0,30391333.68012
C1_2022,C1,2022,tonne,Ozone depletion,Pt,,,,28.08,6.77,0.0,5.2984e-10,5.1356e-10,5.8312e-10,1 kg N,1 kg P2O5,1 kg K2O,,,,nitrogen_N_singlescore_8.json,phosphorus_P2O5_singlescore_9.json,potassium_K2O_singlescore_10.json,1.48779072e-08,3.4768012e-09,0.0,1.83547084e-08
C1_2022,C1,2022,tonne,Particulate matter,Pt,,,,28.08,6.77,0.0,2.56557e-11,1.5046200000000003e-11,1.45961e-11,1 kg N,1 kg P2O5,1 kg K2O,,,,nitrogen_N_singlescore_8.json,phosphorus_P2O5_singlescore_9.json,potassium_K2O_singlescore_10.json,7.20412056e-10,1.0186277400000001e-10,0.0,8.2227483e-10
C1_2022,C1,2022,tonne,Photochemical ozone formation,Pt,,,,28.08,6.77,0.0,0.00772702,0.015733399999999998,0.015512239999999998,1 kg N,1 kg P2O5,1 kg K2O,,,,nitrogen_N_singlescore_8.json,phosphorus_P2O5_singlescore_9.json,potassium_K2O_singlescore_10.json,0.2169747216,0.10651511799999998,0.0,0.3234898396
C1_2022,C1,2022,tonne,"Resource use, fossils",Pt,,,,28.08,6.77,0.0,252626.08020000003,232942.92750000002,229857.6558,1 kg N,1 kg P2O5,1 kg K2O,,,,nitrogen_N_singlescore_8.json,phosphorus_P2O5_singlescore_9.json,potassium_K2O_singlescore_10.json,7093740.3320160005,1577023.619175,0.0,8670763.951191
C1_2022,C1,2022,tonne,"Resource use, minerals and metals",Pt,,,,28.08,6.77,0.0,1.3007999999999998e-07,2.5872e-07,2.472e-07,1 kg N,1 kg P2O5,1 kg K2O,,,,nitrogen_N_singlescore_8.json,phosphorus_P2O5_singlescore_9.json,potassium_K2O_singlescore_10.json,3.6526463999999993e-06,1.7515343999999997e-06,0.0,5.404180799999999e-06
C1_2022,C1,2022,tonne,Total,Pt,,,,28.08,6.77,0.0,519378.6717280199,3764220.789358167,3484059.454128132,1 kg N,1 kg P2O5,1 kg K2O,,,,nitrogen_N_singlescore_8.json,phosphorus_P2O5_singlescore_9.json,potassium_K2O_singlescore_10.json,14584153.102122799,25483774.74395479,0.0,40067927.84607759
C1_2022,C1,2022,tonne,Water use,Pt,,,,28.08,6.77,0.0,210.37731,1554.109634,1161.545319,1 kg N,1 kg P2O5,1 kg K2O,,,,nitrogen_N_singlescore_8.json,phosphorus_P2O5_singlescore_9.json,potassium_K2O_singlescore_10.json,5907.3948648,10521.322222179999,0.0,16428.71708698
C1_2023,C1,2023,tonne,Acidification,Pt,,,,28.42,6.61,0.0,0.19821624,0.09966368,0.06340608,1 kg N,1 kg P2O5,1 kg K2O,,,,nitrogen_N_singlescore_8.json,phosphorus_P2O5_singlescore_9.json,potassium_K2O_singlescore_10.json,5.6333055408,0.6587769248,0.0,6.2920824656
C1_2023,C1,2023,tonne,Climate change,Pt,,,,28.42,6.61,0.0,6645.07914,5038.05543,4986.658170000001,1 kg N,1 kg P2O5,1 kg K2O,,,,nitrogen_N_singlescore_8.json,phosphorus_P2O5_singlescore_9.json,potassium_K2O_singlescore_10.json,188853.14915880002,33301.546392300006,0.0,222154.6955511
C1_2023,C1,2023,tonne,Climate change - Biogenic,Pt,,,,28.42,6.61,0.0,0.0,0.0,0.0,1 kg N,1 kg P2O5,1 kg K2O,,,,nitrogen_N_singlescore_8.json,phosphorus_P2O5_singlescore_9.json,potassium_K2O_singlescore_10.json,0.0,0.0,0.0,0.0
C1_2023,C1,2023,tonne,Climate change - Fossil,Pt,,,,28.42,6.61,0.0,0.0,0.0,0.0,1 kg N,1 kg P2O5,1 kg K2O,,,,nitrogen_N_singlescore_8.json,phosphorus_P2O5_singlescore_9.json,potassium_K2O_singlescore_10.json,0.0,0.0,0.0,0.0
C1_2023,C1,2023,tonne,Climate change - Land use and LU change,Pt,,,,28.42,6.61,0.0,0.0,0.0,0.0,1 kg N,1 kg P2O5,1 kg K2O,,,,nitrogen_N_singlescore_8.json,phosphorus_P2O5_singlescore_9.json,potassium_K2O_singlescore_10.json,0.0,0.0,0.0,0.0
C1_2023,C1,2023,tonne,"Ecotoxicity, freshwater",Pt,,,,28.42,6.61,0.0,5565.61551,90293.99429999999,458127.314,1 kg N,1 kg P2O5,1 kg K2O,,,,nitrogen_N_singlescore_8.json,phosphorus_P2O5_singlescore_9.json,potassium_K2O_singlescore_10.json,158174.7927942,596843.3023229999,0.0,755018.0951171999
C1_2023,C1,2023,tonne,"Ecotoxicity, freshwater - inorganics",Pt,,,,28.42,6.61,0.0,0.0,0.0,0.0,1 kg N,1 kg P2O5,1 kg K2O,,,,nitrogen_N_singlescore_8.json,phosphorus_P2O5_singlescore_9.json,potassium_K2O_singlescore_10.json,0.0,0.0,0.0,0.0
C1_2023,C1,2023,tonne,"Ecotoxicity, freshwater - metals",Pt,,,,28.42,6.61,0.0,0.0,0.0,0.0,1 kg N,1 kg P2O5,1 kg K2O,,,,nitrogen_N_singlescore_8.json,phosphorus_P2O5_singlescore_9.json,potassium_K2O_singlescore_10.json,0.0,0.0,0.0,0.0
C1_2023,C1,2023,tonne,"Ecotoxicity, freshwater - organics",Pt,,,,28.42,6.61,0.0,0.0,0.0,0.0,1 kg N,1 kg P2O5,1 kg K2O,,,,nitrogen_N_singlescore_8.json,phosphorus_P2O5_singlescore_9.json,potassium_K2O_singlescore_10.json,0.0,0.0,0.0,0.0
C1_2023,C1,2023,tonne,"Eutrophication, freshwater",Pt,,,,28.42,6.61,0.0,4.5732e-06,1.96112e-05,1.2730799999999998e-05,1 kg N,1 kg P2O5,1 kg K2O,,,,nitrogen_N_singlescore_8.json,phosphorus_P2O5_singlescore_9.json,potassium_K2O_singlescore_10.json,0.000129970344,0.000129630032,0.0,0.00025960037600000004
C1_2023,C1,2023,tonne,"Eutrophication, marine",Pt,,,,28.42,6.61,0.0,0.002243326,0.002318746,0.002428524,1 kg N,1 kg P2O5,1 kg K2O,,,,nitrogen_N_singlescore_8.json,phosphorus_P2O5_singlescore_9.json,potassium_K2O_singlescore_10.json,0.06375532492,0.01532691106,0.0,0.07908223598
C1_2023,C1,2023,tonne,"Eutrophication, terrestrial",Pt,,,,28.42,6.61,0.0,1.58592573,0.34276347,0.38357631,1 kg N,1 kg P2O5,1 kg K2O,,,,nitrogen_N_singlescore_8.json,phosphorus_P2O5_singlescore_9.json,potassium_K2O_singlescore_10.json,45.072009246600004,2.2656665367000004,0.0,47.33767578330001
C1_2023,C1,2023,tonne,"Human toxicity, cancer",Pt,,,,28.42,6.61,0.0,4.3788000000000003e-16,2.0828e-15,1.4514e-15,1 kg N,1 kg P2O5,1 kg K2O,,,,nitrogen_N_singlescore_8.json,phosphorus_P2O5_singlescore_9.json,potassium_K2O_singlescore_10.json,1.2444549600000001e-14,1.3767308e-14,0.0,2.6211857600000003e-14
C1_2023,C1,2023,tonne,"Human toxicity, cancer - inorganics",Pt,,,,28.42,6.61,0.0,0.0,0.0,0.0,1 kg N,1 kg P2O5,1 kg K2O,,,,nitrogen_N_singlescore_8.json,phosphorus_P2O5_singlescore_9.json,potassium_K2O_singlescore_10.json,0.0,0.0,0.0,0.0
C1_2023,C1,2023,tonne,"Human toxicity, cancer - metals",Pt,,,,28.42,6.61,0.0,0.0,0.0,0.0,1 kg N,1 kg P2O5,1 kg K2O,,,,nitrogen_N_singlescore_8.json,phosphorus_P2O5_singlescore_9.json,potassium_K2O_singlescore_10.json,0.0,0.0,0.0,0.0
C1_2023,C1,2023,tonne,"Human toxicity, cancer - organics",Pt,,,,28.42,6.61,0.0,0.0,0.0,0.0,1 kg N,1 kg P2O5,1 kg K2O,,,,nitrogen_N_singlescore_8.json,phosphorus_P2O5_singlescore_9.json,potassium_K2O_singlescore_10.json,0.0,0.0,0.0,0.0
C1_2023,C1,2023,tonne,"Human toxicity, non-cancer",Pt,,,,28.42,6.61,0.0,1.748e-13,5.67226e-13,8.652599999999999e-13,1 kg N,1 kg P2O5,1 kg K2O,,,,nitrogen_N_singlescore_8.json,phosphorus_P2O5_singlescore_9.json,potassium_K2O_singlescore_10.json,4.967816e-12,3.74936386e-12,0.0,8.71717986e-12
C1_2023,C1,2023,tonne,"Human toxicity, non-cancer - inorganics",Pt,,,,28.42,6.61,0.0,0.0,0.0,0.0,1 kg N,1 kg P2O5,1 kg K2O,,,,nitrogen_N_singlescore_8.json,phosphorus_P2O5_singlescore_9.json,potassium_K2O_singlescore_10.json,0.0,0.0,0.0,0.0
C1_2023,C1,2023,tonne,"Human toxicity, non-cancer - metals",Pt,,,,28.42,6.61,0.0,0.0,0.0,0.0,1 kg N,1 kg P2O5,1 kg K2O,,,,nitrogen_N_singlescore_8.json,phosphorus_P2O5_singlescore_9.json,potassium_K2O_singlescore_10.json,0.0,0.0,0.0,0.0
C1_2023,C1,2023,tonne,"Human toxicity, non-cancer - organics",Pt,,,,28.42,6.61,0.0,0.0,0.0,0.0,1 kg N,1 kg P2O5,1 kg K2O,,,,nitrogen_N_singlescore_8.json,phosphorus_P2O5_singlescore_9.json,potassium_K2O_singlescore_10.json,0.0,0.0,0.0,0.0
C1_2023,C1,2023,tonne,Ionising radiation,Pt,,,,28.42,6.61,0.0,21.066451,71.22199499999999,51.815903000000006,1 kg N,1 kg P2O5,1 kg K2O,,,,nitrogen_N_singlescore_8.json,phosphorus_P2O5_singlescore_9.json,potassium_K2O_singlescore_10.json,598.7085374200001,470.77738695,0.0,1069.48592437
C1_2023,C1,2023,tonne,Land use,Pt,,,,28.42,6.61,0.0,254308.65899999999,3434320.02,2789874.0,1 kg N,1 kg P2O5,1 kg K2O,,,,nitrogen_N_singlescore_8.json,phosphorus_P2O5_singlescore_9.json,potassium_K2O_singlescore_10.json,7227452.08878,22700855.332200002,0.0,29928307.420980003
C1_2023,C1,2023,tonne,Ozone depletion,Pt,,,,28.42,6.61,0.0,5.2984e-10,5.1356e-10,5.8312e-10,1 kg N,1 kg P2O5,1 kg K2O,,,,nitrogen_N_singlescore_8.json,phosphorus_P2O5_singlescore_9.json,potassium_K2O_singlescore_10.json,1.5058052800000002e-08,3.3946316000000004e-09,0.0,1.8452684400000002e-08
C1_2023,C1,2023,tonne,Particulate matter,Pt,,,,28.42,6.61,0.0,2.56557e-11,1.5046200000000003e-11,1.45961e-11,1 kg N,1 kg P2O5,1 kg K2O,,,,nitrogen_N_singlescore_8.json,phosphorus_P2O5_singlescore_9.json,potassium_K2O_singlescore_10.json,7.291349940000001e-10,9.945538200000002e-11,0.0,8.285903760000002e-10
C1_2023,C1,2023,tonne,Photochemical ozone formation,Pt,,,,28.42,6.61,0.0,0.00772702,0.015733399999999998,0.015512239999999998,1 kg N,1 kg P2O5,1 kg K2O,,,,nitrogen_N_singlescore_8.json,phosphorus_P2O5_singlescore_9.json,potassium_K2O_singlescore_10.json,0.21960190840000002,0.10399777399999999,0.0,0.32359968240000003
C1_2023,C1,2023,tonne,"Resource use, fossils",Pt,,,,28.42,6.61,0.0,252626.08020000003,232942.92750000002,229857.6558,1 kg N,1 kg P2O5,1 kg K2O,,,,nitrogen_N_singlescore_8.json,phosphorus_P2O5_singlescore_9.json,potassium_K2O_singlescore_10.json,7179633.199284001,1539752.7507750003,0.0,8719385.950059002
C1_2023,C1,2023,tonne,"Resource use, minerals and metals",Pt,,,,28.42,6.61,0.0,1.3007999999999998e-07,2.5872e-07,2.472e-07,1 kg N,1 kg P2O5,1 kg K2O,,,,nitrogen_N_singlescore_8.json,phosphorus_P2O5_singlescore_9.json,potassium_K2O_singlescore_10.json,3.6968735999999997e-06,1.7101391999999998e-06,0.0,5.4070128e-06
C1_2023,C1,2023,tonne,Total,Pt,,,,28.42,6.61,0.0,519378.6717280199,3764220.789358167,3484059.454128132,1 kg N,1 kg P2O5,1 kg K2O,,,,nitrogen_N_singlescore_8.json,phosphorus_P2O5_singlescore_9.json,potassium_K2O_singlescore_10.json,14760741.850510327,24881499.417657483,0.0,39642241.26816781
C1_2023,C1,2023,tonne,Water use,Pt,,,,28.42,6.61,0.0,210.37731,1554.109634,1161.545319,1 kg N,1 kg P2O5,1 kg K2O,,,,nitrogen_N_singlescore_8.json,phosphorus_P2O5_singlescore_9.json,potassium_K2O_singlescore_10.json,5978.9231502,10272.66468074,0.0,16251.58783094
C1_2024,C1,2024,tonne,Acidification,Pt,,,,26.99,6.28,0.0,0.19821624,0.09966368,0.06340608,1 kg N,1 kg P2O5,1 kg K2O,,,,nitrogen_N_singlescore_8.json,phosphorus_P2O5_singlescore_9.json,potassium_K2O_singlescore_10.json,5.3498563176,0.6258879104,0.0,5.975744228
C1_2024,C1,2024,tonne,Climate change,Pt,,,,26.99,6.28,0.0,6645.07914,5038.05543,4986.658170000001,1 kg N,1 kg P2O5,1 kg K2O,,,,nitrogen_N_singlescore_8.json,phosphorus_P2O5_singlescore_9.json,potassium_K2O_singlescore_10.json,179350.6859886,31638.9881004,0.0,210989.67408899998
C1_2024,C1,2024,tonne,Climate change - Biogenic,Pt,,,,26.99,6.28,0.0,0.0,0.0,0.0,1 kg N,1 kg P2O5,1 kg K2O,,,,nitrogen_N_singlescore_8.json,phosphorus_P2O5_singlescore_9.json,potassium_K2O_singlescore_10.json,0.0,0.0,0.0,0.0
C1_2024,C1,2024,tonne,Climate change - Fossil,Pt,,,,26.99,6.28,0.0,0.0,0.0,0.0,1 kg N,1 kg P2O5,1 kg K2O,,,,nitrogen_N_singlescore_8.json,phosphorus_P2O5_singlescore_9.json,potassium_K2O_singlescore_10.json,0.0,0.0,0.0,0.0
C1_2024,C1,2024,tonne,Climate change - Land use and LU change,Pt,,,,26.99,6.28,0.0,0.0,0.0,0.0,1 kg N,1 kg P2O5,1 kg K2O,,,,nitrogen_N_singlescore_8.json,phosphorus_P2O5_singlescore_9.json,potassium_K2O_singlescore_10.json,0.0,0.0,0.0,0.0
C1_2024,C1,2024,tonne,"Ecotoxicity, freshwater",Pt,,,,26.99,6.28,0.0,5565.61551,90293.99429999999,458127.314,1 kg N,1 kg P2O5,1 kg K2O,,,,nitrogen_N_singlescore_8.json,phosphorus_P2O5_singlescore_9.json,potassium_K2O_singlescore_10.json,150215.96261489997,567046.284204,0.0,717262.2468189
C1_2024,C1,2024,tonne,"Ecotoxicity, freshwater - inorganics",Pt,,,,26.99,6.28,0.0,0.0,0.0,0.0,1 kg N,1 kg P2O5,1 kg K2O,,,,nitrogen_N_singlescore_8.json,phosphorus_P2O5_singlescore_9.json,potassium_K2O_singlescore_10.json,0.0,0.0,0.0,0.0
C1_2024,C1,2024,tonne,"Ecotoxicity, freshwater - metals",Pt,,,,26.99,6.28,0.0,0.0,0.0,0.0,1 kg N,1 kg P2O5,1 kg K2O,,,,nitrogen_N_singlescore_8.json,phosphorus_P2O5_singlescore_9.json,potassium_K2O_singlescore_10.json,0.0,0.0,0.0,0.0
C1_2024,C1,2024,tonne,"Ecotoxicity, freshwater - organics",Pt,,,,26.99,6.28,0.0,0.0,0.0,0.0,1 kg N,1 kg P2O5,1 kg K2O,,,,nitrogen_N_singlescore_8.json,phosphorus_P2O5_singlescore_9.json,potassium_K2O_singlescore_10.json,0.0,0.0,0.0,0.0
C1_2024,C1,2024,tonne,"Eutrophication, freshwater",Pt,,,,26.99,6.28,0.0,4.5732e-06,1.96112e-05,1.2730799999999998e-05,1 kg N,1 kg P2O5,1 kg K2O,,,,nitrogen_N_singlescore_8.json,phosphorus_P2O5_singlescore_9.json,potassium_K2O_singlescore_10.json,0.000123430668,0.00012315833600000001,0.0,0.000246589004
C1_2024,C1,2024,tonne,"Eutrophication, marine",Pt,,,,26.99,6.28,0.0,0.002243326,0.002318746,0.002428524,1 kg N,1 kg P2O5,1 kg K2O,,,,nitrogen_N_singlescore_8.json,phosphorus_P2O5_singlescore_9.json,potassium_K2O_singlescore_10.json,0.060547368739999996,0.01456172488,0.0,0.07510909362
C1_2024,C1,2024,tonne,"Eutrophication, terrestrial",Pt,,,,26.99,6.28,0.0,1.58592573,0.34276347,0.38357631,1 kg N,1 kg P2O5,1 kg K2O,,,,nitrogen_N_singlescore_8.json,phosphorus_P2O5_singlescore_9.json,potassium_K2O_singlescore_10.json,42.804135452699995,2.1525545916,0.0,44.9566900443
C1_2024,C1,2024,tonne,"Human toxicity, cancer",Pt,,,,26.99,6.28,0.0,4.3788000000000003e-16,2.0828e-15,1.4514e-15,1 kg N,1 kg P2O5,1 kg K2O,,,,nitrogen_N_singlescore_8.json,phosphorus_P2O5_singlescore_9.json,potassium_K2O_singlescore_10.json,1.18183812e-14,1.3079984e-14,0.0,2.4898365199999998e-14
C1_2024,C1,2024,tonne,"Human toxicity, cancer - inorganics",Pt,,,,26.99,6.28,0.0,0.0,0.0,0.0,1 kg N,1 kg P2O5,1 kg K2O,,,,nitrogen_N_singlescore_8.json,phosphorus_P2O5_singlescore_9.json,potassium_K2O_singlescore_10.json,0.0,0.0,0.0,0.0
C1_2024,C1,2024,tonne,"Human toxicity, cancer - metals",Pt,,,,26.99,6.28,0.0,0.0,0.0,0.0,1 kg N,1 kg P2O5,1 kg K2O,,,,nitrogen_N_singlescore_8.json,phosphorus_P2O5_singlescore_9.json,potassium_K2O_singlescore_10.json,0.0,0.0,0.0,0.0
C1_2024,C1,2024,tonne,"Human toxicity, cancer - organics",Pt,,,,26.99,6.28,0.0,0.0,0.0,0.0,1 kg N,1 kg P2O5,1 kg K2O,,,,nitrogen_N_singlescore_8.json,phosphorus_P2O5_singlescore_9.json,potassium_K2O_singlescore_10.json,0.0,0.0,0.0,0.0
C1_2024,C1,2024,tonne,"Human toxicity, non-cancer",Pt,,,,26.99,6.28,0.0,1.748e-13,5.67226e-13,8.652599999999999e-13,1 kg N,1 kg P2O5,1 kg K2O,,,,nitrogen_N_singlescore_8.json,phosphorus_P2O5_singlescore_9.json,potassium_K2O_singlescore_10.json,4.717851999999999e-12,3.5621792800000003e-12,0.0,8.280031279999999e-12
C1_2024,C1,2024,tonne,"Human toxicity, non-cancer - inorganics",Pt,,,,26.99,6.28,0.0,0.0,0.0,0.0,1 kg N,1 kg P2O5,1 kg K2O,,,,nitrogen_N_singlescore_8.json,phosphorus_P2O5_singlescore_9.json,potassium_K2O_singlescore_10.json,0.0,0.0,0.0,0.0
C1_2024,C1,2024,tonne,"Human toxicity, non-cancer - metals",Pt,,,,26.99,6.28,0.0,0.0,0.0,0.0,1 kg N,1 kg P2O5,1 kg K2O,,,,nitrogen_N_singlescore_8.json,phosphorus_P2O5_singlescore_9.json,potassium_K2O_singlescore_10.json,0.0,0.0,0.0,0.0
C1_2024,C1,2024,tonne,"Human toxicity, non-cancer - organics",Pt,,,,26.99,6.28,0.0,0.0,0.0,0.0,1 kg N,1 kg P2O5,1 kg K2O,,,,nitrogen_N_singlescore_8.json,phosphorus_P2O5_singlescore_9.json,potassium_K2O_singlescore_10.json,0.0,0.0,0.0,0.0
C1_2024,C1,2024,tonne,Ionising radiation,Pt,,,,26.99,6.28,0.0,21.066451,71.22199499999999,51.815903000000006,1 kg N,1 kg P2O5,1 kg K2O,,,,nitrogen_N_singlescore_8.json,phosphorus_P2O5_singlescore_9.json,potassium_K2O_singlescore_10.json,568.58351249,447.2741286,0.0,1015.85764109
C1_2024,C1,2024,tonne,Land use,Pt,,,,26.99,6.28,0.0,254308.65899999999,3434320.02,2789874.0,1 kg N,1 kg P2O5,1 kg K2O,,,,nitrogen_N_singlescore_8.json,phosphorus_P2O5_singlescore_9.json,potassium_K2O_singlescore_10.json,6863790.706409999,21567529.7256,0.0,28431320.43201
C1_2024,C1,2024,tonne,Ozone depletion,Pt,,,,26.99,6.28,0.0,5.2984e-10,5.1356e-10,5.8312e-10,1 kg N,1 kg P2O5,1 kg K2O,,,,nitrogen_N_singlescore_8.json,phosphorus_P2O5_singlescore_9.json,potassium_K2O_singlescore_10.json,1.43003816e-08,3.2251568000000003e-09,0.0,1.75255384e-08
C1_2024,C1,2024,tonne,Particulate matter,Pt,,,,26.99,6.28,0.0,2.56557e-11,1.5046200000000003e-11,1.45961e-11,1 kg N,1 kg P2O5,1 kg K2O,,,,nitrogen_N_singlescore_8.json,phosphorus_P2O5_singlescore_9.json,potassium_K2O_singlescore_10.json,6.92447343e-10,9.449013600000002e-11,0.0,7.86937479e-10
C1_2024,C1,2024,tonne,Photochemical ozone formation,Pt,,,,26.99,6.28,0.0,0.00772702,0.015733399999999998,0.015512239999999998,1 kg N,1 kg P2O5,1 kg K2O,,,,nitrogen_N_singlescore_8.json,phosphorus_P2O5_singlescore_9.json,potassium_K2O_singlescore_10.json,0.2085522698,0.098805752,0.0,0.3073580218
C1_2024,C1,2024,tonne,"Resource use, fossils",Pt,,,,26.99,6.28,0.0,252626.08020000003,232942.92750000002,229857.6558,1 kg N,1 kg P2O5,1 kg K2O,,,,nitrogen_N_singlescore_8.json,phosphorus_P2O5_singlescore_9.json,potassium_K2O_singlescore_10.json,6818377.904598,1462881.5847000002,0.0,8281259.489298001
C1_2024,C1,2024,tonne,"Resource use, minerals and metals",Pt,,,,26.99,6.28,0.0,1.3007999999999998e-07,2.5872e-07,2.472e-07,1 kg N,1 kg P2O5,1 kg K2O,,,,nitrogen_N_singlescore_8.json,phosphorus_P2O5_singlescore_9.json,potassium_K2O_singlescore_10.json,3.5108591999999995e-06,1.6247616e-06,0.0,5.1356208e-06
C1_2024,C1,2024,tonne,Total,Pt,,,,26.99,6.28,0.0,519378.6717280199,3764220.789358167,3484059.454128132,1 kg N,1 kg P2O5,1 kg K2O,,,,nitrogen_N_singlescore_8.json,phosphorus_P2O5_singlescore_9.json,potassium_K2O_singlescore_10.json,14018030.349939257,23639306.55716929,0.0,37657336.907108545
C1_2024,C1,2024,tonne,Water use,Pt,,,,26.99,6.28,0.0,210.37731,1554.109634,1161.545319,1 kg N,1 kg P2O5,1 kg K2O,,,,nitrogen_N_singlescore_8.json,phosphorus_P2O5_singlescore_9.json,potassium_K2O_singlescore_10.json,5678.083596899999,9759.80850152,0.0,15437.892098419998
C2_2022,C2,2022,tonne,Acidification,Pt,,,,14.67,8.68,0.0,0.19821624,0.09966368,0.06340608,1 kg N,1 kg P2O5,1 kg K2O,,,,nitrogen_N_singlescore_8.json,phosphorus_P2O5_singlescore_9.json,potassium_K2O_singlescore_10.json,2.9078322408,0.8650807424,0.0,3.7729129832
C2_2022,C2,2022,tonne,Climate change,Pt,,,,14.67,8.68,0.0,6645.07914,5038.05543,4986.658170000001,1 kg N,1 kg P2O5,1 kg K2O,,,,nitrogen_N_singlescore_8.json,phosphorus_P2O5_singlescore_9.json,potassium_K2O_singlescore_10.json,97483.3109838,43730.3211324,0.0,141213.6321162
C2_2022,C2,2022,tonne,Climate change - Biogenic,Pt,,,,14.67,8.68,0.0,0.0,0.0,0.0,1 kg N,1 kg P2O5,1 kg K2O,,,,nitrogen_N_singlescore_8.json,phosphorus_P2O5_singlescore_9.json,potassium_K2O_singlescore_10.json,0.0,0.0,0.0,0.0
C2_2022,C2,2022,tonne,Climate change - Fossil,Pt,,,,14.67,8.68,0.0,0.0,0.0,0.0,1 kg N,1 kg P2O5,1 kg K2O,,,,nitrogen_N_singlescore_8.json,phosphorus_P2O5_singlescore_9.json,potassium_K2O_singlescore_10.json,0.0,0.0,0.0,0.0
C2_2022,C2,2022,tonne,Climate change - Land use and LU change,Pt,,,,14.67,8.68,0.0,0.0,0.0,0.0,1 kg N,1 kg P2O5,1 kg K2O,,,,nitrogen_N_singlescore_8.json,phosphorus_P2O5_singlescore_9.json,potassium_K2O_singlescore_10.json,0.0,0.0,0.0,0.0
C2_2022,C2,2022,tonne,"Ecotoxicity, freshwater",Pt,,,,14.67,8.68,0.0,5565.61551,90293.99429999999,458127.314,1 kg N,1 kg P2O5,1 kg K2O,,,,nitrogen_N_singlescore_8.json,phosphorus_P2O5_singlescore_9.json,potassium_K2O_singlescore_10.json,81647.5795317,783751.8705239999,0.0,865399.4500556999
C2_2022,C2,2022,tonne,"Ecotoxicity, freshwater - inorganics",Pt,,,,14.67,8.68,0.0,0.0,0.0,0.0,1 kg N,1 kg P2O5,1 kg K2O,,,,nitrogen_N_singlescore_8.json,phosphorus_P2O5_singlescore_9.json,potassium_K2O_singlescore_10.json,0.0,0.0,0.0,0.0
C2_2022,C2,2022,tonne,"Ecotoxicity, freshwater - metals",Pt,,,,14.67,8.68,0.0,0.0,0.0,0.0,1 kg N,1 kg P2O5,1 kg K2O,,,,nitrogen_N_singlescore_8.json,phosphorus_P2O5_singlescore_9.json,potassium_K2O_singlescore_10.json,0.0,0.0,0.0,0.0
C2_2022,C2,2022,tonne,"Ecotoxicity, freshwater - organics",Pt,,,,14.67,8.68,0.0,0.0,0.0,0.0,1 kg N,1 kg P2O5,1 kg K2O,,,,nitrogen_N_singlescore_8.json,phosphorus_P2O5_singlescore_9.json,potassium_K2O_singlescore_10.json,0.0,0.0,0.0,0.0
C2_2022,C2,2022,tonne,"Eutrophication, freshwater",Pt,,,,14.67,8.68,0.0,4.5732e-06,1.96112e-05,1.2730799999999998e-05,1 kg N,1 kg P2O5,1 kg K2O,,,,nitrogen_N_singlescore_8.json,phosphorus_P2O5_singlescore_9.json,potassium_K2O_singlescore_10.json,6.7088844e-05,0.00017022521599999998,0.0,0.00023731405999999998
C2_2022,C2,2022,tonne,"Eutrophication, marine",Pt,,,,14.67,8.68,0.0,0.002243326,0.002318746,0.002428524,1 kg N,1 kg P2O5,1 kg K2O,,,,nitrogen_N_singlescore_8.json,phosphorus_P2O5_singlescore_9.json,potassium_K2O_singlescore_10.json,0.03290959242,0.02012671528,0.0,0.0530363077
C2_2022,C2,2022,tonne,"Eutrophication, terrestrial",Pt,,,,14.67,8.68,0.0,1.58592573,0.34276347,0.38357631,1 kg N,1 kg P2O5,1 kg K2O,,,,nitrogen_N_singlescore_8.json,phosphorus_P2O5_singlescore_9.json,potassium_K2O_singlescore_10.json,23.2655304591,2.9751869196,0.0,26.240717378699998
C2_2022,C2,2022,tonne,"Human toxicity, cancer",Pt,,,,14.67,8.68,0.0,4.3788000000000003e-16,2.0828e-15,1.4514e-15,1 kg N,1 kg P2O5,1 kg K2O,,,,nitrogen_N_singlescore_8.json,phosphorus_P2O5_singlescore_9.json,potassium_K2O_singlescore_10.json,6.423699600000001e-15,1.8078703999999997e-14,0.0,2.45024036e-14
C2_2022,C2,2022,tonne,"Human toxicity, cancer - inorganics",Pt,,,,14.67,8.68,0.0,0.0,0.0,0.0,1 kg N,1 kg P2O5,1 kg K2O,,,,nitrogen_N_singlescore_8.json,phosphorus_P2O5_singlescore_9.json,potassium_K2O_singlescore_10.json,0.0,0.0,0.0,0.0
C2_2022,C2,2022,tonne,"Human toxicity, cancer - metals",Pt,,,,14.67,8.68,0.0,0.0,0.0,0.0,1 kg N,1 kg P2O5,1 kg K2O,,,,nitrogen_N_singlescore_8.json,phosphorus_P2O5_singlescore_9.json,potassium_K2O_singlescore_10.json,0.0,0.0,0.0,0.0
C2_2022,C2,2022,tonne,"Human toxicity, cancer - organics",Pt,,,,14.67,8.68,0.0,0.0,0.0,0.0,1 kg N,1 kg P2O5,1 kg K2O,,,,nitrogen_N_singlescore_8.json,phosphorus_P2O5_singlescore_9.json,potassium_K2O_singlescore_10.json,0.0,0.0,0.0,0.0
C2_2022,C2,2022,tonne,"Human toxicity, non-cancer",Pt,,,,14.67,8.68,0.0,1.748e-13,5.67226e-13,8.652599999999999e-13,1 kg N,1 kg P2O5,1 kg K2O,,,,nitrogen_N_singlescore_8.json,phosphorus_P2O5_singlescore_9.json,potassium_K2O_singlescore_10.json,2.564316e-12,4.92352168e-12,0.0,7.48783768e-12
C2_2022,C2,2022,tonne,"Human toxicity, non-cancer - inorganics",Pt,,,,14.67,8.68,0.0,0.0,0.0,0.0,1 kg N,1 kg P2O5,1 kg K2O,,,,nitrogen_N_singlescore_8.json,phosphorus_P2O5_singlescore_9.json,potassium_K2O_singlescore_10.json,0.0,0.0,0.0,0.0
C2_2022,C2,2022,tonne,"Human toxicity, non-cancer - metals",Pt,,,,14.67,8.68,0.0,0.0,0.0,0.0,1 kg N,1 kg P2O5,1 kg K2O,,,,nitrogen_N_singlescore_8.json,phosphorus_P2O5_singlescore_9.json,potassium_K2O_singlescore_10.json,0.0,0.0,0.0,0.0
C2_2022,C2,2022,tonne,"Human toxicity, non-cancer - organics",Pt,,,,14.67,8.68,0.0,0.0,0.0,0.0,1 kg N,1 kg P2O5,1 kg K2O,,,,nitrogen_N_singlescore_8.json,phosphorus_P2O5_singlescore_9.json,potassium_K2O_singlescore_10.json,0.0,0.0,0.0,0.0
C2_2022,C2,2022,tonne,Ionising radiation,Pt,,,,14.67,8.68,0.0,21.066451,71.22199499999999,51.815903000000006,1 kg N,1 kg P2O5,1 kg K2O,,,,nitrogen_N_singlescore_8.json,phosphorus_P2O5_singlescore_9.json,potassium_K2O_singlescore_10.json,309.04483617,618.2069165999999,0.0,927.2517527699999
C2_2022,C2,2022,tonne,Land use,Pt,,,,14.67,8.68,0.0,254308.65899999999,3434320.02,2789874.0,1 kg N,1 kg P2O5,1 kg K2O,,,,nitrogen_N_singlescore_8.json,phosphorus_P2O5_singlescore_9.json,potassium_K2O_singlescore_10.json,3730708.0275299996,29809897.7736,0.0,33540605.80113
C2_2022,C2,2022,tonne,Ozone depletion,Pt,,,,14.67,8.68,0.0,5.2984e-10,5.1356e-10,5.8312e-10,1 kg N,1 kg P2O5,1 kg K2O,,,,nitrogen_N_singlescore_8.json,phosphorus_P2O5_singlescore_9.json,potassium_K2O_singlescore_10.json,7.7727528e-09,4.4577008e-09,0.0,1.22304536e-08
C2_2022,C2,2022,tonne,Particulate matter,Pt,,,,14.67,8.68,0.0,2.56557e-11,1.5046200000000003e-11,1.45961e-11,1 kg N,1 kg P2O5,1 kg K2O,,,,nitrogen_N_singlescore_8.json,phosphorus_P2O5_singlescore_9.json,potassium_K2O_singlescore_10.json,3.7636911900000003e-10,1.30601016e-10,0.0,5.06970135e-10
C2_2022,C2,2022,tonne,Photochemical ozone formation,Pt,,,,14.67,8.68,0.0,0.00772702,0.015733399999999998,0.015512239999999998,1 kg N,1 kg P2O5,1 kg K2O,,,,nitrogen_N_singlescore_8.json,phosphorus_P2O5_singlescore_9.json,potassium_K2O_singlescore_10.json,0.11335538340000001,0.13656591199999998,0.0,0.2499212954
C2_2022,C2,2022,tonne,"Resource use, fossils",Pt,,,,14.67,8.68,0.0,252626.08020000003,232942.92750000002,229857.6558,1 kg N,1 kg P2O5,1 kg K2O,,,,nitrogen_N_singlescore_8.json,phosphorus_P2O5_singlescore_9.json,potassium_K2O_singlescore_10.json,3706024.5965340002,2021944.6107,0.0,5727969.207234001
C2_2022,C2,2022,tonne,"Resource use, minerals and metals",Pt,,,,14.67,8.68,0.0,1.3007999999999998e-07,2.5872e-07,2.472e-07,1 kg N,1 kg P2O5,1 kg K2O,,,,nitrogen_N_singlescore_8.json,phosphorus_P2O5_singlescore_9.json,potassium_K2O_singlescore_10.json,1.9082736e-06,2.2456896e-06,0.0,4.1539632e-06
C2_2022,C2,2022,tonne,Total,Pt,,,,14.67,8.68,0.0,519378.6717280199,3764220.789358167,3484059.454128132,1 kg N,1 kg P2O5,1 kg K2O,,,,nitrogen_N_singlescore_8.json,phosphorus_P2O5_singlescore_9.json,potassium_K2O_singlescore_10.json,7619285.114250052,32673436.45162889,0.0,40292721.56587894
C2_2022,C2,2022,tonne,Water use,Pt,,,,14.67,8.68,0.0,210.37731,1554.109634,1161.545319,1 kg N,1 kg P2O5,1 kg K2O,,,,nitrogen_N_singlescore_8.json,phosphorus_P2O5_singlescore_9.json,potassium_K2O_singlescore_10.json,3086.2351377,13489.671623119999,0.0,16575.90676082
C2_2023,C2,2023,tonne,Acidification,Pt,,,,17.9,2.3,0.0,0.19821624,0.09966368,0.06340608,1 kg N,1 kg P2O5,1 kg K2O,,,,nitrogen_N_singlescore_8.json,phosphorus_P2O5_singlescore_9.json,potassium_K2O_singlescore_10.json,3.5480706959999995,0.229226464,0.0,3.7772971599999994
C2_2023,C2,2023,tonne,Climate change,Pt,,,,17.9,2.3,0.0,6645.07914,5038.05543,4986.658170000001,1 kg N,1 kg P2O5,1 kg K2O,,,,nitrogen_N_singlescore_8.json,phosphorus_P2O5_singlescore_9.json,potassium_K2O_singlescore_10.json,118946.91660599998,11587.527489,0.0,130534.44409499998
C2_2023,C2,2023,tonne,Climate change - Biogenic,Pt,,,,17.9,2.3,0.0,0.0,0.0,0.0,1 kg N,1 kg P2O5,1 kg K2O,,,,nitrogen_N_singlescore_8.json,phosphorus_P2O5_singlescore_9.json,potassium_K2O_singlescore_10.json,0.0,0.0,0.0,0.0
C2_2023,C2,2023,tonne,Climate change - Fossil,Pt,,,,17.9,2.3,0.0,0.0,0.0,0.0,1 kg N,1 kg P2O5,1 kg K2O,,,,nitrogen_N_singlescore_8.json,phosphorus_P2O5_singlescore_9.json,potassium_K2O_singlescore_10.json,0.0,0.0,0.0,0.0
C2_2023,C2,2023,tonne,Climate change - Land use and LU change,Pt,,,,17.9,2.3,0.0,0.0,0.0,0.0,1 kg N,1 kg P2O5,1 kg K2O,,,,nitrogen_N_singlescore_8.json,phosphorus_P2O5_singlescore_9.json,potassium_K2O_singlescore_10.json,0.0,0.0,0.0,0.0
C2_2023,C2,2023,tonne,"Ecotoxicity, freshwater",Pt,,,,17.9,2.3,0.0,5565.61551,90293.99429999999,458127.314,1 kg N,1 kg P2O5,1 kg K2O,,,,nitrogen_N_singlescore_8.json,phosphorus_P2O5_singlescore_9.json,potassium_K2O_singlescore_10.json,99624.51762899998,207676.18688999995,0.0,307300.7045189999
C2_2023,C2,2023,tonne,"Ecotoxicity, freshwater - inorganics",Pt,,,,17.9,2.3,0.0,0.0,0.0,0.0,1 kg N,1 kg P2O5,1 kg K2O,,,,nitrogen_N_singlescore_8.json,phosphorus_P2O5_singlescore_9.json,potassium_K2O_singlescore_10.json,0.0,0.0,0.0,0.0
C2_2023,C2,2023,tonne,"Ecotoxicity, freshwater - metals",Pt,,,,17.9,2.3,0.0,0.0,0.0,0.0,1 kg N,1 kg P2O5,1 kg K2O,,,,nitrogen_N_singlescore_8.json,phosphorus_P2O5_singlescore_9.json,potassium_K2O_singlescore_10.json,0.0,0.0,0.0,0.0
C2_2023,C2,2023,tonne,"Ecotoxicity, freshwater - organics",Pt,,,,17.9,2.3,0.0,0.0,0.0,0.0,1 kg N,1 kg P2O5,1 kg K2O,,,,nitrogen_N_singlescore_8.json,phosphorus_P2O5_singlescore_9.json,potassium_K2O_singlescore_10.json,0.0,0.0,0.0,0.0
C2_2023,C2,2023,tonne,"Eutrophication, freshwater",Pt,,,,17.9,2.3,0.0,4.5732e-06,1.96112e-05,1.2730799999999998e-05,1 kg N,1 kg P2O5,1 kg K2O,,,,nitrogen_N_singlescore_8.json,phosphorus_P2O5_singlescore_9.json,potassium_K2O_singlescore_10.json,8.186027999999998e-05,4.5105759999999995e-05,0.0,0.00012696603999999998
C2_2023,C2,2023,tonne,"Eutrophication, marine",Pt,,,,17.9,2.3,0.0,0.002243326,0.002318746,0.002428524,1 kg N,1 kg P2O5,1 kg K2O,,,,nitrogen_N_singlescore_8.json,phosphorus_P2O5_singlescore_9.json,potassium_K2O_singlescore_10.json,0.0401555354,0.0053331158,0.0,0.045488651199999994
C2_2023,C2,2023,tonne,"Eutrophication, terrestrial",Pt,,,,17.9,2.3,0.0,1.58592573,0.34276347,0.38357631,1 kg N,1 kg P2O5,1 kg K2O,,,,nitrogen_N_singlescore_8.json,phosphorus_P2O5_singlescore_9.json,potassium_K2O_singlescore_10.json,28.388070567,0.7883559809999999,0.0,29.176426548
C2_2023,C2,2023,tonne,"Human toxicity, cancer",Pt,,,,17.9,2.3,0.0,4.3788000000000003e-16,2.0828e-15,1.4514e-15,1 kg N,1 kg P2O5,1 kg K2O,,,,nitrogen_N_singlescore_8.json,phosphorus_P2O5_singlescore_9.json,potassium_K2O_singlescore_10.json,7.838052e-15,4.790439999999999e-15,0.0,1.2628491999999999e-14
C2_2023,C2,2023,tonne,"Human toxicity, cancer - inorganics",Pt,,,,17.9,2.3,0.0,0.0,0.0,0.0,1 kg N,1 kg P2O5,1 kg K2O,,,,nitrogen_N_singlescore_8.json,phosphorus_P2O5_singlescore_9.json,potassium_K2O_singlescore_10.json,0.0,0.0,0.0,0.0
C2_2023,C2,2023,tonne,"Human toxicity, cancer - metals",Pt,,,,17.9,2.3,0.0,0.0,0.0,0.0,1 kg N,1 kg P2O5,1 kg K2O,,,,nitrogen_N_singlescore_8.json,phosphorus_P2O5_singlescore_9.json,potassium_K2O_singlescore_10.json,0.0,0.0,0.0,0.0
C2_2023,C2,2023,tonne,"Human toxicity, cancer - organics",Pt,,,,17.9,2.3,0.0,0.0,0.0,0.0,1 kg N,1 kg P2O5,1 kg K2O,,,,nitrogen_N_singlescore_8.json,phosphorus_P2O5_singlescore_9.json,potassium_K2O_singlescore_10.json,0.0,0.0,0.0,0.0
C2_2023,C2,2023,tonne,"Human toxicity, non-cancer",Pt,,,,17.9,2.3,0.0,1.748e-13,5.67226e-13,8.652599999999999e-13,1 kg N,1 kg P2O5,1 kg K2O,,,,nitrogen_N_singlescore_8.json,phosphorus_P2O5_singlescore_9.json,potassium_K2O_singlescore_10.json,3.1289199999999996e-12,1.3046197999999998e-12,0.0,4.433539799999999e-12
C2_2023,C2,2023,tonne,"Human toxicity, non-cancer - inorganics",Pt,,,,17.9,2.3,0.0,0.0,0.0,0.0,1 kg N,1 kg P2O5,1 kg K2O,,,,nitrogen_N_singlescore_8.json,phosphorus_P2O5_singlescore_9.json,potassium_K2O_singlescore_10.json,0.0,0.0,0.0,0.0
C2_2023,C2,2023,tonne,"Human toxicity, non-cancer - metals",Pt,,,,17.9,2.3,0.0,0.0,0.0,0.0,1 kg N,1 kg P2O5,1 kg K2O,,,,nitrogen_N_singlescore_8.json,phosphorus_P2O5_singlescore_9.json,potassium_K2O_singlescore_10.json,0.0,0.0,0.0,0.0
C2_2023,C2,2023,tonne,"Human toxicity, non-cancer - organics",Pt,,,,17.9,2.3,0.0,0.0,0.0,0.0,1 kg N,1 kg P2O5,1 kg K2O,,,,nitrogen_N_singlescore_8.json,phosphorus_P2O5_singlescore_9.json,potassium_K2O_singlescore_10.json,0.0,0.0,0.0,0.0
C2_2023,C2,2023,tonne,Ionising radiation,Pt,,,,17.9,2.3,0.0,21.066451,71.22199499999999,51.815903000000006,1 kg N,1 kg P2O5,1 kg K2O,,,,nitrogen_N_singlescore_8.json,phosphorus_P2O5_singlescore_9.json,potassium_K2O_singlescore_10.json,377.0894729,163.81058849999997,0.0,540.9000613999999
C2_2023,C2,2023,tonne,Land use,Pt,,,,17.9,2.3,0.0,254308.65899999999,3434320.02,2789874.0,1 kg N,1 kg P2O5,1 kg K2O,,,,nitrogen_N_singlescore_8.json,phosphorus_P2O5_singlescore_9.json,potassium_K2O_singlescore_10.json,4552124.996099999,7898936.045999999,0.0,12451061.042099997
C2_2023,C2,2023,tonne,Ozone depletion,Pt,,,,17.9,2.3,0.0,5.2984e-10,5.1356e-10,5.8312e-10,1 kg N,1 kg P2O5,1 kg K2O,,,,nitrogen_N_singlescore_8.json,phosphorus_P2O5_singlescore_9.json,potassium_K2O_singlescore_10.json,9.484136e-09,1.181188e-09,0.0,1.0665323999999999e-08
C2_2023,C2,2023,tonne,Particulate matter,Pt,,,,17.9,2.3,0.0,2.56557e-11,1.5046200000000003e-11,1.45961e-11,1 kg N,1 kg P2O5,1 kg K2O,,,,nitrogen_N_singlescore_8.json,phosphorus_P2O5_singlescore_9.json,potassium_K2O_singlescore_10.json,4.5923702999999996e-10,3.4606260000000003e-11,0.0,4.9384329e-10
C2_2023,C2,2023,tonne,Photochemical ozone formation,Pt,,,,17.9,2.3,0.0,0.00772702,0.015733399999999998,0.015512239999999998,1 kg N,1 kg P2O5,1 kg K2O,,,,nitrogen_N_singlescore_8.json,phosphorus_P2O5_singlescore_9.json,potassium_K2O_singlescore_10.json,0.138313658,0.036186819999999995,0.0,0.17450047800000001
C2_2023,C2,2023,tonne,"Resource use, fossils",Pt,,,,17.9,2.3,0.0,252626.08020000003,232942.92750000002,229857.6558,1 kg N,1 kg P2O5,1 kg K2O,,,,nitrogen_N_singlescore_8.json,phosphorus_P2O5_singlescore_9.json,potassium_K2O_singlescore_10.json,4522006.83558,535768.73325,0.0,5057775.56883
C2_2023,C2,2023,tonne,"Resource use, minerals and metals",Pt,,,,17.9,2.3,0.0,1.3007999999999998e-07,2.5872e-07,2.472e-07,1 kg N,1 kg P2O5,1 kg K2O,,,,nitrogen_N_singlescore_8.json,phosphorus_P2O5_singlescore_9.json,potassium_K2O_singlescore_10.json,2.3284319999999996e-06,5.950559999999999e-07,0.0,2.9234879999999997e-06
C2_2023,C2,2023,tonne,Total,Pt,,,,17.9,2.3,0.0,519378.6717280199,3764220.789358167,3484059.454128132,1 kg N,1 kg P2O5,1 kg K2O,,,,nitrogen_N_singlescore_8.json,phosphorus_P2O5_singlescore_9.json,potassium_K2O_singlescore_10.json,9296878.223931555,8657707.815523783,0.0,17954586.03945534
C2_2023,C2,2023,tonne,Water use,Pt,,,,17.9,2.3,0.0,210.37731,1554.109634,1161.545319,1 kg N,1 kg P2O5,1 kg K2O,,,,nitrogen_N_singlescore_8.json,phosphorus_P2O5_singlescore_9.json,potassium_K2O_singlescore_10.json,3765.7538489999997,3574.4521581999993,0.0,7340.206007199999
C2_2024,C2,2024,tonne,Acidification,Pt,,,,32.53,12.18,0.0,0.19821624,0.09966368,0.06340608,1 kg N,1 kg P2O5,1 kg K2O,,,,nitrogen_N_singlescore_8.json,phosphorus_P2O5_singlescore_9.json,potassium_K2O_singlescore_10.json,6.4479742872,1.2139036224,0.0,7.6618779096
C2_2024,C2,2024,tonne,Climate change,Pt,,,,32.53,12.18,0.0,6645.07914,5038.05543,4986.658170000001,1 kg N,1 kg P2O5,1 kg K2O,,,,nitrogen_N_singlescore_8.json,phosphorus_P2O5_singlescore_9.json,potassium_K2O_singlescore_10.json,216164.4244242,61363.515137400005,0.0,277527.9395616
C2_2024,C2,2024,tonne,Climate change - Biogenic,Pt,,,,32.53,12.18,0.0,0.0,0.0,0.0,1 kg N,1 kg P2O5,1 kg K2O,,,,nitrogen_N_singlescore_8.json,phosphorus_P2O5_singlescore_9.json,potassium_K2O_singlescore_10.json,0.0,0.0,0.0,0.0
C2_2024,C2,2024,tonne,Climate change - Fossil,Pt,,,,32.53,12.18,0.0,0.0,0.0,0.0,1 kg N,1 kg P2O5,1 kg K2O,,,,nitrogen_N_singlescore_8.json,phosphorus_P2O5_singlescore_9.json,potassium_K2O_singlescore_10.json,0.0,0.0,0.0,0.0
C2_2024,C2,2024,tonne,Climate change - Land use and LU change,Pt,,,,32.53,12.18,0.0,0.0,0.0,0.0,1 kg N,1 kg P2O5,1 kg K2O,,,,nitrogen_N_singlescore_8.json,phosphorus_P2O5_singlescore_9.json,potassium_K2O_singlescore_10.json,0.0,0.0,0.0,0.0
C2_2024,C2,2024,tonne,"Ecotoxicity, freshwater",Pt,,,,32.53,12.18,0.0,5565.61551,90293.99429999999,458127.314,1 kg N,1 kg P2O5,1 kg K2O,,,,nitrogen_N_singlescore_8.json,phosphorus_P2O5_singlescore_9.json,potassium_K2O_singlescore_10.json,181049.4725403,1099780.8505739998,0.0,1280830.3231142997
C2_2024,C2,2024,tonne,"Ecotoxicity, freshwater - inorganics",Pt,,,,32.53,12.18,0.0,0.0,0.0,0.0,1 kg N,1 kg P2O5,1 kg K2O,,,,nitrogen_N_singlescore_8.json,phosphorus_P2O5_singlescore_9.json,potassium_K2O_singlescore_10.json,0.0,0.0,0.0,0.0
C2_2024,C2,2024,tonne,"Ecotoxicity, freshwater - metals",Pt,,,,32.53,12.18,0.0,0.0,0.0,0.0,1 kg N,1 kg P2O5,1 kg K2O,,,,nitrogen_N_singlescore_8.json,phosphorus_P2O5_singlescore_9.json,potassium_K2O_singlescore_10.json,0.0,0.0,0.0,0.0
C2_2024,C2,2024,tonne,"Ecotoxicity, freshwater - organics",Pt,,,,32.53,12.18,0.0,0.0,0.0,0.0,1 kg N,1 kg P2O5,1 kg K2O,,,,nitrogen_N_singlescore_8.json,phosphorus_P2O5_singlescore_9.json,potassium_K2O_singlescore_10.json,0.0,0.0,0.0,0.0
C2_2024,C2,2024,tonne,"Eutrophication, freshwater",Pt,,,,32.53,12.18,0.0,4.5732e-06,1.96112e-05,1.2730799999999998e-05,1 kg N,1 kg P2O5,1 kg K2O,,,,nitrogen_N_singlescore_8.json,phosphorus_P2O5_singlescore_9.json,potassium_K2O_singlescore_10.json,0.000148766196,0.000238864416,0.0,0.00038763061199999997
C2_2024,C2,2024,tonne,"Eutrophication, marine",Pt,,,,32.53,12.18,0.0,0.002243326,0.002318746,0.002428524,1 kg N,1 kg P2O5,1 kg K2O,,,,nitrogen_N_singlescore_8.json,phosphorus_P2O5_singlescore_9.json,potassium_K2O_singlescore_10.json,0.07297539478,0.02824232628,0.0,0.10121772105999999
C2_2024,C2,2024,tonne,"Eutrophication, terrestrial",Pt,,,,32.53,12.18,0.0,1.58592573,0.34276347,0.38357631,1 kg N,1 kg P2O5,1 kg K2O,,,,nitrogen_N_singlescore_8.json,phosphorus_P2O5_singlescore_9.json,potassium_K2O_singlescore_10.json,51.5901639969,4.1748590646,0.0,55.7650230615
C2_2024,C2,2024,tonne,"Human toxicity, cancer",Pt,,,,32.53,12.18,0.0,4.3788000000000003e-16,2.0828e-15,1.4514e-15,1 kg N,1 kg P2O5,1 kg K2O,,,,nitrogen_N_singlescore_8.json,phosphorus_P2O5_singlescore_9.json,potassium_K2O_singlescore_10.json,1.4244236400000002e-14,2.5368503999999998e-14,0.0,3.96127404e-14
C2_2024,C2,2024,tonne,"Human toxicity, cancer - inorganics",Pt,,,,32.53,12.18,0.0,0.0,0.0,0.0,1 kg N,1 kg P2O5,1 kg K2O,,,,nitrogen_N_singlescore_8.json,phosphorus_P2O5_singlescore_9.json,potassium_K2O_singlescore_10.json,0.0,0.0,0.0,0.0
C2_2024,C2,2024,tonne,"Human toxicity, cancer - metals",Pt,,,,32.53,12.18,0.0,0.0,0.0,0.0,1 kg N,1 kg P2O5,1 kg K2O,,,,nitrogen_N_singlescore_8.json,phosphorus_P2O5_singlescore_9.json,potassium_K2O_singlescore_10.json,0.0,0.0,0.0,0.0
C2_2024,C2,2024,tonne,"Human toxicity, cancer - organics",Pt,,,,32.53,12.18,0.0,0.0,0.0,0.0,1 kg N,1 kg P2O5,1 kg K2O,,,,nitrogen_N_singlescore_8.json,phosphorus_P2O5_singlescore_9.json,potassium_K2O_singlescore_10.json,0.0,0.0,0.0,0.0
C2_2024,C2,2024,tonne,"Human toxicity, non-cancer",Pt,,,,32.53,12.18,0.0,1.748e-13,5.67226e-13,8.652599999999999e-13,1 kg N,1 kg P2O5,1 kg K2O,,,,nitrogen_N_singlescore_8.json,phosphorus_P2O5_singlescore_9.json,potassium_K2O_singlescore_10.json,5.686244e-12,6.90881268e-12,0.0,1.259505668e-11
C2_2024,C2,2024,tonne,"Human toxicity, non-cancer - inorganics",Pt,,,,32.53,12.18,0.0,0.0,0.0,0.0,1 kg N,1 kg P2O5,1 kg K2O,,,,nitrogen_N_singlescore_8.json,phosphorus_P2O5_singlescore_9.json,potassium_K2O_singlescore_10.json,0.0,0.0,0.0,0.0
C2_2024,C2,2024,tonne,"Human toxicity, non-cancer - metals",Pt,,,,32.53,12.18,0.0,0.0,0.0,0.0,1 kg N,1 kg P2O5,1 kg K2O,,,,nitrogen_N_singlescore_8.json,phosphorus_P2O5_singlescore_9.json,potassium_K2O_singlescore_10.json,0.0,0.0,0.0,0.0
C2_2024,C2,2024,tonne,"Human toxicity, non-cancer - organics",Pt,,,,32.53,12.18,0.0,0.0,0.0,0.0,1 kg N,1 kg P2O5,1 kg K2O,,,,nitrogen_N_singlescore_8.json,phosphorus_P2O5_singlescore_9.json,potassium_K2O_singlescore_10.json,0.0,0.0,0.0,0.0
C2_2024,C2,2024,tonne,Ionising radiation,Pt,,,,32.53,12.18,0.0,21.066451,71.22199499999999,51.815903000000006,1 kg N,1 kg P2O5,1 kg K2O,,,,nitrogen_N_singlescore_8.json,phosphorus_P2O5_singlescore_9.json,potassium_K2O_singlescore_10.json,685.29165103,867.4838990999999,0.0,1552.7755501299998
C2_2024,C2,2024,tonne,Land use,Pt,,,,32.53,12.18,0.0,254308.65899999999,3434320.02,2789874.0,1 kg N,1 kg P2O5,1 kg K2O,,,,nitrogen_N_singlescore_8.json,phosphorus_P2O5_singlescore_9.json,potassium_K2O_singlescore_10.json,8272660.67727,41830017.8436,0.0,50102678.52087
C2_2024,C2,2024,tonne,Ozone depletion,Pt,,,,32.53,12.18,0.0,5.2984e-10,5.1356e-10,5.8312e-10,1 kg N,1 kg P2O5,1 kg K2O,,,,nitrogen_N_singlescore_8.json,phosphorus_P2O5_singlescore_9.json,potassium_K2O_singlescore_10.json,1.7235695200000002e-08,6.2551608e-09,0.0,2.3490856000000002e-08
C2_2024,C2,2024,tonne,Particulate matter,Pt,,,,32.53,12.18,0.0,2.56557e-11,1.5046200000000003e-11,1.45961e-11,1 kg N,1 kg P2O5,1 kg K2O,,,,nitrogen_N_singlescore_8.json,phosphorus_P2O5_singlescore_9.json,potassium_K2O_singlescore_10.json,8.34579921e-10,1.8326271600000004e-10,0.0,1.017842637e-09
C2_2024,C2,2024,tonne,Photochemical ozone formation,Pt,,,,32.53,12.18,0.0,0.00772702,0.015733399999999998,0.015512239999999998,1 kg N,1 kg P2O5,1 kg K2O,,,,nitrogen_N_singlescore_8.json,phosphorus_P2O5_singlescore_9.json,potassium_K2O_singlescore_10.json,0.25135996060000004,0.19163281199999999,0.0,0.44299277260000003
C2_2024,C2,2024,tonne,"Resource use, fossils",Pt,,,,32.53,12.18,0.0,252626.08020000003,232942.92750000002,229857.6558,1 kg N,1 kg P2O5,1 kg K2O,,,,nitrogen_N_singlescore_8.json,phosphorus_P2O5_singlescore_9.json,potassium_K2O_singlescore_10.json,8217926.388906001,2837244.8569500004,0.0,11055171.245856002
C2_2024,C2,2024,tonne,"Resource use, minerals and metals",Pt,,,,32.53,12.18,0.0,1.3007999999999998e-07,2.5872e-07,2.472e-07,1 kg N,1 kg P2O5,1 kg K2O,,,,nitrogen_N_singlescore_8.json,phosphorus_P2O5_singlescore_9.json,potassium_K2O_singlescore_10.json,4.2315023999999994e-06,3.1512095999999997e-06,0.0,7.382711999999999e-06
C2_2024,C2,2024,tonne,Total,Pt,,,,32.53,12.18,0.0,519378.6717280199,3764220.789358167,3484059.454128132,1 kg N,1 kg P2O5,1 kg K2O,,,,nitrogen_N_singlescore_8.json,phosphorus_P2O5_singlescore_9.json,potassium_K2O_singlescore_10.json,16895388.19131249,45848209.21438247,0.0,62743597.40569496
C2_2024,C2,2024,tonne,Water use,Pt,,,,32.53,12.18,0.0,210.37731,1554.109634,1161.545319,1 kg N,1 kg P2O5,1 kg K2O,,,,nitrogen_N_singlescore_8.json,phosphorus_P2O5_singlescore_9.json,potassium_K2O_singlescore_10.json,6843.5738943,18929.05534212,0.0,25772.629236419998
C3_2022,C3,2022,tonne,Acidification,Pt,,,,19.96,4.19,0.0,0.19821624,0.09966368,0.06340608,1 kg N,1 kg P2O5,1 kg K2O,,,,nitrogen_N_singlescore_8.json,phosphorus_P2O5_singlescore_9.json,potassium_K2O_singlescore_10.json,3.9563961504,0.4175908192000001,0.0,4.3739869696
C3_2022,C3,2022,tonne,Climate change,Pt,,,,19.96,4.19,0.0,6645.07914,5038.05543,4986.658170000001,1 kg N,1 kg P2O5,1 kg K2O,,,,nitrogen_N_singlescore_8.json,phosphorus_P2O5_singlescore_9.json,potassium_K2O_singlescore_10.json,132635.7796344,21109.452251700004,0.0,153745.23188610002
C3_2022,C3,2022,tonne,Climate change - Biogenic,Pt,,,,19.96,4.19,0.0,0.0,0.0,0.0,1 kg N,1 kg P2O5,1 kg K2O,,,,nitrogen_N_singlescore_8.json,phosphorus_P2O5_singlescore_9.json,potassium_K2O_singlescore_10.json,0.0,0.0,0.0,0.0
C3_2022,C3,2022,tonne,Climate change - Fossil,Pt,,,,19.96,4.19,0.0,0.0,0.0,0.0,1 kg N,1 kg P2O5,1 kg K2O,,,,nitrogen_N_singlescore_8.json,phosphorus_P2O5_singlescore_9.json,potassium_K2O_singlescore_10.json,0.0,0.0,0.0,0.0
C3_2022,C3,2022,tonne,Climate change - Land use and LU change,Pt,,,,19.96,4.19,0.0,0.0,0.0,0.0,1 kg N,1 kg P2O5,1 kg K2O,,,,nitrogen_N_singlescore_8.json,phosphorus_P2O5_singlescore_9.json,potassium_K2O_singlescore_10.json,0.0,0.0,0.0,0.0
C3_2022,C3,2022,tonne,"Ecotoxicity, freshwater",Pt,,,,19.96,4.19,0.0,5565.61551,90293.99429999999,458127.314,1 kg N,1 kg P2O5,1 kg K2O,,,,nitrogen_N_singlescore_8.json,phosphorus_P2O5_singlescore_9.json,potassium_K2O_singlescore_10.json,111089.6855796,378331.83611699997,0.0,489421.52169659996
C3_2022,C3,2022,tonne,"Ecotoxicity, freshwater - inorganics",Pt,,,,19.96,4.19,0.0,0.0,0.0,0.0,1 kg N,1 kg P2O5,1 kg K2O,,,,nitrogen_N_singlescore_8.json,phosphorus_P2O5_singlescore_9.json,potassium_K2O_singlescore_10.json,0.0,0.0,0.0,0.0
C3_2022,C3,2022,tonne,"Ecotoxicity, freshwater - metals",Pt,,,,19.96,4.19,0.0,0.0,0.0,0.0,1 kg N,1 kg P2O5,1 kg K2O,,,,nitrogen_N_singlescore_8.json,phosphorus_P2O5_singlescore_9.json,potassium_K2O_singlescore_10.json,0.0,0.0,0.0,0.0
C3_2022,C3,2022,tonne,"Ecotoxicity, freshwater - organics",Pt,,,,19.96,4.19,0.0,0.0,0.0,0.0,1 kg N,1 kg P2O5,1 kg K2O,,,,nitrogen_N_singlescore_8.json,phosphorus_P2O5_singlescore_9.json,potassium_K2O_singlescore_10.json,0.0,0.0,0.0,0.0
C3_2022,C3,2022,tonne,"Eutrophication, freshwater",Pt,,,,19.96,4.19,0.0,4.5732e-06,1.96112e-05,1.2730799999999998e-05,1 kg N,1 kg P2O5,1 kg K2O,,,,nitrogen_N_singlescore_8.json,phosphorus_P2O5_singlescore_9.json,potassium_K2O_singlescore_10.json,9.128107199999999e-05,8.2170928e-05,0.0,0.000173452
C3_2022,C3,2022,tonne,"Eutrophication, marine",Pt,,,,19.96,4.19,0.0,0.002243326,0.002318746,0.002428524,1 kg N,1 kg P2O5,1 kg K2O,,,,nitrogen_N_singlescore_8.json,phosphorus_P2O5_singlescore_9.json,potassium_K2O_singlescore_10.json,0.04477678696,0.009715545740000001,0.0,0.05449233270000001
C3_2022,C3,2022,tonne,"Eutrophication, terrestrial",Pt,,,,19.96,4.19,0.0,1.58592573,0.34276347,0.38357631,1 kg N,1 kg P2O5,1 kg K2O,,,,nitrogen_N_singlescore_8.json,phosphorus_P2O5_singlescore_9.json,potassium_K2O_singlescore_10.json,31.655077570800003,1.4361789393000002,0.0,33.0912565101
C3_2022,C3,2022,tonne,"Human toxicity, cancer",Pt,,,,19.96,4.19,0.0,4.3788000000000003e-16,2.0828e-15,1.4514e-15,1 kg N,1 kg P2O5,1 kg K2O,,,,nitrogen_N_singlescore_8.json,phosphorus_P2O5_singlescore_9.json,potassium_K2O_singlescore_10.json,8.740084800000001e-15,8.726932e-15,0.0,1.74670168e-14
C3_2022,C3,2022,tonne,"Human toxicity, cancer - inorganics",Pt,,,,19.96,4.19,0.0,0.0,0.0,0.0,1 kg N,1 kg P2O5,1 kg K2O,,,,nitrogen_N_singlescore_8.json,phosphorus_P2O5_singlescore_9.json,potassium_K2O_singlescore_10.json,0.0,0.0,0.0,0.0
C3_2022,C3,2022,tonne,"Human toxicity, cancer - metals",Pt,,,,19.96,4.19,0.0,0.0,0.0,0.0,1 kg N,1 kg P2O5,1 kg K2O,,,,nitrogen_N_singlescore_8.json,phosphorus_P2O5_singlescore_9.json,potassium_K2O_singlescore_10.json,0.0,0.0,0.0,0.0
C3_2022,C3,2022,tonne,"Human toxicity, cancer - organics",Pt,,,,19.96,4.19,0.0,0.0,0.0,0.0,1 kg N,1 kg P2O5,1 kg K2O,,,,nitrogen_N_singlescore_8.json,phosphorus_P2O5_singlescore_9.json,potassium_K2O_singlescore_10.json,0.0,0.0,0.0,0.0
C3_2022,C3,2022,tonne,"Human toxicity, non-cancer",Pt,,,,19.96,4.19,0.0,1.748e-13,5.67226e-13,8.652599999999999e-13,1 kg N,1 kg P2O5,1 kg K2O,,,,nitrogen_N_singlescore_8.json,phosphorus_P2O5_singlescore_9.json,potassium_K2O_singlescore_10.json,3.489008e-12,2.37667694e-12,0.0,5.8656849400000005e-12
C3_2022,C3,2022,tonne,"Human toxicity, non-cancer - inorganics",Pt,,,,19.96,4.19,0.0,0.0,0.0,0.0,1 kg N,1 kg P2O5,1 kg K2O,,,,nitrogen_N_singlescore_8.json,phosphorus_P2O5_singlescore_9.json,potassium_K2O_singlescore_10.json,0.0,0.0,0.0,0.0
C3_2022,C3,2022,tonne,"Human toxicity, non-cancer - metals",Pt,,,,19.96,4.19,0.0,0.0,0.0,0.0,1 kg N,1 kg P2O5,1 kg K2O,,,,nitrogen_N_singlescore_8.json,phosphorus_P2O5_singlescore_9.json,potassium_K2O_singlescore_10.json,0.0,0.0,0.0,0.0
C3_2022,C3,2022,tonne,"Human toxicity, non-cancer - organics",Pt,,,,19.96,4.19,0.0,0.0,0.0,0.0,1 kg N,1 kg P2O5,1 kg K2O,,,,nitrogen_N_singlescore_8.json,phosphorus_P2O5_singlescore_9.json,potassium_K2O_singlescore_10.json,0.0,0.0,0.0,0.0
C3_2022,C3,2022,tonne,Ionising radiation,Pt,,,,19.96,4.19,0.0,21.066451,71.22199499999999,51.815903000000006,1 kg N,1 kg P2O5,1 kg K2O,,,,nitrogen_N_singlescore_8.json,phosphorus_P2O5_singlescore_9.json,potassium_K2O_singlescore_10.json,420.48636196,298.42015905,0.0,718.90652101
C3_2022,C3,2022,tonne,Land use,Pt,,,,19.96,4.19,0.0,254308.65899999999,3434320.02,2789874.0,1 kg N,1 kg P2O5,1 kg K2O,,,,nitrogen_N_singlescore_8.json,phosphorus_P2O5_singlescore_9.json,potassium_K2O_singlescore_10.json,5076000.83364,14389800.883800002,0.0,19465801.71744
C3_2022,C3,2022,tonne,Ozone depletion,Pt,,,,19.96,4.19,0.0,5.2984e-10,5.1356e-10,5.8312e-10,1 kg N,1 kg P2O5,1 kg K2O,,,,nitrogen_N_singlescore_8.json,phosphorus_P2O5_singlescore_9.json,potassium_K2O_singlescore_10.json,1.05756064e-08,2.1518164000000002e-09,0.0,1.2727422800000001e-08
C3_2022,C3,2022,tonne,Particulate matter,Pt,,,,19.96,4.19,0.0,2.56557e-11,1.5046200000000003e-11,1.45961e-11,1 kg N,1 kg P2O5,1 kg K2O,,,,nitrogen_N_singlescore_8.json,phosphorus_P2O5_singlescore_9.json,potassium_K2O_singlescore_10.json,5.12087772e-10,6.304357800000002e-11,0.0,5.751313500000001e-10
C3_2022,C3,2022,tonne,Photochemical ozone formation,Pt,,,,19.96,4.19,0.0,0.00772702,0.015733399999999998,0.015512239999999998,1 kg N,1 kg P2O5,1 kg K2O,,,,nitrogen_N_singlescore_8.json,phosphorus_P2O5_singlescore_9.json,potassium_K2O_singlescore_10.json,0.15423131920000002,0.065922946,0.0,0.22015426520000003
C3_2022,C3,2022,tonne,"Resource use, fossils",Pt,,,,19.96,4.19,0.0,252626.08020000003,232942.92750000002,229857.6558,1 kg N,1 kg P2O5,1 kg K2O,,,,nitrogen_N_singlescore_8.json,phosphorus_P2O5_singlescore_9.json,potassium_K2O_singlescore_10.json,5042416.560792001,976030.8662250001,0.0,6018447.427017001
C3_2022,C3,2022,tonne,"Resource use, minerals and metals",Pt,,,,19.96,4.19,0.0,1.3007999999999998e-07,2.5872e-07,2.472e-07,1 kg N,1 kg P2O5,1 kg K2O,,,,nitrogen_N_singlescore_8.json,phosphorus_P2O5_singlescore_9.json,potassium_K2O_singlescore_10.json,2.5963967999999997e-06,1.0840368e-06,0.0,3.6804335999999994e-06
C3_2022,C3,2022,tonne,Total,Pt,,,,19.96,4.19,0.0,519378.6717280199,3764220.789358167,3484059.454128132,1 kg N,1 kg P2O5,1 kg K2O,,,,nitrogen_N_singlescore_8.json,phosphorus_P2O5_singlescore_9.json,potassium_K2O_singlescore_10.json,10366798.287691278,15772085.107410721,0.0,26138883.395102
C3_2022,C3,2022,tonne,Water use,Pt,,,,19.96,4.19,0.0,210.37731,1554.109634,1161.545319,1 kg N,1 kg P2O5,1 kg K2O,,,,nitrogen_N_singlescore_8.json,phosphorus_P2O5_singlescore_9.json,potassium_K2O_singlescore_10.json,4199.1311076,6511.71936646,0.0,10710.85047406
C3_2023,C3,2023,tonne,Acidification,Pt,,,,26.91,12.63,0.0,0.19821624,0.09966368,0.06340608,1 kg N,1 kg P2O5,1 kg K2O,,,,nitrogen_N_singlescore_8.json,phosphorus_P2O5_singlescore_9.json,potassium_K2O_singlescore_10.json,5.3339990184,1.2587522784,0.0,6.5927512968
C3_2023,C3,2023,tonne,Climate change,Pt,,,,26.91,12.63,0.0,6645.07914,5038.05543,4986.658170000001,1 kg N,1 kg P2O5,1 kg K2O,,,,nitrogen_N_singlescore_8.json,phosphorus_P2O5_singlescore_9.json,potassium_K2O_singlescore_10.json,178819.0796574,63630.64008090001,0.0,242449.71973830002
C3_2023,C3,2023,tonne,Climate change - Biogenic,Pt,,,,26.91,12.63,0.0,0.0,0.0,0.0,1 kg N,1 kg P2O5,1 kg K2O,,,,nitrogen_N_singlescore_8.json,phosphorus_P2O5_singlescore_9.json,potassium_K2O_singlescore_10.json,0.0,0.0,0.0,0.0
C3_2023,C3,2023,tonne,Climate change - Fossil,Pt,,,,26.91,12.63,0.0,0.0,0.0,0.0,1 kg N,1 kg P2O5,1 kg K2O,,,,nitrogen_N_singlescore_8.json,phosphorus_P2O5_singlescore_9.json,potassium_K2O_singlescore_10.json,0.0,0.0,0.0,0.0
C3_2023,C3,2023,tonne,Climate change - Land use and LU change,Pt,,,,26.91,12.63,0.0,0.0,0.0,0.0,1 kg N,1 kg P2O5,1 kg K2O,,,,nitrogen_N_singlescore_8.json,phosphorus_P2O5_singlescore_9.json,potassium_K2O_singlescore_10.json,0.0,0.0,0.0,0.0
C3_2023,C3,2023,tonne,"Ecotoxicity, freshwater",Pt,,,,26.91,12.63,0.0,5565.61551,90293.99429999999,458127.314,1 kg N,1 kg P2O5,1 kg K2O,,,,nitrogen_N_singlescore_8.json,phosphorus_P2O5_singlescore_9.json,potassium_K2O_singlescore_10.json,149770.71337409999,1140413.1480089999,0.0,1290183.8613830998
C3_2023,C3,2023,tonne,"Ecotoxicity, freshwater - inorganics",Pt,,,,26.91,12.63,0.0,0.0,0.0,0.0,1 kg N,1 kg P2O5,1 kg K2O,,,,nitrogen_N_singlescore_8.json,phosphorus_P2O5_singlescore_9.json,potassium_K2O_singlescore_10.json,0.0,0.0,0.0,0.0
C3_2023,C3,2023,tonne,"Ecotoxicity, freshwater - metals",Pt,,,,26.91,12.63,0.0,0.0,0.0,0.0,1 kg N,1 kg P2O5,1 kg K2O,,,,nitrogen_N_singlescore_8.json,phosphorus_P2O5_singlescore_9.json,potassium_K2O_singlescore_10.json,0.0,0.0,0.0,0.0
C3_2023,C3,2023,tonne,"Ecotoxicity, freshwater - organics",Pt,,,,26.91,12.63,0.0,0.0,0.0,0.0,1 kg N,1 kg P2O5,1 kg K2O,,,,nitrogen_N_singlescore_8.json,phosphorus_P2O5_singlescore_9.json,potassium_K2O_singlescore_10.json,0.0,0.0,0.0,0.0
C3_2023,C3,2023,tonne,"Eutrophication, freshwater",Pt,,,,26.91,12.63,0.0,4.5732e-06,1.96112e-05,1.2730799999999998e-05,1 kg N,1 kg P2O5,1 kg K2O,,,,nitrogen_N_singlescore_8.json,phosphorus_P2O5_singlescore_9.json,potassium_K2O_singlescore_10.json,0.000123064812,0.000247689456,0.0,0.000370754268
C3_2023,C3,2023,tonne,"Eutrophication, marine",Pt,,,,26.91,12.63,0.0,0.002243326,0.002318746,0.002428524,1 kg N,1 kg P2O5,1 kg K2O,,,,nitrogen_N_singlescore_8.json,phosphorus_P2O5_singlescore_9.json,potassium_K2O_singlescore_10.json,0.06036790266,0.02928576198,0.0,0.08965366464
C3_2023,C3,2023,tonne,"Eutrophication, terrestrial",Pt,,,,26.91,12.63,0.0,1.58592573,0.34276347,0.38357631,1 kg N,1 kg P2O5,1 kg K2O,,,,nitrogen_N_singlescore_8.json,phosphorus_P2O5_singlescore_9.json,potassium_K2O_singlescore_10.json,42.677261394300004,4.3291026261,0.0,47.00636402040001
C3_2023,C3,2023,tonne,"Human toxicity, cancer",Pt,,,,26.91,12.63,0.0,4.3788000000000003e-16,2.0828e-15,1.4514e-15,1 kg N,1 kg P2O5,1 kg K2O,,,,nitrogen_N_singlescore_8.json,phosphorus_P2O5_singlescore_9.json,potassium_K2O_singlescore_10.json,1.17833508e-14,2.6305764e-14,0.0,3.80891148e-14
C3_2023,C3,2023,tonne,"Human toxicity, cancer - inorganics",Pt,,,,26.91,12.63,0.0,0.0,0.0,0.0,1 kg N,1 kg P2O5,1 kg K2O,,,,nitrogen_N_singlescore_8.json,phosphorus_P2O5_singlescore_9.json,potassium_K2O_singlescore_10.json,0.0,0.0,0.0,0.0
C3_2023,C3,2023,tonne,"Human toxicity, cancer - metals",Pt,,,,26.91,12.63,0.0,0.0,0.0,0.0,1 kg N,1 kg P2O5,1 kg K2O,,,,nitrogen_N_singlescore_8.json,phosphorus_P2O5_singlescore_9.json,potassium_K2O_singlescore_10.json,0.0,0.0,0.0,0.0
C3_2023,C3,2023,tonne,"Human toxicity, cancer - organics",Pt,,,,26.91,12.63,0.0,0.0,0.0,0.0,1 kg N,1 kg P2O5,1 kg K2O,,,,nitrogen_N_singlescore_8.json,phosphorus_P2O5_singlescore_9.json,potassium_K2O_singlescore_10.json,0.0,0.0,0.0,0.0
C3_2023,C3,2023,tonne,"Human toxicity, non-cancer",Pt,,,,26.91,12.63,0.0,1.748e-13,5.67226e-13,8.652599999999999e-13,1 kg N,1 kg P2O5,1 kg K2O,,,,nitrogen_N_singlescore_8.json,phosphorus_P2O5_singlescore_9.json,potassium_K2O_singlescore_10.json,4.703868e-12,7.1640643800000004e-12,0.0,1.186793238e-11
C3_2023,C3,2023,tonne,"Human toxicity, non-cancer - inorganics",Pt,,,,26.91,12.63,0.0,0.0,0.0,0.0,1 kg N,1 kg P2O5,1 kg K2O,,,,nitrogen_N_singlescore_8.json,phosphorus_P2O5_singlescore_9.json,potassium_K2O_singlescore_10.json,0.0,0.0,0.0,0.0
C3_2023,C3,2023,tonne,"Human toxicity, non-cancer - metals",Pt,,,,26.91,12.63,0.0,0.0,0.0,0.0,1 kg N,1 kg P2O5,1 kg K2O,,,,nitrogen_N_singlescore_8.json,phosphorus_P2O5_singlescore_9.json,potassium_K2O_singlescore_10.json,0.0,0.0,0.0,0.0
C3_2023,C3,2023,tonne,"Human toxicity, non-cancer - organics",Pt,,,,26.91,12.63,0.0,0.0,0.0,0.0,1 kg N,1 kg P2O5,1 kg K2O,,,,nitrogen_N_singlescore_8.json,phosphorus_P2O5_singlescore_9.json,potassium_K2O_singlescore_10.json,0.0,0.0,0.0,0.0
C3_2023,C3,2023,tonne,Ionising radiation,Pt,,,,26.91,12.63,0.0,21.066451,71.22199499999999,51.815903000000006,1 kg N,1 kg P2O5,1 kg K2O,,,,nitrogen_N_singlescore_8.json,phosphorus_P2O5_singlescore_9.json,potassium_K2O_singlescore_10.json,566.89819641,899.5337968499999,0.0,1466.43199326
C3_2023,C3,2023,tonne,Land use,Pt,,,,26.91,12.63,0.0,254308.65899999999,3434320.02,2789874.0,1 kg N,1 kg P2O5,1 kg K2O,,,,nitrogen_N_singlescore_8.json,phosphorus_P2O5_singlescore_9.json,potassium_K2O_singlescore_10.json,6843446.0136899995,43375461.8526,0.0,50218907.86629
C3_2023,C3,2023,tonne,Ozone depletion,Pt,,,,26.91,12.63,0.0,5.2984e-10,5.1356e-10,5.8312e-10,1 kg N,1 kg P2O5,1 kg K2O,,,,nitrogen_N_singlescore_8.json,phosphorus_P2O5_singlescore_9.json,potassium_K2O_singlescore_10.json,1.4257994400000001e-08,6.486262800000001e-09,0.0,2.0744257200000003e-08
C3_2023,C3,2023,tonne,Particulate matter,Pt,,,,26.91,12.63,0.0,2.56557e-11,1.5046200000000003e-11,1.45961e-11,1 kg N,1 kg P2O5,1 kg K2O,,,,nitrogen_N_singlescore_8.json,phosphorus_P2O5_singlescore_9.json,potassium_K2O_singlescore_10.json,6.903948870000001e-10,1.9003350600000004e-10,0.0,8.804283930000001e-10
C3_2023,C3,2023,tonne,Photochemical ozone formation,Pt,,,,26.91,12.63,0.0,0.00772702,0.015733399999999998,0.015512239999999998,1 kg N,1 kg P2O5,1 kg K2O,,,,nitrogen_N_singlescore_8.json,phosphorus_P2O5_singlescore_9.json,potassium_K2O_singlescore_10.json,0.2079341082,0.198712842,0.0,0.40664695019999997
C3_2023,C3,2023,tonne,"Resource use, fossils",Pt,,,,26.91,12.63,0.0,252626.08020000003,232942.92750000002,229857.6558,1 kg N,1 kg P2O5,1 kg K2O,,,,nitrogen_N_singlescore_8.json,phosphorus_P2O5_singlescore_9.json,potassium_K2O_singlescore_10.json,6798167.818182001,2942069.1743250005,0.0,9740236.992507001
C3_2023,C3,2023,tonne,"Resource use, minerals and metals",Pt,,,,26.91,12.63,0.0,1.3007999999999998e-07,2.5872e-07,2.472e-07,1 kg N,1 kg P2O5,1 kg K2O,,,,nitrogen_N_singlescore_8.json,phosphorus_P2O5_singlescore_9.json,potassium_K2O_singlescore_10.json,3.5004527999999997e-06,3.2676335999999998e-06,0.0,6.768086399999999e-06
C3_2023,C3,2023,tonne,Total,Pt,,,,26.91,12.63,0.0,519378.6717280199,3764220.789358167,3484059.454128132,1 kg N,1 kg P2O5,1 kg K2O,,,,nitrogen_N_singlescore_8.json,phosphorus_P2O5_singlescore_9.json,potassium_K2O_singlescore_10.json,13976480.056201015,47542108.56959365,0.0,61518588.625794664
C3_2023,C3,2023,tonne,Water use,Pt,,,,26.91,12.63,0.0,210.37731,1554.109634,1161.545319,1 kg N,1 kg P2O5,1 kg K2O,,,,nitrogen_N_singlescore_8.json,phosphorus_P2O5_singlescore_9.json,potassium_K2O_singlescore_10.json,5661.2534121,19628.40467742,0.0,25289.65808952
C3_2024,C3,2024,tonne,Acidification,Pt,,,,28.5,13.0,0.0,0.19821624,0.09966368,0.06340608,1 kg N,1 kg P2O5,1 kg K2O,,,,nitrogen_N_singlescore_8.json,phosphorus_P2O5_singlescore_9.json,potassium_K2O_singlescore_10.json,5.64916284,1.29562784,0.0,6.94479068
C3_2024,C3,2024,tonne,Climate change,Pt,,,,28.5,13.0,0.0,6645.07914,5038.05543,4986.658170000001,1 kg N,1 kg P2O5,1 kg K2O,,,,nitrogen_N_singlescore_8.json,phosphorus_P2O5_singlescore_9.json,potassium_K2O_singlescore_10.json,189384.75548999998,65494.720590000004,0.0,254879.47608
C3_2024,C3,2024,tonne,Climate change - Biogenic,Pt,,,,28.5,13.0,0.0,0.0,0.0,0.0,1 kg N,1 kg P2O5,1 kg K2O,,,,nitrogen_N_singlescore_8.json,phosphorus_P2O5_singlescore_9.json,potassium_K2O_singlescore_10.json,0.0,0.0,0.0,0.0
C3_2024,C3,2024,tonne,Climate change - Fossil,Pt,,,,28.5,13.0,0.0,0.0,0.0,0.0,1 kg N,1 kg P2O5,1 kg K2O,,,,nitrogen_N_singlescore_8.json,phosphorus_P2O5_singlescore_9.json,potassium_K2O_singlescore_10.json,0.0,0.0,0.0,0.0
C3_2024,C3,2024,tonne,Climate change - Land use and LU change,Pt,,,,28.5,13.0,0.0,0.0,0.0,0.0,1 kg N,1 kg P2O5,1 kg K2O,,,,nitrogen_N_singlescore_8.json,phosphorus_P2O5_singlescore_9.json,potassium_K2O_singlescore_10.json,0.0,0.0,0.0,0.0
C3_2024,C3,2024,tonne,"Ecotoxicity, freshwater",Pt,,,,28.5,13.0,0.0,5565.61551,90293.99429999999,458127.314,1 kg N,1 kg P2O5,1 kg K2O,,,,nitrogen_N_singlescore_8.json,phosphorus_P2O5_singlescore_9.json,potassium_K2O_singlescore_10.json,158620.042035,1173821.9259,0.0,1332441.9679349998
C3_2024,C3,2024,tonne,"Ecotoxicity, freshwater - inorganics",Pt,,,,28.5,13.0,0.0,0.0,0.0,0.0,1 kg N,1 kg P2O5,1 kg K2O,,,,nitrogen_N_singlescore_8.json,phosphorus_P2O5_singlescore_9.json,potassium_K2O_singlescore_10.json,0.0,0.0,0.0,0.0
C3_2024,C3,2024,tonne,"Ecotoxicity, freshwater - metals",Pt,,,,28.5,13.0,0.0,0.0,0.0,0.0,1 kg N,1 kg P2O5,1 kg K2O,,,,nitrogen_N_singlescore_8.json,phosphorus_P2O5_singlescore_9.json,potassium_K2O_singlescore_10.json,0.0,0.0,0.0,0.0
C3_2024,C3,2024,tonne,"Ecotoxicity, freshwater - organics",Pt,,,,28.5,13.0,0.0,0.0,0.0,0.0,1 kg N,1 kg P2O5,1 kg K2O,,,,nitrogen_N_singlescore_8.json,phosphorus_P2O5_singlescore_9.json,potassium_K2O_singlescore_10.json,0.0,0.0,0.0,0.0
C3_2024,C3,2024,tonne,"Eutrophication, freshwater",Pt,,,,28.5,13.0,0.0,4.5732e-06,1.96112e-05,1.2730799999999998e-05,1 kg N,1 kg P2O5,1 kg K2O,,,,nitrogen_N_singlescore_8.json,phosphorus_P2O5_singlescore_9.json,potassium_K2O_singlescore_10.json,0.00013033619999999998,0.0002549456,0.0,0.00038528179999999996
C3_2024,C3,2024,tonne,"Eutrophication, marine",Pt,,,,28.5,13.0,0.0,0.002243326,0.002318746,0.002428524,1 kg N,1 kg P2O5,1 kg K2O,,,,nitrogen_N_singlescore_8.json,phosphorus_P2O5_singlescore_9.json,potassium_K2O_singlescore_10.json,0.06393479099999999,0.030143698,0.0,0.09407848899999999
C3_2024,C3,2024,tonne,"Eutrophication, terrestrial",Pt,,,,28.5,13.0,0.0,1.58592573,0.34276347,0.38357631,1 kg N,1 kg P2O5,1 kg K2O,,,,nitrogen_N_singlescore_8.json,phosphorus_P2O5_singlescore_9.json,potassium_K2O_singlescore_10.json,45.198883305,4.45592511,0.0,49.654808415000005
C3_2024,C3,2024,tonne,"Human toxicity, cancer",Pt,,,,28.5,13.0,0.0,4.3788000000000003e-16,2.0828e-15,1.4514e-15,1 kg N,1 kg P2O5,1 kg K2O,,,,nitrogen_N_singlescore_8.json,phosphorus_P2O5_singlescore_9.json,potassium_K2O_singlescore_10.json,1.247958e-14,2.7076399999999998e-14,0.0,3.955598e-14
C3_2024,C3,2024,tonne,"Human toxicity, cancer - inorganics",Pt,,,,28.5,13.0,0.0,0.0,0.0,0.0,1 kg N,1 kg P2O5,1 kg K2O,,,,nitrogen_N_singlescore_8.json,phosphorus_P2O5_singlescore_9.json,potassium_K2O_singlescore_10.json,0.0,0.0,0.0,0.0
C3_2024,C3,2024,tonne,"Human toxicity, cancer - metals",Pt,,,,28.5,13.0,0.0,0.0,0.0,0.0,1 kg N,1 kg P2O5,1 kg K2O,,,,nitrogen_N_singlescore_8.json,phosphorus_P2O5_singlescore_9.json,potassium_K2O_singlescore_10.json,0.0,0.0,0.0,0.0
C3_2024,C3,2024,tonne,"Human toxicity, cancer - organics",Pt,,,,28.5,13.0,0.0,0.0,0.0,0.0,1 kg N,1 kg P2O5,1 kg K2O,,,,nitrogen_N_singlescore_8.json,phosphorus_P2O5_singlescore_9.json,potassium_K2O_singlescore_10.json,0.0,0.0,0.0,0.0
C3_2024,C3,2024,tonne,"Human toxicity, non-cancer",Pt,,,,28.5,13.0,0.0,1.748e-13,5.67226e-13,8.652599999999999e-13,1 kg N,1 kg P2O5,1 kg K2O,,,,nitrogen_N_singlescore_8.json,phosphorus_P2O5_singlescore_9.json,potassium_K2O_singlescore_10.json,4.9818e-12,7.373938e-12,0.0,1.2355737999999998e-11
C3_2024,C3,2024,tonne,"Human toxicity, non-cancer - inorganics",Pt,,,,28.5,13.0,0.0,0.0,0.0,0.0,1 kg N,1 kg P2O5,1 kg K2O,,,,nitrogen_N_singlescore_8.json,phosphorus_P2O5_singlescore_9.json,potassium_K2O_singlescore_10.json,0.0,0.0,0.0,0.0
C3_2024,C3,2024,tonne,"Human toxicity, non-cancer - metals",Pt,,,,28.5,13.0,0.0,0.0,0.0,0.0,1 kg N,1 kg P2O5,1 kg K2O,,,,nitrogen_N_singlescore_8.json,phosphorus_P2O5_singlescore_9.json,potassium_K2O_singlescore_10.json,0.0,0.0,0.0,0.0
C3_2024,C3,2024,tonne,"Human toxicity, non-cancer - organics",Pt,,,,28.5,13.0,0.0,0.0,0.0,0.0,1 kg N,1 kg P2O5,1 kg K2O,,,,nitrogen_N_singlescore_8.json,phosphorus_P2O5_singlescore_9.json,potassium_K2O_singlescore_10.json,0.0,0.0,0.0,0.0
C3_2024,C3,2024,tonne,Ionising radiation,Pt,,,,28.5,13.0,0.0,21.066451,71.22199499999999,51.815903000000006,1 kg N,1 kg P2O5,1 kg K2O,,,,nitrogen_N_singlescore_8.json,phosphorus_P2O5_singlescore_9.json,potassium_K2O_singlescore_10.json,600.3938535,925.8859349999999,0.0,1526.2797885
C3_2024,C3,2024,tonne,Land use,Pt,,,,28.5,13.0,0.0,254308.65899999999,3434320.02,2789874.0,1 kg N,1 kg P2O5,1 kg K2O,,,,nitrogen_N_singlescore_8.json,phosphorus_P2O5_singlescore_9.json,potassium_K2O_singlescore_10.json,7247796.7815,44646160.26,0.0,51893957.041499995
C3_2024,C3,2024,tonne,Ozone depletion,Pt,,,,28.5,13.0,0.0,5.2984e-10,5.1356e-10,5.8312e-10,1 kg N,1 kg P2O5,1 kg K2O,,,,nitrogen_N_singlescore_8.json,phosphorus_P2O5_singlescore_9.json,potassium_K2O_singlescore_10.json,1.510044e-08,6.6762800000000004e-09,0.0,2.177672e-08
C3_2024,C3,2024,tonne,Particulate matter,Pt,,,,28.5,13.0,0.0,2.56557e-11,1.5046200000000003e-11,1.45961e-11,1 kg N,1 kg P2O5,1 kg K2O,,,,nitrogen_N_singlescore_8.json,phosphorus_P2O5_singlescore_9.json,potassium_K2O_singlescore_10.json,7.3118745e-10,1.9560060000000004e-10,0.0,9.267880500000001e-10
C3_2024,C3,2024,tonne,Photochemical ozone formation,Pt,,,,28.5,13.0,0.0,0.00772702,0.015733399999999998,0.015512239999999998,1 kg N,1 kg P2O5,1 kg K2O,,,,nitrogen_N_singlescore_8.json,phosphorus_P2O5_singlescore_9.json,potassium_K2O_singlescore_10.json,0.22022007000000002,0.20453419999999997,0.0,0.42475427
C3_2024,C3,2024,tonne,"Resource use, fossils",Pt,,,,28.5,13.0,0.0,252626.08020000003,232942.92750000002,229857.6558,1 kg N,1 kg P2O5,1 kg K2O,,,,nitrogen_N_singlescore_8.json,phosphorus_P2O5_singlescore_9.json,potassium_K2O_singlescore_10.json,7199843.285700001,3028258.0575,0.0,10228101.343200002
C3_2024,C3,2024,tonne,"Resource use, minerals and metals",Pt,,,,28.5,13.0,0.0,1.3007999999999998e-07,2.5872e-07,2.472e-07,1 kg N,1 kg P2O5,1 kg K2O,,,,nitrogen_N_singlescore_8.json,phosphorus_P2O5_singlescore_9.json,potassium_K2O_singlescore_10.json,3.7072799999999995e-06,3.3633599999999996e-06,0.0,7.070639999999999e-06
C3_2024,C3,2024,tonne,Total,Pt,,,,28.5,13.0,0.0,519378.6717280199,3764220.789358167,3484059.454128132,1 kg N,1 kg P2O5,1 kg K2O,,,,nitrogen_N_singlescore_8.json,phosphorus_P2O5_singlescore_9.json,potassium_K2O_singlescore_10.json,14802292.144248568,48934870.26165617,0.0,63737162.40590474
C3_2024,C3,2024,tonne,Water use,Pt,,,,28.5,13.0,0.0,210.37731,1554.109634,1161.545319,1 kg N,1 kg P2O5,1 kg K2O,,,,nitrogen_N_singlescore_8.json,phosphorus_P2O5_singlescore_9.json,potassium_K2O_singlescore_10.json,5995.753334999999,20203.425241999998,0.0,26199.178577
C4_2022,C4,2022,tonne,Acidification,Pt,,,,33.9,10.77,10.77,0.19821624,0.09966368,0.06340608,1 kg N,1 kg P2O5,1 kg K2O,,,,nitrogen_N_singlescore_8.json,phosphorus_P2O5_singlescore_9.json,potassium_K2O_singlescore_10.json,6.719530536,1.0733778336,0.6828834816,8.475791851199999
C4_2022,C4,2022,tonne,Climate change,Pt,,,,33.9,10.77,10.77,6645.07914,5038.05543,4986.658170000001,1 kg N,1 kg P2O5,1 kg K2O,,,,nitrogen_N_singlescore_8.json,phosphorus_P2O5_singlescore_9.json,potassium_K2O_singlescore_10.json,225268.18284599998,54259.8569811,53706.3084909,333234.348318
C4_2022,C4,2022,tonne,Climate change - Biogenic,Pt,,,,33.9,10.77,10.77,0.0,0.0,0.0,1 kg N,1 kg P2O5,1 kg K2O,,,,nitrogen_N_singlescore_8.json,phosphorus_P2O5_singlescore_9.json,potassium_K2O_singlescore_10.json,0.0,0.0,0.0,0.0
C4_2022,C4,2022,tonne,Climate change - Fossil,Pt,,,,33.9,10.77,10.77,0.0,0.0,0.0,1 kg N,1 kg P2O5,1 kg K2O,,,,nitrogen_N_singlescore_8.json,phosphorus_P2O5_singlescore_9.json,potassium_K2O_singlescore_10.json,0.0,0.0,0.0,0.0
C4_2022,C4,2022,tonne,Climate change - Land use and LU change,Pt,,,,33.9,10.77,10.77,0.0,0.0,0.0,1 kg N,1 kg P2O5,1 kg K2O,,,,nitrogen_N_singlescore_8.json,phosphorus_P2O5_singlescore_9.json,potassium_K2O_singlescore_10.json,0.0,0.0,0.0,0.0
C4_2022,C4,2022,tonne,"Ecotoxicity, freshwater",Pt,,,,33.9,10.77,10.77,5565.61551,90293.99429999999,458127.314,1 kg N,1 kg P2O5,1 kg K2O,,,,nitrogen_N_singlescore_8.json,phosphorus_P2O5_singlescore_9.json,potassium_K2O_singlescore_10.json,188674.36578899997,972466.3186109998,4934031.1717799995,6095171.856179999
C4_2022,C4,2022,tonne,"Ecotoxicity, freshwater - inorganics",Pt,,,,33.9,10.77,10.77,0.0,0.0,0.0,1 kg N,1 kg P2O5,1 kg K2O,,,,nitrogen_N_singlescore_8.json,phosphorus_P2O5_singlescore_9.json,potassium_K2O_singlescore_10.json,0.0,0.0,0.0,0.0
C4_2022,C4,2022,tonne,"Ecotoxicity, freshwater - metals",Pt,,,,33.9,10.77,10.77,0.0,0.0,0.0,1 kg N,1 kg P2O5,1 kg K2O,,,,nitrogen_N_singlescore_8.json,phosphorus_P2O5_singlescore_9.json,potassium_K2O_singlescore_10.json,0.0,0.0,0.0,0.0
C4_2022,C4,2022,tonne,"Ecotoxicity, freshwater - organics",Pt,,,,33.9,10.77,10.77,0.0,0.0,0.0,1 kg N,1 kg P2O5,1 kg K2O,,,,nitrogen_N_singlescore_8.json,phosphorus_P2O5_singlescore_9.json,potassium_K2O_singlescore_10.json,0.0,0.0,0.0,0.0
C4_2022,C4,2022,tonne,"Eutrophication, freshwater",Pt,,,,33.9,10.77,10.77,4.5732e-06,1.96112e-05,1.2730799999999998e-05,1 kg N,1 kg P2O5,1 kg K2O,,,,nitrogen_N_singlescore_8.json,phosphorus_P2O5_singlescore_9.json,potassium_K2O_singlescore_10.json,0.00015503147999999998,0.00021121262399999998,0.00013711071599999998,0.0005033548199999999
C4_2022,C4,2022,tonne,"Eutrophication, marine",Pt,,,,33.9,10.77,10.77,0.002243326,0.002318746,0.002428524,1 kg N,1 kg P2O5,1 kg K2O,,,,nitrogen_N_singlescore_8.json,phosphorus_P2O5_singlescore_9.json,potassium_K2O_singlescore_10.json,0.07604875139999999,0.02497289442,0.02615520348,0.1271768493
C4_2022,C4,2022,tonne,"Eutrophication, terrestrial",Pt,,,,33.9,10.77,10.77,1.58592573,0.34276347,0.38357631,1 kg N,1 kg P2O5,1 kg K2O,,,,nitrogen_N_singlescore_8.json,phosphorus_P2O5_singlescore_9.json,potassium_K2O_singlescore_10.json,53.762882247,3.6915625719,4.1311168587,61.5855616776
C4_2022,C4,2022,tonne,"Human toxicity, cancer",Pt,,,,33.9,10.77,10.77,4.3788000000000003e-16,2.0828e-15,1.4514e-15,1 kg N,1 kg P2O5,1 kg K2O,,,,nitrogen_N_singlescore_8.json,phosphorus_P2O5_singlescore_9.json,potassium_K2O_singlescore_10.json,1.4844132e-14,2.2431755999999998e-14,1.5631578e-14,5.2907466e-14
C4_2022,C4,2022,tonne,"Human toxicity, cancer - inorganics",Pt,,,,33.9,10.77,10.77,0.0,0.0,0.0,1 kg N,1 kg P2O5,1 kg K2O,,,,nitrogen_N_singlescore_8.json,phosphorus_P2O5_singlescore_9.json,potassium_K2O_singlescore_10.json,0.0,0.0,0.0,0.0
C4_2022,C4,2022,tonne,"Human toxicity, cancer - metals",Pt,,,,33.9,10.77,10.77,0.0,0.0,0.0,1 kg N,1 kg P2O5,1 kg K2O,,,,nitrogen_N_singlescore_8.json,phosphorus_P2O5_singlescore_9.json,potassium_K2O_singlescore_10.json,0.0,0.0,0.0,0.0
C4_2022,C4,2022,tonne,"Human toxicity, cancer - organics",Pt,,,,33.9,10.77,10.77,0.0,0.0,0.0,1 kg N,1 kg P2O5,1 kg K2O,,,,nitrogen_N_singlescore_8.json,phosphorus_P2O5_singlescore_9.json,potassium_K2O_singlescore_10.json,0.0,0.0,0.0,0.0
C4_2022,C4,2022,tonne,"Human toxicity, non-cancer",Pt,,,,33.9,10.77,10.77,1.748e-13,5.67226e-13,8.652599999999999e-13,1 kg N,1 kg P2O5,1 kg K2O,,,,nitrogen_N_singlescore_8.json,phosphorus_P2O5_singlescore_9.json,potassium_K2O_singlescore_10.json,5.9257199999999995e-12,6.10902402e-12,9.318850199999999e-12,2.135359422e-11
C4_2022,C4,2022,tonne,"Human toxicity, non-cancer - inorganics",Pt,,,,33.9,10.77,10.77,0.0,0.0,0.0,1 kg N,1 kg P2O5,1 kg K2O,,,,nitrogen_N_singlescore_8.json,phosphorus_P2O5_singlescore_9.json,potassium_K2O_singlescore_10.json,0.0,0.0,0.0,0.0
C4_2022,C4,2022,tonne,"Human toxicity, non-cancer - metals",Pt,,,,33.9,10.77,10.77,0.0,0.0,0.0,1 kg N,1 kg P2O5,1 kg K2O,,,,nitrogen_N_singlescore_8.json,phosphorus_P2O5_singlescore_9.json,potassium_K2O_singlescore_10.json,0.0,0.0,0.0,0.0
C4_2022,C4,2022,tonne,"Human toxicity, non-cancer - organics",Pt,,,,33.9,10.77,10.77,0.0,0.0,0.0,1 kg N,1 kg P2O5,1 kg K2O,,,,nitrogen_N_singlescore_8.json,phosphorus_P2O5_singlescore_9.json,potassium_K2O_singlescore_10.json,0.0,0.0,0.0,0.0
C4_2022,C4,2022,tonne,Ionising radiation,Pt,,,,33.9,10.77,10.77,21.066451,71.22199499999999,51.815903000000006,1 kg N,1 kg P2O5,1 kg K2O,,,,nitrogen_N_singlescore_8.json,phosphorus_P2O5_singlescore_9.json,potassium_K2O_singlescore_10.json,714.1526889,767.0608861499999,558.05727531,2039.27085036
C4_2022,C4,2022,tonne,Land use,Pt,,,,33.9,10.77,10.77,254308.65899999999,3434320.02,2789874.0,1 kg N,1 kg P2O5,1 kg K2O,,,,nitrogen_N_singlescore_8.json,phosphorus_P2O5_singlescore_9.json,potassium_K2O_singlescore_10.json,8621063.540099999,36987626.6154,30046942.98,75655633.1355
C4_2022,C4,2022,tonne,Ozone depletion,Pt,,,,33.9,10.77,10.77,5.2984e-10,5.1356e-10,5.8312e-10,1 kg N,1 kg P2O5,1 kg K2O,,,,nitrogen_N_singlescore_8.json,phosphorus_P2O5_singlescore_9.json,potassium_K2O_singlescore_10.json,1.7961576e-08,5.5310412e-09,6.280202400000001e-09,2.97728196e-08
C4_2022,C4,2022,tonne,Particulate matter,Pt,,,,33.9,10.77,10.77,2.56557e-11,1.5046200000000003e-11,1.45961e-11,1 kg N,1 kg P2O5,1 kg K2O,,,,nitrogen_N_singlescore_8.json,phosphorus_P2O5_singlescore_9.json,potassium_K2O_singlescore_10.json,8.6972823e-10,1.6204757400000003e-10,1.57199997e-10,1.188975801e-09
C4_2022,C4,2022,tonne,Photochemical ozone formation,Pt,,,,33.9,10.77,10.77,0.00772702,0.015733399999999998,0.015512239999999998,1 kg N,1 kg P2O5,1 kg K2O,,,,nitrogen_N_singlescore_8.json,phosphorus_P2O5_singlescore_9.json,potassium_K2O_singlescore_10.json,0.261945978,0.16944871799999997,0.16706682479999999,0.5984615208
C4_2022,C4,2022,tonne,"Resource use, fossils",Pt,,,,33.9,10.77,10.77,252626.08020000003,232942.92750000002,229857.6558,1 kg N,1 kg P2O5,1 kg K2O,,,,nitrogen_N_singlescore_8.json,phosphorus_P2O5_singlescore_9.json,potassium_K2O_singlescore_10.json,8564024.11878,2508795.329175,2475566.952966,13548386.400921002
C4_2022,C4,2022,tonne,"Resource use, minerals and metals",Pt,,,,33.9,10.77,10.77,1.3007999999999998e-07,2.5872e-07,2.472e-07,1 kg N,1 kg P2O5,1 kg K2O,,,,nitrogen_N_singlescore_8.json,phosphorus_P2O5_singlescore_9.json,potassium_K2O_singlescore_10.json,4.409711999999999e-06,2.7864144e-06,2.662344e-06,9.858470399999998e-06
C4_2022,C4,2022,tonne,Total,Pt,,,,33.9,10.77,10.77,519378.6717280199,3764220.789358167,3484059.454128132,1 kg N,1 kg P2O5,1 kg K2O,,,,nitrogen_N_singlescore_8.json,phosphorus_P2O5_singlescore_9.json,potassium_K2O_singlescore_10.json,17606936.971579872,40540657.90138745,37523320.320959985,95670915.19392732
C4_2022,C4,2022,tonne,Water use,Pt,,,,33.9,10.77,10.77,210.37731,1554.109634,1161.545319,1 kg N,1 kg P2O5,1 kg K2O,,,,nitrogen_N_singlescore_8.json,phosphorus_P2O5_singlescore_9.json,potassium_K2O_singlescore_10.json,7131.790808999999,16737.760758179997,12509.84308563,36379.39465280999
C4_2023,C4,2023,tonne,Acidification,Pt,,,,32.55,6.67,0.0,0.19821624,0.09966368,0.06340608,1 kg N,1 kg P2O5,1 kg K2O,,,,nitrogen_N_singlescore_8.json,phosphorus_P2O5_singlescore_9.json,potassium_K2O_singlescore_10.json,6.451938611999999,0.6647567456,0.0,7.116695357599999
C4_2023,C4,2023,tonne,Climate change,Pt,,,,32.55,6.67,0.0,6645.07914,5038.05543,4986.658170000001,1 kg N,1 kg P2O5,1 kg K2O,,,,nitrogen_N_singlescore_8.json,phosphorus_P2O5_singlescore_9.json,potassium_K2O_singlescore_10.json,216297.32600699997,33603.8297181,0.0,249901.15572509996
C4_2023,C4,2023,tonne,Climate change - Biogenic,Pt,,,,32.55,6.67,0.0,0.0,0.0,0.0,1 kg N,1 kg P2O5,1 kg K2O,,,,nitrogen_N_singlescore_8.json,phosphorus_P2O5_singlescore_9.json,potassium_K2O_singlescore_10.json,0.0,0.0,0.0,0.0
C4_2023,C4,2023,tonne,Climate change - Fossil,Pt,,,,32.55,6.67,0.0,0.0,0.0,0.0,1 kg N,1 kg P2O5,1 kg K2O,,,,nitrogen_N_singlescore_8.json,phosphorus_P2O5_singlescore_9.json,potassium_K2O_singlescore_10.json,0.0,0.0,0.0,0.0
C4_2023,C4,2023,tonne,Climate change - Land use and LU change,Pt,,,,32.55,6.67,0.0,0.0,0.0,0.0,1 kg N,1 kg P2O5,1 kg K2O,,,,nitrogen_N_singlescore_8.json,phosphorus_P2O5_singlescore_9.json,potassium_K2O_singlescore_10.json,0.0,0.0,0.0,0.0
C4_2023,C4,2023,tonne,"Ecotoxicity, freshwater",Pt,,,,32.55,6.67,0.0,5565.61551,90293.99429999999,458127.314,1 kg N,1 kg P2O5,1 kg K2O,,,,nitrogen_N_singlescore_8.json,phosphorus_P2O5_singlescore_9.json,potassium_K2O_singlescore_10.json,181160.78485049997,602260.9419809999,0.0,783421.7268314998
C4_2023,C4,2023,tonne,"Ecotoxicity, freshwater - inorganics",Pt,,,,32.55,6.67,0.0,0.0,0.0,0.0,1 kg N,1 kg P2O5,1 kg K2O,,,,nitrogen_N_singlescore_8.json,phosphorus_P2O5_singlescore_9.json,potassium_K2O_singlescore_10.json,0.0,0.0,0.0,0.0
C4_2023,C4,2023,tonne,"Ecotoxicity, freshwater - metals",Pt,,,,32.55,6.67,0.0,0.0,0.0,0.0,1 kg N,1 kg P2O5,1 kg K2O,,,,nitrogen_N_singlescore_8.json,phosphorus_P2O5_singlescore_9.json,potassium_K2O_singlescore_10.json,0.0,0.0,0.0,0.0
C4_2023,C4,2023,tonne,"Ecotoxicity, freshwater - organics",Pt,,,,32.55,6.67,0.0,0.0,0.0,0.0,1 kg N,1 kg P2O5,1 kg K2O,,,,nitrogen_N_singlescore_8.json,phosphorus_P2O5_singlescore_9.json,potassium_K2O_singlescore_10.json,0.0,0.0,0.0,0.0
C4_2023,C4,2023,tonne,"Eutrophication, freshwater",Pt,,,,32.55,6.67,0.0,4.5732e-06,1.96112e-05,1.2730799999999998e-05,1 kg N,1 kg P2O5,1 kg K2O,,,,nitrogen_N_singlescore_8.json,phosphorus_P2O5_singlescore_9.json,potassium_K2O_singlescore_10.json,0.00014885765999999998,0.000130806704,0.0,0.00027966436399999995
C4_2023,C4,2023,tonne,"Eutrophication, marine",Pt,,,,32.55,6.67,0.0,0.002243326,0.002318746,0.002428524,1 kg N,1 kg P2O5,1 kg K2O,,,,nitrogen_N_singlescore_8.json,phosphorus_P2O5_singlescore_9.json,potassium_K2O_singlescore_10.json,0.07302026129999999,0.01546603582,0.0,0.08848629711999999
C4_2023,C4,2023,tonne,"Eutrophication, terrestrial",Pt,,,,32.55,6.67,0.0,1.58592573,0.34276347,0.38357631,1 kg N,1 kg P2O5,1 kg K2O,,,,nitrogen_N_singlescore_8.json,phosphorus_P2O5_singlescore_9.json,potassium_K2O_singlescore_10.json,51.6218825115,2.2862323449,0.0,53.9081148564
C4_2023,C4,2023,tonne,"Human toxicity, cancer",Pt,,,,32.55,6.67,0.0,4.3788000000000003e-16,2.0828e-15,1.4514e-15,1 kg N,1 kg P2O5,1 kg K2O,,,,nitrogen_N_singlescore_8.json,phosphorus_P2O5_singlescore_9.json,potassium_K2O_singlescore_10.json,1.4252994e-14,1.3892275999999999e-14,0.0,2.8145269999999998e-14
C4_2023,C4,2023,tonne,"Human toxicity, cancer - inorganics",Pt,,,,32.55,6.67,0.0,0.0,0.0,0.0,1 kg N,1 kg P2O5,1 kg K2O,,,,nitrogen_N_singlescore_8.json,phosphorus_P2O5_singlescore_9.json,potassium_K2O_singlescore_10.json,0.0,0.0,0.0,0.0
C4_2023,C4,2023,tonne,"Human toxicity, cancer - metals",Pt,,,,32.55,6.67,0.0,0.0,0.0,0.0,1 kg N,1 kg P2O5,1 kg K2O,,,,nitrogen_N_singlescore_8.json,phosphorus_P2O5_singlescore_9.json,potassium_K2O_singlescore_10.json,0.0,0.0,0.0,0.0
C4_2023,C4,2023,tonne,"Human toxicity, cancer - organics",Pt,,,,32.55,6.67,0.0,0.0,0.0,0.0,1 kg N,1 kg P2O5,1 kg K2O,,,,nitrogen_N_singlescore_8.json,phosphorus_P2O5_singlescore_9.json,potassium_K2O_singlescore_10.json,0.0,0.0,0.0,0.0
C4_2023,C4,2023,tonne,"Human toxicity, non-cancer",Pt,,,,32.55,6.67,0.0,1.748e-13,5.67226e-13,8.652599999999999e-13,1 kg N,1 kg P2O5,1 kg K2O,,,,nitrogen_N_singlescore_8.json,phosphorus_P2O5_singlescore_9.json,potassium_K2O_singlescore_10.json,5.6897399999999995e-12,3.78339742e-12,0.0,9.473137419999998e-12
C4_2023,C4,2023,tonne,"Human toxicity, non-cancer - inorganics",Pt,,,,32.55,6.67,0.0,0.0,0.0,0.0,1 kg N,1 kg P2O5,1 kg K2O,,,,nitrogen_N_singlescore_8.json,phosphorus_P2O5_singlescore_9.json,potassium_K2O_singlescore_10.json,0.0,0.0,0.0,0.0
C4_2023,C4,2023,tonne,"Human toxicity, non-cancer - metals",Pt,,,,32.55,6.67,0.0,0.0,0.0,0.0,1 kg N,1 kg P2O5,1 kg K2O,,,,nitrogen_N_singlescore_8.json,phosphorus_P2O5_singlescore_9.json,potassium_K2O_singlescore_10.json,0.0,0.0,0.0,0.0
C4_2023,C4,2023,tonne,"Human toxicity, non-cancer - organics",Pt,,,,32.55,6.67,0.0,0.0,0.0,0.0,1 kg N,1 kg P2O5,1 kg K2O,,,,nitrogen_N_singlescore_8.json,phosphorus_P2O5_singlescore_9.json,potassium_K2O_singlescore_10.json,0.0,0.0,0.0,0.0
C4_2023,C4,2023,tonne,Ionising radiation,Pt,,,,32.55,6.67,0.0,21.066451,71.22199499999999,51.815903000000006,1 kg N,1 kg P2O5,1 kg K2O,,,,nitrogen_N_singlescore_8.json,phosphorus_P2O5_singlescore_9.json,potassium_K2O_singlescore_10.json,685.7129800499999,475.05070664999994,0.0,1160.7636866999999
C4_2023,C4,2023,tonne,Land use,Pt,,,,32.55,6.67,0.0,254308.65899999999,3434320.02,2789874.0,1 kg N,1 kg P2O5,1 kg K2O,,,,nitrogen_N_singlescore_8.json,phosphorus_P2O5_singlescore_9.json,potassium_K2O_singlescore_10.json,8277746.850449999,22906914.5334,0.0,31184661.383849997
C4_2023,C4,2023,tonne,Ozone depletion,Pt,,,,32.55,6.67,0.0,5.2984e-10,5.1356e-10,5.8312e-10,1 kg N,1 kg P2O5,1 kg K2O,,,,nitrogen_N_singlescore_8.json,phosphorus_P2O5_singlescore_9.json,potassium_K2O_singlescore_10.json,1.7246291999999998e-08,3.4254452e-09,0.0,2.0671737199999997e-08
C4_2023,C4,2023,tonne,Particulate matter,Pt,,,,32.55,6.67,0.0,2.56557e-11,1.5046200000000003e-11,1.45961e-11,1 kg N,1 kg P2O5,1 kg K2O,,,,nitrogen_N_singlescore_8.json,phosphorus_P2O5_singlescore_9.json,potassium_K2O_singlescore_10.json,8.350930349999999e-10,1.0035815400000002e-10,0.0,9.354511889999999e-10
C4_2023,C4,2023,tonne,Photochemical ozone formation,Pt,,,,32.55,6.67,0.0,0.00772702,0.015733399999999998,0.015512239999999998,1 kg N,1 kg P2O5,1 kg K2O,,,,nitrogen_N_singlescore_8.json,phosphorus_P2O5_singlescore_9.json,potassium_K2O_singlescore_10.json,0.251514501,0.10494177799999999,0.0,0.356456279
C4_2023,C4,2023,tonne,"Resource use, fossils",Pt,,,,32.55,6.67,0.0,252626.08020000003,232942.92750000002,229857.6558,1 kg N,1 kg P2O5,1 kg K2O,,,,nitrogen_N_singlescore_8.json,phosphorus_P2O5_singlescore_9.json,potassium_K2O_singlescore_10.json,8222978.91051,1553729.326425,0.0,9776708.236935
C4_2023,C4,2023,tonne,"Resource use, minerals and metals",Pt,,,,32.55,6.67,0.0,1.3007999999999998e-07,2.5872e-07,2.472e-07,1 kg N,1 kg P2O5,1 kg K2O,,,,nitrogen_N_singlescore_8.json,phosphorus_P2O5_singlescore_9.json,potassium_K2O_singlescore_10.json,4.234103999999999e-06,1.7256623999999998e-06,0.0,5.9597663999999985e-06
C4_2023,C4,2023,tonne,Total,Pt,,,,32.55,6.67,0.0,519378.6717280199,3764220.789358167,3484059.454128132,1 kg N,1 kg P2O5,1 kg K2O,,,,nitrogen_N_singlescore_8.json,phosphorus_P2O5_singlescore_9.json,potassium_K2O_singlescore_10.json,16905775.764747046,25107352.665018972,0.0,42013128.429766014
C4_2023,C4,2023,tonne,Water use,Pt,,,,32.55,6.67,0.0,210.37731,1554.109634,1161.545319,1 kg N,1 kg P2O5,1 kg K2O,,,,nitrogen_N_singlescore_8.json,phosphorus_P2O5_singlescore_9.json,potassium_K2O_singlescore_10.json,6847.781440499999,10365.91125878,0.0,17213.69269928
C4_2024,C4,2024,tonne,Acidification,Pt,,,,14.02,8.46,0.0,0.19821624,0.09966368,0.06340608,1 kg N,1 kg P2O5,1 kg K2O,,,,nitrogen_N_singlescore_8.json,phosphorus_P2O5_singlescore_9.json,potassium_K2O_singlescore_10.json,2.7789916848,0.8431547328000001,0.0,3.6221464176
C4_2024,C4,2024,tonne,Climate change,Pt,,,,14.02,8.46,0.0,6645.07914,5038.05543,4986.658170000001,1 kg N,1 kg P2O5,1 kg K2O,,,,nitrogen_N_singlescore_8.json,phosphorus_P2O5_singlescore_9.json,potassium_K2O_singlescore_10.json,93164.00954279999,42621.94893780001,0.0,135785.9584806
C4_2024,C4,2024,tonne,Climate change - Biogenic,Pt,,,,14.02,8.46,0.0,0.0,0.0,0.0,1 kg N,1 kg P2O5,1 kg K2O,,,,nitrogen_N_singlescore_8.json,phosphorus_P2O5_singlescore_9.json,potassium_K2O_singlescore_10.json,0.0,0.0,0.0,0.0
C4_2024,C4,2024,tonne,Climate change - Fossil,Pt,,,,14.02,8.46,0.0,0.0,0.0,0.0,1 kg N,1 kg P2O5,1 kg K2O,,,,nitrogen_N_singlescore_8.json,phosphorus_P2O5_singlescore_9.json,potassium_K2O_singlescore_10.json,0.0,0.0,0.0,0.0
C4_2024,C4,2024,tonne,Climate change - Land use and LU change,Pt,,,,14.02,8.46,0.0,0.0,0.0,0.0,1 kg N,1 kg P2O5,1 kg K2O,,,,nitrogen_N_singlescore_8.json,phosphorus_P2O5_singlescore_9.json,potassium_K2O_singlescore_10.json,0.0,0.0,0.0,0.0
C4_2024,C4,2024,tonne,"Ecotoxicity, freshwater",Pt,,,,14.02,8.46,0.0,5565.61551,90293.99429999999,458127.314,1 kg N,1 kg P2O5,1 kg K2O,,,,nitrogen_N_singlescore_8.json,phosphorus_P2O5_singlescore_9.json,potassium_K2O_singlescore_10.json,78029.9294502,763887.191778,0.0,841917.1212281999
C4_2024,C4,2024,tonne,"Ecotoxicity, freshwater - inorganics",Pt,,,,14.02,8.46,0.0,0.0,0.0,0.0,1 kg N,1 kg P2O5,1 kg K2O,,,,nitrogen_N_singlescore_8.json,phosphorus_P2O5_singlescore_9.json,potassium_K2O_singlescore_10.json,0.0,0.0,0.0,0.0
C4_2024,C4,2024,tonne,"Ecotoxicity, freshwater - metals",Pt,,,,14.02,8.46,0.0,0.0,0.0,0.0,1 kg N,1 kg P2O5,1 kg K2O,,,,nitrogen_N_singlescore_8.json,phosphorus_P2O5_singlescore_9.json,potassium_K2O_singlescore_10.json,0.0,0.0,0.0,0.0
C4_2024,C4,2024,tonne,"Ecotoxicity, freshwater - organics",Pt,,,,14.02,8.46,0.0,0.0,0.0,0.0,1 kg N,1 kg P2O5,1 kg K2O,,,,nitrogen_N_singlescore_8.json,phosphorus_P2O5_singlescore_9.json,potassium_K2O_singlescore_10.json,0.0,0.0,0.0,0.0
C4_2024,C4,2024,tonne,"Eutrophication, freshwater",Pt,,,,14.02,8.46,0.0,4.5732e-06,1.96112e-05,1.2730799999999998e-05,1 kg N,1 kg P2O5,1 kg K2O,,,,nitrogen_N_singlescore_8.json,phosphorus_P2O5_singlescore_9.json,potassium_K2O_singlescore_10.json,6.4116264e-05,0.00016591075200000002,0.0,0.00023002701600000002
C4_2024,C4,2024,tonne,"Eutrophication, marine",Pt,,,,14.02,8.46,0.0,0.002243326,0.002318746,0.002428524,1 kg N,1 kg P2O5,1 kg K2O,,,,nitrogen_N_singlescore_8.json,phosphorus_P2O5_singlescore_9.json,potassium_K2O_singlescore_10.json,0.03145143052,0.019616591160000002,0.0,0.05106802168
C4_2024,C4,2024,tonne,"Eutrophication, terrestrial",Pt,,,,14.02,8.46,0.0,1.58592573,0.34276347,0.38357631,1 kg N,1 kg P2O5,1 kg K2O,,,,nitrogen_N_singlescore_8.json,phosphorus_P2O5_singlescore_9.json,potassium_K2O_singlescore_10.json,22.2346787346,2.8997789562000005,0.0,25.134457690799998
C4_2024,C4,2024,tonne,"Human toxicity, cancer",Pt,,,,14.02,8.46,0.0,4.3788000000000003e-16,2.0828e-15,1.4514e-15,1 kg N,1 kg P2O5,1 kg K2O,,,,nitrogen_N_singlescore_8.json,phosphorus_P2O5_singlescore_9.json,potassium_K2O_singlescore_10.json,6.1390776e-15,1.7620488000000002e-14,0.0,2.37595656e-14
C4_2024,C4,2024,tonne,"Human toxicity, cancer - inorganics",Pt,,,,14.02,8.46,0.0,0.0,0.0,0.0,1 kg N,1 kg P2O5,1 kg K2O,,,,nitrogen_N_singlescore_8.json,phosphorus_P2O5_singlescore_9.json,potassium_K2O_singlescore_10.json,0.0,0.0,0.0,0.0
C4_2024,C4,2024,tonne,"Human toxicity, cancer - metals",Pt,,,,14.02,8.46,0.0,0.0,0.0,0.0,1 kg N,1 kg P2O5,1 kg K2O,,,,nitrogen_N_singlescore_8.json,phosphorus_P2O5_singlescore_9.json,potassium_K2O_singlescore_10.json,0.0,0.0,0.0,0.0
C4_2024,C4,2024,tonne,"Human toxicity, cancer - organics",Pt,,,,14.02,8.46,0.0,0.0,0.0,0.0,1 kg N,1 kg P2O5,1 kg K2O,,,,nitrogen_N_singlescore_8.json,phosphorus_P2O5_singlescore_9.json,potassium_K2O_singlescore_10.json,0.0,0.0,0.0,0.0
C4_2024,C4,2024,tonne,"Human toxicity, non-cancer",Pt,,,,14.02,8.46,0.0,1.748e-13,5.67226e-13,8.652599999999999e-13,1 kg N,1 kg P2O5,1 kg K2O,,,,nitrogen_N_singlescore_8.json,phosphorus_P2O5_singlescore_9.json,potassium_K2O_singlescore_10.json,2.4506959999999998e-12,4.798731960000001e-12,0.0,7.249427960000001e-12
C4_2024,C4,2024,tonne,"Human toxicity, non-cancer - inorganics",Pt,,,,14.02,8.46,0.0,0.0,0.0,0.0,1 kg N,1 kg P2O5,1 kg K2O,,,,nitrogen_N_singlescore_8.json,phosphorus_P2O5_singlescore_9.json,potassium_K2O_singlescore_10.json,0.0,0.0,0.0,0.0
C4_2024,C4,2024,tonne,"Human toxicity, non-cancer - metals",Pt,,,,14.02,8.46,0.0,0.0,0.0,0.0,1 kg N,1 kg P2O5,1 kg K2O,,,,nitrogen_N_singlescore_8.json,phosphorus_P2O5_singlescore_9.json,potassium_K2O_singlescore_10.json,0.0,0.0,0.0,0.0
C4_2024,C4,2024,tonne,"Human toxicity, non-cancer - organics",Pt,,,,14.02,8.46,0.0,0.0,0.0,0.0,1 kg N,1 kg P2O5,1 kg K2O,,,,nitrogen_N_singlescore_8.json,phosphorus_P2O5_singlescore_9.json,potassium_K2O_singlescore_10.json,0.0,0.0,0.0,0.0
C4_2024,C4,2024,tonne,Ionising radiation,Pt,,,,14.02,8.46,0.0,21.066451,71.22199499999999,51.815903000000006,1 kg N,1 kg P2O5,1 kg K2O,,,,nitrogen_N_singlescore_8.json,phosphorus_P2O5_singlescore_9.json,potassium_K2O_singlescore_10.json,295.35164302,602.5380777,0.0,897.88972072
C4_2024,C4,2024,tonne,Land use,Pt,,,,14.02,8.46,0.0,254308.65899999999,3434320.02,2789874.0,1 kg N,1 kg P2O5,1 kg K2O,,,,nitrogen_N_singlescore_8.json,phosphorus_P2O5_singlescore_9.json,potassium_K2O_singlescore_10.json,3565407.3991799997,29054347.369200002,0.0,32619754.76838
C4_2024,C4,2024,tonne,Ozone depletion,Pt,,,,14.02,8.46,0.0,5.2984e-10,5.1356e-10,5.8312e-10,1 kg N,1 kg P2O5,1 kg K2O,,,,nitrogen_N_singlescore_8.json,phosphorus_P2O5_singlescore_9.json,potassium_K2O_singlescore_10.json,7.4283568e-09,4.3447176e-09,0.0,1.17730744e-08
C4_2024,C4,2024,tonne,Particulate matter,Pt,,,,14.02,8.46,0.0,2.56557e-11,1.5046200000000003e-11,1.45961e-11,1 kg N,1 kg P2O5,1 kg K2O,,,,nitrogen_N_singlescore_8.json,phosphorus_P2O5_singlescore_9.json,potassium_K2O_singlescore_10.json,3.59692914e-10,1.2729085200000003e-10,0.0,4.86983766e-10
C4_2024,C4,2024,tonne,Photochemical ozone formation,Pt,,,,14.02,8.46,0.0,0.00772702,0.015733399999999998,0.015512239999999998,1 kg N,1 kg P2O5,1 kg K2O,,,,nitrogen_N_singlescore_8.json,phosphorus_P2O5_singlescore_9.json,potassium_K2O_singlescore_10.json,0.1083328204,0.133104564,0.0,0.2414373844
C4_2024,C4,2024,tonne,"Resource use, fossils",Pt,,,,14.02,8.46,0.0,252626.08020000003,232942.92750000002,229857.6558,1 kg N,1 kg P2O5,1 kg K2O,,,,nitrogen_N_singlescore_8.json,phosphorus_P2O5_singlescore_9.json,potassium_K2O_singlescore_10.json,3541817.644404,1970697.1666500003,0.0,5512514.811054001
C4_2024,C4,2024,tonne,"Resource use, minerals and metals",Pt,,,,14.02,8.46,0.0,1.3007999999999998e-07,2.5872e-07,2.472e-07,1 kg N,1 kg P2O5,1 kg K2O,,,,nitrogen_N_singlescore_8.json,phosphorus_P2O5_singlescore_9.json,potassium_K2O_singlescore_10.json,1.8237215999999998e-06,2.1887712e-06,0.0,4.012492799999999e-06
C4_2024,C4,2024,tonne,Total,Pt,,,,14.02,8.46,0.0,519378.6717280199,3764220.789358167,3484059.454128132,1 kg N,1 kg P2O5,1 kg K2O,,,,nitrogen_N_singlescore_8.json,phosphorus_P2O5_singlescore_9.json,potassium_K2O_singlescore_10.json,7281688.977626839,31845307.877970096,0.0,39126996.85559694
C4_2024,C4,2024,tonne,Water use,Pt,,,,14.02,8.46,0.0,210.37731,1554.109634,1161.545319,1 kg N,1 kg P2O5,1 kg K2O,,,,nitrogen_N_singlescore_8.json,phosphorus_P2O5_singlescore_9.json,potassium_K2O_singlescore_10.json,2949.4898862,13147.767503640001,0.0,16097.25738984
C5_2022,C5,2022,tonne,Acidification,Pt,,,,20.7,3.34,0.0,0.19821624,0.09966368,0.06340608,1 kg N,1 kg P2O5,1 kg K2O,,,,nitrogen_N_singlescore_8.json,phosphorus_P2O5_singlescore_9.json,potassium_K2O_singlescore_10.json,4.103076167999999,0.3328766912,0.0,4.4359528591999995
C5_2022,C5,2022,tonne,Climate change,Pt,,,,20.7,3.34,0.0,6645.07914,5038.05543,4986.658170000001,1 kg N,1 kg P2O5,1 kg K2O,,,,nitrogen_N_singlescore_8.json,phosphorus_P2O5_singlescore_9.json,potassium_K2O_singlescore_10.json,137553.138198,16827.1051362,0.0,154380.2433342
C5_2022,C5,2022,tonne,Climate change - Biogenic,Pt,,,,20.7,3.34,0.0,0.0,0.0,0.0,1 kg N,1 kg P2O5,1 kg K2O,,,,nitrogen_N_singlescore_8.json,phosphorus_P2O5_singlescore_9.json,potassium_K2O_singlescore_10.json,0.0,0.0,0.0,0.0
C5_2022,C5,2022,tonne,Climate change - Fossil,Pt,,,,20.7,3.34,0.0,0.0,0.0,0.0,1 kg N,1 kg P2O5,1 kg K2O,,,,nitrogen_N_singlescore_8.json,phosphorus_P2O5_singlescore_9.json,potassium_K2O_singlescore_10.json,0.0,0.0,0.0,0.0
C5_2022,C5,2022,tonne,Climate change - Land use and LU change,Pt,,,,20.7,3.34,0.0,0.0,0.0,0.0,1 kg N,1 kg P2O5,1 kg K2O,,,,nitrogen_N_singlescore_8.json,phosphorus_P2O5_singlescore_9.json,potassium_K2O_singlescore_10.json,0.0,0.0,0.0,0.0
C5_2022,C5,2022,tonne,"Ecotoxicity, freshwater",Pt,,,,20.7,3.34,0.0,5565.61551,90293.99429999999,458127.314,1 kg N,1 kg P2O5,1 kg K2O,,,,nitrogen_N_singlescore_8.json,phosphorus_P2O5_singlescore_9.json,potassium_K2O_singlescore_10.json,115208.24105699999,301581.94096199994,0.0,416790.18201899994
C5_2022,C5,2022,tonne,"Ecotoxicity, freshwater - inorganics",Pt,,,,20.7,3.34,0.0,0.0,0.0,0.0,1 kg N,1 kg P2O5,1 kg K2O,,,,nitrogen_N_singlescore_8.json,phosphorus_P2O5_singlescore_9.json,potassium_K2O_singlescore_10.json,0.0,0.0,0.0,0.0
C5_2022,C5,2022,tonne,"Ecotoxicity, freshwater - metals",Pt,,,,20.7,3.34,0.0,0.0,0.0,0.0,1 kg N,1 kg P2O5,1 kg K2O,,,,nitrogen_N_singlescore_8.json,phosphorus_P2O5_singlescore_9.json,potassium_K2O_singlescore_10.json,0.0,0.0,0.0,0.0
C5_2022,C5,2022,tonne,"Ecotoxicity, freshwater - organics",Pt,,,,20.7,3.34,0.0,0.0,0.0,0.0,1 kg N,1 kg P2O5,1 kg K2O,,,,nitrogen_N_singlescore_8.json,phosphorus_P2O5_singlescore_9.json,potassium_K2O_singlescore_10.json,0.0,0.0,0.0,0.0
C5_2022,C5,2022,tonne,"Eutrophication, freshwater",Pt,,,,20.7,3.34,0.0,4.5732e-06,1.96112e-05,1.2730799999999998e-05,1 kg N,1 kg P2O5,1 kg K2O,,,,nitrogen_N_singlescore_8.json,phosphorus_P2O5_singlescore_9.json,potassium_K2O_singlescore_10.json,9.466523999999999e-05,6.550140799999999e-05,0.0,0.00016016664799999998
C5_2022,C5,2022,tonne,"Eutrophication, marine",Pt,,,,20.7,3.34,0.0,0.002243326,0.002318746,0.002428524,1 kg N,1 kg P2O5,1 kg K2O,,,,nitrogen_N_singlescore_8.json,phosphorus_P2O5_singlescore_9.json,potassium_K2O_singlescore_10.json,0.0464368482,0.007744611639999999,0.0,0.05418145984
C5_2022,C5,2022,tonne,"Eutrophication, terrestrial",Pt,,,,20.7,3.34,0.0,1.58592573,0.34276347,0.38357631,1 kg N,1 kg P2O5,1 kg K2O,,,,nitrogen_N_singlescore_8.json,phosphorus_P2O5_singlescore_9.json,potassium_K2O_singlescore_10.json,32.828662611,1.1448299898,0.0,33.9734926008
C5_2022,C5,2022,tonne,"Human toxicity, cancer",Pt,,,,20.7,3.34,0.0,4.3788000000000003e-16,2.0828e-15,1.4514e-15,1 kg N,1 kg P2O5,1 kg K2O,,,,nitrogen_N_singlescore_8.json,phosphorus_P2O5_singlescore_9.json,potassium_K2O_singlescore_10.json,9.064116e-15,6.9565519999999994e-15,0.0,1.6020668e-14
C5_2022,C5,2022,tonne,"Human toxicity, cancer - inorganics",Pt,,,,20.7,3.34,0.0,0.0,0.0,0.0,1 kg N,1 kg P2O5,1 kg K2O,,,,nitrogen_N_singlescore_8.json,phosphorus_P2O5_singlescore_9.json,potassium_K2O_singlescore_10.json,0.0,0.0,0.0,0.0
C5_2022,C5,2022,tonne,"Human toxicity, cancer - metals",Pt,,,,20.7,3.34,0.0,0.0,0.0,0.0,1 kg N,1 kg P2O5,1 kg K2O,,,,nitrogen_N_singlescore_8.json,phosphorus_P2O5_singlescore_9.json,potassium_K2O_singlescore_10.json,0.0,0.0,0.0,0.0
C5_2022,C5,2022,tonne,"Human toxicity, cancer - organics",Pt,,,,20.7,3.34,0.0,0.0,0.0,0.0,1 kg N,1 kg P2O5,1 kg K2O,,,,nitrogen_N_singlescore_8.json,phosphorus_P2O5_singlescore_9.json,potassium_K2O_singlescore_10.json,0.0,0.0,0.0,0.0
C5_2022,C5,2022,tonne,"Human toxicity, non-cancer",Pt,,,,20.7,3.34,0.0,1.748e-13,5.67226e-13,8.652599999999999e-13,1 kg N,1 kg P2O5,1 kg K2O,,,,nitrogen_N_singlescore_8.json,phosphorus_P2O5_singlescore_9.json,potassium_K2O_singlescore_10.json,3.61836e-12,1.89453484e-12,0.0,5.51289484e-12
C5_2022,C5,2022,tonne,"Human toxicity, non-cancer - inorganics",Pt,,,,20.7,3.34,0.0,0.0,0.0,0.0,1 kg N,1 kg P2O5,1 kg K2O,,,,nitrogen_N_singlescore_8.json,phosphorus_P2O5_singlescore_9.json,potassium_K2O_singlescore_10.json,0.0,0.0,0.0,0.0
C5_2022,C5,2022,tonne,"Human toxicity, non-cancer - metals",Pt,,,,20.7,3.34,0.0,0.0,0.0,0.0,1 kg N,1 kg P2O5,1 kg K2O,,,,nitrogen_N_singlescore_8.json,phosphorus_P2O5_singlescore_9.json,potassium_K2O_singlescore_10.json,0.0,0.0,0.0,0.0
C5_2022,C5,2022,tonne,"Human toxicity, non-cancer - organics",Pt,,,,20.7,3.34,0.0,0.0,0.0,0.0,1 kg N,1 kg P2O5,1 kg K2O,,,,nitrogen_N_singlescore_8.json,phosphorus_P2O5_singlescore_9.json,potassium_K2O_singlescore_10.json,0.0,0.0,0.0,0.0
C5_2022,C5,2022,tonne,Ionising radiation,Pt,,,,20.7,3.34,0.0,21.066451,71.22199499999999,51.815903000000006,1 kg N,1 kg P2O5,1 kg K2O,,,,nitrogen_N_singlescore_8.json,phosphorus_P2O5_singlescore_9.json,potassium_K2O_singlescore_10.json,436.0755357,237.88146329999998,0.0,673.956999
C5_2022,C5,2022,tonne,Land use,Pt,,,,20.7,3.34,0.0,254308.65899999999,3434320.02,2789874.0,1 kg N,1 kg P2O5,1 kg K2O,,,,nitrogen_N_singlescore_8.json,phosphorus_P2O5_singlescore_9.json,potassium_K2O_singlescore_10.json,5264189.2413,11470628.866799999,0.0,16734818.108099999
C5_2022,C5,2022,tonne,Ozone depletion,Pt,,,,20.7,3.34,0.0,5.2984e-10,5.1356e-10,5.8312e-10,1 kg N,1 kg P2O5,1 kg K2O,,,,nitrogen_N_singlescore_8.json,phosphorus_P2O5_singlescore_9.json,potassium_K2O_singlescore_10.json,1.0967687999999999e-08,1.7152904000000001e-09,0.0,1.26829784e-08
C5_2022,C5,2022,tonne,Particulate matter,Pt,,,,20.7,3.34,0.0,2.56557e-11,1.5046200000000003e-11,1.45961e-11,1 kg N,1 kg P2O5,1 kg K2O,,,,nitrogen_N_singlescore_8.json,phosphorus_P2O5_singlescore_9.json,potassium_K2O_singlescore_10.json,5.3107299e-10,5.0254308000000006e-11,0.0,5.81327298e-10
C5_2022,C5,2022,tonne,Photochemical ozone formation,Pt,,,,20.7,3.34,0.0,0.00772702,0.015733399999999998,0.015512239999999998,1 kg N,1 kg P2O5,1 kg K2O,,,,nitrogen_N_singlescore_8.json,phosphorus_P2O5_singlescore_9.json,potassium_K2O_singlescore_10.json,0.159949314,0.05254955599999999,0.0,0.21249887
C5_2022,C5,2022,tonne,"Resource use, fossils",Pt,,,,20.7,3.34,0.0,252626.08020000003,232942.92750000002,229857.6558,1 kg N,1 kg P2O5,1 kg K2O,,,,nitrogen_N_singlescore_8.json,phosphorus_P2O5_singlescore_9.json,potassium_K2O_singlescore_10.json,5229359.8601400005,778029.37785,0.0,6007389.23799
C5_2022,C5,2022,tonne,"Resource use, minerals and metals",Pt,,,,20.7,3.34,0.0,1.3007999999999998e-07,2.5872e-07,2.472e-07,1 kg N,1 kg P2O5,1 kg K2O,,,,nitrogen_N_singlescore_8.json,phosphorus_P2O5_singlescore_9.json,potassium_K2O_singlescore_10.json,2.6926559999999997e-06,8.641247999999999e-07,0.0,3.5567807999999994e-06
C5_2022,C5,2022,tonne,Total,Pt,,,,20.7,3.34,0.0,519378.6717280199,3764220.789358167,3484059.454128132,1 kg N,1 kg P2O5,1 kg K2O,,,,nitrogen_N_singlescore_8.json,phosphorus_P2O5_singlescore_9.json,potassium_K2O_singlescore_10.json,10751138.50477001,12572497.436456278,0.0,23323635.94122629
C5_2022,C5,2022,tonne,Water use,Pt,,,,20.7,3.34,0.0,210.37731,1554.109634,1161.545319,1 kg N,1 kg P2O5,1 kg K2O,,,,nitrogen_N_singlescore_8.json,phosphorus_P2O5_singlescore_9.json,potassium_K2O_singlescore_10.json,4354.8103169999995,5190.726177559999,0.0,9545.536494559998
C5_2023,C5,2023,tonne,Acidification,Pt,,,,48.0,19.1,3.85,0.19821624,0.09966368,0.06340608,1 kg N,1 kg P2O5,1 kg K2O,,,,nitrogen_N_singlescore_8.json,phosphorus_P2O5_singlescore_9.json,potassium_K2O_singlescore_10.json,9.514379519999999,1.9035762880000002,0.24411340800000003,11.662069215999999
C5_2023,C5,2023,tonne,Climate change,Pt,,,,48.0,19.1,3.85,6645.07914,5038.05543,4986.658170000001,1 kg N,1 kg P2O5,1 kg K2O,,,,nitrogen_N_singlescore_8.json,phosphorus_P2O5_singlescore_9.json,potassium_K2O_singlescore_10.json,318963.79871999996,96226.85871300001,19198.6339545,434389.2913875
C5_2023,C5,2023,tonne,Climate change - Biogenic,Pt,,,,48.0,19.1,3.85,0.0,0.0,0.0,1 kg N,1 kg P2O5,1 kg K2O,,,,nitrogen_N_singlescore_8.json,phosphorus_P2O5_singlescore_9.json,potassium_K2O_singlescore_10.json,0.0,0.0,0.0,0.0
C5_2023,C5,2023,tonne,Climate change - Fossil,Pt,,,,48.0,19.1,3.85,0.0,0.0,0.0,1 kg N,1 kg P2O5,1 kg K2O,,,,nitrogen_N_singlescore_8.json,phosphorus_P2O5_singlescore_9.json,potassium_K2O_singlescore_10.json,0.0,0.0,0.0,0.0
C5_2023,C5,2023,tonne,Climate change - Land use and LU change,Pt,,,,48.0,19.1,3.85,0.0,0.0,0.0,1 kg N,1 kg P2O5,1 kg K2O,,,,nitrogen_N_singlescore_8.json,phosphorus_P2O5_singlescore_9.json,potassium_K2O_singlescore_10.json,0.0,0.0,0.0,0.0
C5_2023,C5,2023,tonne,"Ecotoxicity, freshwater",Pt,,,,48.0,19.1,3.85,5565.61551,90293.99429999999,458127.314,1 kg N,1 kg P2O5,1 kg K2O,,,,nitrogen_N_singlescore_8.json,phosphorus_P2O5_singlescore_9.json,potassium_K2O_singlescore_10.json,267149.54448,1724615.29113,1763790.1589000002,3755554.99451
C5_2023,C5,2023,tonne,"Ecotoxicity, freshwater - inorganics",Pt,,,,48.0,19.1,3.85,0.0,0.0,0.0,1 kg N,1 kg P2O5,1 kg K2O,,,,nitrogen_N_singlescore_8.json,phosphorus_P2O5_singlescore_9.json,potassium_K2O_singlescore_10.json,0.0,0.0,0.0,0.0
C5_2023,C5,2023,tonne,"Ecotoxicity, freshwater - metals",Pt,,,,48.0,19.1,3.85,0.0,0.0,0.0,1 kg N,1 kg P2O5,1 kg K2O,,,,nitrogen_N_singlescore_8.json,phosphorus_P2O5_singlescore_9.json,potassium_K2O_singlescore_10.json,0.0,0.0,0.0,0.0
C5_2023,C5,2023,tonne,"Ecotoxicity, freshwater - organics",Pt,,,,48.0,19.1,3.85,0.0,0.0,0.0,1 kg N,1 kg P2O5,1 kg K2O,,,,nitrogen_N_singlescore_8.json,phosphorus_P2O5_singlescore_9.json,potassium_K2O_singlescore_10.json,0.0,0.0,0.0,0.0
C5_2023,C5,2023,tonne,"Eutrophication, freshwater",Pt,,,,48.0,19.1,3.85,4.5732e-06,1.96112e-05,1.2730799999999998e-05,1 kg N,1 kg P2O5,1 kg K2O,,,,nitrogen_N_singlescore_8.json,phosphorus_P2O5_singlescore_9.json,potassium_K2O_singlescore_10.json,0.0002195136,0.00037457392,4.901357999999999e-05,0.0006431010999999999
C5_2023,C5,2023,tonne,"Eutrophication, marine",Pt,,,,48.0,19.1,3.85,0.002243326,0.002318746,0.002428524,1 kg N,1 kg P2O5,1 kg K2O,,,,nitrogen_N_singlescore_8.json,phosphorus_P2O5_singlescore_9.json,potassium_K2O_singlescore_10.json,0.10767964799999999,0.044288048600000005,0.0093498174,0.16131751399999997
C5_2023,C5,2023,tonne,"Eutrophication, terrestrial",Pt,,,,48.0,19.1,3.85,1.58592573,0.34276347,0.38357631,1 kg N,1 kg P2O5,1 kg K2O,,,,nitrogen_N_singlescore_8.json,phosphorus_P2O5_singlescore_9.json,potassium_K2O_singlescore_10.json,76.12443504000001,6.546782277000001,1.4767687935,84.14798611050001
C5_2023,C5,2023,tonne,"Human toxicity, cancer",Pt,,,,48.0,19.1,3.85,4.3788000000000003e-16,2.0828e-15,1.4514e-15,1 kg N,1 kg P2O5,1 kg K2O,,,,nitrogen_N_singlescore_8.json,phosphorus_P2O5_singlescore_9.json,potassium_K2O_singlescore_10.json,2.1018240000000003e-14,3.978148e-14,5.58789e-15,6.638761000000001e-14
C5_2023,C5,2023,tonne,"Human toxicity, cancer - inorganics",Pt,,,,48.0,19.1,3.85,0.0,0.0,0.0,1 kg N,1 kg P2O5,1 kg K2O,,,,nitrogen_N_singlescore_8.json,phosphorus_P2O5_singlescore_9.json,potassium_K2O_singlescore_10.json,0.0,0.0,0.0,0.0
C5_2023,C5,2023,tonne,"Human toxicity, cancer - metals",Pt,,,,48.0,19.1,3.85,0.0,0.0,0.0,1 kg N,1 kg P2O5,1 kg K2O,,,,nitrogen_N_singlescore_8.json,phosphorus_P2O5_singlescore_9.json,potassium_K2O_singlescore_10.json,0.0,0.0,0.0,0.0
C5_2023,C5,2023,tonne,"Human toxicity, cancer - organics",Pt,,,,48.0,19.1,3.85,0.0,0.0,0.0,1 kg N,1 kg P2O5,1 kg K2O,,,,nitrogen_N_singlescore_8.json,phosphorus_P2O5_singlescore_9.json,potassium_K2O_singlescore_10.json,0.0,0.0,0.0,0.0
C5_2023,C5,2023,tonne,"Human toxicity, non-cancer",Pt,,,,48.0,19.1,3.85,1.748e-13,5.67226e-13,8.652599999999999e-13,1 kg N,1 kg P2O5,1 kg K2O,,,,nitrogen_N_singlescore_8.json,phosphorus_P2O5_singlescore_9.json,potassium_K2O_singlescore_10.json,8.3904e-12,1.0834016600000002e-11,3.3312509999999997e-12,2.2555667600000004e-11
C5_2023,C5,2023,tonne,"Human toxicity, non-cancer - inorganics",Pt,,,,48.0,19.1,3.85,0.0,0.0,0.0,1 kg N,1 kg P2O5,1 kg K2O,,,,nitrogen_N_singlescore_8.json,phosphorus_P2O5_singlescore_9.json,potassium_K2O_singlescore_10.json,0.0,0.0,0.0,0.0
C5_2023,C5,2023,tonne,"Human toxicity, non-cancer - metals",Pt,,,,48.0,19.1,3.85,0.0,0.0,0.0,1 kg N,1 kg P2O5,1 kg K2O,,,,nitrogen_N_singlescore_8.json,phosphorus_P2O5_singlescore_9.json,potassium_K2O_singlescore_10.json,0.0,0.0,0.0,0.0
C5_2023,C5,2023,tonne,"Human toxicity, non-cancer - organics",Pt,,,,48.0,19.1,3.85,0.0,0.0,0.0,1 kg N,1 kg P2O5,1 kg K2O,,,,nitrogen_N_singlescore_8.json,phosphorus_P2O5_singlescore_9.json,potassium_K2O_singlescore_10.json,0.0,0.0,0.0,0.0
C5_2023,C5,2023,tonne,Ionising radiation,Pt,,,,48.0,19.1,3.85,21.066451,71.22199499999999,51.815903000000006,1 kg N,1 kg P2O5,1 kg K2O,,,,nitrogen_N_singlescore_8.json,phosphorus_P2O5_singlescore_9.json,potassium_K2O_singlescore_10.json,1011.189648,1360.3401045,199.49122655000002,2571.0209790500003
C5_2023,C5,2023,tonne,Land use,Pt,,,,48.0,19.1,3.85,254308.65899999999,3434320.02,2789874.0,1 kg N,1 kg P2O5,1 kg K2O,,,,nitrogen_N_singlescore_8.json,phosphorus_P2O5_singlescore_9.json,potassium_K2O_singlescore_10.json,12206815.632,65595512.38200001,10741014.9,88543342.914
C5_2023,C5,2023,tonne,Ozone depletion,Pt,,,,48.0,19.1,3.85,5.2984e-10,5.1356e-10,5.8312e-10,1 kg N,1 kg P2O5,1 kg K2O,,,,nitrogen_N_singlescore_8.json,phosphorus_P2O5_singlescore_9.json,potassium_K2O_singlescore_10.json,2.5432320000000002e-08,9.808996e-09,2.245012e-09,3.7486328e-08
C5_2023,C5,2023,tonne,Particulate matter,Pt,,,,48.0,19.1,3.85,2.56557e-11,1.5046200000000003e-11,1.45961e-11,1 kg N,1 kg P2O5,1 kg K2O,,,,nitrogen_N_singlescore_8.json,phosphorus_P2O5_singlescore_9.json,potassium_K2O_singlescore_10.json,1.2314736e-09,2.8738242000000007e-10,5.6194985000000004e-11,1.575051005e-09
C5_2023,C5,2023,tonne,Photochemical ozone formation,Pt,,,,48.0,19.1,3.85,0.00772702,0.015733399999999998,0.015512239999999998,1 kg N,1 kg P2O5,1 kg K2O,,,,nitrogen_N_singlescore_8.json,phosphorus_P2O5_singlescore_9.json,potassium_K2O_singlescore_10.json,0.37089696,0.30050794,0.059722123999999994,0.731127024
C5_2023,C5,2023,tonne,"Resource use, fossils",Pt,,,,48.0,19.1,3.85,252626.08020000003,232942.92750000002,229857.6558,1 kg N,1 kg P2O5,1 kg K2O,,,,nitrogen_N_singlescore_8.json,phosphorus_P2O5_singlescore_9.json,potassium_K2O_singlescore_10.json,12126051.849600002,4449209.915250001,884951.9748300001,17460213.739680003
C5_2023,C5,2023,tonne,"Resource use, minerals and metals",Pt,,,,48.0,19.1,3.85,1.3007999999999998e-07,2.5872e-07,2.472e-07,1 kg N,1 kg P2O5,1 kg K2O,,,,nitrogen_N_singlescore_8.json,phosphorus_P2O5_singlescore_9.json,potassium_K2O_singlescore_10.json,6.243839999999999e-06,4.941552e-06,9.5172e-07,1.2137111999999997e-05
C5_2023,C5,2023,tonne,Total,Pt,,,,48.0,19.1,3.85,519378.6717280199,3764220.789358167,3484059.454128132,1 kg N,1 kg P2O5,1 kg K2O,,,,nitrogen_N_singlescore_8.json,phosphorus_P2O5_singlescore_9.json,potassium_K2O_singlescore_10.json,24930176.242944956,71896617.076741,13413628.898393309,110240422.21807925
C5_2023,C5,2023,tonne,Water use,Pt,,,,48.0,19.1,3.85,210.37731,1554.109634,1161.545319,1 kg N,1 kg P2O5,1 kg K2O,,,,nitrogen_N_singlescore_8.json,phosphorus_P2O5_singlescore_9.json,potassium_K2O_singlescore_10.json,10098.11088,29683.4940094,4471.949478150001,44253.55436755
C5_2024,C5,2024,tonne,Acidification,Pt,,,,11.41,2.44,0.0,0.19821624,0.09966368,0.06340608,1 kg N,1 kg P2O5,1 kg K2O,,,,nitrogen_N_singlescore_8.json,phosphorus_P2O5_singlescore_9.json,potassium_K2O_singlescore_10.json,2.2616472984,0.24317937920000002,0.0,2.5048266775999997
C5_2024,C5,2024,tonne,Climate change,Pt,,,,11.41,2.44,0.0,6645.07914,5038.05543,4986.658170000001,1 kg N,1 kg P2O5,1 kg K2O,,,,nitrogen_N_singlescore_8.json,phosphorus_P2O5_singlescore_9.json,potassium_K2O_singlescore_10.json,75820.3529874,12292.8552492,0.0,88113.2082366
C5_2024,C5,2024,tonne,Climate change - Biogenic,Pt,,,,11.41,2.44,0.0,0.0,0.0,0.0,1 kg N,1 kg P2O5,1 kg K2O,,,,nitrogen_N_singlescore_8.json,phosphorus_P2O5_singlescore_9.json,potassium_K2O_singlescore_10.json,0.0,0.0,0.0,0.0
C5_2024,C5,2024,tonne,Climate change - Fossil,Pt,,,,11.41,2.44,0.0,0.0,0.0,0.0,1 kg N,1 kg P2O5,1 kg K2O,,,,nitrogen_N_singlescore_8.json,phosphorus_P2O5_singlescore_9.json,potassium_K2O_singlescore_10.json,0.0,0.0,0.0,0.0
C5_2024,C5,2024,tonne,Climate change - Land use and LU change,Pt,,,,11.41,2.44,0.0,0.0,0.0,0.0,1 kg N,1 kg P2O5,1 kg K2O,,,,nitrogen_N_singlescore_8.json,phosphorus_P2O5_singlescore_9.json,potassium_K2O_singlescore_10.json,0.0,0.0,0.0,0.0
C5_2024,C5,2024,tonne,"Ecotoxicity, freshwater",Pt,,,,11.41,2.44,0.0,5565.61551,90293.99429999999,458127.314,1 kg N,1 kg P2O5,1 kg K2O,,,,nitrogen_N_singlescore_8.json,phosphorus_P2O5_singlescore_9.json,potassium_K2O_singlescore_10.json,63503.6729691,220317.34609199996,0.0,283821.01906109997
C5_2024,C5,2024,tonne,"Ecotoxicity, freshwater - inorganics",Pt,,,,11.41,2.44,0.0,0.0,0.0,0.0,1 kg N,1 kg P2O5,1 kg K2O,,,,nitrogen_N_singlescore_8.json,phosphorus_P2O5_singlescore_9.json,potassium_K2O_singlescore_10.json,0.0,0.0,0.0,0.0
C5_2024,C5,2024,tonne,"Ecotoxicity, freshwater - metals",Pt,,,,11.41,2.44,0.0,0.0,0.0,0.0,1 kg N,1 kg P2O5,1 kg K2O,,,,nitrogen_N_singlescore_8.json,phosphorus_P2O5_singlescore_9.json,potassium_K2O_singlescore_10.json,0.0,0.0,0.0,0.0
C5_2024,C5,2024,tonne,"Ecotoxicity, freshwater - organics",Pt,,,,11.41,2.44,0.0,0.0,0.0,0.0,1 kg N,1 kg P2O5,1 kg K2O,,,,nitrogen_N_singlescore_8.json,phosphorus_P2O5_singlescore_9.json,potassium_K2O_singlescore_10.json,0.0,0.0,0.0,0.0
C5_2024,C5,2024,tonne,"Eutrophication, freshwater",Pt,,,,11.41,2.44,0.0,4.5732e-06,1.96112e-05,1.2730799999999998e-05,1 kg N,1 kg P2O5,1 kg K2O,,,,nitrogen_N_singlescore_8.json,phosphorus_P2O5_singlescore_9.json,potassium_K2O_singlescore_10.json,5.2180212e-05,4.7851328e-05,0.0,0.00010003154
C5_2024,C5,2024,tonne,"Eutrophication, marine",Pt,,,,11.41,2.44,0.0,0.002243326,0.002318746,0.002428524,1 kg N,1 kg P2O5,1 kg K2O,,,,nitrogen_N_singlescore_8.json,phosphorus_P2O5_singlescore_9.json,potassium_K2O_singlescore_10.json,0.02559634966,0.0056577402399999996,0.0,0.0312540899
C5_2024,C5,2024,tonne,"Eutrophication, terrestrial",Pt,,,,11.41,2.44,0.0,1.58592573,0.34276347,0.38357631,1 kg N,1 kg P2O5,1 kg K2O,,,,nitrogen_N_singlescore_8.json,phosphorus_P2O5_singlescore_9.json,potassium_K2O_singlescore_10.json,18.0954125793,0.8363428668,0.0,18.9317554461
C5_2024,C5,2024,tonne,"Human toxicity, cancer",Pt,,,,11.41,2.44,0.0,4.3788000000000003e-16,2.0828e-15,1.4514e-15,1 kg N,1 kg P2O5,1 kg K2O,,,,nitrogen_N_singlescore_8.json,phosphorus_P2O5_singlescore_9.json,potassium_K2O_singlescore_10.json,4.996210800000001e-15,5.082031999999999e-15,0.0,1.00782428e-14
C5_2024,C5,2024,tonne,"Human toxicity, cancer - inorganics",Pt,,,,11.41,2.44,0.0,0.0,0.0,0.0,1 kg N,1 kg P2O5,1 kg K2O,,,,nitrogen_N_singlescore_8.json,phosphorus_P2O5_singlescore_9.json,potassium_K2O_singlescore_10.json,0.0,0.0,0.0,0.0
C5_2024,C5,2024,tonne,"Human toxicity, cancer - metals",Pt,,,,11.41,2.44,0.0,0.0,0.0,0.0,1 kg N,1 kg P2O5,1 kg K2O,,,,nitrogen_N_singlescore_8.json,phosphorus_P2O5_singlescore_9.json,potassium_K2O_singlescore_10.json,0.0,0.0,0.0,0.0
C5_2024,C5,2024,tonne,"Human toxicity, cancer - organics",Pt,,,,11.41,2.44,0.0,0.0,0.0,0.0,1 kg N,1 kg P2O5,1 kg K2O,,,,nitrogen_N_singlescore_8.json,phosphorus_P2O5_singlescore_9.json,potassium_K2O_singlescore_10.json,0.0,0.0,0.0,0.0
C5_2024,C5,2024,tonne,"Human toxicity, non-cancer",Pt,,,,11.41,2.44,0.0,1.748e-13,5.67226e-13,8.652599999999999e-13,1 kg N,1 kg P2O5,1 kg K2O,,,,nitrogen_N_singlescore_8.json,phosphorus_P2O5_singlescore_9.json,potassium_K2O_singlescore_10.json,1.994468e-12,1.38403144e-12,0.0,3.37849944e-12
C5_2024,C5,2024,tonne,"Human toxicity, non-cancer - inorganics",Pt,,,,11.41,2.44,0.0,0.0,0.0,0.0,1 kg N,1 kg P2O5,1 kg K2O,,,,nitrogen_N_singlescore_8.json,phosphorus_P2O5_singlescore_9.json,potassium_K2O_singlescore_10.json,0.0,0.0,0.0,0.0
C5_2024,C5,2024,tonne,"Human toxicity, non-cancer - metals",Pt,,,,11.41,2.44,0.0,0.0,0.0,0.0,1 kg N,1 kg P2O5,1 kg K2O,,,,nitrogen_N_singlescore_8.json,phosphorus_P2O5_singlescore_9.json,potassium_K2O_singlescore_10.json,0.0,0.0,0.0,0.0
C5_2024,C5,2024,tonne,"Human toxicity, non-cancer - organics",Pt,,,,11.41,2.44,0.0,0.0,0.0,0.0,1 kg N,1 kg P2O5,1 kg K2O,,,,nitrogen_N_singlescore_8.json,phosphorus_P2O5_singlescore_9.json,potassium_K2O_singlescore_10.json,0.0,0.0,0.0,0.0
C5_2024,C5,2024,tonne,Ionising radiation,Pt,,,,11.41,2.44,0.0,21.066451,71.22199499999999,51.815903000000006,1 kg N,1 kg P2O5,1 kg K2O,,,,nitrogen_N_singlescore_8.json,phosphorus_P2O5_singlescore_9.json,potassium_K2O_singlescore_10.json,240.36820591,173.78166779999998,0.0,414.14987370999995
C5_2024,C5,2024,tonne,Land use,Pt,,,,11.41,2.44,0.0,254308.65899999999,3434320.02,2789874.0,1 kg N,1 kg P2O5,1 kg K2O,,,,nitrogen_N_singlescore_8.json,phosphorus_P2O5_singlescore_9.json,potassium_K2O_singlescore_10.json,2901661.7991899997,8379740.8488,0.0,11281402.64799
C5_2024,C5,2024,tonne,Ozone depletion,Pt,,,,11.41,2.44,0.0,5.2984e-10,5.1356e-10,5.8312e-10,1 kg N,1 kg P2O5,1 kg K2O,,,,nitrogen_N_singlescore_8.json,phosphorus_P2O5_singlescore_9.json,potassium_K2O_singlescore_10.json,6.0454744e-09,1.2530864000000002e-09,0.0,7.2985608e-09
C5_2024,C5,2024,tonne,Particulate matter,Pt,,,,11.41,2.44,0.0,2.56557e-11,1.5046200000000003e-11,1.45961e-11,1 kg N,1 kg P2O5,1 kg K2O,,,,nitrogen_N_singlescore_8.json,phosphorus_P2O5_singlescore_9.json,potassium_K2O_singlescore_10.json,2.9273153700000003e-10,3.6712728000000006e-11,0.0,3.2944426500000003e-10
C5_2024,C5,2024,tonne,Photochemical ozone formation,Pt,,,,11.41,2.44,0.0,0.00772702,0.015733399999999998,0.015512239999999998,1 kg N,1 kg P2O5,1 kg K2O,,,,nitrogen_N_singlescore_8.json,phosphorus_P2O5_singlescore_9.json,potassium_K2O_singlescore_10.json,0.0881652982,0.038389495999999995,0.0,0.1265547942
C5_2024,C5,2024,tonne,"Resource use, fossils",Pt,,,,11.41,2.44,0.0,252626.08020000003,232942.92750000002,229857.6558,1 kg N,1 kg P2O5,1 kg K2O,,,,nitrogen_N_singlescore_8.json,phosphorus_P2O5_singlescore_9.json,potassium_K2O_singlescore_10.json,2882463.5750820003,568380.7431000001,0.0,3450844.3181820004
C5_2024,C5,2024,tonne,"Resource use, minerals and metals",Pt,,,,11.41,2.44,0.0,1.3007999999999998e-07,2.5872e-07,2.472e-07,1 kg N,1 kg P2O5,1 kg K2O,,,,nitrogen_N_singlescore_8.json,phosphorus_P2O5_singlescore_9.json,potassium_K2O_singlescore_10.json,1.4842127999999998e-06,6.312767999999999e-07,0.0,2.1154896e-06
C5_2024,C5,2024,tonne,Total,Pt,,,,11.41,2.44,0.0,519378.6717280199,3764220.789358167,3484059.454128132,1 kg N,1 kg P2O5,1 kg K2O,,,,nitrogen_N_singlescore_8.json,phosphorus_P2O5_singlescore_9.json,potassium_K2O_singlescore_10.json,5926110.644416707,9184698.726033928,0.0,15110809.370450635
C5_2024,C5,2024,tonne,Water use,Pt,,,,11.41,2.44,0.0,210.37731,1554.109634,1161.545319,1 kg N,1 kg P2O5,1 kg K2O,,,,nitrogen_N_singlescore_8.json,phosphorus_P2O5_singlescore_9.json,potassium_K2O_singlescore_10.json,2400.4051071,3792.0275069599998,0.0,6192.43261406
C6_2022,C6,2022,tonne,Acidification,Pt,,,,54.89,33.49,0.0,0.19821624,0.09966368,0.06340608,1 kg N,1 kg P2O5,1 kg K2O,,,,nitrogen_N_singlescore_8.json,phosphorus_P2O5_singlescore_9.json,potassium_K2O_singlescore_10.json,10.880089413599999,3.3377366432000004,0.0,14.2178260568
C6_2022,C6,2022,tonne,Climate change,Pt,,,,54.89,33.49,0.0,6645.07914,5038.05543,4986.658170000001,1 kg N,1 kg P2O5,1 kg K2O,,,,nitrogen_N_singlescore_8.json,phosphorus_P2O5_singlescore_9.json,potassium_K2O_singlescore_10.json,364748.3939946,168724.47635070002,0.0,533472.8703453001
C6_2022,C6,2022,tonne,Climate change - Biogenic,Pt,,,,54.89,33.49,0.0,0.0,0.0,0.0,1 kg N,1 kg P2O5,1 kg K2O,,,,nitrogen_N_singlescore_8.json,phosphorus_P2O5_singlescore_9.json,potassium_K2O_singlescore_10.json,0.0,0.0,0.0,0.0
C6_2022,C6,2022,tonne,Climate change - Fossil,Pt,,,,54.89,33.49,0.0,0.0,0.0,0.0,1 kg N,1 kg P2O5,1 kg K2O,,,,nitrogen_N_singlescore_8.json,phosphorus_P2O5_singlescore_9.json,potassium_K2O_singlescore_10.json,0.0,0.0,0.0,0.0
C6_2022,C6,2022,tonne,Climate change - Land use and LU change,Pt,,,,54.89,33.49,0.0,0.0,0.0,0.0,1 kg N,1 kg P2O5,1 kg K2O,,,,nitrogen_N_singlescore_8.json,phosphorus_P2O5_singlescore_9.json,potassium_K2O_singlescore_10.json,0.0,0.0,0.0,0.0
C6_2022,C6,2022,tonne,"Ecotoxicity, freshwater",Pt,,,,54.89,33.49,0.0,5565.61551,90293.99429999999,458127.314,1 kg N,1 kg P2O5,1 kg K2O,,,,nitrogen_N_singlescore_8.json,phosphorus_P2O5_singlescore_9.json,potassium_K2O_singlescore_10.json,305496.6353439,3023945.869107,0.0,3329442.5044509
C6_2022,C6,2022,tonne,"Ecotoxicity, freshwater - inorganics",Pt,,,,54.89,33.49,0.0,0.0,0.0,0.0,1 kg N,1 kg P2O5,1 kg K2O,,,,nitrogen_N_singlescore_8.json,phosphorus_P2O5_singlescore_9.json,potassium_K2O_singlescore_10.json,0.0,0.0,0.0,0.0
C6_2022,C6,2022,tonne,"Ecotoxicity, freshwater - metals",Pt,,,,54.89,33.49,0.0,0.0,0.0,0.0,1 kg N,1 kg P2O5,1 kg K2O,,,,nitrogen_N_singlescore_8.json,phosphorus_P2O5_singlescore_9.json,potassium_K2O_singlescore_10.json,0.0,0.0,0.0,0.0
C6_2022,C6,2022,tonne,"Ecotoxicity, freshwater - organics",Pt,,,,54.89,33.49,0.0,0.0,0.0,0.0,1 kg N,1 kg P2O5,1 kg K2O,,,,nitrogen_N_singlescore_8.json,phosphorus_P2O5_singlescore_9.json,potassium_K2O_singlescore_10.json,0.0,0.0,0.0,0.0
C6_2022,C6,2022,tonne,"Eutrophication, freshwater",Pt,,,,54.89,33.49,0.0,4.5732e-06,1.96112e-05,1.2730799999999998e-05,1 kg N,1 kg P2O5,1 kg K2O,,,,nitrogen_N_singlescore_8.json,phosphorus_P2O5_singlescore_9.json,potassium_K2O_singlescore_10.json,0.000251022948,0.000656779088,0.0,0.0009078020359999999
C6_2022,C6,2022,tonne,"Eutrophication, marine",Pt,,,,54.89,33.49,0.0,0.002243326,0.002318746,0.002428524,1 kg N,1 kg P2O5,1 kg K2O,,,,nitrogen_N_singlescore_8.json,phosphorus_P2O5_singlescore_9.json,potassium_K2O_singlescore_10.json,0.12313616413999999,0.07765480354000001,0.0,0.20079096768
C6_2022,C6,2022,tonne,"Eutrophication, terrestrial",Pt,,,,54.89,33.49,0.0,1.58592573,0.34276347,0.38357631,1 kg N,1 kg P2O5,1 kg K2O,,,,nitrogen_N_singlescore_8.json,phosphorus_P2O5_singlescore_9.json,potassium_K2O_singlescore_10.json,87.0514633197,11.479148610300001,0.0,98.53061193
C6_2022,C6,2022,tonne,"Human toxicity, cancer",Pt,,,,54.89,33.49,0.0,4.3788000000000003e-16,2.0828e-15,1.4514e-15,1 kg N,1 kg P2O5,1 kg K2O,,,,nitrogen_N_singlescore_8.json,phosphorus_P2O5_singlescore_9.json,potassium_K2O_singlescore_10.json,2.40352332e-14,6.9752972e-14,0.0,9.37882052e-14
C6_2022,C6,2022,tonne,"Human toxicity, cancer - inorganics",Pt,,,,54.89,33.49,0.0,0.0,0.0,0.0,1 kg N,1 kg P2O5,1 kg K2O,,,,nitrogen_N_singlescore_8.json,phosphorus_P2O5_singlescore_9.json,potassium_K2O_singlescore_10.json,0.0,0.0,0.0,0.0
C6_2022,C6,2022,tonne,"Human toxicity, cancer - metals",Pt,,,,54.89,33.49,0.0,0.0,0.0,0.0,1 kg N,1 kg P2O5,1 kg K2O,,,,nitrogen_N_singlescore_8.json,phosphorus_P2O5_singlescore_9.json,potassium_K2O_singlescore_10.json,0.0,0.0,0.0,0.0
C6_2022,C6,2022,tonne,"Human toxicity, cancer - organics",Pt,,,,54.89,33.49,0.0,0.0,0.0,0.0,1 kg N,1 kg P2O5,1 kg K2O,,,,nitrogen_N_singlescore_8.json,phosphorus_P2O5_singlescore_9.json,potassium_K2O_singlescore_10.json,0.0,0.0,0.0,0.0
C6_2022,C6,2022,tonne,"Human toxicity, non-cancer",Pt,,,,54.89,33.49,0.0,1.748e-13,5.67226e-13,8.652599999999999e-13,1 kg N,1 kg P2O5,1 kg K2O,,,,nitrogen_N_singlescore_8.json,phosphorus_P2O5_singlescore_9.json,potassium_K2O_singlescore_10.json,9.594772e-12,1.8996398740000003e-11,0.0,2.859117074e-11
C6_2022,C6,2022,tonne,"Human toxicity, non-cancer - inorganics",Pt,,,,54.89,33.49,0.0,0.0,0.0,0.0,1 kg N,1 kg P2O5,1 kg K2O,,,,nitrogen_N_singlescore_8.json,phosphorus_P2O5_singlescore_9.json,potassium_K2O_singlescore_10.json,0.0,0.0,0.0,0.0
C6_2022,C6,2022,tonne,"Human toxicity, non-cancer - metals",Pt,,,,54.89,33.49,0.0,0.0,0.0,0.0,1 kg N,1 kg P2O5,1 kg K2O,,,,nitrogen_N_singlescore_8.json,phosphorus_P2O5_singlescore_9.json,potassium_K2O_singlescore_10.json,0.0,0.0,0.0,0.0
C6_2022,C6,2022,tonne,"Human toxicity, non-cancer - organics",Pt,,,,54.89,33.49,0.0,0.0,0.0,0.0,1 kg N,1 kg P2O5,1 kg K2O,,,,nitrogen_N_singlescore_8.json,phosphorus_P2O5_singlescore_9.json,potassium_K2O_singlescore_10.json,0.0,0.0,0.0,0.0
C6_2022,C6,2022,tonne,Ionising radiation,Pt,,,,54.89,33.49,0.0,21.066451,71.22199499999999,51.815903000000006,1 kg N,1 kg P2O5,1 kg K2O,,,,nitrogen_N_singlescore_8.json,phosphorus_P2O5_singlescore_9.json,potassium_K2O_singlescore_10.json,1156.33749539,2385.22461255,0.0,3541.56210794
C6_2022,C6,2022,tonne,Land use,Pt,,,,54.89,33.49,0.0,254308.65899999999,3434320.02,2789874.0,1 kg N,1 kg P2O5,1 kg K2O,,,,nitrogen_N_singlescore_8.json,phosphorus_P2O5_singlescore_9.json,potassium_K2O_singlescore_10.json,13959002.29251,115015377.46980001,0.0,128974379.76231001
C6_2022,C6,2022,tonne,Ozone depletion,Pt,,,,54.89,33.49,0.0,5.2984e-10,5.1356e-10,5.8312e-10,1 kg N,1 kg P2O5,1 kg K2O,,,,nitrogen_N_singlescore_8.json,phosphorus_P2O5_singlescore_9.json,potassium_K2O_singlescore_10.json,2.90829176e-08,1.71991244e-08,0.0,4.6282042e-08
C6_2022,C6,2022,tonne,Particulate matter,Pt,,,,54.89,33.49,0.0,2.56557e-11,1.5046200000000003e-11,1.45961e-11,1 kg N,1 kg P2O5,1 kg K2O,,,,nitrogen_N_singlescore_8.json,phosphorus_P2O5_singlescore_9.json,potassium_K2O_singlescore_10.json,1.408241373e-09,5.038972380000001e-10,0.0,1.9121386110000003e-09
C6_2022,C6,2022,tonne,Photochemical ozone formation,Pt,,,,54.89,33.49,0.0,0.00772702,0.015733399999999998,0.015512239999999998,1 kg N,1 kg P2O5,1 kg K2O,,,,nitrogen_N_singlescore_8.json,phosphorus_P2O5_singlescore_9.json,potassium_K2O_singlescore_10.json,0.42413612780000004,0.526911566,0.0,0.9510476938000001
C6_2022,C6,2022,tonne,"Resource use, fossils",Pt,,,,54.89,33.49,0.0,252626.08020000003,232942.92750000002,229857.6558,1 kg N,1 kg P2O5,1 kg K2O,,,,nitrogen_N_singlescore_8.json,phosphorus_P2O5_singlescore_9.json,potassium_K2O_singlescore_10.json,13866645.542178001,7801258.641975001,0.0,21667904.184153
C6_2022,C6,2022,tonne,"Resource use, minerals and metals",Pt,,,,54.89,33.49,0.0,1.3007999999999998e-07,2.5872e-07,2.472e-07,1 kg N,1 kg P2O5,1 kg K2O,,,,nitrogen_N_singlescore_8.json,phosphorus_P2O5_singlescore_9.json,potassium_K2O_singlescore_10.json,7.140091199999999e-06,8.6645328e-06,0.0,1.5804624e-05
C6_2022,C6,2022,tonne,Total,Pt,,,,54.89,33.49,0.0,519378.6717280199,3764220.789358167,3484059.454128132,1 kg N,1 kg P2O5,1 kg K2O,,,,nitrogen_N_singlescore_8.json,phosphorus_P2O5_singlescore_9.json,potassium_K2O_singlescore_10.json,28508695.291151013,126063754.23560502,0.0,154572449.52675602
C6_2022,C6,2022,tonne,Water use,Pt,,,,54.89,33.49,0.0,210.37731,1554.109634,1161.545319,1 kg N,1 kg P2O5,1 kg K2O,,,,nitrogen_N_singlescore_8.json,phosphorus_P2O5_singlescore_9.json,potassium_K2O_singlescore_10.json,11547.6105459,52047.13164266,0.0,63594.742188560005
C6_2023,C6,2023,tonne,Acidification,Pt,,,,46.7,7.5,9.38,0.19821624,0.09966368,0.06340608,1 kg N,1 kg P2O5,1 kg K2O,,,,nitrogen_N_singlescore_8.json,phosphorus_P2O5_singlescore_9.json,potassium_K2O_singlescore_10.json,9.256698408,0.7474776000000001,0.5947490304,10.5989250384
C6_2023,C6,2023,tonne,Climate change,Pt,,,,46.7,7.5,9.38,6645.07914,5038.05543,4986.658170000001,1 kg N,1 kg P2O5,1 kg K2O,,,,nitrogen_N_singlescore_8.json,phosphorus_P2O5_singlescore_9.json,potassium_K2O_singlescore_10.json,310325.195838,37785.415725,46774.85363460001,394885.4651976
C6_2023,C6,2023,tonne,Climate change - Biogenic,Pt,,,,46.7,7.5,9.38,0.0,0.0,0.0,1 kg N,1 kg P2O5,1 kg K2O,,,,nitrogen_N_singlescore_8.json,phosphorus_P2O5_singlescore_9.json,potassium_K2O_singlescore_10.json,0.0,0.0,0.0,0.0
C6_2023,C6,2023,tonne,Climate change - Fossil,Pt,,,,46.7,7.5,9.38,0.0,0.0,0.0,1 kg N,1 kg P2O5,1 kg K2O,,,,nitrogen_N_singlescore_8.json,phosphorus_P2O5_singlescore_9.json,potassium_K2O_singlescore_10.json,0.0,0.0,0.0,0.0
C6_2023,C6,2023,tonne,Climate change - Land use and LU change,Pt,,,,46.7,7.5,9.38,0.0,0.0,0.0,1 kg N,1 kg P2O5,1 kg K2O,,,,nitrogen_N_singlescore_8.json,phosphorus_P2O5_singlescore_9.json,potassium_K2O_singlescore_10.json,0.0,0.0,0.0,0.0
C6_2023,C6,2023,tonne,"Ecotoxicity, freshwater",Pt,,,,46.7,7.5,9.38,5565.61551,90293.99429999999,458127.314,1 kg N,1 kg P2O5,1 kg K2O,,,,nitrogen_N_singlescore_8.json,phosphorus_P2O5_singlescore_9.json,potassium_K2O_singlescore_10.json,259914.244317,677204.95725,4297234.205320001,5234353.406887
C6_2023,C6,2023,tonne,"Ecotoxicity, freshwater - inorganics",Pt,,,,46.7,7.5,9.38,0.0,0.0,0.0,1 kg N,1 kg P2O5,1 kg K2O,,,,nitrogen_N_singlescore_8.json,phosphorus_P2O5_singlescore_9.json,potassium_K2O_singlescore_10.json,0.0,0.0,0.0,0.0
C6_2023,C6,2023,tonne,"Ecotoxicity, freshwater - metals",Pt,,,,46.7,7.5,9.38,0.0,0.0,0.0,1 kg N,1 kg P2O5,1 kg K2O,,,,nitrogen_N_singlescore_8.json,phosphorus_P2O5_singlescore_9.json,potassium_K2O_singlescore_10.json,0.0,0.0,0.0,0.0
C6_2023,C6,2023,tonne,"Ecotoxicity, freshwater - organics",Pt,,,,46.7,7.5,9.38,0.0,0.0,0.0,1 kg N,1 kg P2O5,1 kg K2O,,,,nitrogen_N_singlescore_8.json,phosphorus_P2O5_singlescore_9.json,potassium_K2O_singlescore_10.json,0.0,0.0,0.0,0.0
C6_2023,C6,2023,tonne,"Eutrophication, freshwater",Pt,,,,46.7,7.5,9.38,4.5732e-06,1.96112e-05,1.2730799999999998e-05,1 kg N,1 kg P2O5,1 kg K2O,,,,nitrogen_N_singlescore_8.json,phosphorus_P2O5_singlescore_9.json,potassium_K2O_singlescore_10.json,0.00021356844,0.000147084,0.000119414904,0.000480067344
C6_2023,C6,2023,tonne,"Eutrophication, marine",Pt,,,,46.7,7.5,9.38,0.002243326,0.002318746,0.002428524,1 kg N,1 kg P2O5,1 kg K2O,,,,nitrogen_N_singlescore_8.json,phosphorus_P2O5_singlescore_9.json,potassium_K2O_singlescore_10.json,0.10476332420000001,0.017390595000000002,0.022779555120000003,0.14493347432000003
C6_2023,C6,2023,tonne,"Eutrophication, terrestrial",Pt,,,,46.7,7.5,9.38,1.58592573,0.34276347,0.38357631,1 kg N,1 kg P2O5,1 kg K2O,,,,nitrogen_N_singlescore_8.json,phosphorus_P2O5_singlescore_9.json,potassium_K2O_singlescore_10.json,74.062731591,2.570726025,3.5979457878,80.2314034038
C6_2023,C6,2023,tonne,"Human toxicity, cancer",Pt,,,,46.7,7.5,9.38,4.3788000000000003e-16,2.0828e-15,1.4514e-15,1 kg N,1 kg P2O5,1 kg K2O,,,,nitrogen_N_singlescore_8.json,phosphorus_P2O5_singlescore_9.json,potassium_K2O_singlescore_10.json,2.0448996e-14,1.5620999999999997e-14,1.3614132000000002e-14,4.9684128e-14
C6_2023,C6,2023,tonne,"Human toxicity, cancer - inorganics",Pt,,,,46.7,7.5,9.38,0.0,0.0,0.0,1 kg N,1 kg P2O5,1 kg K2O,,,,nitrogen_N_singlescore_8.json,phosphorus_P2O5_singlescore_9.json,potassium_K2O_singlescore_10.json,0.0,0.0,0.0,0.0
C6_2023,C6,2023,tonne,"Human toxicity, cancer - metals",Pt,,,,46.7,7.5,9.38,0.0,0.0,0.0,1 kg N,1 kg P2O5,1 kg K2O,,,,nitrogen_N_singlescore_8.json,phosphorus_P2O5_singlescore_9.json,potassium_K2O_singlescore_10.json,0.0,0.0,0.0,0.0
C6_2023,C6,2023,tonne,"Human toxicity, cancer - organics",Pt,,,,46.7,7.5,9.38,0.0,0.0,0.0,1 kg N,1 kg P2O5,1 kg K2O,,,,nitrogen_N_singlescore_8.json,phosphorus_P2O5_singlescore_9.json,potassium_K2O_singlescore_10.json,0.0,0.0,0.0,0.0
C6_2023,C6,2023,tonne,"Human toxicity, non-cancer",Pt,,,,46.7,7.5,9.38,1.748e-13,5.67226e-13,8.652599999999999e-13,1 kg N,1 kg P2O5,1 kg K2O,,,,nitrogen_N_singlescore_8.json,phosphorus_P2O5_singlescore_9.json,potassium_K2O_singlescore_10.json,8.163160000000001e-12,4.254195e-12,8.116138799999999e-12,2.05334938e-11
C6_2023,C6,2023,tonne,"Human toxicity, non-cancer - inorganics",Pt,,,,46.7,7.5,9.38,0.0,0.0,0.0,1 kg N,1 kg P2O5,1 kg K2O,,,,nitrogen_N_singlescore_8.json,phosphorus_P2O5_singlescore_9.json,potassium_K2O_singlescore_10.json,0.0,0.0,0.0,0.0
C6_2023,C6,2023,tonne,"Human toxicity, non-cancer - metals",Pt,,,,46.7,7.5,9.38,0.0,0.0,0.0,1 kg N,1 kg P2O5,1 kg K2O,,,,nitrogen_N_singlescore_8.json,phosphorus_P2O5_singlescore_9.json,potassium_K2O_singlescore_10.json,0.0,0.0,0.0,0.0
C6_2023,C6,2023,tonne,"Human toxicity, non-cancer - organics",Pt,,,,46.7,7.5,9.38,0.0,0.0,0.0,1 kg N,1 kg P2O5,1 kg K2O,,,,nitrogen_N_singlescore_8.json,phosphorus_P2O5_singlescore_9.json,potassium_K2O_singlescore_10.json,0.0,0.0,0.0,0.0
C6_2023,C6,2023,tonne,Ionising radiation,Pt,,,,46.7,7.5,9.38,21.066451,71.22199499999999,51.815903000000006,1 kg N,1 kg P2O5,1 kg K2O,,,,nitrogen_N_singlescore_8.json,phosphorus_P2O5_singlescore_9.json,potassium_K2O_singlescore_10.json,983.8032617000001,534.1649625,486.0331701400001,2004.0013943400002
C6_2023,C6,2023,tonne,Land use,Pt,,,,46.7,7.5,9.38,254308.65899999999,3434320.02,2789874.0,1 kg N,1 kg P2O5,1 kg K2O,,,,nitrogen_N_singlescore_8.json,phosphorus_P2O5_singlescore_9.json,potassium_K2O_singlescore_10.json,11876214.3753,25757400.15,26169018.12,63802632.6453
C6_2023,C6,2023,tonne,Ozone depletion,Pt,,,,46.7,7.5,9.38,5.2984e-10,5.1356e-10,5.8312e-10,1 kg N,1 kg P2O5,1 kg K2O,,,,nitrogen_N_singlescore_8.json,phosphorus_P2O5_singlescore_9.json,potassium_K2O_singlescore_10.json,2.4743528e-08,3.851700000000001e-09,5.469665600000001e-09,3.40648936e-08
C6_2023,C6,2023,tonne,Particulate matter,Pt,,,,46.7,7.5,9.38,2.56557e-11,1.5046200000000003e-11,1.45961e-11,1 kg N,1 kg P2O5,1 kg K2O,,,,nitrogen_N_singlescore_8.json,phosphorus_P2O5_singlescore_9.json,potassium_K2O_singlescore_10.json,1.1981211900000001e-09,1.1284650000000002e-10,1.3691141800000003e-10,1.4478791080000003e-09
C6_2023,C6,2023,tonne,Photochemical ozone formation,Pt,,,,46.7,7.5,9.38,0.00772702,0.015733399999999998,0.015512239999999998,1 kg N,1 kg P2O5,1 kg K2O,,,,nitrogen_N_singlescore_8.json,phosphorus_P2O5_singlescore_9.json,potassium_K2O_singlescore_10.json,0.36085183400000004,0.11800049999999998,0.1455048112,0.6243571452000001
C6_2023,C6,2023,tonne,"Resource use, fossils",Pt,,,,46.7,7.5,9.38,252626.08020000003,232942.92750000002,229857.6558,1 kg N,1 kg P2O5,1 kg K2O,,,,nitrogen_N_singlescore_8.json,phosphorus_P2O5_singlescore_9.json,potassium_K2O_singlescore_10.json,11797637.945340002,1747071.95625,2156064.811404,15700774.712994002
C6_2023,C6,2023,tonne,"Resource use, minerals and metals",Pt,,,,46.7,7.5,9.38,1.3007999999999998e-07,2.5872e-07,2.472e-07,1 kg N,1 kg P2O5,1 kg K2O,,,,nitrogen_N_singlescore_8.json,phosphorus_P2O5_singlescore_9.json,potassium_K2O_singlescore_10.json,6.074736e-06,1.9403999999999997e-06,2.318736e-06,1.0333872e-05
C6_2023,C6,2023,tonne,Total,Pt,,,,46.7,7.5,9.38,519378.6717280199,3764220.789358167,3484059.454128132,1 kg N,1 kg P2O5,1 kg K2O,,,,nitrogen_N_singlescore_8.json,phosphorus_P2O5_singlescore_9.json,potassium_K2O_singlescore_10.json,24254983.96969853,28231655.92018625,32680477.679721884,85167117.56960666
C6_2023,C6,2023,tonne,Water use,Pt,,,,46.7,7.5,9.38,210.37731,1554.109634,1161.545319,1 kg N,1 kg P2O5,1 kg K2O,,,,nitrogen_N_singlescore_8.json,phosphorus_P2O5_singlescore_9.json,potassium_K2O_singlescore_10.json,9824.620377000001,11655.822255,10895.295092220002,32375.737724220002
C6_2024,C6,2024,tonne,Acidification,Pt,,,,17.6,7.45,0.0,0.19821624,0.09966368,0.06340608,1 kg N,1 kg P2O5,1 kg K2O,,,,nitrogen_N_singlescore_8.json,phosphorus_P2O5_singlescore_9.json,potassium_K2O_singlescore_10.json,3.488605824,0.7424944160000001,0.0,4.23110024
C6_2024,C6,2024,tonne,Climate change,Pt,,,,17.6,7.45,0.0,6645.07914,5038.05543,4986.658170000001,1 kg N,1 kg P2O5,1 kg K2O,,,,nitrogen_N_singlescore_8.json,phosphorus_P2O5_singlescore_9.json,potassium_K2O_singlescore_10.json,116953.39286400001,37533.5129535,0.0,154486.90581750002
C6_2024,C6,2024,tonne,Climate change - Biogenic,Pt,,,,17.6,7.45,0.0,0.0,0.0,0.0,1 kg N,1 kg P2O5,1 kg K2O,,,,nitrogen_N_singlescore_8.json,phosphorus_P2O5_singlescore_9.json,potassium_K2O_singlescore_10.json,0.0,0.0,0.0,0.0
C6_2024,C6,2024,tonne,Climate change - Fossil,Pt,,,,17.6,7.45,0.0,0.0,0.0,0.0,1 kg N,1 kg P2O5,1 kg K2O,,,,nitrogen_N_singlescore_8.json,phosphorus_P2O5_singlescore_9.json,potassium_K2O_singlescore_10.json,0.0,0.0,0.0,0.0
C6_2024,C6,2024,tonne,Climate change - Land use and LU change,Pt,,,,17.6,7.45,0.0,0.0,0.0,0.0,1 kg N,1 kg P2O5,1 kg K2O,,,,nitrogen_N_singlescore_8.json,phosphorus_P2O5_singlescore_9.json,potassium_K2O_singlescore_10.json,0.0,0.0,0.0,0.0
C6_2024,C6,2024,tonne,"Ecotoxicity, freshwater",Pt,,,,17.6,7.45,0.0,5565.61551,90293.99429999999,458127.314,1 kg N,1 kg P2O5,1 kg K2O,,,,nitrogen_N_singlescore_8.json,phosphorus_P2O5_singlescore_9.json,potassium_K2O_singlescore_10.json,97954.832976,672690.257535,0.0,770645.090511
C6_2024,C6,2024,tonne,"Ecotoxicity, freshwater - inorganics",Pt,,,,17.6,7.45,0.0,0.0,0.0,0.0,1 kg N,1 kg P2O5,1 kg K2O,,,,nitrogen_N_singlescore_8.json,phosphorus_P2O5_singlescore_9.json,potassium_K2O_singlescore_10.json,0.0,0.0,0.0,0.0
C6_2024,C6,2024,tonne,"Ecotoxicity, freshwater - metals",Pt,,,,17.6,7.45,0.0,0.0,0.0,0.0,1 kg N,1 kg P2O5,1 kg K2O,,,,nitrogen_N_singlescore_8.json,phosphorus_P2O5_singlescore_9.json,potassium_K2O_singlescore_10.json,0.0,0.0,0.0,0.0
C6_2024,C6,2024,tonne,"Ecotoxicity, freshwater - organics",Pt,,,,17.6,7.45,0.0,0.0,0.0,0.0,1 kg N,1 kg P2O5,1 kg K2O,,,,nitrogen_N_singlescore_8.json,phosphorus_P2O5_singlescore_9.json,potassium_K2O_singlescore_10.json,0.0,0.0,0.0,0.0
C6_2024,C6,2024,tonne,"Eutrophication, freshwater",Pt,,,,17.6,7.45,0.0,4.5732e-06,1.96112e-05,1.2730799999999998e-05,1 kg N,1 kg P2O5,1 kg K2O,,,,nitrogen_N_singlescore_8.json,phosphorus_P2O5_singlescore_9.json,potassium_K2O_singlescore_10.json,8.048832e-05,0.00014610344,0.0,0.00022659176
C6_2024,C6,2024,tonne,"Eutrophication, marine",Pt,,,,17.6,7.45,0.0,0.002243326,0.002318746,0.002428524,1 kg N,1 kg P2O5,1 kg K2O,,,,nitrogen_N_singlescore_8.json,phosphorus_P2O5_singlescore_9.json,potassium_K2O_singlescore_10.json,0.0394825376,0.0172746577,0.0,0.0567571953
C6_2024,C6,2024,tonne,"Eutrophication, terrestrial",Pt,,,,17.6,7.45,0.0,1.58592573,0.34276347,0.38357631,1 kg N,1 kg P2O5,1 kg K2O,,,,nitrogen_N_singlescore_8.json,phosphorus_P2O5_singlescore_9.json,potassium_K2O_singlescore_10.json,27.912292848000003,2.5535878515,0.0,30.465880699500005
C6_2024,C6,2024,tonne,"Human toxicity, cancer",Pt,,,,17.6,7.45,0.0,4.3788000000000003e-16,2.0828e-15,1.4514e-15,1 kg N,1 kg P2O5,1 kg K2O,,,,nitrogen_N_singlescore_8.json,phosphorus_P2O5_singlescore_9.json,potassium_K2O_singlescore_10.json,7.706688000000001e-15,1.551686e-14,0.0,2.3223548e-14
C6_2024,C6,2024,tonne,"Human toxicity, cancer - inorganics",Pt,,,,17.6,7.45,0.0,0.0,0.0,0.0,1 kg N,1 kg P2O5,1 kg K2O,,,,nitrogen_N_singlescore_8.json,phosphorus_P2O5_singlescore_9.json,potassium_K2O_singlescore_10.json,0.0,0.0,0.0,0.0
C6_2024,C6,2024,tonne,"Human toxicity, cancer - metals",Pt,,,,17.6,7.45,0.0,0.0,0.0,0.0,1 kg N,1 kg P2O5,1 kg K2O,,,,nitrogen_N_singlescore_8.json,phosphorus_P2O5_singlescore_9.json,potassium_K2O_singlescore_10.json,0.0,0.0,0.0,0.0
C6_2024,C6,2024,tonne,"Human toxicity, cancer - organics",Pt,,,,17.6,7.45,0.0,0.0,0.0,0.0,1 kg N,1 kg P2O5,1 kg K2O,,,,nitrogen_N_singlescore_8.json,phosphorus_P2O5_singlescore_9.json,potassium_K2O_singlescore_10.json,0.0,0.0,0.0,0.0
C6_2024,C6,2024,tonne,"Human toxicity, non-cancer",Pt,,,,17.6,7.45,0.0,1.748e-13,5.67226e-13,8.652599999999999e-13,1 kg N,1 kg P2O5,1 kg K2O,,,,nitrogen_N_singlescore_8.json,phosphorus_P2O5_singlescore_9.json,potassium_K2O_singlescore_10.json,3.0764800000000002e-12,4.2258337e-12,0.0,7.302313700000001e-12
C6_2024,C6,2024,tonne,"Human toxicity, non-cancer - inorganics",Pt,,,,17.6,7.45,0.0,0.0,0.0,0.0,1 kg N,1 kg P2O5,1 kg K2O,,,,nitrogen_N_singlescore_8.json,phosphorus_P2O5_singlescore_9.json,potassium_K2O_singlescore_10.json,0.0,0.0,0.0,0.0
C6_2024,C6,2024,tonne,"Human toxicity, non-cancer - metals",Pt,,,,17.6,7.45,0.0,0.0,0.0,0.0,1 kg N,1 kg P2O5,1 kg K2O,,,,nitrogen_N_singlescore_8.json,phosphorus_P2O5_singlescore_9.json,potassium_K2O_singlescore_10.json,0.0,0.0,0.0,0.0
C6_2024,C6,2024,tonne,"Human toxicity, non-cancer - organics",Pt,,,,17.6,7.45,0.0,0.0,0.0,0.0,1 kg N,1 kg P2O5,1 kg K2O,,,,nitrogen_N_singlescore_8.json,phosphorus_P2O5_singlescore_9.json,potassium_K2O_singlescore_10.json,0.0,0.0,0.0,0.0
C6_2024,C6,2024,tonne,Ionising radiation,Pt,,,,17.6,7.45,0.0,21.066451,71.22199499999999,51.815903000000006,1 kg N,1 kg P2O5,1 kg K2O,,,,nitrogen_N_singlescore_8.json,phosphorus_P2O5_singlescore_9.json,potassium_K2O_singlescore_10.json,370.76953760000004,530.60386275,0.0,901.37340035
C6_2024,C6,2024,tonne,Land use,Pt,,,,17.6,7.45,0.0,254308.65899999999,3434320.02,2789874.0,1 kg N,1 kg P2O5,1 kg K2O,,,,nitrogen_N_singlescore_8.json,phosphorus_P2O5_singlescore_9.json,potassium_K2O_singlescore_10.json,4475832.3984,25585684.149,0.0,30061516.5474
C6_2024,C6,2024,tonne,Ozone depletion,Pt,,,,17.6,7.45,0.0,5.2984e-10,5.1356e-10,5.8312e-10,1 kg N,1 kg P2O5,1 kg K2O,,,,nitrogen_N_singlescore_8.json,phosphorus_P2O5_singlescore_9.json,potassium_K2O_singlescore_10.json,9.325184000000002e-09,3.826022e-09,0.0,1.3151206000000003e-08
C6_2024,C6,2024,tonne,Particulate matter,Pt,,,,17.6,7.45,0.0,2.56557e-11,1.5046200000000003e-11,1.45961e-11,1 kg N,1 kg P2O5,1 kg K2O,,,,nitrogen_N_singlescore_8.json,phosphorus_P2O5_singlescore_9.json,potassium_K2O_singlescore_10.json,4.5154032000000005e-10,1.1209419000000003e-10,0.0,5.636345100000001e-10
C6_2024,C6,2024,tonne,Photochemical ozone formation,Pt,,,,17.6,7.45,0.0,0.00772702,0.015733399999999998,0.015512239999999998,1 kg N,1 kg P2O5,1 kg K2O,,,,nitrogen_N_singlescore_8.json,phosphorus_P2O5_singlescore_9.json,potassium_K2O_singlescore_10.json,0.13599555200000002,0.11721382999999999,0.0,0.253209382
C6_2024,C6,2024,tonne,"Resource use, fossils",Pt,,,,17.6,7.45,0.0,252626.08020000003,232942.92750000002,229857.6558,1 kg N,1 kg P2O5,1 kg K2O,,,,nitrogen_N_singlescore_8.json,phosphorus_P2O5_singlescore_9.json,potassium_K2O_singlescore_10.json,4446219.011520001,1735424.8098750003,0.0,6181643.821395001
C6_2024,C6,2024,tonne,"Resource use, minerals and metals",Pt,,,,17.6,7.45,0.0,1.3007999999999998e-07,2.5872e-07,2.472e-07,1 kg N,1 kg P2O5,1 kg K2O,,,,nitrogen_N_singlescore_8.json,phosphorus_P2O5_singlescore_9.json,potassium_K2O_singlescore_10.json,2.289408e-06,1.927464e-06,0.0,4.216872e-06
C6_2024,C6,2024,tonne,Total,Pt,,,,17.6,7.45,0.0,519378.6717280199,3764220.789358167,3484059.454128132,1 kg N,1 kg P2O5,1 kg K2O,,,,nitrogen_N_singlescore_8.json,phosphorus_P2O5_singlescore_9.json,potassium_K2O_singlescore_10.json,9141064.622413151,28043444.880718343,0.0,37184509.503131494
C6_2024,C6,2024,tonne,Water use,Pt,,,,17.6,7.45,0.0,210.37731,1554.109634,1161.545319,1 kg N,1 kg P2O5,1 kg K2O,,,,nitrogen_N_singlescore_8.json,phosphorus_P2O5_singlescore_9.json,potassium_K2O_singlescore_10.json,3702.640656,11578.1167733,0.0,15280.7574293
C7_2023,C7,2023,tonne,Acidification,Pt,,,,26.15,6.76,6.76,0.19821624,0.09966368,0.06340608,1 kg N,1 kg P2O5,1 kg K2O,,,,nitrogen_N_singlescore_8.json,phosphorus_P2O5_singlescore_9.json,potassium_K2O_singlescore_10.json,5.1833546759999996,0.6737264768,0.4286251008,6.285706253599999
C7_2023,C7,2023,tonne,Climate change,Pt,,,,26.15,6.76,6.76,6645.07914,5038.05543,4986.658170000001,1 kg N,1 kg P2O5,1 kg K2O,,,,nitrogen_N_singlescore_8.json,phosphorus_P2O5_singlescore_9.json,potassium_K2O_singlescore_10.json,173768.81951099998,34057.2547068,33709.8092292,241535.883447
C7_2023,C7,2023,tonne,Climate change - Biogenic,Pt,,,,26.15,6.76,6.76,0.0,0.0,0.0,1 kg N,1 kg P2O5,1 kg K2O,,,,nitrogen_N_singlescore_8.json,phosphorus_P2O5_singlescore_9.json,potassium_K2O_singlescore_10.json,0.0,0.0,0.0,0.0
C7_2023,C7,2023,tonne,Climate change - Fossil,Pt,,,,26.15,6.76,6.76,0.0,0.0,0.0,1 kg N,1 kg P2O5,1 kg K2O,,,,nitrogen_N_singlescore_8.json,phosphorus_P2O5_singlescore_9.json,potassium_K2O_singlescore_10.json,0.0,0.0,0.0,0.0
C7_2023,C7,2023,tonne,Climate change - Land use and LU change,Pt,,,,26.15,6.76,6.76,0.0,0.0,0.0,1 kg N,1 kg P2O5,1 kg K2O,,,,nitrogen_N_singlescore_8.json,phosphorus_P2O5_singlescore_9.json,potassium_K2O_singlescore_10.json,0.0,0.0,0.0,0.0
C7_2023,C7,2023,tonne,"Ecotoxicity, freshwater",Pt,,,,26.15,6.76,6.76,5565.61551,90293.99429999999,458127.314,1 kg N,1 kg P2O5,1 kg K2O,,,,nitrogen_N_singlescore_8.json,phosphorus_P2O5_singlescore_9.json,potassium_K2O_singlescore_10.json,145540.84558649999,610387.4014679999,3096940.64264,3852868.8896945002
C7_2023,C7,2023,tonne,"Ecotoxicity, freshwater - inorganics",Pt,,,,26.15,6.76,6.76,0.0,0.0,0.0,1 kg N,1 kg P2O5,1 kg K2O,,,,nitrogen_N_singlescore_8.json,phosphorus_P2O5_singlescore_9.json,potassium_K2O_singlescore_10.json,0.0,0.0,0.0,0.0
C7_2023,C7,2023,tonne,"Ecotoxicity, freshwater - metals",Pt,,,,26.15,6.76,6.76,0.0,0.0,0.0,1 kg N,1 kg P2O5,1 kg K2O,,,,nitrogen_N_singlescore_8.json,phosphorus_P2O5_singlescore_9.json,potassium_K2O_singlescore_10.json,0.0,0.0,0.0,0.0
C7_2023,C7,2023,tonne,"Ecotoxicity, freshwater - organics",Pt,,,,26.15,6.76,6.76,0.0,0.0,0.0,1 kg N,1 kg P2O5,1 kg K2O,,,,nitrogen_N_singlescore_8.json,phosphorus_P2O5_singlescore_9.json,potassium_K2O_singlescore_10.json,0.0,0.0,0.0,0.0
C7_2023,C7,2023,tonne,"Eutrophication, freshwater",Pt,,,,26.15,6.76,6.76,4.5732e-06,1.96112e-05,1.2730799999999998e-05,1 kg N,1 kg P2O5,1 kg K2O,,,,nitrogen_N_singlescore_8.json,phosphorus_P2O5_singlescore_9.json,potassium_K2O_singlescore_10.json,0.00011958917999999998,0.000132571712,8.606020799999998e-05,0.00033822109999999997
C7_2023,C7,2023,tonne,"Eutrophication, marine",Pt,,,,26.15,6.76,6.76,0.002243326,0.002318746,0.002428524,1 kg N,1 kg P2O5,1 kg K2O,,,,nitrogen_N_singlescore_8.json,phosphorus_P2O5_singlescore_9.json,potassium_K2O_singlescore_10.json,0.0586629749,0.015674722959999998,0.01641682224,0.0907545201
C7_2023,C7,2023,tonne,"Eutrophication, terrestrial",Pt,,,,26.15,6.76,6.76,1.58592573,0.34276347,0.38357631,1 kg N,1 kg P2O5,1 kg K2O,,,,nitrogen_N_singlescore_8.json,phosphorus_P2O5_singlescore_9.json,potassium_K2O_singlescore_10.json,41.4719578395,2.3170810572000002,2.5929758555999998,46.3820147523
C7_2023,C7,2023,tonne,"Human toxicity, cancer",Pt,,,,26.15,6.76,6.76,4.3788000000000003e-16,2.0828e-15,1.4514e-15,1 kg N,1 kg P2O5,1 kg K2O,,,,nitrogen_N_singlescore_8.json,phosphorus_P2O5_singlescore_9.json,potassium_K2O_singlescore_10.json,1.1450562000000001e-14,1.4079727999999999e-14,9.811464e-15,3.5341754e-14
C7_2023,C7,2023,tonne,"Human toxicity, cancer - inorganics",Pt,,,,26.15,6.76,6.76,0.0,0.0,0.0,1 kg N,1 kg P2O5,1 kg K2O,,,,nitrogen_N_singlescore_8.json,phosphorus_P2O5_singlescore_9.json,potassium_K2O_singlescore_10.json,0.0,0.0,0.0,0.0
C7_2023,C7,2023,tonne,"Human toxicity, cancer - metals",Pt,,,,26.15,6.76,6.76,0.0,0.0,0.0,1 kg N,1 kg P2O5,1 kg K2O,,,,nitrogen_N_singlescore_8.json,phosphorus_P2O5_singlescore_9.json,potassium_K2O_singlescore_10.json,0.0,0.0,0.0,0.0
C7_2023,C7,2023,tonne,"Human toxicity, cancer - organics",Pt,,,,26.15,6.76,6.76,0.0,0.0,0.0,1 kg N,1 kg P2O5,1 kg K2O,,,,nitrogen_N_singlescore_8.json,phosphorus_P2O5_singlescore_9.json,potassium_K2O_singlescore_10.json,0.0,0.0,0.0,0.0
C7_2023,C7,2023,tonne,"Human toxicity, non-cancer",Pt,,,,26.15,6.76,6.76,1.748e-13,5.67226e-13,8.652599999999999e-13,1 kg N,1 kg P2O5,1 kg K2O,,,,nitrogen_N_singlescore_8.json,phosphorus_P2O5_singlescore_9.json,potassium_K2O_singlescore_10.json,4.57102e-12,3.83444776e-12,5.849157599999999e-12,1.4254625359999998e-11
C7_2023,C7,2023,tonne,"Human toxicity, non-cancer - inorganics",Pt,,,,26.15,6.76,6.76,0.0,0.0,0.0,1 kg N,1 kg P2O5,1 kg K2O,,,,nitrogen_N_singlescore_8.json,phosphorus_P2O5_singlescore_9.json,potassium_K2O_singlescore_10.json,0.0,0.0,0.0,0.0
C7_2023,C7,2023,tonne,"Human toxicity, non-cancer - metals",Pt,,,,26.15,6.76,6.76,0.0,0.0,0.0,1 kg N,1 kg P2O5,1 kg K2O,,,,nitrogen_N_singlescore_8.json,phosphorus_P2O5_singlescore_9.json,potassium_K2O_singlescore_10.json,0.0,0.0,0.0,0.0
C7_2023,C7,2023,tonne,"Human toxicity, non-cancer - organics",Pt,,,,26.15,6.76,6.76,0.0,0.0,0.0,1 kg N,1 kg P2O5,1 kg K2O,,,,nitrogen_N_singlescore_8.json,phosphorus_P2O5_singlescore_9.json,potassium_K2O_singlescore_10.json,0.0,0.0,0.0,0.0
C7_2023,C7,2023,tonne,Ionising radiation,Pt,,,,26.15,6.76,6.76,21.066451,71.22199499999999,51.815903000000006,1 kg N,1 kg P2O5,1 kg K2O,,,,nitrogen_N_singlescore_8.json,phosphorus_P2O5_singlescore_9.json,potassium_K2O_singlescore_10.json,550.88769365,481.46068619999994,350.27550428,1382.6238841299999
C7_2023,C7,2023,tonne,Land use,Pt,,,,26.15,6.76,6.76,254308.65899999999,3434320.02,2789874.0,1 kg N,1 kg P2O5,1 kg K2O,,,,nitrogen_N_singlescore_8.json,phosphorus_P2O5_singlescore_9.json,potassium_K2O_singlescore_10.json,6650171.4328499995,23216003.3352,18859548.24,48725723.008049995
C7_2023,C7,2023,tonne,Ozone depletion,Pt,,,,26.15,6.76,6.76,5.2984e-10,5.1356e-10,5.8312e-10,1 kg N,1 kg P2O5,1 kg K2O,,,,nitrogen_N_singlescore_8.json,phosphorus_P2O5_singlescore_9.json,potassium_K2O_singlescore_10.json,1.3855315999999999e-08,3.4716656e-09,3.9418912e-09,2.1268872799999996e-08
C7_2023,C7,2023,tonne,Particulate matter,Pt,,,,26.15,6.76,6.76,2.56557e-11,1.5046200000000003e-11,1.45961e-11,1 kg N,1 kg P2O5,1 kg K2O,,,,nitrogen_N_singlescore_8.json,phosphorus_P2O5_singlescore_9.json,potassium_K2O_singlescore_10.json,6.70896555e-10,1.0171231200000002e-10,9.8669636e-11,8.71278503e-10
C7_2023,C7,2023,tonne,Photochemical ozone formation,Pt,,,,26.15,6.76,6.76,0.00772702,0.015733399999999998,0.015512239999999998,1 kg N,1 kg P2O5,1 kg K2O,,,,nitrogen_N_singlescore_8.json,phosphorus_P2O5_singlescore_9.json,potassium_K2O_singlescore_10.json,0.202061573,0.10635778399999998,0.10486274239999999,0.4132820994
C7_2023,C7,2023,tonne,"Resource use, fossils",Pt,,,,26.15,6.76,6.76,252626.08020000003,232942.92750000002,229857.6558,1 kg N,1 kg P2O5,1 kg K2O,,,,nitrogen_N_singlescore_8.json,phosphorus_P2O5_singlescore_9.json,potassium_K2O_singlescore_10.json,6606171.99723,1574694.1899,1553837.753208,9734703.940338
C7_2023,C7,2023,tonne,"Resource use, minerals and metals",Pt,,,,26.15,6.76,6.76,1.3007999999999998e-07,2.5872e-07,2.472e-07,1 kg N,1 kg P2O5,1 kg K2O,,,,nitrogen_N_singlescore_8.json,phosphorus_P2O5_singlescore_9.json,potassium_K2O_singlescore_10.json,3.4015919999999995e-06,1.7489471999999998e-06,1.6710719999999998e-06,6.821611199999999e-06
C7_2023,C7,2023,tonne,Total,Pt,,,,26.15,6.76,6.76,519378.6717280199,3764220.789358167,3484059.454128132,1 kg N,1 kg P2O5,1 kg K2O,,,,nitrogen_N_singlescore_8.json,phosphorus_P2O5_singlescore_9.json,potassium_K2O_singlescore_10.json,13581752.265687719,25446132.53606121,23552241.90990617,62580126.7116551
C7_2023,C7,2023,tonne,Water use,Pt,,,,26.15,6.76,6.76,210.37731,1554.109634,1161.545319,1 kg N,1 kg P2O5,1 kg K2O,,,,nitrogen_N_singlescore_8.json,phosphorus_P2O5_singlescore_9.json,potassium_K2O_singlescore_10.json,5501.366656499999,10505.78112584,7852.04635644,23859.194138779996
C7_2024,C7,2024,tonne,Acidification,Pt,,,,43.93,23.97,25.45,0.19821624,0.09966368,0.06340608,1 kg N,1 kg P2O5,1 kg K2O,,,,nitrogen_N_singlescore_8.json,phosphorus_P2O5_singlescore_9.json,potassium_K2O_singlescore_10.json,8.7076394232,2.3889384096,1.613684736,12.7102625688
C7_2024,C7,2024,tonne,Climate change,Pt,,,,43.93,23.97,25.45,6645.07914,5038.05543,4986.658170000001,1 kg N,1 kg P2O5,1 kg K2O,,,,nitrogen_N_singlescore_8.json,phosphorus_P2O5_singlescore_9.json,potassium_K2O_singlescore_10.json,291918.3266202,120762.1886571,126910.45042650001,539590.9657038001
C7_2024,C7,2024,tonne,Climate change - Biogenic,Pt,,,,43.93,23.97,25.45,0.0,0.0,0.0,1 kg N,1 kg P2O5,1 kg K2O,,,,nitrogen_N_singlescore_8.json,phosphorus_P2O5_singlescore_9.json,potassium_K2O_singlescore_10.json,0.0,0.0,0.0,0.0
C7_2024,C7,2024,tonne,Climate change - Fossil,Pt,,,,43.93,23.97,25.45,0.0,0.0,0.0,1 kg N,1 kg P2O5,1 kg K2O,,,,nitrogen_N_singlescore_8.json,phosphorus_P2O5_singlescore_9.json,potassium_K2O_singlescore_10.json,0.0,0.0,0.0,0.0
C7_2024,C7,2024,tonne,Climate change - Land use and LU change,Pt,,,,43.93,23.97,25.45,0.0,0.0,0.0,1 kg N,1 kg P2O5,1 kg K2O,,,,nitrogen_N_singlescore_8.json,phosphorus_P2O5_singlescore_9.json,potassium_K2O_singlescore_10.json,0.0,0.0,0.0,0.0
C7_2024,C7,2024,tonne,"Ecotoxicity, freshwater",Pt,,,,43.93,23.97,25.45,5565.61551,90293.99429999999,458127.314,1 kg N,1 kg P2O5,1 kg K2O,,,,nitrogen_N_singlescore_8.json,phosphorus_P2O5_singlescore_9.json,potassium_K2O_singlescore_10.json,244497.4893543,2164347.043371,11659340.1413,14068184.6740253
C7_2024,C7,2024,tonne,"Ecotoxicity, freshwater - inorganics",Pt,,,,43.93,23.97,25.45,0.0,0.0,0.0,1 kg N,1 kg P2O5,1 kg K2O,,,,nitrogen_N_singlescore_8.json,phosphorus_P2O5_singlescore_9.json,potassium_K2O_singlescore_10.json,0.0,0.0,0.0,0.0
C7_2024,C7,2024,tonne,"Ecotoxicity, freshwater - metals",Pt,,,,43.93,23.97,25.45,0.0,0.0,0.0,1 kg N,1 kg P2O5,1 kg K2O,,,,nitrogen_N_singlescore_8.json,phosphorus_P2O5_singlescore_9.json,potassium_K2O_singlescore_10.json,0.0,0.0,0.0,0.0
C7_2024,C7,2024,tonne,"Ecotoxicity, freshwater - organics",Pt,,,,43.93,23.97,25.45,0.0,0.0,0.0,1 kg N,1 kg P2O5,1 kg K2O,,,,nitrogen_N_singlescore_8.json,phosphorus_P2O5_singlescore_9.json,potassium_K2O_singlescore_10.json,0.0,0.0,0.0,0.0
C7_2024,C7,2024,tonne,"Eutrophication, freshwater",Pt,,,,43.93,23.97,25.45,4.5732e-06,1.96112e-05,1.2730799999999998e-05,1 kg N,1 kg P2O5,1 kg K2O,,,,nitrogen_N_singlescore_8.json,phosphorus_P2O5_singlescore_9.json,potassium_K2O_singlescore_10.json,0.000200900676,0.000470080464,0.00032399885999999996,0.00099498
C7_2024,C7,2024,tonne,"Eutrophication, marine",Pt,,,,43.93,23.97,25.45,0.002243326,0.002318746,0.002428524,1 kg N,1 kg P2O5,1 kg K2O,,,,nitrogen_N_singlescore_8.json,phosphorus_P2O5_singlescore_9.json,potassium_K2O_singlescore_10.json,0.09854931118,0.055580341619999994,0.061805935799999996,0.21593558859999998
C7_2024,C7,2024,tonne,"Eutrophication, terrestrial",Pt,,,,43.93,23.97,25.45,1.58592573,0.34276347,0.38357631,1 kg N,1 kg P2O5,1 kg K2O,,,,nitrogen_N_singlescore_8.json,phosphorus_P2O5_singlescore_9.json,potassium_K2O_singlescore_10.json,69.6697173189,8.2160403759,9.762017089499999,87.6477747843
C7_2024,C7,2024,tonne,"Human toxicity, cancer",Pt,,,,43.93,23.97,25.45,4.3788000000000003e-16,2.0828e-15,1.4514e-15,1 kg N,1 kg P2O5,1 kg K2O,,,,nitrogen_N_singlescore_8.json,phosphorus_P2O5_singlescore_9.json,potassium_K2O_singlescore_10.json,1.92360684e-14,4.9924715999999994e-14,3.693813e-14,1.0609891439999999e-13
C7_2024,C7,2024,tonne,"Human toxicity, cancer - inorganics",Pt,,,,43.93,23.97,25.45,0.0,0.0,0.0,1 kg N,1 kg P2O5,1 kg K2O,,,,nitrogen_N_singlescore_8.json,phosphorus_P2O5_singlescore_9.json,potassium_K2O_singlescore_10.json,0.0,0.0,0.0,0.0
C7_2024,C7,2024,tonne,"Human toxicity, cancer - metals",Pt,,,,43.93,23.97,25.45,0.0,0.0,0.0,1 kg N,1 kg P2O5,1 kg K2O,,,,nitrogen_N_singlescore_8.json,phosphorus_P2O5_singlescore_9.json,potassium_K2O_singlescore_10.json,0.0,0.0,0.0,0.0
C7_2024,C7,2024,tonne,"Human toxicity, cancer - organics",Pt,,,,43.93,23.97,25.45,0.0,0.0,0.0,1 kg N,1 kg P2O5,1 kg K2O,,,,nitrogen_N_singlescore_8.json,phosphorus_P2O5_singlescore_9.json,potassium_K2O_singlescore_10.json,0.0,0.0,0.0,0.0
C7_2024,C7,2024,tonne,"Human toxicity, non-cancer",Pt,,,,43.93,23.97,25.45,1.748e-13,5.67226e-13,8.652599999999999e-13,1 kg N,1 kg P2O5,1 kg K2O,,,,nitrogen_N_singlescore_8.json,phosphorus_P2O5_singlescore_9.json,potassium_K2O_singlescore_10.json,7.678964e-12,1.359640722e-11,2.2020866999999995e-11,4.3296238219999994e-11
C7_2024,C7,2024,tonne,"Human toxicity, non-cancer - inorganics",Pt,,,,43.93,23.97,25.45,0.0,0.0,0.0,1 kg N,1 kg P2O5,1 kg K2O,,,,nitrogen_N_singlescore_8.json,phosphorus_P2O5_singlescore_9.json,potassium_K2O_singlescore_10.json,0.0,0.0,0.0,0.0
C7_2024,C7,2024,tonne,"Human toxicity, non-cancer - metals",Pt,,,,43.93,23.97,25.45,0.0,0.0,0.0,1 kg N,1 kg P2O5,1 kg K2O,,,,nitrogen_N_singlescore_8.json,phosphorus_P2O5_singlescore_9.json,potassium_K2O_singlescore_10.json,0.0,0.0,0.0,0.0
C7_2024,C7,2024,tonne,"Human toxicity, non-cancer - organics",Pt,,,,43.93,23.97,25.45,0.0,0.0,0.0,1 kg N,1 kg P2O5,1 kg K2O,,,,nitrogen_N_singlescore_8.json,phosphorus_P2O5_singlescore_9.json,potassium_K2O_singlescore_10.json,0.0,0.0,0.0,0.0
C7_2024,C7,2024,tonne,Ionising radiation,Pt,,,,43.93,23.97,25.45,21.066451,71.22199499999999,51.815903000000006,1 kg N,1 kg P2O5,1 kg K2O,,,,nitrogen_N_singlescore_8.json,phosphorus_P2O5_singlescore_9.json,potassium_K2O_singlescore_10.json,925.44919243,1707.1912201499997,1318.7147313500002,3951.35514393
C7_2024,C7,2024,tonne,Land use,Pt,,,,43.93,23.97,25.45,254308.65899999999,3434320.02,2789874.0,1 kg N,1 kg P2O5,1 kg K2O,,,,nitrogen_N_singlescore_8.json,phosphorus_P2O5_singlescore_9.json,potassium_K2O_singlescore_10.json,11171779.38987,82320650.8794,71002293.3,164494723.56927
C7_2024,C7,2024,tonne,Ozone depletion,Pt,,,,43.93,23.97,25.45,5.2984e-10,5.1356e-10,5.8312e-10,1 kg N,1 kg P2O5,1 kg K2O,,,,nitrogen_N_singlescore_8.json,phosphorus_P2O5_singlescore_9.json,potassium_K2O_singlescore_10.json,2.32758712e-08,1.23100332e-08,1.4840404e-08,5.0426308400000003e-08
C7_2024,C7,2024,tonne,Particulate matter,Pt,,,,43.93,23.97,25.45,2.56557e-11,1.5046200000000003e-11,1.45961e-11,1 kg N,1 kg P2O5,1 kg K2O,,,,nitrogen_N_singlescore_8.json,phosphorus_P2O5_singlescore_9.json,potassium_K2O_singlescore_10.json,1.127054901e-09,3.6065741400000004e-10,3.71470745e-10,1.8591830600000002e-09
C7_2024,C7,2024,tonne,Photochemical ozone formation,Pt,,,,43.93,23.97,25.45,0.00772702,0.015733399999999998,0.015512239999999998,1 kg N,1 kg P2O5,1 kg K2O,,,,nitrogen_N_singlescore_8.json,phosphorus_P2O5_singlescore_9.json,potassium_K2O_singlescore_10.json,0.33944798860000003,0.37712959799999995,0.3947865079999999,1.1113640945999999
C7_2024,C7,2024,tonne,"Resource use, fossils",Pt,,,,43.93,23.97,25.45,252626.08020000003,232942.92750000002,229857.6558,1 kg N,1 kg P2O5,1 kg K2O,,,,nitrogen_N_singlescore_8.json,phosphorus_P2O5_singlescore_9.json,potassium_K2O_singlescore_10.json,11097863.703186002,5583641.972175,5849877.34011,22531383.015471004
C7_2024,C7,2024,tonne,"Resource use, minerals and metals",Pt,,,,43.93,23.97,25.45,1.3007999999999998e-07,2.5872e-07,2.472e-07,1 kg N,1 kg P2O5,1 kg K2O,,,,nitrogen_N_singlescore_8.json,phosphorus_P2O5_singlescore_9.json,potassium_K2O_singlescore_10.json,5.7144144e-06,6.201518399999999e-06,6.291239999999999e-06,1.82071728e-05
C7_2024,C7,2024,tonne,Total,Pt,,,,43.93,23.97,25.45,519378.6717280199,3764220.789358167,3484059.454128132,1 kg N,1 kg P2O5,1 kg K2O,,,,nitrogen_N_singlescore_8.json,phosphorus_P2O5_singlescore_9.json,potassium_K2O_singlescore_10.json,22816305.049011912,90228372.32091525,88669313.10756096,201713990.47748813
C7_2024,C7,2024,tonne,Water use,Pt,,,,43.93,23.97,25.45,210.37731,1554.109634,1161.545319,1 kg N,1 kg P2O5,1 kg K2O,,,,nitrogen_N_singlescore_8.json,phosphorus_P2O5_singlescore_9.json,potassium_K2O_singlescore_10.json,9241.8752283,37252.00792698,29561.32836855,76055.21152382999
C8_2022,C8,2022,tonne,Acidification,Pt,,,,21.4,4.5,0.0,0.19821624,0.09966368,0.06340608,1 kg N,1 kg P2O5,1 kg K2O,,,,nitrogen_N_singlescore_8.json,phosphorus_P2O5_singlescore_9.json,potassium_K2O_singlescore_10.json,4.241827536,0.44848656000000003,0.0,4.690314096
C8_2022,C8,2022,tonne,Climate change,Pt,,,,21.4,4.5,0.0,6645.07914,5038.05543,4986.658170000001,1 kg N,1 kg P2O5,1 kg K2O,,,,nitrogen_N_singlescore_8.json,phosphorus_P2O5_singlescore_9.json,potassium_K2O_singlescore_10.json,142204.693596,22671.249435,0.0,164875.943031
C8_2022,C8,2022,tonne,Climate change - Biogenic,Pt,,,,21.4,4.5,0.0,0.0,0.0,0.0,1 kg N,1 kg P2O5,1 kg K2O,,,,nitrogen_N_singlescore_8.json,phosphorus_P2O5_singlescore_9.json,potassium_K2O_singlescore_10.json,0.0,0.0,0.0,0.0
C8_2022,C8,2022,tonne,Climate change - Fossil,Pt,,,,21.4,4.5,0.0,0.0,0.0,0.0,1 kg N,1 kg P2O5,1 kg K2O,,,,nitrogen_N_singlescore_8.json,phosphorus_P2O5_singlescore_9.json,potassium_K2O_singlescore_10.json,0.0,0.0,0.0,0.0
C8_2022,C8,2022,tonne,Climate change - Land use and LU change,Pt,,,,21.4,4.5,0.0,0.0,0.0,0.0,1 kg N,1 kg P2O5,1 kg K2O,,,,nitrogen_N_singlescore_8.json,phosphorus_P2O5_singlescore_9.json,potassium_K2O_singlescore_10.json,0.0,0.0,0.0,0.0
C8_2022,C8,2022,tonne,"Ecotoxicity, freshwater",Pt,,,,21.4,4.5,0.0,5565.61551,90293.99429999999,458127.314,1 kg N,1 kg P2O5,1 kg K2O,,,,nitrogen_N_singlescore_8.json,phosphorus_P2O5_singlescore_9.json,potassium_K2O_singlescore_10.json,119104.17191399999,406322.97435,0.0,525427.146264
C8_2022,C8,2022,tonne,"Ecotoxicity, freshwater - inorganics",Pt,,,,21.4,4.5,0.0,0.0,0.0,0.0,1 kg N,1 kg P2O5,1 kg K2O,,,,nitrogen_N_singlescore_8.json,phosphorus_P2O5_singlescore_9.json,potassium_K2O_singlescore_10.json,0.0,0.0,0.0,0.0
C8_2022,C8,2022,tonne,"Ecotoxicity, freshwater - metals",Pt,,,,21.4,4.5,0.0,0.0,0.0,0.0,1 kg N,1 kg P2O5,1 kg K2O,,,,nitrogen_N_singlescore_8.json,phosphorus_P2O5_singlescore_9.json,potassium_K2O_singlescore_10.json,0.0,0.0,0.0,0.0
C8_2022,C8,2022,tonne,"Ecotoxicity, freshwater - organics",Pt,,,,21.4,4.5,0.0,0.0,0.0,0.0,1 kg N,1 kg P2O5,1 kg K2O,,,,nitrogen_N_singlescore_8.json,phosphorus_P2O5_singlescore_9.json,potassium_K2O_singlescore_10.json,0.0,0.0,0.0,0.0
C8_2022,C8,2022,tonne,"Eutrophication, freshwater",Pt,,,,21.4,4.5,0.0,4.5732e-06,1.96112e-05,1.2730799999999998e-05,1 kg N,1 kg P2O5,1 kg K2O,,,,nitrogen_N_singlescore_8.json,phosphorus_P2O5_singlescore_9.json,potassium_K2O_singlescore_10.json,9.786647999999998e-05,8.82504e-05,0.0,0.00018611687999999999
C8_2022,C8,2022,tonne,"Eutrophication, marine",Pt,,,,21.4,4.5,0.0,0.002243326,0.002318746,0.002428524,1 kg N,1 kg P2O5,1 kg K2O,,,,nitrogen_N_singlescore_8.json,phosphorus_P2O5_singlescore_9.json,potassium_K2O_singlescore_10.json,0.0480071764,0.010434357,0.0,0.058441533399999995
C8_2022,C8,2022,tonne,"Eutrophication, terrestrial",Pt,,,,21.4,4.5,0.0,1.58592573,0.34276347,0.38357631,1 kg N,1 kg P2O5,1 kg K2O,,,,nitrogen_N_singlescore_8.json,phosphorus_P2O5_singlescore_9.json,potassium_K2O_singlescore_10.json,33.938810622,1.542435615,0.0,35.481246237
C8_2022,C8,2022,tonne,"Human toxicity, cancer",Pt,,,,21.4,4.5,0.0,4.3788000000000003e-16,2.0828e-15,1.4514e-15,1 kg N,1 kg P2O5,1 kg K2O,,,,nitrogen_N_singlescore_8.json,phosphorus_P2O5_singlescore_9.json,potassium_K2O_singlescore_10.json,9.370632e-15,9.3726e-15,0.0,1.8743232e-14
C8_2022,C8,2022,tonne,"Human toxicity, cancer - inorganics",Pt,,,,21.4,4.5,0.0,0.0,0.0,0.0,1 kg N,1 kg P2O5,1 kg K2O,,,,nitrogen_N_singlescore_8.json,phosphorus_P2O5_singlescore_9.json,potassium_K2O_singlescore_10.json,0.0,0.0,0.0,0.0
C8_2022,C8,2022,tonne,"Human toxicity, cancer - metals",Pt,,,,21.4,4.5,0.0,0.0,0.0,0.0,1 kg N,1 kg P2O5,1 kg K2O,,,,nitrogen_N_singlescore_8.json,phosphorus_P2O5_singlescore_9.json,potassium_K2O_singlescore_10.json,0.0,0.0,0.0,0.0
C8_2022,C8,2022,tonne,"Human toxicity, cancer - organics",Pt,,,,21.4,4.5,0.0,0.0,0.0,0.0,1 kg N,1 kg P2O5,1 kg K2O,,,,nitrogen_N_singlescore_8.json,phosphorus_P2O5_singlescore_9.json,potassium_K2O_singlescore_10.json,0.0,0.0,0.0,0.0
C8_2022,C8,2022,tonne,"Human toxicity, non-cancer",Pt,,,,21.4,4.5,0.0,1.748e-13,5.67226e-13,8.652599999999999e-13,1 kg N,1 kg P2O5,1 kg K2O,,,,nitrogen_N_singlescore_8.json,phosphorus_P2O5_singlescore_9.json,potassium_K2O_singlescore_10.json,3.7407199999999994e-12,2.552517e-12,0.0,6.2932369999999994e-12
C8_2022,C8,2022,tonne,"Human toxicity, non-cancer - inorganics",Pt,,,,21.4,4.5,0.0,0.0,0.0,0.0,1 kg N,1 kg P2O5,1 kg K2O,,,,nitrogen_N_singlescore_8.json,phosphorus_P2O5_singlescore_9.json,potassium_K2O_singlescore_10.json,0.0,0.0,0.0,0.0
C8_2022,C8,2022,tonne,"Human toxicity, non-cancer - metals",Pt,,,,21.4,4.5,0.0,0.0,0.0,0.0,1 kg N,1 kg P2O5,1 kg K2O,,,,nitrogen_N_singlescore_8.json,phosphorus_P2O5_singlescore_9.json,potassium_K2O_singlescore_10.json,0.0,0.0,0.0,0.0
C8_2022,C8,2022,tonne,"Human toxicity, non-cancer - organics",Pt,,,,21.4,4.5,0.0,0.0,0.0,0.0,1 kg N,1 kg P2O5,1 kg K2O,,,,nitrogen_N_singlescore_8.json,phosphorus_P2O5_singlescore_9.json,potassium_K2O_singlescore_10.json,0.0,0.0,0.0,0.0
C8_2022,C8,2022,tonne,Ionising radiation,Pt,,,,21.4,4.5,0.0,21.066451,71.22199499999999,51.815903000000006,1 kg N,1 kg P2O5,1 kg K2O,,,,nitrogen_N_singlescore_8.json,phosphorus_P2O5_singlescore_9.json,potassium_K2O_singlescore_10.json,450.82205139999996,320.49897749999997,0.0,771.3210288999999
C8_2022,C8,2022,tonne,Land use,Pt,,,,21.4,4.5,0.0,254308.65899999999,3434320.02,2789874.0,1 kg N,1 kg P2O5,1 kg K2O,,,,nitrogen_N_singlescore_8.json,phosphorus_P2O5_singlescore_9.json,potassium_K2O_singlescore_10.json,5442205.302599999,15454440.09,0.0,20896645.3926
C8_2022,C8,2022,tonne,Ozone depletion,Pt,,,,21.4,4.5,0.0,5.2984e-10,5.1356e-10,5.8312e-10,1 kg N,1 kg P2O5,1 kg K2O,,,,nitrogen_N_singlescore_8.json,phosphorus_P2O5_singlescore_9.json,potassium_K2O_singlescore_10.json,1.1338575999999999e-08,2.31102e-09,0.0,1.3649595999999998e-08
C8_2022,C8,2022,tonne,Particulate matter,Pt,,,,21.4,4.5,0.0,2.56557e-11,1.5046200000000003e-11,1.45961e-11,1 kg N,1 kg P2O5,1 kg K2O,,,,nitrogen_N_singlescore_8.json,phosphorus_P2O5_singlescore_9.json,potassium_K2O_singlescore_10.json,5.490319799999999e-10,6.770790000000001e-11,0.0,6.1673988e-10
C8_2022,C8,2022,tonne,Photochemical ozone formation,Pt,,,,21.4,4.5,0.0,0.00772702,0.015733399999999998,0.015512239999999998,1 kg N,1 kg P2O5,1 kg K2O,,,,nitrogen_N_singlescore_8.json,phosphorus_P2O5_singlescore_9.json,potassium_K2O_singlescore_10.json,0.165358228,0.0708003,0.0,0.23615852799999998
C8_2022,C8,2022,tonne,"Resource use, fossils",Pt,,,,21.4,4.5,0.0,252626.08020000003,232942.92750000002,229857.6558,1 kg N,1 kg P2O5,1 kg K2O,,,,nitrogen_N_singlescore_8.json,phosphorus_P2O5_singlescore_9.json,potassium_K2O_singlescore_10.json,5406198.116280001,1048243.1737500001,0.0,6454441.290030001
C8_2022,C8,2022,tonne,"Resource use, minerals and metals",Pt,,,,21.4,4.5,0.0,1.3007999999999998e-07,2.5872e-07,2.472e-07,1 kg N,1 kg P2O5,1 kg K2O,,,,nitrogen_N_singlescore_8.json,phosphorus_P2O5_singlescore_9.json,potassium_K2O_singlescore_10.json,2.7837119999999996e-06,1.1642399999999998e-06,0.0,3.947952e-06
C8_2022,C8,2022,tonne,Total,Pt,,,,21.4,4.5,0.0,519378.6717280199,3764220.789358167,3484059.454128132,1 kg N,1 kg P2O5,1 kg K2O,,,,nitrogen_N_singlescore_8.json,phosphorus_P2O5_singlescore_9.json,potassium_K2O_singlescore_10.json,11114703.574979626,16938993.552111752,0.0,28053697.127091378
C8_2022,C8,2022,tonne,Water use,Pt,,,,21.4,4.5,0.0,210.37731,1554.109634,1161.545319,1 kg N,1 kg P2O5,1 kg K2O,,,,nitrogen_N_singlescore_8.json,phosphorus_P2O5_singlescore_9.json,potassium_K2O_singlescore_10.json,4502.074433999999,6993.493353,0.0,11495.567787
C8_2023,C8,2023,tonne,Acidification,Pt,,,,13.47,7.85,7.85,0.19821624,0.09966368,0.06340608,1 kg N,1 kg P2O5,1 kg K2O,,,,nitrogen_N_singlescore_8.json,phosphorus_P2O5_singlescore_9.json,potassium_K2O_singlescore_10.json,2.6699727528,0.782359888,0.497737728,3.9500703688
C8_2023,C8,2023,tonne,Climate change,Pt,,,,13.47,7.85,7.85,6645.07914,5038.05543,4986.658170000001,1 kg N,1 kg P2O5,1 kg K2O,,,,nitrogen_N_singlescore_8.json,phosphorus_P2O5_singlescore_9.json,potassium_K2O_singlescore_10.json,89509.2160158,39548.7351255,39145.2666345,168203.2177758
C8_2023,C8,2023,tonne,Climate change - Biogenic,Pt,,,,13.47,7.85,7.85,0.0,0.0,0.0,1 kg N,1 kg P2O5,1 kg K2O,,,,nitrogen_N_singlescore_8.json,phosphorus_P2O5_singlescore_9.json,potassium_K2O_singlescore_10.json,0.0,0.0,0.0,0.0
C8_2023,C8,2023,tonne,Climate change - Fossil,Pt,,,,13.47,7.85,7.85,0.0,0.0,0.0,1 kg N,1 kg P2O5,1 kg K2O,,,,nitrogen_N_singlescore_8.json,phosphorus_P2O5_singlescore_9.json,potassium_K2O_singlescore_10.json,0.0,0.0,0.0,0.0
C8_2023,C8,2023,tonne,Climate change - Land use and LU change,Pt,,,,13.47,7.85,7.85,0.0,0.0,0.0,1 kg N,1 kg P2O5,1 kg K2O,,,,nitrogen_N_singlescore_8.json,phosphorus_P2O5_singlescore_9.json,potassium_K2O_singlescore_10.json,0.0,0.0,0.0,0.0
C8_2023,C8,2023,tonne,"Ecotoxicity, freshwater",Pt,,,,13.47,7.85,7.85,5565.61551,90293.99429999999,458127.314,1 kg N,1 kg P2O5,1 kg K2O,,,,nitrogen_N_singlescore_8.json,phosphorus_P2O5_singlescore_9.json,potassium_K2O_singlescore_10.json,74968.8409197,708807.855255,3596299.4148999997,4380076.1110747
C8_2023,C8,2023,tonne,"Ecotoxicity, freshwater - inorganics",Pt,,,,13.47,7.85,7.85,0.0,0.0,0.0,1 kg N,1 kg P2O5,1 kg K2O,,,,nitrogen_N_singlescore_8.json,phosphorus_P2O5_singlescore_9.json,potassium_K2O_singlescore_10.json,0.0,0.0,0.0,0.0
C8_2023,C8,2023,tonne,"Ecotoxicity, freshwater - metals",Pt,,,,13.47,7.85,7.85,0.0,0.0,0.0,1 kg N,1 kg P2O5,1 kg K2O,,,,nitrogen_N_singlescore_8.json,phosphorus_P2O5_singlescore_9.json,potassium_K2O_singlescore_10.json,0.0,0.0,0.0,0.0
C8_2023,C8,2023,tonne,"Ecotoxicity, freshwater - organics",Pt,,,,13.47,7.85,7.85,0.0,0.0,0.0,1 kg N,1 kg P2O5,1 kg K2O,,,,nitrogen_N_singlescore_8.json,phosphorus_P2O5_singlescore_9.json,potassium_K2O_singlescore_10.json,0.0,0.0,0.0,0.0
C8_2023,C8,2023,tonne,"Eutrophication, freshwater",Pt,,,,13.47,7.85,7.85,4.5732e-06,1.96112e-05,1.2730799999999998e-05,1 kg N,1 kg P2O5,1 kg K2O,,,,nitrogen_N_singlescore_8.json,phosphorus_P2O5_singlescore_9.json,potassium_K2O_singlescore_10.json,6.160100399999999e-05,0.00015394792,9.993677999999999e-05,0.00031548570399999996
C8_2023,C8,2023,tonne,"Eutrophication, marine",Pt,,,,13.47,7.85,7.85,0.002243326,0.002318746,0.002428524,1 kg N,1 kg P2O5,1 kg K2O,,,,nitrogen_N_singlescore_8.json,phosphorus_P2O5_singlescore_9.json,potassium_K2O_singlescore_10.json,0.03021760122,0.0182021561,0.0190639134,0.06748367072
C8_2023,C8,2023,tonne,"Eutrophication, terrestrial",Pt,,,,13.47,7.85,7.85,1.58592573,0.34276347,0.38357631,1 kg N,1 kg P2O5,1 kg K2O,,,,nitrogen_N_singlescore_8.json,phosphorus_P2O5_singlescore_9.json,potassium_K2O_singlescore_10.json,21.362419583100003,2.6906932395,3.0110740334999995,27.0641868561
C8_2023,C8,2023,tonne,"Human toxicity, cancer",Pt,,,,13.47,7.85,7.85,4.3788000000000003e-16,2.0828e-15,1.4514e-15,1 kg N,1 kg P2O5,1 kg K2O,,,,nitrogen_N_singlescore_8.json,phosphorus_P2O5_singlescore_9.json,potassium_K2O_singlescore_10.json,5.8982436e-15,1.6349979999999998e-14,1.139349e-14,3.3641713599999997e-14
C8_2023,C8,2023,tonne,"Human toxicity, cancer - inorganics",Pt,,,,13.47,7.85,7.85,0.0,0.0,0.0,1 kg N,1 kg P2O5,1 kg K2O,,,,nitrogen_N_singlescore_8.json,phosphorus_P2O5_singlescore_9.json,potassium_K2O_singlescore_10.json,0.0,0.0,0.0,0.0
C8_2023,C8,2023,tonne,"Human toxicity, cancer - metals",Pt,,,,13.47,7.85,7.85,0.0,0.0,0.0,1 kg N,1 kg P2O5,1 kg K2O,,,,nitrogen_N_singlescore_8.json,phosphorus_P2O5_singlescore_9.json,potassium_K2O_singlescore_10.json,0.0,0.0,0.0,0.0
C8_2023,C8,2023,tonne,"Human toxicity, cancer - organics",Pt,,,,13.47,7.85,7.85,0.0,0.0,0.0,1 kg N,1 kg P2O5,1 kg K2O,,,,nitrogen_N_singlescore_8.json,phosphorus_P2O5_singlescore_9.json,potassium_K2O_singlescore_10.json,0.0,0.0,0.0,0.0
C8_2023,C8,2023,tonne,"Human toxicity, non-cancer",Pt,,,,13.47,7.85,7.85,1.748e-13,5.67226e-13,8.652599999999999e-13,1 kg N,1 kg P2O5,1 kg K2O,,,,nitrogen_N_singlescore_8.json,phosphorus_P2O5_singlescore_9.json,potassium_K2O_singlescore_10.json,2.354556e-12,4.4527240999999996e-12,6.7922909999999985e-12,1.3599571099999998e-11
C8_2023,C8,2023,tonne,"Human toxicity, non-cancer - inorganics",Pt,,,,13.47,7.85,7.85,0.0,0.0,0.0,1 kg N,1 kg P2O5,1 kg K2O,,,,nitrogen_N_singlescore_8.json,phosphorus_P2O5_singlescore_9.json,potassium_K2O_singlescore_10.json,0.0,0.0,0.0,0.0
C8_2023,C8,2023,tonne,"Human toxicity, non-cancer - metals",Pt,,,,13.47,7.85,7.85,0.0,0.0,0.0,1 kg N,1 kg P2O5,1 kg K2O,,,,nitrogen_N_singlescore_8.json,phosphorus_P2O5_singlescore_9.json,potassium_K2O_singlescore_10.json,0.0,0.0,0.0,0.0
C8_2023,C8,2023,tonne,"Human toxicity, non-cancer - organics",Pt,,,,13.47,7.85,7.85,0.0,0.0,0.0,1 kg N,1 kg P2O5,1 kg K2O,,,,nitrogen_N_singlescore_8.json,phosphorus_P2O5_singlescore_9.json,potassium_K2O_singlescore_10.json,0.0,0.0,0.0,0.0
C8_2023,C8,2023,tonne,Ionising radiation,Pt,,,,13.47,7.85,7.85,21.066451,71.22199499999999,51.815903000000006,1 kg N,1 kg P2O5,1 kg K2O,,,,nitrogen_N_singlescore_8.json,phosphorus_P2O5_singlescore_9.json,potassium_K2O_singlescore_10.json,283.76509497,559.0926607499999,406.75483855000004,1249.61259427
C8_2023,C8,2023,tonne,Land use,Pt,,,,13.47,7.85,7.85,254308.65899999999,3434320.02,2789874.0,1 kg N,1 kg P2O5,1 kg K2O,,,,nitrogen_N_singlescore_8.json,phosphorus_P2O5_singlescore_9.json,potassium_K2O_singlescore_10.json,3425537.63673,26959412.156999998,21900510.9,52285460.69373
C8_2023,C8,2023,tonne,Ozone depletion,Pt,,,,13.47,7.85,7.85,5.2984e-10,5.1356e-10,5.8312e-10,1 kg N,1 kg P2O5,1 kg K2O,,,,nitrogen_N_singlescore_8.json,phosphorus_P2O5_singlescore_9.json,potassium_K2O_singlescore_10.json,7.1369448e-09,4.031446e-09,4.577492e-09,1.57458828e-08
C8_2023,C8,2023,tonne,Particulate matter,Pt,,,,13.47,7.85,7.85,2.56557e-11,1.5046200000000003e-11,1.45961e-11,1 kg N,1 kg P2O5,1 kg K2O,,,,nitrogen_N_singlescore_8.json,phosphorus_P2O5_singlescore_9.json,potassium_K2O_singlescore_10.json,3.4558227900000004e-10,1.1811267000000002e-10,1.1457938500000001e-10,5.78274334e-10
C8_2023,C8,2023,tonne,Photochemical ozone formation,Pt,,,,13.47,7.85,7.85,0.00772702,0.015733399999999998,0.015512239999999998,1 kg N,1 kg P2O5,1 kg K2O,,,,nitrogen_N_singlescore_8.json,phosphorus_P2O5_singlescore_9.json,potassium_K2O_singlescore_10.json,0.10408295940000001,0.12350718999999998,0.12177108399999999,0.34936123339999997
C8_2023,C8,2023,tonne,"Resource use, fossils",Pt,,,,13.47,7.85,7.85,252626.08020000003,232942.92750000002,229857.6558,1 kg N,1 kg P2O5,1 kg K2O,,,,nitrogen_N_singlescore_8.json,phosphorus_P2O5_singlescore_9.json,potassium_K2O_singlescore_10.json,3402873.3002940007,1828601.9808750001,1804382.59803,7035857.879199001
C8_2023,C8,2023,tonne,"Resource use, minerals and metals",Pt,,,,13.47,7.85,7.85,1.3007999999999998e-07,2.5872e-07,2.472e-07,1 kg N,1 kg P2O5,1 kg K2O,,,,nitrogen_N_singlescore_8.json,phosphorus_P2O5_singlescore_9.json,potassium_K2O_singlescore_10.json,1.7521775999999998e-06,2.0309519999999996e-06,1.94052e-06,5.723649599999999e-06
C8_2023,C8,2023,tonne,Total,Pt,,,,13.47,7.85,7.85,519378.6717280199,3764220.789358167,3484059.454128132,1 kg N,1 kg P2O5,1 kg K2O,,,,nitrogen_N_singlescore_8.json,phosphorus_P2O5_singlescore_9.json,potassium_K2O_singlescore_10.json,6996030.708176428,29549133.19646161,27349866.714905836,63895030.61954387
C8_2023,C8,2023,tonne,Water use,Pt,,,,13.47,7.85,7.85,210.37731,1554.109634,1161.545319,1 kg N,1 kg P2O5,1 kg K2O,,,,nitrogen_N_singlescore_8.json,phosphorus_P2O5_singlescore_9.json,potassium_K2O_singlescore_10.json,2833.7823657,12199.760626899999,9118.130754150001,24151.67374675
C8_2024,C8,2024,tonne,Acidification,Pt,,,,34.43,15.19,0.0,0.19821624,0.09966368,0.06340608,1 kg N,1 kg P2O5,1 kg K2O,,,,nitrogen_N_singlescore_8.json,phosphorus_P2O5_singlescore_9.json,potassium_K2O_singlescore_10.json,6.824585143199999,1.5138912992,0.0,8.3384764424
C8_2024,C8,2024,tonne,Climate change,Pt,,,,34.43,15.19,0.0,6645.07914,5038.05543,4986.658170000001,1 kg N,1 kg P2O5,1 kg K2O,,,,nitrogen_N_singlescore_8.json,phosphorus_P2O5_singlescore_9.json,potassium_K2O_singlescore_10.json,228790.0747902,76528.0619817,0.0,305318.1367719
C8_2024,C8,2024,tonne,Climate change - Biogenic,Pt,,,,34.43,15.19,0.0,0.0,0.0,0.0,1 kg N,1 kg P2O5,1 kg K2O,,,,nitrogen_N_singlescore_8.json,phosphorus_P2O5_singlescore_9.json,potassium_K2O_singlescore_10.json,0.0,0.0,0.0,0.0
C8_2024,C8,2024,tonne,Climate change - Fossil,Pt,,,,34.43,15.19,0.0,0.0,0.0,0.0,1 kg N,1 kg P2O5,1 kg K2O,,,,nitrogen_N_singlescore_8.json,phosphorus_P2O5_singlescore_9.json,potassium_K2O_singlescore_10.json,0.0,0.0,0.0,0.0
C8_2024,C8,2024,tonne,Climate change - Land use and LU change,Pt,,,,34.43,15.19,0.0,0.0,0.0,0.0,1 kg N,1 kg P2O5,1 kg K2O,,,,nitrogen_N_singlescore_8.json,phosphorus_P2O5_singlescore_9.json,potassium_K2O_singlescore_10.json,0.0,0.0,0.0,0.0
C8_2024,C8,2024,tonne,"Ecotoxicity, freshwater",Pt,,,,34.43,15.19,0.0,5565.61551,90293.99429999999,458127.314,1 kg N,1 kg P2O5,1 kg K2O,,,,nitrogen_N_singlescore_8.json,phosphorus_P2O5_singlescore_9.json,potassium_K2O_singlescore_10.json,191624.14200929998,1371565.7734169997,0.0,1563189.9154262997
C8_2024,C8,2024,tonne,"Ecotoxicity, freshwater - inorganics",Pt,,,,34.43,15.19,0.0,0.0,0.0,0.0,1 kg N,1 kg P2O5,1 kg K2O,,,,nitrogen_N_singlescore_8.json,phosphorus_P2O5_singlescore_9.json,potassium_K2O_singlescore_10.json,0.0,0.0,0.0,0.0
C8_2024,C8,2024,tonne,"Ecotoxicity, freshwater - metals",Pt,,,,34.43,15.19,0.0,0.0,0.0,0.0,1 kg N,1 kg P2O5,1 kg K2O,,,,nitrogen_N_singlescore_8.json,phosphorus_P2O5_singlescore_9.json,potassium_K2O_singlescore_10.json,0.0,0.0,0.0,0.0
C8_2024,C8,2024,tonne,"Ecotoxicity, freshwater - organics",Pt,,,,34.43,15.19,0.0,0.0,0.0,0.0,1 kg N,1 kg P2O5,1 kg K2O,,,,nitrogen_N_singlescore_8.json,phosphorus_P2O5_singlescore_9.json,potassium_K2O_singlescore_10.json,0.0,0.0,0.0,0.0
C8_2024,C8,2024,tonne,"Eutrophication, freshwater",Pt,,,,34.43,15.19,0.0,4.5732e-06,1.96112e-05,1.2730799999999998e-05,1 kg N,1 kg P2O5,1 kg K2O,,,,nitrogen_N_singlescore_8.json,phosphorus_P2O5_singlescore_9.json,potassium_K2O_singlescore_10.json,0.00015745527599999998,0.00029789412799999997,0.0,0.000455349404
C8_2024,C8,2024,tonne,"Eutrophication, marine",Pt,,,,34.43,15.19,0.0,0.002243326,0.002318746,0.002428524,1 kg N,1 kg P2O5,1 kg K2O,,,,nitrogen_N_singlescore_8.json,phosphorus_P2O5_singlescore_9.json,potassium_K2O_singlescore_10.json,0.07723771418,0.03522175174,0.0,0.11245946592
C8_2024,C8,2024,tonne,"Eutrophication, terrestrial",Pt,,,,34.43,15.19,0.0,1.58592573,0.34276347,0.38357631,1 kg N,1 kg P2O5,1 kg K2O,,,,nitrogen_N_singlescore_8.json,phosphorus_P2O5_singlescore_9.json,potassium_K2O_singlescore_10.json,54.6034228839,5.2065771093,0.0,59.8099999932
C8_2024,C8,2024,tonne,"Human toxicity, cancer",Pt,,,,34.43,15.19,0.0,4.3788000000000003e-16,2.0828e-15,1.4514e-15,1 kg N,1 kg P2O5,1 kg K2O,,,,nitrogen_N_singlescore_8.json,phosphorus_P2O5_singlescore_9.json,potassium_K2O_singlescore_10.json,1.50762084e-14,3.1637731999999996e-14,0.0,4.6713940399999995e-14
C8_2024,C8,2024,tonne,"Human toxicity, cancer - inorganics",Pt,,,,34.43,15.19,0.0,0.0,0.0,0.0,1 kg N,1 kg P2O5,1 kg K2O,,,,nitrogen_N_singlescore_8.json,phosphorus_P2O5_singlescore_9.json,potassium_K2O_singlescore_10.json,0.0,0.0,0.0,0.0
C8_2024,C8,2024,tonne,"Human toxicity, cancer - metals",Pt,,,,34.43,15.19,0.0,0.0,0.0,0.0,1 kg N,1 kg P2O5,1 kg K2O,,,,nitrogen_N_singlescore_8.json,phosphorus_P2O5_singlescore_9.json,potassium_K2O_singlescore_10.json,0.0,0.0,0.0,0.0
C8_2024,C8,2024,tonne,"Human toxicity, cancer - organics",Pt,,,,34.43,15.19,0.0,0.0,0.0,0.0,1 kg N,1 kg P2O5,1 kg K2O,,,,nitrogen_N_singlescore_8.json,phosphorus_P2O5_singlescore_9.json,potassium_K2O_singlescore_10.json,0.0,0.0,0.0,0.0
C8_2024,C8,2024,tonne,"Human toxicity, non-cancer",Pt,,,,34.43,15.19,0.0,1.748e-13,5.67226e-13,8.652599999999999e-13,1 kg N,1 kg P2O5,1 kg K2O,,,,nitrogen_N_singlescore_8.json,phosphorus_P2O5_singlescore_9.json,potassium_K2O_singlescore_10.json,6.018364e-12,8.61616294e-12,0.0,1.463452694e-11
C8_2024,C8,2024,tonne,"Human toxicity, non-cancer - inorganics",Pt,,,,34.43,15.19,0.0,0.0,0.0,0.0,1 kg N,1 kg P2O5,1 kg K2O,,,,nitrogen_N_singlescore_8.json,phosphorus_P2O5_singlescore_9.json,potassium_K2O_singlescore_10.json,0.0,0.0,0.0,0.0
C8_2024,C8,2024,tonne,"Human toxicity, non-cancer - metals",Pt,,,,34.43,15.19,0.0,0.0,0.0,0.0,1 kg N,1 kg P2O5,1 kg K2O,,,,nitrogen_N_singlescore_8.json,phosphorus_P2O5_singlescore_9.json,potassium_K2O_singlescore_10.json,0.0,0.0,0.0,0.0
C8_2024,C8,2024,tonne,"Human toxicity, non-cancer - organics",Pt,,,,34.43,15.19,0.0,0.0,0.0,0.0,1 kg N,1 kg P2O5,1 kg K2O,,,,nitrogen_N_singlescore_8.json,phosphorus_P2O5_singlescore_9.json,potassium_K2O_singlescore_10.json,0.0,0.0,0.0,0.0
C8_2024,C8,2024,tonne,Ionising radiation,Pt,,,,34.43,15.19,0.0,21.066451,71.22199499999999,51.815903000000006,1 kg N,1 kg P2O5,1 kg K2O,,,,nitrogen_N_singlescore_8.json,phosphorus_P2O5_singlescore_9.json,potassium_K2O_singlescore_10.json,725.31790793,1081.8621040499997,0.0,1807.1800119799998
C8_2024,C8,2024,tonne,Land use,Pt,,,,34.43,15.19,0.0,254308.65899999999,3434320.02,2789874.0,1 kg N,1 kg P2O5,1 kg K2O,,,,nitrogen_N_singlescore_8.json,phosphorus_P2O5_singlescore_9.json,potassium_K2O_singlescore_10.json,8755847.12937,52167321.1038,0.0,60923168.23317
C8_2024,C8,2024,tonne,Ozone depletion,Pt,,,,34.43,15.19,0.0,5.2984e-10,5.1356e-10,5.8312e-10,1 kg N,1 kg P2O5,1 kg K2O,,,,nitrogen_N_singlescore_8.json,phosphorus_P2O5_singlescore_9.json,potassium_K2O_singlescore_10.json,1.82423912e-08,7.8009764e-09,0.0,2.6043367600000002e-08
C8_2024,C8,2024,tonne,Particulate matter,Pt,,,,34.43,15.19,0.0,2.56557e-11,1.5046200000000003e-11,1.45961e-11,1 kg N,1 kg P2O5,1 kg K2O,,,,nitrogen_N_singlescore_8.json,phosphorus_P2O5_singlescore_9.json,potassium_K2O_singlescore_10.json,8.83325751e-10,2.2855177800000003e-10,0.0,1.1118775290000001e-09
C8_2024,C8,2024,tonne,Photochemical ozone formation,Pt,,,,34.43,15.19,0.0,0.00772702,0.015733399999999998,0.015512239999999998,1 kg N,1 kg P2O5,1 kg K2O,,,,nitrogen_N_singlescore_8.json,phosphorus_P2O5_singlescore_9.json,potassium_K2O_singlescore_10.json,0.26604129860000003,0.23899034599999996,0.0,0.5050316446
C8_2024,C8,2024,tonne,"Resource use, fossils",Pt,,,,34.43,15.19,0.0,252626.08020000003,232942.92750000002,229857.6558,1 kg N,1 kg P2O5,1 kg K2O,,,,nitrogen_N_singlescore_8.json,phosphorus_P2O5_singlescore_9.json,potassium_K2O_singlescore_10.json,8697915.941286001,3538403.068725,0.0,12236319.010011002
C8_2024,C8,2024,tonne,"Resource use, minerals and metals",Pt,,,,34.43,15.19,0.0,1.3007999999999998e-07,2.5872e-07,2.472e-07,1 kg N,1 kg P2O5,1 kg K2O,,,,nitrogen_N_singlescore_8.json,phosphorus_P2O5_singlescore_9.json,potassium_K2O_singlescore_10.json,4.4786544e-06,3.9299568e-06,0.0,8.4086112e-06
C8_2024,C8,2024,tonne,Total,Pt,,,,34.43,15.19,0.0,519378.6717280199,3764220.789358167,3484059.454128132,1 kg N,1 kg P2O5,1 kg K2O,,,,nitrogen_N_singlescore_8.json,phosphorus_P2O5_singlescore_9.json,potassium_K2O_singlescore_10.json,17882207.667595726,57178513.79035056,0.0,75060721.45794629
C8_2024,C8,2024,tonne,Water use,Pt,,,,34.43,15.19,0.0,210.37731,1554.109634,1161.545319,1 kg N,1 kg P2O5,1 kg K2O,,,,nitrogen_N_singlescore_8.json,phosphorus_P2O5_singlescore_9.json,potassium_K2O_singlescore_10.json,7243.2907833,23606.92534046,0.0,30850.216123759998
D1_2022,D1,2022,tonne,Acidification,Pt,,,,73.68,33.09,33.09,0.19821624,0.09966368,0.06340608,1 kg N,1 kg P2O5,1 kg K2O,,,,nitrogen_N_singlescore_8.json,phosphorus_P2O5_singlescore_9.json,potassium_K2O_singlescore_10.json,14.6045725632,3.2978711712000006,2.0981071872,20.000550921600002
D1_2022,D1,2022,tonne,Climate change,Pt,,,,73.68,33.09,33.09,6645.07914,5038.05543,4986.658170000001,1 kg N,1 kg P2O5,1 kg K2O,,,,nitrogen_N_singlescore_8.json,phosphorus_P2O5_singlescore_9.json,potassium_K2O_singlescore_10.json,489609.4310352,166709.25417870004,165008.51884530004,821327.2040592001
D1_2022,D1,2022,tonne,Climate change - Biogenic,Pt,,,,73.68,33.09,33.09,0.0,0.0,0.0,1 kg N,1 kg P2O5,1 kg K2O,,,,nitrogen_N_singlescore_8.json,phosphorus_P2O5_singlescore_9.json,potassium_K2O_singlescore_10.json,0.0,0.0,0.0,0.0
D1_2022,D1,2022,tonne,Climate change - Fossil,Pt,,,,73.68,33.09,33.09,0.0,0.0,0.0,1 kg N,1 kg P2O5,1 kg K2O,,,,nitrogen_N_singlescore_8.json,phosphorus_P2O5_singlescore_9.json,potassium_K2O_singlescore_10.json,0.0,0.0,0.0,0.0
D1_2022,D1,2022,tonne,Climate change - Land use and LU change,Pt,,,,73.68,33.09,33.09,0.0,0.0,0.0,1 kg N,1 kg P2O5,1 kg K2O,,,,nitrogen_N_singlescore_8.json,phosphorus_P2O5_singlescore_9.json,potassium_K2O_singlescore_10.json,0.0,0.0,0.0,0.0
D1_2022,D1,2022,tonne,"Ecotoxicity, freshwater",Pt,,,,73.68,33.09,33.09,5565.61551,90293.99429999999,458127.314,1 kg N,1 kg P2O5,1 kg K2O,,,,nitrogen_N_singlescore_8.json,phosphorus_P2O5_singlescore_9.json,potassium_K2O_singlescore_10.json,410074.5507768,2987828.271387,15159432.820260001,18557335.6424238
D1_2022,D1,2022,tonne,"Ecotoxicity, freshwater - inorganics",Pt,,,,73.68,33.09,33.09,0.0,0.0,0.0,1 kg N,1 kg P2O5,1 kg K2O,,,,nitrogen_N_singlescore_8.json,phosphorus_P2O5_singlescore_9.json,potassium_K2O_singlescore_10.json,0.0,0.0,0.0,0.0
D1_2022,D1,2022,tonne,"Ecotoxicity, freshwater - metals",Pt,,,,73.68,33.09,33.09,0.0,0.0,0.0,1 kg N,1 kg P2O5,1 kg K2O,,,,nitrogen_N_singlescore_8.json,phosphorus_P2O5_singlescore_9.json,potassium_K2O_singlescore_10.json,0.0,0.0,0.0,0.0
D1_2022,D1,2022,tonne,"Ecotoxicity, freshwater - organics",Pt,,,,73.68,33.09,33.09,0.0,0.0,0.0,1 kg N,1 kg P2O5,1 kg K2O,,,,nitrogen_N_singlescore_8.json,phosphorus_P2O5_singlescore_9.json,potassium_K2O_singlescore_10.json,0.0,0.0,0.0,0.0
D1_2022,D1,2022,tonne,"Eutrophication, freshwater",Pt,,,,73.68,33.09,33.09,4.5732e-06,1.96112e-05,1.2730799999999998e-05,1 kg N,1 kg P2O5,1 kg K2O,,,,nitrogen_N_singlescore_8.json,phosphorus_P2O5_singlescore_9.json,potassium_K2O_singlescore_10.json,0.000336953376,0.0006489346080000001,0.000421262172,0.001407150156
D1_2022,D1,2022,tonne,"Eutrophication, marine",Pt,,,,73.68,33.09,33.09,0.002243326,0.002318746,0.002428524,1 kg N,1 kg P2O5,1 kg K2O,,,,nitrogen_N_singlescore_8.json,phosphorus_P2O5_singlescore_9.json,potassium_K2O_singlescore_10.json,0.16528825968000002,0.07672730514000001,0.08035985916,0.32237542398
D1_2022,D1,2022,tonne,"Eutrophication, terrestrial",Pt,,,,73.68,33.09,33.09,1.58592573,0.34276347,0.38357631,1 kg N,1 kg P2O5,1 kg K2O,,,,nitrogen_N_singlescore_8.json,phosphorus_P2O5_singlescore_9.json,potassium_K2O_singlescore_10.json,116.85100778640002,11.342043222300001,12.6925400979,140.88559110660003
D1_2022,D1,2022,tonne,"Human toxicity, cancer",Pt,,,,73.68,33.09,33.09,4.3788000000000003e-16,2.0828e-15,1.4514e-15,1 kg N,1 kg P2O5,1 kg K2O,,,,nitrogen_N_singlescore_8.json,phosphorus_P2O5_singlescore_9.json,potassium_K2O_singlescore_10.json,3.22629984e-14,6.8919852e-14,4.802682600000001e-14,1.492096764e-13
D1_2022,D1,2022,tonne,"Human toxicity, cancer - inorganics",Pt,,,,73.68,33.09,33.09,0.0,0.0,0.0,1 kg N,1 kg P2O5,1 kg K2O,,,,nitrogen_N_singlescore_8.json,phosphorus_P2O5_singlescore_9.json,potassium_K2O_singlescore_10.json,0.0,0.0,0.0,0.0
D1_2022,D1,2022,tonne,"Human toxicity, cancer - metals",Pt,,,,73.68,33.09,33.09,0.0,0.0,0.0,1 kg N,1 kg P2O5,1 kg K2O,,,,nitrogen_N_singlescore_8.json,phosphorus_P2O5_singlescore_9.json,potassium_K2O_singlescore_10.json,0.0,0.0,0.0,0.0
D1_2022,D1,2022,tonne,"Human toxicity, cancer - organics",Pt,,,,73.68,33.09,33.09,0.0,0.0,0.0,1 kg N,1 kg P2O5,1 kg K2O,,,,nitrogen_N_singlescore_8.json,phosphorus_P2O5_singlescore_9.json,potassium_K2O_singlescore_10.json,0.0,0.0,0.0,0.0
D1_2022,D1,2022,tonne,"Human toxicity, non-cancer",Pt,,,,73.68,33.09,33.09,1.748e-13,5.67226e-13,8.652599999999999e-13,1 kg N,1 kg P2O5,1 kg K2O,,,,nitrogen_N_singlescore_8.json,phosphorus_P2O5_singlescore_9.json,potassium_K2O_singlescore_10.json,1.2879264000000002e-11,1.8769508340000003e-11,2.8631453399999998e-11,6.028022574000001e-11
D1_2022,D1,2022,tonne,"Human toxicity, non-cancer - inorganics",Pt,,,,73.68,33.09,33.09,0.0,0.0,0.0,1 kg N,1 kg P2O5,1 kg K2O,,,,nitrogen_N_singlescore_8.json,phosphorus_P2O5_singlescore_9.json,potassium_K2O_singlescore_10.json,0.0,0.0,0.0,0.0
D1_2022,D1,2022,tonne,"Human toxicity, non-cancer - metals",Pt,,,,73.68,33.09,33.09,0.0,0.0,0.0,1 kg N,1 kg P2O5,1 kg K2O,,,,nitrogen_N_singlescore_8.json,phosphorus_P2O5_singlescore_9.json,potassium_K2O_singlescore_10.json,0.0,0.0,0.0,0.0
D1_2022,D1,2022,tonne,"Human toxicity, non-cancer - organics",Pt,,,,73.68,33.09,33.09,0.0,0.0,0.0,1 kg N,1 kg P2O5,1 kg K2O,,,,nitrogen_N_singlescore_8.json,phosphorus_P2O5_singlescore_9.json,potassium_K2O_singlescore_10.json,0.0,0.0,0.0,0.0
D1_2022,D1,2022,tonne,Ionising radiation,Pt,,,,73.68,33.09,33.09,21.066451,71.22199499999999,51.815903000000006,1 kg N,1 kg P2O5,1 kg K2O,,,,nitrogen_N_singlescore_8.json,phosphorus_P2O5_singlescore_9.json,potassium_K2O_singlescore_10.json,1552.1761096800003,2356.73581455,1714.5882302700004,5623.5001545000005
D1_2022,D1,2022,tonne,Land use,Pt,,,,73.68,33.09,33.09,254308.65899999999,3434320.02,2789874.0,1 kg N,1 kg P2O5,1 kg K2O,,,,nitrogen_N_singlescore_8.json,phosphorus_P2O5_singlescore_9.json,potassium_K2O_singlescore_10.json,18737461.99512,113641649.46180001,92316930.66000001,224696042.11692002
D1_2022,D1,2022,tonne,Ozone depletion,Pt,,,,73.68,33.09,33.09,5.2984e-10,5.1356e-10,5.8312e-10,1 kg N,1 kg P2O5,1 kg K2O,,,,nitrogen_N_singlescore_8.json,phosphorus_P2O5_singlescore_9.json,potassium_K2O_singlescore_10.json,3.9038611200000005e-08,1.6993700400000004e-08,1.9295440800000003e-08,7.53277524e-08
D1_2022,D1,2022,tonne,Particulate matter,Pt,,,,73.68,33.09,33.09,2.56557e-11,1.5046200000000003e-11,1.45961e-11,1 kg N,1 kg P2O5,1 kg K2O,,,,nitrogen_N_singlescore_8.json,phosphorus_P2O5_singlescore_9.json,potassium_K2O_singlescore_10.json,1.8903119760000002e-09,4.978787580000001e-10,4.829849490000001e-10,2.8711756830000002e-09
D1_2022,D1,2022,tonne,Photochemical ozone formation,Pt,,,,73.68,33.09,33.09,0.00772702,0.015733399999999998,0.015512239999999998,1 kg N,1 kg P2O5,1 kg K2O,,,,nitrogen_N_singlescore_8.json,phosphorus_P2O5_singlescore_9.json,potassium_K2O_singlescore_10.json,0.5693268336,0.520618206,0.5133000216,1.6032450612
D1_2022,D1,2022,tonne,"Resource use, fossils",Pt,,,,73.68,33.09,33.09,252626.08020000003,232942.92750000002,229857.6558,1 kg N,1 kg P2O5,1 kg K2O,,,,nitrogen_N_singlescore_8.json,phosphorus_P2O5_singlescore_9.json,potassium_K2O_singlescore_10.json,18613489.589136004,7708081.470975001,7605989.830422001,33927560.89053301
D1_2022,D1,2022,tonne,"Resource use, minerals and metals",Pt,,,,73.68,33.09,33.09,1.3007999999999998e-07,2.5872e-07,2.472e-07,1 kg N,1 kg P2O5,1 kg K2O,,,,nitrogen_N_singlescore_8.json,phosphorus_P2O5_singlescore_9.json,potassium_K2O_singlescore_10.json,9.584294399999999e-06,8.5610448e-06,8.179848e-06,2.63251872e-05
D1_2022,D1,2022,tonne,Total,Pt,,,,73.68,33.09,33.09,519378.6717280199,3764220.789358167,3484059.454128132,1 kg N,1 kg P2O5,1 kg K2O,,,,nitrogen_N_singlescore_8.json,phosphorus_P2O5_singlescore_9.json,potassium_K2O_singlescore_10.json,38267820.53292051,124558065.91986176,115287527.33709991,278113413.7898822
D1_2022,D1,2022,tonne,Water use,Pt,,,,73.68,33.09,33.09,210.37731,1554.109634,1161.545319,1 kg N,1 kg P2O5,1 kg K2O,,,,nitrogen_N_singlescore_8.json,phosphorus_P2O5_singlescore_9.json,potassium_K2O_singlescore_10.json,15500.600200800001,51425.487789060004,38435.53460571,105361.62259557002
D1_2023,D1,2023,tonne,Acidification,Pt,,,,9.59,12.24,18.37,0.19821624,0.09966368,0.06340608,1 kg N,1 kg P2O5,1 kg K2O,,,,nitrogen_N_singlescore_8.json,phosphorus_P2O5_singlescore_9.json,potassium_K2O_singlescore_10.json,1.9008937415999998,1.2198834432,1.1647696896000002,4.2855468744
D1_2023,D1,2023,tonne,Climate change,Pt,,,,9.59,12.24,18.37,6645.07914,5038.05543,4986.658170000001,1 kg N,1 kg P2O5,1 kg K2O,,,,nitrogen_N_singlescore_8.json,phosphorus_P2O5_singlescore_9.json,potassium_K2O_singlescore_10.json,63726.3089526,61665.79846320001,91604.91058290002,216997.01799870003
D1_2023,D1,2023,tonne,Climate change - Biogenic,Pt,,,,9.59,12.24,18.37,0.0,0.0,0.0,1 kg N,1 kg P2O5,1 kg K2O,,,,nitrogen_N_singlescore_8.json,phosphorus_P2O5_singlescore_9.json,potassium_K2O_singlescore_10.json,0.0,0.0,0.0,0.0
D1_2023,D1,2023,tonne,Climate change - Fossil,Pt,,,,9.59,12.24,18.37,0.0,0.0,0.0,1 kg N,1 kg P2O5,1 kg K2O,,,,nitrogen_N_singlescore_8.json,phosphorus_P2O5_singlescore_9.json,potassium_K2O_singlescore_10.json,0.0,0.0,0.0,0.0
D1_2023,D1,2023,tonne,Climate change - Land use and LU change,Pt,,,,9.59,12.24,18.37,0.0,0.0,0.0,1 kg N,1 kg P2O5,1 kg K2O,,,,nitrogen_N_singlescore_8.json,phosphorus_P2O5_singlescore_9.json,potassium_K2O_singlescore_10.json,0.0,0.0,0.0,0.0
D1_2023,D1,2023,tonne,"Ecotoxicity, freshwater",Pt,,,,9.59,12.24,18.37,5565.61551,90293.99429999999,458127.314,1 kg N,1 kg P2O5,1 kg K2O,,,,nitrogen_N_singlescore_8.json,phosphorus_P2O5_singlescore_9.json,potassium_K2O_singlescore_10.json,53374.252740899996,1105198.490232,8415798.75818,9574371.5011529
D1_2023,D1,2023,tonne,"Ecotoxicity, freshwater - inorganics",Pt,,,,9.59,12.24,18.37,0.0,0.0,0.0,1 kg N,1 kg P2O5,1 kg K2O,,,,nitrogen_N_singlescore_8.json,phosphorus_P2O5_singlescore_9.json,potassium_K2O_singlescore_10.json,0.0,0.0,0.0,0.0
D1_2023,D1,2023,tonne,"Ecotoxicity, freshwater - metals",Pt,,,,9.59,12.24,18.37,0.0,0.0,0.0,1 kg N,1 kg P2O5,1 kg K2O,,,,nitrogen_N_singlescore_8.json,phosphorus_P2O5_singlescore_9.json,potassium_K2O_singlescore_10.json,0.0,0.0,0.0,0.0
D1_2023,D1,2023,tonne,"Ecotoxicity, freshwater - organics",Pt,,,,9.59,12.24,18.37,0.0,0.0,0.0,1 kg N,1 kg P2O5,1 kg K2O,,,,nitrogen_N_singlescore_8.json,phosphorus_P2O5_singlescore_9.json,potassium_K2O_singlescore_10.json,0.0,0.0,0.0,0.0
D1_2023,D1,2023,tonne,"Eutrophication, freshwater",Pt,,,,9.59,12.24,18.37,4.5732e-06,1.96112e-05,1.2730799999999998e-05,1 kg N,1 kg P2O5,1 kg K2O,,,,nitrogen_N_singlescore_8.json,phosphorus_P2O5_singlescore_9.json,potassium_K2O_singlescore_10.json,4.3856988e-05,0.000240041088,0.00023386479599999999,0.0005177628719999999
D1_2023,D1,2023,tonne,"Eutrophication, marine",Pt,,,,9.59,12.24,18.37,0.002243326,0.002318746,0.002428524,1 kg N,1 kg P2O5,1 kg K2O,,,,nitrogen_N_singlescore_8.json,phosphorus_P2O5_singlescore_9.json,potassium_K2O_singlescore_10.json,0.02151349634,0.028381451040000002,0.04461198588,0.09450693326000001
D1_2023,D1,2023,tonne,"Eutrophication, terrestrial",Pt,,,,9.59,12.24,18.37,1.58592573,0.34276347,0.38357631,1 kg N,1 kg P2O5,1 kg K2O,,,,nitrogen_N_singlescore_8.json,phosphorus_P2O5_singlescore_9.json,potassium_K2O_singlescore_10.json,15.2090277507,4.1954248728,7.0462968147,26.4507494382
D1_2023,D1,2023,tonne,"Human toxicity, cancer",Pt,,,,9.59,12.24,18.37,4.3788000000000003e-16,2.0828e-15,1.4514e-15,1 kg N,1 kg P2O5,1 kg K2O,,,,nitrogen_N_singlescore_8.json,phosphorus_P2O5_singlescore_9.json,potassium_K2O_singlescore_10.json,4.1992692e-15,2.5493472e-14,2.6662218e-14,5.6354959200000004e-14
D1_2023,D1,2023,tonne,"Human toxicity, cancer - inorganics",Pt,,,,9.59,12.24,18.37,0.0,0.0,0.0,1 kg N,1 kg P2O5,1 kg K2O,,,,nitrogen_N_singlescore_8.json,phosphorus_P2O5_singlescore_9.json,potassium_K2O_singlescore_10.json,0.0,0.0,0.0,0.0
D1_2023,D1,2023,tonne,"Human toxicity, cancer - metals",Pt,,,,9.59,12.24,18.37,0.0,0.0,0.0,1 kg N,1 kg P2O5,1 kg K2O,,,,nitrogen_N_singlescore_8.json,phosphorus_P2O5_singlescore_9.json,potassium_K2O_singlescore_10.json,0.0,0.0,0.0,0.0
D1_2023,D1,2023,tonne,"Human toxicity, cancer - organics",Pt,,,,9.59,12.24,18.37,0.0,0.0,0.0,1 kg N,1 kg P2O5,1 kg K2O,,,,nitrogen_N_singlescore_8.json,phosphorus_P2O5_singlescore_9.json,potassium_K2O_singlescore_10.json,0.0,0.0,0.0,0.0
D1_2023,D1,2023,tonne,"Human toxicity, non-cancer",Pt,,,,9.59,12.24,18.37,1.748e-13,5.67226e-13,8.652599999999999e-13,1 kg N,1 kg P2O5,1 kg K2O,,,,nitrogen_N_singlescore_8.json,phosphorus_P2O5_singlescore_9.json,potassium_K2O_singlescore_10.json,1.676332e-12,6.94284624e-12,1.58948262e-11,2.451400444e-11
D1_2023,D1,2023,tonne,"Human toxicity, non-cancer - inorganics",Pt,,,,9.59,12.24,18.37,0.0,0.0,0.0,1 kg N,1 kg P2O5,1 kg K2O,,,,nitrogen_N_singlescore_8.json,phosphorus_P2O5_singlescore_9.json,potassium_K2O_singlescore_10.json,0.0,0.0,0.0,0.0
D1_2023,D1,2023,tonne,"Human toxicity, non-cancer - metals",Pt,,,,9.59,12.24,18.37,0.0,0.0,0.0,1 kg N,1 kg P2O5,1 kg K2O,,,,nitrogen_N_singlescore_8.json,phosphorus_P2O5_singlescore_9.json,potassium_K2O_singlescore_10.json,0.0,0.0,0.0,0.0
D1_2023,D1,2023,tonne,"Human toxicity, non-cancer - organics",Pt,,,,9.59,12.24,18.37,0.0,0.0,0.0,1 kg N,1 kg P2O5,1 kg K2O,,,,nitrogen_N_singlescore_8.json,phosphorus_P2O5_singlescore_9.json,potassium_K2O_singlescore_10.json,0.0,0.0,0.0,0.0
D1_2023,D1,2023,tonne,Ionising radiation,Pt,,,,9.59,12.24,18.37,21.066451,71.22199499999999,51.815903000000006,1 kg N,1 kg P2O5,1 kg K2O,,,,nitrogen_N_singlescore_8.json,phosphorus_P2O5_singlescore_9.json,potassium_K2O_singlescore_10.json,202.02726509000001,871.7572187999999,951.8581381100001,2025.6426220000003
D1_2023,D1,2023,tonne,Land use,Pt,,,,9.59,12.24,18.37,254308.65899999999,3434320.02,2789874.0,1 kg N,1 kg P2O5,1 kg K2O,,,,nitrogen_N_singlescore_8.json,phosphorus_P2O5_singlescore_9.json,potassium_K2O_singlescore_10.json,2438820.03981,42036077.0448,51249985.38,95724882.46461001
D1_2023,D1,2023,tonne,Ozone depletion,Pt,,,,9.59,12.24,18.37,5.2984e-10,5.1356e-10,5.8312e-10,1 kg N,1 kg P2O5,1 kg K2O,,,,nitrogen_N_singlescore_8.json,phosphorus_P2O5_singlescore_9.json,potassium_K2O_singlescore_10.json,5.0811656e-09,6.2859744e-09,1.0711914400000001e-08,2.20790544e-08
D1_2023,D1,2023,tonne,Particulate matter,Pt,,,,9.59,12.24,18.37,2.56557e-11,1.5046200000000003e-11,1.45961e-11,1 kg N,1 kg P2O5,1 kg K2O,,,,nitrogen_N_singlescore_8.json,phosphorus_P2O5_singlescore_9.json,potassium_K2O_singlescore_10.json,2.46038163e-10,1.8416548800000003e-10,2.6813035700000005e-10,6.983340080000001e-10
D1_2023,D1,2023,tonne,Photochemical ozone formation,Pt,,,,9.59,12.24,18.37,0.00772702,0.015733399999999998,0.015512239999999998,1 kg N,1 kg P2O5,1 kg K2O,,,,nitrogen_N_singlescore_8.json,phosphorus_P2O5_singlescore_9.json,potassium_K2O_singlescore_10.json,0.0741021218,0.19257681599999998,0.28495984879999997,0.5516387865999999
D1_2023,D1,2023,tonne,"Resource use, fossils",Pt,,,,9.59,12.24,18.37,252626.08020000003,232942.92750000002,229857.6558,1 kg N,1 kg P2O5,1 kg K2O,,,,nitrogen_N_singlescore_8.json,phosphorus_P2O5_singlescore_9.json,potassium_K2O_singlescore_10.json,2422684.109118,2851221.4326000004,4222485.137046,9496390.678764
D1_2023,D1,2023,tonne,"Resource use, minerals and metals",Pt,,,,9.59,12.24,18.37,1.3007999999999998e-07,2.5872e-07,2.472e-07,1 kg N,1 kg P2O5,1 kg K2O,,,,nitrogen_N_singlescore_8.json,phosphorus_P2O5_singlescore_9.json,potassium_K2O_singlescore_10.json,1.2474671999999997e-06,3.1667327999999997e-06,4.541064e-06,8.955264e-06
D1_2023,D1,2023,tonne,Total,Pt,,,,9.59,12.24,18.37,519378.6717280199,3764220.789358167,3484059.454128132,1 kg N,1 kg P2O5,1 kg K2O,,,,nitrogen_N_singlescore_8.json,phosphorus_P2O5_singlescore_9.json,potassium_K2O_singlescore_10.json,4980841.461871711,46074062.461743966,64002172.17233379,115057076.09594947
D1_2023,D1,2023,tonne,Water use,Pt,,,,9.59,12.24,18.37,210.37731,1554.109634,1161.545319,1 kg N,1 kg P2O5,1 kg K2O,,,,nitrogen_N_singlescore_8.json,phosphorus_P2O5_singlescore_9.json,potassium_K2O_singlescore_10.json,2017.5184029,19022.30192016,21337.587510030004,42377.40783309001
D1_2024,D1,2024,tonne,Acidification,Pt,,,,23.94,10.56,0.0,0.19821624,0.09966368,0.06340608,1 kg N,1 kg P2O5,1 kg K2O,,,,nitrogen_N_singlescore_8.json,phosphorus_P2O5_singlescore_9.json,potassium_K2O_singlescore_10.json,4.7452967856,1.0524484608000002,0.0,5.7977452464
D1_2024,D1,2024,tonne,Climate change,Pt,,,,23.94,10.56,0.0,6645.07914,5038.05543,4986.658170000001,1 kg N,1 kg P2O5,1 kg K2O,,,,nitrogen_N_singlescore_8.json,phosphorus_P2O5_singlescore_9.json,potassium_K2O_singlescore_10.json,159083.19461160002,53201.8653408,0.0,212285.0599524
D1_2024,D1,2024,tonne,Climate change - Biogenic,Pt,,,,23.94,10.56,0.0,0.0,0.0,0.0,1 kg N,1 kg P2O5,1 kg K2O,,,,nitrogen_N_singlescore_8.json,phosphorus_P2O5_singlescore_9.json,potassium_K2O_singlescore_10.json,0.0,0.0,0.0,0.0
D1_2024,D1,2024,tonne,Climate change - Fossil,Pt,,,,23.94,10.56,0.0,0.0,0.0,0.0,1 kg N,1 kg P2O5,1 kg K2O,,,,nitrogen_N_singlescore_8.json,phosphorus_P2O5_singlescore_9.json,potassium_K2O_singlescore_10.json,0.0,0.0,0.0,0.0
D1_2024,D1,2024,tonne,Climate change - Land use and LU change,Pt,,,,23.94,10.56,0.0,0.0,0.0,0.0,1 kg N,1 kg P2O5,1 kg K2O,,,,nitrogen_N_singlescore_8.json,phosphorus_P2O5_singlescore_9.json,potassium_K2O_singlescore_10.json,0.0,0.0,0.0,0.0
D1_2024,D1,2024,tonne,"Ecotoxicity, freshwater",Pt,,,,23.94,10.56,0.0,5565.61551,90293.99429999999,458127.314,1 kg N,1 kg P2O5,1 kg K2O,,,,nitrogen_N_singlescore_8.json,phosphorus_P2O5_singlescore_9.json,potassium_K2O_singlescore_10.json,133240.8353094,953504.579808,0.0,1086745.4151174
D1_2024,D1,2024,tonne,"Ecotoxicity, freshwater - inorganics",Pt,,,,23.94,10.56,0.0,0.0,0.0,0.0,1 kg N,1 kg P2O5,1 kg K2O,,,,nitrogen_N_singlescore_8.json,phosphorus_P2O5_singlescore_9.json,potassium_K2O_singlescore_10.json,0.0,0.0,0.0,0.0
D1_2024,D1,2024,tonne,"Ecotoxicity, freshwater - metals",Pt,,,,23.94,10.56,0.0,0.0,0.0,0.0,1 kg N,1 kg P2O5,1 kg K2O,,,,nitrogen_N_singlescore_8.json,phosphorus_P2O5_singlescore_9.json,potassium_K2O_singlescore_10.json,0.0,0.0,0.0,0.0
D1_2024,D1,2024,tonne,"Ecotoxicity, freshwater - organics",Pt,,,,23.94,10.56,0.0,0.0,0.0,0.0,1 kg N,1 kg P2O5,1 kg K2O,,,,nitrogen_N_singlescore_8.json,phosphorus_P2O5_singlescore_9.json,potassium_K2O_singlescore_10.json,0.0,0.0,0.0,0.0
D1_2024,D1,2024,tonne,"Eutrophication, freshwater",Pt,,,,23.94,10.56,0.0,4.5732e-06,1.96112e-05,1.2730799999999998e-05,1 kg N,1 kg P2O5,1 kg K2O,,,,nitrogen_N_singlescore_8.json,phosphorus_P2O5_singlescore_9.json,potassium_K2O_singlescore_10.json,0.000109482408,0.000207094272,0.0,0.00031657668
D1_2024,D1,2024,tonne,"Eutrophication, marine",Pt,,,,23.94,10.56,0.0,0.002243326,0.002318746,0.002428524,1 kg N,1 kg P2O5,1 kg K2O,,,,nitrogen_N_singlescore_8.json,phosphorus_P2O5_singlescore_9.json,potassium_K2O_singlescore_10.json,0.05370522444,0.02448595776,0.0,0.0781911822
D1_2024,D1,2024,tonne,"Eutrophication, terrestrial",Pt,,,,23.94,10.56,0.0,1.58592573,0.34276347,0.38357631,1 kg N,1 kg P2O5,1 kg K2O,,,,nitrogen_N_singlescore_8.json,phosphorus_P2O5_singlescore_9.json,potassium_K2O_singlescore_10.json,37.9670619762,3.6195822432000004,0.0,41.5866442194
D1_2024,D1,2024,tonne,"Human toxicity, cancer",Pt,,,,23.94,10.56,0.0,4.3788000000000003e-16,2.0828e-15,1.4514e-15,1 kg N,1 kg P2O5,1 kg K2O,,,,nitrogen_N_singlescore_8.json,phosphorus_P2O5_singlescore_9.json,potassium_K2O_singlescore_10.json,1.0482847200000002e-14,2.1994368e-14,0.0,3.24772152e-14
D1_2024,D1,2024,tonne,"Human toxicity, cancer - inorganics",Pt,,,,23.94,10.56,0.0,0.0,0.0,0.0,1 kg N,1 kg P2O5,1 kg K2O,,,,nitrogen_N_singlescore_8.json,phosphorus_P2O5_singlescore_9.json,potassium_K2O_singlescore_10.json,0.0,0.0,0.0,0.0
D1_2024,D1,2024,tonne,"Human toxicity, cancer - metals",Pt,,,,23.94,10.56,0.0,0.0,0.0,0.0,1 kg N,1 kg P2O5,1 kg K2O,,,,nitrogen_N_singlescore_8.json,phosphorus_P2O5_singlescore_9.json,potassium_K2O_singlescore_10.json,0.0,0.0,0.0,0.0
D1_2024,D1,2024,tonne,"Human toxicity, cancer - organics",Pt,,,,23.94,10.56,0.0,0.0,0.0,0.0,1 kg N,1 kg P2O5,1 kg K2O,,,,nitrogen_N_singlescore_8.json,phosphorus_P2O5_singlescore_9.json,potassium_K2O_singlescore_10.json,0.0,0.0,0.0,0.0
D1_2024,D1,2024,tonne,"Human toxicity, non-cancer",Pt,,,,23.94,10.56,0.0,1.748e-13,5.67226e-13,8.652599999999999e-13,1 kg N,1 kg P2O5,1 kg K2O,,,,nitrogen_N_singlescore_8.json,phosphorus_P2O5_singlescore_9.json,potassium_K2O_singlescore_10.json,4.184712e-12,5.989906560000001e-12,0.0,1.017461856e-11
D1_2024,D1,2024,tonne,"Human toxicity, non-cancer - inorganics",Pt,,,,23.94,10.56,0.0,0.0,0.0,0.0,1 kg N,1 kg P2O5,1 kg K2O,,,,nitrogen_N_singlescore_8.json,phosphorus_P2O5_singlescore_9.json,potassium_K2O_singlescore_10.json,0.0,0.0,0.0,0.0
D1_2024,D1,2024,tonne,"Human toxicity, non-cancer - metals",Pt,,,,23.94,10.56,0.0,0.0,0.0,0.0,1 kg N,1 kg P2O5,1 kg K2O,,,,nitrogen_N_singlescore_8.json,phosphorus_P2O5_singlescore_9.json,potassium_K2O_singlescore_10.json,0.0,0.0,0.0,0.0
D1_2024,D1,2024,tonne,"Human toxicity, non-cancer - organics",Pt,,,,23.94,10.56,0.0,0.0,0.0,0.0,1 kg N,1 kg P2O5,1 kg K2O,,,,nitrogen_N_singlescore_8.json,phosphorus_P2O5_singlescore_9.json,potassium_K2O_singlescore_10.json,0.0,0.0,0.0,0.0
D1_2024,D1,2024,tonne,Ionising radiation,Pt,,,,23.94,10.56,0.0,21.066451,71.22199499999999,51.815903000000006,1 kg N,1 kg P2O5,1 kg K2O,,,,nitrogen_N_singlescore_8.json,phosphorus_P2O5_singlescore_9.json,potassium_K2O_singlescore_10.json,504.33083694000004,752.1042672,0.0,1256.43510414
D1_2024,D1,2024,tonne,Land use,Pt,,,,23.94,10.56,0.0,254308.65899999999,3434320.02,2789874.0,1 kg N,1 kg P2O5,1 kg K2O,,,,nitrogen_N_singlescore_8.json,phosphorus_P2O5_singlescore_9.json,potassium_K2O_singlescore_10.json,6088149.29646,36266419.4112,0.0,42354568.707660004
D1_2024,D1,2024,tonne,Ozone depletion,Pt,,,,23.94,10.56,0.0,5.2984e-10,5.1356e-10,5.8312e-10,1 kg N,1 kg P2O5,1 kg K2O,,,,nitrogen_N_singlescore_8.json,phosphorus_P2O5_singlescore_9.json,potassium_K2O_singlescore_10.json,1.26843696e-08,5.4231936000000005e-09,0.0,1.81075632e-08
D1_2024,D1,2024,tonne,Particulate matter,Pt,,,,23.94,10.56,0.0,2.56557e-11,1.5046200000000003e-11,1.45961e-11,1 kg N,1 kg P2O5,1 kg K2O,,,,nitrogen_N_singlescore_8.json,phosphorus_P2O5_singlescore_9.json,potassium_K2O_singlescore_10.json,6.141974580000001e-10,1.5888787200000004e-10,0.0,7.730853300000002e-10
D1_2024,D1,2024,tonne,Photochemical ozone formation,Pt,,,,23.94,10.56,0.0,0.00772702,0.015733399999999998,0.015512239999999998,1 kg N,1 kg P2O5,1 kg K2O,,,,nitrogen_N_singlescore_8.json,phosphorus_P2O5_singlescore_9.json,potassium_K2O_singlescore_10.json,0.1849848588,0.16614470399999998,0.0,0.35112956279999996
D1_2024,D1,2024,tonne,"Resource use, fossils",Pt,,,,23.94,10.56,0.0,252626.08020000003,232942.92750000002,229857.6558,1 kg N,1 kg P2O5,1 kg K2O,,,,nitrogen_N_singlescore_8.json,phosphorus_P2O5_singlescore_9.json,potassium_K2O_singlescore_10.json,6047868.359988001,2459877.3144000005,0.0,8507745.674388003
D1_2024,D1,2024,tonne,"Resource use, minerals and metals",Pt,,,,23.94,10.56,0.0,1.3007999999999998e-07,2.5872e-07,2.472e-07,1 kg N,1 kg P2O5,1 kg K2O,,,,nitrogen_N_singlescore_8.json,phosphorus_P2O5_singlescore_9.json,potassium_K2O_singlescore_10.json,3.1141151999999996e-06,2.7320831999999997e-06,0.0,5.846198399999999e-06
D1_2024,D1,2024,tonne,Total,Pt,,,,23.94,10.56,0.0,519378.6717280199,3764220.789358167,3484059.454128132,1 kg N,1 kg P2O5,1 kg K2O,,,,nitrogen_N_singlescore_8.json,phosphorus_P2O5_singlescore_9.json,potassium_K2O_singlescore_10.json,12433925.401168797,39750171.53562225,0.0,52184096.93679105
D1_2024,D1,2024,tonne,Water use,Pt,,,,23.94,10.56,0.0,210.37731,1554.109634,1161.545319,1 kg N,1 kg P2O5,1 kg K2O,,,,nitrogen_N_singlescore_8.json,phosphorus_P2O5_singlescore_9.json,potassium_K2O_singlescore_10.json,5036.4328014,16411.39773504,0.0,21447.83053644
D2_2022,D2,2022,tonne,Acidification,Pt,,,,117.08,60.98,60.98,0.19821624,0.09966368,0.06340608,1 kg N,1 kg P2O5,1 kg K2O,,,,nitrogen_N_singlescore_8.json,phosphorus_P2O5_singlescore_9.json,potassium_K2O_singlescore_10.json,23.207157379199998,6.0774912064,3.8665027584000002,33.151151344
D2_2022,D2,2022,tonne,Climate change,Pt,,,,117.08,60.98,60.98,6645.07914,5038.05543,4986.658170000001,1 kg N,1 kg P2O5,1 kg K2O,,,,nitrogen_N_singlescore_8.json,phosphorus_P2O5_singlescore_9.json,potassium_K2O_singlescore_10.json,778005.8657111999,307220.6201214,304086.41520660004,1389312.9010392
D2_2022,D2,2022,tonne,Climate change - Biogenic,Pt,,,,117.08,60.98,60.98,0.0,0.0,0.0,1 kg N,1 kg P2O5,1 kg K2O,,,,nitrogen_N_singlescore_8.json,phosphorus_P2O5_singlescore_9.json,potassium_K2O_singlescore_10.json,0.0,0.0,0.0,0.0
D2_2022,D2,2022,tonne,Climate change - Fossil,Pt,,,,117.08,60.98,60.98,0.0,0.0,0.0,1 kg N,1 kg P2O5,1 kg K2O,,,,nitrogen_N_singlescore_8.json,phosphorus_P2O5_singlescore_9.json,potassium_K2O_singlescore_10.json,0.0,0.0,0.0,0.0
D2_2022,D2,2022,tonne,Climate change - Land use and LU change,Pt,,,,117.08,60.98,60.98,0.0,0.0,0.0,1 kg N,1 kg P2O5,1 kg K2O,,,,nitrogen_N_singlescore_8.json,phosphorus_P2O5_singlescore_9.json,potassium_K2O_singlescore_10.json,0.0,0.0,0.0,0.0
D2_2022,D2,2022,tonne,"Ecotoxicity, freshwater",Pt,,,,117.08,60.98,60.98,5565.61551,90293.99429999999,458127.314,1 kg N,1 kg P2O5,1 kg K2O,,,,nitrogen_N_singlescore_8.json,phosphorus_P2O5_singlescore_9.json,potassium_K2O_singlescore_10.json,651622.2639108,5506127.772413999,27936603.60772,34094353.6440448
D2_2022,D2,2022,tonne,"Ecotoxicity, freshwater - inorganics",Pt,,,,117.08,60.98,60.98,0.0,0.0,0.0,1 kg N,1 kg P2O5,1 kg K2O,,,,nitrogen_N_singlescore_8.json,phosphorus_P2O5_singlescore_9.json,potassium_K2O_singlescore_10.json,0.0,0.0,0.0,0.0
D2_2022,D2,2022,tonne,"Ecotoxicity, freshwater - metals",Pt,,,,117.08,60.98,60.98,0.0,0.0,0.0,1 kg N,1 kg P2O5,1 kg K2O,,,,nitrogen_N_singlescore_8.json,phosphorus_P2O5_singlescore_9.json,potassium_K2O_singlescore_10.json,0.0,0.0,0.0,0.0
D2_2022,D2,2022,tonne,"Ecotoxicity, freshwater - organics",Pt,,,,117.08,60.98,60.98,0.0,0.0,0.0,1 kg N,1 kg P2O5,1 kg K2O,,,,nitrogen_N_singlescore_8.json,phosphorus_P2O5_singlescore_9.json,potassium_K2O_singlescore_10.json,0.0,0.0,0.0,0.0
D2_2022,D2,2022,tonne,"Eutrophication, freshwater",Pt,,,,117.08,60.98,60.98,4.5732e-06,1.96112e-05,1.2730799999999998e-05,1 kg N,1 kg P2O5,1 kg K2O,,,,nitrogen_N_singlescore_8.json,phosphorus_P2O5_singlescore_9.json,potassium_K2O_singlescore_10.json,0.000535430256,0.0011958909759999998,0.0007763241839999999,0.002507645416
D2_2022,D2,2022,tonne,"Eutrophication, marine",Pt,,,,117.08,60.98,60.98,0.002243326,0.002318746,0.002428524,1 kg N,1 kg P2O5,1 kg K2O,,,,nitrogen_N_singlescore_8.json,phosphorus_P2O5_singlescore_9.json,potassium_K2O_singlescore_10.json,0.26264860808,0.14139713108,0.14809139352,0.55213713268
D2_2022,D2,2022,tonne,"Eutrophication, terrestrial",Pt,,,,117.08,60.98,60.98,1.58592573,0.34276347,0.38357631,1 kg N,1 kg P2O5,1 kg K2O,,,,nitrogen_N_singlescore_8.json,phosphorus_P2O5_singlescore_9.json,potassium_K2O_singlescore_10.json,185.6801844684,20.9017164006,23.390483383799996,229.9723842528
D2_2022,D2,2022,tonne,"Human toxicity, cancer",Pt,,,,117.08,60.98,60.98,4.3788000000000003e-16,2.0828e-15,1.4514e-15,1 kg N,1 kg P2O5,1 kg K2O,,,,nitrogen_N_singlescore_8.json,phosphorus_P2O5_singlescore_9.json,potassium_K2O_singlescore_10.json,5.1266990400000004e-14,1.2700914399999998e-13,8.8506372e-14,2.667825064e-13
D2_2022,D2,2022,tonne,"Human toxicity, cancer - inorganics",Pt,,,,117.08,60.98,60.98,0.0,0.0,0.0,1 kg N,1 kg P2O5,1 kg K2O,,,,nitrogen_N_singlescore_8.json,phosphorus_P2O5_singlescore_9.json,potassium_K2O_singlescore_10.json,0.0,0.0,0.0,0.0
D2_2022,D2,2022,tonne,"Human toxicity, cancer - metals",Pt,,,,117.08,60.98,60.98,0.0,0.0,0.0,1 kg N,1 kg P2O5,1 kg K2O,,,,nitrogen_N_singlescore_8.json,phosphorus_P2O5_singlescore_9.json,potassium_K2O_singlescore_10.json,0.0,0.0,0.0,0.0
D2_2022,D2,2022,tonne,"Human toxicity, cancer - organics",Pt,,,,117.08,60.98,60.98,0.0,0.0,0.0,1 kg N,1 kg P2O5,1 kg K2O,,,,nitrogen_N_singlescore_8.json,phosphorus_P2O5_singlescore_9.json,potassium_K2O_singlescore_10.json,0.0,0.0,0.0,0.0
D2_2022,D2,2022,tonne,"Human toxicity, non-cancer",Pt,,,,117.08,60.98,60.98,1.748e-13,5.67226e-13,8.652599999999999e-13,1 kg N,1 kg P2O5,1 kg K2O,,,,nitrogen_N_singlescore_8.json,phosphorus_P2O5_singlescore_9.json,potassium_K2O_singlescore_10.json,2.0465584e-11,3.458944148e-11,5.276355479999999e-11,1.0781858028e-10
D2_2022,D2,2022,tonne,"Human toxicity, non-cancer - inorganics",Pt,,,,117.08,60.98,60.98,0.0,0.0,0.0,1 kg N,1 kg P2O5,1 kg K2O,,,,nitrogen_N_singlescore_8.json,phosphorus_P2O5_singlescore_9.json,potassium_K2O_singlescore_10.json,0.0,0.0,0.0,0.0
D2_2022,D2,2022,tonne,"Human toxicity, non-cancer - metals",Pt,,,,117.08,60.98,60.98,0.0,0.0,0.0,1 kg N,1 kg P2O5,1 kg K2O,,,,nitrogen_N_singlescore_8.json,phosphorus_P2O5_singlescore_9.json,potassium_K2O_singlescore_10.json,0.0,0.0,0.0,0.0
D2_2022,D2,2022,tonne,"Human toxicity, non-cancer - organics",Pt,,,,117.08,60.98,60.98,0.0,0.0,0.0,1 kg N,1 kg P2O5,1 kg K2O,,,,nitrogen_N_singlescore_8.json,phosphorus_P2O5_singlescore_9.json,potassium_K2O_singlescore_10.json,0.0,0.0,0.0,0.0
D2_2022,D2,2022,tonne,Ionising radiation,Pt,,,,117.08,60.98,60.98,21.066451,71.22199499999999,51.815903000000006,1 kg N,1 kg P2O5,1 kg K2O,,,,nitrogen_N_singlescore_8.json,phosphorus_P2O5_singlescore_9.json,potassium_K2O_singlescore_10.json,2466.46008308,4343.117255099999,3159.73376494,9969.311103119999
D2_2022,D2,2022,tonne,Land use,Pt,,,,117.08,60.98,60.98,254308.65899999999,3434320.02,2789874.0,1 kg N,1 kg P2O5,1 kg K2O,,,,nitrogen_N_singlescore_8.json,phosphorus_P2O5_singlescore_9.json,potassium_K2O_singlescore_10.json,29774457.795719996,209424834.8196,170126516.51999998,409325809.13531995
D2_2022,D2,2022,tonne,Ozone depletion,Pt,,,,117.08,60.98,60.98,5.2984e-10,5.1356e-10,5.8312e-10,1 kg N,1 kg P2O5,1 kg K2O,,,,nitrogen_N_singlescore_8.json,phosphorus_P2O5_singlescore_9.json,potassium_K2O_singlescore_10.json,6.20336672e-08,3.13168888e-08,3.5558657600000004e-08,1.289092136e-07
D2_2022,D2,2022,tonne,Particulate matter,Pt,,,,117.08,60.98,60.98,2.56557e-11,1.5046200000000003e-11,1.45961e-11,1 kg N,1 kg P2O5,1 kg K2O,,,,nitrogen_N_singlescore_8.json,phosphorus_P2O5_singlescore_9.json,potassium_K2O_singlescore_10.json,3.003769356e-09,9.175172760000002e-10,8.90070178e-10,4.81135681e-09
D2_2022,D2,2022,tonne,Photochemical ozone formation,Pt,,,,117.08,60.98,60.98,0.00772702,0.015733399999999998,0.015512239999999998,1 kg N,1 kg P2O5,1 kg K2O,,,,nitrogen_N_singlescore_8.json,phosphorus_P2O5_singlescore_9.json,potassium_K2O_singlescore_10.json,0.9046795016,0.9594227319999998,0.9459363951999998,2.8100386287999997
D2_2022,D2,2022,tonne,"Resource use, fossils",Pt,,,,117.08,60.98,60.98,252626.08020000003,232942.92750000002,229857.6558,1 kg N,1 kg P2O5,1 kg K2O,,,,nitrogen_N_singlescore_8.json,phosphorus_P2O5_singlescore_9.json,potassium_K2O_singlescore_10.json,29577461.469816003,14204859.71895,14016719.850684,57799041.039450005
D2_2022,D2,2022,tonne,"Resource use, minerals and metals",Pt,,,,117.08,60.98,60.98,1.3007999999999998e-07,2.5872e-07,2.472e-07,1 kg N,1 kg P2O5,1 kg K2O,,,,nitrogen_N_singlescore_8.json,phosphorus_P2O5_singlescore_9.json,potassium_K2O_singlescore_10.json,1.5229766399999998e-05,1.5776745599999997e-05,1.5074255999999999e-05,4.608076799999999e-05
D2_2022,D2,2022,tonne,Total,Pt,,,,117.08,60.98,60.98,519378.6717280199,3764220.789358167,3484059.454128132,1 kg N,1 kg P2O5,1 kg K2O,,,,nitrogen_N_singlescore_8.json,phosphorus_P2O5_singlescore_9.json,potassium_K2O_singlescore_10.json,60808854.88591657,229542183.73506102,212457945.5127335,502808984.1337111
D2_2022,D2,2022,tonne,Water use,Pt,,,,117.08,60.98,60.98,210.37731,1554.109634,1161.545319,1 kg N,1 kg P2O5,1 kg K2O,,,,nitrogen_N_singlescore_8.json,phosphorus_P2O5_singlescore_9.json,potassium_K2O_singlescore_10.json,24630.9754548,94769.60548131999,70831.03355262,190231.61448874
D2_2023,D2,2023,tonne,Acidification,Pt,,,,16.9,9.3,9.3,0.19821624,0.09966368,0.06340608,1 kg N,1 kg P2O5,1 kg K2O,,,,nitrogen_N_singlescore_8.json,phosphorus_P2O5_singlescore_9.json,potassium_K2O_singlescore_10.json,3.3498544559999996,0.9268722240000001,0.589676544,4.866403223999999
D2_2023,D2,2023,tonne,Climate change,Pt,,,,16.9,9.3,9.3,6645.07914,5038.05543,4986.658170000001,1 kg N,1 kg P2O5,1 kg K2O,,,,nitrogen_N_singlescore_8.json,phosphorus_P2O5_singlescore_9.json,potassium_K2O_singlescore_10.json,112301.83746599998,46853.91549900001,46375.92098100001,205531.673946
D2_2023,D2,2023,tonne,Climate change - Biogenic,Pt,,,,16.9,9.3,9.3,0.0,0.0,0.0,1 kg N,1 kg P2O5,1 kg K2O,,,,nitrogen_N_singlescore_8.json,phosphorus_P2O5_singlescore_9.json,potassium_K2O_singlescore_10.json,0.0,0.0,0.0,0.0
D2_2023,D2,2023,tonne,Climate change - Fossil,Pt,,,,16.9,9.3,9.3,0.0,0.0,0.0,1 kg N,1 kg P2O5,1 kg K2O,,,,nitrogen_N_singlescore_8.json,phosphorus_P2O5_singlescore_9.json,potassium_K2O_singlescore_10.json,0.0,0.0,0.0,0.0
D2_2023,D2,2023,tonne,Climate change - Land use and LU change,Pt,,,,16.9,9.3,9.3,0.0,0.0,0.0,1 kg N,1 kg P2O5,1 kg K2O,,,,nitrogen_N_singlescore_8.json,phosphorus_P2O5_singlescore_9.json,potassium_K2O_singlescore_10.json,0.0,0.0,0.0,0.0
D2_2023,D2,2023,tonne,"Ecotoxicity, freshwater",Pt,,,,16.9,9.3,9.3,5565.61551,90293.99429999999,458127.314,1 kg N,1 kg P2O5,1 kg K2O,,,,nitrogen_N_singlescore_8.json,phosphorus_P2O5_singlescore_9.json,potassium_K2O_singlescore_10.json,94058.90211899999,839734.14699,4260584.0202,5194377.069309
D2_2023,D2,2023,tonne,"Ecotoxicity, freshwater - inorganics",Pt,,,,16.9,9.3,9.3,0.0,0.0,0.0,1 kg N,1 kg P2O5,1 kg K2O,,,,nitrogen_N_singlescore_8.json,phosphorus_P2O5_singlescore_9.json,potassium_K2O_singlescore_10.json,0.0,0.0,0.0,0.0
D2_2023,D2,2023,tonne,"Ecotoxicity, freshwater - metals",Pt,,,,16.9,9.3,9.3,0.0,0.0,0.0,1 kg N,1 kg P2O5,1 kg K2O,,,,nitrogen_N_singlescore_8.json,phosphorus_P2O5_singlescore_9.json,potassium_K2O_singlescore_10.json,0.0,0.0,0.0,0.0
D2_2023,D2,2023,tonne,"Ecotoxicity, freshwater - organics",Pt,,,,16.9,9.3,9.3,0.0,0.0,0.0,1 kg N,1 kg P2O5,1 kg K2O,,,,nitrogen_N_singlescore_8.json,phosphorus_P2O5_singlescore_9.json,potassium_K2O_singlescore_10.json,0.0,0.0,0.0,0.0
D2_2023,D2,2023,tonne,"Eutrophication, freshwater",Pt,,,,16.9,9.3,9.3,4.5732e-06,1.96112e-05,1.2730799999999998e-05,1 kg N,1 kg P2O5,1 kg K2O,,,,nitrogen_N_singlescore_8.json,phosphorus_P2O5_singlescore_9.json,potassium_K2O_singlescore_10.json,7.728707999999999e-05,0.00018238416000000002,0.00011839644,0.00037806768000000004
D2_2023,D2,2023,tonne,"Eutrophication, marine",Pt,,,,16.9,9.3,9.3,0.002243326,0.002318746,0.002428524,1 kg N,1 kg P2O5,1 kg K2O,,,,nitrogen_N_singlescore_8.json,phosphorus_P2O5_singlescore_9.json,potassium_K2O_singlescore_10.json,0.037912209399999994,0.021564337800000003,0.022585273200000002,0.0820618204
D2_2023,D2,2023,tonne,"Eutrophication, terrestrial",Pt,,,,16.9,9.3,9.3,1.58592573,0.34276347,0.38357631,1 kg N,1 kg P2O5,1 kg K2O,,,,nitrogen_N_singlescore_8.json,phosphorus_P2O5_singlescore_9.json,potassium_K2O_singlescore_10.json,26.802144836999997,3.187700271,3.567259683,33.557104791
D2_2023,D2,2023,tonne,"Human toxicity, cancer",Pt,,,,16.9,9.3,9.3,4.3788000000000003e-16,2.0828e-15,1.4514e-15,1 kg N,1 kg P2O5,1 kg K2O,,,,nitrogen_N_singlescore_8.json,phosphorus_P2O5_singlescore_9.json,potassium_K2O_singlescore_10.json,7.400172e-15,1.937004e-14,1.3498020000000002e-14,4.0268232000000004e-14
D2_2023,D2,2023,tonne,"Human toxicity, cancer - inorganics",Pt,,,,16.9,9.3,9.3,0.0,0.0,0.0,1 kg N,1 kg P2O5,1 kg K2O,,,,nitrogen_N_singlescore_8.json,phosphorus_P2O5_singlescore_9.json,potassium_K2O_singlescore_10.json,0.0,0.0,0.0,0.0
D2_2023,D2,2023,tonne,"Human toxicity, cancer - metals",Pt,,,,16.9,9.3,9.3,0.0,0.0,0.0,1 kg N,1 kg P2O5,1 kg K2O,,,,nitrogen_N_singlescore_8.json,phosphorus_P2O5_singlescore_9.json,potassium_K2O_singlescore_10.json,0.0,0.0,0.0,0.0
D2_2023,D2,2023,tonne,"Human toxicity, cancer - organics",Pt,,,,16.9,9.3,9.3,0.0,0.0,0.0,1 kg N,1 kg P2O5,1 kg K2O,,,,nitrogen_N_singlescore_8.json,phosphorus_P2O5_singlescore_9.json,potassium_K2O_singlescore_10.json,0.0,0.0,0.0,0.0
D2_2023,D2,2023,tonne,"Human toxicity, non-cancer",Pt,,,,16.9,9.3,9.3,1.748e-13,5.67226e-13,8.652599999999999e-13,1 kg N,1 kg P2O5,1 kg K2O,,,,nitrogen_N_singlescore_8.json,phosphorus_P2O5_singlescore_9.json,potassium_K2O_singlescore_10.json,2.9541199999999995e-12,5.2752018e-12,8.046918e-12,1.6276239800000002e-11
D2_2023,D2,2023,tonne,"Human toxicity, non-cancer - inorganics",Pt,,,,16.9,9.3,9.3,0.0,0.0,0.0,1 kg N,1 kg P2O5,1 kg K2O,,,,nitrogen_N_singlescore_8.json,phosphorus_P2O5_singlescore_9.json,potassium_K2O_singlescore_10.json,0.0,0.0,0.0,0.0
D2_2023,D2,2023,tonne,"Human toxicity, non-cancer - metals",Pt,,,,16.9,9.3,9.3,0.0,0.0,0.0,1 kg N,1 kg P2O5,1 kg K2O,,,,nitrogen_N_singlescore_8.json,phosphorus_P2O5_singlescore_9.json,potassium_K2O_singlescore_10.json,0.0,0.0,0.0,0.0
D2_2023,D2,2023,tonne,"Human toxicity, non-cancer - organics",Pt,,,,16.9,9.3,9.3,0.0,0.0,0.0,1 kg N,1 kg P2O5,1 kg K2O,,,,nitrogen_N_singlescore_8.json,phosphorus_P2O5_singlescore_9.json,potassium_K2O_singlescore_10.json,0.0,0.0,0.0,0.0
D2_2023,D2,2023,tonne,Ionising radiation,Pt,,,,16.9,9.3,9.3,21.066451,71.22199499999999,51.815903000000006,1 kg N,1 kg P2O5,1 kg K2O,,,,nitrogen_N_singlescore_8.json,phosphorus_P2O5_singlescore_9.json,potassium_K2O_singlescore_10.json,356.0230219,662.3645534999999,481.8878979000001,1500.2754733000002
D2_2023,D2,2023,tonne,Land use,Pt,,,,16.9,9.3,9.3,254308.65899999999,3434320.02,2789874.0,1 kg N,1 kg P2O5,1 kg K2O,,,,nitrogen_N_singlescore_8.json,phosphorus_P2O5_singlescore_9.json,potassium_K2O_singlescore_10.json,4297816.337099999,31939176.186000004,25945828.200000003,62182820.72310001
D2_2023,D2,2023,tonne,Ozone depletion,Pt,,,,16.9,9.3,9.3,5.2984e-10,5.1356e-10,5.8312e-10,1 kg N,1 kg P2O5,1 kg K2O,,,,nitrogen_N_singlescore_8.json,phosphorus_P2O5_singlescore_9.json,potassium_K2O_singlescore_10.json,8.954295999999999e-09,4.7761080000000006e-09,5.423016000000001e-09,1.915342e-08
D2_2023,D2,2023,tonne,Particulate matter,Pt,,,,16.9,9.3,9.3,2.56557e-11,1.5046200000000003e-11,1.45961e-11,1 kg N,1 kg P2O5,1 kg K2O,,,,nitrogen_N_singlescore_8.json,phosphorus_P2O5_singlescore_9.json,potassium_K2O_singlescore_10.json,4.3358133e-10,1.3992966000000004e-10,1.3574373e-10,7.092547200000001e-10
D2_2023,D2,2023,tonne,Photochemical ozone formation,Pt,,,,16.9,9.3,9.3,0.00772702,0.015733399999999998,0.015512239999999998,1 kg N,1 kg P2O5,1 kg K2O,,,,nitrogen_N_singlescore_8.json,phosphorus_P2O5_singlescore_9.json,potassium_K2O_singlescore_10.json,0.130586638,0.14632061999999998,0.144263832,0.42117108999999997
D2_2023,D2,2023,tonne,"Resource use, fossils",Pt,,,,16.9,9.3,9.3,252626.08020000003,232942.92750000002,229857.6558,1 kg N,1 kg P2O5,1 kg K2O,,,,nitrogen_N_singlescore_8.json,phosphorus_P2O5_singlescore_9.json,potassium_K2O_singlescore_10.json,4269380.75538,2166369.22575,2137676.19894,8573426.18007
D2_2023,D2,2023,tonne,"Resource use, minerals and metals",Pt,,,,16.9,9.3,9.3,1.3007999999999998e-07,2.5872e-07,2.472e-07,1 kg N,1 kg P2O5,1 kg K2O,,,,nitrogen_N_singlescore_8.json,phosphorus_P2O5_singlescore_9.json,potassium_K2O_singlescore_10.json,2.1983519999999995e-06,2.406096e-06,2.29896e-06,6.903407999999999e-06
D2_2023,D2,2023,tonne,Total,Pt,,,,16.9,9.3,9.3,519378.6717280199,3764220.789358167,3484059.454128132,1 kg N,1 kg P2O5,1 kg K2O,,,,nitrogen_N_singlescore_8.json,phosphorus_P2O5_singlescore_9.json,potassium_K2O_singlescore_10.json,8777499.552203536,35007253.341030955,32401752.923391633,76186505.81662613
D2_2023,D2,2023,tonne,Water use,Pt,,,,16.9,9.3,9.3,210.37731,1554.109634,1161.545319,1 kg N,1 kg P2O5,1 kg K2O,,,,nitrogen_N_singlescore_8.json,phosphorus_P2O5_singlescore_9.json,potassium_K2O_singlescore_10.json,3555.3765389999994,14453.2195962,10802.371466700002,28810.967601900004
D2_2024,D2,2024,tonne,Acidification,Pt,,,,15.65,8.86,8.86,0.19821624,0.09966368,0.06340608,1 kg N,1 kg P2O5,1 kg K2O,,,,nitrogen_N_singlescore_8.json,phosphorus_P2O5_singlescore_9.json,potassium_K2O_singlescore_10.json,3.102084156,0.8830202048,0.5617778688,4.5468822296
D2_2024,D2,2024,tonne,Climate change,Pt,,,,15.65,8.86,8.86,6645.07914,5038.05543,4986.658170000001,1 kg N,1 kg P2O5,1 kg K2O,,,,nitrogen_N_singlescore_8.json,phosphorus_P2O5_singlescore_9.json,potassium_K2O_singlescore_10.json,103995.488541,44637.1711098,44181.791386200006,192814.451037
D2_2024,D2,2024,tonne,Climate change - Biogenic,Pt,,,,15.65,8.86,8.86,0.0,0.0,0.0,1 kg N,1 kg P2O5,1 kg K2O,,,,nitrogen_N_singlescore_8.json,phosphorus_P2O5_singlescore_9.json,potassium_K2O_singlescore_10.json,0.0,0.0,0.0,0.0
D2_2024,D2,2024,tonne,Climate change - Fossil,Pt,,,,15.65,8.86,8.86,0.0,0.0,0.0,1 kg N,1 kg P2O5,1 kg K2O,,,,nitrogen_N_singlescore_8.json,phosphorus_P2O5_singlescore_9.json,potassium_K2O_singlescore_10.json,0.0,0.0,0.0,0.0
D2_2024,D2,2024,tonne,Climate change - Land use and LU change,Pt,,,,15.65,8.86,8.86,0.0,0.0,0.0,1 kg N,1 kg P2O5,1 kg K2O,,,,nitrogen_N_singlescore_8.json,phosphorus_P2O5_singlescore_9.json,potassium_K2O_singlescore_10.json,0.0,0.0,0.0,0.0
D2_2024,D2,2024,tonne,"Ecotoxicity, freshwater",Pt,,,,15.65,8.86,8.86,5565.61551,90293.99429999999,458127.314,1 kg N,1 kg P2O5,1 kg K2O,,,,nitrogen_N_singlescore_8.json,phosphorus_P2O5_singlescore_9.json,potassium_K2O_singlescore_10.json,87101.8827315,800004.7894979998,4059008.0020399997,4946114.674269499
D2_2024,D2,2024,tonne,"Ecotoxicity, freshwater - inorganics",Pt,,,,15.65,8.86,8.86,0.0,0.0,0.0,1 kg N,1 kg P2O5,1 kg K2O,,,,nitrogen_N_singlescore_8.json,phosphorus_P2O5_singlescore_9.json,potassium_K2O_singlescore_10.json,0.0,0.0,0.0,0.0
D2_2024,D2,2024,tonne,"Ecotoxicity, freshwater - metals",Pt,,,,15.65,8.86,8.86,0.0,0.0,0.0,1 kg N,1 kg P2O5,1 kg K2O,,,,nitrogen_N_singlescore_8.json,phosphorus_P2O5_singlescore_9.json,potassium_K2O_singlescore_10.json,0.0,0.0,0.0,0.0
D2_2024,D2,2024,tonne,"Ecotoxicity, freshwater - organics",Pt,,,,15.65,8.86,8.86,0.0,0.0,0.0,1 kg N,1 kg P2O5,1 kg K2O,,,,nitrogen_N_singlescore_8.json,phosphorus_P2O5_singlescore_9.json,potassium_K2O_singlescore_10.json,0.0,0.0,0.0,0.0
D2_2024,D2,2024,tonne,"Eutrophication, freshwater",Pt,,,,15.65,8.86,8.86,4.5732e-06,1.96112e-05,1.2730799999999998e-05,1 kg N,1 kg P2O5,1 kg K2O,,,,nitrogen_N_singlescore_8.json,phosphorus_P2O5_singlescore_9.json,potassium_K2O_singlescore_10.json,7.157058e-05,0.000173755232,0.00011279488799999998,0.00035812069999999993
D2_2024,D2,2024,tonne,"Eutrophication, marine",Pt,,,,15.65,8.86,8.86,0.002243326,0.002318746,0.002428524,1 kg N,1 kg P2O5,1 kg K2O,,,,nitrogen_N_singlescore_8.json,phosphorus_P2O5_singlescore_9.json,potassium_K2O_singlescore_10.json,0.0351080519,0.02054408956,0.02151672264,0.0771688641
D2_2024,D2,2024,tonne,"Eutrophication, terrestrial",Pt,,,,15.65,8.86,8.86,1.58592573,0.34276347,0.38357631,1 kg N,1 kg P2O5,1 kg K2O,,,,nitrogen_N_singlescore_8.json,phosphorus_P2O5_singlescore_9.json,potassium_K2O_singlescore_10.json,24.8197376745,3.0368843441999998,3.3984861065999996,31.2551081253
D2_2024,D2,2024,tonne,"Human toxicity, cancer",Pt,,,,15.65,8.86,8.86,4.3788000000000003e-16,2.0828e-15,1.4514e-15,1 kg N,1 kg P2O5,1 kg K2O,,,,nitrogen_N_singlescore_8.json,phosphorus_P2O5_singlescore_9.json,potassium_K2O_singlescore_10.json,6.8528220000000004e-15,1.8453607999999997e-14,1.2859404e-14,3.8165833999999996e-14
D2_2024,D2,2024,tonne,"Human toxicity, cancer - inorganics",Pt,,,,15.65,8.86,8.86,0.0,0.0,0.0,1 kg N,1 kg P2O5,1 kg K2O,,,,nitrogen_N_singlescore_8.json,phosphorus_P2O5_singlescore_9.json,potassium_K2O_singlescore_10.json,0.0,0.0,0.0,0.0
D2_2024,D2,2024,tonne,"Human toxicity, cancer - metals",Pt,,,,15.65,8.86,8.86,0.0,0.0,0.0,1 kg N,1 kg P2O5,1 kg K2O,,,,nitrogen_N_singlescore_8.json,phosphorus_P2O5_singlescore_9.json,potassium_K2O_singlescore_10.json,0.0,0.0,0.0,0.0
D2_2024,D2,2024,tonne,"Human toxicity, cancer - organics",Pt,,,,15.65,8.86,8.86,0.0,0.0,0.0,1 kg N,1 kg P2O5,1 kg K2O,,,,nitrogen_N_singlescore_8.json,phosphorus_P2O5_singlescore_9.json,potassium_K2O_singlescore_10.json,0.0,0.0,0.0,0.0
D2_2024,D2,2024,tonne,"Human toxicity, non-cancer",Pt,,,,15.65,8.86,8.86,1.748e-13,5.67226e-13,8.652599999999999e-13,1 kg N,1 kg P2O5,1 kg K2O,,,,nitrogen_N_singlescore_8.json,phosphorus_P2O5_singlescore_9.json,potassium_K2O_singlescore_10.json,2.73562e-12,5.0256223599999996e-12,7.666203599999999e-12,1.542744596e-11
D2_2024,D2,2024,tonne,"Human toxicity, non-cancer - inorganics",Pt,,,,15.65,8.86,8.86,0.0,0.0,0.0,1 kg N,1 kg P2O5,1 kg K2O,,,,nitrogen_N_singlescore_8.json,phosphorus_P2O5_singlescore_9.json,potassium_K2O_singlescore_10.json,0.0,0.0,0.0,0.0
D2_2024,D2,2024,tonne,"Human toxicity, non-cancer - metals",Pt,,,,15.65,8.86,8.86,0.0,0.0,0.0,1 kg N,1 kg P2O5,1 kg K2O,,,,nitrogen_N_singlescore_8.json,phosphorus_P2O5_singlescore_9.json,potassium_K2O_singlescore_10.json,0.0,0.0,0.0,0.0
D2_2024,D2,2024,tonne,"Human toxicity, non-cancer - organics",Pt,,,,15.65,8.86,8.86,0.0,0.0,0.0,1 kg N,1 kg P2O5,1 kg K2O,,,,nitrogen_N_singlescore_8.json,phosphorus_P2O5_singlescore_9.json,potassium_K2O_singlescore_10.json,0.0,0.0,0.0,0.0
D2_2024,D2,2024,tonne,Ionising radiation,Pt,,,,15.65,8.86,8.86,21.066451,71.22199499999999,51.815903000000006,1 kg N,1 kg P2O5,1 kg K2O,,,,nitrogen_N_singlescore_8.json,phosphorus_P2O5_singlescore_9.json,potassium_K2O_singlescore_10.json,329.68995815,631.0268756999999,459.08890058000003,1419.8057344299998
D2_2024,D2,2024,tonne,Land use,Pt,,,,15.65,8.86,8.86,254308.65899999999,3434320.02,2789874.0,1 kg N,1 kg P2O5,1 kg K2O,,,,nitrogen_N_singlescore_8.json,phosphorus_P2O5_singlescore_9.json,potassium_K2O_singlescore_10.json,3979930.5133499997,30428075.3772,24718283.639999997,59126289.53055
D2_2024,D2,2024,tonne,Ozone depletion,Pt,,,,15.65,8.86,8.86,5.2984e-10,5.1356e-10,5.8312e-10,1 kg N,1 kg P2O5,1 kg K2O,,,,nitrogen_N_singlescore_8.json,phosphorus_P2O5_singlescore_9.json,potassium_K2O_singlescore_10.json,8.291996e-09,4.5501416e-09,5.1664432e-09,1.8008580799999998e-08
D2_2024,D2,2024,tonne,Particulate matter,Pt,,,,15.65,8.86,8.86,2.56557e-11,1.5046200000000003e-11,1.45961e-11,1 kg N,1 kg P2O5,1 kg K2O,,,,nitrogen_N_singlescore_8.json,phosphorus_P2O5_singlescore_9.json,potassium_K2O_singlescore_10.json,4.0151170500000004e-10,1.33309332e-10,1.29321446e-10,6.641424830000001e-10
D2_2024,D2,2024,tonne,Photochemical ozone formation,Pt,,,,15.65,8.86,8.86,0.00772702,0.015733399999999998,0.015512239999999998,1 kg N,1 kg P2O5,1 kg K2O,,,,nitrogen_N_singlescore_8.json,phosphorus_P2O5_singlescore_9.json,potassium_K2O_singlescore_10.json,0.12092786300000001,0.13939792399999998,0.13743844639999997,0.39776423339999994
D2_2024,D2,2024,tonne,"Resource use, fossils",Pt,,,,15.65,8.86,8.86,252626.08020000003,232942.92750000002,229857.6558,1 kg N,1 kg P2O5,1 kg K2O,,,,nitrogen_N_singlescore_8.json,phosphorus_P2O5_singlescore_9.json,potassium_K2O_singlescore_10.json,3953598.1551300003,2063874.3376500001,2036538.830388,8054011.323168
D2_2024,D2,2024,tonne,"Resource use, minerals and metals",Pt,,,,15.65,8.86,8.86,1.3007999999999998e-07,2.5872e-07,2.472e-07,1 kg N,1 kg P2O5,1 kg K2O,,,,nitrogen_N_singlescore_8.json,phosphorus_P2O5_singlescore_9.json,potassium_K2O_singlescore_10.json,2.035752e-06,2.2922591999999994e-06,2.1901919999999996e-06,6.5182031999999994e-06
D2_2024,D2,2024,tonne,Total,Pt,,,,15.65,8.86,8.86,519378.6717280199,3764220.789358167,3484059.454128132,1 kg N,1 kg P2O5,1 kg K2O,,,,nitrogen_N_singlescore_8.json,phosphorus_P2O5_singlescore_9.json,potassium_K2O_singlescore_10.json,8128276.212543512,33350996.193713356,30868766.76357525,72348039.16983211
D2_2024,D2,2024,tonne,Water use,Pt,,,,15.65,8.86,8.86,210.37731,1554.109634,1161.545319,1 kg N,1 kg P2O5,1 kg K2O,,,,nitrogen_N_singlescore_8.json,phosphorus_P2O5_singlescore_9.json,potassium_K2O_singlescore_10.json,3292.4049015,13769.411357239998,10291.29152634,27353.10778508
NT1_2023,NT1,2023,tonne,Acidification,Pt,,,,13.81,8.51,0.0,0.19821624,0.09966368,0.06340608,1 kg N,1 kg P2O5,1 kg K2O,,,,nitrogen_N_singlescore_8.json,phosphorus_P2O5_singlescore_9.json,potassium_K2O_singlescore_10.json,2.7373662744,0.8481379168000001,0.0,3.5855041912
NT1_2023,NT1,2023,tonne,Climate change,Pt,,,,13.81,8.51,0.0,6645.07914,5038.05543,4986.658170000001,1 kg N,1 kg P2O5,1 kg K2O,,,,nitrogen_N_singlescore_8.json,phosphorus_P2O5_singlescore_9.json,potassium_K2O_singlescore_10.json,91768.5429234,42873.851709300005,0.0,134642.39463270002
NT1_2023,NT1,2023,tonne,Climate change - Biogenic,Pt,,,,13.81,8.51,0.0,0.0,0.0,0.0,1 kg N,1 kg P2O5,1 kg K2O,,,,nitrogen_N_singlescore_8.json,phosphorus_P2O5_singlescore_9.json,potassium_K2O_singlescore_10.json,0.0,0.0,0.0,0.0
NT1_2023,NT1,2023,tonne,Climate change - Fossil,Pt,,,,13.81,8.51,0.0,0.0,0.0,0.0,1 kg N,1 kg P2O5,1 kg K2O,,,,nitrogen_N_singlescore_8.json,phosphorus_P2O5_singlescore_9.json,potassium_K2O_singlescore_10.json,0.0,0.0,0.0,0.0
NT1_2023,NT1,2023,tonne,Climate change - Land use and LU change,Pt,,,,13.81,8.51,0.0,0.0,0.0,0.0,1 kg N,1 kg P2O5,1 kg K2O,,,,nitrogen_N_singlescore_8.json,phosphorus_P2O5_singlescore_9.json,potassium_K2O_singlescore_10.json,0.0,0.0,0.0,0.0
NT1_2023,NT1,2023,tonne,"Ecotoxicity, freshwater",Pt,,,,13.81,8.51,0.0,5565.61551,90293.99429999999,458127.314,1 kg N,1 kg P2O5,1 kg K2O,,,,nitrogen_N_singlescore_8.json,phosphorus_P2O5_singlescore_9.json,potassium_K2O_singlescore_10.json,76861.1501931,768401.8914929999,0.0,845263.0416860998
NT1_2023,NT1,2023,tonne,"Ecotoxicity, freshwater - inorganics",Pt,,,,13.81,8.51,0.0,0.0,0.0,0.0,1 kg N,1 kg P2O5,1 kg K2O,,,,nitrogen_N_singlescore_8.json,phosphorus_P2O5_singlescore_9.json,potassium_K2O_singlescore_10.json,0.0,0.0,0.0,0.0
NT1_2023,NT1,2023,tonne,"Ecotoxicity, freshwater - metals",Pt,,,,13.81,8.51,0.0,0.0,0.0,0.0,1 kg N,1 kg P2O5,1 kg K2O,,,,nitrogen_N_singlescore_8.json,phosphorus_P2O5_singlescore_9.json,potassium_K2O_singlescore_10.json,0.0,0.0,0.0,0.0
NT1_2023,NT1,2023,tonne,"Ecotoxicity, freshwater - organics",Pt,,,,13.81,8.51,0.0,0.0,0.0,0.0,1 kg N,1 kg P2O5,1 kg K2O,,,,nitrogen_N_singlescore_8.json,phosphorus_P2O5_singlescore_9.json,potassium_K2O_singlescore_10.json,0.0,0.0,0.0,0.0
NT1_2023,NT1,2023,tonne,"Eutrophication, freshwater",Pt,,,,13.81,8.51,0.0,4.5732e-06,1.96112e-05,1.2730799999999998e-05,1 kg N,1 kg P2O5,1 kg K2O,,,,nitrogen_N_singlescore_8.json,phosphorus_P2O5_singlescore_9.json,potassium_K2O_singlescore_10.json,6.3155892e-05,0.00016689131199999999,0.0,0.00023004720399999999
NT1_2023,NT1,2023,tonne,"Eutrophication, marine",Pt,,,,13.81,8.51,0.0,0.002243326,0.002318746,0.002428524,1 kg N,1 kg P2O5,1 kg K2O,,,,nitrogen_N_singlescore_8.json,phosphorus_P2O5_singlescore_9.json,potassium_K2O_singlescore_10.json,0.03098033206,0.01973252846,0.0,0.05071286052
NT1_2023,NT1,2023,tonne,"Eutrophication, terrestrial",Pt,,,,13.81,8.51,0.0,1.58592573,0.34276347,0.38357631,1 kg N,1 kg P2O5,1 kg K2O,,,,nitrogen_N_singlescore_8.json,phosphorus_P2O5_singlescore_9.json,potassium_K2O_singlescore_10.json,21.901634331300002,2.9169171297,0.0,24.818551461000002
NT1_2023,NT1,2023,tonne,"Human toxicity, cancer",Pt,,,,13.81,8.51,0.0,4.3788000000000003e-16,2.0828e-15,1.4514e-15,1 kg N,1 kg P2O5,1 kg K2O,,,,nitrogen_N_singlescore_8.json,phosphorus_P2O5_singlescore_9.json,potassium_K2O_singlescore_10.json,6.047122800000001e-15,1.7724628e-14,0.0,2.37717508e-14
NT1_2023,NT1,2023,tonne,"Human toxicity, cancer - inorganics",Pt,,,,13.81,8.51,0.0,0.0,0.0,0.0,1 kg N,1 kg P2O5,1 kg K2O,,,,nitrogen_N_singlescore_8.json,phosphorus_P2O5_singlescore_9.json,potassium_K2O_singlescore_10.json,0.0,0.0,0.0,0.0
NT1_2023,NT1,2023,tonne,"Human toxicity, cancer - metals",Pt,,,,13.81,8.51,0.0,0.0,0.0,0.0,1 kg N,1 kg P2O5,1 kg K2O,,,,nitrogen_N_singlescore_8.json,phosphorus_P2O5_singlescore_9.json,potassium_K2O_singlescore_10.json,0.0,0.0,0.0,0.0
NT1_2023,NT1,2023,tonne,"Human toxicity, cancer - organics",Pt,,,,13.81,8.51,0.0,0.0,0.0,0.0,1 kg N,1 kg P2O5,1 kg K2O,,,,nitrogen_N_singlescore_8.json,phosphorus_P2O5_singlescore_9.json,potassium_K2O_singlescore_10.json,0.0,0.0,0.0,0.0
NT1_2023,NT1,2023,tonne,"Human toxicity, non-cancer",Pt,,,,13.81,8.51,0.0,1.748e-13,5.67226e-13,8.652599999999999e-13,1 kg N,1 kg P2O5,1 kg K2O,,,,nitrogen_N_singlescore_8.json,phosphorus_P2O5_singlescore_9.json,potassium_K2O_singlescore_10.json,2.413988e-12,4.82709326e-12,0.0,7.241081259999999e-12
NT1_2023,NT1,2023,tonne,"Human toxicity, non-cancer - inorganics",Pt,,,,13.81,8.51,0.0,0.0,0.0,0.0,1 kg N,1 kg P2O5,1 kg K2O,,,,nitrogen_N_singlescore_8.json,phosphorus_P2O5_singlescore_9.json,potassium_K2O_singlescore_10.json,0.0,0.0,0.0,0.0
NT1_2023,NT1,2023,tonne,"Human toxicity, non-cancer - metals",Pt,,,,13.81,8.51,0.0,0.0,0.0,0.0,1 kg N,1 kg P2O5,1 kg K2O,,,,nitrogen_N_singlescore_8.json,phosphorus_P2O5_singlescore_9.json,potassium_K2O_singlescore_10.json,0.0,0.0,0.0,0.0
NT1_2023,NT1,2023,tonne,"Human toxicity, non-cancer - organics",Pt,,,,13.81,8.51,0.0,0.0,0.0,0.0,1 kg N,1 kg P2O5,1 kg K2O,,,,nitrogen_N_singlescore_8.json,phosphorus_P2O5_singlescore_9.json,potassium_K2O_singlescore_10.json,0.0,0.0,0.0,0.0
NT1_2023,NT1,2023,tonne,Ionising radiation,Pt,,,,13.81,8.51,0.0,21.066451,71.22199499999999,51.815903000000006,1 kg N,1 kg P2O5,1 kg K2O,,,,nitrogen_N_singlescore_8.json,phosphorus_P2O5_singlescore_9.json,potassium_K2O_singlescore_10.json,290.92768831,606.09917745,0.0,897.02686576
NT1_2023,NT1,2023,tonne,Land use,Pt,,,,13.81,8.51,0.0,254308.65899999999,3434320.02,2789874.0,1 kg N,1 kg P2O5,1 kg K2O,,,,nitrogen_N_singlescore_8.json,phosphorus_P2O5_singlescore_9.json,potassium_K2O_singlescore_10.json,3512002.58079,29226063.3702,0.0,32738065.95099
NT1_2023,NT1,2023,tonne,Ozone depletion,Pt,,,,13.81,8.51,0.0,5.2984e-10,5.1356e-10,5.8312e-10,1 kg N,1 kg P2O5,1 kg K2O,,,,nitrogen_N_singlescore_8.json,phosphorus_P2O5_singlescore_9.json,potassium_K2O_singlescore_10.json,7.3170904e-09,4.3703956e-09,0.0,1.1687486e-08
NT1_2023,NT1,2023,tonne,Particulate matter,Pt,,,,13.81,8.51,0.0,2.56557e-11,1.5046200000000003e-11,1.45961e-11,1 kg N,1 kg P2O5,1 kg K2O,,,,nitrogen_N_singlescore_8.json,phosphorus_P2O5_singlescore_9.json,potassium_K2O_singlescore_10.json,3.54305217e-10,1.28043162e-10,0.0,4.82348379e-10
NT1_2023,NT1,2023,tonne,Photochemical ozone formation,Pt,,,,13.81,8.51,0.0,0.00772702,0.015733399999999998,0.015512239999999998,1 kg N,1 kg P2O5,1 kg K2O,,,,nitrogen_N_singlescore_8.json,phosphorus_P2O5_singlescore_9.json,potassium_K2O_singlescore_10.json,0.10671014620000001,0.13389123399999997,0.0,0.2406013802
NT1_2023,NT1,2023,tonne,"Resource use, fossils",Pt,,,,13.81,8.51,0.0,252626.08020000003,232942.92750000002,229857.6558,1 kg N,1 kg P2O5,1 kg K2O,,,,nitrogen_N_singlescore_8.json,phosphorus_P2O5_singlescore_9.json,potassium_K2O_singlescore_10.json,3488766.1675620005,1982344.313025,0.0,5471110.480587
NT1_2023,NT1,2023,tonne,"Resource use, minerals and metals",Pt,,,,13.81,8.51,0.0,1.3007999999999998e-07,2.5872e-07,2.472e-07,1 kg N,1 kg P2O5,1 kg K2O,,,,nitrogen_N_singlescore_8.json,phosphorus_P2O5_singlescore_9.json,potassium_K2O_singlescore_10.json,1.7964048e-06,2.2017072e-06,0.0,3.998111999999999e-06
NT1_2023,NT1,2023,tonne,Total,Pt,,,,13.81,8.51,0.0,519378.6717280199,3764220.789358167,3484059.454128132,1 kg N,1 kg P2O5,1 kg K2O,,,,nitrogen_N_singlescore_8.json,phosphorus_P2O5_singlescore_9.json,potassium_K2O_singlescore_10.json,7172619.456563955,32033518.917438,0.0,39206138.37400196
NT1_2023,NT1,2023,tonne,Water use,Pt,,,,13.81,8.51,0.0,210.37731,1554.109634,1161.545319,1 kg N,1 kg P2O5,1 kg K2O,,,,nitrogen_N_singlescore_8.json,phosphorus_P2O5_singlescore_9.json,potassium_K2O_singlescore_10.json,2905.3106511,13225.472985339999,0.0,16130.78363644
NT1_2024,NT1,2024,tonne,Acidification,Pt,,,,29.18,16.24,6.96,0.19821624,0.09966368,0.06340608,1 kg N,1 kg P2O5,1 kg K2O,,,,nitrogen_N_singlescore_8.json,phosphorus_P2O5_singlescore_9.json,potassium_K2O_singlescore_10.json,5.7839498832,1.6185381632,0.44130631680000004,7.843794363200001
NT1_2024,NT1,2024,tonne,Climate change,Pt,,,,29.18,16.24,6.96,6645.07914,5038.05543,4986.658170000001,1 kg N,1 kg P2O5,1 kg K2O,,,,nitrogen_N_singlescore_8.json,phosphorus_P2O5_singlescore_9.json,potassium_K2O_singlescore_10.json,193903.40930519998,81818.0201832,34707.1408632,310428.5703516
NT1_2024,NT1,2024,tonne,Climate change - Biogenic,Pt,,,,29.18,16.24,6.96,0.0,0.0,0.0,1 kg N,1 kg P2O5,1 kg K2O,,,,nitrogen_N_singlescore_8.json,phosphorus_P2O5_singlescore_9.json,potassium_K2O_singlescore_10.json,0.0,0.0,0.0,0.0
NT1_2024,NT1,2024,tonne,Climate change - Fossil,Pt,,,,29.18,16.24,6.96,0.0,0.0,0.0,1 kg N,1 kg P2O5,1 kg K2O,,,,nitrogen_N_singlescore_8.json,phosphorus_P2O5_singlescore_9.json,potassium_K2O_singlescore_10.json,0.0,0.0,0.0,0.0
NT1_2024,NT1,2024,tonne,Climate change - Land use and LU change,Pt,,,,29.18,16.24,6.96,0.0,0.0,0.0,1 kg N,1 kg P2O5,1 kg K2O,,,,nitrogen_N_singlescore_8.json,phosphorus_P2O5_singlescore_9.json,potassium_K2O_singlescore_10.json,0.0,0.0,0.0,0.0
NT1_2024,NT1,2024,tonne,"Ecotoxicity, freshwater",Pt,,,,29.18,16.24,6.96,5565.61551,90293.99429999999,458127.314,1 kg N,1 kg P2O5,1 kg K2O,,,,nitrogen_N_singlescore_8.json,phosphorus_P2O5_singlescore_9.json,potassium_K2O_singlescore_10.json,162404.66058179998,1466374.4674319997,3188566.10544,4817345.2334538
NT1_2024,NT1,2024,tonne,"Ecotoxicity, freshwater - inorganics",Pt,,,,29.18,16.24,6.96,0.0,0.0,0.0,1 kg N,1 kg P2O5,1 kg K2O,,,,nitrogen_N_singlescore_8.json,phosphorus_P2O5_singlescore_9.json,potassium_K2O_singlescore_10.json,0.0,0.0,0.0,0.0
NT1_2024,NT1,2024,tonne,"Ecotoxicity, freshwater - metals",Pt,,,,29.18,16.24,6.96,0.0,0.0,0.0,1 kg N,1 kg P2O5,1 kg K2O,,,,nitrogen_N_singlescore_8.json,phosphorus_P2O5_singlescore_9.json,potassium_K2O_singlescore_10.json,0.0,0.0,0.0,0.0
NT1_2024,NT1,2024,tonne,"Ecotoxicity, freshwater - organics",Pt,,,,29.18,16.24,6.96,0.0,0.0,0.0,1 kg N,1 kg P2O5,1 kg K2O,,,,nitrogen_N_singlescore_8.json,phosphorus_P2O5_singlescore_9.json,potassium_K2O_singlescore_10.json,0.0,0.0,0.0,0.0
NT1_2024,NT1,2024,tonne,"Eutrophication, freshwater",Pt,,,,29.18,16.24,6.96,4.5732e-06,1.96112e-05,1.2730799999999998e-05,1 kg N,1 kg P2O5,1 kg K2O,,,,nitrogen_N_singlescore_8.json,phosphorus_P2O5_singlescore_9.json,potassium_K2O_singlescore_10.json,0.000133445976,0.00031848588799999995,8.860636799999999e-05,0.000540538232
NT1_2024,NT1,2024,tonne,"Eutrophication, marine",Pt,,,,29.18,16.24,6.96,0.002243326,0.002318746,0.002428524,1 kg N,1 kg P2O5,1 kg K2O,,,,nitrogen_N_singlescore_8.json,phosphorus_P2O5_singlescore_9.json,potassium_K2O_singlescore_10.json,0.06546025268,0.03765643504,0.01690252704,0.12001921475999999
NT1_2024,NT1,2024,tonne,"Eutrophication, terrestrial",Pt,,,,29.18,16.24,6.96,1.58592573,0.34276347,0.38357631,1 kg N,1 kg P2O5,1 kg K2O,,,,nitrogen_N_singlescore_8.json,phosphorus_P2O5_singlescore_9.json,potassium_K2O_singlescore_10.json,46.2773128014,5.566478752799999,2.6696911175999998,54.513482671800006
NT1_2024,NT1,2024,tonne,"Human toxicity, cancer",Pt,,,,29.18,16.24,6.96,4.3788000000000003e-16,2.0828e-15,1.4514e-15,1 kg N,1 kg P2O5,1 kg K2O,,,,nitrogen_N_singlescore_8.json,phosphorus_P2O5_singlescore_9.json,potassium_K2O_singlescore_10.json,1.2777338400000001e-14,3.3824671999999993e-14,1.0101744000000001e-14,5.6703754399999994e-14
NT1_2024,NT1,2024,tonne,"Human toxicity, cancer - inorganics",Pt,,,,29.18,16.24,6.96,0.0,0.0,0.0,1 kg N,1 kg P2O5,1 kg K2O,,,,nitrogen_N_singlescore_8.json,phosphorus_P2O5_singlescore_9.json,potassium_K2O_singlescore_10.json,0.0,0.0,0.0,0.0
NT1_2024,NT1,2024,tonne,"Human toxicity, cancer - metals",Pt,,,,29.18,16.24,6.96,0.0,0.0,0.0,1 kg N,1 kg P2O5,1 kg K2O,,,,nitrogen_N_singlescore_8.json,phosphorus_P2O5_singlescore_9.json,potassium_K2O_singlescore_10.json,0.0,0.0,0.0,0.0
NT1_2024,NT1,2024,tonne,"Human toxicity, cancer - organics",Pt,,,,29.18,16.24,6.96,0.0,0.0,0.0,1 kg N,1 kg P2O5,1 kg K2O,,,,nitrogen_N_singlescore_8.json,phosphorus_P2O5_singlescore_9.json,potassium_K2O_singlescore_10.json,0.0,0.0,0.0,0.0
NT1_2024,NT1,2024,tonne,"Human toxicity, non-cancer",Pt,,,,29.18,16.24,6.96,1.748e-13,5.67226e-13,8.652599999999999e-13,1 kg N,1 kg P2O5,1 kg K2O,,,,nitrogen_N_singlescore_8.json,phosphorus_P2O5_singlescore_9.json,potassium_K2O_singlescore_10.json,5.100664e-12,9.211750239999999e-12,6.022209599999999e-12,2.0334623839999998e-11
NT1_2024,NT1,2024,tonne,"Human toxicity, non-cancer - inorganics",Pt,,,,29.18,16.24,6.96,0.0,0.0,0.0,1 kg N,1 kg P2O5,1 kg K2O,,,,nitrogen_N_singlescore_8.json,phosphorus_P2O5_singlescore_9.json,potassium_K2O_singlescore_10.json,0.0,0.0,0.0,0.0
NT1_2024,NT1,2024,tonne,"Human toxicity, non-cancer - metals",Pt,,,,29.18,16.24,6.96,0.0,0.0,0.0,1 kg N,1 kg P2O5,1 kg K2O,,,,nitrogen_N_singlescore_8.json,phosphorus_P2O5_singlescore_9.json,potassium_K2O_singlescore_10.json,0.0,0.0,0.0,0.0
NT1_2024,NT1,2024,tonne,"Human toxicity, non-cancer - organics",Pt,,,,29.18,16.24,6.96,0.0,0.0,0.0,1 kg N,1 kg P2O5,1 kg K2O,,,,nitrogen_N_singlescore_8.json,phosphorus_P2O5_singlescore_9.json,potassium_K2O_singlescore_10.json,0.0,0.0,0.0,0.0
NT1_2024,NT1,2024,tonne,Ionising radiation,Pt,,,,29.18,16.24,6.96,21.066451,71.22199499999999,51.815903000000006,1 kg N,1 kg P2O5,1 kg K2O,,,,nitrogen_N_singlescore_8.json,phosphorus_P2O5_singlescore_9.json,potassium_K2O_singlescore_10.json,614.71904018,1156.6451987999997,360.63868488,2132.00292386
NT1_2024,NT1,2024,tonne,Land use,Pt,,,,29.18,16.24,6.96,254308.65899999999,3434320.02,2789874.0,1 kg N,1 kg P2O5,1 kg K2O,,,,nitrogen_N_singlescore_8.json,phosphorus_P2O5_singlescore_9.json,potassium_K2O_singlescore_10.json,7420726.66962,55773357.1248,19417523.04,82611606.83442
NT1_2024,NT1,2024,tonne,Ozone depletion,Pt,,,,29.18,16.24,6.96,5.2984e-10,5.1356e-10,5.8312e-10,1 kg N,1 kg P2O5,1 kg K2O,,,,nitrogen_N_singlescore_8.json,phosphorus_P2O5_singlescore_9.json,potassium_K2O_singlescore_10.json,1.54607312e-08,8.3402144e-09,4.0585152e-09,2.78594608e-08
NT1_2024,NT1,2024,tonne,Particulate matter,Pt,,,,29.18,16.24,6.96,2.56557e-11,1.5046200000000003e-11,1.45961e-11,1 kg N,1 kg P2O5,1 kg K2O,,,,nitrogen_N_singlescore_8.json,phosphorus_P2O5_singlescore_9.json,potassium_K2O_singlescore_10.json,7.48633326e-10,2.44350288e-10,1.0158885600000001e-10,1.09457247e-09
NT1_2024,NT1,2024,tonne,Photochemical ozone formation,Pt,,,,29.18,16.24,6.96,0.00772702,0.015733399999999998,0.015512239999999998,1 kg N,1 kg P2O5,1 kg K2O,,,,nitrogen_N_singlescore_8.json,phosphorus_P2O5_singlescore_9.json,potassium_K2O_singlescore_10.json,0.22547444360000002,0.25551041599999996,0.1079651904,0.58895005
NT1_2024,NT1,2024,tonne,"Resource use, fossils",Pt,,,,29.18,16.24,6.96,252626.08020000003,232942.92750000002,229857.6558,1 kg N,1 kg P2O5,1 kg K2O,,,,nitrogen_N_singlescore_8.json,phosphorus_P2O5_singlescore_9.json,potassium_K2O_singlescore_10.json,7371629.020236,3782993.1426,1599809.284368,12754431.447204001
NT1_2024,NT1,2024,tonne,"Resource use, minerals and metals",Pt,,,,29.18,16.24,6.96,1.3007999999999998e-07,2.5872e-07,2.472e-07,1 kg N,1 kg P2O5,1 kg K2O,,,,nitrogen_N_singlescore_8.json,phosphorus_P2O5_singlescore_9.json,potassium_K2O_singlescore_10.json,3.7957343999999994e-06,4.2016127999999996e-06,1.720512e-06,9.717859199999998e-06
NT1_2024,NT1,2024,tonne,Total,Pt,,,,29.18,16.24,6.96,519378.6717280199,3764220.789358167,3484059.454128132,1 kg N,1 kg P2O5,1 kg K2O,,,,nitrogen_N_singlescore_8.json,phosphorus_P2O5_singlescore_9.json,potassium_K2O_singlescore_10.json,15155469.641023621,61130945.619176626,24249053.8007318,100535469.06093204
NT1_2024,NT1,2024,tonne,Water use,Pt,,,,29.18,16.24,6.96,210.37731,1554.109634,1161.545319,1 kg N,1 kg P2O5,1 kg K2O,,,,nitrogen_N_singlescore_8.json,phosphorus_P2O5_singlescore_9.json,potassium_K2O_singlescore_10.json,6138.8099058,25238.740456159998,8084.35542024,39461.905782199996
NT2_2022,NT2,2022,tonne,Acidification,Pt,,,,27.92,13.9,13.9,0.19821624,0.09966368,0.06340608,1 kg N,1 kg P2O5,1 kg K2O,,,,nitrogen_N_singlescore_8.json,phosphorus_P2O5_singlescore_9.json,potassium_K2O_singlescore_10.json,5.5341974208,1.385325152,0.8813445120000001,7.8008670848
NT2_2022,NT2,2022,tonne,Climate change,Pt,,,,27.92,13.9,13.9,6645.07914,5038.05543,4986.658170000001,1 kg N,1 kg P2O5,1 kg K2O,,,,nitrogen_N_singlescore_8.json,phosphorus_P2O5_singlescore_9.json,potassium_K2O_singlescore_10.json,185530.6095888,70028.97047700001,69314.548563,324874.1286288
NT2_2022,NT2,2022,tonne,Climate change - Biogenic,Pt,,,,27.92,13.9,13.9,0.0,0.0,0.0,1 kg N,1 kg P2O5,1 kg K2O,,,,nitrogen_N_singlescore_8.json,phosphorus_P2O5_singlescore_9.json,potassium_K2O_singlescore_10.json,0.0,0.0,0.0,0.0
NT2_2022,NT2,2022,tonne,Climate change - Fossil,Pt,,,,27.92,13.9,13.9,0.0,0.0,0.0,1 kg N,1 kg P2O5,1 kg K2O,,,,nitrogen_N_singlescore_8.json,phosphorus_P2O5_singlescore_9.json,potassium_K2O_singlescore_10.json,0.0,0.0,0.0,0.0
NT2_2022,NT2,2022,tonne,Climate change - Land use and LU change,Pt,,,,27.92,13.9,13.9,0.0,0.0,0.0,1 kg N,1 kg P2O5,1 kg K2O,,,,nitrogen_N_singlescore_8.json,phosphorus_P2O5_singlescore_9.json,potassium_K2O_singlescore_10.json,0.0,0.0,0.0,0.0
NT2_2022,NT2,2022,tonne,"Ecotoxicity, freshwater",Pt,,,,27.92,13.9,13.9,5565.61551,90293.99429999999,458127.314,1 kg N,1 kg P2O5,1 kg K2O,,,,nitrogen_N_singlescore_8.json,phosphorus_P2O5_singlescore_9.json,potassium_K2O_singlescore_10.json,155391.9850392,1255086.5207699998,6367969.664600001,7778448.170409201
NT2_2022,NT2,2022,tonne,"Ecotoxicity, freshwater - inorganics",Pt,,,,27.92,13.9,13.9,0.0,0.0,0.0,1 kg N,1 kg P2O5,1 kg K2O,,,,nitrogen_N_singlescore_8.json,phosphorus_P2O5_singlescore_9.json,potassium_K2O_singlescore_10.json,0.0,0.0,0.0,0.0
NT2_2022,NT2,2022,tonne,"Ecotoxicity, freshwater - metals",Pt,,,,27.92,13.9,13.9,0.0,0.0,0.0,1 kg N,1 kg P2O5,1 kg K2O,,,,nitrogen_N_singlescore_8.json,phosphorus_P2O5_singlescore_9.json,potassium_K2O_singlescore_10.json,0.0,0.0,0.0,0.0
NT2_2022,NT2,2022,tonne,"Ecotoxicity, freshwater - organics",Pt,,,,27.92,13.9,13.9,0.0,0.0,0.0,1 kg N,1 kg P2O5,1 kg K2O,,,,nitrogen_N_singlescore_8.json,phosphorus_P2O5_singlescore_9.json,potassium_K2O_singlescore_10.json,0.0,0.0,0.0,0.0
NT2_2022,NT2,2022,tonne,"Eutrophication, freshwater",Pt,,,,27.92,13.9,13.9,4.5732e-06,1.96112e-05,1.2730799999999998e-05,1 kg N,1 kg P2O5,1 kg K2O,,,,nitrogen_N_singlescore_8.json,phosphorus_P2O5_singlescore_9.json,potassium_K2O_singlescore_10.json,0.000127683744,0.00027259568,0.00017695812,0.000577237544
NT2_2022,NT2,2022,tonne,"Eutrophication, marine",Pt,,,,27.92,13.9,13.9,0.002243326,0.002318746,0.002428524,1 kg N,1 kg P2O5,1 kg K2O,,,,nitrogen_N_singlescore_8.json,phosphorus_P2O5_singlescore_9.json,potassium_K2O_singlescore_10.json,0.06263366192,0.0322305694,0.033756483600000005,0.12862071492
NT2_2022,NT2,2022,tonne,"Eutrophication, terrestrial",Pt,,,,27.92,13.9,13.9,1.58592573,0.34276347,0.38357631,1 kg N,1 kg P2O5,1 kg K2O,,,,nitrogen_N_singlescore_8.json,phosphorus_P2O5_singlescore_9.json,potassium_K2O_singlescore_10.json,44.279046381600004,4.764412233000001,5.331710709,54.375169323600005
NT2_2022,NT2,2022,tonne,"Human toxicity, cancer",Pt,,,,27.92,13.9,13.9,4.3788000000000003e-16,2.0828e-15,1.4514e-15,1 kg N,1 kg P2O5,1 kg K2O,,,,nitrogen_N_singlescore_8.json,phosphorus_P2O5_singlescore_9.json,potassium_K2O_singlescore_10.json,1.2225609600000002e-14,2.895092e-14,2.0174460000000002e-14,6.135098960000001e-14
NT2_2022,NT2,2022,tonne,"Human toxicity, cancer - inorganics",Pt,,,,27.92,13.9,13.9,0.0,0.0,0.0,1 kg N,1 kg P2O5,1 kg K2O,,,,nitrogen_N_singlescore_8.json,phosphorus_P2O5_singlescore_9.json,potassium_K2O_singlescore_10.json,0.0,0.0,0.0,0.0
NT2_2022,NT2,2022,tonne,"Human toxicity, cancer - metals",Pt,,,,27.92,13.9,13.9,0.0,0.0,0.0,1 kg N,1 kg P2O5,1 kg K2O,,,,nitrogen_N_singlescore_8.json,phosphorus_P2O5_singlescore_9.json,potassium_K2O_singlescore_10.json,0.0,0.0,0.0,0.0
NT2_2022,NT2,2022,tonne,"Human toxicity, cancer - organics",Pt,,,,27.92,13.9,13.9,0.0,0.0,0.0,1 kg N,1 kg P2O5,1 kg K2O,,,,nitrogen_N_singlescore_8.json,phosphorus_P2O5_singlescore_9.json,potassium_K2O_singlescore_10.json,0.0,0.0,0.0,0.0
NT2_2022,NT2,2022,tonne,"Human toxicity, non-cancer",Pt,,,,27.92,13.9,13.9,1.748e-13,5.67226e-13,8.652599999999999e-13,1 kg N,1 kg P2O5,1 kg K2O,,,,nitrogen_N_singlescore_8.json,phosphorus_P2O5_singlescore_9.json,potassium_K2O_singlescore_10.json,4.8804160000000004e-12,7.884441400000001e-12,1.2027113999999999e-11,2.47919714e-11
NT2_2022,NT2,2022,tonne,"Human toxicity, non-cancer - inorganics",Pt,,,,27.92,13.9,13.9,0.0,0.0,0.0,1 kg N,1 kg P2O5,1 kg K2O,,,,nitrogen_N_singlescore_8.json,phosphorus_P2O5_singlescore_9.json,potassium_K2O_singlescore_10.json,0.0,0.0,0.0,0.0
NT2_2022,NT2,2022,tonne,"Human toxicity, non-cancer - metals",Pt,,,,27.92,13.9,13.9,0.0,0.0,0.0,1 kg N,1 kg P2O5,1 kg K2O,,,,nitrogen_N_singlescore_8.json,phosphorus_P2O5_singlescore_9.json,potassium_K2O_singlescore_10.json,0.0,0.0,0.0,0.0
NT2_2022,NT2,2022,tonne,"Human toxicity, non-cancer - organics",Pt,,,,27.92,13.9,13.9,0.0,0.0,0.0,1 kg N,1 kg P2O5,1 kg K2O,,,,nitrogen_N_singlescore_8.json,phosphorus_P2O5_singlescore_9.json,potassium_K2O_singlescore_10.json,0.0,0.0,0.0,0.0
NT2_2022,NT2,2022,tonne,Ionising radiation,Pt,,,,27.92,13.9,13.9,21.066451,71.22199499999999,51.815903000000006,1 kg N,1 kg P2O5,1 kg K2O,,,,nitrogen_N_singlescore_8.json,phosphorus_P2O5_singlescore_9.json,potassium_K2O_singlescore_10.json,588.17531192,989.9857304999999,720.2410517000001,2298.4020941199997
NT2_2022,NT2,2022,tonne,Land use,Pt,,,,27.92,13.9,13.9,254308.65899999999,3434320.02,2789874.0,1 kg N,1 kg P2O5,1 kg K2O,,,,nitrogen_N_singlescore_8.json,phosphorus_P2O5_singlescore_9.json,potassium_K2O_singlescore_10.json,7100297.75928,47737048.278000005,38779248.6,93616594.63728002
NT2_2022,NT2,2022,tonne,Ozone depletion,Pt,,,,27.92,13.9,13.9,5.2984e-10,5.1356e-10,5.8312e-10,1 kg N,1 kg P2O5,1 kg K2O,,,,nitrogen_N_singlescore_8.json,phosphorus_P2O5_singlescore_9.json,potassium_K2O_singlescore_10.json,1.4793132800000001e-08,7.138484e-09,8.105368e-09,3.00369848e-08
NT2_2022,NT2,2022,tonne,Particulate matter,Pt,,,,27.92,13.9,13.9,2.56557e-11,1.5046200000000003e-11,1.45961e-11,1 kg N,1 kg P2O5,1 kg K2O,,,,nitrogen_N_singlescore_8.json,phosphorus_P2O5_singlescore_9.json,potassium_K2O_singlescore_10.json,7.16307144e-10,2.0914218000000003e-10,2.0288579000000002e-10,1.1283351140000002e-09
NT2_2022,NT2,2022,tonne,Photochemical ozone formation,Pt,,,,27.92,13.9,13.9,0.00772702,0.015733399999999998,0.015512239999999998,1 kg N,1 kg P2O5,1 kg K2O,,,,nitrogen_N_singlescore_8.json,phosphorus_P2O5_singlescore_9.json,potassium_K2O_singlescore_10.json,0.21573839840000003,0.21869425999999997,0.215620136,0.6500527944
NT2_2022,NT2,2022,tonne,"Resource use, fossils",Pt,,,,27.92,13.9,13.9,252626.08020000003,232942.92750000002,229857.6558,1 kg N,1 kg P2O5,1 kg K2O,,,,nitrogen_N_singlescore_8.json,phosphorus_P2O5_singlescore_9.json,potassium_K2O_singlescore_10.json,7053320.159184001,3237906.6922500003,3195021.41562,13486248.267054003
NT2_2022,NT2,2022,tonne,"Resource use, minerals and metals",Pt,,,,27.92,13.9,13.9,1.3007999999999998e-07,2.5872e-07,2.472e-07,1 kg N,1 kg P2O5,1 kg K2O,,,,nitrogen_N_singlescore_8.json,phosphorus_P2O5_singlescore_9.json,potassium_K2O_singlescore_10.json,3.6318335999999996e-06,3.5962079999999998e-06,3.43608e-06,1.0664121599999999e-05
NT2_2022,NT2,2022,tonne,Total,Pt,,,,27.92,13.9,13.9,519378.6717280199,3764220.789358167,3484059.454128132,1 kg N,1 kg P2O5,1 kg K2O,,,,nitrogen_N_singlescore_8.json,phosphorus_P2O5_singlescore_9.json,potassium_K2O_singlescore_10.json,14501052.514646316,52322668.972078525,48428426.41238104,115252147.89910588
NT2_2022,NT2,2022,tonne,Water use,Pt,,,,27.92,13.9,13.9,210.37731,1554.109634,1161.545319,1 kg N,1 kg P2O5,1 kg K2O,,,,nitrogen_N_singlescore_8.json,phosphorus_P2O5_singlescore_9.json,potassium_K2O_singlescore_10.json,5873.7344952,21602.1239126,16145.479934100002,43621.3383419
NT2_2023,NT2,2023,tonne,Acidification,Pt,,,,17.72,5.13,5.13,0.19821624,0.09966368,0.06340608,1 kg N,1 kg P2O5,1 kg K2O,,,,nitrogen_N_singlescore_8.json,phosphorus_P2O5_singlescore_9.json,potassium_K2O_singlescore_10.json,3.5123917727999996,0.5112746784,0.3252731904,4.3489396415999995
NT2_2023,NT2,2023,tonne,Climate change,Pt,,,,17.72,5.13,5.13,6645.07914,5038.05543,4986.658170000001,1 kg N,1 kg P2O5,1 kg K2O,,,,nitrogen_N_singlescore_8.json,phosphorus_P2O5_singlescore_9.json,potassium_K2O_singlescore_10.json,117750.8023608,25845.2243559,25581.556412100002,169177.5831288
NT2_2023,NT2,2023,tonne,Climate change - Biogenic,Pt,,,,17.72,5.13,5.13,0.0,0.0,0.0,1 kg N,1 kg P2O5,1 kg K2O,,,,nitrogen_N_singlescore_8.json,phosphorus_P2O5_singlescore_9.json,potassium_K2O_singlescore_10.json,0.0,0.0,0.0,0.0
NT2_2023,NT2,2023,tonne,Climate change - Fossil,Pt,,,,17.72,5.13,5.13,0.0,0.0,0.0,1 kg N,1 kg P2O5,1 kg K2O,,,,nitrogen_N_singlescore_8.json,phosphorus_P2O5_singlescore_9.json,potassium_K2O_singlescore_10.json,0.0,0.0,0.0,0.0
NT2_2023,NT2,2023,tonne,Climate change - Land use and LU change,Pt,,,,17.72,5.13,5.13,0.0,0.0,0.0,1 kg N,1 kg P2O5,1 kg K2O,,,,nitrogen_N_singlescore_8.json,phosphorus_P2O5_singlescore_9.json,potassium_K2O_singlescore_10.json,0.0,0.0,0.0,0.0
NT2_2023,NT2,2023,tonne,"Ecotoxicity, freshwater",Pt,,,,17.72,5.13,5.13,5565.61551,90293.99429999999,458127.314,1 kg N,1 kg P2O5,1 kg K2O,,,,nitrogen_N_singlescore_8.json,phosphorus_P2O5_singlescore_9.json,potassium_K2O_singlescore_10.json,98622.70683719999,463208.19075899996,2350193.12082,2912024.0184162
NT2_2023,NT2,2023,tonne,"Ecotoxicity, freshwater - inorganics",Pt,,,,17.72,5.13,5.13,0.0,0.0,0.0,1 kg N,1 kg P2O5,1 kg K2O,,,,nitrogen_N_singlescore_8.json,phosphorus_P2O5_singlescore_9.json,potassium_K2O_singlescore_10.json,0.0,0.0,0.0,0.0
NT2_2023,NT2,2023,tonne,"Ecotoxicity, freshwater - metals",Pt,,,,17.72,5.13,5.13,0.0,0.0,0.0,1 kg N,1 kg P2O5,1 kg K2O,,,,nitrogen_N_singlescore_8.json,phosphorus_P2O5_singlescore_9.json,potassium_K2O_singlescore_10.json,0.0,0.0,0.0,0.0
NT2_2023,NT2,2023,tonne,"Ecotoxicity, freshwater - organics",Pt,,,,17.72,5.13,5.13,0.0,0.0,0.0,1 kg N,1 kg P2O5,1 kg K2O,,,,nitrogen_N_singlescore_8.json,phosphorus_P2O5_singlescore_9.json,potassium_K2O_singlescore_10.json,0.0,0.0,0.0,0.0
NT2_2023,NT2,2023,tonne,"Eutrophication, freshwater",Pt,,,,17.72,5.13,5.13,4.5732e-06,1.96112e-05,1.2730799999999998e-05,1 kg N,1 kg P2O5,1 kg K2O,,,,nitrogen_N_singlescore_8.json,phosphorus_P2O5_singlescore_9.json,potassium_K2O_singlescore_10.json,8.1037104e-05,0.000100605456,6.530900399999999e-05,0.000246951564
NT2_2023,NT2,2023,tonne,"Eutrophication, marine",Pt,,,,17.72,5.13,5.13,0.002243326,0.002318746,0.002428524,1 kg N,1 kg P2O5,1 kg K2O,,,,nitrogen_N_singlescore_8.json,phosphorus_P2O5_singlescore_9.json,potassium_K2O_singlescore_10.json,0.03975173671999999,0.01189516698,0.01245832812,0.06410523182
NT2_2023,NT2,2023,tonne,"Eutrophication, terrestrial",Pt,,,,17.72,5.13,5.13,1.58592573,0.34276347,0.38357631,1 kg N,1 kg P2O5,1 kg K2O,,,,nitrogen_N_singlescore_8.json,phosphorus_P2O5_singlescore_9.json,potassium_K2O_singlescore_10.json,28.102603935599998,1.7583766011,1.9677464702999998,31.828727006999998
NT2_2023,NT2,2023,tonne,"Human toxicity, cancer",Pt,,,,17.72,5.13,5.13,4.3788000000000003e-16,2.0828e-15,1.4514e-15,1 kg N,1 kg P2O5,1 kg K2O,,,,nitrogen_N_singlescore_8.json,phosphorus_P2O5_singlescore_9.json,potassium_K2O_singlescore_10.json,7.7592336e-15,1.0684763999999999e-14,7.445682e-15,2.58896796e-14
NT2_2023,NT2,2023,tonne,"Human toxicity, cancer - inorganics",Pt,,,,17.72,5.13,5.13,0.0,0.0,0.0,1 kg N,1 kg P2O5,1 kg K2O,,,,nitrogen_N_singlescore_8.json,phosphorus_P2O5_singlescore_9.json,potassium_K2O_singlescore_10.json,0.0,0.0,0.0,0.0
NT2_2023,NT2,2023,tonne,"Human toxicity, cancer - metals",Pt,,,,17.72,5.13,5.13,0.0,0.0,0.0,1 kg N,1 kg P2O5,1 kg K2O,,,,nitrogen_N_singlescore_8.json,phosphorus_P2O5_singlescore_9.json,potassium_K2O_singlescore_10.json,0.0,0.0,0.0,0.0
NT2_2023,NT2,2023,tonne,"Human toxicity, cancer - organics",Pt,,,,17.72,5.13,5.13,0.0,0.0,0.0,1 kg N,1 kg P2O5,1 kg K2O,,,,nitrogen_N_singlescore_8.json,phosphorus_P2O5_singlescore_9.json,potassium_K2O_singlescore_10.json,0.0,0.0,0.0,0.0
NT2_2023,NT2,2023,tonne,"Human toxicity, non-cancer",Pt,,,,17.72,5.13,5.13,1.748e-13,5.67226e-13,8.652599999999999e-13,1 kg N,1 kg P2O5,1 kg K2O,,,,nitrogen_N_singlescore_8.json,phosphorus_P2O5_singlescore_9.json,potassium_K2O_singlescore_10.json,3.0974559999999997e-12,2.90986938e-12,4.4387837999999996e-12,1.044610918e-11
NT2_2023,NT2,2023,tonne,"Human toxicity, non-cancer - inorganics",Pt,,,,17.72,5.13,5.13,0.0,0.0,0.0,1 kg N,1 kg P2O5,1 kg K2O,,,,nitrogen_N_singlescore_8.json,phosphorus_P2O5_singlescore_9.json,potassium_K2O_singlescore_10.json,0.0,0.0,0.0,0.0
NT2_2023,NT2,2023,tonne,"Human toxicity, non-cancer - metals",Pt,,,,17.72,5.13,5.13,0.0,0.0,0.0,1 kg N,1 kg P2O5,1 kg K2O,,,,nitrogen_N_singlescore_8.json,phosphorus_P2O5_singlescore_9.json,potassium_K2O_singlescore_10.json,0.0,0.0,0.0,0.0
NT2_2023,NT2,2023,tonne,"Human toxicity, non-cancer - organics",Pt,,,,17.72,5.13,5.13,0.0,0.0,0.0,1 kg N,1 kg P2O5,1 kg K2O,,,,nitrogen_N_singlescore_8.json,phosphorus_P2O5_singlescore_9.json,potassium_K2O_singlescore_10.json,0.0,0.0,0.0,0.0
NT2_2023,NT2,2023,tonne,Ionising radiation,Pt,,,,17.72,5.13,5.13,21.066451,71.22199499999999,51.815903000000006,1 kg N,1 kg P2O5,1 kg K2O,,,,nitrogen_N_singlescore_8.json,phosphorus_P2O5_singlescore_9.json,potassium_K2O_singlescore_10.json,373.29751172,365.36883434999993,265.81558239000003,1004.48192846
NT2_2023,NT2,2023,tonne,Land use,Pt,,,,17.72,5.13,5.13,254308.65899999999,3434320.02,2789874.0,1 kg N,1 kg P2O5,1 kg K2O,,,,nitrogen_N_singlescore_8.json,phosphorus_P2O5_singlescore_9.json,potassium_K2O_singlescore_10.json,4506349.43748,17618061.7026,14312053.62,36436464.760079995
NT2_2023,NT2,2023,tonne,Ozone depletion,Pt,,,,17.72,5.13,5.13,5.2984e-10,5.1356e-10,5.8312e-10,1 kg N,1 kg P2O5,1 kg K2O,,,,nitrogen_N_singlescore_8.json,phosphorus_P2O5_singlescore_9.json,potassium_K2O_singlescore_10.json,9.3887648e-09,2.6345628e-09,2.9914056000000004e-09,1.50147332e-08
NT2_2023,NT2,2023,tonne,Particulate matter,Pt,,,,17.72,5.13,5.13,2.56557e-11,1.5046200000000003e-11,1.45961e-11,1 kg N,1 kg P2O5,1 kg K2O,,,,nitrogen_N_singlescore_8.json,phosphorus_P2O5_singlescore_9.json,potassium_K2O_singlescore_10.json,4.54619004e-10,7.718700600000001e-11,7.4877993e-11,6.066840030000001e-10
NT2_2023,NT2,2023,tonne,Photochemical ozone formation,Pt,,,,17.72,5.13,5.13,0.00772702,0.015733399999999998,0.015512239999999998,1 kg N,1 kg P2O5,1 kg K2O,,,,nitrogen_N_singlescore_8.json,phosphorus_P2O5_singlescore_9.json,potassium_K2O_singlescore_10.json,0.1369227944,0.08071234199999999,0.07957779119999998,0.29721292759999995
NT2_2023,NT2,2023,tonne,"Resource use, fossils",Pt,,,,17.72,5.13,5.13,252626.08020000003,232942.92750000002,229857.6558,1 kg N,1 kg P2O5,1 kg K2O,,,,nitrogen_N_singlescore_8.json,phosphorus_P2O5_singlescore_9.json,potassium_K2O_singlescore_10.json,4476534.141144,1194997.218075,1179169.774254,6850701.133473
NT2_2023,NT2,2023,tonne,"Resource use, minerals and metals",Pt,,,,17.72,5.13,5.13,1.3007999999999998e-07,2.5872e-07,2.472e-07,1 kg N,1 kg P2O5,1 kg K2O,,,,nitrogen_N_singlescore_8.json,phosphorus_P2O5_singlescore_9.json,potassium_K2O_singlescore_10.json,2.3050175999999994e-06,1.3272335999999999e-06,1.268136e-06,4.900387199999999e-06
NT2_2023,NT2,2023,tonne,Total,Pt,,,,17.72,5.13,5.13,519378.6717280199,3764220.789358167,3484059.454128132,1 kg N,1 kg P2O5,1 kg K2O,,,,nitrogen_N_singlescore_8.json,phosphorus_P2O5_singlescore_9.json,potassium_K2O_singlescore_10.json,9203390.063020512,19310452.649407398,17873224.99967732,46387067.71210523
NT2_2023,NT2,2023,tonne,Water use,Pt,,,,17.72,5.13,5.13,210.37731,1554.109634,1161.545319,1 kg N,1 kg P2O5,1 kg K2O,,,,nitrogen_N_singlescore_8.json,phosphorus_P2O5_singlescore_9.json,potassium_K2O_singlescore_10.json,3727.8859331999997,7972.58242242,5958.72748647,17659.19584209
NT2_2024,NT2,2024,tonne,Acidification,Pt,,,,19.09,9.44,9.44,0.19821624,0.09966368,0.06340608,1 kg N,1 kg P2O5,1 kg K2O,,,,nitrogen_N_singlescore_8.json,phosphorus_P2O5_singlescore_9.json,potassium_K2O_singlescore_10.json,3.7839480215999997,0.9408251392,0.5985533952,5.323326556
NT2_2024,NT2,2024,tonne,Climate change,Pt,,,,19.09,9.44,9.44,6645.07914,5038.05543,4986.658170000001,1 kg N,1 kg P2O5,1 kg K2O,,,,nitrogen_N_singlescore_8.json,phosphorus_P2O5_singlescore_9.json,potassium_K2O_singlescore_10.json,126854.56078259999,47559.243259200004,47074.053124800004,221487.8571666
NT2_2024,NT2,2024,tonne,Climate change - Biogenic,Pt,,,,19.09,9.44,9.44,0.0,0.0,0.0,1 kg N,1 kg P2O5,1 kg K2O,,,,nitrogen_N_singlescore_8.json,phosphorus_P2O5_singlescore_9.json,potassium_K2O_singlescore_10.json,0.0,0.0,0.0,0.0
NT2_2024,NT2,2024,tonne,Climate change - Fossil,Pt,,,,19.09,9.44,9.44,0.0,0.0,0.0,1 kg N,1 kg P2O5,1 kg K2O,,,,nitrogen_N_singlescore_8.json,phosphorus_P2O5_singlescore_9.json,potassium_K2O_singlescore_10.json,0.0,0.0,0.0,0.0
NT2_2024,NT2,2024,tonne,Climate change - Land use and LU change,Pt,,,,19.09,9.44,9.44,0.0,0.0,0.0,1 kg N,1 kg P2O5,1 kg K2O,,,,nitrogen_N_singlescore_8.json,phosphorus_P2O5_singlescore_9.json,potassium_K2O_singlescore_10.json,0.0,0.0,0.0,0.0
NT2_2024,NT2,2024,tonne,"Ecotoxicity, freshwater",Pt,,,,19.09,9.44,9.44,5565.61551,90293.99429999999,458127.314,1 kg N,1 kg P2O5,1 kg K2O,,,,nitrogen_N_singlescore_8.json,phosphorus_P2O5_singlescore_9.json,potassium_K2O_singlescore_10.json,106247.60008589999,852375.3061919998,4324721.84416,5283344.7504378995
NT2_2024,NT2,2024,tonne,"Ecotoxicity, freshwater - inorganics",Pt,,,,19.09,9.44,9.44,0.0,0.0,0.0,1 kg N,1 kg P2O5,1 kg K2O,,,,nitrogen_N_singlescore_8.json,phosphorus_P2O5_singlescore_9.json,potassium_K2O_singlescore_10.json,0.0,0.0,0.0,0.0
NT2_2024,NT2,2024,tonne,"Ecotoxicity, freshwater - metals",Pt,,,,19.09,9.44,9.44,0.0,0.0,0.0,1 kg N,1 kg P2O5,1 kg K2O,,,,nitrogen_N_singlescore_8.json,phosphorus_P2O5_singlescore_9.json,potassium_K2O_singlescore_10.json,0.0,0.0,0.0,0.0
NT2_2024,NT2,2024,tonne,"Ecotoxicity, freshwater - organics",Pt,,,,19.09,9.44,9.44,0.0,0.0,0.0,1 kg N,1 kg P2O5,1 kg K2O,,,,nitrogen_N_singlescore_8.json,phosphorus_P2O5_singlescore_9.json,potassium_K2O_singlescore_10.json,0.0,0.0,0.0,0.0
NT2_2024,NT2,2024,tonne,"Eutrophication, freshwater",Pt,,,,19.09,9.44,9.44,4.5732e-06,1.96112e-05,1.2730799999999998e-05,1 kg N,1 kg P2O5,1 kg K2O,,,,nitrogen_N_singlescore_8.json,phosphorus_P2O5_singlescore_9.json,potassium_K2O_singlescore_10.json,8.7302388e-05,0.000185129728,0.00012017875199999998,0.00039261086799999994
NT2_2024,NT2,2024,tonne,"Eutrophication, marine",Pt,,,,19.09,9.44,9.44,0.002243326,0.002318746,0.002428524,1 kg N,1 kg P2O5,1 kg K2O,,,,nitrogen_N_singlescore_8.json,phosphorus_P2O5_singlescore_9.json,potassium_K2O_singlescore_10.json,0.042825093339999995,0.02188896224,0.02292526656,0.08763932214
NT2_2024,NT2,2024,tonne,"Eutrophication, terrestrial",Pt,,,,19.09,9.44,9.44,1.58592573,0.34276347,0.38357631,1 kg N,1 kg P2O5,1 kg K2O,,,,nitrogen_N_singlescore_8.json,phosphorus_P2O5_singlescore_9.json,potassium_K2O_singlescore_10.json,30.275322185700002,3.2356871568,3.6209603663999994,37.1319697089
NT2_2024,NT2,2024,tonne,"Human toxicity, cancer",Pt,,,,19.09,9.44,9.44,4.3788000000000003e-16,2.0828e-15,1.4514e-15,1 kg N,1 kg P2O5,1 kg K2O,,,,nitrogen_N_singlescore_8.json,phosphorus_P2O5_singlescore_9.json,potassium_K2O_singlescore_10.json,8.3591292e-15,1.9661631999999998e-14,1.3701216e-14,4.1721977199999995e-14
NT2_2024,NT2,2024,tonne,"Human toxicity, cancer - inorganics",Pt,,,,19.09,9.44,9.44,0.0,0.0,0.0,1 kg N,1 kg P2O5,1 kg K2O,,,,nitrogen_N_singlescore_8.json,phosphorus_P2O5_singlescore_9.json,potassium_K2O_singlescore_10.json,0.0,0.0,0.0,0.0
NT2_2024,NT2,2024,tonne,"Human toxicity, cancer - metals",Pt,,,,19.09,9.44,9.44,0.0,0.0,0.0,1 kg N,1 kg P2O5,1 kg K2O,,,,nitrogen_N_singlescore_8.json,phosphorus_P2O5_singlescore_9.json,potassium_K2O_singlescore_10.json,0.0,0.0,0.0,0.0
NT2_2024,NT2,2024,tonne,"Human toxicity, cancer - organics",Pt,,,,19.09,9.44,9.44,0.0,0.0,0.0,1 kg N,1 kg P2O5,1 kg K2O,,,,nitrogen_N_singlescore_8.json,phosphorus_P2O5_singlescore_9.json,potassium_K2O_singlescore_10.json,0.0,0.0,0.0,0.0
NT2_2024,NT2,2024,tonne,"Human toxicity, non-cancer",Pt,,,,19.09,9.44,9.44,1.748e-13,5.67226e-13,8.652599999999999e-13,1 kg N,1 kg P2O5,1 kg K2O,,,,nitrogen_N_singlescore_8.json,phosphorus_P2O5_singlescore_9.json,potassium_K2O_singlescore_10.json,3.336932e-12,5.35461344e-12,8.168054399999999e-12,1.685959984e-11
NT2_2024,NT2,2024,tonne,"Human toxicity, non-cancer - inorganics",Pt,,,,19.09,9.44,9.44,0.0,0.0,0.0,1 kg N,1 kg P2O5,1 kg K2O,,,,nitrogen_N_singlescore_8.json,phosphorus_P2O5_singlescore_9.json,potassium_K2O_singlescore_10.json,0.0,0.0,0.0,0.0
NT2_2024,NT2,2024,tonne,"Human toxicity, non-cancer - metals",Pt,,,,19.09,9.44,9.44,0.0,0.0,0.0,1 kg N,1 kg P2O5,1 kg K2O,,,,nitrogen_N_singlescore_8.json,phosphorus_P2O5_singlescore_9.json,potassium_K2O_singlescore_10.json,0.0,0.0,0.0,0.0
NT2_2024,NT2,2024,tonne,"Human toxicity, non-cancer - organics",Pt,,,,19.09,9.44,9.44,0.0,0.0,0.0,1 kg N,1 kg P2O5,1 kg K2O,,,,nitrogen_N_singlescore_8.json,phosphorus_P2O5_singlescore_9.json,potassium_K2O_singlescore_10.json,0.0,0.0,0.0,0.0
NT2_2024,NT2,2024,tonne,Ionising radiation,Pt,,,,19.09,9.44,9.44,21.066451,71.22199499999999,51.815903000000006,1 kg N,1 kg P2O5,1 kg K2O,,,,nitrogen_N_singlescore_8.json,phosphorus_P2O5_singlescore_9.json,potassium_K2O_singlescore_10.json,402.15854959,672.3356327999999,489.14212432000005,1563.6363067099999
NT2_2024,NT2,2024,tonne,Land use,Pt,,,,19.09,9.44,9.44,254308.65899999999,3434320.02,2789874.0,1 kg N,1 kg P2O5,1 kg K2O,,,,nitrogen_N_singlescore_8.json,phosphorus_P2O5_singlescore_9.json,potassium_K2O_singlescore_10.json,4854752.30031,32419980.988799997,26336410.56,63611143.84910999
NT2_2024,NT2,2024,tonne,Ozone depletion,Pt,,,,19.09,9.44,9.44,5.2984e-10,5.1356e-10,5.8312e-10,1 kg N,1 kg P2O5,1 kg K2O,,,,nitrogen_N_singlescore_8.json,phosphorus_P2O5_singlescore_9.json,potassium_K2O_singlescore_10.json,1.01146456e-08,4.8480064e-09,5.5046528000000005e-09,2.0467304800000002e-08
NT2_2024,NT2,2024,tonne,Particulate matter,Pt,,,,19.09,9.44,9.44,2.56557e-11,1.5046200000000003e-11,1.45961e-11,1 kg N,1 kg P2O5,1 kg K2O,,,,nitrogen_N_singlescore_8.json,phosphorus_P2O5_singlescore_9.json,potassium_K2O_singlescore_10.json,4.89767313e-10,1.4203612800000002e-10,1.37787184e-10,7.69590625e-10
NT2_2024,NT2,2024,tonne,Photochemical ozone formation,Pt,,,,19.09,9.44,9.44,0.00772702,0.015733399999999998,0.015512239999999998,1 kg N,1 kg P2O5,1 kg K2O,,,,nitrogen_N_singlescore_8.json,phosphorus_P2O5_singlescore_9.json,potassium_K2O_singlescore_10.json,0.1475088118,0.14852329599999997,0.14643554559999997,0.44246765339999994
NT2_2024,NT2,2024,tonne,"Resource use, fossils",Pt,,,,19.09,9.44,9.44,252626.08020000003,232942.92750000002,229857.6558,1 kg N,1 kg P2O5,1 kg K2O,,,,nitrogen_N_singlescore_8.json,phosphorus_P2O5_singlescore_9.json,potassium_K2O_singlescore_10.json,4822631.871018001,2198981.2356000002,2169856.270752,9191469.377370002
NT2_2024,NT2,2024,tonne,"Resource use, minerals and metals",Pt,,,,19.09,9.44,9.44,1.3007999999999998e-07,2.5872e-07,2.472e-07,1 kg N,1 kg P2O5,1 kg K2O,,,,nitrogen_N_singlescore_8.json,phosphorus_P2O5_singlescore_9.json,potassium_K2O_singlescore_10.json,2.4832271999999998e-06,2.4423168e-06,2.333568e-06,7.259111999999999e-06
NT2_2024,NT2,2024,tonne,Total,Pt,,,,19.09,9.44,9.44,519378.6717280199,3764220.789358167,3484059.454128132,1 kg N,1 kg P2O5,1 kg K2O,,,,nitrogen_N_singlescore_8.json,phosphorus_P2O5_singlescore_9.json,potassium_K2O_singlescore_10.json,9914938.8432879,35534244.25154109,32889521.246969566,78338704.34179856
NT2_2024,NT2,2024,tonne,Water use,Pt,,,,19.09,9.44,9.44,210.37731,1554.109634,1161.545319,1 kg N,1 kg P2O5,1 kg K2O,,,,nitrogen_N_singlescore_8.json,phosphorus_P2O5_singlescore_9.json,potassium_K2O_singlescore_10.json,4016.1028478999997,14670.794944959998,10964.98781136,29651.88560422
