dmu_id,farmer_id,year,basis,impact_category,impact_unit,n_amount_kg_ha,p_amount_kg_ha,k_amount_kg_ha,n_amount_kg_tonne,p_amount_kg_tonne,k_amount_kg_tonne,n_factor_per_unit,p_factor_per_unit,k_factor_per_unit,n_factor_unit,p_factor_unit,k_factor_unit,n_characterisation_sheet,p_characterisation_sheet,k_characterisation_sheet,n_single_score_file,p_single_score_file,k_single_score_file,n_impact,p_impact,k_impact,fertilisation_total_impact
C1_2022,C1,2022,ha,Acidification,Pt,141.2,30.0,0.0,,,,0.19821624,0.09966368,0.06340608,1 kg N,1 kg P2O5,1 kg K2O,,,,nitrogen_N_singlescore_8.json,phosphorus_P2O5_singlescore_9.json,potassium_K2O_singlescore_10.json,27.988133087999994,2.9899104000000003,0.0,30.978043487999994
C1_2022,C1,2022,ha,Climate change,Pt,141.2,30.0,0.0,,,,6645.07914,5038.05543,4986.658170000001,1 kg N,1 kg P2O5,1 kg K2O,,,,nitrogen_N_singlescore_8.json,phosphorus_P2O5_singlescore_9.json,potassium_K2O_singlescore_10.json,938285.1745679999,151141.6629,0.0,1089426.837468
C1_2022,C1,2022,ha,Climate change - Biogenic,Pt,141.2,30.0,0.0,,,,0.0,0.0,0.0,1 kg N,1 kg P2O5,1 kg K2O,,,,nitrogen_N_singlescore_8.json,phosphorus_P2O5_singlescore_9.json,potassium_K2O_singlescore_10.json,0.0,0.0,0.0,0.0
C1_2022,C1,2022,ha,Climate change - Fossil,Pt,141.2,30.0,0.0,,,,0.0,0.0,0.0,1 kg N,1 kg P2O5,1 kg K2O,,,,nitrogen_N_singlescore_8.json,phosphorus_P2O5_singlescore_9.json,potassium_K2O_singlescore_10.json,0.0,0.0,0.0,0.0
C1_2022,C1,2022,ha,Climate change - Land use and LU change,Pt,141.2,30.0,0.0,,,,0.0,0.0,0.0,1 kg N,1 kg P2O5,1 kg K2O,,,,nitrogen_N_singlescore_8.json,phosphorus_P2O5_singlescore_9.json,potassium_K2O_singlescore_10.json,0.0,0.0,0.0,0.0
C1_2022,C1,2022,ha,"Ecotoxicity, freshwater",Pt,141.2,30.0,0.0,,,,5565.61551,90293.99429999999,458127.314,1 kg N,1 kg P2O5,1 kg K2O,,,,nitrogen_N_singlescore_8.json,phosphorus_P2O5_singlescore_9.json,potassium_K2O_singlescore_10.json,785864.9100119999,2708819.829,0.0,3494684.7390119997
C1_2022,C1,2022,ha,"Ecotoxicity, freshwater - inorganics",Pt,141.2,30.0,0.0,,,,0.0,0.0,0.0,1 kg N,1 kg P2O5,1 kg K2O,,,,nitrogen_N_singlescore_8.json,phosphorus_P2O5_singlescore_9.json,potassium_K2O_singlescore_10.json,0.0,0.0,0.0,0.0
C1_2022,C1,2022,ha,"Ecotoxicity, freshwater - metals",Pt,141.2,30.0,0.0,,,,0.0,0.0,0.0,1 kg N,1 kg P2O5,1 kg K2O,,,,nitrogen_N_singlescore_8.json,phosphorus_P2O5_singlescore_9.json,potassium_K2O_singlescore_10.json,0.0,0.0,0.0,0.0
C1_2022,C1,2022,ha,"Ecotoxicity, freshwater - organics",Pt,141.2,30.0,0.0,,,,0.0,0.0,0.0,1 kg N,1 kg P2O5,1 kg K2O,,,,nitrogen_N_singlescore_8.json,phosphorus_P2O5_singlescore_9.json,potassium_K2O_singlescore_10.json,0.0,0.0,0.0,0.0
C1_2022,C1,2022,ha,"Eutrophication, freshwater",Pt,141.2,30.0,0.0,,,,4.5732e-06,1.96112e-05,1.2730799999999998e-05,1 kg N,1 kg P2O5,1 kg K2O,,,,nitrogen_N_singlescore_8.json,phosphorus_P2O5_singlescore_9.json,potassium_K2O_singlescore_10.json,0.0006457358399999999,0.000588336,0.0,0.00123407184
C1_2022,C1,2022,ha,"Eutrophication, marine",Pt,141.2,30.0,0.0,,,,0.002243326,0.002318746,0.002428524,1 kg N,1 kg P2O5,1 kg K2O,,,,nitrogen_N_singlescore_8.json,phosphorus_P2O5_singlescore_9.json,potassium_K2O_singlescore_10.json,0.31675763119999994,0.06956238000000001,0.0,0.3863200111999999
C1_2022,C1,2022,ha,"Eutrophication, terrestrial",Pt,141.2,30.0,0.0,,,,1.58592573,0.34276347,0.38357631,1 kg N,1 kg P2O5,1 kg K2O,,,,nitrogen_N_singlescore_8.json,phosphorus_P2O5_singlescore_9.json,potassium_K2O_singlescore_10.json,223.932713076,10.2829041,0.0,234.215617176
C1_2022,C1,2022,ha,"Human toxicity, cancer",Pt,141.2,30.0,0.0,,,,4.3788000000000003e-16,2.0828e-15,1.4514e-15,1 kg N,1 kg P2O5,1 kg K2O,,,,nitrogen_N_singlescore_8.json,phosphorus_P2O5_singlescore_9.json,potassium_K2O_singlescore_10.json,6.1828656e-14,6.248399999999999e-14,0.0,1.2431265599999998e-13
C1_2022,C1,2022,ha,"Human toxicity, cancer - inorganics",Pt,141.2,30.0,0.0,,,,0.0,0.0,0.0,1 kg N,1 kg P2O5,1 kg K2O,,,,nitrogen_N_singlescore_8.json,phosphorus_P2O5_singlescore_9.json,potassium_K2O_singlescore_10.json,0.0,0.0,0.0,0.0
C1_2022,C1,2022,ha,"Human toxicity, cancer - metals",Pt,141.2,30.0,0.0,,,,0.0,0.0,0.0,1 kg N,1 kg P2O5,1 kg K2O,,,,nitrogen_N_singlescore_8.json,phosphorus_P2O5_singlescore_9.json,potassium_K2O_singlescore_10.json,0.0,0.0,0.0,0.0
C1_2022,C1,2022,ha,"Human toxicity, cancer - organics",Pt,141.2,30.0,0.0,,,,0.0,0.0,0.0,1 kg N,1 kg P2O5,1 kg K2O,,,,nitrogen_N_singlescore_8.json,phosphorus_P2O5_singlescore_9.json,potassium_K2O_singlescore_10.json,0.0,0.0,0.0,0.0
C1_2022,C1,2022,ha,"Human toxicity, non-cancer",Pt,141.2,30.0,0.0,,,,1.748e-13,5.67226e-13,8.652599999999999e-13,1 kg N,1 kg P2O5,1 kg K2O,,,,nitrogen_N_singlescore_8.json,phosphorus_P2O5_singlescore_9.json,potassium_K2O_singlescore_10.json,2.4681759999999997e-11,1.701678e-11,0.0,4.169853999999999e-11
C1_2022,C1,2022,ha,"Human toxicity, non-cancer - inorganics",Pt,141.2,30.0,0.0,,,,0.0,0.0,0.0,1 kg N,1 kg P2O5,1 kg K2O,,,,nitrogen_N_singlescore_8.json,phosphorus_P2O5_singlescore_9.json,potassium_K2O_singlescore_10.json,0.0,0.0,0.0,0.0
C1_2022,C1,2022,ha,"Human toxicity, non-cancer - metals",Pt,141.2,30.0,0.0,,,,0.0,0.0,0.0,1 kg N,1 kg P2O5,1 kg K2O,,,,nitrogen_N_singlescore_8.json,phosphorus_P2O5_singlescore_9.json,potassium_K2O_singlescore_10.json,0.0,0.0,0.0,0.0
C1_2022,C1,2022,ha,"Human toxicity, non-cancer - organics",Pt,141.2,30.0,0.0,,,,0.0,0.0,0.0,1 kg N,1 kg P2O5,1 kg K2O,,,,nitrogen_N_singlescore_8.json,phosphorus_P2O5_singlescore_9.json,potassium_K2O_singlescore_10.json,0.0,0.0,0.0,0.0
C1_2022,C1,2022,ha,Ionising radiation,Pt,141.2,30.0,0.0,,,,21.066451,71.22199499999999,51.815903000000006,1 kg N,1 kg P2O5,1 kg K2O,,,,nitrogen_N_singlescore_8.json,phosphorus_P2O5_singlescore_9.json,potassium_K2O_singlescore_10.json,2974.5828812,2136.65985,0.0,5111.2427312
C1_2022,C1,2022,ha,Land use,Pt,141.2,30.0,0.0,,,,254308.65899999999,3434320.02,2789874.0,1 kg N,1 kg P2O5,1 kg K2O,,,,nitrogen_N_singlescore_8.json,phosphorus_P2O5_singlescore_9.json,potassium_K2O_singlescore_10.json,35908382.6508,103029600.6,0.0,138937983.25079998
C1_2022,C1,2022,ha,Ozone depletion,Pt,141.2,30.0,0.0,,,,5.2984e-10,5.1356e-10,5.8312e-10,1 kg N,1 kg P2O5,1 kg K2O,,,,nitrogen_N_singlescore_8.json,phosphorus_P2O5_singlescore_9.json,potassium_K2O_singlescore_10.json,7.4813408e-08,1.5406800000000003e-08,0.0,9.0220208e-08
C1_2022,C1,2022,ha,Particulate matter,Pt,141.2,30.0,0.0,,,,2.56557e-11,1.5046200000000003e-11,1.45961e-11,1 kg N,1 kg P2O5,1 kg K2O,,,,nitrogen_N_singlescore_8.json,phosphorus_P2O5_singlescore_9.json,potassium_K2O_singlescore_10.json,3.6225848399999998e-09,4.513860000000001e-10,0.0,4.07397084e-09
C1_2022,C1,2022,ha,Photochemical ozone formation,Pt,141.2,30.0,0.0,,,,0.00772702,0.015733399999999998,0.015512239999999998,1 kg N,1 kg P2O5,1 kg K2O,,,,nitrogen_N_singlescore_8.json,phosphorus_P2O5_singlescore_9.json,potassium_K2O_singlescore_10.json,1.091055224,0.4720019999999999,0.0,1.563057224
C1_2022,C1,2022,ha,"Resource use, fossils",Pt,141.2,30.0,0.0,,,,252626.08020000003,232942.92750000002,229857.6558,1 kg N,1 kg P2O5,1 kg K2O,,,,nitrogen_N_singlescore_8.json,phosphorus_P2O5_singlescore_9.json,potassium_K2O_singlescore_10.json,35670802.52424,6988287.825,0.0,42659090.349240005
C1_2022,C1,2022,ha,"Resource use, minerals and metals",Pt,141.2,30.0,0.0,,,,1.3007999999999998e-07,2.5872e-07,2.472e-07,1 kg N,1 kg P2O5,1 kg K2O,,,,nitrogen_N_singlescore_8.json,phosphorus_P2O5_singlescore_9.json,potassium_K2O_singlescore_10.json,1.8367295999999995e-05,7.761599999999999e-06,0.0,2.6128895999999995e-05
C1_2022,C1,2022,ha,Total,Pt,141.2,30.0,0.0,,,,519378.6717280199,3764220.789358167,3484059.454128132,1 kg N,1 kg P2O5,1 kg K2O,,,,nitrogen_N_singlescore_8.json,phosphorus_P2O5_singlescore_9.json,potassium_K2O_singlescore_10.json,73336268.44799641,112926623.680745,0.0,186262892.1287414
C1_2022,C1,2022,ha,Water use,Pt,141.2,30.0,0.0,,,,210.37731,1554.109634,1161.545319,1 kg N,1 kg P2O5,1 kg K2O,,,,nitrogen_N_singlescore_8.json,phosphorus_P2O5_singlescore_9.json,potassium_K2O_singlescore_10.json,29705.276171999998,46623.28902,0.0,76328.565192
C1_2023,C1,2023,ha,Acidification,Pt,129.0,30.0,0.0,,,,0.19821624,0.09966368,0.06340608,1 kg N,1 kg P2O5,1 kg K2O,,,,nitrogen_N_singlescore_8.json,phosphorus_P2O5_singlescore_9.json,potassium_K2O_singlescore_10.json,25.56989496,2.9899104000000003,0.0,28.55980536
C1_2023,C1,2023,ha,Climate change,Pt,129.0,30.0,0.0,,,,6645.07914,5038.05543,4986.658170000001,1 kg N,1 kg P2O5,1 kg K2O,,,,nitrogen_N_singlescore_8.json,phosphorus_P2O5_singlescore_9.json,potassium_K2O_singlescore_10.json,857215.20906,151141.6629,0.0,1008356.87196
C1_2023,C1,2023,ha,Climate change - Biogenic,Pt,129.0,30.0,0.0,,,,0.0,0.0,0.0,1 kg N,1 kg P2O5,1 kg K2O,,,,nitrogen_N_singlescore_8.json,phosphorus_P2O5_singlescore_9.json,potassium_K2O_singlescore_10.json,0.0,0.0,0.0,0.0
C1_2023,C1,2023,ha,Climate change - Fossil,Pt,129.0,30.0,0.0,,,,0.0,0.0,0.0,1 kg N,1 kg P2O5,1 kg K2O,,,,nitrogen_N_singlescore_8.json,phosphorus_P2O5_singlescore_9.json,potassium_K2O_singlescore_10.json,0.0,0.0,0.0,0.0
C1_2023,C1,2023,ha,Climate change - Land use and LU change,Pt,129.0,30.0,0.0,,,,0.0,0.0,0.0,1 kg N,1 kg P2O5,1 kg K2O,,,,nitrogen_N_singlescore_8.json,phosphorus_P2O5_singlescore_9.json,potassium_K2O_singlescore_10.json,0.0,0.0,0.0,0.0
C1_2023,C1,2023,ha,"Ecotoxicity, freshwater",Pt,129.0,30.0,0.0,,,,5565.61551,90293.99429999999,458127.314,1 kg N,1 kg P2O5,1 kg K2O,,,,nitrogen_N_singlescore_8.json,phosphorus_P2O5_singlescore_9.json,potassium_K2O_singlescore_10.json,717964.40079,2708819.829,0.0,3426784.22979
C1_2023,C1,2023,ha,"Ecotoxicity, freshwater - inorganics",Pt,129.0,30.0,0.0,,,,0.0,0.0,0.0,1 kg N,1 kg P2O5,1 kg K2O,,,,nitrogen_N_singlescore_8.json,phosphorus_P2O5_singlescore_9.json,potassium_K2O_singlescore_10.json,0.0,0.0,0.0,0.0
C1_2023,C1,2023,ha,"Ecotoxicity, freshwater - metals",Pt,129.0,30.0,0.0,,,,0.0,0.0,0.0,1 kg N,1 kg P2O5,1 kg K2O,,,,nitrogen_N_singlescore_8.json,phosphorus_P2O5_singlescore_9.json,potassium_K2O_singlescore_10.json,0.0,0.0,0.0,0.0
C1_2023,C1,2023,ha,"Ecotoxicity, freshwater - organics",Pt,129.0,30.0,0.0,,,,0.0,0.0,0.0,1 kg N,1 kg P2O5,1 kg K2O,,,,nitrogen_N_singlescore_8.json,phosphorus_P2O5_singlescore_9.json,potassium_K2O_singlescore_10.json,0.0,0.0,0.0,0.0
C1_2023,C1,2023,ha,"Eutrophication, freshwater",Pt,129.0,30.0,0.0,,,,4.5732e-06,1.96112e-05,1.2730799999999998e-05,1 kg N,1 kg P2O5,1 kg K2O,,,,nitrogen_N_singlescore_8.json,phosphorus_P2O5_singlescore_9.json,potassium_K2O_singlescore_10.json,0.0005899427999999999,0.000588336,0.0,0.0011782787999999999
C1_2023,C1,2023,ha,"Eutrophication, marine",Pt,129.0,30.0,0.0,,,,0.002243326,0.002318746,0.002428524,1 kg N,1 kg P2O5,1 kg K2O,,,,nitrogen_N_singlescore_8.json,phosphorus_P2O5_singlescore_9.json,potassium_K2O_singlescore_10.json,0.289389054,0.06956238000000001,0.0,0.35895143399999996
C1_2023,C1,2023,ha,"Eutrophication, terrestrial",Pt,129.0,30.0,0.0,,,,1.58592573,0.34276347,0.38357631,1 kg N,1 kg P2O5,1 kg K2O,,,,nitrogen_N_singlescore_8.json,phosphorus_P2O5_singlescore_9.json,potassium_K2O_singlescore_10.json,204.58441917000002,10.2829041,0.0,214.86732327
C1_2023,C1,2023,ha,"Human toxicity, cancer",Pt,129.0,30.0,0.0,,,,4.3788000000000003e-16,2.0828e-15,1.4514e-15,1 kg N,1 kg P2O5,1 kg K2O,,,,nitrogen_N_singlescore_8.json,phosphorus_P2O5_singlescore_9.json,potassium_K2O_singlescore_10.json,5.648652e-14,6.248399999999999e-14,0.0,1.1897052e-13
C1_2023,C1,2023,ha,"Human toxicity, cancer - inorganics",Pt,129.0,30.0,0.0,,,,0.0,0.0,0.0,1 kg N,1 kg P2O5,1 kg K2O,,,,nitrogen_N_singlescore_8.json,phosphorus_P2O5_singlescore_9.json,potassium_K2O_singlescore_10.json,0.0,0.0,0.0,0.0
C1_2023,C1,2023,ha,"Human toxicity, cancer - metals",Pt,129.0,30.0,0.0,,,,0.0,0.0,0.0,1 kg N,1 kg P2O5,1 kg K2O,,,,nitrogen_N_singlescore_8.json,phosphorus_P2O5_singlescore_9.json,potassium_K2O_singlescore_10.json,0.0,0.0,0.0,0.0
C1_2023,C1,2023,ha,"Human toxicity, cancer - organics",Pt,129.0,30.0,0.0,,,,0.0,0.0,0.0,1 kg N,1 kg P2O5,1 kg K2O,,,,nitrogen_N_singlescore_8.json,phosphorus_P2O5_singlescore_9.json,potassium_K2O_singlescore_10.json,0.0,0.0,0.0,0.0
C1_2023,C1,2023,ha,"Human toxicity, non-cancer",Pt,129.0,30.0,0.0,,,,1.748e-13,5.67226e-13,8.652599999999999e-13,1 kg N,1 kg P2O5,1 kg K2O,,,,nitrogen_N_singlescore_8.json,phosphorus_P2O5_singlescore_9.json,potassium_K2O_singlescore_10.json,2.25492e-11,1.701678e-11,0.0,3.956598e-11
C1_2023,C1,2023,ha,"Human toxicity, non-cancer - inorganics",Pt,129.0,30.0,0.0,,,,0.0,0.0,0.0,1 kg N,1 kg P2O5,1 kg K2O,,,,nitrogen_N_singlescore_8.json,phosphorus_P2O5_singlescore_9.json,potassium_K2O_singlescore_10.json,0.0,0.0,0.0,0.0
C1_2023,C1,2023,ha,"Human toxicity, non-cancer - metals",Pt,129.0,30.0,0.0,,,,0.0,0.0,0.0,1 kg N,1 kg P2O5,1 kg K2O,,,,nitrogen_N_singlescore_8.json,phosphorus_P2O5_singlescore_9.json,potassium_K2O_singlescore_10.json,0.0,0.0,0.0,0.0
C1_2023,C1,2023,ha,"Human toxicity, non-cancer - organics",Pt,129.0,30.0,0.0,,,,0.0,0.0,0.0,1 kg N,1 kg P2O5,1 kg K2O,,,,nitrogen_N_singlescore_8.json,phosphorus_P2O5_singlescore_9.json,potassium_K2O_singlescore_10.json,0.0,0.0,0.0,0.0
C1_2023,C1,2023,ha,Ionising radiation,Pt,129.0,30.0,0.0,,,,21.066451,71.22199499999999,51.815903000000006,1 kg N,1 kg P2O5,1 kg K2O,,,,nitrogen_N_singlescore_8.json,phosphorus_P2O5_singlescore_9.json,potassium_K2O_singlescore_10.json,2717.5721790000002,2136.65985,0.0,4854.232029000001
C1_2023,C1,2023,ha,Land use,Pt,129.0,30.0,0.0,,,,254308.65899999999,3434320.02,2789874.0,1 kg N,1 kg P2O5,1 kg K2O,,,,nitrogen_N_singlescore_8.json,phosphorus_P2O5_singlescore_9.json,potassium_K2O_singlescore_10.json,32805817.011,103029600.6,0.0,135835417.611
C1_2023,C1,2023,ha,Ozone depletion,Pt,129.0,30.0,0.0,,,,5.2984e-10,5.1356e-10,5.8312e-10,1 kg N,1 kg P2O5,1 kg K2O,,,,nitrogen_N_singlescore_8.json,phosphorus_P2O5_singlescore_9.json,potassium_K2O_singlescore_10.json,6.834936e-08,1.5406800000000003e-08,0.0,8.375616e-08
C1_2023,C1,2023,ha,Particulate matter,Pt,129.0,30.0,0.0,,,,2.56557e-11,1.5046200000000003e-11,1.45961e-11,1 kg N,1 kg P2O5,1 kg K2O,,,,nitrogen_N_singlescore_8.json,phosphorus_P2O5_singlescore_9.json,potassium_K2O_singlescore_10.json,3.3095853e-09,4.513860000000001e-10,0.0,3.7609713000000005e-09
C1_2023,C1,2023,ha,Photochemical ozone formation,Pt,129.0,30.0,0.0,,,,0.00772702,0.015733399999999998,0.015512239999999998,1 kg N,1 kg P2O5,1 kg K2O,,,,nitrogen_N_singlescore_8.json,phosphorus_P2O5_singlescore_9.json,potassium_K2O_singlescore_10.json,0.9967855800000001,0.4720019999999999,0.0,1.4687875799999999
C1_2023,C1,2023,ha,"Resource use, fossils",Pt,129.0,30.0,0.0,,,,252626.08020000003,232942.92750000002,229857.6558,1 kg N,1 kg P2O5,1 kg K2O,,,,nitrogen_N_singlescore_8.json,phosphorus_P2O5_singlescore_9.json,potassium_K2O_singlescore_10.json,32588764.345800005,6988287.825,0.0,39577052.17080001
C1_2023,C1,2023,ha,"Resource use, minerals and metals",Pt,129.0,30.0,0.0,,,,1.3007999999999998e-07,2.5872e-07,2.472e-07,1 kg N,1 kg P2O5,1 kg K2O,,,,nitrogen_N_singlescore_8.json,phosphorus_P2O5_singlescore_9.json,potassium_K2O_singlescore_10.json,1.6780319999999997e-05,7.761599999999999e-06,0.0,2.4541919999999998e-05
C1_2023,C1,2023,ha,Total,Pt,129.0,30.0,0.0,,,,519378.6717280199,3764220.789358167,3484059.454128132,1 kg N,1 kg P2O5,1 kg K2O,,,,nitrogen_N_singlescore_8.json,phosphorus_P2O5_singlescore_9.json,potassium_K2O_singlescore_10.json,66999848.65291457,112926623.680745,0.0,179926472.3336596
C1_2023,C1,2023,ha,Water use,Pt,129.0,30.0,0.0,,,,210.37731,1554.109634,1161.545319,1 kg N,1 kg P2O5,1 kg K2O,,,,nitrogen_N_singlescore_8.json,phosphorus_P2O5_singlescore_9.json,potassium_K2O_singlescore_10.json,27138.67299,46623.28902,0.0,73761.96200999999
C1_2024,C1,2024,ha,Acidification,Pt,129.0,30.0,0.0,,,,0.19821624,0.09966368,0.06340608,1 kg N,1 kg P2O5,1 kg K2O,,,,nitrogen_N_singlescore_8.json,phosphorus_P2O5_singlescore_9.json,potassium_K2O_singlescore_10.json,25.56989496,2.9899104000000003,0.0,28.55980536
C1_2024,C1,2024,ha,Climate change,Pt,129.0,30.0,0.0,,,,6645.07914,5038.05543,4986.658170000001,1 kg N,1 kg P2O5,1 kg K2O,,,,nitrogen_N_singlescore_8.json,phosphorus_P2O5_singlescore_9.json,potassium_K2O_singlescore_10.json,857215.20906,151141.6629,0.0,1008356.87196
C1_2024,C1,2024,ha,Climate change - Biogenic,Pt,129.0,30.0,0.0,,,,0.0,0.0,0.0,1 kg N,1 kg P2O5,1 kg K2O,,,,nitrogen_N_singlescore_8.json,phosphorus_P2O5_singlescore_9.json,potassium_K2O_singlescore_10.json,0.0,0.0,0.0,0.0
C1_2024,C1,2024,ha,Climate change - Fossil,Pt,129.0,30.0,0.0,,,,0.0,0.0,0.0,1 kg N,1 kg P2O5,1 kg K2O,,,,nitrogen_N_singlescore_8.json,phosphorus_P2O5_singlescore_9.json,potassium_K2O_singlescore_10.json,0.0,0.0,0.0,0.0
C1_2024,C1,2024,ha,Climate change - Land use and LU change,Pt,129.0,30.0,0.0,,,,0.0,0.0,0.0,1 kg N,1 kg P2O5,1 kg K2O,,,,nitrogen_N_singlescore_8.json,phosphorus_P2O5_singlescore_9.json,potassium_K2O_singlescore_10.json,0.0,0.0,0.0,0.0
C1_2024,C1,2024,ha,"Ecotoxicity, freshwater",Pt,129.0,30.0,0.0,,,,5565.61551,90293.99429999999,458127.314,1 kg N,1 kg P2O5,1 kg K2O,,,,nitrogen_N_singlescore_8.json,phosphorus_P2O5_singlescore_9.json,potassium_K2O_singlescore_10.json,717964.40079,2708819.829,0.0,3426784.22979
C1_2024,C1,2024,ha,"Ecotoxicity, freshwater - inorganics",Pt,129.0,30.0,0.0,,,,0.0,0.0,0.0,1 kg N,1 kg P2O5,1 kg K2O,,,,nitrogen_N_singlescore_8.json,phosphorus_P2O5_singlescore_9.json,potassium_K2O_singlescore_10.json,0.0,0.0,0.0,0.0
C1_2024,C1,2024,ha,"Ecotoxicity, freshwater - metals",Pt,129.0,30.0,0.0,,,,0.0,0.0,0.0,1 kg N,1 kg P2O5,1 kg K2O,,,,nitrogen_N_singlescore_8.json,phosphorus_P2O5_singlescore_9.json,potassium_K2O_singlescore_10.json,0.0,0.0,0.0,0.0
C1_2024,C1,2024,ha,"Ecotoxicity, freshwater - organics",Pt,129.0,30.0,0.0,,,,0.0,0.0,0.0,1 kg N,1 kg P2O5,1 kg K2O,,,,nitrogen_N_singlescore_8.json,phosphorus_P2O5_singlescore_9.json,potassium_K2O_singlescore_10.json,0.0,0.0,0.0,0.0
C1_2024,C1,2024,ha,"Eutrophication, freshwater",Pt,129.0,30.0,0.0,,,,4.5732e-06,1.96112e-05,1.2730799999999998e-05,1 kg N,1 kg P2O5,1 kg K2O,,,,nitrogen_N_singlescore_8.json,phosphorus_P2O5_singlescore_9.json,potassium_K2O_singlescore_10.json,0.0005899427999999999,0.000588336,0.0,0.0011782787999999999
C1_2024,C1,2024,ha,"Eutrophication, marine",Pt,129.0,30.0,0.0,,,,0.002243326,0.002318746,0.002428524,1 kg N,1 kg P2O5,1 kg K2O,,,,nitrogen_N_singlescore_8.json,phosphorus_P2O5_singlescore_9.json,potassium_K2O_singlescore_10.json,0.289389054,0.06956238000000001,0.0,0.35895143399999996
C1_2024,C1,2024,ha,"Eutrophication, terrestrial",Pt,129.0,30.0,0.0,,,,1.58592573,0.34276347,0.38357631,1 kg N,1 kg P2O5,1 kg K2O,,,,nitrogen_N_singlescore_8.json,phosphorus_P2O5_singlescore_9.json,potassium_K2O_singlescore_10.json,204.58441917000002,10.2829041,0.0,214.86732327
C1_2024,C1,2024,ha,"Human toxicity, cancer",Pt,129.0,30.0,0.0,,,,4.3788000000000003e-16,2.0828e-15,1.4514e-15,1 kg N,1 kg P2O5,1 kg K2O,,,,nitrogen_N_singlescore_8.json,phosphorus_P2O5_singlescore_9.json,potassium_K2O_singlescore_10.json,5.648652e-14,6.248399999999999e-14,0.0,1.1897052e-13
C1_2024,C1,2024,ha,"Human toxicity, cancer - inorganics",Pt,129.0,30.0,0.0,,,,0.0,0.0,0.0,1 kg N,1 kg P2O5,1 kg K2O,,,,nitrogen_N_singlescore_8.json,phosphorus_P2O5_singlescore_9.json,potassium_K2O_singlescore_10.json,0.0,0.0,0.0,0.0
C1_2024,C1,2024,ha,"Human toxicity, cancer - metals",Pt,129.0,30.0,0.0,,,,0.0,0.0,0.0,1 kg N,1 kg P2O5,1 kg K2O,,,,nitrogen_N_singlescore_8.json,phosphorus_P2O5_singlescore_9.json,potassium_K2O_singlescore_10.json,0.0,0.0,0.0,0.0
C1_2024,C1,2024,ha,"Human toxicity, cancer - organics",Pt,129.0,30.0,0.0,,,,0.0,0.0,0.0,1 kg N,1 kg P2O5,1 kg K2O,,,,nitrogen_N_singlescore_8.json,phosphorus_P2O5_singlescore_9.json,potassium_K2O_singlescore_10.json,0.0,0.0,0.0,0.0
C1_2024,C1,2024,ha,"Human toxicity, non-cancer",Pt,129.0,30.0,0.0,,,,1.748e-13,5.67226e-13,8.652599999999999e-13,1 kg N,1 kg P2O5,1 kg K2O,,,,nitrogen_N_singlescore_8.json,phosphorus_P2O5_singlescore_9.json,potassium_K2O_singlescore_10.json,2.25492e-11,1.701678e-11,0.0,3.956598e-11
C1_2024,C1,2024,ha,"Human toxicity, non-cancer - inorganics",Pt,129.0,30.0,0.0,,,,0.0,0.0,0.0,1 kg N,1 kg P2O5,1 kg K2O,,,,nitrogen_N_singlescore_8.json,phosphorus_P2O5_singlescore_9.json,potassium_K2O_singlescore_10.json,0.0,0.0,0.0,0.0
C1_2024,C1,2024,ha,"Human toxicity, non-cancer - metals",Pt,129.0,30.0,0.0,,,,0.0,0.0,0.0,1 kg N,1 kg P2O5,1 kg K2O,,,,nitrogen_N_singlescore_8.json,phosphorus_P2O5_singlescore_9.json,potassium_K2O_singlescore_10.json,0.0,0.0,0.0,0.0
C1_2024,C1,2024,ha,"Human toxicity, non-cancer - organics",Pt,129.0,30.0,0.0,,,,0.0,0.0,0.0,1 kg N,1 kg P2O5,1 kg K2O,,,,nitrogen_N_singlescore_8.json,phosphorus_P2O5_singlescore_9.json,potassium_K2O_singlescore_10.json,0.0,0.0,0.0,0.0
C1_2024,C1,2024,ha,Ionising radiation,Pt,129.0,30.0,0.0,,,,21.066451,71.22199499999999,51.815903000000006,1 kg N,1 kg P2O5,1 kg K2O,,,,nitrogen_N_singlescore_8.json,phosphorus_P2O5_singlescore_9.json,potassium_K2O_singlescore_10.json,2717.5721790000002,2136.65985,0.0,4854.232029000001
C1_2024,C1,2024,ha,Land use,Pt,129.0,30.0,0.0,,,,254308.65899999999,3434320.02,2789874.0,1 kg N,1 kg P2O5,1 kg K2O,,,,nitrogen_N_singlescore_8.json,phosphorus_P2O5_singlescore_9.json,potassium_K2O_singlescore_10.json,32805817.011,103029600.6,0.0,135835417.611
C1_2024,C1,2024,ha,Ozone depletion,Pt,129.0,30.0,0.0,,,,5.2984e-10,5.1356e-10,5.8312e-10,1 kg N,1 kg P2O5,1 kg K2O,,,,nitrogen_N_singlescore_8.json,phosphorus_P2O5_singlescore_9.json,potassium_K2O_singlescore_10.json,6.834936e-08,1.5406800000000003e-08,0.0,8.375616e-08
C1_2024,C1,2024,ha,Particulate matter,Pt,129.0,30.0,0.0,,,,2.56557e-11,1.5046200000000003e-11,1.45961e-11,1 kg N,1 kg P2O5,1 kg K2O,,,,nitrogen_N_singlescore_8.json,phosphorus_P2O5_singlescore_9.json,potassium_K2O_singlescore_10.json,3.3095853e-09,4.513860000000001e-10,0.0,3.7609713000000005e-09
C1_2024,C1,2024,ha,Photochemical ozone formation,Pt,129.0,30.0,0.0,,,,0.00772702,0.015733399999999998,0.015512239999999998,1 kg N,1 kg P2O5,1 kg K2O,,,,nitrogen_N_singlescore_8.json,phosphorus_P2O5_singlescore_9.json,potassium_K2O_singlescore_10.json,0.9967855800000001,0.4720019999999999,0.0,1.4687875799999999
C1_2024,C1,2024,ha,"Resource use, fossils",Pt,129.0,30.0,0.0,,,,252626.08020000003,232942.92750000002,229857.6558,1 kg N,1 kg P2O5,1 kg K2O,,,,nitrogen_N_singlescore_8.json,phosphorus_P2O5_singlescore_9.json,potassium_K2O_singlescore_10.json,32588764.345800005,6988287.825,0.0,39577052.17080001
C1_2024,C1,2024,ha,"Resource use, minerals and metals",Pt,129.0,30.0,0.0,,,,1.3007999999999998e-07,2.5872e-07,2.472e-07,1 kg N,1 kg P2O5,1 kg K2O,,,,nitrogen_N_singlescore_8.json,phosphorus_P2O5_singlescore_9.json,potassium_K2O_singlescore_10.json,1.6780319999999997e-05,7.761599999999999e-06,0.0,2.4541919999999998e-05
C1_2024,C1,2024,ha,Total,Pt,129.0,30.0,0.0,,,,519378.6717280199,3764220.789358167,3484059.454128132,1 kg N,1 kg P2O5,1 kg K2O,,,,nitrogen_N_singlescore_8.json,phosphorus_P2O5_singlescore_9.json,potassium_K2O_singlescore_10.json,66999848.65291457,112926623.680745,0.0,179926472.3336596
C1_2024,C1,2024,ha,Water use,Pt,129.0,30.0,0.0,,,,210.37731,1554.109634,1161.545319,1 kg N,1 kg P2O5,1 kg K2O,,,,nitrogen_N_singlescore_8.json,phosphorus_P2O5_singlescore_9.json,potassium_K2O_singlescore_10.json,27138.67299,46623.28902,0.0,73761.96200999999
C2_2022,C2,2022,ha,Acidification,Pt,101.4,60.0,0.0,,,,0.19821624,0.09966368,0.06340608,1 kg N,1 kg P2O5,1 kg K2O,,,,nitrogen_N_singlescore_8.json,phosphorus_P2O5_singlescore_9.json,potassium_K2O_singlescore_10.json,20.099126736,5.979820800000001,0.0,26.078947536
C2_2022,C2,2022,ha,Climate change,Pt,101.4,60.0,0.0,,,,6645.07914,5038.05543,4986.658170000001,1 kg N,1 kg P2O5,1 kg K2O,,,,nitrogen_N_singlescore_8.json,phosphorus_P2O5_singlescore_9.json,potassium_K2O_singlescore_10.json,673811.024796,302283.3258,0.0,976094.350596
C2_2022,C2,2022,ha,Climate change - Biogenic,Pt,101.4,60.0,0.0,,,,0.0,0.0,0.0,1 kg N,1 kg P2O5,1 kg K2O,,,,nitrogen_N_singlescore_8.json,phosphorus_P2O5_singlescore_9.json,potassium_K2O_singlescore_10.json,0.0,0.0,0.0,0.0
C2_2022,C2,2022,ha,Climate change - Fossil,Pt,101.4,60.0,0.0,,,,0.0,0.0,0.0,1 kg N,1 kg P2O5,1 kg K2O,,,,nitrogen_N_singlescore_8.json,phosphorus_P2O5_singlescore_9.json,potassium_K2O_singlescore_10.json,0.0,0.0,0.0,0.0
C2_2022,C2,2022,ha,Climate change - Land use and LU change,Pt,101.4,60.0,0.0,,,,0.0,0.0,0.0,1 kg N,1 kg P2O5,1 kg K2O,,,,nitrogen_N_singlescore_8.json,phosphorus_P2O5_singlescore_9.json,potassium_K2O_singlescore_10.json,0.0,0.0,0.0,0.0
C2_2022,C2,2022,ha,"Ecotoxicity, freshwater",Pt,101.4,60.0,0.0,,,,5565.61551,90293.99429999999,458127.314,1 kg N,1 kg P2O5,1 kg K2O,,,,nitrogen_N_singlescore_8.json,phosphorus_P2O5_singlescore_9.json,potassium_K2O_singlescore_10.json,564353.412714,5417639.658,0.0,5981993.070714
C2_2022,C2,2022,ha,"Ecotoxicity, freshwater - inorganics",Pt,101.4,60.0,0.0,,,,0.0,0.0,0.0,1 kg N,1 kg P2O5,1 kg K2O,,,,nitrogen_N_singlescore_8.json,phosphorus_P2O5_singlescore_9.json,potassium_K2O_singlescore_10.json,0.0,0.0,0.0,0.0
C2_2022,C2,2022,ha,"Ecotoxicity, freshwater - metals",Pt,101.4,60.0,0.0,,,,0.0,0.0,0.0,1 kg N,1 kg P2O5,1 kg K2O,,,,nitrogen_N_singlescore_8.json,phosphorus_P2O5_singlescore_9.json,potassium_K2O_singlescore_10.json,0.0,0.0,0.0,0.0
C2_2022,C2,2022,ha,"Ecotoxicity, freshwater - organics",Pt,101.4,60.0,0.0,,,,0.0,0.0,0.0,1 kg N,1 kg P2O5,1 kg K2O,,,,nitrogen_N_singlescore_8.json,phosphorus_P2O5_singlescore_9.json,potassium_K2O_singlescore_10.json,0.0,0.0,0.0,0.0
C2_2022,C2,2022,ha,"Eutrophication, freshwater",Pt,101.4,60.0,0.0,,,,4.5732e-06,1.96112e-05,1.2730799999999998e-05,1 kg N,1 kg P2O5,1 kg K2O,,,,nitrogen_N_singlescore_8.json,phosphorus_P2O5_singlescore_9.json,potassium_K2O_singlescore_10.json,0.00046372248,0.001176672,0.0,0.00164039448
C2_2022,C2,2022,ha,"Eutrophication, marine",Pt,101.4,60.0,0.0,,,,0.002243326,0.002318746,0.002428524,1 kg N,1 kg P2O5,1 kg K2O,,,,nitrogen_N_singlescore_8.json,phosphorus_P2O5_singlescore_9.json,potassium_K2O_singlescore_10.json,0.22747325640000002,0.13912476000000001,0.0,0.3665980164
C2_2022,C2,2022,ha,"Eutrophication, terrestrial",Pt,101.4,60.0,0.0,,,,1.58592573,0.34276347,0.38357631,1 kg N,1 kg P2O5,1 kg K2O,,,,nitrogen_N_singlescore_8.json,phosphorus_P2O5_singlescore_9.json,potassium_K2O_singlescore_10.json,160.812869022,20.5658082,0.0,181.378677222
C2_2022,C2,2022,ha,"Human toxicity, cancer",Pt,101.4,60.0,0.0,,,,4.3788000000000003e-16,2.0828e-15,1.4514e-15,1 kg N,1 kg P2O5,1 kg K2O,,,,nitrogen_N_singlescore_8.json,phosphorus_P2O5_singlescore_9.json,potassium_K2O_singlescore_10.json,4.4401032e-14,1.2496799999999998e-13,0.0,1.6936903199999999e-13
C2_2022,C2,2022,ha,"Human toxicity, cancer - inorganics",Pt,101.4,60.0,0.0,,,,0.0,0.0,0.0,1 kg N,1 kg P2O5,1 kg K2O,,,,nitrogen_N_singlescore_8.json,phosphorus_P2O5_singlescore_9.json,potassium_K2O_singlescore_10.json,0.0,0.0,0.0,0.0
C2_2022,C2,2022,ha,"Human toxicity, cancer - metals",Pt,101.4,60.0,0.0,,,,0.0,0.0,0.0,1 kg N,1 kg P2O5,1 kg K2O,,,,nitrogen_N_singlescore_8.json,phosphorus_P2O5_singlescore_9.json,potassium_K2O_singlescore_10.json,0.0,0.0,0.0,0.0
C2_2022,C2,2022,ha,"Human toxicity, cancer - organics",Pt,101.4,60.0,0.0,,,,0.0,0.0,0.0,1 kg N,1 kg P2O5,1 kg K2O,,,,nitrogen_N_singlescore_8.json,phosphorus_P2O5_singlescore_9.json,potassium_K2O_singlescore_10.json,0.0,0.0,0.0,0.0
C2_2022,C2,2022,ha,"Human toxicity, non-cancer",Pt,101.4,60.0,0.0,,,,1.748e-13,5.67226e-13,8.652599999999999e-13,1 kg N,1 kg P2O5,1 kg K2O,,,,nitrogen_N_singlescore_8.json,phosphorus_P2O5_singlescore_9.json,potassium_K2O_singlescore_10.json,1.7724720000000002e-11,3.403356e-11,0.0,5.175828e-11
C2_2022,C2,2022,ha,"Human toxicity, non-cancer - inorganics",Pt,101.4,60.0,0.0,,,,0.0,0.0,0.0,1 kg N,1 kg P2O5,1 kg K2O,,,,nitrogen_N_singlescore_8.json,phosphorus_P2O5_singlescore_9.json,potassium_K2O_singlescore_10.json,0.0,0.0,0.0,0.0
C2_2022,C2,2022,ha,"Human toxicity, non-cancer - metals",Pt,101.4,60.0,0.0,,,,0.0,0.0,0.0,1 kg N,1 kg P2O5,1 kg K2O,,,,nitrogen_N_singlescore_8.json,phosphorus_P2O5_singlescore_9.json,potassium_K2O_singlescore_10.json,0.0,0.0,0.0,0.0
C2_2022,C2,2022,ha,"Human toxicity, non-cancer - organics",Pt,101.4,60.0,0.0,,,,0.0,0.0,0.0,1 kg N,1 kg P2O5,1 kg K2O,,,,nitrogen_N_singlescore_8.json,phosphorus_P2O5_singlescore_9.json,potassium_K2O_singlescore_10.json,0.0,0.0,0.0,0.0
C2_2022,C2,2022,ha,Ionising radiation,Pt,101.4,60.0,0.0,,,,21.066451,71.22199499999999,51.815903000000006,1 kg N,1 kg P2O5,1 kg K2O,,,,nitrogen_N_singlescore_8.json,phosphorus_P2O5_singlescore_9.json,potassium_K2O_singlescore_10.json,2136.1381314,4273.3197,0.0,6409.4578314
C2_2022,C2,2022,ha,Land use,Pt,101.4,60.0,0.0,,,,254308.65899999999,3434320.02,2789874.0,1 kg N,1 kg P2O5,1 kg K2O,,,,nitrogen_N_singlescore_8.json,phosphorus_P2O5_singlescore_9.json,potassium_K2O_singlescore_10.json,25786898.0226,206059201.2,0.0,231846099.22259998
C2_2022,C2,2022,ha,Ozone depletion,Pt,101.4,60.0,0.0,,,,5.2984e-10,5.1356e-10,5.8312e-10,1 kg N,1 kg P2O5,1 kg K2O,,,,nitrogen_N_singlescore_8.json,phosphorus_P2O5_singlescore_9.json,potassium_K2O_singlescore_10.json,5.3725776e-08,3.0813600000000005e-08,0.0,8.4539376e-08
C2_2022,C2,2022,ha,Particulate matter,Pt,101.4,60.0,0.0,,,,2.56557e-11,1.5046200000000003e-11,1.45961e-11,1 kg N,1 kg P2O5,1 kg K2O,,,,nitrogen_N_singlescore_8.json,phosphorus_P2O5_singlescore_9.json,potassium_K2O_singlescore_10.json,2.6014879800000004e-09,9.027720000000002e-10,0.0,3.504259980000001e-09
C2_2022,C2,2022,ha,Photochemical ozone formation,Pt,101.4,60.0,0.0,,,,0.00772702,0.015733399999999998,0.015512239999999998,1 kg N,1 kg P2O5,1 kg K2O,,,,nitrogen_N_singlescore_8.json,phosphorus_P2O5_singlescore_9.json,potassium_K2O_singlescore_10.json,0.7835198280000001,0.9440039999999998,0.0,1.7275238279999998
C2_2022,C2,2022,ha,"Resource use, fossils",Pt,101.4,60.0,0.0,,,,252626.08020000003,232942.92750000002,229857.6558,1 kg N,1 kg P2O5,1 kg K2O,,,,nitrogen_N_singlescore_8.json,phosphorus_P2O5_singlescore_9.json,potassium_K2O_singlescore_10.json,25616284.532280006,13976575.65,0.0,39592860.182280004
C2_2022,C2,2022,ha,"Resource use, minerals and metals",Pt,101.4,60.0,0.0,,,,1.3007999999999998e-07,2.5872e-07,2.472e-07,1 kg N,1 kg P2O5,1 kg K2O,,,,nitrogen_N_singlescore_8.json,phosphorus_P2O5_singlescore_9.json,potassium_K2O_singlescore_10.json,1.3190111999999999e-05,1.5523199999999997e-05,0.0,2.8713311999999994e-05
C2_2022,C2,2022,ha,Total,Pt,101.4,60.0,0.0,,,,519378.6717280199,3764220.789358167,3484059.454128132,1 kg N,1 kg P2O5,1 kg K2O,,,,nitrogen_N_singlescore_8.json,phosphorus_P2O5_singlescore_9.json,potassium_K2O_singlescore_10.json,52664997.31322122,225853247.36149,0.0,278518244.6747112
C2_2022,C2,2022,ha,Water use,Pt,101.4,60.0,0.0,,,,210.37731,1554.109634,1161.545319,1 kg N,1 kg P2O5,1 kg K2O,,,,nitrogen_N_singlescore_8.json,phosphorus_P2O5_singlescore_9.json,potassium_K2O_singlescore_10.json,21332.259234,93246.57804,0.0,114578.83727399999
C2_2023,C2,2023,ha,Acidification,Pt,78.37,20.0,0.0,,,,0.19821624,0.09966368,0.06340608,1 kg N,1 kg P2O5,1 kg K2O,,,,nitrogen_N_singlescore_8.json,phosphorus_P2O5_singlescore_9.json,potassium_K2O_singlescore_10.json,15.5342067288,1.9932736000000002,0.0,17.5274803288
C2_2023,C2,2023,ha,Climate change,Pt,78.37,20.0,0.0,,,,6645.07914,5038.05543,4986.658170000001,1 kg N,1 kg P2O5,1 kg K2O,,,,nitrogen_N_singlescore_8.json,phosphorus_P2O5_singlescore_9.json,potassium_K2O_singlescore_10.json,520774.85220180004,100761.1086,0.0,621535.9608018
C2_2023,C2,2023,ha,Climate change - Biogenic,Pt,78.37,20.0,0.0,,,,0.0,0.0,0.0,1 kg N,1 kg P2O5,1 kg K2O,,,,nitrogen_N_singlescore_8.json,phosphorus_P2O5_singlescore_9.json,potassium_K2O_singlescore_10.json,0.0,0.0,0.0,0.0
C2_2023,C2,2023,ha,Climate change - Fossil,Pt,78.37,20.0,0.0,,,,0.0,0.0,0.0,1 kg N,1 kg P2O5,1 kg K2O,,,,nitrogen_N_singlescore_8.json,phosphorus_P2O5_singlescore_9.json,potassium_K2O_singlescore_10.json,0.0,0.0,0.0,0.0
C2_2023,C2,2023,ha,Climate change - Land use and LU change,Pt,78.37,20.0,0.0,,,,0.0,0.0,0.0,1 kg N,1 kg P2O5,1 kg K2O,,,,nitrogen_N_singlescore_8.json,phosphorus_P2O5_singlescore_9.json,potassium_K2O_singlescore_10.json,0.0,0.0,0.0,0.0
C2_2023,C2,2023,ha,"Ecotoxicity, freshwater",Pt,78.37,20.0,0.0,,,,5565.61551,90293.99429999999,458127.314,1 kg N,1 kg P2O5,1 kg K2O,,,,nitrogen_N_singlescore_8.json,phosphorus_P2O5_singlescore_9.json,potassium_K2O_singlescore_10.json,436177.2875187,1805879.886,0.0,2242057.1735187
C2_2023,C2,2023,ha,"Ecotoxicity, freshwater - inorganics",Pt,78.37,20.0,0.0,,,,0.0,0.0,0.0,1 kg N,1 kg P2O5,1 kg K2O,,,,nitrogen_N_singlescore_8.json,phosphorus_P2O5_singlescore_9.json,potassium_K2O_singlescore_10.json,0.0,0.0,0.0,0.0
C2_2023,C2,2023,ha,"Ecotoxicity, freshwater - metals",Pt,78.37,20.0,0.0,,,,0.0,0.0,0.0,1 kg N,1 kg P2O5,1 kg K2O,,,,nitrogen_N_singlescore_8.json,phosphorus_P2O5_singlescore_9.json,potassium_K2O_singlescore_10.json,0.0,0.0,0.0,0.0
C2_2023,C2,2023,ha,"Ecotoxicity, freshwater - organics",Pt,78.37,20.0,0.0,,,,0.0,0.0,0.0,1 kg N,1 kg P2O5,1 kg K2O,,,,nitrogen_N_singlescore_8.json,phosphorus_P2O5_singlescore_9.json,potassium_K2O_singlescore_10.json,0.0,0.0,0.0,0.0
C2_2023,C2,2023,ha,"Eutrophication, freshwater",Pt,78.37,20.0,0.0,,,,4.5732e-06,1.96112e-05,1.2730799999999998e-05,1 kg N,1 kg P2O5,1 kg K2O,,,,nitrogen_N_singlescore_8.json,phosphorus_P2O5_singlescore_9.json,potassium_K2O_singlescore_10.json,0.000358401684,0.000392224,0.0,0.000750625684
C2_2023,C2,2023,ha,"Eutrophication, marine",Pt,78.37,20.0,0.0,,,,0.002243326,0.002318746,0.002428524,1 kg N,1 kg P2O5,1 kg K2O,,,,nitrogen_N_singlescore_8.json,phosphorus_P2O5_singlescore_9.json,potassium_K2O_singlescore_10.json,0.17580945862,0.04637492,0.0,0.22218437862
C2_2023,C2,2023,ha,"Eutrophication, terrestrial",Pt,78.37,20.0,0.0,,,,1.58592573,0.34276347,0.38357631,1 kg N,1 kg P2O5,1 kg K2O,,,,nitrogen_N_singlescore_8.json,phosphorus_P2O5_singlescore_9.json,potassium_K2O_singlescore_10.json,124.28899946010002,6.8552694,0.0,131.14426886010003
C2_2023,C2,2023,ha,"Human toxicity, cancer",Pt,78.37,20.0,0.0,,,,4.3788000000000003e-16,2.0828e-15,1.4514e-15,1 kg N,1 kg P2O5,1 kg K2O,,,,nitrogen_N_singlescore_8.json,phosphorus_P2O5_singlescore_9.json,potassium_K2O_singlescore_10.json,3.43166556e-14,4.1656e-14,0.0,7.597265559999999e-14
C2_2023,C2,2023,ha,"Human toxicity, cancer - inorganics",Pt,78.37,20.0,0.0,,,,0.0,0.0,0.0,1 kg N,1 kg P2O5,1 kg K2O,,,,nitrogen_N_singlescore_8.json,phosphorus_P2O5_singlescore_9.json,potassium_K2O_singlescore_10.json,0.0,0.0,0.0,0.0
C2_2023,C2,2023,ha,"Human toxicity, cancer - metals",Pt,78.37,20.0,0.0,,,,0.0,0.0,0.0,1 kg N,1 kg P2O5,1 kg K2O,,,,nitrogen_N_singlescore_8.json,phosphorus_P2O5_singlescore_9.json,potassium_K2O_singlescore_10.json,0.0,0.0,0.0,0.0
C2_2023,C2,2023,ha,"Human toxicity, cancer - organics",Pt,78.37,20.0,0.0,,,,0.0,0.0,0.0,1 kg N,1 kg P2O5,1 kg K2O,,,,nitrogen_N_singlescore_8.json,phosphorus_P2O5_singlescore_9.json,potassium_K2O_singlescore_10.json,0.0,0.0,0.0,0.0
C2_2023,C2,2023,ha,"Human toxicity, non-cancer",Pt,78.37,20.0,0.0,,,,1.748e-13,5.67226e-13,8.652599999999999e-13,1 kg N,1 kg P2O5,1 kg K2O,,,,nitrogen_N_singlescore_8.json,phosphorus_P2O5_singlescore_9.json,potassium_K2O_singlescore_10.json,1.3699076e-11,1.134452e-11,0.0,2.5043596e-11
C2_2023,C2,2023,ha,"Human toxicity, non-cancer - inorganics",Pt,78.37,20.0,0.0,,,,0.0,0.0,0.0,1 kg N,1 kg P2O5,1 kg K2O,,,,nitrogen_N_singlescore_8.json,phosphorus_P2O5_singlescore_9.json,potassium_K2O_singlescore_10.json,0.0,0.0,0.0,0.0
C2_2023,C2,2023,ha,"Human toxicity, non-cancer - metals",Pt,78.37,20.0,0.0,,,,0.0,0.0,0.0,1 kg N,1 kg P2O5,1 kg K2O,,,,nitrogen_N_singlescore_8.json,phosphorus_P2O5_singlescore_9.json,potassium_K2O_singlescore_10.json,0.0,0.0,0.0,0.0
C2_2023,C2,2023,ha,"Human toxicity, non-cancer - organics",Pt,78.37,20.0,0.0,,,,0.0,0.0,0.0,1 kg N,1 kg P2O5,1 kg K2O,,,,nitrogen_N_singlescore_8.json,phosphorus_P2O5_singlescore_9.json,potassium_K2O_singlescore_10.json,0.0,0.0,0.0,0.0
C2_2023,C2,2023,ha,Ionising radiation,Pt,78.37,20.0,0.0,,,,21.066451,71.22199499999999,51.815903000000006,1 kg N,1 kg P2O5,1 kg K2O,,,,nitrogen_N_singlescore_8.json,phosphorus_P2O5_singlescore_9.json,potassium_K2O_singlescore_10.json,1650.97776487,1424.4398999999999,0.0,3075.41766487
C2_2023,C2,2023,ha,Land use,Pt,78.37,20.0,0.0,,,,254308.65899999999,3434320.02,2789874.0,1 kg N,1 kg P2O5,1 kg K2O,,,,nitrogen_N_singlescore_8.json,phosphorus_P2O5_singlescore_9.json,potassium_K2O_singlescore_10.json,19930169.60583,68686400.4,0.0,88616570.00583
C2_2023,C2,2023,ha,Ozone depletion,Pt,78.37,20.0,0.0,,,,5.2984e-10,5.1356e-10,5.8312e-10,1 kg N,1 kg P2O5,1 kg K2O,,,,nitrogen_N_singlescore_8.json,phosphorus_P2O5_singlescore_9.json,potassium_K2O_singlescore_10.json,4.15235608e-08,1.02712e-08,0.0,5.17947608e-08
C2_2023,C2,2023,ha,Particulate matter,Pt,78.37,20.0,0.0,,,,2.56557e-11,1.5046200000000003e-11,1.45961e-11,1 kg N,1 kg P2O5,1 kg K2O,,,,nitrogen_N_singlescore_8.json,phosphorus_P2O5_singlescore_9.json,potassium_K2O_singlescore_10.json,2.010637209e-09,3.0092400000000007e-10,0.0,2.311561209e-09
C2_2023,C2,2023,ha,Photochemical ozone formation,Pt,78.37,20.0,0.0,,,,0.00772702,0.015733399999999998,0.015512239999999998,1 kg N,1 kg P2O5,1 kg K2O,,,,nitrogen_N_singlescore_8.json,phosphorus_P2O5_singlescore_9.json,potassium_K2O_singlescore_10.json,0.6055665574000001,0.31466799999999995,0.0,0.9202345574
C2_2023,C2,2023,ha,"Resource use, fossils",Pt,78.37,20.0,0.0,,,,252626.08020000003,232942.92750000002,229857.6558,1 kg N,1 kg P2O5,1 kg K2O,,,,nitrogen_N_singlescore_8.json,phosphorus_P2O5_singlescore_9.json,potassium_K2O_singlescore_10.json,19798305.905274004,4658858.550000001,0.0,24457164.455274004
C2_2023,C2,2023,ha,"Resource use, minerals and metals",Pt,78.37,20.0,0.0,,,,1.3007999999999998e-07,2.5872e-07,2.472e-07,1 kg N,1 kg P2O5,1 kg K2O,,,,nitrogen_N_singlescore_8.json,phosphorus_P2O5_singlescore_9.json,potassium_K2O_singlescore_10.json,1.01943696e-05,5.174399999999999e-06,0.0,1.53687696e-05
C2_2023,C2,2023,ha,Total,Pt,78.37,20.0,0.0,,,,519378.6717280199,3764220.789358167,3484059.454128132,1 kg N,1 kg P2O5,1 kg K2O,,,,nitrogen_N_singlescore_8.json,phosphorus_P2O5_singlescore_9.json,potassium_K2O_singlescore_10.json,40703706.50332492,75284415.78716335,0.0,115988122.29048827
C2_2023,C2,2023,ha,Water use,Pt,78.37,20.0,0.0,,,,210.37731,1554.109634,1161.545319,1 kg N,1 kg P2O5,1 kg K2O,,,,nitrogen_N_singlescore_8.json,phosphorus_P2O5_singlescore_9.json,potassium_K2O_singlescore_10.json,16487.2697847,31082.19268,0.0,47569.4624647
C2_2024,C2,2024,ha,Acidification,Pt,130.51,39.12,0.0,,,,0.19821624,0.09966368,0.06340608,1 kg N,1 kg P2O5,1 kg K2O,,,,nitrogen_N_singlescore_8.json,phosphorus_P2O5_singlescore_9.json,potassium_K2O_singlescore_10.json,25.869201482399998,3.8988431616,0.0,29.768044643999996
C2_2024,C2,2024,ha,Climate change,Pt,130.51,39.12,0.0,,,,6645.07914,5038.05543,4986.658170000001,1 kg N,1 kg P2O5,1 kg K2O,,,,nitrogen_N_singlescore_8.json,phosphorus_P2O5_singlescore_9.json,potassium_K2O_singlescore_10.json,867249.2785613999,197088.7284216,0.0,1064338.0069829999
C2_2024,C2,2024,ha,Climate change - Biogenic,Pt,130.51,39.12,0.0,,,,0.0,0.0,0.0,1 kg N,1 kg P2O5,1 kg K2O,,,,nitrogen_N_singlescore_8.json,phosphorus_P2O5_singlescore_9.json,potassium_K2O_singlescore_10.json,0.0,0.0,0.0,0.0
C2_2024,C2,2024,ha,Climate change - Fossil,Pt,130.51,39.12,0.0,,,,0.0,0.0,0.0,1 kg N,1 kg P2O5,1 kg K2O,,,,nitrogen_N_singlescore_8.json,phosphorus_P2O5_singlescore_9.json,potassium_K2O_singlescore_10.json,0.0,0.0,0.0,0.0
C2_2024,C2,2024,ha,Climate change - Land use and LU change,Pt,130.51,39.12,0.0,,,,0.0,0.0,0.0,1 kg N,1 kg P2O5,1 kg K2O,,,,nitrogen_N_singlescore_8.json,phosphorus_P2O5_singlescore_9.json,potassium_K2O_singlescore_10.json,0.0,0.0,0.0,0.0
C2_2024,C2,2024,ha,"Ecotoxicity, freshwater",Pt,130.51,39.12,0.0,,,,5565.61551,90293.99429999999,458127.314,1 kg N,1 kg P2O5,1 kg K2O,,,,nitrogen_N_singlescore_8.json,phosphorus_P2O5_singlescore_9.json,potassium_K2O_singlescore_10.json,726368.4802101,3532301.057015999,0.0,4258669.5372260995
C2_2024,C2,2024,ha,"Ecotoxicity, freshwater - inorganics",Pt,130.51,39.12,0.0,,,,0.0,0.0,0.0,1 kg N,1 kg P2O5,1 kg K2O,,,,nitrogen_N_singlescore_8.json,phosphorus_P2O5_singlescore_9.json,potassium_K2O_singlescore_10.json,0.0,0.0,0.0,0.0
C2_2024,C2,2024,ha,"Ecotoxicity, freshwater - metals",Pt,130.51,39.12,0.0,,,,0.0,0.0,0.0,1 kg N,1 kg P2O5,1 kg K2O,,,,nitrogen_N_singlescore_8.json,phosphorus_P2O5_singlescore_9.json,potassium_K2O_singlescore_10.json,0.0,0.0,0.0,0.0
C2_2024,C2,2024,ha,"Ecotoxicity, freshwater - organics",Pt,130.51,39.12,0.0,,,,0.0,0.0,0.0,1 kg N,1 kg P2O5,1 kg K2O,,,,nitrogen_N_singlescore_8.json,phosphorus_P2O5_singlescore_9.json,potassium_K2O_singlescore_10.json,0.0,0.0,0.0,0.0
C2_2024,C2,2024,ha,"Eutrophication, freshwater",Pt,130.51,39.12,0.0,,,,4.5732e-06,1.96112e-05,1.2730799999999998e-05,1 kg N,1 kg P2O5,1 kg K2O,,,,nitrogen_N_singlescore_8.json,phosphorus_P2O5_singlescore_9.json,potassium_K2O_singlescore_10.json,0.000596848332,0.0007671901439999999,0.0,0.001364038476
C2_2024,C2,2024,ha,"Eutrophication, marine",Pt,130.51,39.12,0.0,,,,0.002243326,0.002318746,0.002428524,1 kg N,1 kg P2O5,1 kg K2O,,,,nitrogen_N_singlescore_8.json,phosphorus_P2O5_singlescore_9.json,potassium_K2O_singlescore_10.json,0.29277647626,0.09070934352,0.0,0.38348581977999996
C2_2024,C2,2024,ha,"Eutrophication, terrestrial",Pt,130.51,39.12,0.0,,,,1.58592573,0.34276347,0.38357631,1 kg N,1 kg P2O5,1 kg K2O,,,,nitrogen_N_singlescore_8.json,phosphorus_P2O5_singlescore_9.json,potassium_K2O_singlescore_10.json,206.9791670223,13.4089069464,0.0,220.3880739687
C2_2024,C2,2024,ha,"Human toxicity, cancer",Pt,130.51,39.12,0.0,,,,4.3788000000000003e-16,2.0828e-15,1.4514e-15,1 kg N,1 kg P2O5,1 kg K2O,,,,nitrogen_N_singlescore_8.json,phosphorus_P2O5_singlescore_9.json,potassium_K2O_singlescore_10.json,5.71477188e-14,8.147913599999999e-14,0.0,1.3862685479999998e-13
C2_2024,C2,2024,ha,"Human toxicity, cancer - inorganics",Pt,130.51,39.12,0.0,,,,0.0,0.0,0.0,1 kg N,1 kg P2O5,1 kg K2O,,,,nitrogen_N_singlescore_8.json,phosphorus_P2O5_singlescore_9.json,potassium_K2O_singlescore_10.json,0.0,0.0,0.0,0.0
C2_2024,C2,2024,ha,"Human toxicity, cancer - metals",Pt,130.51,39.12,0.0,,,,0.0,0.0,0.0,1 kg N,1 kg P2O5,1 kg K2O,,,,nitrogen_N_singlescore_8.json,phosphorus_P2O5_singlescore_9.json,potassium_K2O_singlescore_10.json,0.0,0.0,0.0,0.0
C2_2024,C2,2024,ha,"Human toxicity, cancer - organics",Pt,130.51,39.12,0.0,,,,0.0,0.0,0.0,1 kg N,1 kg P2O5,1 kg K2O,,,,nitrogen_N_singlescore_8.json,phosphorus_P2O5_singlescore_9.json,potassium_K2O_singlescore_10.json,0.0,0.0,0.0,0.0
C2_2024,C2,2024,ha,"Human toxicity, non-cancer",Pt,130.51,39.12,0.0,,,,1.748e-13,5.67226e-13,8.652599999999999e-13,1 kg N,1 kg P2O5,1 kg K2O,,,,nitrogen_N_singlescore_8.json,phosphorus_P2O5_singlescore_9.json,potassium_K2O_singlescore_10.json,2.2813147999999998e-11,2.2189881119999998e-11,0.0,4.500302911999999e-11
C2_2024,C2,2024,ha,"Human toxicity, non-cancer - inorganics",Pt,130.51,39.12,0.0,,,,0.0,0.0,0.0,1 kg N,1 kg P2O5,1 kg K2O,,,,nitrogen_N_singlescore_8.json,phosphorus_P2O5_singlescore_9.json,potassium_K2O_singlescore_10.json,0.0,0.0,0.0,0.0
C2_2024,C2,2024,ha,"Human toxicity, non-cancer - metals",Pt,130.51,39.12,0.0,,,,0.0,0.0,0.0,1 kg N,1 kg P2O5,1 kg K2O,,,,nitrogen_N_singlescore_8.json,phosphorus_P2O5_singlescore_9.json,potassium_K2O_singlescore_10.json,0.0,0.0,0.0,0.0
C2_2024,C2,2024,ha,"Human toxicity, non-cancer - organics",Pt,130.51,39.12,0.0,,,,0.0,0.0,0.0,1 kg N,1 kg P2O5,1 kg K2O,,,,nitrogen_N_singlescore_8.json,phosphorus_P2O5_singlescore_9.json,potassium_K2O_singlescore_10.json,0.0,0.0,0.0,0.0
C2_2024,C2,2024,ha,Ionising radiation,Pt,130.51,39.12,0.0,,,,21.066451,71.22199499999999,51.815903000000006,1 kg N,1 kg P2O5,1 kg K2O,,,,nitrogen_N_singlescore_8.json,phosphorus_P2O5_singlescore_9.json,potassium_K2O_singlescore_10.json,2749.38252001,2786.2044443999994,0.0,5535.586964409999
C2_2024,C2,2024,ha,Land use,Pt,130.51,39.12,0.0,,,,254308.65899999999,3434320.02,2789874.0,1 kg N,1 kg P2O5,1 kg K2O,,,,nitrogen_N_singlescore_8.json,phosphorus_P2O5_singlescore_9.json,potassium_K2O_singlescore_10.json,33189823.086089995,134350599.1824,0.0,167540422.26849
C2_2024,C2,2024,ha,Ozone depletion,Pt,130.51,39.12,0.0,,,,5.2984e-10,5.1356e-10,5.8312e-10,1 kg N,1 kg P2O5,1 kg K2O,,,,nitrogen_N_singlescore_8.json,phosphorus_P2O5_singlescore_9.json,potassium_K2O_singlescore_10.json,6.91494184e-08,2.00904672e-08,0.0,8.92398856e-08
C2_2024,C2,2024,ha,Particulate matter,Pt,130.51,39.12,0.0,,,,2.56557e-11,1.5046200000000003e-11,1.45961e-11,1 kg N,1 kg P2O5,1 kg K2O,,,,nitrogen_N_singlescore_8.json,phosphorus_P2O5_singlescore_9.json,potassium_K2O_singlescore_10.json,3.3483254069999997e-09,5.88607344e-10,0.0,3.936932751e-09
C2_2024,C2,2024,ha,Photochemical ozone formation,Pt,130.51,39.12,0.0,,,,0.00772702,0.015733399999999998,0.015512239999999998,1 kg N,1 kg P2O5,1 kg K2O,,,,nitrogen_N_singlescore_8.json,phosphorus_P2O5_singlescore_9.json,potassium_K2O_singlescore_10.json,1.0084533802,0.6154906079999999,0.0,1.6239439881999997
C2_2024,C2,2024,ha,"Resource use, fossils",Pt,130.51,39.12,0.0,,,,252626.08020000003,232942.92750000002,229857.6558,1 kg N,1 kg P2O5,1 kg K2O,,,,nitrogen_N_singlescore_8.json,phosphorus_P2O5_singlescore_9.json,potassium_K2O_singlescore_10.json,32970229.726902,9112727.3238,0.0,42082957.050702
C2_2024,C2,2024,ha,"Resource use, minerals and metals",Pt,130.51,39.12,0.0,,,,1.3007999999999998e-07,2.5872e-07,2.472e-07,1 kg N,1 kg P2O5,1 kg K2O,,,,nitrogen_N_singlescore_8.json,phosphorus_P2O5_singlescore_9.json,potassium_K2O_singlescore_10.json,1.6976740799999995e-05,1.0121126399999998e-05,0.0,2.7097867199999993e-05
C2_2024,C2,2024,ha,Total,Pt,130.51,39.12,0.0,,,,519378.6717280199,3764220.789358167,3484059.454128132,1 kg N,1 kg P2O5,1 kg K2O,,,,nitrogen_N_singlescore_8.json,phosphorus_P2O5_singlescore_9.json,potassium_K2O_singlescore_10.json,67784110.44722387,147256317.2796915,0.0,215040427.72691536
C2_2024,C2,2024,ha,Water use,Pt,130.51,39.12,0.0,,,,210.37731,1554.109634,1161.545319,1 kg N,1 kg P2O5,1 kg K2O,,,,nitrogen_N_singlescore_8.json,phosphorus_P2O5_singlescore_9.json,potassium_K2O_singlescore_10.json,27456.342728099997,60796.768882079996,0.0,88253.11161018
C3_2022,C3,2022,ha,Acidification,Pt,109.9,20.0,0.0,,,,0.19821624,0.09966368,0.06340608,1 kg N,1 kg P2O5,1 kg K2O,,,,nitrogen_N_singlescore_8.json,phosphorus_P2O5_singlescore_9.json,potassium_K2O_singlescore_10.json,21.783964776,1.9932736000000002,0.0,23.777238376
C3_2022,C3,2022,ha,Climate change,Pt,109.9,20.0,0.0,,,,6645.07914,5038.05543,4986.658170000001,1 kg N,1 kg P2O5,1 kg K2O,,,,nitrogen_N_singlescore_8.json,phosphorus_P2O5_singlescore_9.json,potassium_K2O_singlescore_10.json,730294.197486,100761.1086,0.0,831055.306086
C3_2022,C3,2022,ha,Climate change - Biogenic,Pt,109.9,20.0,0.0,,,,0.0,0.0,0.0,1 kg N,1 kg P2O5,1 kg K2O,,,,nitrogen_N_singlescore_8.json,phosphorus_P2O5_singlescore_9.json,potassium_K2O_singlescore_10.json,0.0,0.0,0.0,0.0
C3_2022,C3,2022,ha,Climate change - Fossil,Pt,109.9,20.0,0.0,,,,0.0,0.0,0.0,1 kg N,1 kg P2O5,1 kg K2O,,,,nitrogen_N_singlescore_8.json,phosphorus_P2O5_singlescore_9.json,potassium_K2O_singlescore_10.json,0.0,0.0,0.0,0.0
C3_2022,C3,2022,ha,Climate change - Land use and LU change,Pt,109.9,20.0,0.0,,,,0.0,0.0,0.0,1 kg N,1 kg P2O5,1 kg K2O,,,,nitrogen_N_singlescore_8.json,phosphorus_P2O5_singlescore_9.json,potassium_K2O_singlescore_10.json,0.0,0.0,0.0,0.0
C3_2022,C3,2022,ha,"Ecotoxicity, freshwater",Pt,109.9,20.0,0.0,,,,5565.61551,90293.99429999999,458127.314,1 kg N,1 kg P2O5,1 kg K2O,,,,nitrogen_N_singlescore_8.json,phosphorus_P2O5_singlescore_9.json,potassium_K2O_singlescore_10.json,611661.144549,1805879.886,0.0,2417541.030549
C3_2022,C3,2022,ha,"Ecotoxicity, freshwater - inorganics",Pt,109.9,20.0,0.0,,,,0.0,0.0,0.0,1 kg N,1 kg P2O5,1 kg K2O,,,,nitrogen_N_singlescore_8.json,phosphorus_P2O5_singlescore_9.json,potassium_K2O_singlescore_10.json,0.0,0.0,0.0,0.0
C3_2022,C3,2022,ha,"Ecotoxicity, freshwater - metals",Pt,109.9,20.0,0.0,,,,0.0,0.0,0.0,1 kg N,1 kg P2O5,1 kg K2O,,,,nitrogen_N_singlescore_8.json,phosphorus_P2O5_singlescore_9.json,potassium_K2O_singlescore_10.json,0.0,0.0,0.0,0.0
C3_2022,C3,2022,ha,"Ecotoxicity, freshwater - organics",Pt,109.9,20.0,0.0,,,,0.0,0.0,0.0,1 kg N,1 kg P2O5,1 kg K2O,,,,nitrogen_N_singlescore_8.json,phosphorus_P2O5_singlescore_9.json,potassium_K2O_singlescore_10.json,0.0,0.0,0.0,0.0
C3_2022,C3,2022,ha,"Eutrophication, freshwater",Pt,109.9,20.0,0.0,,,,4.5732e-06,1.96112e-05,1.2730799999999998e-05,1 kg N,1 kg P2O5,1 kg K2O,,,,nitrogen_N_singlescore_8.json,phosphorus_P2O5_singlescore_9.json,potassium_K2O_singlescore_10.json,0.00050259468,0.000392224,0.0,0.00089481868
C3_2022,C3,2022,ha,"Eutrophication, marine",Pt,109.9,20.0,0.0,,,,0.002243326,0.002318746,0.002428524,1 kg N,1 kg P2O5,1 kg K2O,,,,nitrogen_N_singlescore_8.json,phosphorus_P2O5_singlescore_9.json,potassium_K2O_singlescore_10.json,0.24654152740000002,0.04637492,0.0,0.2929164474
C3_2022,C3,2022,ha,"Eutrophication, terrestrial",Pt,109.9,20.0,0.0,,,,1.58592573,0.34276347,0.38357631,1 kg N,1 kg P2O5,1 kg K2O,,,,nitrogen_N_singlescore_8.json,phosphorus_P2O5_singlescore_9.json,potassium_K2O_singlescore_10.json,174.29323772700002,6.8552694,0.0,181.14850712700002
C3_2022,C3,2022,ha,"Human toxicity, cancer",Pt,109.9,20.0,0.0,,,,4.3788000000000003e-16,2.0828e-15,1.4514e-15,1 kg N,1 kg P2O5,1 kg K2O,,,,nitrogen_N_singlescore_8.json,phosphorus_P2O5_singlescore_9.json,potassium_K2O_singlescore_10.json,4.812301200000001e-14,4.1656e-14,0.0,8.9779012e-14
C3_2022,C3,2022,ha,"Human toxicity, cancer - inorganics",Pt,109.9,20.0,0.0,,,,0.0,0.0,0.0,1 kg N,1 kg P2O5,1 kg K2O,,,,nitrogen_N_singlescore_8.json,phosphorus_P2O5_singlescore_9.json,potassium_K2O_singlescore_10.json,0.0,0.0,0.0,0.0
C3_2022,C3,2022,ha,"Human toxicity, cancer - metals",Pt,109.9,20.0,0.0,,,,0.0,0.0,0.0,1 kg N,1 kg P2O5,1 kg K2O,,,,nitrogen_N_singlescore_8.json,phosphorus_P2O5_singlescore_9.json,potassium_K2O_singlescore_10.json,0.0,0.0,0.0,0.0
C3_2022,C3,2022,ha,"Human toxicity, cancer - organics",Pt,109.9,20.0,0.0,,,,0.0,0.0,0.0,1 kg N,1 kg P2O5,1 kg K2O,,,,nitrogen_N_singlescore_8.json,phosphorus_P2O5_singlescore_9.json,potassium_K2O_singlescore_10.json,0.0,0.0,0.0,0.0
C3_2022,C3,2022,ha,"Human toxicity, non-cancer",Pt,109.9,20.0,0.0,,,,1.748e-13,5.67226e-13,8.652599999999999e-13,1 kg N,1 kg P2O5,1 kg K2O,,,,nitrogen_N_singlescore_8.json,phosphorus_P2O5_singlescore_9.json,potassium_K2O_singlescore_10.json,1.921052e-11,1.134452e-11,0.0,3.055504e-11
C3_2022,C3,2022,ha,"Human toxicity, non-cancer - inorganics",Pt,109.9,20.0,0.0,,,,0.0,0.0,0.0,1 kg N,1 kg P2O5,1 kg K2O,,,,nitrogen_N_singlescore_8.json,phosphorus_P2O5_singlescore_9.json,potassium_K2O_singlescore_10.json,0.0,0.0,0.0,0.0
C3_2022,C3,2022,ha,"Human toxicity, non-cancer - metals",Pt,109.9,20.0,0.0,,,,0.0,0.0,0.0,1 kg N,1 kg P2O5,1 kg K2O,,,,nitrogen_N_singlescore_8.json,phosphorus_P2O5_singlescore_9.json,potassium_K2O_singlescore_10.json,0.0,0.0,0.0,0.0
C3_2022,C3,2022,ha,"Human toxicity, non-cancer - organics",Pt,109.9,20.0,0.0,,,,0.0,0.0,0.0,1 kg N,1 kg P2O5,1 kg K2O,,,,nitrogen_N_singlescore_8.json,phosphorus_P2O5_singlescore_9.json,potassium_K2O_singlescore_10.json,0.0,0.0,0.0,0.0
C3_2022,C3,2022,ha,Ionising radiation,Pt,109.9,20.0,0.0,,,,21.066451,71.22199499999999,51.815903000000006,1 kg N,1 kg P2O5,1 kg K2O,,,,nitrogen_N_singlescore_8.json,phosphorus_P2O5_singlescore_9.json,potassium_K2O_singlescore_10.json,2315.2029649,1424.4398999999999,0.0,3739.6428649
C3_2022,C3,2022,ha,Land use,Pt,109.9,20.0,0.0,,,,254308.65899999999,3434320.02,2789874.0,1 kg N,1 kg P2O5,1 kg K2O,,,,nitrogen_N_singlescore_8.json,phosphorus_P2O5_singlescore_9.json,potassium_K2O_singlescore_10.json,27948521.6241,68686400.4,0.0,96634922.0241
C3_2022,C3,2022,ha,Ozone depletion,Pt,109.9,20.0,0.0,,,,5.2984e-10,5.1356e-10,5.8312e-10,1 kg N,1 kg P2O5,1 kg K2O,,,,nitrogen_N_singlescore_8.json,phosphorus_P2O5_singlescore_9.json,potassium_K2O_singlescore_10.json,5.8229416000000005e-08,1.02712e-08,0.0,6.850061600000001e-08
C3_2022,C3,2022,ha,Particulate matter,Pt,109.9,20.0,0.0,,,,2.56557e-11,1.5046200000000003e-11,1.45961e-11,1 kg N,1 kg P2O5,1 kg K2O,,,,nitrogen_N_singlescore_8.json,phosphorus_P2O5_singlescore_9.json,potassium_K2O_singlescore_10.json,2.81956143e-09,3.0092400000000007e-10,0.0,3.1204854300000004e-09
C3_2022,C3,2022,ha,Photochemical ozone formation,Pt,109.9,20.0,0.0,,,,0.00772702,0.015733399999999998,0.015512239999999998,1 kg N,1 kg P2O5,1 kg K2O,,,,nitrogen_N_singlescore_8.json,phosphorus_P2O5_singlescore_9.json,potassium_K2O_singlescore_10.json,0.849199498,0.31466799999999995,0.0,1.1638674980000001
C3_2022,C3,2022,ha,"Resource use, fossils",Pt,109.9,20.0,0.0,,,,252626.08020000003,232942.92750000002,229857.6558,1 kg N,1 kg P2O5,1 kg K2O,,,,nitrogen_N_singlescore_8.json,phosphorus_P2O5_singlescore_9.json,potassium_K2O_singlescore_10.json,27763606.213980004,4658858.550000001,0.0,32422464.763980005
C3_2022,C3,2022,ha,"Resource use, minerals and metals",Pt,109.9,20.0,0.0,,,,1.3007999999999998e-07,2.5872e-07,2.472e-07,1 kg N,1 kg P2O5,1 kg K2O,,,,nitrogen_N_singlescore_8.json,phosphorus_P2O5_singlescore_9.json,potassium_K2O_singlescore_10.json,1.4295792e-05,5.174399999999999e-06,0.0,1.9470192e-05
C3_2022,C3,2022,ha,Total,Pt,109.9,20.0,0.0,,,,519378.6717280199,3764220.789358167,3484059.454128132,1 kg N,1 kg P2O5,1 kg K2O,,,,nitrogen_N_singlescore_8.json,phosphorus_P2O5_singlescore_9.json,potassium_K2O_singlescore_10.json,57079716.02290939,75284415.78716335,0.0,132364131.81007273
C3_2022,C3,2022,ha,Water use,Pt,109.9,20.0,0.0,,,,210.37731,1554.109634,1161.545319,1 kg N,1 kg P2O5,1 kg K2O,,,,nitrogen_N_singlescore_8.json,phosphorus_P2O5_singlescore_9.json,potassium_K2O_singlescore_10.json,23120.466369,31082.19268,0.0,54202.659049
C3_2023,C3,2023,ha,Acidification,Pt,109.8,29.15,0.0,,,,0.19821624,0.09966368,0.06340608,1 kg N,1 kg P2O5,1 kg K2O,,,,nitrogen_N_singlescore_8.json,phosphorus_P2O5_singlescore_9.json,potassium_K2O_singlescore_10.json,21.764143152,2.905196272,0.0,24.669339424
C3_2023,C3,2023,ha,Climate change,Pt,109.8,29.15,0.0,,,,6645.07914,5038.05543,4986.658170000001,1 kg N,1 kg P2O5,1 kg K2O,,,,nitrogen_N_singlescore_8.json,phosphorus_P2O5_singlescore_9.json,potassium_K2O_singlescore_10.json,729629.689572,146859.3157845,0.0,876489.0053564999
C3_2023,C3,2023,ha,Climate change - Biogenic,Pt,109.8,29.15,0.0,,,,0.0,0.0,0.0,1 kg N,1 kg P2O5,1 kg K2O,,,,nitrogen_N_singlescore_8.json,phosphorus_P2O5_singlescore_9.json,potassium_K2O_singlescore_10.json,0.0,0.0,0.0,0.0
C3_2023,C3,2023,ha,Climate change - Fossil,Pt,109.8,29.15,0.0,,,,0.0,0.0,0.0,1 kg N,1 kg P2O5,1 kg K2O,,,,nitrogen_N_singlescore_8.json,phosphorus_P2O5_singlescore_9.json,potassium_K2O_singlescore_10.json,0.0,0.0,0.0,0.0
C3_2023,C3,2023,ha,Climate change - Land use and LU change,Pt,109.8,29.15,0.0,,,,0.0,0.0,0.0,1 kg N,1 kg P2O5,1 kg K2O,,,,nitrogen_N_singlescore_8.json,phosphorus_P2O5_singlescore_9.json,potassium_K2O_singlescore_10.json,0.0,0.0,0.0,0.0
C3_2023,C3,2023,ha,"Ecotoxicity, freshwater",Pt,109.8,29.15,0.0,,,,5565.61551,90293.99429999999,458127.314,1 kg N,1 kg P2O5,1 kg K2O,,,,nitrogen_N_singlescore_8.json,phosphorus_P2O5_singlescore_9.json,potassium_K2O_singlescore_10.json,611104.582998,2632069.9338449994,0.0,3243174.5168429995
C3_2023,C3,2023,ha,"Ecotoxicity, freshwater - inorganics",Pt,109.8,29.15,0.0,,,,0.0,0.0,0.0,1 kg N,1 kg P2O5,1 kg K2O,,,,nitrogen_N_singlescore_8.json,phosphorus_P2O5_singlescore_9.json,potassium_K2O_singlescore_10.json,0.0,0.0,0.0,0.0
C3_2023,C3,2023,ha,"Ecotoxicity, freshwater - metals",Pt,109.8,29.15,0.0,,,,0.0,0.0,0.0,1 kg N,1 kg P2O5,1 kg K2O,,,,nitrogen_N_singlescore_8.json,phosphorus_P2O5_singlescore_9.json,potassium_K2O_singlescore_10.json,0.0,0.0,0.0,0.0
C3_2023,C3,2023,ha,"Ecotoxicity, freshwater - organics",Pt,109.8,29.15,0.0,,,,0.0,0.0,0.0,1 kg N,1 kg P2O5,1 kg K2O,,,,nitrogen_N_singlescore_8.json,phosphorus_P2O5_singlescore_9.json,potassium_K2O_singlescore_10.json,0.0,0.0,0.0,0.0
C3_2023,C3,2023,ha,"Eutrophication, freshwater",Pt,109.8,29.15,0.0,,,,4.5732e-06,1.96112e-05,1.2730799999999998e-05,1 kg N,1 kg P2O5,1 kg K2O,,,,nitrogen_N_singlescore_8.json,phosphorus_P2O5_singlescore_9.json,potassium_K2O_singlescore_10.json,0.0005021373599999999,0.00057166648,0.0,0.00107380384
C3_2023,C3,2023,ha,"Eutrophication, marine",Pt,109.8,29.15,0.0,,,,0.002243326,0.002318746,0.002428524,1 kg N,1 kg P2O5,1 kg K2O,,,,nitrogen_N_singlescore_8.json,phosphorus_P2O5_singlescore_9.json,potassium_K2O_singlescore_10.json,0.24631719479999997,0.06759144589999999,0.0,0.31390864069999996
C3_2023,C3,2023,ha,"Eutrophication, terrestrial",Pt,109.8,29.15,0.0,,,,1.58592573,0.34276347,0.38357631,1 kg N,1 kg P2O5,1 kg K2O,,,,nitrogen_N_singlescore_8.json,phosphorus_P2O5_singlescore_9.json,potassium_K2O_singlescore_10.json,174.134645154,9.9915551505,0.0,184.1262003045
C3_2023,C3,2023,ha,"Human toxicity, cancer",Pt,109.8,29.15,0.0,,,,4.3788000000000003e-16,2.0828e-15,1.4514e-15,1 kg N,1 kg P2O5,1 kg K2O,,,,nitrogen_N_singlescore_8.json,phosphorus_P2O5_singlescore_9.json,potassium_K2O_singlescore_10.json,4.8079224e-14,6.071361999999999e-14,0.0,1.08792844e-13
C3_2023,C3,2023,ha,"Human toxicity, cancer - inorganics",Pt,109.8,29.15,0.0,,,,0.0,0.0,0.0,1 kg N,1 kg P2O5,1 kg K2O,,,,nitrogen_N_singlescore_8.json,phosphorus_P2O5_singlescore_9.json,potassium_K2O_singlescore_10.json,0.0,0.0,0.0,0.0
C3_2023,C3,2023,ha,"Human toxicity, cancer - metals",Pt,109.8,29.15,0.0,,,,0.0,0.0,0.0,1 kg N,1 kg P2O5,1 kg K2O,,,,nitrogen_N_singlescore_8.json,phosphorus_P2O5_singlescore_9.json,potassium_K2O_singlescore_10.json,0.0,0.0,0.0,0.0
C3_2023,C3,2023,ha,"Human toxicity, cancer - organics",Pt,109.8,29.15,0.0,,,,0.0,0.0,0.0,1 kg N,1 kg P2O5,1 kg K2O,,,,nitrogen_N_singlescore_8.json,phosphorus_P2O5_singlescore_9.json,potassium_K2O_singlescore_10.json,0.0,0.0,0.0,0.0
C3_2023,C3,2023,ha,"Human toxicity, non-cancer",Pt,109.8,29.15,0.0,,,,1.748e-13,5.67226e-13,8.652599999999999e-13,1 kg N,1 kg P2O5,1 kg K2O,,,,nitrogen_N_singlescore_8.json,phosphorus_P2O5_singlescore_9.json,potassium_K2O_singlescore_10.json,1.919304e-11,1.65346379e-11,0.0,3.5727677899999996e-11
C3_2023,C3,2023,ha,"Human toxicity, non-cancer - inorganics",Pt,109.8,29.15,0.0,,,,0.0,0.0,0.0,1 kg N,1 kg P2O5,1 kg K2O,,,,nitrogen_N_singlescore_8.json,phosphorus_P2O5_singlescore_9.json,potassium_K2O_singlescore_10.json,0.0,0.0,0.0,0.0
C3_2023,C3,2023,ha,"Human toxicity, non-cancer - metals",Pt,109.8,29.15,0.0,,,,0.0,0.0,0.0,1 kg N,1 kg P2O5,1 kg K2O,,,,nitrogen_N_singlescore_8.json,phosphorus_P2O5_singlescore_9.json,potassium_K2O_singlescore_10.json,0.0,0.0,0.0,0.0
C3_2023,C3,2023,ha,"Human toxicity, non-cancer - organics",Pt,109.8,29.15,0.0,,,,0.0,0.0,0.0,1 kg N,1 kg P2O5,1 kg K2O,,,,nitrogen_N_singlescore_8.json,phosphorus_P2O5_singlescore_9.json,potassium_K2O_singlescore_10.json,0.0,0.0,0.0,0.0
C3_2023,C3,2023,ha,Ionising radiation,Pt,109.8,29.15,0.0,,,,21.066451,71.22199499999999,51.815903000000006,1 kg N,1 kg P2O5,1 kg K2O,,,,nitrogen_N_singlescore_8.json,phosphorus_P2O5_singlescore_9.json,potassium_K2O_singlescore_10.json,2313.0963198,2076.1211542499996,0.0,4389.2174740499995
C3_2023,C3,2023,ha,Land use,Pt,109.8,29.15,0.0,,,,254308.65899999999,3434320.02,2789874.0,1 kg N,1 kg P2O5,1 kg K2O,,,,nitrogen_N_singlescore_8.json,phosphorus_P2O5_singlescore_9.json,potassium_K2O_singlescore_10.json,27923090.758199997,100110428.58299999,0.0,128033519.3412
C3_2023,C3,2023,ha,Ozone depletion,Pt,109.8,29.15,0.0,,,,5.2984e-10,5.1356e-10,5.8312e-10,1 kg N,1 kg P2O5,1 kg K2O,,,,nitrogen_N_singlescore_8.json,phosphorus_P2O5_singlescore_9.json,potassium_K2O_singlescore_10.json,5.8176431999999996e-08,1.4970274e-08,0.0,7.314670599999999e-08
C3_2023,C3,2023,ha,Particulate matter,Pt,109.8,29.15,0.0,,,,2.56557e-11,1.5046200000000003e-11,1.45961e-11,1 kg N,1 kg P2O5,1 kg K2O,,,,nitrogen_N_singlescore_8.json,phosphorus_P2O5_singlescore_9.json,potassium_K2O_singlescore_10.json,2.81699586e-09,4.385967300000001e-10,0.0,3.25559259e-09
C3_2023,C3,2023,ha,Photochemical ozone formation,Pt,109.8,29.15,0.0,,,,0.00772702,0.015733399999999998,0.015512239999999998,1 kg N,1 kg P2O5,1 kg K2O,,,,nitrogen_N_singlescore_8.json,phosphorus_P2O5_singlescore_9.json,potassium_K2O_singlescore_10.json,0.848426796,0.45862860999999994,0.0,1.307055406
C3_2023,C3,2023,ha,"Resource use, fossils",Pt,109.8,29.15,0.0,,,,252626.08020000003,232942.92750000002,229857.6558,1 kg N,1 kg P2O5,1 kg K2O,,,,nitrogen_N_singlescore_8.json,phosphorus_P2O5_singlescore_9.json,potassium_K2O_singlescore_10.json,27738343.60596,6790286.336625,0.0,34528629.942585
C3_2023,C3,2023,ha,"Resource use, minerals and metals",Pt,109.8,29.15,0.0,,,,1.3007999999999998e-07,2.5872e-07,2.472e-07,1 kg N,1 kg P2O5,1 kg K2O,,,,nitrogen_N_singlescore_8.json,phosphorus_P2O5_singlescore_9.json,potassium_K2O_singlescore_10.json,1.4282783999999998e-05,7.541687999999999e-06,0.0,2.1824471999999998e-05
C3_2023,C3,2023,ha,Total,Pt,109.8,29.15,0.0,,,,519378.6717280199,3764220.789358167,3484059.454128132,1 kg N,1 kg P2O5,1 kg K2O,,,,nitrogen_N_singlescore_8.json,phosphorus_P2O5_singlescore_9.json,potassium_K2O_singlescore_10.json,57027778.15573658,109727036.00979055,0.0,166754814.16552714
C3_2023,C3,2023,ha,Water use,Pt,109.8,29.15,0.0,,,,210.37731,1554.109634,1161.545319,1 kg N,1 kg P2O5,1 kg K2O,,,,nitrogen_N_singlescore_8.json,phosphorus_P2O5_singlescore_9.json,potassium_K2O_singlescore_10.json,23099.428637999998,45302.2958311,0.0,68401.7244691
C3_2024,C3,2024,ha,Acidification,Pt,114.4,44.43,0.0,,,,0.19821624,0.09966368,0.06340608,1 kg N,1 kg P2O5,1 kg K2O,,,,nitrogen_N_singlescore_8.json,phosphorus_P2O5_singlescore_9.json,potassium_K2O_singlescore_10.json,22.675937856,4.4280573024,0.0,27.1039951584
C3_2024,C3,2024,ha,Climate change,Pt,114.4,44.43,0.0,,,,6645.07914,5038.05543,4986.658170000001,1 kg N,1 kg P2O5,1 kg K2O,,,,nitrogen_N_singlescore_8.json,phosphorus_P2O5_singlescore_9.json,potassium_K2O_singlescore_10.json,760197.053616,223840.8027549,0.0,984037.8563709001
C3_2024,C3,2024,ha,Climate change - Biogenic,Pt,114.4,44.43,0.0,,,,0.0,0.0,0.0,1 kg N,1 kg P2O5,1 kg K2O,,,,nitrogen_N_singlescore_8.json,phosphorus_P2O5_singlescore_9.json,potassium_K2O_singlescore_10.json,0.0,0.0,0.0,0.0
C3_2024,C3,2024,ha,Climate change - Fossil,Pt,114.4,44.43,0.0,,,,0.0,0.0,0.0,1 kg N,1 kg P2O5,1 kg K2O,,,,nitrogen_N_singlescore_8.json,phosphorus_P2O5_singlescore_9.json,potassium_K2O_singlescore_10.json,0.0,0.0,0.0,0.0
C3_2024,C3,2024,ha,Climate change - Land use and LU change,Pt,114.4,44.43,0.0,,,,0.0,0.0,0.0,1 kg N,1 kg P2O5,1 kg K2O,,,,nitrogen_N_singlescore_8.json,phosphorus_P2O5_singlescore_9.json,potassium_K2O_singlescore_10.json,0.0,0.0,0.0,0.0
C3_2024,C3,2024,ha,"Ecotoxicity, freshwater",Pt,114.4,44.43,0.0,,,,5565.61551,90293.99429999999,458127.314,1 kg N,1 kg P2O5,1 kg K2O,,,,nitrogen_N_singlescore_8.json,phosphorus_P2O5_singlescore_9.json,potassium_K2O_singlescore_10.json,636706.4143439999,4011762.1667489996,0.0,4648468.581092999
C3_2024,C3,2024,ha,"Ecotoxicity, freshwater - inorganics",Pt,114.4,44.43,0.0,,,,0.0,0.0,0.0,1 kg N,1 kg P2O5,1 kg K2O,,,,nitrogen_N_singlescore_8.json,phosphorus_P2O5_singlescore_9.json,potassium_K2O_singlescore_10.json,0.0,0.0,0.0,0.0
C3_2024,C3,2024,ha,"Ecotoxicity, freshwater - metals",Pt,114.4,44.43,0.0,,,,0.0,0.0,0.0,1 kg N,1 kg P2O5,1 kg K2O,,,,nitrogen_N_singlescore_8.json,phosphorus_P2O5_singlescore_9.json,potassium_K2O_singlescore_10.json,0.0,0.0,0.0,0.0
C3_2024,C3,2024,ha,"Ecotoxicity, freshwater - organics",Pt,114.4,44.43,0.0,,,,0.0,0.0,0.0,1 kg N,1 kg P2O5,1 kg K2O,,,,nitrogen_N_singlescore_8.json,phosphorus_P2O5_singlescore_9.json,potassium_K2O_singlescore_10.json,0.0,0.0,0.0,0.0
C3_2024,C3,2024,ha,"Eutrophication, freshwater",Pt,114.4,44.43,0.0,,,,4.5732e-06,1.96112e-05,1.2730799999999998e-05,1 kg N,1 kg P2O5,1 kg K2O,,,,nitrogen_N_singlescore_8.json,phosphorus_P2O5_singlescore_9.json,potassium_K2O_singlescore_10.json,0.00052317408,0.000871325616,0.0,0.0013944996959999998
C3_2024,C3,2024,ha,"Eutrophication, marine",Pt,114.4,44.43,0.0,,,,0.002243326,0.002318746,0.002428524,1 kg N,1 kg P2O5,1 kg K2O,,,,nitrogen_N_singlescore_8.json,phosphorus_P2O5_singlescore_9.json,potassium_K2O_singlescore_10.json,0.2566364944,0.10302188478,0.0,0.35965837918000004
C3_2024,C3,2024,ha,"Eutrophication, terrestrial",Pt,114.4,44.43,0.0,,,,1.58592573,0.34276347,0.38357631,1 kg N,1 kg P2O5,1 kg K2O,,,,nitrogen_N_singlescore_8.json,phosphorus_P2O5_singlescore_9.json,potassium_K2O_singlescore_10.json,181.429903512,15.2289809721,0.0,196.6588844841
C3_2024,C3,2024,ha,"Human toxicity, cancer",Pt,114.4,44.43,0.0,,,,4.3788000000000003e-16,2.0828e-15,1.4514e-15,1 kg N,1 kg P2O5,1 kg K2O,,,,nitrogen_N_singlescore_8.json,phosphorus_P2O5_singlescore_9.json,potassium_K2O_singlescore_10.json,5.0093472000000004e-14,9.253880399999999e-14,0.0,1.42632276e-13
C3_2024,C3,2024,ha,"Human toxicity, cancer - inorganics",Pt,114.4,44.43,0.0,,,,0.0,0.0,0.0,1 kg N,1 kg P2O5,1 kg K2O,,,,nitrogen_N_singlescore_8.json,phosphorus_P2O5_singlescore_9.json,potassium_K2O_singlescore_10.json,0.0,0.0,0.0,0.0
C3_2024,C3,2024,ha,"Human toxicity, cancer - metals",Pt,114.4,44.43,0.0,,,,0.0,0.0,0.0,1 kg N,1 kg P2O5,1 kg K2O,,,,nitrogen_N_singlescore_8.json,phosphorus_P2O5_singlescore_9.json,potassium_K2O_singlescore_10.json,0.0,0.0,0.0,0.0
C3_2024,C3,2024,ha,"Human toxicity, cancer - organics",Pt,114.4,44.43,0.0,,,,0.0,0.0,0.0,1 kg N,1 kg P2O5,1 kg K2O,,,,nitrogen_N_singlescore_8.json,phosphorus_P2O5_singlescore_9.json,potassium_K2O_singlescore_10.json,0.0,0.0,0.0,0.0
C3_2024,C3,2024,ha,"Human toxicity, non-cancer",Pt,114.4,44.43,0.0,,,,1.748e-13,5.67226e-13,8.652599999999999e-13,1 kg N,1 kg P2O5,1 kg K2O,,,,nitrogen_N_singlescore_8.json,phosphorus_P2O5_singlescore_9.json,potassium_K2O_singlescore_10.json,1.999712e-11,2.520185118e-11,0.0,4.519897118e-11
C3_2024,C3,2024,ha,"Human toxicity, non-cancer - inorganics",Pt,114.4,44.43,0.0,,,,0.0,0.0,0.0,1 kg N,1 kg P2O5,1 kg K2O,,,,nitrogen_N_singlescore_8.json,phosphorus_P2O5_singlescore_9.json,potassium_K2O_singlescore_10.json,0.0,0.0,0.0,0.0
C3_2024,C3,2024,ha,"Human toxicity, non-cancer - metals",Pt,114.4,44.43,0.0,,,,0.0,0.0,0.0,1 kg N,1 kg P2O5,1 kg K2O,,,,nitrogen_N_singlescore_8.json,phosphorus_P2O5_singlescore_9.json,potassium_K2O_singlescore_10.json,0.0,0.0,0.0,0.0
C3_2024,C3,2024,ha,"Human toxicity, non-cancer - organics",Pt,114.4,44.43,0.0,,,,0.0,0.0,0.0,1 kg N,1 kg P2O5,1 kg K2O,,,,nitrogen_N_singlescore_8.json,phosphorus_P2O5_singlescore_9.json,potassium_K2O_singlescore_10.json,0.0,0.0,0.0,0.0
C3_2024,C3,2024,ha,Ionising radiation,Pt,114.4,44.43,0.0,,,,21.066451,71.22199499999999,51.815903000000006,1 kg N,1 kg P2O5,1 kg K2O,,,,nitrogen_N_singlescore_8.json,phosphorus_P2O5_singlescore_9.json,potassium_K2O_singlescore_10.json,2410.0019944,3164.39323785,0.0,5574.39523225
C3_2024,C3,2024,ha,Land use,Pt,114.4,44.43,0.0,,,,254308.65899999999,3434320.02,2789874.0,1 kg N,1 kg P2O5,1 kg K2O,,,,nitrogen_N_singlescore_8.json,phosphorus_P2O5_singlescore_9.json,potassium_K2O_singlescore_10.json,29092910.5896,152586838.4886,0.0,181679749.07819998
C3_2024,C3,2024,ha,Ozone depletion,Pt,114.4,44.43,0.0,,,,5.2984e-10,5.1356e-10,5.8312e-10,1 kg N,1 kg P2O5,1 kg K2O,,,,nitrogen_N_singlescore_8.json,phosphorus_P2O5_singlescore_9.json,potassium_K2O_singlescore_10.json,6.0613696e-08,2.2817470800000003e-08,0.0,8.343116680000001e-08
C3_2024,C3,2024,ha,Particulate matter,Pt,114.4,44.43,0.0,,,,2.56557e-11,1.5046200000000003e-11,1.45961e-11,1 kg N,1 kg P2O5,1 kg K2O,,,,nitrogen_N_singlescore_8.json,phosphorus_P2O5_singlescore_9.json,potassium_K2O_singlescore_10.json,2.9350120800000004e-09,6.685026660000001e-10,0.0,3.6035147460000006e-09
C3_2024,C3,2024,ha,Photochemical ozone formation,Pt,114.4,44.43,0.0,,,,0.00772702,0.015733399999999998,0.015512239999999998,1 kg N,1 kg P2O5,1 kg K2O,,,,nitrogen_N_singlescore_8.json,phosphorus_P2O5_singlescore_9.json,potassium_K2O_singlescore_10.json,0.8839710880000001,0.6990349619999999,0.0,1.58300605
C3_2024,C3,2024,ha,"Resource use, fossils",Pt,114.4,44.43,0.0,,,,252626.08020000003,232942.92750000002,229857.6558,1 kg N,1 kg P2O5,1 kg K2O,,,,nitrogen_N_singlescore_8.json,phosphorus_P2O5_singlescore_9.json,potassium_K2O_singlescore_10.json,28900423.574880004,10349654.268825,0.0,39250077.843705006
C3_2024,C3,2024,ha,"Resource use, minerals and metals",Pt,114.4,44.43,0.0,,,,1.3007999999999998e-07,2.5872e-07,2.472e-07,1 kg N,1 kg P2O5,1 kg K2O,,,,nitrogen_N_singlescore_8.json,phosphorus_P2O5_singlescore_9.json,potassium_K2O_singlescore_10.json,1.4881152e-05,1.14949296e-05,0.0,2.6376081599999997e-05
C3_2024,C3,2024,ha,Total,Pt,114.4,44.43,0.0,,,,519378.6717280199,3764220.789358167,3484059.454128132,1 kg N,1 kg P2O5,1 kg K2O,,,,nitrogen_N_singlescore_8.json,phosphorus_P2O5_singlescore_9.json,potassium_K2O_singlescore_10.json,59416920.04568548,167244329.67118335,0.0,226661249.71686882
C3_2024,C3,2024,ha,Water use,Pt,114.4,44.43,0.0,,,,210.37731,1554.109634,1161.545319,1 kg N,1 kg P2O5,1 kg K2O,,,,nitrogen_N_singlescore_8.json,phosphorus_P2O5_singlescore_9.json,potassium_K2O_singlescore_10.json,24067.164264,69049.09103862,0.0,93116.25530262
C4_2022,C4,2022,ha,Acidification,Pt,102.79,39.0,39.0,,,,0.19821624,0.09966368,0.06340608,1 kg N,1 kg P2O5,1 kg K2O,,,,nitrogen_N_singlescore_8.json,phosphorus_P2O5_singlescore_9.json,potassium_K2O_singlescore_10.json,20.3746473096,3.88688352,2.4728371200000003,26.734367949600003
C4_2022,C4,2022,ha,Climate change,Pt,102.79,39.0,39.0,,,,6645.07914,5038.05543,4986.658170000001,1 kg N,1 kg P2O5,1 kg K2O,,,,nitrogen_N_singlescore_8.json,phosphorus_P2O5_singlescore_9.json,potassium_K2O_singlescore_10.json,683047.6848006,196484.16177,194479.66863000003,1074011.5152006
C4_2022,C4,2022,ha,Climate change - Biogenic,Pt,102.79,39.0,39.0,,,,0.0,0.0,0.0,1 kg N,1 kg P2O5,1 kg K2O,,,,nitrogen_N_singlescore_8.json,phosphorus_P2O5_singlescore_9.json,potassium_K2O_singlescore_10.json,0.0,0.0,0.0,0.0
C4_2022,C4,2022,ha,Climate change - Fossil,Pt,102.79,39.0,39.0,,,,0.0,0.0,0.0,1 kg N,1 kg P2O5,1 kg K2O,,,,nitrogen_N_singlescore_8.json,phosphorus_P2O5_singlescore_9.json,potassium_K2O_singlescore_10.json,0.0,0.0,0.0,0.0
C4_2022,C4,2022,ha,Climate change - Land use and LU change,Pt,102.79,39.0,39.0,,,,0.0,0.0,0.0,1 kg N,1 kg P2O5,1 kg K2O,,,,nitrogen_N_singlescore_8.json,phosphorus_P2O5_singlescore_9.json,potassium_K2O_singlescore_10.json,0.0,0.0,0.0,0.0
C4_2022,C4,2022,ha,"Ecotoxicity, freshwater",Pt,102.79,39.0,39.0,,,,5565.61551,90293.99429999999,458127.314,1 kg N,1 kg P2O5,1 kg K2O,,,,nitrogen_N_singlescore_8.json,phosphorus_P2O5_singlescore_9.json,potassium_K2O_singlescore_10.json,572089.6182729,3521465.7776999995,17866965.246,21960520.6419729
C4_2022,C4,2022,ha,"Ecotoxicity, freshwater - inorganics",Pt,102.79,39.0,39.0,,,,0.0,0.0,0.0,1 kg N,1 kg P2O5,1 kg K2O,,,,nitrogen_N_singlescore_8.json,phosphorus_P2O5_singlescore_9.json,potassium_K2O_singlescore_10.json,0.0,0.0,0.0,0.0
C4_2022,C4,2022,ha,"Ecotoxicity, freshwater - metals",Pt,102.79,39.0,39.0,,,,0.0,0.0,0.0,1 kg N,1 kg P2O5,1 kg K2O,,,,nitrogen_N_singlescore_8.json,phosphorus_P2O5_singlescore_9.json,potassium_K2O_singlescore_10.json,0.0,0.0,0.0,0.0
C4_2022,C4,2022,ha,"Ecotoxicity, freshwater - organics",Pt,102.79,39.0,39.0,,,,0.0,0.0,0.0,1 kg N,1 kg P2O5,1 kg K2O,,,,nitrogen_N_singlescore_8.json,phosphorus_P2O5_singlescore_9.json,potassium_K2O_singlescore_10.json,0.0,0.0,0.0,0.0
C4_2022,C4,2022,ha,"Eutrophication, freshwater",Pt,102.79,39.0,39.0,,,,4.5732e-06,1.96112e-05,1.2730799999999998e-05,1 kg N,1 kg P2O5,1 kg K2O,,,,nitrogen_N_singlescore_8.json,phosphorus_P2O5_singlescore_9.json,potassium_K2O_singlescore_10.json,0.000470079228,0.0007648368,0.0004965012,0.001731417228
C4_2022,C4,2022,ha,"Eutrophication, marine",Pt,102.79,39.0,39.0,,,,0.002243326,0.002318746,0.002428524,1 kg N,1 kg P2O5,1 kg K2O,,,,nitrogen_N_singlescore_8.json,phosphorus_P2O5_singlescore_9.json,potassium_K2O_singlescore_10.json,0.23059147954,0.090431094,0.094712436,0.41573500954000003
C4_2022,C4,2022,ha,"Eutrophication, terrestrial",Pt,102.79,39.0,39.0,,,,1.58592573,0.34276347,0.38357631,1 kg N,1 kg P2O5,1 kg K2O,,,,nitrogen_N_singlescore_8.json,phosphorus_P2O5_singlescore_9.json,potassium_K2O_singlescore_10.json,163.0173057867,13.36777533,14.959476089999999,191.34455720670002
C4_2022,C4,2022,ha,"Human toxicity, cancer",Pt,102.79,39.0,39.0,,,,4.3788000000000003e-16,2.0828e-15,1.4514e-15,1 kg N,1 kg P2O5,1 kg K2O,,,,nitrogen_N_singlescore_8.json,phosphorus_P2O5_singlescore_9.json,potassium_K2O_singlescore_10.json,4.500968520000001e-14,8.122919999999999e-14,5.6604600000000005e-14,1.8284348520000002e-13
C4_2022,C4,2022,ha,"Human toxicity, cancer - inorganics",Pt,102.79,39.0,39.0,,,,0.0,0.0,0.0,1 kg N,1 kg P2O5,1 kg K2O,,,,nitrogen_N_singlescore_8.json,phosphorus_P2O5_singlescore_9.json,potassium_K2O_singlescore_10.json,0.0,0.0,0.0,0.0
C4_2022,C4,2022,ha,"Human toxicity, cancer - metals",Pt,102.79,39.0,39.0,,,,0.0,0.0,0.0,1 kg N,1 kg P2O5,1 kg K2O,,,,nitrogen_N_singlescore_8.json,phosphorus_P2O5_singlescore_9.json,potassium_K2O_singlescore_10.json,0.0,0.0,0.0,0.0
C4_2022,C4,2022,ha,"Human toxicity, cancer - organics",Pt,102.79,39.0,39.0,,,,0.0,0.0,0.0,1 kg N,1 kg P2O5,1 kg K2O,,,,nitrogen_N_singlescore_8.json,phosphorus_P2O5_singlescore_9.json,potassium_K2O_singlescore_10.json,0.0,0.0,0.0,0.0
C4_2022,C4,2022,ha,"Human toxicity, non-cancer",Pt,102.79,39.0,39.0,,,,1.748e-13,5.67226e-13,8.652599999999999e-13,1 kg N,1 kg P2O5,1 kg K2O,,,,nitrogen_N_singlescore_8.json,phosphorus_P2O5_singlescore_9.json,potassium_K2O_singlescore_10.json,1.7967692e-11,2.2121814e-11,3.374514e-11,7.3834646e-11
C4_2022,C4,2022,ha,"Human toxicity, non-cancer - inorganics",Pt,102.79,39.0,39.0,,,,0.0,0.0,0.0,1 kg N,1 kg P2O5,1 kg K2O,,,,nitrogen_N_singlescore_8.json,phosphorus_P2O5_singlescore_9.json,potassium_K2O_singlescore_10.json,0.0,0.0,0.0,0.0
C4_2022,C4,2022,ha,"Human toxicity, non-cancer - metals",Pt,102.79,39.0,39.0,,,,0.0,0.0,0.0,1 kg N,1 kg P2O5,1 kg K2O,,,,nitrogen_N_singlescore_8.json,phosphorus_P2O5_singlescore_9.json,potassium_K2O_singlescore_10.json,0.0,0.0,0.0,0.0
C4_2022,C4,2022,ha,"Human toxicity, non-cancer - organics",Pt,102.79,39.0,39.0,,,,0.0,0.0,0.0,1 kg N,1 kg P2O5,1 kg K2O,,,,nitrogen_N_singlescore_8.json,phosphorus_P2O5_singlescore_9.json,potassium_K2O_singlescore_10.json,0.0,0.0,0.0,0.0
C4_2022,C4,2022,ha,Ionising radiation,Pt,102.79,39.0,39.0,,,,21.066451,71.22199499999999,51.815903000000006,1 kg N,1 kg P2O5,1 kg K2O,,,,nitrogen_N_singlescore_8.json,phosphorus_P2O5_singlescore_9.json,potassium_K2O_singlescore_10.json,2165.42049829,2777.657805,2020.8202170000002,6963.89852029
C4_2022,C4,2022,ha,Land use,Pt,102.79,39.0,39.0,,,,254308.65899999999,3434320.02,2789874.0,1 kg N,1 kg P2O5,1 kg K2O,,,,nitrogen_N_singlescore_8.json,phosphorus_P2O5_singlescore_9.json,potassium_K2O_singlescore_10.json,26140387.05861,133938480.78,108805086.0,268883953.83861
C4_2022,C4,2022,ha,Ozone depletion,Pt,102.79,39.0,39.0,,,,5.2984e-10,5.1356e-10,5.8312e-10,1 kg N,1 kg P2O5,1 kg K2O,,,,nitrogen_N_singlescore_8.json,phosphorus_P2O5_singlescore_9.json,potassium_K2O_singlescore_10.json,5.44622536e-08,2.0028840000000002e-08,2.2741680000000003e-08,9.72327736e-08
C4_2022,C4,2022,ha,Particulate matter,Pt,102.79,39.0,39.0,,,,2.56557e-11,1.5046200000000003e-11,1.45961e-11,1 kg N,1 kg P2O5,1 kg K2O,,,,nitrogen_N_singlescore_8.json,phosphorus_P2O5_singlescore_9.json,potassium_K2O_singlescore_10.json,2.6371494030000004e-09,5.868018000000001e-10,5.692479e-10,3.793199103000001e-09
C4_2022,C4,2022,ha,Photochemical ozone formation,Pt,102.79,39.0,39.0,,,,0.00772702,0.015733399999999998,0.015512239999999998,1 kg N,1 kg P2O5,1 kg K2O,,,,nitrogen_N_singlescore_8.json,phosphorus_P2O5_singlescore_9.json,potassium_K2O_singlescore_10.json,0.7942603858,0.6136025999999999,0.6049773599999999,2.0128403458
C4_2022,C4,2022,ha,"Resource use, fossils",Pt,102.79,39.0,39.0,,,,252626.08020000003,232942.92750000002,229857.6558,1 kg N,1 kg P2O5,1 kg K2O,,,,nitrogen_N_singlescore_8.json,phosphorus_P2O5_singlescore_9.json,potassium_K2O_singlescore_10.json,25967434.783758003,9084774.172500001,8964448.576200001,44016657.53245801
C4_2022,C4,2022,ha,"Resource use, minerals and metals",Pt,102.79,39.0,39.0,,,,1.3007999999999998e-07,2.5872e-07,2.472e-07,1 kg N,1 kg P2O5,1 kg K2O,,,,nitrogen_N_singlescore_8.json,phosphorus_P2O5_singlescore_9.json,potassium_K2O_singlescore_10.json,1.3370923199999999e-05,1.0090079999999999e-05,9.6408e-06,3.3101803199999993e-05
C4_2022,C4,2022,ha,Total,Pt,102.79,39.0,39.0,,,,519378.6717280199,3764220.789358167,3484059.454128132,1 kg N,1 kg P2O5,1 kg K2O,,,,nitrogen_N_singlescore_8.json,phosphorus_P2O5_singlescore_9.json,potassium_K2O_singlescore_10.json,53386933.666923165,146804610.78496853,135878318.71099716,336069863.1628889
C4_2022,C4,2022,ha,Water use,Pt,102.79,39.0,39.0,,,,210.37731,1554.109634,1161.545319,1 kg N,1 kg P2O5,1 kg K2O,,,,nitrogen_N_singlescore_8.json,phosphorus_P2O5_singlescore_9.json,potassium_K2O_singlescore_10.json,21624.6836949,60610.275726,45300.267441,127535.22686190001
C4_2023,C4,2023,ha,Acidification,Pt,146.48,30.0,0.0,,,,0.19821624,0.09966368,0.06340608,1 kg N,1 kg P2O5,1 kg K2O,,,,nitrogen_N_singlescore_8.json,phosphorus_P2O5_singlescore_9.json,potassium_K2O_singlescore_10.json,29.034714835199996,2.9899104000000003,0.0,32.0246252352
C4_2023,C4,2023,ha,Climate change,Pt,146.48,30.0,0.0,,,,6645.07914,5038.05543,4986.658170000001,1 kg N,1 kg P2O5,1 kg K2O,,,,nitrogen_N_singlescore_8.json,phosphorus_P2O5_singlescore_9.json,potassium_K2O_singlescore_10.json,973371.1924271999,151141.6629,0.0,1124512.8553272
C4_2023,C4,2023,ha,Climate change - Biogenic,Pt,146.48,30.0,0.0,,,,0.0,0.0,0.0,1 kg N,1 kg P2O5,1 kg K2O,,,,nitrogen_N_singlescore_8.json,phosphorus_P2O5_singlescore_9.json,potassium_K2O_singlescore_10.json,0.0,0.0,0.0,0.0
C4_2023,C4,2023,ha,Climate change - Fossil,Pt,146.48,30.0,0.0,,,,0.0,0.0,0.0,1 kg N,1 kg P2O5,1 kg K2O,,,,nitrogen_N_singlescore_8.json,phosphorus_P2O5_singlescore_9.json,potassium_K2O_singlescore_10.json,0.0,0.0,0.0,0.0
C4_2023,C4,2023,ha,Climate change - Land use and LU change,Pt,146.48,30.0,0.0,,,,0.0,0.0,0.0,1 kg N,1 kg P2O5,1 kg K2O,,,,nitrogen_N_singlescore_8.json,phosphorus_P2O5_singlescore_9.json,potassium_K2O_singlescore_10.json,0.0,0.0,0.0,0.0
C4_2023,C4,2023,ha,"Ecotoxicity, freshwater",Pt,146.48,30.0,0.0,,,,5565.61551,90293.99429999999,458127.314,1 kg N,1 kg P2O5,1 kg K2O,,,,nitrogen_N_singlescore_8.json,phosphorus_P2O5_singlescore_9.json,potassium_K2O_singlescore_10.json,815251.3599047998,2708819.829,0.0,3524071.1889047995
C4_2023,C4,2023,ha,"Ecotoxicity, freshwater - inorganics",Pt,146.48,30.0,0.0,,,,0.0,0.0,0.0,1 kg N,1 kg P2O5,1 kg K2O,,,,nitrogen_N_singlescore_8.json,phosphorus_P2O5_singlescore_9.json,potassium_K2O_singlescore_10.json,0.0,0.0,0.0,0.0
C4_2023,C4,2023,ha,"Ecotoxicity, freshwater - metals",Pt,146.48,30.0,0.0,,,,0.0,0.0,0.0,1 kg N,1 kg P2O5,1 kg K2O,,,,nitrogen_N_singlescore_8.json,phosphorus_P2O5_singlescore_9.json,potassium_K2O_singlescore_10.json,0.0,0.0,0.0,0.0
C4_2023,C4,2023,ha,"Ecotoxicity, freshwater - organics",Pt,146.48,30.0,0.0,,,,0.0,0.0,0.0,1 kg N,1 kg P2O5,1 kg K2O,,,,nitrogen_N_singlescore_8.json,phosphorus_P2O5_singlescore_9.json,potassium_K2O_singlescore_10.json,0.0,0.0,0.0,0.0
C4_2023,C4,2023,ha,"Eutrophication, freshwater",Pt,146.48,30.0,0.0,,,,4.5732e-06,1.96112e-05,1.2730799999999998e-05,1 kg N,1 kg P2O5,1 kg K2O,,,,nitrogen_N_singlescore_8.json,phosphorus_P2O5_singlescore_9.json,potassium_K2O_singlescore_10.json,0.0006698823359999999,0.000588336,0.0,0.0012582183359999997
C4_2023,C4,2023,ha,"Eutrophication, marine",Pt,146.48,30.0,0.0,,,,0.002243326,0.002318746,0.002428524,1 kg N,1 kg P2O5,1 kg K2O,,,,nitrogen_N_singlescore_8.json,phosphorus_P2O5_singlescore_9.json,potassium_K2O_singlescore_10.json,0.32860239247999995,0.06956238000000001,0.0,0.39816477247999993
C4_2023,C4,2023,ha,"Eutrophication, terrestrial",Pt,146.48,30.0,0.0,,,,1.58592573,0.34276347,0.38357631,1 kg N,1 kg P2O5,1 kg K2O,,,,nitrogen_N_singlescore_8.json,phosphorus_P2O5_singlescore_9.json,potassium_K2O_singlescore_10.json,232.3064009304,10.2829041,0.0,242.5893050304
C4_2023,C4,2023,ha,"Human toxicity, cancer",Pt,146.48,30.0,0.0,,,,4.3788000000000003e-16,2.0828e-15,1.4514e-15,1 kg N,1 kg P2O5,1 kg K2O,,,,nitrogen_N_singlescore_8.json,phosphorus_P2O5_singlescore_9.json,potassium_K2O_singlescore_10.json,6.41406624e-14,6.248399999999999e-14,0.0,1.266246624e-13
C4_2023,C4,2023,ha,"Human toxicity, cancer - inorganics",Pt,146.48,30.0,0.0,,,,0.0,0.0,0.0,1 kg N,1 kg P2O5,1 kg K2O,,,,nitrogen_N_singlescore_8.json,phosphorus_P2O5_singlescore_9.json,potassium_K2O_singlescore_10.json,0.0,0.0,0.0,0.0
C4_2023,C4,2023,ha,"Human toxicity, cancer - metals",Pt,146.48,30.0,0.0,,,,0.0,0.0,0.0,1 kg N,1 kg P2O5,1 kg K2O,,,,nitrogen_N_singlescore_8.json,phosphorus_P2O5_singlescore_9.json,potassium_K2O_singlescore_10.json,0.0,0.0,0.0,0.0
C4_2023,C4,2023,ha,"Human toxicity, cancer - organics",Pt,146.48,30.0,0.0,,,,0.0,0.0,0.0,1 kg N,1 kg P2O5,1 kg K2O,,,,nitrogen_N_singlescore_8.json,phosphorus_P2O5_singlescore_9.json,potassium_K2O_singlescore_10.json,0.0,0.0,0.0,0.0
C4_2023,C4,2023,ha,"Human toxicity, non-cancer",Pt,146.48,30.0,0.0,,,,1.748e-13,5.67226e-13,8.652599999999999e-13,1 kg N,1 kg P2O5,1 kg K2O,,,,nitrogen_N_singlescore_8.json,phosphorus_P2O5_singlescore_9.json,potassium_K2O_singlescore_10.json,2.5604704e-11,1.701678e-11,0.0,4.2621483999999994e-11
C4_2023,C4,2023,ha,"Human toxicity, non-cancer - inorganics",Pt,146.48,30.0,0.0,,,,0.0,0.0,0.0,1 kg N,1 kg P2O5,1 kg K2O,,,,nitrogen_N_singlescore_8.json,phosphorus_P2O5_singlescore_9.json,potassium_K2O_singlescore_10.json,0.0,0.0,0.0,0.0
C4_2023,C4,2023,ha,"Human toxicity, non-cancer - metals",Pt,146.48,30.0,0.0,,,,0.0,0.0,0.0,1 kg N,1 kg P2O5,1 kg K2O,,,,nitrogen_N_singlescore_8.json,phosphorus_P2O5_singlescore_9.json,potassium_K2O_singlescore_10.json,0.0,0.0,0.0,0.0
C4_2023,C4,2023,ha,"Human toxicity, non-cancer - organics",Pt,146.48,30.0,0.0,,,,0.0,0.0,0.0,1 kg N,1 kg P2O5,1 kg K2O,,,,nitrogen_N_singlescore_8.json,phosphorus_P2O5_singlescore_9.json,potassium_K2O_singlescore_10.json,0.0,0.0,0.0,0.0
C4_2023,C4,2023,ha,Ionising radiation,Pt,146.48,30.0,0.0,,,,21.066451,71.22199499999999,51.815903000000006,1 kg N,1 kg P2O5,1 kg K2O,,,,nitrogen_N_singlescore_8.json,phosphorus_P2O5_singlescore_9.json,potassium_K2O_singlescore_10.json,3085.8137424799997,2136.65985,0.0,5222.47359248
C4_2023,C4,2023,ha,Land use,Pt,146.48,30.0,0.0,,,,254308.65899999999,3434320.02,2789874.0,1 kg N,1 kg P2O5,1 kg K2O,,,,nitrogen_N_singlescore_8.json,phosphorus_P2O5_singlescore_9.json,potassium_K2O_singlescore_10.json,37251132.37031999,103029600.6,0.0,140280732.97032
C4_2023,C4,2023,ha,Ozone depletion,Pt,146.48,30.0,0.0,,,,5.2984e-10,5.1356e-10,5.8312e-10,1 kg N,1 kg P2O5,1 kg K2O,,,,nitrogen_N_singlescore_8.json,phosphorus_P2O5_singlescore_9.json,potassium_K2O_singlescore_10.json,7.76109632e-08,1.5406800000000003e-08,0.0,9.30177632e-08
C4_2023,C4,2023,ha,Particulate matter,Pt,146.48,30.0,0.0,,,,2.56557e-11,1.5046200000000003e-11,1.45961e-11,1 kg N,1 kg P2O5,1 kg K2O,,,,nitrogen_N_singlescore_8.json,phosphorus_P2O5_singlescore_9.json,potassium_K2O_singlescore_10.json,3.758046936e-09,4.513860000000001e-10,0.0,4.209432936e-09
C4_2023,C4,2023,ha,Photochemical ozone formation,Pt,146.48,30.0,0.0,,,,0.00772702,0.015733399999999998,0.015512239999999998,1 kg N,1 kg P2O5,1 kg K2O,,,,nitrogen_N_singlescore_8.json,phosphorus_P2O5_singlescore_9.json,potassium_K2O_singlescore_10.json,1.1318538895999999,0.4720019999999999,0.0,1.6038558895999997
C4_2023,C4,2023,ha,"Resource use, fossils",Pt,146.48,30.0,0.0,,,,252626.08020000003,232942.92750000002,229857.6558,1 kg N,1 kg P2O5,1 kg K2O,,,,nitrogen_N_singlescore_8.json,phosphorus_P2O5_singlescore_9.json,potassium_K2O_singlescore_10.json,37004668.227696,6988287.825,0.0,43992956.052696005
C4_2023,C4,2023,ha,"Resource use, minerals and metals",Pt,146.48,30.0,0.0,,,,1.3007999999999998e-07,2.5872e-07,2.472e-07,1 kg N,1 kg P2O5,1 kg K2O,,,,nitrogen_N_singlescore_8.json,phosphorus_P2O5_singlescore_9.json,potassium_K2O_singlescore_10.json,1.9054118399999997e-05,7.761599999999999e-06,0.0,2.6815718399999997e-05
C4_2023,C4,2023,ha,Total,Pt,146.48,30.0,0.0,,,,519378.6717280199,3764220.789358167,3484059.454128132,1 kg N,1 kg P2O5,1 kg K2O,,,,nitrogen_N_singlescore_8.json,phosphorus_P2O5_singlescore_9.json,potassium_K2O_singlescore_10.json,76078587.83472034,112926623.680745,0.0,189005211.51546535
C4_2023,C4,2023,ha,Water use,Pt,146.48,30.0,0.0,,,,210.37731,1554.109634,1161.545319,1 kg N,1 kg P2O5,1 kg K2O,,,,nitrogen_N_singlescore_8.json,phosphorus_P2O5_singlescore_9.json,potassium_K2O_singlescore_10.json,30816.068368799995,46623.28902,0.0,77439.3573888
C4_2024,C4,2024,ha,Acidification,Pt,116.0,70.0,0.0,,,,0.19821624,0.09966368,0.06340608,1 kg N,1 kg P2O5,1 kg K2O,,,,nitrogen_N_singlescore_8.json,phosphorus_P2O5_singlescore_9.json,potassium_K2O_singlescore_10.json,22.993083839999997,6.976457600000001,0.0,29.969541439999997
C4_2024,C4,2024,ha,Climate change,Pt,116.0,70.0,0.0,,,,6645.07914,5038.05543,4986.658170000001,1 kg N,1 kg P2O5,1 kg K2O,,,,nitrogen_N_singlescore_8.json,phosphorus_P2O5_singlescore_9.json,potassium_K2O_singlescore_10.json,770829.18024,352663.8801,0.0,1123493.06034
C4_2024,C4,2024,ha,Climate change - Biogenic,Pt,116.0,70.0,0.0,,,,0.0,0.0,0.0,1 kg N,1 kg P2O5,1 kg K2O,,,,nitrogen_N_singlescore_8.json,phosphorus_P2O5_singlescore_9.json,potassium_K2O_singlescore_10.json,0.0,0.0,0.0,0.0
C4_2024,C4,2024,ha,Climate change - Fossil,Pt,116.0,70.0,0.0,,,,0.0,0.0,0.0,1 kg N,1 kg P2O5,1 kg K2O,,,,nitrogen_N_singlescore_8.json,phosphorus_P2O5_singlescore_9.json,potassium_K2O_singlescore_10.json,0.0,0.0,0.0,0.0
C4_2024,C4,2024,ha,Climate change - Land use and LU change,Pt,116.0,70.0,0.0,,,,0.0,0.0,0.0,1 kg N,1 kg P2O5,1 kg K2O,,,,nitrogen_N_singlescore_8.json,phosphorus_P2O5_singlescore_9.json,potassium_K2O_singlescore_10.json,0.0,0.0,0.0,0.0
C4_2024,C4,2024,ha,"Ecotoxicity, freshwater",Pt,116.0,70.0,0.0,,,,5565.61551,90293.99429999999,458127.314,1 kg N,1 kg P2O5,1 kg K2O,,,,nitrogen_N_singlescore_8.json,phosphorus_P2O5_singlescore_9.json,potassium_K2O_singlescore_10.json,645611.3991599999,6320579.601,0.0,6966191.000159999
C4_2024,C4,2024,ha,"Ecotoxicity, freshwater - inorganics",Pt,116.0,70.0,0.0,,,,0.0,0.0,0.0,1 kg N,1 kg P2O5,1 kg K2O,,,,nitrogen_N_singlescore_8.json,phosphorus_P2O5_singlescore_9.json,potassium_K2O_singlescore_10.json,0.0,0.0,0.0,0.0
C4_2024,C4,2024,ha,"Ecotoxicity, freshwater - metals",Pt,116.0,70.0,0.0,,,,0.0,0.0,0.0,1 kg N,1 kg P2O5,1 kg K2O,,,,nitrogen_N_singlescore_8.json,phosphorus_P2O5_singlescore_9.json,potassium_K2O_singlescore_10.json,0.0,0.0,0.0,0.0
C4_2024,C4,2024,ha,"Ecotoxicity, freshwater - organics",Pt,116.0,70.0,0.0,,,,0.0,0.0,0.0,1 kg N,1 kg P2O5,1 kg K2O,,,,nitrogen_N_singlescore_8.json,phosphorus_P2O5_singlescore_9.json,potassium_K2O_singlescore_10.json,0.0,0.0,0.0,0.0
C4_2024,C4,2024,ha,"Eutrophication, freshwater",Pt,116.0,70.0,0.0,,,,4.5732e-06,1.96112e-05,1.2730799999999998e-05,1 kg N,1 kg P2O5,1 kg K2O,,,,nitrogen_N_singlescore_8.json,phosphorus_P2O5_singlescore_9.json,potassium_K2O_singlescore_10.json,0.0005304912,0.001372784,0.0,0.0019032752
C4_2024,C4,2024,ha,"Eutrophication, marine",Pt,116.0,70.0,0.0,,,,0.002243326,0.002318746,0.002428524,1 kg N,1 kg P2O5,1 kg K2O,,,,nitrogen_N_singlescore_8.json,phosphorus_P2O5_singlescore_9.json,potassium_K2O_singlescore_10.json,0.260225816,0.16231222,0.0,0.422538036
C4_2024,C4,2024,ha,"Eutrophication, terrestrial",Pt,116.0,70.0,0.0,,,,1.58592573,0.34276347,0.38357631,1 kg N,1 kg P2O5,1 kg K2O,,,,nitrogen_N_singlescore_8.json,phosphorus_P2O5_singlescore_9.json,potassium_K2O_singlescore_10.json,183.96738468,23.9934429,0.0,207.96082758
C4_2024,C4,2024,ha,"Human toxicity, cancer",Pt,116.0,70.0,0.0,,,,4.3788000000000003e-16,2.0828e-15,1.4514e-15,1 kg N,1 kg P2O5,1 kg K2O,,,,nitrogen_N_singlescore_8.json,phosphorus_P2O5_singlescore_9.json,potassium_K2O_singlescore_10.json,5.079408e-14,1.4579599999999998e-13,0.0,1.9659007999999998e-13
C4_2024,C4,2024,ha,"Human toxicity, cancer - inorganics",Pt,116.0,70.0,0.0,,,,0.0,0.0,0.0,1 kg N,1 kg P2O5,1 kg K2O,,,,nitrogen_N_singlescore_8.json,phosphorus_P2O5_singlescore_9.json,potassium_K2O_singlescore_10.json,0.0,0.0,0.0,0.0
C4_2024,C4,2024,ha,"Human toxicity, cancer - metals",Pt,116.0,70.0,0.0,,,,0.0,0.0,0.0,1 kg N,1 kg P2O5,1 kg K2O,,,,nitrogen_N_singlescore_8.json,phosphorus_P2O5_singlescore_9.json,potassium_K2O_singlescore_10.json,0.0,0.0,0.0,0.0
C4_2024,C4,2024,ha,"Human toxicity, cancer - organics",Pt,116.0,70.0,0.0,,,,0.0,0.0,0.0,1 kg N,1 kg P2O5,1 kg K2O,,,,nitrogen_N_singlescore_8.json,phosphorus_P2O5_singlescore_9.json,potassium_K2O_singlescore_10.json,0.0,0.0,0.0,0.0
C4_2024,C4,2024,ha,"Human toxicity, non-cancer",Pt,116.0,70.0,0.0,,,,1.748e-13,5.67226e-13,8.652599999999999e-13,1 kg N,1 kg P2O5,1 kg K2O,,,,nitrogen_N_singlescore_8.json,phosphorus_P2O5_singlescore_9.json,potassium_K2O_singlescore_10.json,2.02768e-11,3.970582e-11,0.0,5.998262e-11
C4_2024,C4,2024,ha,"Human toxicity, non-cancer - inorganics",Pt,116.0,70.0,0.0,,,,0.0,0.0,0.0,1 kg N,1 kg P2O5,1 kg K2O,,,,nitrogen_N_singlescore_8.json,phosphorus_P2O5_singlescore_9.json,potassium_K2O_singlescore_10.json,0.0,0.0,0.0,0.0
C4_2024,C4,2024,ha,"Human toxicity, non-cancer - metals",Pt,116.0,70.0,0.0,,,,0.0,0.0,0.0,1 kg N,1 kg P2O5,1 kg K2O,,,,nitrogen_N_singlescore_8.json,phosphorus_P2O5_singlescore_9.json,potassium_K2O_singlescore_10.json,0.0,0.0,0.0,0.0
C4_2024,C4,2024,ha,"Human toxicity, non-cancer - organics",Pt,116.0,70.0,0.0,,,,0.0,0.0,0.0,1 kg N,1 kg P2O5,1 kg K2O,,,,nitrogen_N_singlescore_8.json,phosphorus_P2O5_singlescore_9.json,potassium_K2O_singlescore_10.json,0.0,0.0,0.0,0.0
C4_2024,C4,2024,ha,Ionising radiation,Pt,116.0,70.0,0.0,,,,21.066451,71.22199499999999,51.815903000000006,1 kg N,1 kg P2O5,1 kg K2O,,,,nitrogen_N_singlescore_8.json,phosphorus_P2O5_singlescore_9.json,potassium_K2O_singlescore_10.json,2443.708316,4985.53965,0.0,7429.247966
C4_2024,C4,2024,ha,Land use,Pt,116.0,70.0,0.0,,,,254308.65899999999,3434320.02,2789874.0,1 kg N,1 kg P2O5,1 kg K2O,,,,nitrogen_N_singlescore_8.json,phosphorus_P2O5_singlescore_9.json,potassium_K2O_singlescore_10.json,29499804.444,240402401.4,0.0,269902205.844
C4_2024,C4,2024,ha,Ozone depletion,Pt,116.0,70.0,0.0,,,,5.2984e-10,5.1356e-10,5.8312e-10,1 kg N,1 kg P2O5,1 kg K2O,,,,nitrogen_N_singlescore_8.json,phosphorus_P2O5_singlescore_9.json,potassium_K2O_singlescore_10.json,6.146144e-08,3.5949200000000004e-08,0.0,9.741064000000002e-08
C4_2024,C4,2024,ha,Particulate matter,Pt,116.0,70.0,0.0,,,,2.56557e-11,1.5046200000000003e-11,1.45961e-11,1 kg N,1 kg P2O5,1 kg K2O,,,,nitrogen_N_singlescore_8.json,phosphorus_P2O5_singlescore_9.json,potassium_K2O_singlescore_10.json,2.9760612e-09,1.0532340000000001e-09,0.0,4.029295200000001e-09
C4_2024,C4,2024,ha,Photochemical ozone formation,Pt,116.0,70.0,0.0,,,,0.00772702,0.015733399999999998,0.015512239999999998,1 kg N,1 kg P2O5,1 kg K2O,,,,nitrogen_N_singlescore_8.json,phosphorus_P2O5_singlescore_9.json,potassium_K2O_singlescore_10.json,0.89633432,1.101338,0.0,1.99767232
C4_2024,C4,2024,ha,"Resource use, fossils",Pt,116.0,70.0,0.0,,,,252626.08020000003,232942.92750000002,229857.6558,1 kg N,1 kg P2O5,1 kg K2O,,,,nitrogen_N_singlescore_8.json,phosphorus_P2O5_singlescore_9.json,potassium_K2O_singlescore_10.json,29304625.303200003,16306004.925,0.0,45610630.2282
C4_2024,C4,2024,ha,"Resource use, minerals and metals",Pt,116.0,70.0,0.0,,,,1.3007999999999998e-07,2.5872e-07,2.472e-07,1 kg N,1 kg P2O5,1 kg K2O,,,,nitrogen_N_singlescore_8.json,phosphorus_P2O5_singlescore_9.json,potassium_K2O_singlescore_10.json,1.5089279999999998e-05,1.81104e-05,0.0,3.319968e-05
C4_2024,C4,2024,ha,Total,Pt,116.0,70.0,0.0,,,,519378.6717280199,3764220.789358167,3484059.454128132,1 kg N,1 kg P2O5,1 kg K2O,,,,nitrogen_N_singlescore_8.json,phosphorus_P2O5_singlescore_9.json,potassium_K2O_singlescore_10.json,60247925.92045031,263495455.2550717,0.0,323743381.175522
C4_2024,C4,2024,ha,Water use,Pt,116.0,70.0,0.0,,,,210.37731,1554.109634,1161.545319,1 kg N,1 kg P2O5,1 kg K2O,,,,nitrogen_N_singlescore_8.json,phosphorus_P2O5_singlescore_9.json,potassium_K2O_singlescore_10.json,24403.76796,108787.67438,0.0,133191.44234
C5_2022,C5,2022,ha,Acidification,Pt,80.24,20.0,0.0,,,,0.19821624,0.09966368,0.06340608,1 kg N,1 kg P2O5,1 kg K2O,,,,nitrogen_N_singlescore_8.json,phosphorus_P2O5_singlescore_9.json,potassium_K2O_singlescore_10.json,15.904871097599997,1.9932736000000002,0.0,17.898144697599996
C5_2022,C5,2022,ha,Climate change,Pt,80.24,20.0,0.0,,,,6645.07914,5038.05543,4986.658170000001,1 kg N,1 kg P2O5,1 kg K2O,,,,nitrogen_N_singlescore_8.json,phosphorus_P2O5_singlescore_9.json,potassium_K2O_singlescore_10.json,533201.1501936,100761.1086,0.0,633962.2587936
C5_2022,C5,2022,ha,Climate change - Biogenic,Pt,80.24,20.0,0.0,,,,0.0,0.0,0.0,1 kg N,1 kg P2O5,1 kg K2O,,,,nitrogen_N_singlescore_8.json,phosphorus_P2O5_singlescore_9.json,potassium_K2O_singlescore_10.json,0.0,0.0,0.0,0.0
C5_2022,C5,2022,ha,Climate change - Fossil,Pt,80.24,20.0,0.0,,,,0.0,0.0,0.0,1 kg N,1 kg P2O5,1 kg K2O,,,,nitrogen_N_singlescore_8.json,phosphorus_P2O5_singlescore_9.json,potassium_K2O_singlescore_10.json,0.0,0.0,0.0,0.0
C5_2022,C5,2022,ha,Climate change - Land use and LU change,Pt,80.24,20.0,0.0,,,,0.0,0.0,0.0,1 kg N,1 kg P2O5,1 kg K2O,,,,nitrogen_N_singlescore_8.json,phosphorus_P2O5_singlescore_9.json,potassium_K2O_singlescore_10.json,0.0,0.0,0.0,0.0
C5_2022,C5,2022,ha,"Ecotoxicity, freshwater",Pt,80.24,20.0,0.0,,,,5565.61551,90293.99429999999,458127.314,1 kg N,1 kg P2O5,1 kg K2O,,,,nitrogen_N_singlescore_8.json,phosphorus_P2O5_singlescore_9.json,potassium_K2O_singlescore_10.json,446584.9885223999,1805879.886,0.0,2252464.8745224
C5_2022,C5,2022,ha,"Ecotoxicity, freshwater - inorganics",Pt,80.24,20.0,0.0,,,,0.0,0.0,0.0,1 kg N,1 kg P2O5,1 kg K2O,,,,nitrogen_N_singlescore_8.json,phosphorus_P2O5_singlescore_9.json,potassium_K2O_singlescore_10.json,0.0,0.0,0.0,0.0
C5_2022,C5,2022,ha,"Ecotoxicity, freshwater - metals",Pt,80.24,20.0,0.0,,,,0.0,0.0,0.0,1 kg N,1 kg P2O5,1 kg K2O,,,,nitrogen_N_singlescore_8.json,phosphorus_P2O5_singlescore_9.json,potassium_K2O_singlescore_10.json,0.0,0.0,0.0,0.0
C5_2022,C5,2022,ha,"Ecotoxicity, freshwater - organics",Pt,80.24,20.0,0.0,,,,0.0,0.0,0.0,1 kg N,1 kg P2O5,1 kg K2O,,,,nitrogen_N_singlescore_8.json,phosphorus_P2O5_singlescore_9.json,potassium_K2O_singlescore_10.json,0.0,0.0,0.0,0.0
C5_2022,C5,2022,ha,"Eutrophication, freshwater",Pt,80.24,20.0,0.0,,,,4.5732e-06,1.96112e-05,1.2730799999999998e-05,1 kg N,1 kg P2O5,1 kg K2O,,,,nitrogen_N_singlescore_8.json,phosphorus_P2O5_singlescore_9.json,potassium_K2O_singlescore_10.json,0.00036695356799999995,0.000392224,0.0,0.0007591775679999999
C5_2022,C5,2022,ha,"Eutrophication, marine",Pt,80.24,20.0,0.0,,,,0.002243326,0.002318746,0.002428524,1 kg N,1 kg P2O5,1 kg K2O,,,,nitrogen_N_singlescore_8.json,phosphorus_P2O5_singlescore_9.json,potassium_K2O_singlescore_10.json,0.18000447824,0.04637492,0.0,0.22637939823999997
C5_2022,C5,2022,ha,"Eutrophication, terrestrial",Pt,80.24,20.0,0.0,,,,1.58592573,0.34276347,0.38357631,1 kg N,1 kg P2O5,1 kg K2O,,,,nitrogen_N_singlescore_8.json,phosphorus_P2O5_singlescore_9.json,potassium_K2O_singlescore_10.json,127.2546805752,6.8552694,0.0,134.1099499752
C5_2022,C5,2022,ha,"Human toxicity, cancer",Pt,80.24,20.0,0.0,,,,4.3788000000000003e-16,2.0828e-15,1.4514e-15,1 kg N,1 kg P2O5,1 kg K2O,,,,nitrogen_N_singlescore_8.json,phosphorus_P2O5_singlescore_9.json,potassium_K2O_singlescore_10.json,3.51354912e-14,4.1656e-14,0.0,7.67914912e-14
C5_2022,C5,2022,ha,"Human toxicity, cancer - inorganics",Pt,80.24,20.0,0.0,,,,0.0,0.0,0.0,1 kg N,1 kg P2O5,1 kg K2O,,,,nitrogen_N_singlescore_8.json,phosphorus_P2O5_singlescore_9.json,potassium_K2O_singlescore_10.json,0.0,0.0,0.0,0.0
C5_2022,C5,2022,ha,"Human toxicity, cancer - metals",Pt,80.24,20.0,0.0,,,,0.0,0.0,0.0,1 kg N,1 kg P2O5,1 kg K2O,,,,nitrogen_N_singlescore_8.json,phosphorus_P2O5_singlescore_9.json,potassium_K2O_singlescore_10.json,0.0,0.0,0.0,0.0
C5_2022,C5,2022,ha,"Human toxicity, cancer - organics",Pt,80.24,20.0,0.0,,,,0.0,0.0,0.0,1 kg N,1 kg P2O5,1 kg K2O,,,,nitrogen_N_singlescore_8.json,phosphorus_P2O5_singlescore_9.json,potassium_K2O_singlescore_10.json,0.0,0.0,0.0,0.0
C5_2022,C5,2022,ha,"Human toxicity, non-cancer",Pt,80.24,20.0,0.0,,,,1.748e-13,5.67226e-13,8.652599999999999e-13,1 kg N,1 kg P2O5,1 kg K2O,,,,nitrogen_N_singlescore_8.json,phosphorus_P2O5_singlescore_9.json,potassium_K2O_singlescore_10.json,1.4025951999999998e-11,1.134452e-11,0.0,2.5370472e-11
C5_2022,C5,2022,ha,"Human toxicity, non-cancer - inorganics",Pt,80.24,20.0,0.0,,,,0.0,0.0,0.0,1 kg N,1 kg P2O5,1 kg K2O,,,,nitrogen_N_singlescore_8.json,phosphorus_P2O5_singlescore_9.json,potassium_K2O_singlescore_10.json,0.0,0.0,0.0,0.0
C5_2022,C5,2022,ha,"Human toxicity, non-cancer - metals",Pt,80.24,20.0,0.0,,,,0.0,0.0,0.0,1 kg N,1 kg P2O5,1 kg K2O,,,,nitrogen_N_singlescore_8.json,phosphorus_P2O5_singlescore_9.json,potassium_K2O_singlescore_10.json,0.0,0.0,0.0,0.0
C5_2022,C5,2022,ha,"Human toxicity, non-cancer - organics",Pt,80.24,20.0,0.0,,,,0.0,0.0,0.0,1 kg N,1 kg P2O5,1 kg K2O,,,,nitrogen_N_singlescore_8.json,phosphorus_P2O5_singlescore_9.json,potassium_K2O_singlescore_10.json,0.0,0.0,0.0,0.0
C5_2022,C5,2022,ha,Ionising radiation,Pt,80.24,20.0,0.0,,,,21.066451,71.22199499999999,51.815903000000006,1 kg N,1 kg P2O5,1 kg K2O,,,,nitrogen_N_singlescore_8.json,phosphorus_P2O5_singlescore_9.json,potassium_K2O_singlescore_10.json,1690.37202824,1424.4398999999999,0.0,3114.81192824
C5_2022,C5,2022,ha,Land use,Pt,80.24,20.0,0.0,,,,254308.65899999999,3434320.02,2789874.0,1 kg N,1 kg P2O5,1 kg K2O,,,,nitrogen_N_singlescore_8.json,phosphorus_P2O5_singlescore_9.json,potassium_K2O_singlescore_10.json,20405726.798159998,68686400.4,0.0,89092127.19816001
C5_2022,C5,2022,ha,Ozone depletion,Pt,80.24,20.0,0.0,,,,5.2984e-10,5.1356e-10,5.8312e-10,1 kg N,1 kg P2O5,1 kg K2O,,,,nitrogen_N_singlescore_8.json,phosphorus_P2O5_singlescore_9.json,potassium_K2O_singlescore_10.json,4.2514361599999996e-08,1.02712e-08,0.0,5.27855616e-08
C5_2022,C5,2022,ha,Particulate matter,Pt,80.24,20.0,0.0,,,,2.56557e-11,1.5046200000000003e-11,1.45961e-11,1 kg N,1 kg P2O5,1 kg K2O,,,,nitrogen_N_singlescore_8.json,phosphorus_P2O5_singlescore_9.json,potassium_K2O_singlescore_10.json,2.058613368e-09,3.0092400000000007e-10,0.0,2.359537368e-09
C5_2022,C5,2022,ha,Photochemical ozone formation,Pt,80.24,20.0,0.0,,,,0.00772702,0.015733399999999998,0.015512239999999998,1 kg N,1 kg P2O5,1 kg K2O,,,,nitrogen_N_singlescore_8.json,phosphorus_P2O5_singlescore_9.json,potassium_K2O_singlescore_10.json,0.6200160848,0.31466799999999995,0.0,0.9346840848
C5_2022,C5,2022,ha,"Resource use, fossils",Pt,80.24,20.0,0.0,,,,252626.08020000003,232942.92750000002,229857.6558,1 kg N,1 kg P2O5,1 kg K2O,,,,nitrogen_N_singlescore_8.json,phosphorus_P2O5_singlescore_9.json,potassium_K2O_singlescore_10.json,20270716.675248,4658858.550000001,0.0,24929575.225248
C5_2022,C5,2022,ha,"Resource use, minerals and metals",Pt,80.24,20.0,0.0,,,,1.3007999999999998e-07,2.5872e-07,2.472e-07,1 kg N,1 kg P2O5,1 kg K2O,,,,nitrogen_N_singlescore_8.json,phosphorus_P2O5_singlescore_9.json,potassium_K2O_singlescore_10.json,1.0437619199999998e-05,5.174399999999999e-06,0.0,1.5612019199999997e-05
C5_2022,C5,2022,ha,Total,Pt,80.24,20.0,0.0,,,,519378.6717280199,3764220.789358167,3484059.454128132,1 kg N,1 kg P2O5,1 kg K2O,,,,nitrogen_N_singlescore_8.json,phosphorus_P2O5_singlescore_9.json,potassium_K2O_singlescore_10.json,41674944.61945631,75284415.78716335,0.0,116959360.40661967
C5_2022,C5,2022,ha,Water use,Pt,80.24,20.0,0.0,,,,210.37731,1554.109634,1161.545319,1 kg N,1 kg P2O5,1 kg K2O,,,,nitrogen_N_singlescore_8.json,phosphorus_P2O5_singlescore_9.json,potassium_K2O_singlescore_10.json,16880.6753544,31082.19268,0.0,47962.8680344
C5_2023,C5,2023,ha,Acidification,Pt,112.97,40.61,5.62,,,,0.19821624,0.09966368,0.06340608,1 kg N,1 kg P2O5,1 kg K2O,,,,nitrogen_N_singlescore_8.json,phosphorus_P2O5_singlescore_9.json,potassium_K2O_singlescore_10.json,22.3924886328,4.0473420448,0.35634216960000004,26.7961728472
C5_2023,C5,2023,ha,Climate change,Pt,112.97,40.61,5.62,,,,6645.07914,5038.05543,4986.658170000001,1 kg N,1 kg P2O5,1 kg K2O,,,,nitrogen_N_singlescore_8.json,phosphorus_P2O5_singlescore_9.json,potassium_K2O_singlescore_10.json,750694.5904458,204595.43101230002,28025.018915400004,983315.0403735001
C5_2023,C5,2023,ha,Climate change - Biogenic,Pt,112.97,40.61,5.62,,,,0.0,0.0,0.0,1 kg N,1 kg P2O5,1 kg K2O,,,,nitrogen_N_singlescore_8.json,phosphorus_P2O5_singlescore_9.json,potassium_K2O_singlescore_10.json,0.0,0.0,0.0,0.0
C5_2023,C5,2023,ha,Climate change - Fossil,Pt,112.97,40.61,5.62,,,,0.0,0.0,0.0,1 kg N,1 kg P2O5,1 kg K2O,,,,nitrogen_N_singlescore_8.json,phosphorus_P2O5_singlescore_9.json,potassium_K2O_singlescore_10.json,0.0,0.0,0.0,0.0
C5_2023,C5,2023,ha,Climate change - Land use and LU change,Pt,112.97,40.61,5.62,,,,0.0,0.0,0.0,1 kg N,1 kg P2O5,1 kg K2O,,,,nitrogen_N_singlescore_8.json,phosphorus_P2O5_singlescore_9.json,potassium_K2O_singlescore_10.json,0.0,0.0,0.0,0.0
C5_2023,C5,2023,ha,"Ecotoxicity, freshwater",Pt,112.97,40.61,5.62,,,,5565.61551,90293.99429999999,458127.314,1 kg N,1 kg P2O5,1 kg K2O,,,,nitrogen_N_singlescore_8.json,phosphorus_P2O5_singlescore_9.json,potassium_K2O_singlescore_10.json,628747.5841647,3666839.1085229996,2574675.5046800002,6870262.1973677
C5_2023,C5,2023,ha,"Ecotoxicity, freshwater - inorganics",Pt,112.97,40.61,5.62,,,,0.0,0.0,0.0,1 kg N,1 kg P2O5,1 kg K2O,,,,nitrogen_N_singlescore_8.json,phosphorus_P2O5_singlescore_9.json,potassium_K2O_singlescore_10.json,0.0,0.0,0.0,0.0
C5_2023,C5,2023,ha,"Ecotoxicity, freshwater - metals",Pt,112.97,40.61,5.62,,,,0.0,0.0,0.0,1 kg N,1 kg P2O5,1 kg K2O,,,,nitrogen_N_singlescore_8.json,phosphorus_P2O5_singlescore_9.json,potassium_K2O_singlescore_10.json,0.0,0.0,0.0,0.0
C5_2023,C5,2023,ha,"Ecotoxicity, freshwater - organics",Pt,112.97,40.61,5.62,,,,0.0,0.0,0.0,1 kg N,1 kg P2O5,1 kg K2O,,,,nitrogen_N_singlescore_8.json,phosphorus_P2O5_singlescore_9.json,potassium_K2O_singlescore_10.json,0.0,0.0,0.0,0.0
C5_2023,C5,2023,ha,"Eutrophication, freshwater",Pt,112.97,40.61,5.62,,,,4.5732e-06,1.96112e-05,1.2730799999999998e-05,1 kg N,1 kg P2O5,1 kg K2O,,,,nitrogen_N_singlescore_8.json,phosphorus_P2O5_singlescore_9.json,potassium_K2O_singlescore_10.json,0.000516634404,0.0007964108319999999,7.1547096e-05,0.001384592332
C5_2023,C5,2023,ha,"Eutrophication, marine",Pt,112.97,40.61,5.62,,,,0.002243326,0.002318746,0.002428524,1 kg N,1 kg P2O5,1 kg K2O,,,,nitrogen_N_singlescore_8.json,phosphorus_P2O5_singlescore_9.json,potassium_K2O_singlescore_10.json,0.25342853822,0.09416427506,0.01364830488,0.36124111816000004
C5_2023,C5,2023,ha,"Eutrophication, terrestrial",Pt,112.97,40.61,5.62,,,,1.58592573,0.34276347,0.38357631,1 kg N,1 kg P2O5,1 kg K2O,,,,nitrogen_N_singlescore_8.json,phosphorus_P2O5_singlescore_9.json,potassium_K2O_singlescore_10.json,179.1620297181,13.9196245167,2.1556988622,195.237353097
C5_2023,C5,2023,ha,"Human toxicity, cancer",Pt,112.97,40.61,5.62,,,,4.3788000000000003e-16,2.0828e-15,1.4514e-15,1 kg N,1 kg P2O5,1 kg K2O,,,,nitrogen_N_singlescore_8.json,phosphorus_P2O5_singlescore_9.json,potassium_K2O_singlescore_10.json,4.94673036e-14,8.4582508e-14,8.156868e-15,1.4220667959999999e-13
C5_2023,C5,2023,ha,"Human toxicity, cancer - inorganics",Pt,112.97,40.61,5.62,,,,0.0,0.0,0.0,1 kg N,1 kg P2O5,1 kg K2O,,,,nitrogen_N_singlescore_8.json,phosphorus_P2O5_singlescore_9.json,potassium_K2O_singlescore_10.json,0.0,0.0,0.0,0.0
C5_2023,C5,2023,ha,"Human toxicity, cancer - metals",Pt,112.97,40.61,5.62,,,,0.0,0.0,0.0,1 kg N,1 kg P2O5,1 kg K2O,,,,nitrogen_N_singlescore_8.json,phosphorus_P2O5_singlescore_9.json,potassium_K2O_singlescore_10.json,0.0,0.0,0.0,0.0
C5_2023,C5,2023,ha,"Human toxicity, cancer - organics",Pt,112.97,40.61,5.62,,,,0.0,0.0,0.0,1 kg N,1 kg P2O5,1 kg K2O,,,,nitrogen_N_singlescore_8.json,phosphorus_P2O5_singlescore_9.json,potassium_K2O_singlescore_10.json,0.0,0.0,0.0,0.0
C5_2023,C5,2023,ha,"Human toxicity, non-cancer",Pt,112.97,40.61,5.62,,,,1.748e-13,5.67226e-13,8.652599999999999e-13,1 kg N,1 kg P2O5,1 kg K2O,,,,nitrogen_N_singlescore_8.json,phosphorus_P2O5_singlescore_9.json,potassium_K2O_singlescore_10.json,1.9747156e-11,2.303504786e-11,4.862761199999999e-12,4.7644965060000004e-11
C5_2023,C5,2023,ha,"Human toxicity, non-cancer - inorganics",Pt,112.97,40.61,5.62,,,,0.0,0.0,0.0,1 kg N,1 kg P2O5,1 kg K2O,,,,nitrogen_N_singlescore_8.json,phosphorus_P2O5_singlescore_9.json,potassium_K2O_singlescore_10.json,0.0,0.0,0.0,0.0
C5_2023,C5,2023,ha,"Human toxicity, non-cancer - metals",Pt,112.97,40.61,5.62,,,,0.0,0.0,0.0,1 kg N,1 kg P2O5,1 kg K2O,,,,nitrogen_N_singlescore_8.json,phosphorus_P2O5_singlescore_9.json,potassium_K2O_singlescore_10.json,0.0,0.0,0.0,0.0
C5_2023,C5,2023,ha,"Human toxicity, non-cancer - organics",Pt,112.97,40.61,5.62,,,,0.0,0.0,0.0,1 kg N,1 kg P2O5,1 kg K2O,,,,nitrogen_N_singlescore_8.json,phosphorus_P2O5_singlescore_9.json,potassium_K2O_singlescore_10.json,0.0,0.0,0.0,0.0
C5_2023,C5,2023,ha,Ionising radiation,Pt,112.97,40.61,5.62,,,,21.066451,71.22199499999999,51.815903000000006,1 kg N,1 kg P2O5,1 kg K2O,,,,nitrogen_N_singlescore_8.json,phosphorus_P2O5_singlescore_9.json,potassium_K2O_singlescore_10.json,2379.87696947,2892.3252169499997,291.20537486000006,5563.40756128
C5_2023,C5,2023,ha,Land use,Pt,112.97,40.61,5.62,,,,254308.65899999999,3434320.02,2789874.0,1 kg N,1 kg P2O5,1 kg K2O,,,,nitrogen_N_singlescore_8.json,phosphorus_P2O5_singlescore_9.json,potassium_K2O_singlescore_10.json,28729249.207229998,139467736.0122,15679091.88,183876077.09943
C5_2023,C5,2023,ha,Ozone depletion,Pt,112.97,40.61,5.62,,,,5.2984e-10,5.1356e-10,5.8312e-10,1 kg N,1 kg P2O5,1 kg K2O,,,,nitrogen_N_singlescore_8.json,phosphorus_P2O5_singlescore_9.json,potassium_K2O_singlescore_10.json,5.98560248e-08,2.08556716e-08,3.2771344000000004e-09,8.39888308e-08
C5_2023,C5,2023,ha,Particulate matter,Pt,112.97,40.61,5.62,,,,2.56557e-11,1.5046200000000003e-11,1.45961e-11,1 kg N,1 kg P2O5,1 kg K2O,,,,nitrogen_N_singlescore_8.json,phosphorus_P2O5_singlescore_9.json,potassium_K2O_singlescore_10.json,2.898324429e-09,6.110261820000001e-10,8.203008200000001e-11,3.591380693e-09
C5_2023,C5,2023,ha,Photochemical ozone formation,Pt,112.97,40.61,5.62,,,,0.00772702,0.015733399999999998,0.015512239999999998,1 kg N,1 kg P2O5,1 kg K2O,,,,nitrogen_N_singlescore_8.json,phosphorus_P2O5_singlescore_9.json,potassium_K2O_singlescore_10.json,0.8729214494,0.6389333739999999,0.08717878879999999,1.5990336122
C5_2023,C5,2023,ha,"Resource use, fossils",Pt,112.97,40.61,5.62,,,,252626.08020000003,232942.92750000002,229857.6558,1 kg N,1 kg P2O5,1 kg K2O,,,,nitrogen_N_singlescore_8.json,phosphorus_P2O5_singlescore_9.json,potassium_K2O_singlescore_10.json,28539168.280194003,9459812.285775,1291800.025596,39290780.591565005
C5_2023,C5,2023,ha,"Resource use, minerals and metals",Pt,112.97,40.61,5.62,,,,1.3007999999999998e-07,2.5872e-07,2.472e-07,1 kg N,1 kg P2O5,1 kg K2O,,,,nitrogen_N_singlescore_8.json,phosphorus_P2O5_singlescore_9.json,potassium_K2O_singlescore_10.json,1.4695137599999998e-05,1.0506619199999999e-05,1.389264e-06,2.6591020799999998e-05
C5_2023,C5,2023,ha,Total,Pt,112.97,40.61,5.62,,,,519378.6717280199,3764220.789358167,3484059.454128132,1 kg N,1 kg P2O5,1 kg K2O,,,,nitrogen_N_singlescore_8.json,phosphorus_P2O5_singlescore_9.json,potassium_K2O_singlescore_10.json,58674208.545114405,152865006.25583515,19580414.132200103,231119628.93314964
C5_2023,C5,2023,ha,Water use,Pt,112.97,40.61,5.62,,,,210.37731,1554.109634,1161.545319,1 kg N,1 kg P2O5,1 kg K2O,,,,nitrogen_N_singlescore_8.json,phosphorus_P2O5_singlescore_9.json,potassium_K2O_singlescore_10.json,23766.3247107,63112.392236739994,6527.8846927800005,93406.60164022
C5_2024,C5,2024,ha,Acidification,Pt,142.09,20.0,0.0,,,,0.19821624,0.09966368,0.06340608,1 kg N,1 kg P2O5,1 kg K2O,,,,nitrogen_N_singlescore_8.json,phosphorus_P2O5_singlescore_9.json,potassium_K2O_singlescore_10.json,28.1645455416,1.9932736000000002,0.0,30.1578191416
C5_2024,C5,2024,ha,Climate change,Pt,142.09,20.0,0.0,,,,6645.07914,5038.05543,4986.658170000001,1 kg N,1 kg P2O5,1 kg K2O,,,,nitrogen_N_singlescore_8.json,phosphorus_P2O5_singlescore_9.json,potassium_K2O_singlescore_10.json,944199.2950026,100761.1086,0.0,1044960.4036026
C5_2024,C5,2024,ha,Climate change - Biogenic,Pt,142.09,20.0,0.0,,,,0.0,0.0,0.0,1 kg N,1 kg P2O5,1 kg K2O,,,,nitrogen_N_singlescore_8.json,phosphorus_P2O5_singlescore_9.json,potassium_K2O_singlescore_10.json,0.0,0.0,0.0,0.0
C5_2024,C5,2024,ha,Climate change - Fossil,Pt,142.09,20.0,0.0,,,,0.0,0.0,0.0,1 kg N,1 kg P2O5,1 kg K2O,,,,nitrogen_N_singlescore_8.json,phosphorus_P2O5_singlescore_9.json,potassium_K2O_singlescore_10.json,0.0,0.0,0.0,0.0
C5_2024,C5,2024,ha,Climate change - Land use and LU change,Pt,142.09,20.0,0.0,,,,0.0,0.0,0.0,1 kg N,1 kg P2O5,1 kg K2O,,,,nitrogen_N_singlescore_8.json,phosphorus_P2O5_singlescore_9.json,potassium_K2O_singlescore_10.json,0.0,0.0,0.0,0.0
C5_2024,C5,2024,ha,"Ecotoxicity, freshwater",Pt,142.09,20.0,0.0,,,,5565.61551,90293.99429999999,458127.314,1 kg N,1 kg P2O5,1 kg K2O,,,,nitrogen_N_singlescore_8.json,phosphorus_P2O5_singlescore_9.json,potassium_K2O_singlescore_10.json,790818.3078159,1805879.886,0.0,2596698.1938159
C5_2024,C5,2024,ha,"Ecotoxicity, freshwater - inorganics",Pt,142.09,20.0,0.0,,,,0.0,0.0,0.0,1 kg N,1 kg P2O5,1 kg K2O,,,,nitrogen_N_singlescore_8.json,phosphorus_P2O5_singlescore_9.json,potassium_K2O_singlescore_10.json,0.0,0.0,0.0,0.0
C5_2024,C5,2024,ha,"Ecotoxicity, freshwater - metals",Pt,142.09,20.0,0.0,,,,0.0,0.0,0.0,1 kg N,1 kg P2O5,1 kg K2O,,,,nitrogen_N_singlescore_8.json,phosphorus_P2O5_singlescore_9.json,potassium_K2O_singlescore_10.json,0.0,0.0,0.0,0.0
C5_2024,C5,2024,ha,"Ecotoxicity, freshwater - organics",Pt,142.09,20.0,0.0,,,,0.0,0.0,0.0,1 kg N,1 kg P2O5,1 kg K2O,,,,nitrogen_N_singlescore_8.json,phosphorus_P2O5_singlescore_9.json,potassium_K2O_singlescore_10.json,0.0,0.0,0.0,0.0
C5_2024,C5,2024,ha,"Eutrophication, freshwater",Pt,142.09,20.0,0.0,,,,4.5732e-06,1.96112e-05,1.2730799999999998e-05,1 kg N,1 kg P2O5,1 kg K2O,,,,nitrogen_N_singlescore_8.json,phosphorus_P2O5_singlescore_9.json,potassium_K2O_singlescore_10.json,0.000649805988,0.000392224,0.0,0.001042029988
C5_2024,C5,2024,ha,"Eutrophication, marine",Pt,142.09,20.0,0.0,,,,0.002243326,0.002318746,0.002428524,1 kg N,1 kg P2O5,1 kg K2O,,,,nitrogen_N_singlescore_8.json,phosphorus_P2O5_singlescore_9.json,potassium_K2O_singlescore_10.json,0.31875419134,0.04637492,0.0,0.36512911134
C5_2024,C5,2024,ha,"Eutrophication, terrestrial",Pt,142.09,20.0,0.0,,,,1.58592573,0.34276347,0.38357631,1 kg N,1 kg P2O5,1 kg K2O,,,,nitrogen_N_singlescore_8.json,phosphorus_P2O5_singlescore_9.json,potassium_K2O_singlescore_10.json,225.3441869757,6.8552694,0.0,232.1994563757
C5_2024,C5,2024,ha,"Human toxicity, cancer",Pt,142.09,20.0,0.0,,,,4.3788000000000003e-16,2.0828e-15,1.4514e-15,1 kg N,1 kg P2O5,1 kg K2O,,,,nitrogen_N_singlescore_8.json,phosphorus_P2O5_singlescore_9.json,potassium_K2O_singlescore_10.json,6.22183692e-14,4.1656e-14,0.0,1.038743692e-13
C5_2024,C5,2024,ha,"Human toxicity, cancer - inorganics",Pt,142.09,20.0,0.0,,,,0.0,0.0,0.0,1 kg N,1 kg P2O5,1 kg K2O,,,,nitrogen_N_singlescore_8.json,phosphorus_P2O5_singlescore_9.json,potassium_K2O_singlescore_10.json,0.0,0.0,0.0,0.0
C5_2024,C5,2024,ha,"Human toxicity, cancer - metals",Pt,142.09,20.0,0.0,,,,0.0,0.0,0.0,1 kg N,1 kg P2O5,1 kg K2O,,,,nitrogen_N_singlescore_8.json,phosphorus_P2O5_singlescore_9.json,potassium_K2O_singlescore_10.json,0.0,0.0,0.0,0.0
C5_2024,C5,2024,ha,"Human toxicity, cancer - organics",Pt,142.09,20.0,0.0,,,,0.0,0.0,0.0,1 kg N,1 kg P2O5,1 kg K2O,,,,nitrogen_N_singlescore_8.json,phosphorus_P2O5_singlescore_9.json,potassium_K2O_singlescore_10.json,0.0,0.0,0.0,0.0
C5_2024,C5,2024,ha,"Human toxicity, non-cancer",Pt,142.09,20.0,0.0,,,,1.748e-13,5.67226e-13,8.652599999999999e-13,1 kg N,1 kg P2O5,1 kg K2O,,,,nitrogen_N_singlescore_8.json,phosphorus_P2O5_singlescore_9.json,potassium_K2O_singlescore_10.json,2.4837332e-11,1.134452e-11,0.0,3.6181852e-11
C5_2024,C5,2024,ha,"Human toxicity, non-cancer - inorganics",Pt,142.09,20.0,0.0,,,,0.0,0.0,0.0,1 kg N,1 kg P2O5,1 kg K2O,,,,nitrogen_N_singlescore_8.json,phosphorus_P2O5_singlescore_9.json,potassium_K2O_singlescore_10.json,0.0,0.0,0.0,0.0
C5_2024,C5,2024,ha,"Human toxicity, non-cancer - metals",Pt,142.09,20.0,0.0,,,,0.0,0.0,0.0,1 kg N,1 kg P2O5,1 kg K2O,,,,nitrogen_N_singlescore_8.json,phosphorus_P2O5_singlescore_9.json,potassium_K2O_singlescore_10.json,0.0,0.0,0.0,0.0
C5_2024,C5,2024,ha,"Human toxicity, non-cancer - organics",Pt,142.09,20.0,0.0,,,,0.0,0.0,0.0,1 kg N,1 kg P2O5,1 kg K2O,,,,nitrogen_N_singlescore_8.json,phosphorus_P2O5_singlescore_9.json,potassium_K2O_singlescore_10.json,0.0,0.0,0.0,0.0
C5_2024,C5,2024,ha,Ionising radiation,Pt,142.09,20.0,0.0,,,,21.066451,71.22199499999999,51.815903000000006,1 kg N,1 kg P2O5,1 kg K2O,,,,nitrogen_N_singlescore_8.json,phosphorus_P2O5_singlescore_9.json,potassium_K2O_singlescore_10.json,2993.33202259,1424.4398999999999,0.0,4417.77192259
C5_2024,C5,2024,ha,Land use,Pt,142.09,20.0,0.0,,,,254308.65899999999,3434320.02,2789874.0,1 kg N,1 kg P2O5,1 kg K2O,,,,nitrogen_N_singlescore_8.json,phosphorus_P2O5_singlescore_9.json,potassium_K2O_singlescore_10.json,36134717.35731,68686400.4,0.0,104821117.75731
C5_2024,C5,2024,ha,Ozone depletion,Pt,142.09,20.0,0.0,,,,5.2984e-10,5.1356e-10,5.8312e-10,1 kg N,1 kg P2O5,1 kg K2O,,,,nitrogen_N_singlescore_8.json,phosphorus_P2O5_singlescore_9.json,potassium_K2O_singlescore_10.json,7.52849656e-08,1.02712e-08,0.0,8.55561656e-08
C5_2024,C5,2024,ha,Particulate matter,Pt,142.09,20.0,0.0,,,,2.56557e-11,1.5046200000000003e-11,1.45961e-11,1 kg N,1 kg P2O5,1 kg K2O,,,,nitrogen_N_singlescore_8.json,phosphorus_P2O5_singlescore_9.json,potassium_K2O_singlescore_10.json,3.645418413e-09,3.0092400000000007e-10,0.0,3.9463424130000005e-09
C5_2024,C5,2024,ha,Photochemical ozone formation,Pt,142.09,20.0,0.0,,,,0.00772702,0.015733399999999998,0.015512239999999998,1 kg N,1 kg P2O5,1 kg K2O,,,,nitrogen_N_singlescore_8.json,phosphorus_P2O5_singlescore_9.json,potassium_K2O_singlescore_10.json,1.0979322718,0.31466799999999995,0.0,1.4126002718
C5_2024,C5,2024,ha,"Resource use, fossils",Pt,142.09,20.0,0.0,,,,252626.08020000003,232942.92750000002,229857.6558,1 kg N,1 kg P2O5,1 kg K2O,,,,nitrogen_N_singlescore_8.json,phosphorus_P2O5_singlescore_9.json,potassium_K2O_singlescore_10.json,35895639.735618,4658858.550000001,0.0,40554498.28561801
C5_2024,C5,2024,ha,"Resource use, minerals and metals",Pt,142.09,20.0,0.0,,,,1.3007999999999998e-07,2.5872e-07,2.472e-07,1 kg N,1 kg P2O5,1 kg K2O,,,,nitrogen_N_singlescore_8.json,phosphorus_P2O5_singlescore_9.json,potassium_K2O_singlescore_10.json,1.84830672e-05,5.174399999999999e-06,0.0,2.3657467199999998e-05
C5_2024,C5,2024,ha,Total,Pt,142.09,20.0,0.0,,,,519378.6717280199,3764220.789358167,3484059.454128132,1 kg N,1 kg P2O5,1 kg K2O,,,,nitrogen_N_singlescore_8.json,phosphorus_P2O5_singlescore_9.json,potassium_K2O_singlescore_10.json,73798515.46583435,75284415.78716335,0.0,149082931.2529977
C5_2024,C5,2024,ha,Water use,Pt,142.09,20.0,0.0,,,,210.37731,1554.109634,1161.545319,1 kg N,1 kg P2O5,1 kg K2O,,,,nitrogen_N_singlescore_8.json,phosphorus_P2O5_singlescore_9.json,potassium_K2O_singlescore_10.json,29892.5119779,31082.19268,0.0,60974.7046579
C6_2022,C6,2022,ha,Acidification,Pt,131.7874435782,72.0,0.0,,,,0.19821624,0.09966368,0.06340608,1 kg N,1 kg P2O5,1 kg K2O,,,,nitrogen_N_singlescore_8.json,phosphorus_P2O5_singlescore_9.json,potassium_K2O_singlescore_10.json,26.122411545282947,7.1757849600000005,0.0,33.298196505282945
C6_2022,C6,2022,ha,Climate change,Pt,131.7874435782,72.0,0.0,,,,6645.07914,5038.05543,4986.658170000001,1 kg N,1 kg P2O5,1 kg K2O,,,,nitrogen_N_singlescore_8.json,phosphorus_P2O5_singlescore_9.json,potassium_K2O_singlescore_10.json,875737.9922354238,362739.99096,0.0,1238477.9831954238
C6_2022,C6,2022,ha,Climate change - Biogenic,Pt,131.7874435782,72.0,0.0,,,,0.0,0.0,0.0,1 kg N,1 kg P2O5,1 kg K2O,,,,nitrogen_N_singlescore_8.json,phosphorus_P2O5_singlescore_9.json,potassium_K2O_singlescore_10.json,0.0,0.0,0.0,0.0
C6_2022,C6,2022,ha,Climate change - Fossil,Pt,131.7874435782,72.0,0.0,,,,0.0,0.0,0.0,1 kg N,1 kg P2O5,1 kg K2O,,,,nitrogen_N_singlescore_8.json,phosphorus_P2O5_singlescore_9.json,potassium_K2O_singlescore_10.json,0.0,0.0,0.0,0.0
C6_2022,C6,2022,ha,Climate change - Land use and LU change,Pt,131.7874435782,72.0,0.0,,,,0.0,0.0,0.0,1 kg N,1 kg P2O5,1 kg K2O,,,,nitrogen_N_singlescore_8.json,phosphorus_P2O5_singlescore_9.json,potassium_K2O_singlescore_10.json,0.0,0.0,0.0,0.0
C6_2022,C6,2022,ha,"Ecotoxicity, freshwater",Pt,131.7874435782,72.0,0.0,,,,5565.61551,90293.99429999999,458127.314,1 kg N,1 kg P2O5,1 kg K2O,,,,nitrogen_N_singlescore_8.json,phosphorus_P2O5_singlescore_9.json,potassium_K2O_singlescore_10.json,733478.2400020798,6501167.5896,0.0,7234645.8296020795
C6_2022,C6,2022,ha,"Ecotoxicity, freshwater - inorganics",Pt,131.7874435782,72.0,0.0,,,,0.0,0.0,0.0,1 kg N,1 kg P2O5,1 kg K2O,,,,nitrogen_N_singlescore_8.json,phosphorus_P2O5_singlescore_9.json,potassium_K2O_singlescore_10.json,0.0,0.0,0.0,0.0
C6_2022,C6,2022,ha,"Ecotoxicity, freshwater - metals",Pt,131.7874435782,72.0,0.0,,,,0.0,0.0,0.0,1 kg N,1 kg P2O5,1 kg K2O,,,,nitrogen_N_singlescore_8.json,phosphorus_P2O5_singlescore_9.json,potassium_K2O_singlescore_10.json,0.0,0.0,0.0,0.0
C6_2022,C6,2022,ha,"Ecotoxicity, freshwater - organics",Pt,131.7874435782,72.0,0.0,,,,0.0,0.0,0.0,1 kg N,1 kg P2O5,1 kg K2O,,,,nitrogen_N_singlescore_8.json,phosphorus_P2O5_singlescore_9.json,potassium_K2O_singlescore_10.json,0.0,0.0,0.0,0.0
C6_2022,C6,2022,ha,"Eutrophication, freshwater",Pt,131.7874435782,72.0,0.0,,,,4.5732e-06,1.96112e-05,1.2730799999999998e-05,1 kg N,1 kg P2O5,1 kg K2O,,,,nitrogen_N_singlescore_8.json,phosphorus_P2O5_singlescore_9.json,potassium_K2O_singlescore_10.json,0.0006026903369718242,0.0014120064,0.0,0.002014696736971824
C6_2022,C6,2022,ha,"Eutrophication, marine",Pt,131.7874435782,72.0,0.0,,,,0.002243326,0.002318746,0.002428524,1 kg N,1 kg P2O5,1 kg K2O,,,,nitrogen_N_singlescore_8.json,phosphorus_P2O5_singlescore_9.json,potassium_K2O_singlescore_10.json,0.29564219865250907,0.166949712,0.0,0.46259191065250904
C6_2022,C6,2022,ha,"Eutrophication, terrestrial",Pt,131.7874435782,72.0,0.0,,,,1.58592573,0.34276347,0.38357631,1 kg N,1 kg P2O5,1 kg K2O,,,,nitrogen_N_singlescore_8.json,phosphorus_P2O5_singlescore_9.json,potassium_K2O_singlescore_10.json,209.00509766159064,24.67896984,0.0,233.68406750159065
C6_2022,C6,2022,ha,"Human toxicity, cancer",Pt,131.7874435782,72.0,0.0,,,,4.3788000000000003e-16,2.0828e-15,1.4514e-15,1 kg N,1 kg P2O5,1 kg K2O,,,,nitrogen_N_singlescore_8.json,phosphorus_P2O5_singlescore_9.json,potassium_K2O_singlescore_10.json,5.770708579402222e-14,1.499616e-13,0.0,2.076686857940222e-13
C6_2022,C6,2022,ha,"Human toxicity, cancer - inorganics",Pt,131.7874435782,72.0,0.0,,,,0.0,0.0,0.0,1 kg N,1 kg P2O5,1 kg K2O,,,,nitrogen_N_singlescore_8.json,phosphorus_P2O5_singlescore_9.json,potassium_K2O_singlescore_10.json,0.0,0.0,0.0,0.0
C6_2022,C6,2022,ha,"Human toxicity, cancer - metals",Pt,131.7874435782,72.0,0.0,,,,0.0,0.0,0.0,1 kg N,1 kg P2O5,1 kg K2O,,,,nitrogen_N_singlescore_8.json,phosphorus_P2O5_singlescore_9.json,potassium_K2O_singlescore_10.json,0.0,0.0,0.0,0.0
C6_2022,C6,2022,ha,"Human toxicity, cancer - organics",Pt,131.7874435782,72.0,0.0,,,,0.0,0.0,0.0,1 kg N,1 kg P2O5,1 kg K2O,,,,nitrogen_N_singlescore_8.json,phosphorus_P2O5_singlescore_9.json,potassium_K2O_singlescore_10.json,0.0,0.0,0.0,0.0
C6_2022,C6,2022,ha,"Human toxicity, non-cancer",Pt,131.7874435782,72.0,0.0,,,,1.748e-13,5.67226e-13,8.652599999999999e-13,1 kg N,1 kg P2O5,1 kg K2O,,,,nitrogen_N_singlescore_8.json,phosphorus_P2O5_singlescore_9.json,potassium_K2O_singlescore_10.json,2.303644513746936e-11,4.0840272e-11,0.0,6.387671713746935e-11
C6_2022,C6,2022,ha,"Human toxicity, non-cancer - inorganics",Pt,131.7874435782,72.0,0.0,,,,0.0,0.0,0.0,1 kg N,1 kg P2O5,1 kg K2O,,,,nitrogen_N_singlescore_8.json,phosphorus_P2O5_singlescore_9.json,potassium_K2O_singlescore_10.json,0.0,0.0,0.0,0.0
C6_2022,C6,2022,ha,"Human toxicity, non-cancer - metals",Pt,131.7874435782,72.0,0.0,,,,0.0,0.0,0.0,1 kg N,1 kg P2O5,1 kg K2O,,,,nitrogen_N_singlescore_8.json,phosphorus_P2O5_singlescore_9.json,potassium_K2O_singlescore_10.json,0.0,0.0,0.0,0.0
C6_2022,C6,2022,ha,"Human toxicity, non-cancer - organics",Pt,131.7874435782,72.0,0.0,,,,0.0,0.0,0.0,1 kg N,1 kg P2O5,1 kg K2O,,,,nitrogen_N_singlescore_8.json,phosphorus_P2O5_singlescore_9.json,potassium_K2O_singlescore_10.json,0.0,0.0,0.0,0.0
C6_2022,C6,2022,ha,Ionising radiation,Pt,131.7874435782,72.0,0.0,,,,21.066451,71.22199499999999,51.815903000000006,1 kg N,1 kg P2O5,1 kg K2O,,,,nitrogen_N_singlescore_8.json,phosphorus_P2O5_singlescore_9.json,potassium_K2O_singlescore_10.json,2776.293722555415,5127.9836399999995,0.0,7904.277362555415
C6_2022,C6,2022,ha,Land use,Pt,131.7874435782,72.0,0.0,,,,254308.65899999999,3434320.02,2789874.0,1 kg N,1 kg P2O5,1 kg K2O,,,,nitrogen_N_singlescore_8.json,phosphorus_P2O5_singlescore_9.json,potassium_K2O_singlescore_10.json,33514688.0494102,247271041.44,0.0,280785729.4894102
C6_2022,C6,2022,ha,Ozone depletion,Pt,131.7874435782,72.0,0.0,,,,5.2984e-10,5.1356e-10,5.8312e-10,1 kg N,1 kg P2O5,1 kg K2O,,,,nitrogen_N_singlescore_8.json,phosphorus_P2O5_singlescore_9.json,potassium_K2O_singlescore_10.json,6.982625910547349e-08,3.697632e-08,0.0,1.0680257910547348e-07
C6_2022,C6,2022,ha,Particulate matter,Pt,131.7874435782,72.0,0.0,,,,2.56557e-11,1.5046200000000003e-11,1.45961e-11,1 kg N,1 kg P2O5,1 kg K2O,,,,nitrogen_N_singlescore_8.json,phosphorus_P2O5_singlescore_9.json,potassium_K2O_singlescore_10.json,3.3810991162092257e-09,1.0833264000000001e-09,0.0,4.464425516209226e-09
C6_2022,C6,2022,ha,Photochemical ozone formation,Pt,131.7874435782,72.0,0.0,,,,0.00772702,0.015733399999999998,0.015512239999999998,1 kg N,1 kg P2O5,1 kg K2O,,,,nitrogen_N_singlescore_8.json,phosphorus_P2O5_singlescore_9.json,potassium_K2O_singlescore_10.json,1.018324212277623,1.1328048,0.0,2.151129012277623
C6_2022,C6,2022,ha,"Resource use, fossils",Pt,131.7874435782,72.0,0.0,,,,252626.08020000003,232942.92750000002,229857.6558,1 kg N,1 kg P2O5,1 kg K2O,,,,nitrogen_N_singlescore_8.json,phosphorus_P2O5_singlescore_9.json,potassium_K2O_singlescore_10.json,33292945.29073933,16771890.780000001,0.0,50064836.07073933
C6_2022,C6,2022,ha,"Resource use, minerals and metals",Pt,131.7874435782,72.0,0.0,,,,1.3007999999999998e-07,2.5872e-07,2.472e-07,1 kg N,1 kg P2O5,1 kg K2O,,,,nitrogen_N_singlescore_8.json,phosphorus_P2O5_singlescore_9.json,potassium_K2O_singlescore_10.json,1.7142910660652253e-05,1.8627839999999997e-05,0.0,3.5770750660652254e-05
C6_2022,C6,2022,ha,Total,Pt,131.7874435782,72.0,0.0,,,,519378.6717280199,3764220.789358167,3484059.454128132,1 kg N,1 kg P2O5,1 kg K2O,,,,nitrogen_N_singlescore_8.json,phosphorus_P2O5_singlescore_9.json,potassium_K2O_singlescore_10.json,68447587.39607687,271023896.83378804,0.0,339471484.2298649
C6_2022,C6,2022,ha,Water use,Pt,131.7874435782,72.0,0.0,,,,210.37731,1554.109634,1161.545319,1 kg N,1 kg P2O5,1 kg K2O,,,,nitrogen_N_singlescore_8.json,phosphorus_P2O5_singlescore_9.json,potassium_K2O_singlescore_10.json,27725.08787175849,111895.893648,0.0,139620.9815197585
C6_2023,C6,2023,ha,Acidification,Pt,134.5,21.6,27.0,,,,0.19821624,0.09966368,0.06340608,1 kg N,1 kg P2O5,1 kg K2O,,,,nitrogen_N_singlescore_8.json,phosphorus_P2O5_singlescore_9.json,potassium_K2O_singlescore_10.json,26.66008428,2.1527354880000003,1.7119641600000002,30.524783928
C6_2023,C6,2023,ha,Climate change,Pt,134.5,21.6,27.0,,,,6645.07914,5038.05543,4986.658170000001,1 kg N,1 kg P2O5,1 kg K2O,,,,nitrogen_N_singlescore_8.json,phosphorus_P2O5_singlescore_9.json,potassium_K2O_singlescore_10.json,893763.1443299999,108821.99728800001,134639.77059000003,1137224.912208
C6_2023,C6,2023,ha,Climate change - Biogenic,Pt,134.5,21.6,27.0,,,,0.0,0.0,0.0,1 kg N,1 kg P2O5,1 kg K2O,,,,nitrogen_N_singlescore_8.json,phosphorus_P2O5_singlescore_9.json,potassium_K2O_singlescore_10.json,0.0,0.0,0.0,0.0
C6_2023,C6,2023,ha,Climate change - Fossil,Pt,134.5,21.6,27.0,,,,0.0,0.0,0.0,1 kg N,1 kg P2O5,1 kg K2O,,,,nitrogen_N_singlescore_8.json,phosphorus_P2O5_singlescore_9.json,potassium_K2O_singlescore_10.json,0.0,0.0,0.0,0.0
C6_2023,C6,2023,ha,Climate change - Land use and LU change,Pt,134.5,21.6,27.0,,,,0.0,0.0,0.0,1 kg N,1 kg P2O5,1 kg K2O,,,,nitrogen_N_singlescore_8.json,phosphorus_P2O5_singlescore_9.json,potassium_K2O_singlescore_10.json,0.0,0.0,0.0,0.0
C6_2023,C6,2023,ha,"Ecotoxicity, freshwater",Pt,134.5,21.6,27.0,,,,5565.61551,90293.99429999999,458127.314,1 kg N,1 kg P2O5,1 kg K2O,,,,nitrogen_N_singlescore_8.json,phosphorus_P2O5_singlescore_9.json,potassium_K2O_singlescore_10.json,748575.286095,1950350.27688,12369437.478,15068363.040975
C6_2023,C6,2023,ha,"Ecotoxicity, freshwater - inorganics",Pt,134.5,21.6,27.0,,,,0.0,0.0,0.0,1 kg N,1 kg P2O5,1 kg K2O,,,,nitrogen_N_singlescore_8.json,phosphorus_P2O5_singlescore_9.json,potassium_K2O_singlescore_10.json,0.0,0.0,0.0,0.0
C6_2023,C6,2023,ha,"Ecotoxicity, freshwater - metals",Pt,134.5,21.6,27.0,,,,0.0,0.0,0.0,1 kg N,1 kg P2O5,1 kg K2O,,,,nitrogen_N_singlescore_8.json,phosphorus_P2O5_singlescore_9.json,potassium_K2O_singlescore_10.json,0.0,0.0,0.0,0.0
C6_2023,C6,2023,ha,"Ecotoxicity, freshwater - organics",Pt,134.5,21.6,27.0,,,,0.0,0.0,0.0,1 kg N,1 kg P2O5,1 kg K2O,,,,nitrogen_N_singlescore_8.json,phosphorus_P2O5_singlescore_9.json,potassium_K2O_singlescore_10.json,0.0,0.0,0.0,0.0
C6_2023,C6,2023,ha,"Eutrophication, freshwater",Pt,134.5,21.6,27.0,,,,4.5732e-06,1.96112e-05,1.2730799999999998e-05,1 kg N,1 kg P2O5,1 kg K2O,,,,nitrogen_N_singlescore_8.json,phosphorus_P2O5_singlescore_9.json,potassium_K2O_singlescore_10.json,0.0006150954,0.00042360192,0.00034373159999999994,0.0013824289199999998
C6_2023,C6,2023,ha,"Eutrophication, marine",Pt,134.5,21.6,27.0,,,,0.002243326,0.002318746,0.002428524,1 kg N,1 kg P2O5,1 kg K2O,,,,nitrogen_N_singlescore_8.json,phosphorus_P2O5_singlescore_9.json,potassium_K2O_singlescore_10.json,0.301727347,0.0500849136,0.065570148,0.4173824086
C6_2023,C6,2023,ha,"Eutrophication, terrestrial",Pt,134.5,21.6,27.0,,,,1.58592573,0.34276347,0.38357631,1 kg N,1 kg P2O5,1 kg K2O,,,,nitrogen_N_singlescore_8.json,phosphorus_P2O5_singlescore_9.json,potassium_K2O_singlescore_10.json,213.307010685,7.403690952000001,10.356560369999999,231.067262007
C6_2023,C6,2023,ha,"Human toxicity, cancer",Pt,134.5,21.6,27.0,,,,4.3788000000000003e-16,2.0828e-15,1.4514e-15,1 kg N,1 kg P2O5,1 kg K2O,,,,nitrogen_N_singlescore_8.json,phosphorus_P2O5_singlescore_9.json,potassium_K2O_singlescore_10.json,5.889486e-14,4.498848e-14,3.91878e-14,1.4307113999999999e-13
C6_2023,C6,2023,ha,"Human toxicity, cancer - inorganics",Pt,134.5,21.6,27.0,,,,0.0,0.0,0.0,1 kg N,1 kg P2O5,1 kg K2O,,,,nitrogen_N_singlescore_8.json,phosphorus_P2O5_singlescore_9.json,potassium_K2O_singlescore_10.json,0.0,0.0,0.0,0.0
C6_2023,C6,2023,ha,"Human toxicity, cancer - metals",Pt,134.5,21.6,27.0,,,,0.0,0.0,0.0,1 kg N,1 kg P2O5,1 kg K2O,,,,nitrogen_N_singlescore_8.json,phosphorus_P2O5_singlescore_9.json,potassium_K2O_singlescore_10.json,0.0,0.0,0.0,0.0
C6_2023,C6,2023,ha,"Human toxicity, cancer - organics",Pt,134.5,21.6,27.0,,,,0.0,0.0,0.0,1 kg N,1 kg P2O5,1 kg K2O,,,,nitrogen_N_singlescore_8.json,phosphorus_P2O5_singlescore_9.json,potassium_K2O_singlescore_10.json,0.0,0.0,0.0,0.0
C6_2023,C6,2023,ha,"Human toxicity, non-cancer",Pt,134.5,21.6,27.0,,,,1.748e-13,5.67226e-13,8.652599999999999e-13,1 kg N,1 kg P2O5,1 kg K2O,,,,nitrogen_N_singlescore_8.json,phosphorus_P2O5_singlescore_9.json,potassium_K2O_singlescore_10.json,2.35106e-11,1.2252081600000001e-11,2.3362019999999997e-11,5.91247016e-11
C6_2023,C6,2023,ha,"Human toxicity, non-cancer - inorganics",Pt,134.5,21.6,27.0,,,,0.0,0.0,0.0,1 kg N,1 kg P2O5,1 kg K2O,,,,nitrogen_N_singlescore_8.json,phosphorus_P2O5_singlescore_9.json,potassium_K2O_singlescore_10.json,0.0,0.0,0.0,0.0
C6_2023,C6,2023,ha,"Human toxicity, non-cancer - metals",Pt,134.5,21.6,27.0,,,,0.0,0.0,0.0,1 kg N,1 kg P2O5,1 kg K2O,,,,nitrogen_N_singlescore_8.json,phosphorus_P2O5_singlescore_9.json,potassium_K2O_singlescore_10.json,0.0,0.0,0.0,0.0
C6_2023,C6,2023,ha,"Human toxicity, non-cancer - organics",Pt,134.5,21.6,27.0,,,,0.0,0.0,0.0,1 kg N,1 kg P2O5,1 kg K2O,,,,nitrogen_N_singlescore_8.json,phosphorus_P2O5_singlescore_9.json,potassium_K2O_singlescore_10.json,0.0,0.0,0.0,0.0
C6_2023,C6,2023,ha,Ionising radiation,Pt,134.5,21.6,27.0,,,,21.066451,71.22199499999999,51.815903000000006,1 kg N,1 kg P2O5,1 kg K2O,,,,nitrogen_N_singlescore_8.json,phosphorus_P2O5_singlescore_9.json,potassium_K2O_singlescore_10.json,2833.4376595,1538.395092,1399.029381,5770.8621325
C6_2023,C6,2023,ha,Land use,Pt,134.5,21.6,27.0,,,,254308.65899999999,3434320.02,2789874.0,1 kg N,1 kg P2O5,1 kg K2O,,,,nitrogen_N_singlescore_8.json,phosphorus_P2O5_singlescore_9.json,potassium_K2O_singlescore_10.json,34204514.6355,74181312.43200001,75326598.0,183712425.0675
C6_2023,C6,2023,ha,Ozone depletion,Pt,134.5,21.6,27.0,,,,5.2984e-10,5.1356e-10,5.8312e-10,1 kg N,1 kg P2O5,1 kg K2O,,,,nitrogen_N_singlescore_8.json,phosphorus_P2O5_singlescore_9.json,potassium_K2O_singlescore_10.json,7.126348e-08,1.1092896000000002e-08,1.5744240000000002e-08,9.8100616e-08
C6_2023,C6,2023,ha,Particulate matter,Pt,134.5,21.6,27.0,,,,2.56557e-11,1.5046200000000003e-11,1.45961e-11,1 kg N,1 kg P2O5,1 kg K2O,,,,nitrogen_N_singlescore_8.json,phosphorus_P2O5_singlescore_9.json,potassium_K2O_singlescore_10.json,3.4506916500000003e-09,3.2499792000000006e-10,3.9409470000000003e-10,4.16978427e-09
C6_2023,C6,2023,ha,Photochemical ozone formation,Pt,134.5,21.6,27.0,,,,0.00772702,0.015733399999999998,0.015512239999999998,1 kg N,1 kg P2O5,1 kg K2O,,,,nitrogen_N_singlescore_8.json,phosphorus_P2O5_singlescore_9.json,potassium_K2O_singlescore_10.json,1.03928419,0.33984144,0.41883047999999995,1.79795611
C6_2023,C6,2023,ha,"Resource use, fossils",Pt,134.5,21.6,27.0,,,,252626.08020000003,232942.92750000002,229857.6558,1 kg N,1 kg P2O5,1 kg K2O,,,,nitrogen_N_singlescore_8.json,phosphorus_P2O5_singlescore_9.json,potassium_K2O_singlescore_10.json,33978207.786900006,5031567.234000001,6206156.7066,45215931.727500014
C6_2023,C6,2023,ha,"Resource use, minerals and metals",Pt,134.5,21.6,27.0,,,,1.3007999999999998e-07,2.5872e-07,2.472e-07,1 kg N,1 kg P2O5,1 kg K2O,,,,nitrogen_N_singlescore_8.json,phosphorus_P2O5_singlescore_9.json,potassium_K2O_singlescore_10.json,1.7495759999999997e-05,5.588352e-06,6.6744e-06,2.9758511999999996e-05
C6_2023,C6,2023,ha,Total,Pt,134.5,21.6,27.0,,,,519378.6717280199,3764220.789358167,3484059.454128132,1 kg N,1 kg P2O5,1 kg K2O,,,,nitrogen_N_singlescore_8.json,phosphorus_P2O5_singlescore_9.json,potassium_K2O_singlescore_10.json,69856431.34741868,81307169.05013642,94069605.26145957,245233205.6590147
C6_2023,C6,2023,ha,Water use,Pt,134.5,21.6,27.0,,,,210.37731,1554.109634,1161.545319,1 kg N,1 kg P2O5,1 kg K2O,,,,nitrogen_N_singlescore_8.json,phosphorus_P2O5_singlescore_9.json,potassium_K2O_singlescore_10.json,28295.748195,33568.7680944,31361.723613000002,93226.2399024
C6_2024,C6,2024,ha,Acidification,Pt,127.6,54.0,0.0,,,,0.19821624,0.09966368,0.06340608,1 kg N,1 kg P2O5,1 kg K2O,,,,nitrogen_N_singlescore_8.json,phosphorus_P2O5_singlescore_9.json,potassium_K2O_singlescore_10.json,25.292392223999997,5.38183872,0.0,30.674230943999998
C6_2024,C6,2024,ha,Climate change,Pt,127.6,54.0,0.0,,,,6645.07914,5038.05543,4986.658170000001,1 kg N,1 kg P2O5,1 kg K2O,,,,nitrogen_N_singlescore_8.json,phosphorus_P2O5_singlescore_9.json,potassium_K2O_singlescore_10.json,847912.0982639999,272054.99322,0.0,1119967.091484
C6_2024,C6,2024,ha,Climate change - Biogenic,Pt,127.6,54.0,0.0,,,,0.0,0.0,0.0,1 kg N,1 kg P2O5,1 kg K2O,,,,nitrogen_N_singlescore_8.json,phosphorus_P2O5_singlescore_9.json,potassium_K2O_singlescore_10.json,0.0,0.0,0.0,0.0
C6_2024,C6,2024,ha,Climate change - Fossil,Pt,127.6,54.0,0.0,,,,0.0,0.0,0.0,1 kg N,1 kg P2O5,1 kg K2O,,,,nitrogen_N_singlescore_8.json,phosphorus_P2O5_singlescore_9.json,potassium_K2O_singlescore_10.json,0.0,0.0,0.0,0.0
C6_2024,C6,2024,ha,Climate change - Land use and LU change,Pt,127.6,54.0,0.0,,,,0.0,0.0,0.0,1 kg N,1 kg P2O5,1 kg K2O,,,,nitrogen_N_singlescore_8.json,phosphorus_P2O5_singlescore_9.json,potassium_K2O_singlescore_10.json,0.0,0.0,0.0,0.0
C6_2024,C6,2024,ha,"Ecotoxicity, freshwater",Pt,127.6,54.0,0.0,,,,5565.61551,90293.99429999999,458127.314,1 kg N,1 kg P2O5,1 kg K2O,,,,nitrogen_N_singlescore_8.json,phosphorus_P2O5_singlescore_9.json,potassium_K2O_singlescore_10.json,710172.5390759999,4875875.6921999995,0.0,5586048.231275999
C6_2024,C6,2024,ha,"Ecotoxicity, freshwater - inorganics",Pt,127.6,54.0,0.0,,,,0.0,0.0,0.0,1 kg N,1 kg P2O5,1 kg K2O,,,,nitrogen_N_singlescore_8.json,phosphorus_P2O5_singlescore_9.json,potassium_K2O_singlescore_10.json,0.0,0.0,0.0,0.0
C6_2024,C6,2024,ha,"Ecotoxicity, freshwater - metals",Pt,127.6,54.0,0.0,,,,0.0,0.0,0.0,1 kg N,1 kg P2O5,1 kg K2O,,,,nitrogen_N_singlescore_8.json,phosphorus_P2O5_singlescore_9.json,potassium_K2O_singlescore_10.json,0.0,0.0,0.0,0.0
C6_2024,C6,2024,ha,"Ecotoxicity, freshwater - organics",Pt,127.6,54.0,0.0,,,,0.0,0.0,0.0,1 kg N,1 kg P2O5,1 kg K2O,,,,nitrogen_N_singlescore_8.json,phosphorus_P2O5_singlescore_9.json,potassium_K2O_singlescore_10.json,0.0,0.0,0.0,0.0
C6_2024,C6,2024,ha,"Eutrophication, freshwater",Pt,127.6,54.0,0.0,,,,4.5732e-06,1.96112e-05,1.2730799999999998e-05,1 kg N,1 kg P2O5,1 kg K2O,,,,nitrogen_N_singlescore_8.json,phosphorus_P2O5_singlescore_9.json,potassium_K2O_singlescore_10.json,0.0005835403199999999,0.0010590048,0.0,0.00164254512
C6_2024,C6,2024,ha,"Eutrophication, marine",Pt,127.6,54.0,0.0,,,,0.002243326,0.002318746,0.002428524,1 kg N,1 kg P2O5,1 kg K2O,,,,nitrogen_N_singlescore_8.json,phosphorus_P2O5_singlescore_9.json,potassium_K2O_singlescore_10.json,0.2862483976,0.125212284,0.0,0.4114606816
C6_2024,C6,2024,ha,"Eutrophication, terrestrial",Pt,127.6,54.0,0.0,,,,1.58592573,0.34276347,0.38357631,1 kg N,1 kg P2O5,1 kg K2O,,,,nitrogen_N_singlescore_8.json,phosphorus_P2O5_singlescore_9.json,potassium_K2O_singlescore_10.json,202.364123148,18.509227380000002,0.0,220.873350528
C6_2024,C6,2024,ha,"Human toxicity, cancer",Pt,127.6,54.0,0.0,,,,4.3788000000000003e-16,2.0828e-15,1.4514e-15,1 kg N,1 kg P2O5,1 kg K2O,,,,nitrogen_N_singlescore_8.json,phosphorus_P2O5_singlescore_9.json,potassium_K2O_singlescore_10.json,5.5873488e-14,1.1247119999999999e-13,0.0,1.6834468799999998e-13
C6_2024,C6,2024,ha,"Human toxicity, cancer - inorganics",Pt,127.6,54.0,0.0,,,,0.0,0.0,0.0,1 kg N,1 kg P2O5,1 kg K2O,,,,nitrogen_N_singlescore_8.json,phosphorus_P2O5_singlescore_9.json,potassium_K2O_singlescore_10.json,0.0,0.0,0.0,0.0
C6_2024,C6,2024,ha,"Human toxicity, cancer - metals",Pt,127.6,54.0,0.0,,,,0.0,0.0,0.0,1 kg N,1 kg P2O5,1 kg K2O,,,,nitrogen_N_singlescore_8.json,phosphorus_P2O5_singlescore_9.json,potassium_K2O_singlescore_10.json,0.0,0.0,0.0,0.0
C6_2024,C6,2024,ha,"Human toxicity, cancer - organics",Pt,127.6,54.0,0.0,,,,0.0,0.0,0.0,1 kg N,1 kg P2O5,1 kg K2O,,,,nitrogen_N_singlescore_8.json,phosphorus_P2O5_singlescore_9.json,potassium_K2O_singlescore_10.json,0.0,0.0,0.0,0.0
C6_2024,C6,2024,ha,"Human toxicity, non-cancer",Pt,127.6,54.0,0.0,,,,1.748e-13,5.67226e-13,8.652599999999999e-13,1 kg N,1 kg P2O5,1 kg K2O,,,,nitrogen_N_singlescore_8.json,phosphorus_P2O5_singlescore_9.json,potassium_K2O_singlescore_10.json,2.2304479999999998e-11,3.0630204e-11,0.0,5.2934684e-11
C6_2024,C6,2024,ha,"Human toxicity, non-cancer - inorganics",Pt,127.6,54.0,0.0,,,,0.0,0.0,0.0,1 kg N,1 kg P2O5,1 kg K2O,,,,nitrogen_N_singlescore_8.json,phosphorus_P2O5_singlescore_9.json,potassium_K2O_singlescore_10.json,0.0,0.0,0.0,0.0
C6_2024,C6,2024,ha,"Human toxicity, non-cancer - metals",Pt,127.6,54.0,0.0,,,,0.0,0.0,0.0,1 kg N,1 kg P2O5,1 kg K2O,,,,nitrogen_N_singlescore_8.json,phosphorus_P2O5_singlescore_9.json,potassium_K2O_singlescore_10.json,0.0,0.0,0.0,0.0
C6_2024,C6,2024,ha,"Human toxicity, non-cancer - organics",Pt,127.6,54.0,0.0,,,,0.0,0.0,0.0,1 kg N,1 kg P2O5,1 kg K2O,,,,nitrogen_N_singlescore_8.json,phosphorus_P2O5_singlescore_9.json,potassium_K2O_singlescore_10.json,0.0,0.0,0.0,0.0
C6_2024,C6,2024,ha,Ionising radiation,Pt,127.6,54.0,0.0,,,,21.066451,71.22199499999999,51.815903000000006,1 kg N,1 kg P2O5,1 kg K2O,,,,nitrogen_N_singlescore_8.json,phosphorus_P2O5_singlescore_9.json,potassium_K2O_singlescore_10.json,2688.0791476,3845.98773,0.0,6534.0668776
C6_2024,C6,2024,ha,Land use,Pt,127.6,54.0,0.0,,,,254308.65899999999,3434320.02,2789874.0,1 kg N,1 kg P2O5,1 kg K2O,,,,nitrogen_N_singlescore_8.json,phosphorus_P2O5_singlescore_9.json,potassium_K2O_singlescore_10.json,32449784.888399996,185453281.08,0.0,217903065.9684
C6_2024,C6,2024,ha,Ozone depletion,Pt,127.6,54.0,0.0,,,,5.2984e-10,5.1356e-10,5.8312e-10,1 kg N,1 kg P2O5,1 kg K2O,,,,nitrogen_N_singlescore_8.json,phosphorus_P2O5_singlescore_9.json,potassium_K2O_singlescore_10.json,6.760758399999999e-08,2.7732240000000003e-08,0.0,9.5339824e-08
C6_2024,C6,2024,ha,Particulate matter,Pt,127.6,54.0,0.0,,,,2.56557e-11,1.5046200000000003e-11,1.45961e-11,1 kg N,1 kg P2O5,1 kg K2O,,,,nitrogen_N_singlescore_8.json,phosphorus_P2O5_singlescore_9.json,potassium_K2O_singlescore_10.json,3.27366732e-09,8.124948000000001e-10,0.0,4.08616212e-09
C6_2024,C6,2024,ha,Photochemical ozone formation,Pt,127.6,54.0,0.0,,,,0.00772702,0.015733399999999998,0.015512239999999998,1 kg N,1 kg P2O5,1 kg K2O,,,,nitrogen_N_singlescore_8.json,phosphorus_P2O5_singlescore_9.json,potassium_K2O_singlescore_10.json,0.985967752,0.8496035999999999,0.0,1.8355713519999999
C6_2024,C6,2024,ha,"Resource use, fossils",Pt,127.6,54.0,0.0,,,,252626.08020000003,232942.92750000002,229857.6558,1 kg N,1 kg P2O5,1 kg K2O,,,,nitrogen_N_singlescore_8.json,phosphorus_P2O5_singlescore_9.json,potassium_K2O_singlescore_10.json,32235087.833520003,12578918.085,0.0,44814005.91852
C6_2024,C6,2024,ha,"Resource use, minerals and metals",Pt,127.6,54.0,0.0,,,,1.3007999999999998e-07,2.5872e-07,2.472e-07,1 kg N,1 kg P2O5,1 kg K2O,,,,nitrogen_N_singlescore_8.json,phosphorus_P2O5_singlescore_9.json,potassium_K2O_singlescore_10.json,1.6598207999999998e-05,1.3970879999999999e-05,0.0,3.0569088e-05
C6_2024,C6,2024,ha,Total,Pt,127.6,54.0,0.0,,,,519378.6717280199,3764220.789358167,3484059.454128132,1 kg N,1 kg P2O5,1 kg K2O,,,,nitrogen_N_singlescore_8.json,phosphorus_P2O5_singlescore_9.json,potassium_K2O_singlescore_10.json,66272718.51249534,203267922.62534103,0.0,269540641.13783634
C6_2024,C6,2024,ha,Water use,Pt,127.6,54.0,0.0,,,,210.37731,1554.109634,1161.545319,1 kg N,1 kg P2O5,1 kg K2O,,,,nitrogen_N_singlescore_8.json,phosphorus_P2O5_singlescore_9.json,potassium_K2O_singlescore_10.json,26844.144755999998,83921.92023599999,0.0,110766.06499199999
C7_2023,C7,2023,ha,Acidification,Pt,112.23,45.0,45.0,,,,0.19821624,0.09966368,0.06340608,1 kg N,1 kg P2O5,1 kg K2O,,,,nitrogen_N_singlescore_8.json,phosphorus_P2O5_singlescore_9.json,potassium_K2O_singlescore_10.json,22.245808615199998,4.4848656,2.8532736,29.5839478152
C7_2023,C7,2023,ha,Climate change,Pt,112.23,45.0,45.0,,,,6645.07914,5038.05543,4986.658170000001,1 kg N,1 kg P2O5,1 kg K2O,,,,nitrogen_N_singlescore_8.json,phosphorus_P2O5_singlescore_9.json,potassium_K2O_singlescore_10.json,745777.2318822,226712.49435000002,224399.61765000003,1196889.3438822
C7_2023,C7,2023,ha,Climate change - Biogenic,Pt,112.23,45.0,45.0,,,,0.0,0.0,0.0,1 kg N,1 kg P2O5,1 kg K2O,,,,nitrogen_N_singlescore_8.json,phosphorus_P2O5_singlescore_9.json,potassium_K2O_singlescore_10.json,0.0,0.0,0.0,0.0
C7_2023,C7,2023,ha,Climate change - Fossil,Pt,112.23,45.0,45.0,,,,0.0,0.0,0.0,1 kg N,1 kg P2O5,1 kg K2O,,,,nitrogen_N_singlescore_8.json,phosphorus_P2O5_singlescore_9.json,potassium_K2O_singlescore_10.json,0.0,0.0,0.0,0.0
C7_2023,C7,2023,ha,Climate change - Land use and LU change,Pt,112.23,45.0,45.0,,,,0.0,0.0,0.0,1 kg N,1 kg P2O5,1 kg K2O,,,,nitrogen_N_singlescore_8.json,phosphorus_P2O5_singlescore_9.json,potassium_K2O_singlescore_10.json,0.0,0.0,0.0,0.0
C7_2023,C7,2023,ha,"Ecotoxicity, freshwater",Pt,112.23,45.0,45.0,,,,5565.61551,90293.99429999999,458127.314,1 kg N,1 kg P2O5,1 kg K2O,,,,nitrogen_N_singlescore_8.json,phosphorus_P2O5_singlescore_9.json,potassium_K2O_singlescore_10.json,624629.0286872999,4063229.7434999994,20615729.13,25303587.9021873
C7_2023,C7,2023,ha,"Ecotoxicity, freshwater - inorganics",Pt,112.23,45.0,45.0,,,,0.0,0.0,0.0,1 kg N,1 kg P2O5,1 kg K2O,,,,nitrogen_N_singlescore_8.json,phosphorus_P2O5_singlescore_9.json,potassium_K2O_singlescore_10.json,0.0,0.0,0.0,0.0
C7_2023,C7,2023,ha,"Ecotoxicity, freshwater - metals",Pt,112.23,45.0,45.0,,,,0.0,0.0,0.0,1 kg N,1 kg P2O5,1 kg K2O,,,,nitrogen_N_singlescore_8.json,phosphorus_P2O5_singlescore_9.json,potassium_K2O_singlescore_10.json,0.0,0.0,0.0,0.0
C7_2023,C7,2023,ha,"Ecotoxicity, freshwater - organics",Pt,112.23,45.0,45.0,,,,0.0,0.0,0.0,1 kg N,1 kg P2O5,1 kg K2O,,,,nitrogen_N_singlescore_8.json,phosphorus_P2O5_singlescore_9.json,potassium_K2O_singlescore_10.json,0.0,0.0,0.0,0.0
C7_2023,C7,2023,ha,"Eutrophication, freshwater",Pt,112.23,45.0,45.0,,,,4.5732e-06,1.96112e-05,1.2730799999999998e-05,1 kg N,1 kg P2O5,1 kg K2O,,,,nitrogen_N_singlescore_8.json,phosphorus_P2O5_singlescore_9.json,potassium_K2O_singlescore_10.json,0.000513250236,0.000882504,0.0005728859999999999,0.0019686402359999997
C7_2023,C7,2023,ha,"Eutrophication, marine",Pt,112.23,45.0,45.0,,,,0.002243326,0.002318746,0.002428524,1 kg N,1 kg P2O5,1 kg K2O,,,,nitrogen_N_singlescore_8.json,phosphorus_P2O5_singlescore_9.json,potassium_K2O_singlescore_10.json,0.25176847698,0.10434357,0.10928358,0.46539562698
C7_2023,C7,2023,ha,"Eutrophication, terrestrial",Pt,112.23,45.0,45.0,,,,1.58592573,0.34276347,0.38357631,1 kg N,1 kg P2O5,1 kg K2O,,,,nitrogen_N_singlescore_8.json,phosphorus_P2O5_singlescore_9.json,potassium_K2O_singlescore_10.json,177.98844467790002,15.424356150000001,17.26093395,210.67373477790002
C7_2023,C7,2023,ha,"Human toxicity, cancer",Pt,112.23,45.0,45.0,,,,4.3788000000000003e-16,2.0828e-15,1.4514e-15,1 kg N,1 kg P2O5,1 kg K2O,,,,nitrogen_N_singlescore_8.json,phosphorus_P2O5_singlescore_9.json,potassium_K2O_singlescore_10.json,4.9143272400000003e-14,9.3726e-14,6.5313e-14,2.081822724e-13
C7_2023,C7,2023,ha,"Human toxicity, cancer - inorganics",Pt,112.23,45.0,45.0,,,,0.0,0.0,0.0,1 kg N,1 kg P2O5,1 kg K2O,,,,nitrogen_N_singlescore_8.json,phosphorus_P2O5_singlescore_9.json,potassium_K2O_singlescore_10.json,0.0,0.0,0.0,0.0
C7_2023,C7,2023,ha,"Human toxicity, cancer - metals",Pt,112.23,45.0,45.0,,,,0.0,0.0,0.0,1 kg N,1 kg P2O5,1 kg K2O,,,,nitrogen_N_singlescore_8.json,phosphorus_P2O5_singlescore_9.json,potassium_K2O_singlescore_10.json,0.0,0.0,0.0,0.0
C7_2023,C7,2023,ha,"Human toxicity, cancer - organics",Pt,112.23,45.0,45.0,,,,0.0,0.0,0.0,1 kg N,1 kg P2O5,1 kg K2O,,,,nitrogen_N_singlescore_8.json,phosphorus_P2O5_singlescore_9.json,potassium_K2O_singlescore_10.json,0.0,0.0,0.0,0.0
C7_2023,C7,2023,ha,"Human toxicity, non-cancer",Pt,112.23,45.0,45.0,,,,1.748e-13,5.67226e-13,8.652599999999999e-13,1 kg N,1 kg P2O5,1 kg K2O,,,,nitrogen_N_singlescore_8.json,phosphorus_P2O5_singlescore_9.json,potassium_K2O_singlescore_10.json,1.9617804e-11,2.552517e-11,3.893669999999999e-11,8.407967399999999e-11
C7_2023,C7,2023,ha,"Human toxicity, non-cancer - inorganics",Pt,112.23,45.0,45.0,,,,0.0,0.0,0.0,1 kg N,1 kg P2O5,1 kg K2O,,,,nitrogen_N_singlescore_8.json,phosphorus_P2O5_singlescore_9.json,potassium_K2O_singlescore_10.json,0.0,0.0,0.0,0.0
C7_2023,C7,2023,ha,"Human toxicity, non-cancer - metals",Pt,112.23,45.0,45.0,,,,0.0,0.0,0.0,1 kg N,1 kg P2O5,1 kg K2O,,,,nitrogen_N_singlescore_8.json,phosphorus_P2O5_singlescore_9.json,potassium_K2O_singlescore_10.json,0.0,0.0,0.0,0.0
C7_2023,C7,2023,ha,"Human toxicity, non-cancer - organics",Pt,112.23,45.0,45.0,,,,0.0,0.0,0.0,1 kg N,1 kg P2O5,1 kg K2O,,,,nitrogen_N_singlescore_8.json,phosphorus_P2O5_singlescore_9.json,potassium_K2O_singlescore_10.json,0.0,0.0,0.0,0.0
C7_2023,C7,2023,ha,Ionising radiation,Pt,112.23,45.0,45.0,,,,21.066451,71.22199499999999,51.815903000000006,1 kg N,1 kg P2O5,1 kg K2O,,,,nitrogen_N_singlescore_8.json,phosphorus_P2O5_singlescore_9.json,potassium_K2O_singlescore_10.json,2364.28779573,3204.9897749999996,2331.7156350000005,7900.99320573
C7_2023,C7,2023,ha,Land use,Pt,112.23,45.0,45.0,,,,254308.65899999999,3434320.02,2789874.0,1 kg N,1 kg P2O5,1 kg K2O,,,,nitrogen_N_singlescore_8.json,phosphorus_P2O5_singlescore_9.json,potassium_K2O_singlescore_10.json,28541060.799569998,154544400.9,125544330.0,308629791.69957
C7_2023,C7,2023,ha,Ozone depletion,Pt,112.23,45.0,45.0,,,,5.2984e-10,5.1356e-10,5.8312e-10,1 kg N,1 kg P2O5,1 kg K2O,,,,nitrogen_N_singlescore_8.json,phosphorus_P2O5_singlescore_9.json,potassium_K2O_singlescore_10.json,5.9463943200000004e-08,2.31102e-08,2.6240400000000004e-08,1.0881454320000001e-07
C7_2023,C7,2023,ha,Particulate matter,Pt,112.23,45.0,45.0,,,,2.56557e-11,1.5046200000000003e-11,1.45961e-11,1 kg N,1 kg P2O5,1 kg K2O,,,,nitrogen_N_singlescore_8.json,phosphorus_P2O5_singlescore_9.json,potassium_K2O_singlescore_10.json,2.8793392110000003e-09,6.770790000000001e-10,6.568245e-10,4.213242711000001e-09
C7_2023,C7,2023,ha,Photochemical ozone formation,Pt,112.23,45.0,45.0,,,,0.00772702,0.015733399999999998,0.015512239999999998,1 kg N,1 kg P2O5,1 kg K2O,,,,nitrogen_N_singlescore_8.json,phosphorus_P2O5_singlescore_9.json,potassium_K2O_singlescore_10.json,0.8672034546,0.7080029999999999,0.6980508,2.2732572546
C7_2023,C7,2023,ha,"Resource use, fossils",Pt,112.23,45.0,45.0,,,,252626.08020000003,232942.92750000002,229857.6558,1 kg N,1 kg P2O5,1 kg K2O,,,,nitrogen_N_singlescore_8.json,phosphorus_P2O5_singlescore_9.json,potassium_K2O_singlescore_10.json,28352224.980846003,10482431.7375,10343594.511,49178251.229346
C7_2023,C7,2023,ha,"Resource use, minerals and metals",Pt,112.23,45.0,45.0,,,,1.3007999999999998e-07,2.5872e-07,2.472e-07,1 kg N,1 kg P2O5,1 kg K2O,,,,nitrogen_N_singlescore_8.json,phosphorus_P2O5_singlescore_9.json,potassium_K2O_singlescore_10.json,1.4598878399999998e-05,1.1642399999999999e-05,1.1123999999999999e-05,3.736527839999999e-05
C7_2023,C7,2023,ha,Total,Pt,112.23,45.0,45.0,,,,519378.6717280199,3764220.789358167,3484059.454128132,1 kg N,1 kg P2O5,1 kg K2O,,,,nitrogen_N_singlescore_8.json,phosphorus_P2O5_singlescore_9.json,potassium_K2O_singlescore_10.json,58289868.328035675,169389935.5211175,156782675.43576595,384462479.28491914
C7_2023,C7,2023,ha,Water use,Pt,112.23,45.0,45.0,,,,210.37731,1554.109634,1161.545319,1 kg N,1 kg P2O5,1 kg K2O,,,,nitrogen_N_singlescore_8.json,phosphorus_P2O5_singlescore_9.json,potassium_K2O_singlescore_10.json,23610.6455013,69934.93353,52269.539355,145815.1183863
C7_2024,C7,2024,ha,Acidification,Pt,140.41,71.68,73.93,,,,0.19821624,0.09966368,0.06340608,1 kg N,1 kg P2O5,1 kg K2O,,,,nitrogen_N_singlescore_8.json,phosphorus_P2O5_singlescore_9.json,potassium_K2O_singlescore_10.json,27.8315422584,7.143892582400001,4.6876114944000005,39.6630463352
C7_2024,C7,2024,ha,Climate change,Pt,140.41,71.68,73.93,,,,6645.07914,5038.05543,4986.658170000001,1 kg N,1 kg P2O5,1 kg K2O,,,,nitrogen_N_singlescore_8.json,phosphorus_P2O5_singlescore_9.json,potassium_K2O_singlescore_10.json,933035.5620473999,361127.8132224001,368663.63850810006,1662827.0137779
C7_2024,C7,2024,ha,Climate change - Biogenic,Pt,140.41,71.68,73.93,,,,0.0,0.0,0.0,1 kg N,1 kg P2O5,1 kg K2O,,,,nitrogen_N_singlescore_8.json,phosphorus_P2O5_singlescore_9.json,potassium_K2O_singlescore_10.json,0.0,0.0,0.0,0.0
C7_2024,C7,2024,ha,Climate change - Fossil,Pt,140.41,71.68,73.93,,,,0.0,0.0,0.0,1 kg N,1 kg P2O5,1 kg K2O,,,,nitrogen_N_singlescore_8.json,phosphorus_P2O5_singlescore_9.json,potassium_K2O_singlescore_10.json,0.0,0.0,0.0,0.0
C7_2024,C7,2024,ha,Climate change - Land use and LU change,Pt,140.41,71.68,73.93,,,,0.0,0.0,0.0,1 kg N,1 kg P2O5,1 kg K2O,,,,nitrogen_N_singlescore_8.json,phosphorus_P2O5_singlescore_9.json,potassium_K2O_singlescore_10.json,0.0,0.0,0.0,0.0
C7_2024,C7,2024,ha,"Ecotoxicity, freshwater",Pt,140.41,71.68,73.93,,,,5565.61551,90293.99429999999,458127.314,1 kg N,1 kg P2O5,1 kg K2O,,,,nitrogen_N_singlescore_8.json,phosphorus_P2O5_singlescore_9.json,potassium_K2O_singlescore_10.json,781468.0737590999,6472273.511424,33869352.324020006,41123093.909203105
C7_2024,C7,2024,ha,"Ecotoxicity, freshwater - inorganics",Pt,140.41,71.68,73.93,,,,0.0,0.0,0.0,1 kg N,1 kg P2O5,1 kg K2O,,,,nitrogen_N_singlescore_8.json,phosphorus_P2O5_singlescore_9.json,potassium_K2O_singlescore_10.json,0.0,0.0,0.0,0.0
C7_2024,C7,2024,ha,"Ecotoxicity, freshwater - metals",Pt,140.41,71.68,73.93,,,,0.0,0.0,0.0,1 kg N,1 kg P2O5,1 kg K2O,,,,nitrogen_N_singlescore_8.json,phosphorus_P2O5_singlescore_9.json,potassium_K2O_singlescore_10.json,0.0,0.0,0.0,0.0
C7_2024,C7,2024,ha,"Ecotoxicity, freshwater - organics",Pt,140.41,71.68,73.93,,,,0.0,0.0,0.0,1 kg N,1 kg P2O5,1 kg K2O,,,,nitrogen_N_singlescore_8.json,phosphorus_P2O5_singlescore_9.json,potassium_K2O_singlescore_10.json,0.0,0.0,0.0,0.0
C7_2024,C7,2024,ha,"Eutrophication, freshwater",Pt,140.41,71.68,73.93,,,,4.5732e-06,1.96112e-05,1.2730799999999998e-05,1 kg N,1 kg P2O5,1 kg K2O,,,,nitrogen_N_singlescore_8.json,phosphorus_P2O5_singlescore_9.json,potassium_K2O_singlescore_10.json,0.0006421230119999999,0.001405730816,0.000941188044,0.0029890418719999996
C7_2024,C7,2024,ha,"Eutrophication, marine",Pt,140.41,71.68,73.93,,,,0.002243326,0.002318746,0.002428524,1 kg N,1 kg P2O5,1 kg K2O,,,,nitrogen_N_singlescore_8.json,phosphorus_P2O5_singlescore_9.json,potassium_K2O_singlescore_10.json,0.31498540366,0.16620771328,0.17954077932,0.66073389626
C7_2024,C7,2024,ha,"Eutrophication, terrestrial",Pt,140.41,71.68,73.93,,,,1.58592573,0.34276347,0.38357631,1 kg N,1 kg P2O5,1 kg K2O,,,,nitrogen_N_singlescore_8.json,phosphorus_P2O5_singlescore_9.json,potassium_K2O_singlescore_10.json,222.6798317493,24.569285529600002,28.357796598300002,275.6069138772
C7_2024,C7,2024,ha,"Human toxicity, cancer",Pt,140.41,71.68,73.93,,,,4.3788000000000003e-16,2.0828e-15,1.4514e-15,1 kg N,1 kg P2O5,1 kg K2O,,,,nitrogen_N_singlescore_8.json,phosphorus_P2O5_singlescore_9.json,potassium_K2O_singlescore_10.json,6.148273080000001e-14,1.49295104e-13,1.0730200200000001e-13,3.180798368e-13
C7_2024,C7,2024,ha,"Human toxicity, cancer - inorganics",Pt,140.41,71.68,73.93,,,,0.0,0.0,0.0,1 kg N,1 kg P2O5,1 kg K2O,,,,nitrogen_N_singlescore_8.json,phosphorus_P2O5_singlescore_9.json,potassium_K2O_singlescore_10.json,0.0,0.0,0.0,0.0
C7_2024,C7,2024,ha,"Human toxicity, cancer - metals",Pt,140.41,71.68,73.93,,,,0.0,0.0,0.0,1 kg N,1 kg P2O5,1 kg K2O,,,,nitrogen_N_singlescore_8.json,phosphorus_P2O5_singlescore_9.json,potassium_K2O_singlescore_10.json,0.0,0.0,0.0,0.0
C7_2024,C7,2024,ha,"Human toxicity, cancer - organics",Pt,140.41,71.68,73.93,,,,0.0,0.0,0.0,1 kg N,1 kg P2O5,1 kg K2O,,,,nitrogen_N_singlescore_8.json,phosphorus_P2O5_singlescore_9.json,potassium_K2O_singlescore_10.json,0.0,0.0,0.0,0.0
C7_2024,C7,2024,ha,"Human toxicity, non-cancer",Pt,140.41,71.68,73.93,,,,1.748e-13,5.67226e-13,8.652599999999999e-13,1 kg N,1 kg P2O5,1 kg K2O,,,,nitrogen_N_singlescore_8.json,phosphorus_P2O5_singlescore_9.json,potassium_K2O_singlescore_10.json,2.4543667999999998e-11,4.0658759680000004e-11,6.39686718e-11,1.2917109948e-10
C7_2024,C7,2024,ha,"Human toxicity, non-cancer - inorganics",Pt,140.41,71.68,73.93,,,,0.0,0.0,0.0,1 kg N,1 kg P2O5,1 kg K2O,,,,nitrogen_N_singlescore_8.json,phosphorus_P2O5_singlescore_9.json,potassium_K2O_singlescore_10.json,0.0,0.0,0.0,0.0
C7_2024,C7,2024,ha,"Human toxicity, non-cancer - metals",Pt,140.41,71.68,73.93,,,,0.0,0.0,0.0,1 kg N,1 kg P2O5,1 kg K2O,,,,nitrogen_N_singlescore_8.json,phosphorus_P2O5_singlescore_9.json,potassium_K2O_singlescore_10.json,0.0,0.0,0.0,0.0
C7_2024,C7,2024,ha,"Human toxicity, non-cancer - organics",Pt,140.41,71.68,73.93,,,,0.0,0.0,0.0,1 kg N,1 kg P2O5,1 kg K2O,,,,nitrogen_N_singlescore_8.json,phosphorus_P2O5_singlescore_9.json,potassium_K2O_singlescore_10.json,0.0,0.0,0.0,0.0
C7_2024,C7,2024,ha,Ionising radiation,Pt,140.41,71.68,73.93,,,,21.066451,71.22199499999999,51.815903000000006,1 kg N,1 kg P2O5,1 kg K2O,,,,nitrogen_N_singlescore_8.json,phosphorus_P2O5_singlescore_9.json,potassium_K2O_singlescore_10.json,2957.94038491,5105.1926016,3830.7497087900006,11893.8826953
C7_2024,C7,2024,ha,Land use,Pt,140.41,71.68,73.93,,,,254308.65899999999,3434320.02,2789874.0,1 kg N,1 kg P2O5,1 kg K2O,,,,nitrogen_N_singlescore_8.json,phosphorus_P2O5_singlescore_9.json,potassium_K2O_singlescore_10.json,35707478.81019,246172059.03360003,206255384.82000002,488134922.6637901
C7_2024,C7,2024,ha,Ozone depletion,Pt,140.41,71.68,73.93,,,,5.2984e-10,5.1356e-10,5.8312e-10,1 kg N,1 kg P2O5,1 kg K2O,,,,nitrogen_N_singlescore_8.json,phosphorus_P2O5_singlescore_9.json,potassium_K2O_singlescore_10.json,7.43948344e-08,3.6811980800000006e-08,4.3110061600000007e-08,1.543168768e-07
C7_2024,C7,2024,ha,Particulate matter,Pt,140.41,71.68,73.93,,,,2.56557e-11,1.5046200000000003e-11,1.45961e-11,1 kg N,1 kg P2O5,1 kg K2O,,,,nitrogen_N_singlescore_8.json,phosphorus_P2O5_singlescore_9.json,potassium_K2O_singlescore_10.json,3.602316837e-09,1.0785116160000002e-09,1.079089673e-09,5.759918126e-09
C7_2024,C7,2024,ha,Photochemical ozone formation,Pt,140.41,71.68,73.93,,,,0.00772702,0.015733399999999998,0.015512239999999998,1 kg N,1 kg P2O5,1 kg K2O,,,,nitrogen_N_singlescore_8.json,phosphorus_P2O5_singlescore_9.json,potassium_K2O_singlescore_10.json,1.0849508782,1.1277701119999999,1.1468199032,3.3595408933999997
C7_2024,C7,2024,ha,"Resource use, fossils",Pt,140.41,71.68,73.93,,,,252626.08020000003,232942.92750000002,229857.6558,1 kg N,1 kg P2O5,1 kg K2O,,,,nitrogen_N_singlescore_8.json,phosphorus_P2O5_singlescore_9.json,potassium_K2O_singlescore_10.json,35471227.920882,16697349.043200003,16993376.493294,69161953.457376
C7_2024,C7,2024,ha,"Resource use, minerals and metals",Pt,140.41,71.68,73.93,,,,1.3007999999999998e-07,2.5872e-07,2.472e-07,1 kg N,1 kg P2O5,1 kg K2O,,,,nitrogen_N_singlescore_8.json,phosphorus_P2O5_singlescore_9.json,potassium_K2O_singlescore_10.json,1.8264532799999998e-05,1.85450496e-05,1.8275496e-05,5.50850784e-05
C7_2024,C7,2024,ha,Total,Pt,140.41,71.68,73.93,,,,519378.6717280199,3764220.789358167,3484059.454128132,1 kg N,1 kg P2O5,1 kg K2O,,,,nitrogen_N_singlescore_8.json,phosphorus_P2O5_singlescore_9.json,potassium_K2O_singlescore_10.json,72925959.29733127,269819346.1811934,257576515.44369283,600321820.9222175
C7_2024,C7,2024,ha,Water use,Pt,140.41,71.68,73.93,,,,210.37731,1554.109634,1161.545319,1 kg N,1 kg P2O5,1 kg K2O,,,,nitrogen_N_singlescore_8.json,phosphorus_P2O5_singlescore_9.json,potassium_K2O_singlescore_10.json,29539.0780971,111398.57856512,85873.04543367,226810.70209589
C8_2022,C8,2022,ha,Acidification,Pt,123.5010288066,25.0,0.0,,,,0.19821624,0.09966368,0.06340608,1 kg N,1 kg P2O5,1 kg K2O,,,,nitrogen_N_singlescore_8.json,phosphorus_P2O5_singlescore_9.json,potassium_K2O_singlescore_10.json,24.479909566175937,2.4915920000000003,0.0,26.971501566175938
C8_2022,C8,2022,ha,Climate change,Pt,123.5010288066,25.0,0.0,,,,6645.07914,5038.05543,4986.658170000001,1 kg N,1 kg P2O5,1 kg K2O,,,,nitrogen_N_singlescore_8.json,phosphorus_P2O5_singlescore_9.json,potassium_K2O_singlescore_10.json,820674.1102912767,125951.38575000002,0.0,946625.4960412767
C8_2022,C8,2022,ha,Climate change - Biogenic,Pt,123.5010288066,25.0,0.0,,,,0.0,0.0,0.0,1 kg N,1 kg P2O5,1 kg K2O,,,,nitrogen_N_singlescore_8.json,phosphorus_P2O5_singlescore_9.json,potassium_K2O_singlescore_10.json,0.0,0.0,0.0,0.0
C8_2022,C8,2022,ha,Climate change - Fossil,Pt,123.5010288066,25.0,0.0,,,,0.0,0.0,0.0,1 kg N,1 kg P2O5,1 kg K2O,,,,nitrogen_N_singlescore_8.json,phosphorus_P2O5_singlescore_9.json,potassium_K2O_singlescore_10.json,0.0,0.0,0.0,0.0
C8_2022,C8,2022,ha,Climate change - Land use and LU change,Pt,123.5010288066,25.0,0.0,,,,0.0,0.0,0.0,1 kg N,1 kg P2O5,1 kg K2O,,,,nitrogen_N_singlescore_8.json,phosphorus_P2O5_singlescore_9.json,potassium_K2O_singlescore_10.json,0.0,0.0,0.0,0.0
C8_2022,C8,2022,ha,"Ecotoxicity, freshwater",Pt,123.5010288066,25.0,0.0,,,,5565.61551,90293.99429999999,458127.314,1 kg N,1 kg P2O5,1 kg K2O,,,,nitrogen_N_singlescore_8.json,phosphorus_P2O5_singlescore_9.json,potassium_K2O_singlescore_10.json,687359.2414269698,2257349.8575,0.0,2944709.09892697
C8_2022,C8,2022,ha,"Ecotoxicity, freshwater - inorganics",Pt,123.5010288066,25.0,0.0,,,,0.0,0.0,0.0,1 kg N,1 kg P2O5,1 kg K2O,,,,nitrogen_N_singlescore_8.json,phosphorus_P2O5_singlescore_9.json,potassium_K2O_singlescore_10.json,0.0,0.0,0.0,0.0
C8_2022,C8,2022,ha,"Ecotoxicity, freshwater - metals",Pt,123.5010288066,25.0,0.0,,,,0.0,0.0,0.0,1 kg N,1 kg P2O5,1 kg K2O,,,,nitrogen_N_singlescore_8.json,phosphorus_P2O5_singlescore_9.json,potassium_K2O_singlescore_10.json,0.0,0.0,0.0,0.0
C8_2022,C8,2022,ha,"Ecotoxicity, freshwater - organics",Pt,123.5010288066,25.0,0.0,,,,0.0,0.0,0.0,1 kg N,1 kg P2O5,1 kg K2O,,,,nitrogen_N_singlescore_8.json,phosphorus_P2O5_singlescore_9.json,potassium_K2O_singlescore_10.json,0.0,0.0,0.0,0.0
C8_2022,C8,2022,ha,"Eutrophication, freshwater",Pt,123.5010288066,25.0,0.0,,,,4.5732e-06,1.96112e-05,1.2730799999999998e-05,1 kg N,1 kg P2O5,1 kg K2O,,,,nitrogen_N_singlescore_8.json,phosphorus_P2O5_singlescore_9.json,potassium_K2O_singlescore_10.json,0.0005647949049383431,0.00049028,0.0,0.001055074904938343
C8_2022,C8,2022,ha,"Eutrophication, marine",Pt,123.5010288066,25.0,0.0,,,,0.002243326,0.002318746,0.002428524,1 kg N,1 kg P2O5,1 kg K2O,,,,nitrogen_N_singlescore_8.json,phosphorus_P2O5_singlescore_9.json,potassium_K2O_singlescore_10.json,0.27705306894859477,0.05796865,0.0,0.3350217189485948
C8_2022,C8,2022,ha,"Eutrophication, terrestrial",Pt,123.5010288066,25.0,0.0,,,,1.58592573,0.34276347,0.38357631,1 kg N,1 kg P2O5,1 kg K2O,,,,nitrogen_N_singlescore_8.json,phosphorus_P2O5_singlescore_9.json,potassium_K2O_singlescore_10.json,195.86345926585815,8.56908675,0.0,204.43254601585815
C8_2022,C8,2022,ha,"Human toxicity, cancer",Pt,123.5010288066,25.0,0.0,,,,4.3788000000000003e-16,2.0828e-15,1.4514e-15,1 kg N,1 kg P2O5,1 kg K2O,,,,nitrogen_N_singlescore_8.json,phosphorus_P2O5_singlescore_9.json,potassium_K2O_singlescore_10.json,5.4078630493834016e-14,5.207e-14,0.0,1.0614863049383401e-13
C8_2022,C8,2022,ha,"Human toxicity, cancer - inorganics",Pt,123.5010288066,25.0,0.0,,,,0.0,0.0,0.0,1 kg N,1 kg P2O5,1 kg K2O,,,,nitrogen_N_singlescore_8.json,phosphorus_P2O5_singlescore_9.json,potassium_K2O_singlescore_10.json,0.0,0.0,0.0,0.0
C8_2022,C8,2022,ha,"Human toxicity, cancer - metals",Pt,123.5010288066,25.0,0.0,,,,0.0,0.0,0.0,1 kg N,1 kg P2O5,1 kg K2O,,,,nitrogen_N_singlescore_8.json,phosphorus_P2O5_singlescore_9.json,potassium_K2O_singlescore_10.json,0.0,0.0,0.0,0.0
C8_2022,C8,2022,ha,"Human toxicity, cancer - organics",Pt,123.5010288066,25.0,0.0,,,,0.0,0.0,0.0,1 kg N,1 kg P2O5,1 kg K2O,,,,nitrogen_N_singlescore_8.json,phosphorus_P2O5_singlescore_9.json,potassium_K2O_singlescore_10.json,0.0,0.0,0.0,0.0
C8_2022,C8,2022,ha,"Human toxicity, non-cancer",Pt,123.5010288066,25.0,0.0,,,,1.748e-13,5.67226e-13,8.652599999999999e-13,1 kg N,1 kg P2O5,1 kg K2O,,,,nitrogen_N_singlescore_8.json,phosphorus_P2O5_singlescore_9.json,potassium_K2O_singlescore_10.json,2.158797983539368e-11,1.418065e-11,0.0,3.5768629835393676e-11
C8_2022,C8,2022,ha,"Human toxicity, non-cancer - inorganics",Pt,123.5010288066,25.0,0.0,,,,0.0,0.0,0.0,1 kg N,1 kg P2O5,1 kg K2O,,,,nitrogen_N_singlescore_8.json,phosphorus_P2O5_singlescore_9.json,potassium_K2O_singlescore_10.json,0.0,0.0,0.0,0.0
C8_2022,C8,2022,ha,"Human toxicity, non-cancer - metals",Pt,123.5010288066,25.0,0.0,,,,0.0,0.0,0.0,1 kg N,1 kg P2O5,1 kg K2O,,,,nitrogen_N_singlescore_8.json,phosphorus_P2O5_singlescore_9.json,potassium_K2O_singlescore_10.json,0.0,0.0,0.0,0.0
C8_2022,C8,2022,ha,"Human toxicity, non-cancer - organics",Pt,123.5010288066,25.0,0.0,,,,0.0,0.0,0.0,1 kg N,1 kg P2O5,1 kg K2O,,,,nitrogen_N_singlescore_8.json,phosphorus_P2O5_singlescore_9.json,potassium_K2O_singlescore_10.json,0.0,0.0,0.0,0.0
C8_2022,C8,2022,ha,Ionising radiation,Pt,123.5010288066,25.0,0.0,,,,21.066451,71.22199499999999,51.815903000000006,1 kg N,1 kg P2O5,1 kg K2O,,,,nitrogen_N_singlescore_8.json,phosphorus_P2O5_singlescore_9.json,potassium_K2O_singlescore_10.json,2601.7283718038275,1780.5498749999997,0.0,4382.278246803828
C8_2022,C8,2022,ha,Land use,Pt,123.5010288066,25.0,0.0,,,,254308.65899999999,3434320.02,2789874.0,1 kg N,1 kg P2O5,1 kg K2O,,,,nitrogen_N_singlescore_8.json,phosphorus_P2O5_singlescore_9.json,potassium_K2O_singlescore_10.json,31407381.020926815,85858000.5,0.0,117265381.52092682
C8_2022,C8,2022,ha,Ozone depletion,Pt,123.5010288066,25.0,0.0,,,,5.2984e-10,5.1356e-10,5.8312e-10,1 kg N,1 kg P2O5,1 kg K2O,,,,nitrogen_N_singlescore_8.json,phosphorus_P2O5_singlescore_9.json,potassium_K2O_singlescore_10.json,6.543578510288895e-08,1.2839e-08,0.0,7.827478510288895e-08
C8_2022,C8,2022,ha,Particulate matter,Pt,123.5010288066,25.0,0.0,,,,2.56557e-11,1.5046200000000003e-11,1.45961e-11,1 kg N,1 kg P2O5,1 kg K2O,,,,nitrogen_N_singlescore_8.json,phosphorus_P2O5_singlescore_9.json,potassium_K2O_singlescore_10.json,3.168505344753488e-09,3.761550000000001e-10,0.0,3.544660344753488e-09
C8_2022,C8,2022,ha,Photochemical ozone formation,Pt,123.5010288066,25.0,0.0,,,,0.00772702,0.015733399999999998,0.015512239999999998,1 kg N,1 kg P2O5,1 kg K2O,,,,nitrogen_N_singlescore_8.json,phosphorus_P2O5_singlescore_9.json,potassium_K2O_singlescore_10.json,0.9542949196091743,0.39333499999999993,0.0,1.3476299196091743
C8_2022,C8,2022,ha,"Resource use, fossils",Pt,123.5010288066,25.0,0.0,,,,252626.08020000003,232942.92750000002,229857.6558,1 kg N,1 kg P2O5,1 kg K2O,,,,nitrogen_N_singlescore_8.json,phosphorus_P2O5_singlescore_9.json,potassium_K2O_singlescore_10.json,31199580.808078647,5823573.187500001,0.0,37023153.99557865
C8_2022,C8,2022,ha,"Resource use, minerals and metals",Pt,123.5010288066,25.0,0.0,,,,1.3007999999999998e-07,2.5872e-07,2.472e-07,1 kg N,1 kg P2O5,1 kg K2O,,,,nitrogen_N_singlescore_8.json,phosphorus_P2O5_singlescore_9.json,potassium_K2O_singlescore_10.json,1.6065013827162525e-05,6.468e-06,0.0,2.2533013827162525e-05
C8_2022,C8,2022,ha,Total,Pt,123.5010288066,25.0,0.0,,,,519378.6717280199,3764220.789358167,3484059.454128132,1 kg N,1 kg P2O5,1 kg K2O,,,,nitrogen_N_singlescore_8.json,phosphorus_P2O5_singlescore_9.json,potassium_K2O_singlescore_10.json,64143800.298615836,94105519.73395418,0.0,158249320.03257
C8_2022,C8,2022,ha,Water use,Pt,123.5010288066,25.0,0.0,,,,210.37731,1554.109634,1161.545319,1 kg N,1 kg P2O5,1 kg K2O,,,,nitrogen_N_singlescore_8.json,phosphorus_P2O5_singlescore_9.json,potassium_K2O_singlescore_10.json,25981.81422256502,38852.740849999995,0.0,64834.55507256501
C8_2023,C8,2023,ha,Acidification,Pt,76.8,44.77,44.77,,,,0.19821624,0.09966368,0.06340608,1 kg N,1 kg P2O5,1 kg K2O,,,,nitrogen_N_singlescore_8.json,phosphorus_P2O5_singlescore_9.json,potassium_K2O_singlescore_10.json,15.223007231999999,4.4619429536,2.8386902016000004,22.523640387199997
C8_2023,C8,2023,ha,Climate change,Pt,76.8,44.77,44.77,,,,6645.07914,5038.05543,4986.658170000001,1 kg N,1 kg P2O5,1 kg K2O,,,,nitrogen_N_singlescore_8.json,phosphorus_P2O5_singlescore_9.json,potassium_K2O_singlescore_10.json,510342.07795199996,225553.74160110002,223252.68627090004,959148.5058240001
C8_2023,C8,2023,ha,Climate change - Biogenic,Pt,76.8,44.77,44.77,,,,0.0,0.0,0.0,1 kg N,1 kg P2O5,1 kg K2O,,,,nitrogen_N_singlescore_8.json,phosphorus_P2O5_singlescore_9.json,potassium_K2O_singlescore_10.json,0.0,0.0,0.0,0.0
C8_2023,C8,2023,ha,Climate change - Fossil,Pt,76.8,44.77,44.77,,,,0.0,0.0,0.0,1 kg N,1 kg P2O5,1 kg K2O,,,,nitrogen_N_singlescore_8.json,phosphorus_P2O5_singlescore_9.json,potassium_K2O_singlescore_10.json,0.0,0.0,0.0,0.0
C8_2023,C8,2023,ha,Climate change - Land use and LU change,Pt,76.8,44.77,44.77,,,,0.0,0.0,0.0,1 kg N,1 kg P2O5,1 kg K2O,,,,nitrogen_N_singlescore_8.json,phosphorus_P2O5_singlescore_9.json,potassium_K2O_singlescore_10.json,0.0,0.0,0.0,0.0
C8_2023,C8,2023,ha,"Ecotoxicity, freshwater",Pt,76.8,44.77,44.77,,,,5565.61551,90293.99429999999,458127.314,1 kg N,1 kg P2O5,1 kg K2O,,,,nitrogen_N_singlescore_8.json,phosphorus_P2O5_singlescore_9.json,potassium_K2O_singlescore_10.json,427439.27116799995,4042462.1248109997,20510359.84778,24980261.243759
C8_2023,C8,2023,ha,"Ecotoxicity, freshwater - inorganics",Pt,76.8,44.77,44.77,,,,0.0,0.0,0.0,1 kg N,1 kg P2O5,1 kg K2O,,,,nitrogen_N_singlescore_8.json,phosphorus_P2O5_singlescore_9.json,potassium_K2O_singlescore_10.json,0.0,0.0,0.0,0.0
C8_2023,C8,2023,ha,"Ecotoxicity, freshwater - metals",Pt,76.8,44.77,44.77,,,,0.0,0.0,0.0,1 kg N,1 kg P2O5,1 kg K2O,,,,nitrogen_N_singlescore_8.json,phosphorus_P2O5_singlescore_9.json,potassium_K2O_singlescore_10.json,0.0,0.0,0.0,0.0
C8_2023,C8,2023,ha,"Ecotoxicity, freshwater - organics",Pt,76.8,44.77,44.77,,,,0.0,0.0,0.0,1 kg N,1 kg P2O5,1 kg K2O,,,,nitrogen_N_singlescore_8.json,phosphorus_P2O5_singlescore_9.json,potassium_K2O_singlescore_10.json,0.0,0.0,0.0,0.0
C8_2023,C8,2023,ha,"Eutrophication, freshwater",Pt,76.8,44.77,44.77,,,,4.5732e-06,1.96112e-05,1.2730799999999998e-05,1 kg N,1 kg P2O5,1 kg K2O,,,,nitrogen_N_singlescore_8.json,phosphorus_P2O5_singlescore_9.json,potassium_K2O_singlescore_10.json,0.00035122176,0.000877993424,0.000569957916,0.0017991730999999999
C8_2023,C8,2023,ha,"Eutrophication, marine",Pt,76.8,44.77,44.77,,,,0.002243326,0.002318746,0.002428524,1 kg N,1 kg P2O5,1 kg K2O,,,,nitrogen_N_singlescore_8.json,phosphorus_P2O5_singlescore_9.json,potassium_K2O_singlescore_10.json,0.1722874368,0.10381025842000001,0.10872501948,0.3848227147
C8_2023,C8,2023,ha,"Eutrophication, terrestrial",Pt,76.8,44.77,44.77,,,,1.58592573,0.34276347,0.38357631,1 kg N,1 kg P2O5,1 kg K2O,,,,nitrogen_N_singlescore_8.json,phosphorus_P2O5_singlescore_9.json,potassium_K2O_singlescore_10.json,121.799096064,15.345520551900002,17.1727113987,154.31732801459998
C8_2023,C8,2023,ha,"Human toxicity, cancer",Pt,76.8,44.77,44.77,,,,4.3788000000000003e-16,2.0828e-15,1.4514e-15,1 kg N,1 kg P2O5,1 kg K2O,,,,nitrogen_N_singlescore_8.json,phosphorus_P2O5_singlescore_9.json,potassium_K2O_singlescore_10.json,3.3629184e-14,9.3246956e-14,6.497917800000001e-14,1.91855318e-13
C8_2023,C8,2023,ha,"Human toxicity, cancer - inorganics",Pt,76.8,44.77,44.77,,,,0.0,0.0,0.0,1 kg N,1 kg P2O5,1 kg K2O,,,,nitrogen_N_singlescore_8.json,phosphorus_P2O5_singlescore_9.json,potassium_K2O_singlescore_10.json,0.0,0.0,0.0,0.0
C8_2023,C8,2023,ha,"Human toxicity, cancer - metals",Pt,76.8,44.77,44.77,,,,0.0,0.0,0.0,1 kg N,1 kg P2O5,1 kg K2O,,,,nitrogen_N_singlescore_8.json,phosphorus_P2O5_singlescore_9.json,potassium_K2O_singlescore_10.json,0.0,0.0,0.0,0.0
C8_2023,C8,2023,ha,"Human toxicity, cancer - organics",Pt,76.8,44.77,44.77,,,,0.0,0.0,0.0,1 kg N,1 kg P2O5,1 kg K2O,,,,nitrogen_N_singlescore_8.json,phosphorus_P2O5_singlescore_9.json,potassium_K2O_singlescore_10.json,0.0,0.0,0.0,0.0
C8_2023,C8,2023,ha,"Human toxicity, non-cancer",Pt,76.8,44.77,44.77,,,,1.748e-13,5.67226e-13,8.652599999999999e-13,1 kg N,1 kg P2O5,1 kg K2O,,,,nitrogen_N_singlescore_8.json,phosphorus_P2O5_singlescore_9.json,potassium_K2O_singlescore_10.json,1.3424639999999999e-11,2.5394708020000002e-11,3.87376902e-11,7.755703822e-11
C8_2023,C8,2023,ha,"Human toxicity, non-cancer - inorganics",Pt,76.8,44.77,44.77,,,,0.0,0.0,0.0,1 kg N,1 kg P2O5,1 kg K2O,,,,nitrogen_N_singlescore_8.json,phosphorus_P2O5_singlescore_9.json,potassium_K2O_singlescore_10.json,0.0,0.0,0.0,0.0
C8_2023,C8,2023,ha,"Human toxicity, non-cancer - metals",Pt,76.8,44.77,44.77,,,,0.0,0.0,0.0,1 kg N,1 kg P2O5,1 kg K2O,,,,nitrogen_N_singlescore_8.json,phosphorus_P2O5_singlescore_9.json,potassium_K2O_singlescore_10.json,0.0,0.0,0.0,0.0
C8_2023,C8,2023,ha,"Human toxicity, non-cancer - organics",Pt,76.8,44.77,44.77,,,,0.0,0.0,0.0,1 kg N,1 kg P2O5,1 kg K2O,,,,nitrogen_N_singlescore_8.json,phosphorus_P2O5_singlescore_9.json,potassium_K2O_singlescore_10.json,0.0,0.0,0.0,0.0
C8_2023,C8,2023,ha,Ionising radiation,Pt,76.8,44.77,44.77,,,,21.066451,71.22199499999999,51.815903000000006,1 kg N,1 kg P2O5,1 kg K2O,,,,nitrogen_N_singlescore_8.json,phosphorus_P2O5_singlescore_9.json,potassium_K2O_singlescore_10.json,1617.9034368,3188.60871615,2319.7979773100005,7126.310130260001
C8_2023,C8,2023,ha,Land use,Pt,76.8,44.77,44.77,,,,254308.65899999999,3434320.02,2789874.0,1 kg N,1 kg P2O5,1 kg K2O,,,,nitrogen_N_singlescore_8.json,phosphorus_P2O5_singlescore_9.json,potassium_K2O_singlescore_10.json,19530905.0112,153754507.29540002,124902658.98,298188071.28660005
C8_2023,C8,2023,ha,Ozone depletion,Pt,76.8,44.77,44.77,,,,5.2984e-10,5.1356e-10,5.8312e-10,1 kg N,1 kg P2O5,1 kg K2O,,,,nitrogen_N_singlescore_8.json,phosphorus_P2O5_singlescore_9.json,potassium_K2O_singlescore_10.json,4.0691712e-08,2.2992081200000004e-08,2.6106282400000003e-08,8.979007560000002e-08
C8_2023,C8,2023,ha,Particulate matter,Pt,76.8,44.77,44.77,,,,2.56557e-11,1.5046200000000003e-11,1.45961e-11,1 kg N,1 kg P2O5,1 kg K2O,,,,nitrogen_N_singlescore_8.json,phosphorus_P2O5_singlescore_9.json,potassium_K2O_singlescore_10.json,1.97035776e-09,6.736183740000002e-10,6.534673970000001e-10,3.2974435310000005e-09
C8_2023,C8,2023,ha,Photochemical ozone formation,Pt,76.8,44.77,44.77,,,,0.00772702,0.015733399999999998,0.015512239999999998,1 kg N,1 kg P2O5,1 kg K2O,,,,nitrogen_N_singlescore_8.json,phosphorus_P2O5_singlescore_9.json,potassium_K2O_singlescore_10.json,0.593435136,0.704384318,0.6944829847999999,1.9923024388
C8_2023,C8,2023,ha,"Resource use, fossils",Pt,76.8,44.77,44.77,,,,252626.08020000003,232942.92750000002,229857.6558,1 kg N,1 kg P2O5,1 kg K2O,,,,nitrogen_N_singlescore_8.json,phosphorus_P2O5_singlescore_9.json,potassium_K2O_singlescore_10.json,19401682.95936,10428854.864175001,10290727.250166,40121265.073701
C8_2023,C8,2023,ha,"Resource use, minerals and metals",Pt,76.8,44.77,44.77,,,,1.3007999999999998e-07,2.5872e-07,2.472e-07,1 kg N,1 kg P2O5,1 kg K2O,,,,nitrogen_N_singlescore_8.json,phosphorus_P2O5_singlescore_9.json,potassium_K2O_singlescore_10.json,9.990143999999998e-06,1.15828944e-05,1.1067144e-05,3.26401824e-05
C8_2023,C8,2023,ha,Total,Pt,76.8,44.77,44.77,,,,519378.6717280199,3764220.789358167,3484059.454128132,1 kg N,1 kg P2O5,1 kg K2O,,,,nitrogen_N_singlescore_8.json,phosphorus_P2O5_singlescore_9.json,potassium_K2O_singlescore_10.json,39888281.98871192,168524164.73956513,155981341.76131648,364393788.4895935
C8_2023,C8,2023,ha,Water use,Pt,76.8,44.77,44.77,,,,210.37731,1554.109634,1161.545319,1 kg N,1 kg P2O5,1 kg K2O,,,,nitrogen_N_singlescore_8.json,phosphorus_P2O5_singlescore_9.json,potassium_K2O_singlescore_10.json,16156.977407999999,69577.48831418,52002.38393163001,137736.84965381
C8_2024,C8,2024,ha,Acidification,Pt,136.0,60.0,0.0,,,,0.19821624,0.09966368,0.06340608,1 kg N,1 kg P2O5,1 kg K2O,,,,nitrogen_N_singlescore_8.json,phosphorus_P2O5_singlescore_9.json,potassium_K2O_singlescore_10.json,26.957408639999997,5.979820800000001,0.0,32.937229439999996
C8_2024,C8,2024,ha,Climate change,Pt,136.0,60.0,0.0,,,,6645.07914,5038.05543,4986.658170000001,1 kg N,1 kg P2O5,1 kg K2O,,,,nitrogen_N_singlescore_8.json,phosphorus_P2O5_singlescore_9.json,potassium_K2O_singlescore_10.json,903730.76304,302283.3258,0.0,1206014.0888399999
C8_2024,C8,2024,ha,Climate change - Biogenic,Pt,136.0,60.0,0.0,,,,0.0,0.0,0.0,1 kg N,1 kg P2O5,1 kg K2O,,,,nitrogen_N_singlescore_8.json,phosphorus_P2O5_singlescore_9.json,potassium_K2O_singlescore_10.json,0.0,0.0,0.0,0.0
C8_2024,C8,2024,ha,Climate change - Fossil,Pt,136.0,60.0,0.0,,,,0.0,0.0,0.0,1 kg N,1 kg P2O5,1 kg K2O,,,,nitrogen_N_singlescore_8.json,phosphorus_P2O5_singlescore_9.json,potassium_K2O_singlescore_10.json,0.0,0.0,0.0,0.0
C8_2024,C8,2024,ha,Climate change - Land use and LU change,Pt,136.0,60.0,0.0,,,,0.0,0.0,0.0,1 kg N,1 kg P2O5,1 kg K2O,,,,nitrogen_N_singlescore_8.json,phosphorus_P2O5_singlescore_9.json,potassium_K2O_singlescore_10.json,0.0,0.0,0.0,0.0
C8_2024,C8,2024,ha,"Ecotoxicity, freshwater",Pt,136.0,60.0,0.0,,,,5565.61551,90293.99429999999,458127.314,1 kg N,1 kg P2O5,1 kg K2O,,,,nitrogen_N_singlescore_8.json,phosphorus_P2O5_singlescore_9.json,potassium_K2O_singlescore_10.json,756923.70936,5417639.658,0.0,6174563.36736
C8_2024,C8,2024,ha,"Ecotoxicity, freshwater - inorganics",Pt,136.0,60.0,0.0,,,,0.0,0.0,0.0,1 kg N,1 kg P2O5,1 kg K2O,,,,nitrogen_N_singlescore_8.json,phosphorus_P2O5_singlescore_9.json,potassium_K2O_singlescore_10.json,0.0,0.0,0.0,0.0
C8_2024,C8,2024,ha,"Ecotoxicity, freshwater - metals",Pt,136.0,60.0,0.0,,,,0.0,0.0,0.0,1 kg N,1 kg P2O5,1 kg K2O,,,,nitrogen_N_singlescore_8.json,phosphorus_P2O5_singlescore_9.json,potassium_K2O_singlescore_10.json,0.0,0.0,0.0,0.0
C8_2024,C8,2024,ha,"Ecotoxicity, freshwater - organics",Pt,136.0,60.0,0.0,,,,0.0,0.0,0.0,1 kg N,1 kg P2O5,1 kg K2O,,,,nitrogen_N_singlescore_8.json,phosphorus_P2O5_singlescore_9.json,potassium_K2O_singlescore_10.json,0.0,0.0,0.0,0.0
C8_2024,C8,2024,ha,"Eutrophication, freshwater",Pt,136.0,60.0,0.0,,,,4.5732e-06,1.96112e-05,1.2730799999999998e-05,1 kg N,1 kg P2O5,1 kg K2O,,,,nitrogen_N_singlescore_8.json,phosphorus_P2O5_singlescore_9.json,potassium_K2O_singlescore_10.json,0.0006219552,0.001176672,0.0,0.0017986271999999998
C8_2024,C8,2024,ha,"Eutrophication, marine",Pt,136.0,60.0,0.0,,,,0.002243326,0.002318746,0.002428524,1 kg N,1 kg P2O5,1 kg K2O,,,,nitrogen_N_singlescore_8.json,phosphorus_P2O5_singlescore_9.json,potassium_K2O_singlescore_10.json,0.30509233599999996,0.13912476000000001,0.0,0.444217096
C8_2024,C8,2024,ha,"Eutrophication, terrestrial",Pt,136.0,60.0,0.0,,,,1.58592573,0.34276347,0.38357631,1 kg N,1 kg P2O5,1 kg K2O,,,,nitrogen_N_singlescore_8.json,phosphorus_P2O5_singlescore_9.json,potassium_K2O_singlescore_10.json,215.68589928,20.5658082,0.0,236.25170748
C8_2024,C8,2024,ha,"Human toxicity, cancer",Pt,136.0,60.0,0.0,,,,4.3788000000000003e-16,2.0828e-15,1.4514e-15,1 kg N,1 kg P2O5,1 kg K2O,,,,nitrogen_N_singlescore_8.json,phosphorus_P2O5_singlescore_9.json,potassium_K2O_singlescore_10.json,5.955168000000001e-14,1.2496799999999998e-13,0.0,1.8451967999999999e-13
C8_2024,C8,2024,ha,"Human toxicity, cancer - inorganics",Pt,136.0,60.0,0.0,,,,0.0,0.0,0.0,1 kg N,1 kg P2O5,1 kg K2O,,,,nitrogen_N_singlescore_8.json,phosphorus_P2O5_singlescore_9.json,potassium_K2O_singlescore_10.json,0.0,0.0,0.0,0.0
C8_2024,C8,2024,ha,"Human toxicity, cancer - metals",Pt,136.0,60.0,0.0,,,,0.0,0.0,0.0,1 kg N,1 kg P2O5,1 kg K2O,,,,nitrogen_N_singlescore_8.json,phosphorus_P2O5_singlescore_9.json,potassium_K2O_singlescore_10.json,0.0,0.0,0.0,0.0
C8_2024,C8,2024,ha,"Human toxicity, cancer - organics",Pt,136.0,60.0,0.0,,,,0.0,0.0,0.0,1 kg N,1 kg P2O5,1 kg K2O,,,,nitrogen_N_singlescore_8.json,phosphorus_P2O5_singlescore_9.json,potassium_K2O_singlescore_10.json,0.0,0.0,0.0,0.0
C8_2024,C8,2024,ha,"Human toxicity, non-cancer",Pt,136.0,60.0,0.0,,,,1.748e-13,5.67226e-13,8.652599999999999e-13,1 kg N,1 kg P2O5,1 kg K2O,,,,nitrogen_N_singlescore_8.json,phosphorus_P2O5_singlescore_9.json,potassium_K2O_singlescore_10.json,2.37728e-11,3.403356e-11,0.0,5.780636e-11
C8_2024,C8,2024,ha,"Human toxicity, non-cancer - inorganics",Pt,136.0,60.0,0.0,,,,0.0,0.0,0.0,1 kg N,1 kg P2O5,1 kg K2O,,,,nitrogen_N_singlescore_8.json,phosphorus_P2O5_singlescore_9.json,potassium_K2O_singlescore_10.json,0.0,0.0,0.0,0.0
C8_2024,C8,2024,ha,"Human toxicity, non-cancer - metals",Pt,136.0,60.0,0.0,,,,0.0,0.0,0.0,1 kg N,1 kg P2O5,1 kg K2O,,,,nitrogen_N_singlescore_8.json,phosphorus_P2O5_singlescore_9.json,potassium_K2O_singlescore_10.json,0.0,0.0,0.0,0.0
C8_2024,C8,2024,ha,"Human toxicity, non-cancer - organics",Pt,136.0,60.0,0.0,,,,0.0,0.0,0.0,1 kg N,1 kg P2O5,1 kg K2O,,,,nitrogen_N_singlescore_8.json,phosphorus_P2O5_singlescore_9.json,potassium_K2O_singlescore_10.json,0.0,0.0,0.0,0.0
C8_2024,C8,2024,ha,Ionising radiation,Pt,136.0,60.0,0.0,,,,21.066451,71.22199499999999,51.815903000000006,1 kg N,1 kg P2O5,1 kg K2O,,,,nitrogen_N_singlescore_8.json,phosphorus_P2O5_singlescore_9.json,potassium_K2O_singlescore_10.json,2865.0373360000003,4273.3197,0.0,7138.357036
C8_2024,C8,2024,ha,Land use,Pt,136.0,60.0,0.0,,,,254308.65899999999,3434320.02,2789874.0,1 kg N,1 kg P2O5,1 kg K2O,,,,nitrogen_N_singlescore_8.json,phosphorus_P2O5_singlescore_9.json,potassium_K2O_singlescore_10.json,34585977.624,206059201.2,0.0,240645178.824
C8_2024,C8,2024,ha,Ozone depletion,Pt,136.0,60.0,0.0,,,,5.2984e-10,5.1356e-10,5.8312e-10,1 kg N,1 kg P2O5,1 kg K2O,,,,nitrogen_N_singlescore_8.json,phosphorus_P2O5_singlescore_9.json,potassium_K2O_singlescore_10.json,7.205824e-08,3.0813600000000005e-08,0.0,1.0287184000000001e-07
C8_2024,C8,2024,ha,Particulate matter,Pt,136.0,60.0,0.0,,,,2.56557e-11,1.5046200000000003e-11,1.45961e-11,1 kg N,1 kg P2O5,1 kg K2O,,,,nitrogen_N_singlescore_8.json,phosphorus_P2O5_singlescore_9.json,potassium_K2O_singlescore_10.json,3.4891752000000003e-09,9.027720000000002e-10,0.0,4.3919472e-09
C8_2024,C8,2024,ha,Photochemical ozone formation,Pt,136.0,60.0,0.0,,,,0.00772702,0.015733399999999998,0.015512239999999998,1 kg N,1 kg P2O5,1 kg K2O,,,,nitrogen_N_singlescore_8.json,phosphorus_P2O5_singlescore_9.json,potassium_K2O_singlescore_10.json,1.05087472,0.9440039999999998,0.0,1.9948787199999998
C8_2024,C8,2024,ha,"Resource use, fossils",Pt,136.0,60.0,0.0,,,,252626.08020000003,232942.92750000002,229857.6558,1 kg N,1 kg P2O5,1 kg K2O,,,,nitrogen_N_singlescore_8.json,phosphorus_P2O5_singlescore_9.json,potassium_K2O_singlescore_10.json,34357146.9072,13976575.65,0.0,48333722.5572
C8_2024,C8,2024,ha,"Resource use, minerals and metals",Pt,136.0,60.0,0.0,,,,1.3007999999999998e-07,2.5872e-07,2.472e-07,1 kg N,1 kg P2O5,1 kg K2O,,,,nitrogen_N_singlescore_8.json,phosphorus_P2O5_singlescore_9.json,potassium_K2O_singlescore_10.json,1.769088e-05,1.5523199999999997e-05,0.0,3.3214079999999996e-05
C8_2024,C8,2024,ha,Total,Pt,136.0,60.0,0.0,,,,519378.6717280199,3764220.789358167,3484059.454128132,1 kg N,1 kg P2O5,1 kg K2O,,,,nitrogen_N_singlescore_8.json,phosphorus_P2O5_singlescore_9.json,potassium_K2O_singlescore_10.json,70635499.3550107,225853247.36149,0.0,296488746.7165007
C8_2024,C8,2024,ha,Water use,Pt,136.0,60.0,0.0,,,,210.37731,1554.109634,1161.545319,1 kg N,1 kg P2O5,1 kg K2O,,,,nitrogen_N_singlescore_8.json,phosphorus_P2O5_singlescore_9.json,potassium_K2O_singlescore_10.json,28611.314159999998,93246.57804,0.0,121857.89219999999
D1_2022,D1,2022,ha,Acidification,Pt,79.44,24.24,24.24,,,,0.19821624,0.09966368,0.06340608,1 kg N,1 kg P2O5,1 kg K2O,,,,nitrogen_N_singlescore_8.json,phosphorus_P2O5_singlescore_9.json,potassium_K2O_singlescore_10.json,15.7462981056,2.4158476032,1.5369633792,19.699109088
D1_2022,D1,2022,ha,Climate change,Pt,79.44,24.24,24.24,,,,6645.07914,5038.05543,4986.658170000001,1 kg N,1 kg P2O5,1 kg K2O,,,,nitrogen_N_singlescore_8.json,phosphorus_P2O5_singlescore_9.json,potassium_K2O_singlescore_10.json,527885.0868816,122122.4636232,120876.5940408,770884.1445455999
D1_2022,D1,2022,ha,Climate change - Biogenic,Pt,79.44,24.24,24.24,,,,0.0,0.0,0.0,1 kg N,1 kg P2O5,1 kg K2O,,,,nitrogen_N_singlescore_8.json,phosphorus_P2O5_singlescore_9.json,potassium_K2O_singlescore_10.json,0.0,0.0,0.0,0.0
D1_2022,D1,2022,ha,Climate change - Fossil,Pt,79.44,24.24,24.24,,,,0.0,0.0,0.0,1 kg N,1 kg P2O5,1 kg K2O,,,,nitrogen_N_singlescore_8.json,phosphorus_P2O5_singlescore_9.json,potassium_K2O_singlescore_10.json,0.0,0.0,0.0,0.0
D1_2022,D1,2022,ha,Climate change - Land use and LU change,Pt,79.44,24.24,24.24,,,,0.0,0.0,0.0,1 kg N,1 kg P2O5,1 kg K2O,,,,nitrogen_N_singlescore_8.json,phosphorus_P2O5_singlescore_9.json,potassium_K2O_singlescore_10.json,0.0,0.0,0.0,0.0
D1_2022,D1,2022,ha,"Ecotoxicity, freshwater",Pt,79.44,24.24,24.24,,,,5565.61551,90293.99429999999,458127.314,1 kg N,1 kg P2O5,1 kg K2O,,,,nitrogen_N_singlescore_8.json,phosphorus_P2O5_singlescore_9.json,potassium_K2O_singlescore_10.json,442132.4961144,2188726.4218319994,11105006.091359999,13735865.009306397
D1_2022,D1,2022,ha,"Ecotoxicity, freshwater - inorganics",Pt,79.44,24.24,24.24,,,,0.0,0.0,0.0,1 kg N,1 kg P2O5,1 kg K2O,,,,nitrogen_N_singlescore_8.json,phosphorus_P2O5_singlescore_9.json,potassium_K2O_singlescore_10.json,0.0,0.0,0.0,0.0
D1_2022,D1,2022,ha,"Ecotoxicity, freshwater - metals",Pt,79.44,24.24,24.24,,,,0.0,0.0,0.0,1 kg N,1 kg P2O5,1 kg K2O,,,,nitrogen_N_singlescore_8.json,phosphorus_P2O5_singlescore_9.json,potassium_K2O_singlescore_10.json,0.0,0.0,0.0,0.0
D1_2022,D1,2022,ha,"Ecotoxicity, freshwater - organics",Pt,79.44,24.24,24.24,,,,0.0,0.0,0.0,1 kg N,1 kg P2O5,1 kg K2O,,,,nitrogen_N_singlescore_8.json,phosphorus_P2O5_singlescore_9.json,potassium_K2O_singlescore_10.json,0.0,0.0,0.0,0.0
D1_2022,D1,2022,ha,"Eutrophication, freshwater",Pt,79.44,24.24,24.24,,,,4.5732e-06,1.96112e-05,1.2730799999999998e-05,1 kg N,1 kg P2O5,1 kg K2O,,,,nitrogen_N_singlescore_8.json,phosphorus_P2O5_singlescore_9.json,potassium_K2O_singlescore_10.json,0.00036329500799999994,0.00047537548799999994,0.00030859459199999995,0.0011472650879999998
D1_2022,D1,2022,ha,"Eutrophication, marine",Pt,79.44,24.24,24.24,,,,0.002243326,0.002318746,0.002428524,1 kg N,1 kg P2O5,1 kg K2O,,,,nitrogen_N_singlescore_8.json,phosphorus_P2O5_singlescore_9.json,potassium_K2O_singlescore_10.json,0.17820981744,0.05620640304,0.05886742176,0.29328364224
D1_2022,D1,2022,ha,"Eutrophication, terrestrial",Pt,79.44,24.24,24.24,,,,1.58592573,0.34276347,0.38357631,1 kg N,1 kg P2O5,1 kg K2O,,,,nitrogen_N_singlescore_8.json,phosphorus_P2O5_singlescore_9.json,potassium_K2O_singlescore_10.json,125.9859399912,8.3085865128,9.297889754399998,143.5924162584
D1_2022,D1,2022,ha,"Human toxicity, cancer",Pt,79.44,24.24,24.24,,,,4.3788000000000003e-16,2.0828e-15,1.4514e-15,1 kg N,1 kg P2O5,1 kg K2O,,,,nitrogen_N_singlescore_8.json,phosphorus_P2O5_singlescore_9.json,potassium_K2O_singlescore_10.json,3.47851872e-14,5.048707199999999e-14,3.5181936e-14,1.204541952e-13
D1_2022,D1,2022,ha,"Human toxicity, cancer - inorganics",Pt,79.44,24.24,24.24,,,,0.0,0.0,0.0,1 kg N,1 kg P2O5,1 kg K2O,,,,nitrogen_N_singlescore_8.json,phosphorus_P2O5_singlescore_9.json,potassium_K2O_singlescore_10.json,0.0,0.0,0.0,0.0
D1_2022,D1,2022,ha,"Human toxicity, cancer - metals",Pt,79.44,24.24,24.24,,,,0.0,0.0,0.0,1 kg N,1 kg P2O5,1 kg K2O,,,,nitrogen_N_singlescore_8.json,phosphorus_P2O5_singlescore_9.json,potassium_K2O_singlescore_10.json,0.0,0.0,0.0,0.0
D1_2022,D1,2022,ha,"Human toxicity, cancer - organics",Pt,79.44,24.24,24.24,,,,0.0,0.0,0.0,1 kg N,1 kg P2O5,1 kg K2O,,,,nitrogen_N_singlescore_8.json,phosphorus_P2O5_singlescore_9.json,potassium_K2O_singlescore_10.json,0.0,0.0,0.0,0.0
D1_2022,D1,2022,ha,"Human toxicity, non-cancer",Pt,79.44,24.24,24.24,,,,1.748e-13,5.67226e-13,8.652599999999999e-13,1 kg N,1 kg P2O5,1 kg K2O,,,,nitrogen_N_singlescore_8.json,phosphorus_P2O5_singlescore_9.json,potassium_K2O_singlescore_10.json,1.3886112e-11,1.374955824e-11,2.0973902399999997e-11,4.860957264e-11
D1_2022,D1,2022,ha,"Human toxicity, non-cancer - inorganics",Pt,79.44,24.24,24.24,,,,0.0,0.0,0.0,1 kg N,1 kg P2O5,1 kg K2O,,,,nitrogen_N_singlescore_8.json,phosphorus_P2O5_singlescore_9.json,potassium_K2O_singlescore_10.json,0.0,0.0,0.0,0.0
D1_2022,D1,2022,ha,"Human toxicity, non-cancer - metals",Pt,79.44,24.24,24.24,,,,0.0,0.0,0.0,1 kg N,1 kg P2O5,1 kg K2O,,,,nitrogen_N_singlescore_8.json,phosphorus_P2O5_singlescore_9.json,potassium_K2O_singlescore_10.json,0.0,0.0,0.0,0.0
D1_2022,D1,2022,ha,"Human toxicity, non-cancer - organics",Pt,79.44,24.24,24.24,,,,0.0,0.0,0.0,1 kg N,1 kg P2O5,1 kg K2O,,,,nitrogen_N_singlescore_8.json,phosphorus_P2O5_singlescore_9.json,potassium_K2O_singlescore_10.json,0.0,0.0,0.0,0.0
D1_2022,D1,2022,ha,Ionising radiation,Pt,79.44,24.24,24.24,,,,21.066451,71.22199499999999,51.815903000000006,1 kg N,1 kg P2O5,1 kg K2O,,,,nitrogen_N_singlescore_8.json,phosphorus_P2O5_singlescore_9.json,potassium_K2O_singlescore_10.json,1673.51886744,1726.4211587999996,1256.01748872,4655.95751496
D1_2022,D1,2022,ha,Land use,Pt,79.44,24.24,24.24,,,,254308.65899999999,3434320.02,2789874.0,1 kg N,1 kg P2O5,1 kg K2O,,,,nitrogen_N_singlescore_8.json,phosphorus_P2O5_singlescore_9.json,potassium_K2O_singlescore_10.json,20202279.870959997,83247917.2848,67626545.75999999,171076742.91575998
D1_2022,D1,2022,ha,Ozone depletion,Pt,79.44,24.24,24.24,,,,5.2984e-10,5.1356e-10,5.8312e-10,1 kg N,1 kg P2O5,1 kg K2O,,,,nitrogen_N_singlescore_8.json,phosphorus_P2O5_singlescore_9.json,potassium_K2O_singlescore_10.json,4.20904896e-08,1.24486944e-08,1.41348288e-08,6.86740128e-08
D1_2022,D1,2022,ha,Particulate matter,Pt,79.44,24.24,24.24,,,,2.56557e-11,1.5046200000000003e-11,1.45961e-11,1 kg N,1 kg P2O5,1 kg K2O,,,,nitrogen_N_singlescore_8.json,phosphorus_P2O5_singlescore_9.json,potassium_K2O_singlescore_10.json,2.038088808e-09,3.6471988800000005e-10,3.53809464e-10,2.75661816e-09
D1_2022,D1,2022,ha,Photochemical ozone formation,Pt,79.44,24.24,24.24,,,,0.00772702,0.015733399999999998,0.015512239999999998,1 kg N,1 kg P2O5,1 kg K2O,,,,nitrogen_N_singlescore_8.json,phosphorus_P2O5_singlescore_9.json,potassium_K2O_singlescore_10.json,0.6138344688,0.3813776159999999,0.37601669759999995,1.3712287823999998
D1_2022,D1,2022,ha,"Resource use, fossils",Pt,79.44,24.24,24.24,,,,252626.08020000003,232942.92750000002,229857.6558,1 kg N,1 kg P2O5,1 kg K2O,,,,nitrogen_N_singlescore_8.json,phosphorus_P2O5_singlescore_9.json,potassium_K2O_singlescore_10.json,20068615.811088003,5646536.5626,5571749.576592,31286901.950280003
D1_2022,D1,2022,ha,"Resource use, minerals and metals",Pt,79.44,24.24,24.24,,,,1.3007999999999998e-07,2.5872e-07,2.472e-07,1 kg N,1 kg P2O5,1 kg K2O,,,,nitrogen_N_singlescore_8.json,phosphorus_P2O5_singlescore_9.json,potassium_K2O_singlescore_10.json,1.0333555199999999e-05,6.271372799999999e-06,5.992128e-06,2.2597055999999997e-05
D1_2022,D1,2022,ha,Total,Pt,79.44,24.24,24.24,,,,519378.6717280199,3764220.789358167,3484059.454128132,1 kg N,1 kg P2O5,1 kg K2O,,,,nitrogen_N_singlescore_8.json,phosphorus_P2O5_singlescore_9.json,potassium_K2O_singlescore_10.json,41259441.6820739,91244711.93404196,84453601.16806592,216957754.78418177
D1_2022,D1,2022,ha,Water use,Pt,79.44,24.24,24.24,,,,210.37731,1554.109634,1161.545319,1 kg N,1 kg P2O5,1 kg K2O,,,,nitrogen_N_singlescore_8.json,phosphorus_P2O5_singlescore_9.json,potassium_K2O_singlescore_10.json,16712.3735064,37671.61752815999,28155.85853256,82539.84956711999
D1_2023,D1,2023,ha,Acidification,Pt,47.0,60.0,90.0,,,,0.19821624,0.09966368,0.06340608,1 kg N,1 kg P2O5,1 kg K2O,,,,nitrogen_N_singlescore_8.json,phosphorus_P2O5_singlescore_9.json,potassium_K2O_singlescore_10.json,9.31616328,5.979820800000001,5.7065472,21.00253128
D1_2023,D1,2023,ha,Climate change,Pt,47.0,60.0,90.0,,,,6645.07914,5038.05543,4986.658170000001,1 kg N,1 kg P2O5,1 kg K2O,,,,nitrogen_N_singlescore_8.json,phosphorus_P2O5_singlescore_9.json,potassium_K2O_singlescore_10.json,312318.71958,302283.3258,448799.23530000006,1063401.28068
D1_2023,D1,2023,ha,Climate change - Biogenic,Pt,47.0,60.0,90.0,,,,0.0,0.0,0.0,1 kg N,1 kg P2O5,1 kg K2O,,,,nitrogen_N_singlescore_8.json,phosphorus_P2O5_singlescore_9.json,potassium_K2O_singlescore_10.json,0.0,0.0,0.0,0.0
D1_2023,D1,2023,ha,Climate change - Fossil,Pt,47.0,60.0,90.0,,,,0.0,0.0,0.0,1 kg N,1 kg P2O5,1 kg K2O,,,,nitrogen_N_singlescore_8.json,phosphorus_P2O5_singlescore_9.json,potassium_K2O_singlescore_10.json,0.0,0.0,0.0,0.0
D1_2023,D1,2023,ha,Climate change - Land use and LU change,Pt,47.0,60.0,90.0,,,,0.0,0.0,0.0,1 kg N,1 kg P2O5,1 kg K2O,,,,nitrogen_N_singlescore_8.json,phosphorus_P2O5_singlescore_9.json,potassium_K2O_singlescore_10.json,0.0,0.0,0.0,0.0
D1_2023,D1,2023,ha,"Ecotoxicity, freshwater",Pt,47.0,60.0,90.0,,,,5565.61551,90293.99429999999,458127.314,1 kg N,1 kg P2O5,1 kg K2O,,,,nitrogen_N_singlescore_8.json,phosphorus_P2O5_singlescore_9.json,potassium_K2O_singlescore_10.json,261583.92896999998,5417639.658,41231458.26,46910681.84697
D1_2023,D1,2023,ha,"Ecotoxicity, freshwater - inorganics",Pt,47.0,60.0,90.0,,,,0.0,0.0,0.0,1 kg N,1 kg P2O5,1 kg K2O,,,,nitrogen_N_singlescore_8.json,phosphorus_P2O5_singlescore_9.json,potassium_K2O_singlescore_10.json,0.0,0.0,0.0,0.0
D1_2023,D1,2023,ha,"Ecotoxicity, freshwater - metals",Pt,47.0,60.0,90.0,,,,0.0,0.0,0.0,1 kg N,1 kg P2O5,1 kg K2O,,,,nitrogen_N_singlescore_8.json,phosphorus_P2O5_singlescore_9.json,potassium_K2O_singlescore_10.json,0.0,0.0,0.0,0.0
D1_2023,D1,2023,ha,"Ecotoxicity, freshwater - organics",Pt,47.0,60.0,90.0,,,,0.0,0.0,0.0,1 kg N,1 kg P2O5,1 kg K2O,,,,nitrogen_N_singlescore_8.json,phosphorus_P2O5_singlescore_9.json,potassium_K2O_singlescore_10.json,0.0,0.0,0.0,0.0
D1_2023,D1,2023,ha,"Eutrophication, freshwater",Pt,47.0,60.0,90.0,,,,4.5732e-06,1.96112e-05,1.2730799999999998e-05,1 kg N,1 kg P2O5,1 kg K2O,,,,nitrogen_N_singlescore_8.json,phosphorus_P2O5_singlescore_9.json,potassium_K2O_singlescore_10.json,0.00021494039999999997,0.001176672,0.0011457719999999998,0.0025373843999999994
D1_2023,D1,2023,ha,"Eutrophication, marine",Pt,47.0,60.0,90.0,,,,0.002243326,0.002318746,0.002428524,1 kg N,1 kg P2O5,1 kg K2O,,,,nitrogen_N_singlescore_8.json,phosphorus_P2O5_singlescore_9.json,potassium_K2O_singlescore_10.json,0.105436322,0.13912476000000001,0.21856716,0.463128242
D1_2023,D1,2023,ha,"Eutrophication, terrestrial",Pt,47.0,60.0,90.0,,,,1.58592573,0.34276347,0.38357631,1 kg N,1 kg P2O5,1 kg K2O,,,,nitrogen_N_singlescore_8.json,phosphorus_P2O5_singlescore_9.json,potassium_K2O_singlescore_10.json,74.53850931,20.5658082,34.5218679,129.62618540999998
D1_2023,D1,2023,ha,"Human toxicity, cancer",Pt,47.0,60.0,90.0,,,,4.3788000000000003e-16,2.0828e-15,1.4514e-15,1 kg N,1 kg P2O5,1 kg K2O,,,,nitrogen_N_singlescore_8.json,phosphorus_P2O5_singlescore_9.json,potassium_K2O_singlescore_10.json,2.058036e-14,1.2496799999999998e-13,1.30626e-13,2.7617436e-13
D1_2023,D1,2023,ha,"Human toxicity, cancer - inorganics",Pt,47.0,60.0,90.0,,,,0.0,0.0,0.0,1 kg N,1 kg P2O5,1 kg K2O,,,,nitrogen_N_singlescore_8.json,phosphorus_P2O5_singlescore_9.json,potassium_K2O_singlescore_10.json,0.0,0.0,0.0,0.0
D1_2023,D1,2023,ha,"Human toxicity, cancer - metals",Pt,47.0,60.0,90.0,,,,0.0,0.0,0.0,1 kg N,1 kg P2O5,1 kg K2O,,,,nitrogen_N_singlescore_8.json,phosphorus_P2O5_singlescore_9.json,potassium_K2O_singlescore_10.json,0.0,0.0,0.0,0.0
D1_2023,D1,2023,ha,"Human toxicity, cancer - organics",Pt,47.0,60.0,90.0,,,,0.0,0.0,0.0,1 kg N,1 kg P2O5,1 kg K2O,,,,nitrogen_N_singlescore_8.json,phosphorus_P2O5_singlescore_9.json,potassium_K2O_singlescore_10.json,0.0,0.0,0.0,0.0
D1_2023,D1,2023,ha,"Human toxicity, non-cancer",Pt,47.0,60.0,90.0,,,,1.748e-13,5.67226e-13,8.652599999999999e-13,1 kg N,1 kg P2O5,1 kg K2O,,,,nitrogen_N_singlescore_8.json,phosphorus_P2O5_singlescore_9.json,potassium_K2O_singlescore_10.json,8.2156e-12,3.403356e-11,7.787339999999998e-11,1.2012255999999997e-10
D1_2023,D1,2023,ha,"Human toxicity, non-cancer - inorganics",Pt,47.0,60.0,90.0,,,,0.0,0.0,0.0,1 kg N,1 kg P2O5,1 kg K2O,,,,nitrogen_N_singlescore_8.json,phosphorus_P2O5_singlescore_9.json,potassium_K2O_singlescore_10.json,0.0,0.0,0.0,0.0
D1_2023,D1,2023,ha,"Human toxicity, non-cancer - metals",Pt,47.0,60.0,90.0,,,,0.0,0.0,0.0,1 kg N,1 kg P2O5,1 kg K2O,,,,nitrogen_N_singlescore_8.json,phosphorus_P2O5_singlescore_9.json,potassium_K2O_singlescore_10.json,0.0,0.0,0.0,0.0
D1_2023,D1,2023,ha,"Human toxicity, non-cancer - organics",Pt,47.0,60.0,90.0,,,,0.0,0.0,0.0,1 kg N,1 kg P2O5,1 kg K2O,,,,nitrogen_N_singlescore_8.json,phosphorus_P2O5_singlescore_9.json,potassium_K2O_singlescore_10.json,0.0,0.0,0.0,0.0
D1_2023,D1,2023,ha,Ionising radiation,Pt,47.0,60.0,90.0,,,,21.066451,71.22199499999999,51.815903000000006,1 kg N,1 kg P2O5,1 kg K2O,,,,nitrogen_N_singlescore_8.json,phosphorus_P2O5_singlescore_9.json,potassium_K2O_singlescore_10.json,990.123197,4273.3197,4663.431270000001,9926.874167000002
D1_2023,D1,2023,ha,Land use,Pt,47.0,60.0,90.0,,,,254308.65899999999,3434320.02,2789874.0,1 kg N,1 kg P2O5,1 kg K2O,,,,nitrogen_N_singlescore_8.json,phosphorus_P2O5_singlescore_9.json,potassium_K2O_singlescore_10.json,11952506.973,206059201.2,251088660.0,469100368.173
D1_2023,D1,2023,ha,Ozone depletion,Pt,47.0,60.0,90.0,,,,5.2984e-10,5.1356e-10,5.8312e-10,1 kg N,1 kg P2O5,1 kg K2O,,,,nitrogen_N_singlescore_8.json,phosphorus_P2O5_singlescore_9.json,potassium_K2O_singlescore_10.json,2.490248e-08,3.0813600000000005e-08,5.248080000000001e-08,1.0819688000000001e-07
D1_2023,D1,2023,ha,Particulate matter,Pt,47.0,60.0,90.0,,,,2.56557e-11,1.5046200000000003e-11,1.45961e-11,1 kg N,1 kg P2O5,1 kg K2O,,,,nitrogen_N_singlescore_8.json,phosphorus_P2O5_singlescore_9.json,potassium_K2O_singlescore_10.json,1.2058179e-09,9.027720000000002e-10,1.313649e-09,3.4222389e-09
D1_2023,D1,2023,ha,Photochemical ozone formation,Pt,47.0,60.0,90.0,,,,0.00772702,0.015733399999999998,0.015512239999999998,1 kg N,1 kg P2O5,1 kg K2O,,,,nitrogen_N_singlescore_8.json,phosphorus_P2O5_singlescore_9.json,potassium_K2O_singlescore_10.json,0.36316994,0.9440039999999998,1.3961016,2.70327554
D1_2023,D1,2023,ha,"Resource use, fossils",Pt,47.0,60.0,90.0,,,,252626.08020000003,232942.92750000002,229857.6558,1 kg N,1 kg P2O5,1 kg K2O,,,,nitrogen_N_singlescore_8.json,phosphorus_P2O5_singlescore_9.json,potassium_K2O_singlescore_10.json,11873425.7694,13976575.65,20687189.022,46537190.4414
D1_2023,D1,2023,ha,"Resource use, minerals and metals",Pt,47.0,60.0,90.0,,,,1.3007999999999998e-07,2.5872e-07,2.472e-07,1 kg N,1 kg P2O5,1 kg K2O,,,,nitrogen_N_singlescore_8.json,phosphorus_P2O5_singlescore_9.json,potassium_K2O_singlescore_10.json,6.1137599999999996e-06,1.5523199999999997e-05,2.2247999999999998e-05,4.3884959999999995e-05
D1_2023,D1,2023,ha,Total,Pt,47.0,60.0,90.0,,,,519378.6717280199,3764220.789358167,3484059.454128132,1 kg N,1 kg P2O5,1 kg K2O,,,,nitrogen_N_singlescore_8.json,phosphorus_P2O5_singlescore_9.json,potassium_K2O_singlescore_10.json,24410797.571216933,225853247.36149,313565350.8715319,563829395.8042388
D1_2023,D1,2023,ha,Water use,Pt,47.0,60.0,90.0,,,,210.37731,1554.109634,1161.545319,1 kg N,1 kg P2O5,1 kg K2O,,,,nitrogen_N_singlescore_8.json,phosphorus_P2O5_singlescore_9.json,potassium_K2O_singlescore_10.json,9887.73357,93246.57804,104539.07871,207673.39032
D1_2024,D1,2024,ha,Acidification,Pt,136.0,60.0,0.0,,,,0.19821624,0.09966368,0.06340608,1 kg N,1 kg P2O5,1 kg K2O,,,,nitrogen_N_singlescore_8.json,phosphorus_P2O5_singlescore_9.json,potassium_K2O_singlescore_10.json,26.957408639999997,5.979820800000001,0.0,32.937229439999996
D1_2024,D1,2024,ha,Climate change,Pt,136.0,60.0,0.0,,,,6645.07914,5038.05543,4986.658170000001,1 kg N,1 kg P2O5,1 kg K2O,,,,nitrogen_N_singlescore_8.json,phosphorus_P2O5_singlescore_9.json,potassium_K2O_singlescore_10.json,903730.76304,302283.3258,0.0,1206014.0888399999
D1_2024,D1,2024,ha,Climate change - Biogenic,Pt,136.0,60.0,0.0,,,,0.0,0.0,0.0,1 kg N,1 kg P2O5,1 kg K2O,,,,nitrogen_N_singlescore_8.json,phosphorus_P2O5_singlescore_9.json,potassium_K2O_singlescore_10.json,0.0,0.0,0.0,0.0
D1_2024,D1,2024,ha,Climate change - Fossil,Pt,136.0,60.0,0.0,,,,0.0,0.0,0.0,1 kg N,1 kg P2O5,1 kg K2O,,,,nitrogen_N_singlescore_8.json,phosphorus_P2O5_singlescore_9.json,potassium_K2O_singlescore_10.json,0.0,0.0,0.0,0.0
D1_2024,D1,2024,ha,Climate change - Land use and LU change,Pt,136.0,60.0,0.0,,,,0.0,0.0,0.0,1 kg N,1 kg P2O5,1 kg K2O,,,,nitrogen_N_singlescore_8.json,phosphorus_P2O5_singlescore_9.json,potassium_K2O_singlescore_10.json,0.0,0.0,0.0,0.0
D1_2024,D1,2024,ha,"Ecotoxicity, freshwater",Pt,136.0,60.0,0.0,,,,5565.61551,90293.99429999999,458127.314,1 kg N,1 kg P2O5,1 kg K2O,,,,nitrogen_N_singlescore_8.json,phosphorus_P2O5_singlescore_9.json,potassium_K2O_singlescore_10.json,756923.70936,5417639.658,0.0,6174563.36736
D1_2024,D1,2024,ha,"Ecotoxicity, freshwater - inorganics",Pt,136.0,60.0,0.0,,,,0.0,0.0,0.0,1 kg N,1 kg P2O5,1 kg K2O,,,,nitrogen_N_singlescore_8.json,phosphorus_P2O5_singlescore_9.json,potassium_K2O_singlescore_10.json,0.0,0.0,0.0,0.0
D1_2024,D1,2024,ha,"Ecotoxicity, freshwater - metals",Pt,136.0,60.0,0.0,,,,0.0,0.0,0.0,1 kg N,1 kg P2O5,1 kg K2O,,,,nitrogen_N_singlescore_8.json,phosphorus_P2O5_singlescore_9.json,potassium_K2O_singlescore_10.json,0.0,0.0,0.0,0.0
D1_2024,D1,2024,ha,"Ecotoxicity, freshwater - organics",Pt,136.0,60.0,0.0,,,,0.0,0.0,0.0,1 kg N,1 kg P2O5,1 kg K2O,,,,nitrogen_N_singlescore_8.json,phosphorus_P2O5_singlescore_9.json,potassium_K2O_singlescore_10.json,0.0,0.0,0.0,0.0
D1_2024,D1,2024,ha,"Eutrophication, freshwater",Pt,136.0,60.0,0.0,,,,4.5732e-06,1.96112e-05,1.2730799999999998e-05,1 kg N,1 kg P2O5,1 kg K2O,,,,nitrogen_N_singlescore_8.json,phosphorus_P2O5_singlescore_9.json,potassium_K2O_singlescore_10.json,0.0006219552,0.001176672,0.0,0.0017986271999999998
D1_2024,D1,2024,ha,"Eutrophication, marine",Pt,136.0,60.0,0.0,,,,0.002243326,0.002318746,0.002428524,1 kg N,1 kg P2O5,1 kg K2O,,,,nitrogen_N_singlescore_8.json,phosphorus_P2O5_singlescore_9.json,potassium_K2O_singlescore_10.json,0.30509233599999996,0.13912476000000001,0.0,0.444217096
D1_2024,D1,2024,ha,"Eutrophication, terrestrial",Pt,136.0,60.0,0.0,,,,1.58592573,0.34276347,0.38357631,1 kg N,1 kg P2O5,1 kg K2O,,,,nitrogen_N_singlescore_8.json,phosphorus_P2O5_singlescore_9.json,potassium_K2O_singlescore_10.json,215.68589928,20.5658082,0.0,236.25170748
D1_2024,D1,2024,ha,"Human toxicity, cancer",Pt,136.0,60.0,0.0,,,,4.3788000000000003e-16,2.0828e-15,1.4514e-15,1 kg N,1 kg P2O5,1 kg K2O,,,,nitrogen_N_singlescore_8.json,phosphorus_P2O5_singlescore_9.json,potassium_K2O_singlescore_10.json,5.955168000000001e-14,1.2496799999999998e-13,0.0,1.8451967999999999e-13
D1_2024,D1,2024,ha,"Human toxicity, cancer - inorganics",Pt,136.0,60.0,0.0,,,,0.0,0.0,0.0,1 kg N,1 kg P2O5,1 kg K2O,,,,nitrogen_N_singlescore_8.json,phosphorus_P2O5_singlescore_9.json,potassium_K2O_singlescore_10.json,0.0,0.0,0.0,0.0
D1_2024,D1,2024,ha,"Human toxicity, cancer - metals",Pt,136.0,60.0,0.0,,,,0.0,0.0,0.0,1 kg N,1 kg P2O5,1 kg K2O,,,,nitrogen_N_singlescore_8.json,phosphorus_P2O5_singlescore_9.json,potassium_K2O_singlescore_10.json,0.0,0.0,0.0,0.0
D1_2024,D1,2024,ha,"Human toxicity, cancer - organics",Pt,136.0,60.0,0.0,,,,0.0,0.0,0.0,1 kg N,1 kg P2O5,1 kg K2O,,,,nitrogen_N_singlescore_8.json,phosphorus_P2O5_singlescore_9.json,potassium_K2O_singlescore_10.json,0.0,0.0,0.0,0.0
D1_2024,D1,2024,ha,"Human toxicity, non-cancer",Pt,136.0,60.0,0.0,,,,1.748e-13,5.67226e-13,8.652599999999999e-13,1 kg N,1 kg P2O5,1 kg K2O,,,,nitrogen_N_singlescore_8.json,phosphorus_P2O5_singlescore_9.json,potassium_K2O_singlescore_10.json,2.37728e-11,3.403356e-11,0.0,5.780636e-11
D1_2024,D1,2024,ha,"Human toxicity, non-cancer - inorganics",Pt,136.0,60.0,0.0,,,,0.0,0.0,0.0,1 kg N,1 kg P2O5,1 kg K2O,,,,nitrogen_N_singlescore_8.json,phosphorus_P2O5_singlescore_9.json,potassium_K2O_singlescore_10.json,0.0,0.0,0.0,0.0
D1_2024,D1,2024,ha,"Human toxicity, non-cancer - metals",Pt,136.0,60.0,0.0,,,,0.0,0.0,0.0,1 kg N,1 kg P2O5,1 kg K2O,,,,nitrogen_N_singlescore_8.json,phosphorus_P2O5_singlescore_9.json,potassium_K2O_singlescore_10.json,0.0,0.0,0.0,0.0
D1_2024,D1,2024,ha,"Human toxicity, non-cancer - organics",Pt,136.0,60.0,0.0,,,,0.0,0.0,0.0,1 kg N,1 kg P2O5,1 kg K2O,,,,nitrogen_N_singlescore_8.json,phosphorus_P2O5_singlescore_9.json,potassium_K2O_singlescore_10.json,0.0,0.0,0.0,0.0
D1_2024,D1,2024,ha,Ionising radiation,Pt,136.0,60.0,0.0,,,,21.066451,71.22199499999999,51.815903000000006,1 kg N,1 kg P2O5,1 kg K2O,,,,nitrogen_N_singlescore_8.json,phosphorus_P2O5_singlescore_9.json,potassium_K2O_singlescore_10.json,2865.0373360000003,4273.3197,0.0,7138.357036
D1_2024,D1,2024,ha,Land use,Pt,136.0,60.0,0.0,,,,254308.65899999999,3434320.02,2789874.0,1 kg N,1 kg P2O5,1 kg K2O,,,,nitrogen_N_singlescore_8.json,phosphorus_P2O5_singlescore_9.json,potassium_K2O_singlescore_10.json,34585977.624,206059201.2,0.0,240645178.824
D1_2024,D1,2024,ha,Ozone depletion,Pt,136.0,60.0,0.0,,,,5.2984e-10,5.1356e-10,5.8312e-10,1 kg N,1 kg P2O5,1 kg K2O,,,,nitrogen_N_singlescore_8.json,phosphorus_P2O5_singlescore_9.json,potassium_K2O_singlescore_10.json,7.205824e-08,3.0813600000000005e-08,0.0,1.0287184000000001e-07
D1_2024,D1,2024,ha,Particulate matter,Pt,136.0,60.0,0.0,,,,2.56557e-11,1.5046200000000003e-11,1.45961e-11,1 kg N,1 kg P2O5,1 kg K2O,,,,nitrogen_N_singlescore_8.json,phosphorus_P2O5_singlescore_9.json,potassium_K2O_singlescore_10.json,3.4891752000000003e-09,9.027720000000002e-10,0.0,4.3919472e-09
D1_2024,D1,2024,ha,Photochemical ozone formation,Pt,136.0,60.0,0.0,,,,0.00772702,0.015733399999999998,0.015512239999999998,1 kg N,1 kg P2O5,1 kg K2O,,,,nitrogen_N_singlescore_8.json,phosphorus_P2O5_singlescore_9.json,potassium_K2O_singlescore_10.json,1.05087472,0.9440039999999998,0.0,1.9948787199999998
D1_2024,D1,2024,ha,"Resource use, fossils",Pt,136.0,60.0,0.0,,,,252626.08020000003,232942.92750000002,229857.6558,1 kg N,1 kg P2O5,1 kg K2O,,,,nitrogen_N_singlescore_8.json,phosphorus_P2O5_singlescore_9.json,potassium_K2O_singlescore_10.json,34357146.9072,13976575.65,0.0,48333722.5572
D1_2024,D1,2024,ha,"Resource use, minerals and metals",Pt,136.0,60.0,0.0,,,,1.3007999999999998e-07,2.5872e-07,2.472e-07,1 kg N,1 kg P2O5,1 kg K2O,,,,nitrogen_N_singlescore_8.json,phosphorus_P2O5_singlescore_9.json,potassium_K2O_singlescore_10.json,1.769088e-05,1.5523199999999997e-05,0.0,3.3214079999999996e-05
D1_2024,D1,2024,ha,Total,Pt,136.0,60.0,0.0,,,,519378.6717280199,3764220.789358167,3484059.454128132,1 kg N,1 kg P2O5,1 kg K2O,,,,nitrogen_N_singlescore_8.json,phosphorus_P2O5_singlescore_9.json,potassium_K2O_singlescore_10.json,70635499.3550107,225853247.36149,0.0,296488746.7165007
D1_2024,D1,2024,ha,Water use,Pt,136.0,60.0,0.0,,,,210.37731,1554.109634,1161.545319,1 kg N,1 kg P2O5,1 kg K2O,,,,nitrogen_N_singlescore_8.json,phosphorus_P2O5_singlescore_9.json,potassium_K2O_singlescore_10.json,28611.314159999998,93246.57804,0.0,121857.89219999999
D2_2022,D2,2022,ha,Acidification,Pt,143.92,74.96,74.96,,,,0.19821624,0.09966368,0.06340608,1 kg N,1 kg P2O5,1 kg K2O,,,,nitrogen_N_singlescore_8.json,phosphorus_P2O5_singlescore_9.json,potassium_K2O_singlescore_10.json,28.527281260799995,7.4707894528,4.7529197568,40.75099047039999
D2_2022,D2,2022,ha,Climate change,Pt,143.92,74.96,74.96,,,,6645.07914,5038.05543,4986.658170000001,1 kg N,1 kg P2O5,1 kg K2O,,,,nitrogen_N_singlescore_8.json,phosphorus_P2O5_singlescore_9.json,potassium_K2O_singlescore_10.json,956359.7898287999,377652.63503279997,373799.8964232,1707812.3212847998
D2_2022,D2,2022,ha,Climate change - Biogenic,Pt,143.92,74.96,74.96,,,,0.0,0.0,0.0,1 kg N,1 kg P2O5,1 kg K2O,,,,nitrogen_N_singlescore_8.json,phosphorus_P2O5_singlescore_9.json,potassium_K2O_singlescore_10.json,0.0,0.0,0.0,0.0
D2_2022,D2,2022,ha,Climate change - Fossil,Pt,143.92,74.96,74.96,,,,0.0,0.0,0.0,1 kg N,1 kg P2O5,1 kg K2O,,,,nitrogen_N_singlescore_8.json,phosphorus_P2O5_singlescore_9.json,potassium_K2O_singlescore_10.json,0.0,0.0,0.0,0.0
D2_2022,D2,2022,ha,Climate change - Land use and LU change,Pt,143.92,74.96,74.96,,,,0.0,0.0,0.0,1 kg N,1 kg P2O5,1 kg K2O,,,,nitrogen_N_singlescore_8.json,phosphorus_P2O5_singlescore_9.json,potassium_K2O_singlescore_10.json,0.0,0.0,0.0,0.0
D2_2022,D2,2022,ha,"Ecotoxicity, freshwater",Pt,143.92,74.96,74.96,,,,5565.61551,90293.99429999999,458127.314,1 kg N,1 kg P2O5,1 kg K2O,,,,nitrogen_N_singlescore_8.json,phosphorus_P2O5_singlescore_9.json,potassium_K2O_singlescore_10.json,801003.3841991998,6768437.812727999,34341223.45744,41910664.65436719
D2_2022,D2,2022,ha,"Ecotoxicity, freshwater - inorganics",Pt,143.92,74.96,74.96,,,,0.0,0.0,0.0,1 kg N,1 kg P2O5,1 kg K2O,,,,nitrogen_N_singlescore_8.json,phosphorus_P2O5_singlescore_9.json,potassium_K2O_singlescore_10.json,0.0,0.0,0.0,0.0
D2_2022,D2,2022,ha,"Ecotoxicity, freshwater - metals",Pt,143.92,74.96,74.96,,,,0.0,0.0,0.0,1 kg N,1 kg P2O5,1 kg K2O,,,,nitrogen_N_singlescore_8.json,phosphorus_P2O5_singlescore_9.json,potassium_K2O_singlescore_10.json,0.0,0.0,0.0,0.0
D2_2022,D2,2022,ha,"Ecotoxicity, freshwater - organics",Pt,143.92,74.96,74.96,,,,0.0,0.0,0.0,1 kg N,1 kg P2O5,1 kg K2O,,,,nitrogen_N_singlescore_8.json,phosphorus_P2O5_singlescore_9.json,potassium_K2O_singlescore_10.json,0.0,0.0,0.0,0.0
D2_2022,D2,2022,ha,"Eutrophication, freshwater",Pt,143.92,74.96,74.96,,,,4.5732e-06,1.96112e-05,1.2730799999999998e-05,1 kg N,1 kg P2O5,1 kg K2O,,,,nitrogen_N_singlescore_8.json,phosphorus_P2O5_singlescore_9.json,potassium_K2O_singlescore_10.json,0.0006581749439999999,0.0014700555519999998,0.0009543007679999998,0.0030825312639999997
D2_2022,D2,2022,ha,"Eutrophication, marine",Pt,143.92,74.96,74.96,,,,0.002243326,0.002318746,0.002428524,1 kg N,1 kg P2O5,1 kg K2O,,,,nitrogen_N_singlescore_8.json,phosphorus_P2O5_singlescore_9.json,potassium_K2O_singlescore_10.json,0.32285947791999997,0.17381320016,0.18204215903999998,0.6787148371199999
D2_2022,D2,2022,ha,"Eutrophication, terrestrial",Pt,143.92,74.96,74.96,,,,1.58592573,0.34276347,0.38357631,1 kg N,1 kg P2O5,1 kg K2O,,,,nitrogen_N_singlescore_8.json,phosphorus_P2O5_singlescore_9.json,potassium_K2O_singlescore_10.json,228.2464310616,25.6935497112,28.752880197599996,282.6928609704
D2_2022,D2,2022,ha,"Human toxicity, cancer",Pt,143.92,74.96,74.96,,,,4.3788000000000003e-16,2.0828e-15,1.4514e-15,1 kg N,1 kg P2O5,1 kg K2O,,,,nitrogen_N_singlescore_8.json,phosphorus_P2O5_singlescore_9.json,potassium_K2O_singlescore_10.json,6.30196896e-14,1.5612668799999998e-13,1.08796944e-13,3.2794332159999997e-13
D2_2022,D2,2022,ha,"Human toxicity, cancer - inorganics",Pt,143.92,74.96,74.96,,,,0.0,0.0,0.0,1 kg N,1 kg P2O5,1 kg K2O,,,,nitrogen_N_singlescore_8.json,phosphorus_P2O5_singlescore_9.json,potassium_K2O_singlescore_10.json,0.0,0.0,0.0,0.0
D2_2022,D2,2022,ha,"Human toxicity, cancer - metals",Pt,143.92,74.96,74.96,,,,0.0,0.0,0.0,1 kg N,1 kg P2O5,1 kg K2O,,,,nitrogen_N_singlescore_8.json,phosphorus_P2O5_singlescore_9.json,potassium_K2O_singlescore_10.json,0.0,0.0,0.0,0.0
D2_2022,D2,2022,ha,"Human toxicity, cancer - organics",Pt,143.92,74.96,74.96,,,,0.0,0.0,0.0,1 kg N,1 kg P2O5,1 kg K2O,,,,nitrogen_N_singlescore_8.json,phosphorus_P2O5_singlescore_9.json,potassium_K2O_singlescore_10.json,0.0,0.0,0.0,0.0
D2_2022,D2,2022,ha,"Human toxicity, non-cancer",Pt,143.92,74.96,74.96,,,,1.748e-13,5.67226e-13,8.652599999999999e-13,1 kg N,1 kg P2O5,1 kg K2O,,,,nitrogen_N_singlescore_8.json,phosphorus_P2O5_singlescore_9.json,potassium_K2O_singlescore_10.json,2.5157216e-11,4.251926096e-11,6.485988959999998e-11,1.3253636655999998e-10
D2_2022,D2,2022,ha,"Human toxicity, non-cancer - inorganics",Pt,143.92,74.96,74.96,,,,0.0,0.0,0.0,1 kg N,1 kg P2O5,1 kg K2O,,,,nitrogen_N_singlescore_8.json,phosphorus_P2O5_singlescore_9.json,potassium_K2O_singlescore_10.json,0.0,0.0,0.0,0.0
D2_2022,D2,2022,ha,"Human toxicity, non-cancer - metals",Pt,143.92,74.96,74.96,,,,0.0,0.0,0.0,1 kg N,1 kg P2O5,1 kg K2O,,,,nitrogen_N_singlescore_8.json,phosphorus_P2O5_singlescore_9.json,potassium_K2O_singlescore_10.json,0.0,0.0,0.0,0.0
D2_2022,D2,2022,ha,"Human toxicity, non-cancer - organics",Pt,143.92,74.96,74.96,,,,0.0,0.0,0.0,1 kg N,1 kg P2O5,1 kg K2O,,,,nitrogen_N_singlescore_8.json,phosphorus_P2O5_singlescore_9.json,potassium_K2O_singlescore_10.json,0.0,0.0,0.0,0.0
D2_2022,D2,2022,ha,Ionising radiation,Pt,143.92,74.96,74.96,,,,21.066451,71.22199499999999,51.815903000000006,1 kg N,1 kg P2O5,1 kg K2O,,,,nitrogen_N_singlescore_8.json,phosphorus_P2O5_singlescore_9.json,potassium_K2O_singlescore_10.json,3031.88362792,5338.800745199999,3884.12008888,12254.804461999998
D2_2022,D2,2022,ha,Land use,Pt,143.92,74.96,74.96,,,,254308.65899999999,3434320.02,2789874.0,1 kg N,1 kg P2O5,1 kg K2O,,,,nitrogen_N_singlescore_8.json,phosphorus_P2O5_singlescore_9.json,potassium_K2O_singlescore_10.json,36600102.203279994,257436628.69919997,209128955.04,503165685.94247997
D2_2022,D2,2022,ha,Ozone depletion,Pt,143.92,74.96,74.96,,,,5.2984e-10,5.1356e-10,5.8312e-10,1 kg N,1 kg P2O5,1 kg K2O,,,,nitrogen_N_singlescore_8.json,phosphorus_P2O5_singlescore_9.json,potassium_K2O_singlescore_10.json,7.62545728e-08,3.8496457599999996e-08,4.37106752e-08,1.5846170560000002e-07
D2_2022,D2,2022,ha,Particulate matter,Pt,143.92,74.96,74.96,,,,2.56557e-11,1.5046200000000003e-11,1.45961e-11,1 kg N,1 kg P2O5,1 kg K2O,,,,nitrogen_N_singlescore_8.json,phosphorus_P2O5_singlescore_9.json,potassium_K2O_singlescore_10.json,3.692368344e-09,1.1278631520000001e-09,1.094123656e-09,5.914355151999999e-09
D2_2022,D2,2022,ha,Photochemical ozone formation,Pt,143.92,74.96,74.96,,,,0.00772702,0.015733399999999998,0.015512239999999998,1 kg N,1 kg P2O5,1 kg K2O,,,,nitrogen_N_singlescore_8.json,phosphorus_P2O5_singlescore_9.json,potassium_K2O_singlescore_10.json,1.1120727183999999,1.1793756639999997,1.1627975103999997,3.4542458927999995
D2_2022,D2,2022,ha,"Resource use, fossils",Pt,143.92,74.96,74.96,,,,252626.08020000003,232942.92750000002,229857.6558,1 kg N,1 kg P2O5,1 kg K2O,,,,nitrogen_N_singlescore_8.json,phosphorus_P2O5_singlescore_9.json,potassium_K2O_singlescore_10.json,36357945.462384,17461401.8454,17230129.878768,71049477.186552
D2_2022,D2,2022,ha,"Resource use, minerals and metals",Pt,143.92,74.96,74.96,,,,1.3007999999999998e-07,2.5872e-07,2.472e-07,1 kg N,1 kg P2O5,1 kg K2O,,,,nitrogen_N_singlescore_8.json,phosphorus_P2O5_singlescore_9.json,potassium_K2O_singlescore_10.json,1.8721113599999994e-05,1.9393651199999996e-05,1.8530111999999997e-05,5.664487679999999e-05
D2_2022,D2,2022,ha,Total,Pt,143.92,74.96,74.96,,,,519378.6717280199,3764220.789358167,3484059.454128132,1 kg N,1 kg P2O5,1 kg K2O,,,,nitrogen_N_singlescore_8.json,phosphorus_P2O5_singlescore_9.json,potassium_K2O_singlescore_10.json,74748978.43509662,282165990.3702882,261165096.68144476,618080065.4868295
D2_2022,D2,2022,ha,Water use,Pt,143.92,74.96,74.96,,,,210.37731,1554.109634,1161.545319,1 kg N,1 kg P2O5,1 kg K2O,,,,nitrogen_N_singlescore_8.json,phosphorus_P2O5_singlescore_9.json,potassium_K2O_singlescore_10.json,30277.502455199996,116496.05816463998,87069.43711224,233842.99773208
D2_2023,D2,2023,ha,Acidification,Pt,81.8,45.0,45.0,,,,0.19821624,0.09966368,0.06340608,1 kg N,1 kg P2O5,1 kg K2O,,,,nitrogen_N_singlescore_8.json,phosphorus_P2O5_singlescore_9.json,potassium_K2O_singlescore_10.json,16.214088431999997,4.4848656,2.8532736,23.552227631999997
D2_2023,D2,2023,ha,Climate change,Pt,81.8,45.0,45.0,,,,6645.07914,5038.05543,4986.658170000001,1 kg N,1 kg P2O5,1 kg K2O,,,,nitrogen_N_singlescore_8.json,phosphorus_P2O5_singlescore_9.json,potassium_K2O_singlescore_10.json,543567.473652,226712.49435000002,224399.61765000003,994679.585652
D2_2023,D2,2023,ha,Climate change - Biogenic,Pt,81.8,45.0,45.0,,,,0.0,0.0,0.0,1 kg N,1 kg P2O5,1 kg K2O,,,,nitrogen_N_singlescore_8.json,phosphorus_P2O5_singlescore_9.json,potassium_K2O_singlescore_10.json,0.0,0.0,0.0,0.0
D2_2023,D2,2023,ha,Climate change - Fossil,Pt,81.8,45.0,45.0,,,,0.0,0.0,0.0,1 kg N,1 kg P2O5,1 kg K2O,,,,nitrogen_N_singlescore_8.json,phosphorus_P2O5_singlescore_9.json,potassium_K2O_singlescore_10.json,0.0,0.0,0.0,0.0
D2_2023,D2,2023,ha,Climate change - Land use and LU change,Pt,81.8,45.0,45.0,,,,0.0,0.0,0.0,1 kg N,1 kg P2O5,1 kg K2O,,,,nitrogen_N_singlescore_8.json,phosphorus_P2O5_singlescore_9.json,potassium_K2O_singlescore_10.json,0.0,0.0,0.0,0.0
D2_2023,D2,2023,ha,"Ecotoxicity, freshwater",Pt,81.8,45.0,45.0,,,,5565.61551,90293.99429999999,458127.314,1 kg N,1 kg P2O5,1 kg K2O,,,,nitrogen_N_singlescore_8.json,phosphorus_P2O5_singlescore_9.json,potassium_K2O_singlescore_10.json,455267.34871799994,4063229.7434999994,20615729.13,25134226.222218
D2_2023,D2,2023,ha,"Ecotoxicity, freshwater - inorganics",Pt,81.8,45.0,45.0,,,,0.0,0.0,0.0,1 kg N,1 kg P2O5,1 kg K2O,,,,nitrogen_N_singlescore_8.json,phosphorus_P2O5_singlescore_9.json,potassium_K2O_singlescore_10.json,0.0,0.0,0.0,0.0
D2_2023,D2,2023,ha,"Ecotoxicity, freshwater - metals",Pt,81.8,45.0,45.0,,,,0.0,0.0,0.0,1 kg N,1 kg P2O5,1 kg K2O,,,,nitrogen_N_singlescore_8.json,phosphorus_P2O5_singlescore_9.json,potassium_K2O_singlescore_10.json,0.0,0.0,0.0,0.0
D2_2023,D2,2023,ha,"Ecotoxicity, freshwater - organics",Pt,81.8,45.0,45.0,,,,0.0,0.0,0.0,1 kg N,1 kg P2O5,1 kg K2O,,,,nitrogen_N_singlescore_8.json,phosphorus_P2O5_singlescore_9.json,potassium_K2O_singlescore_10.json,0.0,0.0,0.0,0.0
D2_2023,D2,2023,ha,"Eutrophication, freshwater",Pt,81.8,45.0,45.0,,,,4.5732e-06,1.96112e-05,1.2730799999999998e-05,1 kg N,1 kg P2O5,1 kg K2O,,,,nitrogen_N_singlescore_8.json,phosphorus_P2O5_singlescore_9.json,potassium_K2O_singlescore_10.json,0.00037408775999999994,0.000882504,0.0005728859999999999,0.00182947776
D2_2023,D2,2023,ha,"Eutrophication, marine",Pt,81.8,45.0,45.0,,,,0.002243326,0.002318746,0.002428524,1 kg N,1 kg P2O5,1 kg K2O,,,,nitrogen_N_singlescore_8.json,phosphorus_P2O5_singlescore_9.json,potassium_K2O_singlescore_10.json,0.18350406679999998,0.10434357,0.10928358,0.39713121679999996
D2_2023,D2,2023,ha,"Eutrophication, terrestrial",Pt,81.8,45.0,45.0,,,,1.58592573,0.34276347,0.38357631,1 kg N,1 kg P2O5,1 kg K2O,,,,nitrogen_N_singlescore_8.json,phosphorus_P2O5_singlescore_9.json,potassium_K2O_singlescore_10.json,129.728724714,15.424356150000001,17.26093395,162.414014814
D2_2023,D2,2023,ha,"Human toxicity, cancer",Pt,81.8,45.0,45.0,,,,4.3788000000000003e-16,2.0828e-15,1.4514e-15,1 kg N,1 kg P2O5,1 kg K2O,,,,nitrogen_N_singlescore_8.json,phosphorus_P2O5_singlescore_9.json,potassium_K2O_singlescore_10.json,3.5818584e-14,9.3726e-14,6.5313e-14,1.9485758400000002e-13
D2_2023,D2,2023,ha,"Human toxicity, cancer - inorganics",Pt,81.8,45.0,45.0,,,,0.0,0.0,0.0,1 kg N,1 kg P2O5,1 kg K2O,,,,nitrogen_N_singlescore_8.json,phosphorus_P2O5_singlescore_9.json,potassium_K2O_singlescore_10.json,0.0,0.0,0.0,0.0
D2_2023,D2,2023,ha,"Human toxicity, cancer - metals",Pt,81.8,45.0,45.0,,,,0.0,0.0,0.0,1 kg N,1 kg P2O5,1 kg K2O,,,,nitrogen_N_singlescore_8.json,phosphorus_P2O5_singlescore_9.json,potassium_K2O_singlescore_10.json,0.0,0.0,0.0,0.0
D2_2023,D2,2023,ha,"Human toxicity, cancer - organics",Pt,81.8,45.0,45.0,,,,0.0,0.0,0.0,1 kg N,1 kg P2O5,1 kg K2O,,,,nitrogen_N_singlescore_8.json,phosphorus_P2O5_singlescore_9.json,potassium_K2O_singlescore_10.json,0.0,0.0,0.0,0.0
D2_2023,D2,2023,ha,"Human toxicity, non-cancer",Pt,81.8,45.0,45.0,,,,1.748e-13,5.67226e-13,8.652599999999999e-13,1 kg N,1 kg P2O5,1 kg K2O,,,,nitrogen_N_singlescore_8.json,phosphorus_P2O5_singlescore_9.json,potassium_K2O_singlescore_10.json,1.4298639999999999e-11,2.552517e-11,3.893669999999999e-11,7.876050999999999e-11
D2_2023,D2,2023,ha,"Human toxicity, non-cancer - inorganics",Pt,81.8,45.0,45.0,,,,0.0,0.0,0.0,1 kg N,1 kg P2O5,1 kg K2O,,,,nitrogen_N_singlescore_8.json,phosphorus_P2O5_singlescore_9.json,potassium_K2O_singlescore_10.json,0.0,0.0,0.0,0.0
D2_2023,D2,2023,ha,"Human toxicity, non-cancer - metals",Pt,81.8,45.0,45.0,,,,0.0,0.0,0.0,1 kg N,1 kg P2O5,1 kg K2O,,,,nitrogen_N_singlescore_8.json,phosphorus_P2O5_singlescore_9.json,potassium_K2O_singlescore_10.json,0.0,0.0,0.0,0.0
D2_2023,D2,2023,ha,"Human toxicity, non-cancer - organics",Pt,81.8,45.0,45.0,,,,0.0,0.0,0.0,1 kg N,1 kg P2O5,1 kg K2O,,,,nitrogen_N_singlescore_8.json,phosphorus_P2O5_singlescore_9.json,potassium_K2O_singlescore_10.json,0.0,0.0,0.0,0.0
D2_2023,D2,2023,ha,Ionising radiation,Pt,81.8,45.0,45.0,,,,21.066451,71.22199499999999,51.815903000000006,1 kg N,1 kg P2O5,1 kg K2O,,,,nitrogen_N_singlescore_8.json,phosphorus_P2O5_singlescore_9.json,potassium_K2O_singlescore_10.json,1723.2356918,3204.9897749999996,2331.7156350000005,7259.9411018
D2_2023,D2,2023,ha,Land use,Pt,81.8,45.0,45.0,,,,254308.65899999999,3434320.02,2789874.0,1 kg N,1 kg P2O5,1 kg K2O,,,,nitrogen_N_singlescore_8.json,phosphorus_P2O5_singlescore_9.json,potassium_K2O_singlescore_10.json,20802448.306199998,154544400.9,125544330.0,300891179.2062
D2_2023,D2,2023,ha,Ozone depletion,Pt,81.8,45.0,45.0,,,,5.2984e-10,5.1356e-10,5.8312e-10,1 kg N,1 kg P2O5,1 kg K2O,,,,nitrogen_N_singlescore_8.json,phosphorus_P2O5_singlescore_9.json,potassium_K2O_singlescore_10.json,4.3340911999999996e-08,2.31102e-08,2.6240400000000004e-08,9.2691512e-08
D2_2023,D2,2023,ha,Particulate matter,Pt,81.8,45.0,45.0,,,,2.56557e-11,1.5046200000000003e-11,1.45961e-11,1 kg N,1 kg P2O5,1 kg K2O,,,,nitrogen_N_singlescore_8.json,phosphorus_P2O5_singlescore_9.json,potassium_K2O_singlescore_10.json,2.09863626e-09,6.770790000000001e-10,6.568245e-10,3.43253976e-09
D2_2023,D2,2023,ha,Photochemical ozone formation,Pt,81.8,45.0,45.0,,,,0.00772702,0.015733399999999998,0.015512239999999998,1 kg N,1 kg P2O5,1 kg K2O,,,,nitrogen_N_singlescore_8.json,phosphorus_P2O5_singlescore_9.json,potassium_K2O_singlescore_10.json,0.632070236,0.7080029999999999,0.6980508,2.0381240359999997
D2_2023,D2,2023,ha,"Resource use, fossils",Pt,81.8,45.0,45.0,,,,252626.08020000003,232942.92750000002,229857.6558,1 kg N,1 kg P2O5,1 kg K2O,,,,nitrogen_N_singlescore_8.json,phosphorus_P2O5_singlescore_9.json,potassium_K2O_singlescore_10.json,20664813.36036,10482431.7375,10343594.511,41490839.60886
D2_2023,D2,2023,ha,"Resource use, minerals and metals",Pt,81.8,45.0,45.0,,,,1.3007999999999998e-07,2.5872e-07,2.472e-07,1 kg N,1 kg P2O5,1 kg K2O,,,,nitrogen_N_singlescore_8.json,phosphorus_P2O5_singlescore_9.json,potassium_K2O_singlescore_10.json,1.0640543999999998e-05,1.1642399999999999e-05,1.1123999999999999e-05,3.3406943999999994e-05
D2_2023,D2,2023,ha,Total,Pt,81.8,45.0,45.0,,,,519378.6717280199,3764220.789358167,3484059.454128132,1 kg N,1 kg P2O5,1 kg K2O,,,,nitrogen_N_singlescore_8.json,phosphorus_P2O5_singlescore_9.json,potassium_K2O_singlescore_10.json,42485175.34735203,169389935.5211175,156782675.43576595,368657786.30423546
D2_2023,D2,2023,ha,Water use,Pt,81.8,45.0,45.0,,,,210.37731,1554.109634,1161.545319,1 kg N,1 kg P2O5,1 kg K2O,,,,nitrogen_N_singlescore_8.json,phosphorus_P2O5_singlescore_9.json,potassium_K2O_singlescore_10.json,17208.863957999998,69934.93353,52269.539355,139413.336843
D2_2024,D2,2024,ha,Acidification,Pt,106.0,60.0,60.0,,,,0.19821624,0.09966368,0.06340608,1 kg N,1 kg P2O5,1 kg K2O,,,,nitrogen_N_singlescore_8.json,phosphorus_P2O5_singlescore_9.json,potassium_K2O_singlescore_10.json,21.010921439999997,5.979820800000001,3.8043648,30.795107039999998
D2_2024,D2,2024,ha,Climate change,Pt,106.0,60.0,60.0,,,,6645.07914,5038.05543,4986.658170000001,1 kg N,1 kg P2O5,1 kg K2O,,,,nitrogen_N_singlescore_8.json,phosphorus_P2O5_singlescore_9.json,potassium_K2O_singlescore_10.json,704378.38884,302283.3258,299199.49020000006,1305861.20484
D2_2024,D2,2024,ha,Climate change - Biogenic,Pt,106.0,60.0,60.0,,,,0.0,0.0,0.0,1 kg N,1 kg P2O5,1 kg K2O,,,,nitrogen_N_singlescore_8.json,phosphorus_P2O5_singlescore_9.json,potassium_K2O_singlescore_10.json,0.0,0.0,0.0,0.0
D2_2024,D2,2024,ha,Climate change - Fossil,Pt,106.0,60.0,60.0,,,,0.0,0.0,0.0,1 kg N,1 kg P2O5,1 kg K2O,,,,nitrogen_N_singlescore_8.json,phosphorus_P2O5_singlescore_9.json,potassium_K2O_singlescore_10.json,0.0,0.0,0.0,0.0
D2_2024,D2,2024,ha,Climate change - Land use and LU change,Pt,106.0,60.0,60.0,,,,0.0,0.0,0.0,1 kg N,1 kg P2O5,1 kg K2O,,,,nitrogen_N_singlescore_8.json,phosphorus_P2O5_singlescore_9.json,potassium_K2O_singlescore_10.json,0.0,0.0,0.0,0.0
D2_2024,D2,2024,ha,"Ecotoxicity, freshwater",Pt,106.0,60.0,60.0,,,,5565.61551,90293.99429999999,458127.314,1 kg N,1 kg P2O5,1 kg K2O,,,,nitrogen_N_singlescore_8.json,phosphorus_P2O5_singlescore_9.json,potassium_K2O_singlescore_10.json,589955.2440599999,5417639.658,27487638.84,33495233.74206
D2_2024,D2,2024,ha,"Ecotoxicity, freshwater - inorganics",Pt,106.0,60.0,60.0,,,,0.0,0.0,0.0,1 kg N,1 kg P2O5,1 kg K2O,,,,nitrogen_N_singlescore_8.json,phosphorus_P2O5_singlescore_9.json,potassium_K2O_singlescore_10.json,0.0,0.0,0.0,0.0
D2_2024,D2,2024,ha,"Ecotoxicity, freshwater - metals",Pt,106.0,60.0,60.0,,,,0.0,0.0,0.0,1 kg N,1 kg P2O5,1 kg K2O,,,,nitrogen_N_singlescore_8.json,phosphorus_P2O5_singlescore_9.json,potassium_K2O_singlescore_10.json,0.0,0.0,0.0,0.0
D2_2024,D2,2024,ha,"Ecotoxicity, freshwater - organics",Pt,106.0,60.0,60.0,,,,0.0,0.0,0.0,1 kg N,1 kg P2O5,1 kg K2O,,,,nitrogen_N_singlescore_8.json,phosphorus_P2O5_singlescore_9.json,potassium_K2O_singlescore_10.json,0.0,0.0,0.0,0.0
D2_2024,D2,2024,ha,"Eutrophication, freshwater",Pt,106.0,60.0,60.0,,,,4.5732e-06,1.96112e-05,1.2730799999999998e-05,1 kg N,1 kg P2O5,1 kg K2O,,,,nitrogen_N_singlescore_8.json,phosphorus_P2O5_singlescore_9.json,potassium_K2O_singlescore_10.json,0.0004847592,0.001176672,0.0007638479999999999,0.0024252792
D2_2024,D2,2024,ha,"Eutrophication, marine",Pt,106.0,60.0,60.0,,,,0.002243326,0.002318746,0.002428524,1 kg N,1 kg P2O5,1 kg K2O,,,,nitrogen_N_singlescore_8.json,phosphorus_P2O5_singlescore_9.json,potassium_K2O_singlescore_10.json,0.237792556,0.13912476000000001,0.14571144,0.522628756
D2_2024,D2,2024,ha,"Eutrophication, terrestrial",Pt,106.0,60.0,60.0,,,,1.58592573,0.34276347,0.38357631,1 kg N,1 kg P2O5,1 kg K2O,,,,nitrogen_N_singlescore_8.json,phosphorus_P2O5_singlescore_9.json,potassium_K2O_singlescore_10.json,168.10812738,20.5658082,23.0145786,211.68851418
D2_2024,D2,2024,ha,"Human toxicity, cancer",Pt,106.0,60.0,60.0,,,,4.3788000000000003e-16,2.0828e-15,1.4514e-15,1 kg N,1 kg P2O5,1 kg K2O,,,,nitrogen_N_singlescore_8.json,phosphorus_P2O5_singlescore_9.json,potassium_K2O_singlescore_10.json,4.6415280000000003e-14,1.2496799999999998e-13,8.7084e-14,2.5846728e-13
D2_2024,D2,2024,ha,"Human toxicity, cancer - inorganics",Pt,106.0,60.0,60.0,,,,0.0,0.0,0.0,1 kg N,1 kg P2O5,1 kg K2O,,,,nitrogen_N_singlescore_8.json,phosphorus_P2O5_singlescore_9.json,potassium_K2O_singlescore_10.json,0.0,0.0,0.0,0.0
D2_2024,D2,2024,ha,"Human toxicity, cancer - metals",Pt,106.0,60.0,60.0,,,,0.0,0.0,0.0,1 kg N,1 kg P2O5,1 kg K2O,,,,nitrogen_N_singlescore_8.json,phosphorus_P2O5_singlescore_9.json,potassium_K2O_singlescore_10.json,0.0,0.0,0.0,0.0
D2_2024,D2,2024,ha,"Human toxicity, cancer - organics",Pt,106.0,60.0,60.0,,,,0.0,0.0,0.0,1 kg N,1 kg P2O5,1 kg K2O,,,,nitrogen_N_singlescore_8.json,phosphorus_P2O5_singlescore_9.json,potassium_K2O_singlescore_10.json,0.0,0.0,0.0,0.0
D2_2024,D2,2024,ha,"Human toxicity, non-cancer",Pt,106.0,60.0,60.0,,,,1.748e-13,5.67226e-13,8.652599999999999e-13,1 kg N,1 kg P2O5,1 kg K2O,,,,nitrogen_N_singlescore_8.json,phosphorus_P2O5_singlescore_9.json,potassium_K2O_singlescore_10.json,1.8528799999999998e-11,3.403356e-11,5.1915599999999993e-11,1.0447796e-10
D2_2024,D2,2024,ha,"Human toxicity, non-cancer - inorganics",Pt,106.0,60.0,60.0,,,,0.0,0.0,0.0,1 kg N,1 kg P2O5,1 kg K2O,,,,nitrogen_N_singlescore_8.json,phosphorus_P2O5_singlescore_9.json,potassium_K2O_singlescore_10.json,0.0,0.0,0.0,0.0
D2_2024,D2,2024,ha,"Human toxicity, non-cancer - metals",Pt,106.0,60.0,60.0,,,,0.0,0.0,0.0,1 kg N,1 kg P2O5,1 kg K2O,,,,nitrogen_N_singlescore_8.json,phosphorus_P2O5_singlescore_9.json,potassium_K2O_singlescore_10.json,0.0,0.0,0.0,0.0
D2_2024,D2,2024,ha,"Human toxicity, non-cancer - organics",Pt,106.0,60.0,60.0,,,,0.0,0.0,0.0,1 kg N,1 kg P2O5,1 kg K2O,,,,nitrogen_N_singlescore_8.json,phosphorus_P2O5_singlescore_9.json,potassium_K2O_singlescore_10.json,0.0,0.0,0.0,0.0
D2_2024,D2,2024,ha,Ionising radiation,Pt,106.0,60.0,60.0,,,,21.066451,71.22199499999999,51.815903000000006,1 kg N,1 kg P2O5,1 kg K2O,,,,nitrogen_N_singlescore_8.json,phosphorus_P2O5_singlescore_9.json,potassium_K2O_singlescore_10.json,2233.043806,4273.3197,3108.95418,9615.317686
D2_2024,D2,2024,ha,Land use,Pt,106.0,60.0,60.0,,,,254308.65899999999,3434320.02,2789874.0,1 kg N,1 kg P2O5,1 kg K2O,,,,nitrogen_N_singlescore_8.json,phosphorus_P2O5_singlescore_9.json,potassium_K2O_singlescore_10.json,26956717.854,206059201.2,167392440.0,400408359.054
D2_2024,D2,2024,ha,Ozone depletion,Pt,106.0,60.0,60.0,,,,5.2984e-10,5.1356e-10,5.8312e-10,1 kg N,1 kg P2O5,1 kg K2O,,,,nitrogen_N_singlescore_8.json,phosphorus_P2O5_singlescore_9.json,potassium_K2O_singlescore_10.json,5.616304e-08,3.0813600000000005e-08,3.4987200000000005e-08,1.2196384000000002e-07
D2_2024,D2,2024,ha,Particulate matter,Pt,106.0,60.0,60.0,,,,2.56557e-11,1.5046200000000003e-11,1.45961e-11,1 kg N,1 kg P2O5,1 kg K2O,,,,nitrogen_N_singlescore_8.json,phosphorus_P2O5_singlescore_9.json,potassium_K2O_singlescore_10.json,2.7195042e-09,9.027720000000002e-10,8.75766e-10,4.4980422e-09
D2_2024,D2,2024,ha,Photochemical ozone formation,Pt,106.0,60.0,60.0,,,,0.00772702,0.015733399999999998,0.015512239999999998,1 kg N,1 kg P2O5,1 kg K2O,,,,nitrogen_N_singlescore_8.json,phosphorus_P2O5_singlescore_9.json,potassium_K2O_singlescore_10.json,0.8190641200000001,0.9440039999999998,0.9307343999999999,2.6938025199999998
D2_2024,D2,2024,ha,"Resource use, fossils",Pt,106.0,60.0,60.0,,,,252626.08020000003,232942.92750000002,229857.6558,1 kg N,1 kg P2O5,1 kg K2O,,,,nitrogen_N_singlescore_8.json,phosphorus_P2O5_singlescore_9.json,potassium_K2O_singlescore_10.json,26778364.5012,13976575.65,13791459.348000001,54546399.4992
D2_2024,D2,2024,ha,"Resource use, minerals and metals",Pt,106.0,60.0,60.0,,,,1.3007999999999998e-07,2.5872e-07,2.472e-07,1 kg N,1 kg P2O5,1 kg K2O,,,,nitrogen_N_singlescore_8.json,phosphorus_P2O5_singlescore_9.json,potassium_K2O_singlescore_10.json,1.3788479999999999e-05,1.5523199999999997e-05,1.4832e-05,4.4143679999999994e-05
D2_2024,D2,2024,ha,Total,Pt,106.0,60.0,60.0,,,,519378.6717280199,3764220.789358167,3484059.454128132,1 kg N,1 kg P2O5,1 kg K2O,,,,nitrogen_N_singlescore_8.json,phosphorus_P2O5_singlescore_9.json,potassium_K2O_singlescore_10.json,55054139.203170106,225853247.36149,209043567.24768794,489950953.81234807
D2_2024,D2,2024,ha,Water use,Pt,106.0,60.0,60.0,,,,210.37731,1554.109634,1161.545319,1 kg N,1 kg P2O5,1 kg K2O,,,,nitrogen_N_singlescore_8.json,phosphorus_P2O5_singlescore_9.json,potassium_K2O_singlescore_10.json,22299.99486,93246.57804,69692.71914,185239.29204
NT1_2023,NT1,2023,ha,Acidification,Pt,89.6,55.2,0.0,,,,0.19821624,0.09966368,0.06340608,1 kg N,1 kg P2O5,1 kg K2O,,,,nitrogen_N_singlescore_8.json,phosphorus_P2O5_singlescore_9.json,potassium_K2O_singlescore_10.json,17.760175103999998,5.5014351360000004,0.0,23.26161024
NT1_2023,NT1,2023,ha,Climate change,Pt,89.6,55.2,0.0,,,,6645.07914,5038.05543,4986.658170000001,1 kg N,1 kg P2O5,1 kg K2O,,,,nitrogen_N_singlescore_8.json,phosphorus_P2O5_singlescore_9.json,potassium_K2O_singlescore_10.json,595399.0909439999,278100.65973600006,0.0,873499.75068
NT1_2023,NT1,2023,ha,Climate change - Biogenic,Pt,89.6,55.2,0.0,,,,0.0,0.0,0.0,1 kg N,1 kg P2O5,1 kg K2O,,,,nitrogen_N_singlescore_8.json,phosphorus_P2O5_singlescore_9.json,potassium_K2O_singlescore_10.json,0.0,0.0,0.0,0.0
NT1_2023,NT1,2023,ha,Climate change - Fossil,Pt,89.6,55.2,0.0,,,,0.0,0.0,0.0,1 kg N,1 kg P2O5,1 kg K2O,,,,nitrogen_N_singlescore_8.json,phosphorus_P2O5_singlescore_9.json,potassium_K2O_singlescore_10.json,0.0,0.0,0.0,0.0
NT1_2023,NT1,2023,ha,Climate change - Land use and LU change,Pt,89.6,55.2,0.0,,,,0.0,0.0,0.0,1 kg N,1 kg P2O5,1 kg K2O,,,,nitrogen_N_singlescore_8.json,phosphorus_P2O5_singlescore_9.json,potassium_K2O_singlescore_10.json,0.0,0.0,0.0,0.0
NT1_2023,NT1,2023,ha,"Ecotoxicity, freshwater",Pt,89.6,55.2,0.0,,,,5565.61551,90293.99429999999,458127.314,1 kg N,1 kg P2O5,1 kg K2O,,,,nitrogen_N_singlescore_8.json,phosphorus_P2O5_singlescore_9.json,potassium_K2O_singlescore_10.json,498679.1496959999,4984228.485359999,0.0,5482907.635055999
NT1_2023,NT1,2023,ha,"Ecotoxicity, freshwater - inorganics",Pt,89.6,55.2,0.0,,,,0.0,0.0,0.0,1 kg N,1 kg P2O5,1 kg K2O,,,,nitrogen_N_singlescore_8.json,phosphorus_P2O5_singlescore_9.json,potassium_K2O_singlescore_10.json,0.0,0.0,0.0,0.0
NT1_2023,NT1,2023,ha,"Ecotoxicity, freshwater - metals",Pt,89.6,55.2,0.0,,,,0.0,0.0,0.0,1 kg N,1 kg P2O5,1 kg K2O,,,,nitrogen_N_singlescore_8.json,phosphorus_P2O5_singlescore_9.json,potassium_K2O_singlescore_10.json,0.0,0.0,0.0,0.0
NT1_2023,NT1,2023,ha,"Ecotoxicity, freshwater - organics",Pt,89.6,55.2,0.0,,,,0.0,0.0,0.0,1 kg N,1 kg P2O5,1 kg K2O,,,,nitrogen_N_singlescore_8.json,phosphorus_P2O5_singlescore_9.json,potassium_K2O_singlescore_10.json,0.0,0.0,0.0,0.0
NT1_2023,NT1,2023,ha,"Eutrophication, freshwater",Pt,89.6,55.2,0.0,,,,4.5732e-06,1.96112e-05,1.2730799999999998e-05,1 kg N,1 kg P2O5,1 kg K2O,,,,nitrogen_N_singlescore_8.json,phosphorus_P2O5_singlescore_9.json,potassium_K2O_singlescore_10.json,0.00040975871999999997,0.00108253824,0.0,0.00149229696
NT1_2023,NT1,2023,ha,"Eutrophication, marine",Pt,89.6,55.2,0.0,,,,0.002243326,0.002318746,0.002428524,1 kg N,1 kg P2O5,1 kg K2O,,,,nitrogen_N_singlescore_8.json,phosphorus_P2O5_singlescore_9.json,potassium_K2O_singlescore_10.json,0.20100200959999998,0.12799477920000002,0.0,0.3289967888
NT1_2023,NT1,2023,ha,"Eutrophication, terrestrial",Pt,89.6,55.2,0.0,,,,1.58592573,0.34276347,0.38357631,1 kg N,1 kg P2O5,1 kg K2O,,,,nitrogen_N_singlescore_8.json,phosphorus_P2O5_singlescore_9.json,potassium_K2O_singlescore_10.json,142.098945408,18.920543544,0.0,161.019488952
NT1_2023,NT1,2023,ha,"Human toxicity, cancer",Pt,89.6,55.2,0.0,,,,4.3788000000000003e-16,2.0828e-15,1.4514e-15,1 kg N,1 kg P2O5,1 kg K2O,,,,nitrogen_N_singlescore_8.json,phosphorus_P2O5_singlescore_9.json,potassium_K2O_singlescore_10.json,3.9234048e-14,1.1497056e-13,0.0,1.54204608e-13
NT1_2023,NT1,2023,ha,"Human toxicity, cancer - inorganics",Pt,89.6,55.2,0.0,,,,0.0,0.0,0.0,1 kg N,1 kg P2O5,1 kg K2O,,,,nitrogen_N_singlescore_8.json,phosphorus_P2O5_singlescore_9.json,potassium_K2O_singlescore_10.json,0.0,0.0,0.0,0.0
NT1_2023,NT1,2023,ha,"Human toxicity, cancer - metals",Pt,89.6,55.2,0.0,,,,0.0,0.0,0.0,1 kg N,1 kg P2O5,1 kg K2O,,,,nitrogen_N_singlescore_8.json,phosphorus_P2O5_singlescore_9.json,potassium_K2O_singlescore_10.json,0.0,0.0,0.0,0.0
NT1_2023,NT1,2023,ha,"Human toxicity, cancer - organics",Pt,89.6,55.2,0.0,,,,0.0,0.0,0.0,1 kg N,1 kg P2O5,1 kg K2O,,,,nitrogen_N_singlescore_8.json,phosphorus_P2O5_singlescore_9.json,potassium_K2O_singlescore_10.json,0.0,0.0,0.0,0.0
NT1_2023,NT1,2023,ha,"Human toxicity, non-cancer",Pt,89.6,55.2,0.0,,,,1.748e-13,5.67226e-13,8.652599999999999e-13,1 kg N,1 kg P2O5,1 kg K2O,,,,nitrogen_N_singlescore_8.json,phosphorus_P2O5_singlescore_9.json,potassium_K2O_singlescore_10.json,1.566208e-11,3.13108752e-11,0.0,4.69729552e-11
NT1_2023,NT1,2023,ha,"Human toxicity, non-cancer - inorganics",Pt,89.6,55.2,0.0,,,,0.0,0.0,0.0,1 kg N,1 kg P2O5,1 kg K2O,,,,nitrogen_N_singlescore_8.json,phosphorus_P2O5_singlescore_9.json,potassium_K2O_singlescore_10.json,0.0,0.0,0.0,0.0
NT1_2023,NT1,2023,ha,"Human toxicity, non-cancer - metals",Pt,89.6,55.2,0.0,,,,0.0,0.0,0.0,1 kg N,1 kg P2O5,1 kg K2O,,,,nitrogen_N_singlescore_8.json,phosphorus_P2O5_singlescore_9.json,potassium_K2O_singlescore_10.json,0.0,0.0,0.0,0.0
NT1_2023,NT1,2023,ha,"Human toxicity, non-cancer - organics",Pt,89.6,55.2,0.0,,,,0.0,0.0,0.0,1 kg N,1 kg P2O5,1 kg K2O,,,,nitrogen_N_singlescore_8.json,phosphorus_P2O5_singlescore_9.json,potassium_K2O_singlescore_10.json,0.0,0.0,0.0,0.0
NT1_2023,NT1,2023,ha,Ionising radiation,Pt,89.6,55.2,0.0,,,,21.066451,71.22199499999999,51.815903000000006,1 kg N,1 kg P2O5,1 kg K2O,,,,nitrogen_N_singlescore_8.json,phosphorus_P2O5_singlescore_9.json,potassium_K2O_singlescore_10.json,1887.5540096,3931.454124,0.0,5819.0081336
NT1_2023,NT1,2023,ha,Land use,Pt,89.6,55.2,0.0,,,,254308.65899999999,3434320.02,2789874.0,1 kg N,1 kg P2O5,1 kg K2O,,,,nitrogen_N_singlescore_8.json,phosphorus_P2O5_singlescore_9.json,potassium_K2O_singlescore_10.json,22786055.846399996,189574465.104,0.0,212360520.9504
NT1_2023,NT1,2023,ha,Ozone depletion,Pt,89.6,55.2,0.0,,,,5.2984e-10,5.1356e-10,5.8312e-10,1 kg N,1 kg P2O5,1 kg K2O,,,,nitrogen_N_singlescore_8.json,phosphorus_P2O5_singlescore_9.json,potassium_K2O_singlescore_10.json,4.7473664e-08,2.8348512000000005e-08,0.0,7.5822176e-08
NT1_2023,NT1,2023,ha,Particulate matter,Pt,89.6,55.2,0.0,,,,2.56557e-11,1.5046200000000003e-11,1.45961e-11,1 kg N,1 kg P2O5,1 kg K2O,,,,nitrogen_N_singlescore_8.json,phosphorus_P2O5_singlescore_9.json,potassium_K2O_singlescore_10.json,2.29875072e-09,8.305502400000002e-10,0.0,3.12930096e-09
NT1_2023,NT1,2023,ha,Photochemical ozone formation,Pt,89.6,55.2,0.0,,,,0.00772702,0.015733399999999998,0.015512239999999998,1 kg N,1 kg P2O5,1 kg K2O,,,,nitrogen_N_singlescore_8.json,phosphorus_P2O5_singlescore_9.json,potassium_K2O_singlescore_10.json,0.692340992,0.86848368,0.0,1.5608246719999999
NT1_2023,NT1,2023,ha,"Resource use, fossils",Pt,89.6,55.2,0.0,,,,252626.08020000003,232942.92750000002,229857.6558,1 kg N,1 kg P2O5,1 kg K2O,,,,nitrogen_N_singlescore_8.json,phosphorus_P2O5_singlescore_9.json,potassium_K2O_singlescore_10.json,22635296.78592,12858449.598000001,0.0,35493746.38392
NT1_2023,NT1,2023,ha,"Resource use, minerals and metals",Pt,89.6,55.2,0.0,,,,1.3007999999999998e-07,2.5872e-07,2.472e-07,1 kg N,1 kg P2O5,1 kg K2O,,,,nitrogen_N_singlescore_8.json,phosphorus_P2O5_singlescore_9.json,potassium_K2O_singlescore_10.json,1.1655167999999997e-05,1.4281343999999999e-05,0.0,2.5936511999999998e-05
NT1_2023,NT1,2023,ha,Total,Pt,89.6,55.2,0.0,,,,519378.6717280199,3764220.789358167,3484059.454128132,1 kg N,1 kg P2O5,1 kg K2O,,,,nitrogen_N_singlescore_8.json,phosphorus_P2O5_singlescore_9.json,potassium_K2O_singlescore_10.json,46536328.98683058,207784987.57257083,0.0,254321316.5594014
NT1_2023,NT1,2023,ha,Water use,Pt,89.6,55.2,0.0,,,,210.37731,1554.109634,1161.545319,1 kg N,1 kg P2O5,1 kg K2O,,,,nitrogen_N_singlescore_8.json,phosphorus_P2O5_singlescore_9.json,potassium_K2O_singlescore_10.json,18849.806976,85786.8517968,0.0,104636.6587728
NT1_2024,NT1,2024,ha,Acidification,Pt,302.08,210.08,49.5,,,,0.19821624,0.09966368,0.06340608,1 kg N,1 kg P2O5,1 kg K2O,,,,nitrogen_N_singlescore_8.json,phosphorus_P2O5_singlescore_9.json,potassium_K2O_singlescore_10.json,59.877161779199994,20.937345894400003,3.13860096,83.9531086336
NT1_2024,NT1,2024,ha,Climate change,Pt,302.08,210.08,49.5,,,,6645.07914,5038.05543,4986.658170000001,1 kg N,1 kg P2O5,1 kg K2O,,,,nitrogen_N_singlescore_8.json,phosphorus_P2O5_singlescore_9.json,potassium_K2O_singlescore_10.json,2007345.5066111998,1058394.6847344001,246839.57941500004,3312579.7707606
NT1_2024,NT1,2024,ha,Climate change - Biogenic,Pt,302.08,210.08,49.5,,,,0.0,0.0,0.0,1 kg N,1 kg P2O5,1 kg K2O,,,,nitrogen_N_singlescore_8.json,phosphorus_P2O5_singlescore_9.json,potassium_K2O_singlescore_10.json,0.0,0.0,0.0,0.0
NT1_2024,NT1,2024,ha,Climate change - Fossil,Pt,302.08,210.08,49.5,,,,0.0,0.0,0.0,1 kg N,1 kg P2O5,1 kg K2O,,,,nitrogen_N_singlescore_8.json,phosphorus_P2O5_singlescore_9.json,potassium_K2O_singlescore_10.json,0.0,0.0,0.0,0.0
NT1_2024,NT1,2024,ha,Climate change - Land use and LU change,Pt,302.08,210.08,49.5,,,,0.0,0.0,0.0,1 kg N,1 kg P2O5,1 kg K2O,,,,nitrogen_N_singlescore_8.json,phosphorus_P2O5_singlescore_9.json,potassium_K2O_singlescore_10.json,0.0,0.0,0.0,0.0
NT1_2024,NT1,2024,ha,"Ecotoxicity, freshwater",Pt,302.08,210.08,49.5,,,,5565.61551,90293.99429999999,458127.314,1 kg N,1 kg P2O5,1 kg K2O,,,,nitrogen_N_singlescore_8.json,phosphorus_P2O5_singlescore_9.json,potassium_K2O_singlescore_10.json,1681261.1332607998,18968962.322544,22677302.043,43327525.49880481
NT1_2024,NT1,2024,ha,"Ecotoxicity, freshwater - inorganics",Pt,302.08,210.08,49.5,,,,0.0,0.0,0.0,1 kg N,1 kg P2O5,1 kg K2O,,,,nitrogen_N_singlescore_8.json,phosphorus_P2O5_singlescore_9.json,potassium_K2O_singlescore_10.json,0.0,0.0,0.0,0.0
NT1_2024,NT1,2024,ha,"Ecotoxicity, freshwater - metals",Pt,302.08,210.08,49.5,,,,0.0,0.0,0.0,1 kg N,1 kg P2O5,1 kg K2O,,,,nitrogen_N_singlescore_8.json,phosphorus_P2O5_singlescore_9.json,potassium_K2O_singlescore_10.json,0.0,0.0,0.0,0.0
NT1_2024,NT1,2024,ha,"Ecotoxicity, freshwater - organics",Pt,302.08,210.08,49.5,,,,0.0,0.0,0.0,1 kg N,1 kg P2O5,1 kg K2O,,,,nitrogen_N_singlescore_8.json,phosphorus_P2O5_singlescore_9.json,potassium_K2O_singlescore_10.json,0.0,0.0,0.0,0.0
NT1_2024,NT1,2024,ha,"Eutrophication, freshwater",Pt,302.08,210.08,49.5,,,,4.5732e-06,1.96112e-05,1.2730799999999998e-05,1 kg N,1 kg P2O5,1 kg K2O,,,,nitrogen_N_singlescore_8.json,phosphorus_P2O5_singlescore_9.json,potassium_K2O_singlescore_10.json,0.0013814722559999998,0.004119920896,0.0006301745999999999,0.006131567752
NT1_2024,NT1,2024,ha,"Eutrophication, marine",Pt,302.08,210.08,49.5,,,,0.002243326,0.002318746,0.002428524,1 kg N,1 kg P2O5,1 kg K2O,,,,nitrogen_N_singlescore_8.json,phosphorus_P2O5_singlescore_9.json,potassium_K2O_singlescore_10.json,0.6776639180799999,0.48712215968000006,0.120211938,1.28499801576
NT1_2024,NT1,2024,ha,"Eutrophication, terrestrial",Pt,302.08,210.08,49.5,,,,1.58592573,0.34276347,0.38357631,1 kg N,1 kg P2O5,1 kg K2O,,,,nitrogen_N_singlescore_8.json,phosphorus_P2O5_singlescore_9.json,potassium_K2O_singlescore_10.json,479.07644451839997,72.00774977760001,18.987027344999998,570.071221641
NT1_2024,NT1,2024,ha,"Human toxicity, cancer",Pt,302.08,210.08,49.5,,,,4.3788000000000003e-16,2.0828e-15,1.4514e-15,1 kg N,1 kg P2O5,1 kg K2O,,,,nitrogen_N_singlescore_8.json,phosphorus_P2O5_singlescore_9.json,potassium_K2O_singlescore_10.json,1.322747904e-13,4.37554624e-13,7.184430000000001e-14,6.416737144e-13
NT1_2024,NT1,2024,ha,"Human toxicity, cancer - inorganics",Pt,302.08,210.08,49.5,,,,0.0,0.0,0.0,1 kg N,1 kg P2O5,1 kg K2O,,,,nitrogen_N_singlescore_8.json,phosphorus_P2O5_singlescore_9.json,potassium_K2O_singlescore_10.json,0.0,0.0,0.0,0.0
NT1_2024,NT1,2024,ha,"Human toxicity, cancer - metals",Pt,302.08,210.08,49.5,,,,0.0,0.0,0.0,1 kg N,1 kg P2O5,1 kg K2O,,,,nitrogen_N_singlescore_8.json,phosphorus_P2O5_singlescore_9.json,potassium_K2O_singlescore_10.json,0.0,0.0,0.0,0.0
NT1_2024,NT1,2024,ha,"Human toxicity, cancer - organics",Pt,302.08,210.08,49.5,,,,0.0,0.0,0.0,1 kg N,1 kg P2O5,1 kg K2O,,,,nitrogen_N_singlescore_8.json,phosphorus_P2O5_singlescore_9.json,potassium_K2O_singlescore_10.json,0.0,0.0,0.0,0.0
NT1_2024,NT1,2024,ha,"Human toxicity, non-cancer",Pt,302.08,210.08,49.5,,,,1.748e-13,5.67226e-13,8.652599999999999e-13,1 kg N,1 kg P2O5,1 kg K2O,,,,nitrogen_N_singlescore_8.json,phosphorus_P2O5_singlescore_9.json,potassium_K2O_singlescore_10.json,5.2803583999999996e-11,1.1916283808e-10,4.2830369999999996e-11,2.1479679207999998e-10
NT1_2024,NT1,2024,ha,"Human toxicity, non-cancer - inorganics",Pt,302.08,210.08,49.5,,,,0.0,0.0,0.0,1 kg N,1 kg P2O5,1 kg K2O,,,,nitrogen_N_singlescore_8.json,phosphorus_P2O5_singlescore_9.json,potassium_K2O_singlescore_10.json,0.0,0.0,0.0,0.0
NT1_2024,NT1,2024,ha,"Human toxicity, non-cancer - metals",Pt,302.08,210.08,49.5,,,,0.0,0.0,0.0,1 kg N,1 kg P2O5,1 kg K2O,,,,nitrogen_N_singlescore_8.json,phosphorus_P2O5_singlescore_9.json,potassium_K2O_singlescore_10.json,0.0,0.0,0.0,0.0
NT1_2024,NT1,2024,ha,"Human toxicity, non-cancer - organics",Pt,302.08,210.08,49.5,,,,0.0,0.0,0.0,1 kg N,1 kg P2O5,1 kg K2O,,,,nitrogen_N_singlescore_8.json,phosphorus_P2O5_singlescore_9.json,potassium_K2O_singlescore_10.json,0.0,0.0,0.0,0.0
NT1_2024,NT1,2024,ha,Ionising radiation,Pt,302.08,210.08,49.5,,,,21.066451,71.22199499999999,51.815903000000006,1 kg N,1 kg P2O5,1 kg K2O,,,,nitrogen_N_singlescore_8.json,phosphorus_P2O5_singlescore_9.json,potassium_K2O_singlescore_10.json,6363.75351808,14962.3167096,2564.8871985,23890.95742618
NT1_2024,NT1,2024,ha,Land use,Pt,302.08,210.08,49.5,,,,254308.65899999999,3434320.02,2789874.0,1 kg N,1 kg P2O5,1 kg K2O,,,,nitrogen_N_singlescore_8.json,phosphorus_P2O5_singlescore_9.json,potassium_K2O_singlescore_10.json,76821559.71071999,721481949.8016001,138098763.0,936402272.51232
NT1_2024,NT1,2024,ha,Ozone depletion,Pt,302.08,210.08,49.5,,,,5.2984e-10,5.1356e-10,5.8312e-10,1 kg N,1 kg P2O5,1 kg K2O,,,,nitrogen_N_singlescore_8.json,phosphorus_P2O5_singlescore_9.json,potassium_K2O_singlescore_10.json,1.6005406719999998e-07,1.0788868480000001e-07,2.886444e-08,2.96807192e-07
NT1_2024,NT1,2024,ha,Particulate matter,Pt,302.08,210.08,49.5,,,,2.56557e-11,1.5046200000000003e-11,1.45961e-11,1 kg N,1 kg P2O5,1 kg K2O,,,,nitrogen_N_singlescore_8.json,phosphorus_P2O5_singlescore_9.json,potassium_K2O_singlescore_10.json,7.750073856e-09,3.160905696000001e-09,7.225069500000001e-10,1.1633486502e-08
NT1_2024,NT1,2024,ha,Photochemical ozone formation,Pt,302.08,210.08,49.5,,,,0.00772702,0.015733399999999998,0.015512239999999998,1 kg N,1 kg P2O5,1 kg K2O,,,,nitrogen_N_singlescore_8.json,phosphorus_P2O5_singlescore_9.json,potassium_K2O_singlescore_10.json,2.3341782016,3.3052726719999996,0.7678558799999999,6.4073067535999995
NT1_2024,NT1,2024,ha,"Resource use, fossils",Pt,302.08,210.08,49.5,,,,252626.08020000003,232942.92750000002,229857.6558,1 kg N,1 kg P2O5,1 kg K2O,,,,nitrogen_N_singlescore_8.json,phosphorus_P2O5_singlescore_9.json,potassium_K2O_singlescore_10.json,76313286.306816,48936650.20920001,11377953.962100001,136627890.478116
NT1_2024,NT1,2024,ha,"Resource use, minerals and metals",Pt,302.08,210.08,49.5,,,,1.3007999999999998e-07,2.5872e-07,2.472e-07,1 kg N,1 kg P2O5,1 kg K2O,,,,nitrogen_N_singlescore_8.json,phosphorus_P2O5_singlescore_9.json,potassium_K2O_singlescore_10.json,3.9294566399999995e-05,5.43518976e-05,1.22364e-05,0.00010588286399999999
NT1_2024,NT1,2024,ha,Total,Pt,302.08,210.08,49.5,,,,519378.6717280199,3764220.789358167,3484059.454128132,1 kg N,1 kg P2O5,1 kg K2O,,,,nitrogen_N_singlescore_8.json,phosphorus_P2O5_singlescore_9.json,potassium_K2O_singlescore_10.json,156893909.15560025,790787503.4283638,172460942.97934255,1120142355.5633066
NT1_2024,NT1,2024,ha,Water use,Pt,302.08,210.08,49.5,,,,210.37731,1554.109634,1161.545319,1 kg N,1 kg P2O5,1 kg K2O,,,,nitrogen_N_singlescore_8.json,phosphorus_P2O5_singlescore_9.json,potassium_K2O_singlescore_10.json,63550.7778048,326487.35191072,57496.4932905,447534.62300602003
NT2_2022,NT2,2022,ha,Acidification,Pt,65.45,57.0,57.0,,,,0.19821624,0.09966368,0.06340608,1 kg N,1 kg P2O5,1 kg K2O,,,,nitrogen_N_singlescore_8.json,phosphorus_P2O5_singlescore_9.json,potassium_K2O_singlescore_10.json,12.973252908,5.68082976,3.61414656,22.268229228000003
NT2_2022,NT2,2022,ha,Climate change,Pt,65.45,57.0,57.0,,,,6645.07914,5038.05543,4986.658170000001,1 kg N,1 kg P2O5,1 kg K2O,,,,nitrogen_N_singlescore_8.json,phosphorus_P2O5_singlescore_9.json,potassium_K2O_singlescore_10.json,434920.429713,287169.15951,284239.51569000003,1006329.104913
NT2_2022,NT2,2022,ha,Climate change - Biogenic,Pt,65.45,57.0,57.0,,,,0.0,0.0,0.0,1 kg N,1 kg P2O5,1 kg K2O,,,,nitrogen_N_singlescore_8.json,phosphorus_P2O5_singlescore_9.json,potassium_K2O_singlescore_10.json,0.0,0.0,0.0,0.0
NT2_2022,NT2,2022,ha,Climate change - Fossil,Pt,65.45,57.0,57.0,,,,0.0,0.0,0.0,1 kg N,1 kg P2O5,1 kg K2O,,,,nitrogen_N_singlescore_8.json,phosphorus_P2O5_singlescore_9.json,potassium_K2O_singlescore_10.json,0.0,0.0,0.0,0.0
NT2_2022,NT2,2022,ha,Climate change - Land use and LU change,Pt,65.45,57.0,57.0,,,,0.0,0.0,0.0,1 kg N,1 kg P2O5,1 kg K2O,,,,nitrogen_N_singlescore_8.json,phosphorus_P2O5_singlescore_9.json,potassium_K2O_singlescore_10.json,0.0,0.0,0.0,0.0
NT2_2022,NT2,2022,ha,"Ecotoxicity, freshwater",Pt,65.45,57.0,57.0,,,,5565.61551,90293.99429999999,458127.314,1 kg N,1 kg P2O5,1 kg K2O,,,,nitrogen_N_singlescore_8.json,phosphorus_P2O5_singlescore_9.json,potassium_K2O_singlescore_10.json,364269.5351295,5146757.6751,26113256.898000002,31624284.108229503
NT2_2022,NT2,2022,ha,"Ecotoxicity, freshwater - inorganics",Pt,65.45,57.0,57.0,,,,0.0,0.0,0.0,1 kg N,1 kg P2O5,1 kg K2O,,,,nitrogen_N_singlescore_8.json,phosphorus_P2O5_singlescore_9.json,potassium_K2O_singlescore_10.json,0.0,0.0,0.0,0.0
NT2_2022,NT2,2022,ha,"Ecotoxicity, freshwater - metals",Pt,65.45,57.0,57.0,,,,0.0,0.0,0.0,1 kg N,1 kg P2O5,1 kg K2O,,,,nitrogen_N_singlescore_8.json,phosphorus_P2O5_singlescore_9.json,potassium_K2O_singlescore_10.json,0.0,0.0,0.0,0.0
NT2_2022,NT2,2022,ha,"Ecotoxicity, freshwater - organics",Pt,65.45,57.0,57.0,,,,0.0,0.0,0.0,1 kg N,1 kg P2O5,1 kg K2O,,,,nitrogen_N_singlescore_8.json,phosphorus_P2O5_singlescore_9.json,potassium_K2O_singlescore_10.json,0.0,0.0,0.0,0.0
NT2_2022,NT2,2022,ha,"Eutrophication, freshwater",Pt,65.45,57.0,57.0,,,,4.5732e-06,1.96112e-05,1.2730799999999998e-05,1 kg N,1 kg P2O5,1 kg K2O,,,,nitrogen_N_singlescore_8.json,phosphorus_P2O5_singlescore_9.json,potassium_K2O_singlescore_10.json,0.00029931594,0.0011178384,0.0007256556,0.00214280994
NT2_2022,NT2,2022,ha,"Eutrophication, marine",Pt,65.45,57.0,57.0,,,,0.002243326,0.002318746,0.002428524,1 kg N,1 kg P2O5,1 kg K2O,,,,nitrogen_N_singlescore_8.json,phosphorus_P2O5_singlescore_9.json,potassium_K2O_singlescore_10.json,0.1468256867,0.132168522,0.138425868,0.41742007670000003
NT2_2022,NT2,2022,ha,"Eutrophication, terrestrial",Pt,65.45,57.0,57.0,,,,1.58592573,0.34276347,0.38357631,1 kg N,1 kg P2O5,1 kg K2O,,,,nitrogen_N_singlescore_8.json,phosphorus_P2O5_singlescore_9.json,potassium_K2O_singlescore_10.json,103.79883902850001,19.537517790000003,21.863849669999997,145.20020648850002
NT2_2022,NT2,2022,ha,"Human toxicity, cancer",Pt,65.45,57.0,57.0,,,,4.3788000000000003e-16,2.0828e-15,1.4514e-15,1 kg N,1 kg P2O5,1 kg K2O,,,,nitrogen_N_singlescore_8.json,phosphorus_P2O5_singlescore_9.json,potassium_K2O_singlescore_10.json,2.8659246000000004e-14,1.187196e-13,8.27298e-14,2.3010864599999997e-13
NT2_2022,NT2,2022,ha,"Human toxicity, cancer - inorganics",Pt,65.45,57.0,57.0,,,,0.0,0.0,0.0,1 kg N,1 kg P2O5,1 kg K2O,,,,nitrogen_N_singlescore_8.json,phosphorus_P2O5_singlescore_9.json,potassium_K2O_singlescore_10.json,0.0,0.0,0.0,0.0
NT2_2022,NT2,2022,ha,"Human toxicity, cancer - metals",Pt,65.45,57.0,57.0,,,,0.0,0.0,0.0,1 kg N,1 kg P2O5,1 kg K2O,,,,nitrogen_N_singlescore_8.json,phosphorus_P2O5_singlescore_9.json,potassium_K2O_singlescore_10.json,0.0,0.0,0.0,0.0
NT2_2022,NT2,2022,ha,"Human toxicity, cancer - organics",Pt,65.45,57.0,57.0,,,,0.0,0.0,0.0,1 kg N,1 kg P2O5,1 kg K2O,,,,nitrogen_N_singlescore_8.json,phosphorus_P2O5_singlescore_9.json,potassium_K2O_singlescore_10.json,0.0,0.0,0.0,0.0
NT2_2022,NT2,2022,ha,"Human toxicity, non-cancer",Pt,65.45,57.0,57.0,,,,1.748e-13,5.67226e-13,8.652599999999999e-13,1 kg N,1 kg P2O5,1 kg K2O,,,,nitrogen_N_singlescore_8.json,phosphorus_P2O5_singlescore_9.json,potassium_K2O_singlescore_10.json,1.1440660000000001e-11,3.2331882e-11,4.931981999999999e-11,9.309236199999999e-11
NT2_2022,NT2,2022,ha,"Human toxicity, non-cancer - inorganics",Pt,65.45,57.0,57.0,,,,0.0,0.0,0.0,1 kg N,1 kg P2O5,1 kg K2O,,,,nitrogen_N_singlescore_8.json,phosphorus_P2O5_singlescore_9.json,potassium_K2O_singlescore_10.json,0.0,0.0,0.0,0.0
NT2_2022,NT2,2022,ha,"Human toxicity, non-cancer - metals",Pt,65.45,57.0,57.0,,,,0.0,0.0,0.0,1 kg N,1 kg P2O5,1 kg K2O,,,,nitrogen_N_singlescore_8.json,phosphorus_P2O5_singlescore_9.json,potassium_K2O_singlescore_10.json,0.0,0.0,0.0,0.0
NT2_2022,NT2,2022,ha,"Human toxicity, non-cancer - organics",Pt,65.45,57.0,57.0,,,,0.0,0.0,0.0,1 kg N,1 kg P2O5,1 kg K2O,,,,nitrogen_N_singlescore_8.json,phosphorus_P2O5_singlescore_9.json,potassium_K2O_singlescore_10.json,0.0,0.0,0.0,0.0
NT2_2022,NT2,2022,ha,Ionising radiation,Pt,65.45,57.0,57.0,,,,21.066451,71.22199499999999,51.815903000000006,1 kg N,1 kg P2O5,1 kg K2O,,,,nitrogen_N_singlescore_8.json,phosphorus_P2O5_singlescore_9.json,potassium_K2O_singlescore_10.json,1378.7992179500002,4059.6537149999995,2953.506471,8391.95940395
NT2_2022,NT2,2022,ha,Land use,Pt,65.45,57.0,57.0,,,,254308.65899999999,3434320.02,2789874.0,1 kg N,1 kg P2O5,1 kg K2O,,,,nitrogen_N_singlescore_8.json,phosphorus_P2O5_singlescore_9.json,potassium_K2O_singlescore_10.json,16644501.73155,195756241.14000002,159022818.0,371423560.87155
NT2_2022,NT2,2022,ha,Ozone depletion,Pt,65.45,57.0,57.0,,,,5.2984e-10,5.1356e-10,5.8312e-10,1 kg N,1 kg P2O5,1 kg K2O,,,,nitrogen_N_singlescore_8.json,phosphorus_P2O5_singlescore_9.json,potassium_K2O_singlescore_10.json,3.4678028000000004e-08,2.927292e-08,3.3237840000000005e-08,9.718878800000001e-08
NT2_2022,NT2,2022,ha,Particulate matter,Pt,65.45,57.0,57.0,,,,2.56557e-11,1.5046200000000003e-11,1.45961e-11,1 kg N,1 kg P2O5,1 kg K2O,,,,nitrogen_N_singlescore_8.json,phosphorus_P2O5_singlescore_9.json,potassium_K2O_singlescore_10.json,1.679165565e-09,8.576334000000001e-10,8.319777e-10,3.368776665e-09
NT2_2022,NT2,2022,ha,Photochemical ozone formation,Pt,65.45,57.0,57.0,,,,0.00772702,0.015733399999999998,0.015512239999999998,1 kg N,1 kg P2O5,1 kg K2O,,,,nitrogen_N_singlescore_8.json,phosphorus_P2O5_singlescore_9.json,potassium_K2O_singlescore_10.json,0.505733459,0.8968037999999999,0.8841976799999999,2.2867349389999996
NT2_2022,NT2,2022,ha,"Resource use, fossils",Pt,65.45,57.0,57.0,,,,252626.08020000003,232942.92750000002,229857.6558,1 kg N,1 kg P2O5,1 kg K2O,,,,nitrogen_N_singlescore_8.json,phosphorus_P2O5_singlescore_9.json,potassium_K2O_singlescore_10.json,16534376.949090002,13277746.867500002,13101886.3806,42914010.19719
NT2_2022,NT2,2022,ha,"Resource use, minerals and metals",Pt,65.45,57.0,57.0,,,,1.3007999999999998e-07,2.5872e-07,2.472e-07,1 kg N,1 kg P2O5,1 kg K2O,,,,nitrogen_N_singlescore_8.json,phosphorus_P2O5_singlescore_9.json,potassium_K2O_singlescore_10.json,8.513736e-06,1.4747039999999999e-05,1.40904e-05,3.7351176000000004e-05
NT2_2022,NT2,2022,ha,Total,Pt,65.45,57.0,57.0,,,,519378.6717280199,3764220.789358167,3484059.454128132,1 kg N,1 kg P2O5,1 kg K2O,,,,nitrogen_N_singlescore_8.json,phosphorus_P2O5_singlescore_9.json,potassium_K2O_singlescore_10.json,33993334.0645989,214560584.9934155,198591388.88530353,447145307.9433179
NT2_2022,NT2,2022,ha,Water use,Pt,65.45,57.0,57.0,,,,210.37731,1554.109634,1161.545319,1 kg N,1 kg P2O5,1 kg K2O,,,,nitrogen_N_singlescore_8.json,phosphorus_P2O5_singlescore_9.json,potassium_K2O_singlescore_10.json,13769.194939500001,88584.249138,66208.08318300001,168561.5272605
NT2_2023,NT2,2023,ha,Acidification,Pt,129.5,37.5,37.5,,,,0.19821624,0.09966368,0.06340608,1 kg N,1 kg P2O5,1 kg K2O,,,,nitrogen_N_singlescore_8.json,phosphorus_P2O5_singlescore_9.json,potassium_K2O_singlescore_10.json,25.66900308,3.737388,2.3777280000000003,31.78411908
NT2_2023,NT2,2023,ha,Climate change,Pt,129.5,37.5,37.5,,,,6645.07914,5038.05543,4986.658170000001,1 kg N,1 kg P2O5,1 kg K2O,,,,nitrogen_N_singlescore_8.json,phosphorus_P2O5_singlescore_9.json,potassium_K2O_singlescore_10.json,860537.7486299999,188927.07862500002,186999.68137500001,1236464.5086299998
NT2_2023,NT2,2023,ha,Climate change - Biogenic,Pt,129.5,37.5,37.5,,,,0.0,0.0,0.0,1 kg N,1 kg P2O5,1 kg K2O,,,,nitrogen_N_singlescore_8.json,phosphorus_P2O5_singlescore_9.json,potassium_K2O_singlescore_10.json,0.0,0.0,0.0,0.0
NT2_2023,NT2,2023,ha,Climate change - Fossil,Pt,129.5,37.5,37.5,,,,0.0,0.0,0.0,1 kg N,1 kg P2O5,1 kg K2O,,,,nitrogen_N_singlescore_8.json,phosphorus_P2O5_singlescore_9.json,potassium_K2O_singlescore_10.json,0.0,0.0,0.0,0.0
NT2_2023,NT2,2023,ha,Climate change - Land use and LU change,Pt,129.5,37.5,37.5,,,,0.0,0.0,0.0,1 kg N,1 kg P2O5,1 kg K2O,,,,nitrogen_N_singlescore_8.json,phosphorus_P2O5_singlescore_9.json,potassium_K2O_singlescore_10.json,0.0,0.0,0.0,0.0
NT2_2023,NT2,2023,ha,"Ecotoxicity, freshwater",Pt,129.5,37.5,37.5,,,,5565.61551,90293.99429999999,458127.314,1 kg N,1 kg P2O5,1 kg K2O,,,,nitrogen_N_singlescore_8.json,phosphorus_P2O5_singlescore_9.json,potassium_K2O_singlescore_10.json,720747.208545,3386024.78625,17179774.275000002,21286546.269795
NT2_2023,NT2,2023,ha,"Ecotoxicity, freshwater - inorganics",Pt,129.5,37.5,37.5,,,,0.0,0.0,0.0,1 kg N,1 kg P2O5,1 kg K2O,,,,nitrogen_N_singlescore_8.json,phosphorus_P2O5_singlescore_9.json,potassium_K2O_singlescore_10.json,0.0,0.0,0.0,0.0
NT2_2023,NT2,2023,ha,"Ecotoxicity, freshwater - metals",Pt,129.5,37.5,37.5,,,,0.0,0.0,0.0,1 kg N,1 kg P2O5,1 kg K2O,,,,nitrogen_N_singlescore_8.json,phosphorus_P2O5_singlescore_9.json,potassium_K2O_singlescore_10.json,0.0,0.0,0.0,0.0
NT2_2023,NT2,2023,ha,"Ecotoxicity, freshwater - organics",Pt,129.5,37.5,37.5,,,,0.0,0.0,0.0,1 kg N,1 kg P2O5,1 kg K2O,,,,nitrogen_N_singlescore_8.json,phosphorus_P2O5_singlescore_9.json,potassium_K2O_singlescore_10.json,0.0,0.0,0.0,0.0
NT2_2023,NT2,2023,ha,"Eutrophication, freshwater",Pt,129.5,37.5,37.5,,,,4.5732e-06,1.96112e-05,1.2730799999999998e-05,1 kg N,1 kg P2O5,1 kg K2O,,,,nitrogen_N_singlescore_8.json,phosphorus_P2O5_singlescore_9.json,potassium_K2O_singlescore_10.json,0.0005922293999999999,0.00073542,0.0004774049999999999,0.0018050543999999999
NT2_2023,NT2,2023,ha,"Eutrophication, marine",Pt,129.5,37.5,37.5,,,,0.002243326,0.002318746,0.002428524,1 kg N,1 kg P2O5,1 kg K2O,,,,nitrogen_N_singlescore_8.json,phosphorus_P2O5_singlescore_9.json,potassium_K2O_singlescore_10.json,0.290510717,0.086952975,0.09106965,0.46853334199999996
NT2_2023,NT2,2023,ha,"Eutrophication, terrestrial",Pt,129.5,37.5,37.5,,,,1.58592573,0.34276347,0.38357631,1 kg N,1 kg P2O5,1 kg K2O,,,,nitrogen_N_singlescore_8.json,phosphorus_P2O5_singlescore_9.json,potassium_K2O_singlescore_10.json,205.377382035,12.853630125,14.384111625,232.615123785
NT2_2023,NT2,2023,ha,"Human toxicity, cancer",Pt,129.5,37.5,37.5,,,,4.3788000000000003e-16,2.0828e-15,1.4514e-15,1 kg N,1 kg P2O5,1 kg K2O,,,,nitrogen_N_singlescore_8.json,phosphorus_P2O5_singlescore_9.json,potassium_K2O_singlescore_10.json,5.670546e-14,7.8105e-14,5.4427500000000003e-14,1.8923796e-13
NT2_2023,NT2,2023,ha,"Human toxicity, cancer - inorganics",Pt,129.5,37.5,37.5,,,,0.0,0.0,0.0,1 kg N,1 kg P2O5,1 kg K2O,,,,nitrogen_N_singlescore_8.json,phosphorus_P2O5_singlescore_9.json,potassium_K2O_singlescore_10.json,0.0,0.0,0.0,0.0
NT2_2023,NT2,2023,ha,"Human toxicity, cancer - metals",Pt,129.5,37.5,37.5,,,,0.0,0.0,0.0,1 kg N,1 kg P2O5,1 kg K2O,,,,nitrogen_N_singlescore_8.json,phosphorus_P2O5_singlescore_9.json,potassium_K2O_singlescore_10.json,0.0,0.0,0.0,0.0
NT2_2023,NT2,2023,ha,"Human toxicity, cancer - organics",Pt,129.5,37.5,37.5,,,,0.0,0.0,0.0,1 kg N,1 kg P2O5,1 kg K2O,,,,nitrogen_N_singlescore_8.json,phosphorus_P2O5_singlescore_9.json,potassium_K2O_singlescore_10.json,0.0,0.0,0.0,0.0
NT2_2023,NT2,2023,ha,"Human toxicity, non-cancer",Pt,129.5,37.5,37.5,,,,1.748e-13,5.67226e-13,8.652599999999999e-13,1 kg N,1 kg P2O5,1 kg K2O,,,,nitrogen_N_singlescore_8.json,phosphorus_P2O5_singlescore_9.json,potassium_K2O_singlescore_10.json,2.26366e-11,2.1270975000000002e-11,3.244725e-11,7.6354825e-11
NT2_2023,NT2,2023,ha,"Human toxicity, non-cancer - inorganics",Pt,129.5,37.5,37.5,,,,0.0,0.0,0.0,1 kg N,1 kg P2O5,1 kg K2O,,,,nitrogen_N_singlescore_8.json,phosphorus_P2O5_singlescore_9.json,potassium_K2O_singlescore_10.json,0.0,0.0,0.0,0.0
NT2_2023,NT2,2023,ha,"Human toxicity, non-cancer - metals",Pt,129.5,37.5,37.5,,,,0.0,0.0,0.0,1 kg N,1 kg P2O5,1 kg K2O,,,,nitrogen_N_singlescore_8.json,phosphorus_P2O5_singlescore_9.json,potassium_K2O_singlescore_10.json,0.0,0.0,0.0,0.0
NT2_2023,NT2,2023,ha,"Human toxicity, non-cancer - organics",Pt,129.5,37.5,37.5,,,,0.0,0.0,0.0,1 kg N,1 kg P2O5,1 kg K2O,,,,nitrogen_N_singlescore_8.json,phosphorus_P2O5_singlescore_9.json,potassium_K2O_singlescore_10.json,0.0,0.0,0.0,0.0
NT2_2023,NT2,2023,ha,Ionising radiation,Pt,129.5,37.5,37.5,,,,21.066451,71.22199499999999,51.815903000000006,1 kg N,1 kg P2O5,1 kg K2O,,,,nitrogen_N_singlescore_8.json,phosphorus_P2O5_singlescore_9.json,potassium_K2O_singlescore_10.json,2728.1054045,2670.8248124999996,1943.0963625000002,7342.0265795
NT2_2023,NT2,2023,ha,Land use,Pt,129.5,37.5,37.5,,,,254308.65899999999,3434320.02,2789874.0,1 kg N,1 kg P2O5,1 kg K2O,,,,nitrogen_N_singlescore_8.json,phosphorus_P2O5_singlescore_9.json,potassium_K2O_singlescore_10.json,32932971.340499997,128787000.75,104620275.0,266340247.0905
NT2_2023,NT2,2023,ha,Ozone depletion,Pt,129.5,37.5,37.5,,,,5.2984e-10,5.1356e-10,5.8312e-10,1 kg N,1 kg P2O5,1 kg K2O,,,,nitrogen_N_singlescore_8.json,phosphorus_P2O5_singlescore_9.json,potassium_K2O_singlescore_10.json,6.861428e-08,1.92585e-08,2.1867000000000003e-08,1.0973978000000001e-07
NT2_2023,NT2,2023,ha,Particulate matter,Pt,129.5,37.5,37.5,,,,2.56557e-11,1.5046200000000003e-11,1.45961e-11,1 kg N,1 kg P2O5,1 kg K2O,,,,nitrogen_N_singlescore_8.json,phosphorus_P2O5_singlescore_9.json,potassium_K2O_singlescore_10.json,3.32241315e-09,5.642325000000001e-10,5.4735375e-10,4.4339994e-09
NT2_2023,NT2,2023,ha,Photochemical ozone formation,Pt,129.5,37.5,37.5,,,,0.00772702,0.015733399999999998,0.015512239999999998,1 kg N,1 kg P2O5,1 kg K2O,,,,nitrogen_N_singlescore_8.json,phosphorus_P2O5_singlescore_9.json,potassium_K2O_singlescore_10.json,1.00064909,0.5900024999999999,0.5817089999999999,2.17236059
NT2_2023,NT2,2023,ha,"Resource use, fossils",Pt,129.5,37.5,37.5,,,,252626.08020000003,232942.92750000002,229857.6558,1 kg N,1 kg P2O5,1 kg K2O,,,,nitrogen_N_singlescore_8.json,phosphorus_P2O5_singlescore_9.json,potassium_K2O_singlescore_10.json,32715077.385900002,8735359.78125,8619662.092500001,50070099.25965001
NT2_2023,NT2,2023,ha,"Resource use, minerals and metals",Pt,129.5,37.5,37.5,,,,1.3007999999999998e-07,2.5872e-07,2.472e-07,1 kg N,1 kg P2O5,1 kg K2O,,,,nitrogen_N_singlescore_8.json,phosphorus_P2O5_singlescore_9.json,potassium_K2O_singlescore_10.json,1.6845359999999997e-05,9.702e-06,9.27e-06,3.581736e-05
NT2_2023,NT2,2023,ha,Total,Pt,129.5,37.5,37.5,,,,519378.6717280199,3764220.789358167,3484059.454128132,1 kg N,1 kg P2O5,1 kg K2O,,,,nitrogen_N_singlescore_8.json,phosphorus_P2O5_singlescore_9.json,potassium_K2O_singlescore_10.json,67259537.98877858,141158279.60093126,130652229.52980496,339070047.11951476
NT2_2023,NT2,2023,ha,Water use,Pt,129.5,37.5,37.5,,,,210.37731,1554.109634,1161.545319,1 kg N,1 kg P2O5,1 kg K2O,,,,nitrogen_N_singlescore_8.json,phosphorus_P2O5_singlescore_9.json,potassium_K2O_singlescore_10.json,27243.861645,58279.111274999996,43557.9494625,129080.9223825
NT2_2024,NT2,2024,ha,Acidification,Pt,91.0,45.0,45.0,,,,0.19821624,0.09966368,0.06340608,1 kg N,1 kg P2O5,1 kg K2O,,,,nitrogen_N_singlescore_8.json,phosphorus_P2O5_singlescore_9.json,potassium_K2O_singlescore_10.json,18.03767784,4.4848656,2.8532736,25.37581704
NT2_2024,NT2,2024,ha,Climate change,Pt,91.0,45.0,45.0,,,,6645.07914,5038.05543,4986.658170000001,1 kg N,1 kg P2O5,1 kg K2O,,,,nitrogen_N_singlescore_8.json,phosphorus_P2O5_singlescore_9.json,potassium_K2O_singlescore_10.json,604702.2017399999,226712.49435000002,224399.61765000003,1055814.3137400001
NT2_2024,NT2,2024,ha,Climate change - Biogenic,Pt,91.0,45.0,45.0,,,,0.0,0.0,0.0,1 kg N,1 kg P2O5,1 kg K2O,,,,nitrogen_N_singlescore_8.json,phosphorus_P2O5_singlescore_9.json,potassium_K2O_singlescore_10.json,0.0,0.0,0.0,0.0
NT2_2024,NT2,2024,ha,Climate change - Fossil,Pt,91.0,45.0,45.0,,,,0.0,0.0,0.0,1 kg N,1 kg P2O5,1 kg K2O,,,,nitrogen_N_singlescore_8.json,phosphorus_P2O5_singlescore_9.json,potassium_K2O_singlescore_10.json,0.0,0.0,0.0,0.0
NT2_2024,NT2,2024,ha,Climate change - Land use and LU change,Pt,91.0,45.0,45.0,,,,0.0,0.0,0.0,1 kg N,1 kg P2O5,1 kg K2O,,,,nitrogen_N_singlescore_8.json,phosphorus_P2O5_singlescore_9.json,potassium_K2O_singlescore_10.json,0.0,0.0,0.0,0.0
NT2_2024,NT2,2024,ha,"Ecotoxicity, freshwater",Pt,91.0,45.0,45.0,,,,5565.61551,90293.99429999999,458127.314,1 kg N,1 kg P2O5,1 kg K2O,,,,nitrogen_N_singlescore_8.json,phosphorus_P2O5_singlescore_9.json,potassium_K2O_singlescore_10.json,506471.01141,4063229.7434999994,20615729.13,25185429.88491
NT2_2024,NT2,2024,ha,"Ecotoxicity, freshwater - inorganics",Pt,91.0,45.0,45.0,,,,0.0,0.0,0.0,1 kg N,1 kg P2O5,1 kg K2O,,,,nitrogen_N_singlescore_8.json,phosphorus_P2O5_singlescore_9.json,potassium_K2O_singlescore_10.json,0.0,0.0,0.0,0.0
NT2_2024,NT2,2024,ha,"Ecotoxicity, freshwater - metals",Pt,91.0,45.0,45.0,,,,0.0,0.0,0.0,1 kg N,1 kg P2O5,1 kg K2O,,,,nitrogen_N_singlescore_8.json,phosphorus_P2O5_singlescore_9.json,potassium_K2O_singlescore_10.json,0.0,0.0,0.0,0.0
NT2_2024,NT2,2024,ha,"Ecotoxicity, freshwater - organics",Pt,91.0,45.0,45.0,,,,0.0,0.0,0.0,1 kg N,1 kg P2O5,1 kg K2O,,,,nitrogen_N_singlescore_8.json,phosphorus_P2O5_singlescore_9.json,potassium_K2O_singlescore_10.json,0.0,0.0,0.0,0.0
NT2_2024,NT2,2024,ha,"Eutrophication, freshwater",Pt,91.0,45.0,45.0,,,,4.5732e-06,1.96112e-05,1.2730799999999998e-05,1 kg N,1 kg P2O5,1 kg K2O,,,,nitrogen_N_singlescore_8.json,phosphorus_P2O5_singlescore_9.json,potassium_K2O_singlescore_10.json,0.0004161612,0.000882504,0.0005728859999999999,0.0018715511999999998
NT2_2024,NT2,2024,ha,"Eutrophication, marine",Pt,91.0,45.0,45.0,,,,0.002243326,0.002318746,0.002428524,1 kg N,1 kg P2O5,1 kg K2O,,,,nitrogen_N_singlescore_8.json,phosphorus_P2O5_singlescore_9.json,potassium_K2O_singlescore_10.json,0.204142666,0.10434357,0.10928358,0.417769816
NT2_2024,NT2,2024,ha,"Eutrophication, terrestrial",Pt,91.0,45.0,45.0,,,,1.58592573,0.34276347,0.38357631,1 kg N,1 kg P2O5,1 kg K2O,,,,nitrogen_N_singlescore_8.json,phosphorus_P2O5_singlescore_9.json,potassium_K2O_singlescore_10.json,144.31924143,15.424356150000001,17.26093395,177.00453153
NT2_2024,NT2,2024,ha,"Human toxicity, cancer",Pt,91.0,45.0,45.0,,,,4.3788000000000003e-16,2.0828e-15,1.4514e-15,1 kg N,1 kg P2O5,1 kg K2O,,,,nitrogen_N_singlescore_8.json,phosphorus_P2O5_singlescore_9.json,potassium_K2O_singlescore_10.json,3.9847080000000004e-14,9.3726e-14,6.5313e-14,1.9888608000000002e-13
NT2_2024,NT2,2024,ha,"Human toxicity, cancer - inorganics",Pt,91.0,45.0,45.0,,,,0.0,0.0,0.0,1 kg N,1 kg P2O5,1 kg K2O,,,,nitrogen_N_singlescore_8.json,phosphorus_P2O5_singlescore_9.json,potassium_K2O_singlescore_10.json,0.0,0.0,0.0,0.0
NT2_2024,NT2,2024,ha,"Human toxicity, cancer - metals",Pt,91.0,45.0,45.0,,,,0.0,0.0,0.0,1 kg N,1 kg P2O5,1 kg K2O,,,,nitrogen_N_singlescore_8.json,phosphorus_P2O5_singlescore_9.json,potassium_K2O_singlescore_10.json,0.0,0.0,0.0,0.0
NT2_2024,NT2,2024,ha,"Human toxicity, cancer - organics",Pt,91.0,45.0,45.0,,,,0.0,0.0,0.0,1 kg N,1 kg P2O5,1 kg K2O,,,,nitrogen_N_singlescore_8.json,phosphorus_P2O5_singlescore_9.json,potassium_K2O_singlescore_10.json,0.0,0.0,0.0,0.0
NT2_2024,NT2,2024,ha,"Human toxicity, non-cancer",Pt,91.0,45.0,45.0,,,,1.748e-13,5.67226e-13,8.652599999999999e-13,1 kg N,1 kg P2O5,1 kg K2O,,,,nitrogen_N_singlescore_8.json,phosphorus_P2O5_singlescore_9.json,potassium_K2O_singlescore_10.json,1.59068e-11,2.552517e-11,3.893669999999999e-11,8.036867e-11
NT2_2024,NT2,2024,ha,"Human toxicity, non-cancer - inorganics",Pt,91.0,45.0,45.0,,,,0.0,0.0,0.0,1 kg N,1 kg P2O5,1 kg K2O,,,,nitrogen_N_singlescore_8.json,phosphorus_P2O5_singlescore_9.json,potassium_K2O_singlescore_10.json,0.0,0.0,0.0,0.0
NT2_2024,NT2,2024,ha,"Human toxicity, non-cancer - metals",Pt,91.0,45.0,45.0,,,,0.0,0.0,0.0,1 kg N,1 kg P2O5,1 kg K2O,,,,nitrogen_N_singlescore_8.json,phosphorus_P2O5_singlescore_9.json,potassium_K2O_singlescore_10.json,0.0,0.0,0.0,0.0
NT2_2024,NT2,2024,ha,"Human toxicity, non-cancer - organics",Pt,91.0,45.0,45.0,,,,0.0,0.0,0.0,1 kg N,1 kg P2O5,1 kg K2O,,,,nitrogen_N_singlescore_8.json,phosphorus_P2O5_singlescore_9.json,potassium_K2O_singlescore_10.json,0.0,0.0,0.0,0.0
NT2_2024,NT2,2024,ha,Ionising radiation,Pt,91.0,45.0,45.0,,,,21.066451,71.22199499999999,51.815903000000006,1 kg N,1 kg P2O5,1 kg K2O,,,,nitrogen_N_singlescore_8.json,phosphorus_P2O5_singlescore_9.json,potassium_K2O_singlescore_10.json,1917.047041,3204.9897749999996,2331.7156350000005,7453.752451
NT2_2024,NT2,2024,ha,Land use,Pt,91.0,45.0,45.0,,,,254308.65899999999,3434320.02,2789874.0,1 kg N,1 kg P2O5,1 kg K2O,,,,nitrogen_N_singlescore_8.json,phosphorus_P2O5_singlescore_9.json,potassium_K2O_singlescore_10.json,23142087.968999997,154544400.9,125544330.0,303230818.869
NT2_2024,NT2,2024,ha,Ozone depletion,Pt,91.0,45.0,45.0,,,,5.2984e-10,5.1356e-10,5.8312e-10,1 kg N,1 kg P2O5,1 kg K2O,,,,nitrogen_N_singlescore_8.json,phosphorus_P2O5_singlescore_9.json,potassium_K2O_singlescore_10.json,4.821544e-08,2.31102e-08,2.6240400000000004e-08,9.756604e-08
NT2_2024,NT2,2024,ha,Particulate matter,Pt,91.0,45.0,45.0,,,,2.56557e-11,1.5046200000000003e-11,1.45961e-11,1 kg N,1 kg P2O5,1 kg K2O,,,,nitrogen_N_singlescore_8.json,phosphorus_P2O5_singlescore_9.json,potassium_K2O_singlescore_10.json,2.3346687e-09,6.770790000000001e-10,6.568245e-10,3.6685722e-09
NT2_2024,NT2,2024,ha,Photochemical ozone formation,Pt,91.0,45.0,45.0,,,,0.00772702,0.015733399999999998,0.015512239999999998,1 kg N,1 kg P2O5,1 kg K2O,,,,nitrogen_N_singlescore_8.json,phosphorus_P2O5_singlescore_9.json,potassium_K2O_singlescore_10.json,0.7031588200000001,0.7080029999999999,0.6980508,2.10921262
NT2_2024,NT2,2024,ha,"Resource use, fossils",Pt,91.0,45.0,45.0,,,,252626.08020000003,232942.92750000002,229857.6558,1 kg N,1 kg P2O5,1 kg K2O,,,,nitrogen_N_singlescore_8.json,phosphorus_P2O5_singlescore_9.json,potassium_K2O_singlescore_10.json,22988973.298200004,10482431.7375,10343594.511,43814999.5467
NT2_2024,NT2,2024,ha,"Resource use, minerals and metals",Pt,91.0,45.0,45.0,,,,1.3007999999999998e-07,2.5872e-07,2.472e-07,1 kg N,1 kg P2O5,1 kg K2O,,,,nitrogen_N_singlescore_8.json,phosphorus_P2O5_singlescore_9.json,potassium_K2O_singlescore_10.json,1.1837279999999998e-05,1.1642399999999999e-05,1.1123999999999999e-05,3.4603679999999994e-05
NT2_2024,NT2,2024,ha,Total,Pt,91.0,45.0,45.0,,,,519378.6717280199,3764220.789358167,3484059.454128132,1 kg N,1 kg P2O5,1 kg K2O,,,,nitrogen_N_singlescore_8.json,phosphorus_P2O5_singlescore_9.json,potassium_K2O_singlescore_10.json,47263459.12724981,169389935.5211175,156782675.43576595,373436070.08413327
NT2_2024,NT2,2024,ha,Water use,Pt,91.0,45.0,45.0,,,,210.37731,1554.109634,1161.545319,1 kg N,1 kg P2O5,1 kg K2O,,,,nitrogen_N_singlescore_8.json,phosphorus_P2O5_singlescore_9.json,potassium_K2O_singlescore_10.json,19144.33521,69934.93353,52269.539355,141348.808095
