dmu_id,farmer_id,year,basis,impact_category,impact_unit,herbicide_amount_kg_ha,fungicide_amount_kg_ha,pesticide_amount_kg_ha,herbicide_amount_kg_tonne,fungicide_amount_kg_tonne,pesticide_amount_kg_tonne,herbicide_factor_per_unit,fungicide_factor_per_unit,pesticide_factor_per_unit,herbicide_factor_unit,fungicide_factor_unit,pesticide_factor_unit,herbicide_factor_group,fungicide_factor_group,pesticide_factor_group,herbicide_characterisation_sheets,fungicide_characterisation_sheets,pesticide_characterisation_sheets,herbicide_single_score_file,fungicide_single_score_file,pesticide_single_score_file,herbicide_impact,fungicide_impact,pesticide_impact,crop_protection_total_impact
C1_2022,C1,2022,ha,Acidification,Pt,0.2407447735,0.5290984321,0.0995121951,,,,0.17838808,0.13245375999999998,0.14868711999999998,1 kg herbicide active substance,1 kg fungicide active substance,1 kg insecticide active substance,herbicide,fungicide,pesticide_insecticide,,,,herbicide_single_score.json,fungicide_single_score.json,pesticide_insecticide_single_score.json,0.042945997914699885,0.07008107674174968,0.014796181694297111,0.12782325635074668
C1_2022,C1,2022,ha,Climate change,Pt,0.2407447735,0.5290984321,0.0995121951,,,,24201.564,16691.588519999998,18147.4914,1 kg herbicide active substance,1 kg fungicide active substance,1 kg insecticide active substance,herbicide,fungicide,pesticide_insecticide,,,,herbicide_single_score.json,fungicide_single_score.json,pesticide_insecticide_single_score.json,5826.400043525754,8831.493315190357,1805.8967047723722,16463.790063488483
C1_2022,C1,2022,ha,Climate change - Biogenic,Pt,0.2407447735,0.5290984321,0.0995121951,,,,0.0,0.0,0.0,1 kg herbicide active substance,1 kg fungicide active substance,1 kg insecticide active substance,herbicide,fungicide,pesticide_insecticide,,,,herbicide_single_score.json,fungicide_single_score.json,pesticide_insecticide_single_score.json,0.0,0.0,0.0,0.0
C1_2022,C1,2022,ha,Climate change - Fossil,Pt,0.2407447735,0.5290984321,0.0995121951,,,,0.0,0.0,0.0,1 kg herbicide active substance,1 kg fungicide active substance,1 kg insecticide active substance,herbicide,fungicide,pesticide_insecticide,,,,herbicide_single_score.json,fungicide_single_score.json,pesticide_insecticide_single_score.json,0.0,0.0,0.0,0.0
C1_2022,C1,2022,ha,Climate change - Land use and LU change,Pt,0.2407447735,0.5290984321,0.0995121951,,,,0.0,0.0,0.0,1 kg herbicide active substance,1 kg fungicide active substance,1 kg insecticide active substance,herbicide,fungicide,pesticide_insecticide,,,,herbicide_single_score.json,fungicide_single_score.json,pesticide_insecticide_single_score.json,0.0,0.0,0.0,0.0
C1_2022,C1,2022,ha,"Ecotoxicity, freshwater",Pt,0.2407447735,0.5290984321,0.0995121951,,,,1460507.7396,3825051.6733000004,529018443.3026,1 kg herbicide active substance,1 kg fungicide active substance,1 kg insecticide active substance,herbicide,fungicide,pesticide_insecticide,,,,herbicide_single_score.json,fungicide_single_score.json,pesticide_insecticide_single_score.json,351609.60496499896,2023828.8430445115,52643786.54142663,55019224.98943614
C1_2022,C1,2022,ha,"Ecotoxicity, freshwater - inorganics",Pt,0.2407447735,0.5290984321,0.0995121951,,,,0.0,0.0,0.0,1 kg herbicide active substance,1 kg fungicide active substance,1 kg insecticide active substance,herbicide,fungicide,pesticide_insecticide,,,,herbicide_single_score.json,fungicide_single_score.json,pesticide_insecticide_single_score.json,0.0,0.0,0.0,0.0
C1_2022,C1,2022,ha,"Ecotoxicity, freshwater - metals",Pt,0.2407447735,0.5290984321,0.0995121951,,,,0.0,0.0,0.0,1 kg herbicide active substance,1 kg fungicide active substance,1 kg insecticide active substance,herbicide,fungicide,pesticide_insecticide,,,,herbicide_single_score.json,fungicide_single_score.json,pesticide_insecticide_single_score.json,0.0,0.0,0.0,0.0
C1_2022,C1,2022,ha,"Ecotoxicity, freshwater - organics",Pt,0.2407447735,0.5290984321,0.0995121951,,,,0.0,0.0,0.0,1 kg herbicide active substance,1 kg fungicide active substance,1 kg insecticide active substance,herbicide,fungicide,pesticide_insecticide,,,,herbicide_single_score.json,fungicide_single_score.json,pesticide_insecticide_single_score.json,0.0,0.0,0.0,0.0
C1_2022,C1,2022,ha,"Eutrophication, freshwater",Pt,0.2407447735,0.5290984321,0.0995121951,,,,0.0001366398,0.000103618,0.000118759,1 kg herbicide active substance,1 kg fungicide active substance,1 kg insecticide active substance,herbicide,fungicide,pesticide_insecticide,,,,herbicide_single_score.json,fungicide_single_score.json,pesticide_insecticide_single_score.json,3.2895317702085305e-05,5.4824121337337796e-05,1.1817968777880901e-05,9.953740781730401e-05
C1_2022,C1,2022,ha,"Eutrophication, marine",Pt,0.2407447735,0.5290984321,0.0995121951,,,,0.010586454,0.008716038,0.009537278,1 kg herbicide active substance,1 kg fungicide active substance,1 kg insecticide active substance,herbicide,fungicide,pesticide_insecticide,,,,herbicide_single_score.json,fungicide_single_score.json,pesticide_insecticide_single_score.json,0.002548633470398169,0.00461164203992402,0.0009490754690589378,0.008109350979381126
C1_2022,C1,2022,ha,"Eutrophication, terrestrial",Pt,0.2407447735,0.5290984321,0.0995121951,,,,0.60443343,0.45373077,0.50045004,1 kg herbicide active substance,1 kg fungicide active substance,1 kg insecticide active substance,herbicide,fungicide,pesticide_insecticide,,,,herbicide_single_score.json,fungicide_single_score.json,pesticide_insecticide_single_score.json,0.14551418920117812,0.2400682390025257,0.04980088201828281,0.4353833102219866
C1_2022,C1,2022,ha,"Human toxicity, cancer",Pt,0.2407447735,0.5290984321,0.0995121951,,,,5.3791999999999995e-15,5.9696e-15,4.6166e-15,1 kg herbicide active substance,1 kg fungicide active substance,1 kg insecticide active substance,herbicide,fungicide,pesticide_insecticide,,,,herbicide_single_score.json,fungicide_single_score.json,pesticide_insecticide_single_score.json,1.2950142856111999e-15,3.1585060002641596e-15,4.5940799989866e-16,4.9129282857740195e-15
C1_2022,C1,2022,ha,"Human toxicity, cancer - inorganics",Pt,0.2407447735,0.5290984321,0.0995121951,,,,0.0,0.0,0.0,1 kg herbicide active substance,1 kg fungicide active substance,1 kg insecticide active substance,herbicide,fungicide,pesticide_insecticide,,,,herbicide_single_score.json,fungicide_single_score.json,pesticide_insecticide_single_score.json,0.0,0.0,0.0,0.0
C1_2022,C1,2022,ha,"Human toxicity, cancer - metals",Pt,0.2407447735,0.5290984321,0.0995121951,,,,0.0,0.0,0.0,1 kg herbicide active substance,1 kg fungicide active substance,1 kg insecticide active substance,herbicide,fungicide,pesticide_insecticide,,,,herbicide_single_score.json,fungicide_single_score.json,pesticide_insecticide_single_score.json,0.0,0.0,0.0,0.0
C1_2022,C1,2022,ha,"Human toxicity, cancer - organics",Pt,0.2407447735,0.5290984321,0.0995121951,,,,0.0,0.0,0.0,1 kg herbicide active substance,1 kg fungicide active substance,1 kg insecticide active substance,herbicide,fungicide,pesticide_insecticide,,,,herbicide_single_score.json,fungicide_single_score.json,pesticide_insecticide_single_score.json,0.0,0.0,0.0,0.0
C1_2022,C1,2022,ha,"Human toxicity, non-cancer",Pt,0.2407447735,0.5290984321,0.0995121951,,,,7.236719999999999e-12,3.766066e-12,1.5654213999999998e-09,1 kg herbicide active substance,1 kg fungicide active substance,1 kg insecticide active substance,herbicide,fungicide,pesticide_insecticide,,,,herbicide_single_score.json,fungicide_single_score.json,pesticide_insecticide_single_score.json,1.7422025172829199e-12,1.9926196157851185e-12,1.5577851977051513e-10,1.5951334190358316e-10
C1_2022,C1,2022,ha,"Human toxicity, non-cancer - inorganics",Pt,0.2407447735,0.5290984321,0.0995121951,,,,0.0,0.0,0.0,1 kg herbicide active substance,1 kg fungicide active substance,1 kg insecticide active substance,herbicide,fungicide,pesticide_insecticide,,,,herbicide_single_score.json,fungicide_single_score.json,pesticide_insecticide_single_score.json,0.0,0.0,0.0,0.0
C1_2022,C1,2022,ha,"Human toxicity, non-cancer - metals",Pt,0.2407447735,0.5290984321,0.0995121951,,,,0.0,0.0,0.0,1 kg herbicide active substance,1 kg fungicide active substance,1 kg insecticide active substance,herbicide,fungicide,pesticide_insecticide,,,,herbicide_single_score.json,fungicide_single_score.json,pesticide_insecticide_single_score.json,0.0,0.0,0.0,0.0
C1_2022,C1,2022,ha,"Human toxicity, non-cancer - organics",Pt,0.2407447735,0.5290984321,0.0995121951,,,,0.0,0.0,0.0,1 kg herbicide active substance,1 kg fungicide active substance,1 kg insecticide active substance,herbicide,fungicide,pesticide_insecticide,,,,herbicide_single_score.json,fungicide_single_score.json,pesticide_insecticide_single_score.json,0.0,0.0,0.0,0.0
C1_2022,C1,2022,ha,Ionising radiation,Pt,0.2407447735,0.5290984321,0.0995121951,,,,837.086585,620.0116840000001,711.710174,1 kg herbicide active substance,1 kg fungicide active substance,1 kg insecticide active substance,herbicide,fungicide,pesticide_insecticide,,,,herbicide_single_score.json,fungicide_single_score.json,pesticide_insecticide_single_score.json,201.5242203057135,328.04720988808066,70.82384168974296,600.3952718835371
C1_2022,C1,2022,ha,Land use,Pt,0.2407447735,0.5290984321,0.0995121951,,,,10351420.44,9671351.19,10419696.54,1 kg herbicide active substance,1 kg fungicide active substance,1 kg insecticide active substance,herbicide,fungicide,pesticide_insecticide,,,,herbicide_single_score.json,fungicide_single_score.json,pesticide_insecticide_single_score.json,2492050.3692310704,5117096.750917468,1036886.874971275,8646033.995119814
C1_2022,C1,2022,ha,Ozone depletion,Pt,0.2407447735,0.5290984321,0.0995121951,,,,2.1756e-09,1.40008e-09,1.4799999999999999e-09,1 kg herbicide active substance,1 kg fungicide active substance,1 kg insecticide active substance,herbicide,fungicide,pesticide_insecticide,,,,herbicide_single_score.json,fungicide_single_score.json,pesticide_insecticide_single_score.json,5.237643292266e-10,7.407801328145679e-10,1.47278048748e-10,1.411822510789168e-09
C1_2022,C1,2022,ha,Particulate matter,Pt,0.2407447735,0.5290984321,0.0995121951,,,,1.7361e-11,1.44032e-11,1.54963e-11,1 kg herbicide active substance,1 kg fungicide active substance,1 kg insecticide active substance,herbicide,fungicide,pesticide_insecticide,,,,herbicide_single_score.json,fungicide_single_score.json,pesticide_insecticide_single_score.json,4.1795700127335005e-12,7.62071053722272e-12,1.5420708289281303e-12,1.334235137888435e-11
C1_2022,C1,2022,ha,Photochemical ozone formation,Pt,0.2407447735,0.5290984321,0.0995121951,,,,0.0482284,0.03470854,0.038507059999999996,1 kg herbicide active substance,1 kg fungicide active substance,1 kg insecticide active substance,herbicide,fungicide,pesticide_insecticide,,,,herbicide_single_score.json,fungicide_single_score.json,pesticide_insecticide_single_score.json,0.0116107352342674,0.018364234094480136,0.003831922067447406,0.03380689139619494
C1_2022,C1,2022,ha,"Resource use, fossils",Pt,0.2407447735,0.5290984321,0.0995121951,,,,1337963.403,941010.855,1030841.5170000001,1 kg herbicide active substance,1 kg fungicide active substance,1 kg insecticide active substance,herbicide,fungicide,pesticide_insecticide,,,,herbicide_single_score.json,fungicide_single_score.json,pesticide_insecticide_single_score.json,322107.6964065242,497887.3679695804,102581.30215688399,922576.3665329886
C1_2022,C1,2022,ha,"Resource use, minerals and metals",Pt,0.2407447735,0.5290984321,0.0995121951,,,,2.9472e-07,2.208e-07,2.5343999999999997e-07,1 kg herbicide active substance,1 kg fungicide active substance,1 kg insecticide active substance,herbicide,fungicide,pesticide_insecticide,,,,herbicide_single_score.json,fungicide_single_score.json,pesticide_insecticide_single_score.json,7.095229964592e-08,1.1682493380767999e-07,2.5220370726144e-08,2.12997604179744e-07
C1_2022,C1,2022,ha,Total,Pt,0.2407447735,0.5290984321,0.0995121951,,,,13176815.469822299,14456166.866849951,540489472.3400254,1 kg herbicide active substance,1 kg fungicide active substance,1 kg insecticide active substance,herbicide,fungicide,pesticide_insecticide,,,,herbicide_single_score.json,fungicide_single_score.json,pesticide_insecticide_single_score.json,3172249.4557336657,7648735.223426278,53785293.820996664,64606278.50015661
C1_2022,C1,2022,ha,Water use,Pt,0.2407447735,0.5290984321,0.0995121951,,,,1884.394864,1440.918633,1631.081551,1 kg herbicide active substance,1 kg fungicide active substance,1 kg insecticide active substance,herbicide,fungicide,pesticide_insecticide,,,,herbicide_single_score.json,fungicide_single_score.json,pesticide_insecticide_single_score.json,453.65821471824336,762.3877895039752,162.3125055271226,1378.358509749341
C1_2023,C1,2023,ha,Acidification,Pt,0.9672687321,0.0,0.0748846407,,,,0.17838808,0.13245375999999998,0.14868711999999998,1 kg herbicide active substance,1 kg fungicide active substance,1 kg insecticide active substance,herbicide,fungicide,pesticide_insecticide,,,,herbicide_single_score.json,fungicide_single_score.json,pesticide_insecticide_single_score.json,0.17254921196335338,0.0,0.011134381557917784,0.18368359352127117
C1_2023,C1,2023,ha,Climate change,Pt,0.9672687321,0.0,0.0748846407,,,,24201.564,16691.588519999998,18147.4914,1 kg herbicide active substance,1 kg fungicide active substance,1 kg insecticide active substance,herbicide,fungicide,pesticide_insecticide,,,,herbicide_single_score.json,fungicide_single_score.json,pesticide_insecticide_single_score.json,23409.416125117,0.0,1358.96837309534,24768.38449821234
C1_2023,C1,2023,ha,Climate change - Biogenic,Pt,0.9672687321,0.0,0.0748846407,,,,0.0,0.0,0.0,1 kg herbicide active substance,1 kg fungicide active substance,1 kg insecticide active substance,herbicide,fungicide,pesticide_insecticide,,,,herbicide_single_score.json,fungicide_single_score.json,pesticide_insecticide_single_score.json,0.0,0.0,0.0,0.0
C1_2023,C1,2023,ha,Climate change - Fossil,Pt,0.9672687321,0.0,0.0748846407,,,,0.0,0.0,0.0,1 kg herbicide active substance,1 kg fungicide active substance,1 kg insecticide active substance,herbicide,fungicide,pesticide_insecticide,,,,herbicide_single_score.json,fungicide_single_score.json,pesticide_insecticide_single_score.json,0.0,0.0,0.0,0.0
C1_2023,C1,2023,ha,Climate change - Land use and LU change,Pt,0.9672687321,0.0,0.0748846407,,,,0.0,0.0,0.0,1 kg herbicide active substance,1 kg fungicide active substance,1 kg insecticide active substance,herbicide,fungicide,pesticide_insecticide,,,,herbicide_single_score.json,fungicide_single_score.json,pesticide_insecticide_single_score.json,0.0,0.0,0.0,0.0
C1_2023,C1,2023,ha,"Ecotoxicity, freshwater",Pt,0.9672687321,0.0,0.0748846407,,,,1460507.7396,3825051.6733000004,529018443.3026,1 kg herbicide active substance,1 kg fungicide active substance,1 kg insecticide active substance,herbicide,fungicide,pesticide_insecticide,,,,herbicide_single_score.json,fungicide_single_score.json,pesticide_insecticide_single_score.json,1412703.469505129,0.0,39615356.05038853,41028059.51989366
C1_2023,C1,2023,ha,"Ecotoxicity, freshwater - inorganics",Pt,0.9672687321,0.0,0.0748846407,,,,0.0,0.0,0.0,1 kg herbicide active substance,1 kg fungicide active substance,1 kg insecticide active substance,herbicide,fungicide,pesticide_insecticide,,,,herbicide_single_score.json,fungicide_single_score.json,pesticide_insecticide_single_score.json,0.0,0.0,0.0,0.0
C1_2023,C1,2023,ha,"Ecotoxicity, freshwater - metals",Pt,0.9672687321,0.0,0.0748846407,,,,0.0,0.0,0.0,1 kg herbicide active substance,1 kg fungicide active substance,1 kg insecticide active substance,herbicide,fungicide,pesticide_insecticide,,,,herbicide_single_score.json,fungicide_single_score.json,pesticide_insecticide_single_score.json,0.0,0.0,0.0,0.0
C1_2023,C1,2023,ha,"Ecotoxicity, freshwater - organics",Pt,0.9672687321,0.0,0.0748846407,,,,0.0,0.0,0.0,1 kg herbicide active substance,1 kg fungicide active substance,1 kg insecticide active substance,herbicide,fungicide,pesticide_insecticide,,,,herbicide_single_score.json,fungicide_single_score.json,pesticide_insecticide_single_score.json,0.0,0.0,0.0,0.0
C1_2023,C1,2023,ha,"Eutrophication, freshwater",Pt,0.9672687321,0.0,0.0748846407,,,,0.0001366398,0.000103618,0.000118759,1 kg herbicide active substance,1 kg fungicide active substance,1 kg insecticide active substance,herbicide,fungicide,pesticide_insecticide,,,,herbicide_single_score.json,fungicide_single_score.json,pesticide_insecticide_single_score.json,0.00013216740610039757,0.0,8.893225044891301e-06,0.00014106063114528887
C1_2023,C1,2023,ha,"Eutrophication, marine",Pt,0.9672687321,0.0,0.0748846407,,,,0.010586454,0.008716038,0.009537278,1 kg herbicide active substance,1 kg fungicide active substance,1 kg insecticide active substance,herbicide,fungicide,pesticide_insecticide,,,,herbicide_single_score.json,fungicide_single_score.json,pesticide_insecticide_single_score.json,0.010239945938014973,0.0,0.0007141956362860146,0.010954141574300988
C1_2023,C1,2023,ha,"Eutrophication, terrestrial",Pt,0.9672687321,0.0,0.0748846407,,,,0.60443343,0.45373077,0.50045004,1 kg herbicide active substance,1 kg fungicide active substance,1 kg insecticide active substance,herbicide,fungicide,pesticide_insecticide,,,,herbicide_single_score.json,fungicide_single_score.json,pesticide_insecticide_single_score.json,0.5846495574749542,0.0,0.037476021433700636,0.6221255789086548
C1_2023,C1,2023,ha,"Human toxicity, cancer",Pt,0.9672687321,0.0,0.0748846407,,,,5.3791999999999995e-15,5.9696e-15,4.6166e-15,1 kg herbicide active substance,1 kg fungicide active substance,1 kg insecticide active substance,herbicide,fungicide,pesticide_insecticide,,,,herbicide_single_score.json,fungicide_single_score.json,pesticide_insecticide_single_score.json,5.20313196371232e-15,0.0,3.4571243225562e-16,5.54884439596794e-15
C1_2023,C1,2023,ha,"Human toxicity, cancer - inorganics",Pt,0.9672687321,0.0,0.0748846407,,,,0.0,0.0,0.0,1 kg herbicide active substance,1 kg fungicide active substance,1 kg insecticide active substance,herbicide,fungicide,pesticide_insecticide,,,,herbicide_single_score.json,fungicide_single_score.json,pesticide_insecticide_single_score.json,0.0,0.0,0.0,0.0
C1_2023,C1,2023,ha,"Human toxicity, cancer - metals",Pt,0.9672687321,0.0,0.0748846407,,,,0.0,0.0,0.0,1 kg herbicide active substance,1 kg fungicide active substance,1 kg insecticide active substance,herbicide,fungicide,pesticide_insecticide,,,,herbicide_single_score.json,fungicide_single_score.json,pesticide_insecticide_single_score.json,0.0,0.0,0.0,0.0
C1_2023,C1,2023,ha,"Human toxicity, cancer - organics",Pt,0.9672687321,0.0,0.0748846407,,,,0.0,0.0,0.0,1 kg herbicide active substance,1 kg fungicide active substance,1 kg insecticide active substance,herbicide,fungicide,pesticide_insecticide,,,,herbicide_single_score.json,fungicide_single_score.json,pesticide_insecticide_single_score.json,0.0,0.0,0.0,0.0
C1_2023,C1,2023,ha,"Human toxicity, non-cancer",Pt,0.9672687321,0.0,0.0748846407,,,,7.236719999999999e-12,3.766066e-12,1.5654213999999998e-09,1 kg herbicide active substance,1 kg fungicide active substance,1 kg insecticide active substance,herbicide,fungicide,pesticide_insecticide,,,,herbicide_single_score.json,fungicide_single_score.json,pesticide_insecticide_single_score.json,6.9998529789627105e-12,0.0,1.1722601908309097e-10,1.2422587206205368e-10
C1_2023,C1,2023,ha,"Human toxicity, non-cancer - inorganics",Pt,0.9672687321,0.0,0.0748846407,,,,0.0,0.0,0.0,1 kg herbicide active substance,1 kg fungicide active substance,1 kg insecticide active substance,herbicide,fungicide,pesticide_insecticide,,,,herbicide_single_score.json,fungicide_single_score.json,pesticide_insecticide_single_score.json,0.0,0.0,0.0,0.0
C1_2023,C1,2023,ha,"Human toxicity, non-cancer - metals",Pt,0.9672687321,0.0,0.0748846407,,,,0.0,0.0,0.0,1 kg herbicide active substance,1 kg fungicide active substance,1 kg insecticide active substance,herbicide,fungicide,pesticide_insecticide,,,,herbicide_single_score.json,fungicide_single_score.json,pesticide_insecticide_single_score.json,0.0,0.0,0.0,0.0
C1_2023,C1,2023,ha,"Human toxicity, non-cancer - organics",Pt,0.9672687321,0.0,0.0748846407,,,,0.0,0.0,0.0,1 kg herbicide active substance,1 kg fungicide active substance,1 kg insecticide active substance,herbicide,fungicide,pesticide_insecticide,,,,herbicide_single_score.json,fungicide_single_score.json,pesticide_insecticide_single_score.json,0.0,0.0,0.0,0.0
C1_2023,C1,2023,ha,Ionising radiation,Pt,0.9672687321,0.0,0.0748846407,,,,837.086585,620.0116840000001,711.710174,1 kg herbicide active substance,1 kg fungicide active substance,1 kg insecticide active substance,herbicide,fungicide,pesticide_insecticide,,,,herbicide_single_score.json,fungicide_single_score.json,pesticide_insecticide_single_score.json,809.6876797308689,0.0,53.29616066252449,862.9838403933934
C1_2023,C1,2023,ha,Land use,Pt,0.9672687321,0.0,0.0748846407,,,,10351420.44,9671351.19,10419696.54,1 kg herbicide active substance,1 kg fungicide active substance,1 kg insecticide active substance,herbicide,fungicide,pesticide_insecticide,,,,herbicide_single_score.json,fungicide_single_score.json,pesticide_insecticide_single_score.json,10012605.324432824,0.0,780275.2316009331,10792880.556033757
C1_2023,C1,2023,ha,Ozone depletion,Pt,0.9672687321,0.0,0.0748846407,,,,2.1756e-09,1.40008e-09,1.4799999999999999e-09,1 kg herbicide active substance,1 kg fungicide active substance,1 kg insecticide active substance,herbicide,fungicide,pesticide_insecticide,,,,herbicide_single_score.json,fungicide_single_score.json,pesticide_insecticide_single_score.json,2.1043898535567595e-09,0.0,1.1082926823599999e-10,2.2152191217927596e-09
C1_2023,C1,2023,ha,Particulate matter,Pt,0.9672687321,0.0,0.0748846407,,,,1.7361e-11,1.44032e-11,1.54963e-11,1 kg herbicide active substance,1 kg fungicide active substance,1 kg insecticide active substance,herbicide,fungicide,pesticide_insecticide,,,,herbicide_single_score.json,fungicide_single_score.json,pesticide_insecticide_single_score.json,1.67927524579881e-11,0.0,1.1604348576794102e-12,1.795318731566751e-11
C1_2023,C1,2023,ha,Photochemical ozone formation,Pt,0.9672687321,0.0,0.0748846407,,,,0.0482284,0.03470854,0.038507059999999996,1 kg herbicide active substance,1 kg fungicide active substance,1 kg insecticide active substance,herbicide,fungicide,pesticide_insecticide,,,,herbicide_single_score.json,fungicide_single_score.json,pesticide_insecticide_single_score.json,0.046649823319211636,0.0,0.002883587352513342,0.04953341067172498
C1_2023,C1,2023,ha,"Resource use, fossils",Pt,0.9672687321,0.0,0.0748846407,,,,1337963.403,941010.855,1030841.5170000001,1 kg herbicide active substance,1 kg fungicide active substance,1 kg insecticide active substance,herbicide,fungicide,pesticide_insecticide,,,,herbicide_single_score.json,fungicide_single_score.json,pesticide_insecticide_single_score.json,1294170.1644160112,0.0,77194.19661918796,1371364.3610351991
C1_2023,C1,2023,ha,"Resource use, minerals and metals",Pt,0.9672687321,0.0,0.0748846407,,,,2.9472e-07,2.208e-07,2.5343999999999997e-07,1 kg herbicide active substance,1 kg fungicide active substance,1 kg insecticide active substance,herbicide,fungicide,pesticide_insecticide,,,,herbicide_single_score.json,fungicide_single_score.json,pesticide_insecticide_single_score.json,2.85073440724512e-07,0.0,1.8978763339007998e-08,3.0405220406352e-07
C1_2023,C1,2023,ha,Total,Pt,0.9672687321,0.0,0.0748846407,,,,13176815.469822299,14456166.866849951,540489472.3400254,1 kg herbicide active substance,1 kg fungicide active substance,1 kg insecticide active substance,herbicide,fungicide,pesticide_insecticide,,,,herbicide_single_score.json,fungicide_single_score.json,pesticide_insecticide_single_score.json,12745521.59261068,0.0,40474359.93831539,53219881.53092607
C1_2023,C1,2023,ha,Water use,Pt,0.9672687321,0.0,0.0748846407,,,,1884.394864,1440.918633,1631.081551,1 kg herbicide active substance,1 kg fungicide active substance,1 kg insecticide active substance,herbicide,fungicide,pesticide_insecticide,,,,herbicide_single_score.json,fungicide_single_score.json,pesticide_insecticide_single_score.json,1822.7162308770319,0.0,122.14295589903374,1944.8591867760656
C1_2024,C1,2024,ha,Acidification,Pt,1.2709052955,0.0780597671,0.0,,,,0.17838808,0.13245375999999998,0.14868711999999998,1 kg herbicide active substance,1 kg fungicide active substance,1 kg insecticide active substance,herbicide,fungicide,pesticide_insecticide,,,,herbicide_single_score.json,fungicide_single_score.json,pesticide_insecticide_single_score.json,0.22671435552607763,0.010339309657119294,0.0,0.23705366518319693
C1_2024,C1,2024,ha,Climate change,Pt,1.2709052955,0.0780597671,0.0,,,,24201.564,16691.588519999998,18147.4914,1 kg herbicide active substance,1 kg fungicide active substance,1 kg insecticide active substance,herbicide,fungicide,pesticide_insecticide,,,,herbicide_single_score.json,fungicide_single_score.json,pesticide_insecticide_single_score.json,30757.89584698216,1302.9415124002335,0.0,32060.837359382393
C1_2024,C1,2024,ha,Climate change - Biogenic,Pt,1.2709052955,0.0780597671,0.0,,,,0.0,0.0,0.0,1 kg herbicide active substance,1 kg fungicide active substance,1 kg insecticide active substance,herbicide,fungicide,pesticide_insecticide,,,,herbicide_single_score.json,fungicide_single_score.json,pesticide_insecticide_single_score.json,0.0,0.0,0.0,0.0
C1_2024,C1,2024,ha,Climate change - Fossil,Pt,1.2709052955,0.0780597671,0.0,,,,0.0,0.0,0.0,1 kg herbicide active substance,1 kg fungicide active substance,1 kg insecticide active substance,herbicide,fungicide,pesticide_insecticide,,,,herbicide_single_score.json,fungicide_single_score.json,pesticide_insecticide_single_score.json,0.0,0.0,0.0,0.0
C1_2024,C1,2024,ha,Climate change - Land use and LU change,Pt,1.2709052955,0.0780597671,0.0,,,,0.0,0.0,0.0,1 kg herbicide active substance,1 kg fungicide active substance,1 kg insecticide active substance,herbicide,fungicide,pesticide_insecticide,,,,herbicide_single_score.json,fungicide_single_score.json,pesticide_insecticide_single_score.json,0.0,0.0,0.0,0.0
C1_2024,C1,2024,ha,"Ecotoxicity, freshwater",Pt,1.2709052955,0.0780597671,0.0,,,,1460507.7396,3825051.6733000004,529018443.3026,1 kg herbicide active substance,1 kg fungicide active substance,1 kg insecticide active substance,herbicide,fungicide,pesticide_insecticide,,,,herbicide_single_score.json,fungicide_single_score.json,pesticide_insecticide_single_score.json,1856167.020376375,298582.6427632633,0.0,2154749.6631396385
C1_2024,C1,2024,ha,"Ecotoxicity, freshwater - inorganics",Pt,1.2709052955,0.0780597671,0.0,,,,0.0,0.0,0.0,1 kg herbicide active substance,1 kg fungicide active substance,1 kg insecticide active substance,herbicide,fungicide,pesticide_insecticide,,,,herbicide_single_score.json,fungicide_single_score.json,pesticide_insecticide_single_score.json,0.0,0.0,0.0,0.0
C1_2024,C1,2024,ha,"Ecotoxicity, freshwater - metals",Pt,1.2709052955,0.0780597671,0.0,,,,0.0,0.0,0.0,1 kg herbicide active substance,1 kg fungicide active substance,1 kg insecticide active substance,herbicide,fungicide,pesticide_insecticide,,,,herbicide_single_score.json,fungicide_single_score.json,pesticide_insecticide_single_score.json,0.0,0.0,0.0,0.0
C1_2024,C1,2024,ha,"Ecotoxicity, freshwater - organics",Pt,1.2709052955,0.0780597671,0.0,,,,0.0,0.0,0.0,1 kg herbicide active substance,1 kg fungicide active substance,1 kg insecticide active substance,herbicide,fungicide,pesticide_insecticide,,,,herbicide_single_score.json,fungicide_single_score.json,pesticide_insecticide_single_score.json,0.0,0.0,0.0,0.0
C1_2024,C1,2024,ha,"Eutrophication, freshwater",Pt,1.2709052955,0.0780597671,0.0,,,,0.0001366398,0.000103618,0.000118759,1 kg herbicide active substance,1 kg fungicide active substance,1 kg insecticide active substance,herbicide,fungicide,pesticide_insecticide,,,,herbicide_single_score.json,fungicide_single_score.json,pesticide_insecticide_single_score.json,0.0001736562453960609,8.088396947367799e-06,0.0,0.0001817446423434287
C1_2024,C1,2024,ha,"Eutrophication, marine",Pt,1.2709052955,0.0780597671,0.0,,,,0.010586454,0.008716038,0.009537278,1 kg herbicide active substance,1 kg fungicide active substance,1 kg insecticide active substance,herbicide,fungicide,pesticide_insecticide,,,,herbicide_single_score.json,fungicide_single_score.json,pesticide_insecticide_single_score.json,0.013454380449167157,0.0006803718963147498,0.0,0.014134752345481907
C1_2024,C1,2024,ha,"Eutrophication, terrestrial",Pt,1.2709052955,0.0780597671,0.0,,,,0.60443343,0.45373077,0.50045004,1 kg herbicide active substance,1 kg fungicide active substance,1 kg insecticide active substance,herbicide,fungicide,pesticide_insecticide,,,,herbicide_single_score.json,fungicide_single_score.json,pesticide_insecticide_single_score.json,0.7681776469642286,0.03541811823230367,0.0,0.8035957651965323
C1_2024,C1,2024,ha,"Human toxicity, cancer",Pt,1.2709052955,0.0780597671,0.0,,,,5.3791999999999995e-15,5.9696e-15,4.6166e-15,1 kg herbicide active substance,1 kg fungicide active substance,1 kg insecticide active substance,herbicide,fungicide,pesticide_insecticide,,,,herbicide_single_score.json,fungicide_single_score.json,pesticide_insecticide_single_score.json,6.836453765553599e-15,4.659855856801599e-16,0.0,7.302439351233758e-15
C1_2024,C1,2024,ha,"Human toxicity, cancer - inorganics",Pt,1.2709052955,0.0780597671,0.0,,,,0.0,0.0,0.0,1 kg herbicide active substance,1 kg fungicide active substance,1 kg insecticide active substance,herbicide,fungicide,pesticide_insecticide,,,,herbicide_single_score.json,fungicide_single_score.json,pesticide_insecticide_single_score.json,0.0,0.0,0.0,0.0
C1_2024,C1,2024,ha,"Human toxicity, cancer - metals",Pt,1.2709052955,0.0780597671,0.0,,,,0.0,0.0,0.0,1 kg herbicide active substance,1 kg fungicide active substance,1 kg insecticide active substance,herbicide,fungicide,pesticide_insecticide,,,,herbicide_single_score.json,fungicide_single_score.json,pesticide_insecticide_single_score.json,0.0,0.0,0.0,0.0
C1_2024,C1,2024,ha,"Human toxicity, cancer - organics",Pt,1.2709052955,0.0780597671,0.0,,,,0.0,0.0,0.0,1 kg herbicide active substance,1 kg fungicide active substance,1 kg insecticide active substance,herbicide,fungicide,pesticide_insecticide,,,,herbicide_single_score.json,fungicide_single_score.json,pesticide_insecticide_single_score.json,0.0,0.0,0.0,0.0
C1_2024,C1,2024,ha,"Human toxicity, non-cancer",Pt,1.2709052955,0.0780597671,0.0,,,,7.236719999999999e-12,3.766066e-12,1.5654213999999998e-09,1 kg herbicide active substance,1 kg fungicide active substance,1 kg insecticide active substance,herbicide,fungicide,pesticide_insecticide,,,,herbicide_single_score.json,fungicide_single_score.json,pesticide_insecticide_single_score.json,9.197185770050758e-12,2.9397823484322857e-13,0.0,9.491164004893987e-12
C1_2024,C1,2024,ha,"Human toxicity, non-cancer - inorganics",Pt,1.2709052955,0.0780597671,0.0,,,,0.0,0.0,0.0,1 kg herbicide active substance,1 kg fungicide active substance,1 kg insecticide active substance,herbicide,fungicide,pesticide_insecticide,,,,herbicide_single_score.json,fungicide_single_score.json,pesticide_insecticide_single_score.json,0.0,0.0,0.0,0.0
C1_2024,C1,2024,ha,"Human toxicity, non-cancer - metals",Pt,1.2709052955,0.0780597671,0.0,,,,0.0,0.0,0.0,1 kg herbicide active substance,1 kg fungicide active substance,1 kg insecticide active substance,herbicide,fungicide,pesticide_insecticide,,,,herbicide_single_score.json,fungicide_single_score.json,pesticide_insecticide_single_score.json,0.0,0.0,0.0,0.0
C1_2024,C1,2024,ha,"Human toxicity, non-cancer - organics",Pt,1.2709052955,0.0780597671,0.0,,,,0.0,0.0,0.0,1 kg herbicide active substance,1 kg fungicide active substance,1 kg insecticide active substance,herbicide,fungicide,pesticide_insecticide,,,,herbicide_single_score.json,fungicide_single_score.json,pesticide_insecticide_single_score.json,0.0,0.0,0.0,0.0
C1_2024,C1,2024,ha,Ionising radiation,Pt,1.2709052955,0.0780597671,0.0,,,,837.086585,620.0116840000001,711.710174,1 kg herbicide active substance,1 kg fungicide active substance,1 kg insecticide active substance,herbicide,fungicide,pesticide_insecticide,,,,herbicide_single_score.json,fungicide_single_score.json,pesticide_insecticide_single_score.json,1063.8577736685108,48.3979676523188,0.0,1112.2557413208297
C1_2024,C1,2024,ha,Land use,Pt,1.2709052955,0.0780597671,0.0,,,,10351420.44,9671351.19,10419696.54,1 kg herbicide active substance,1 kg fungicide active substance,1 kg insecticide active substance,herbicide,fungicide,pesticide_insecticide,,,,herbicide_single_score.json,fungicide_single_score.json,pesticide_insecticide_single_score.json,13155675.053142939,754943.4214337078,0.0,13910618.474576646
C1_2024,C1,2024,ha,Ozone depletion,Pt,1.2709052955,0.0780597671,0.0,,,,2.1756e-09,1.40008e-09,1.4799999999999999e-09,1 kg herbicide active substance,1 kg fungicide active substance,1 kg insecticide active substance,herbicide,fungicide,pesticide_insecticide,,,,herbicide_single_score.json,fungicide_single_score.json,pesticide_insecticide_single_score.json,2.7649815608898e-09,1.0928991872136799e-10,0.0,2.874271479611168e-09
C1_2024,C1,2024,ha,Particulate matter,Pt,1.2709052955,0.0780597671,0.0,,,,1.7361e-11,1.44032e-11,1.54963e-11,1 kg herbicide active substance,1 kg fungicide active substance,1 kg insecticide active substance,herbicide,fungicide,pesticide_insecticide,,,,herbicide_single_score.json,fungicide_single_score.json,pesticide_insecticide_single_score.json,2.20641868351755e-11,1.12431043749472e-12,0.0,2.318849727267022e-11
C1_2024,C1,2024,ha,Photochemical ozone formation,Pt,1.2709052955,0.0780597671,0.0,,,,0.0482284,0.03470854,0.038507059999999996,1 kg herbicide active substance,1 kg fungicide active substance,1 kg insecticide active substance,herbicide,fungicide,pesticide_insecticide,,,,herbicide_single_score.json,fungicide_single_score.json,pesticide_insecticide_single_score.json,0.061293728953492194,0.0027093405487810343,0.0,0.06400306950227323
C1_2024,C1,2024,ha,"Resource use, fossils",Pt,1.2709052955,0.0780597671,0.0,,,,1337963.403,941010.855,1030841.5170000001,1 kg herbicide active substance,1 kg fungicide active substance,1 kg insecticide active substance,herbicide,fungicide,pesticide_insecticide,,,,herbicide_single_score.json,fungicide_single_score.json,pesticide_insecticide_single_score.json,1700424.7740579005,73455.08817987186,0.0,1773879.8622377724
C1_2024,C1,2024,ha,"Resource use, minerals and metals",Pt,1.2709052955,0.0780597671,0.0,,,,2.9472e-07,2.208e-07,2.5343999999999997e-07,1 kg herbicide active substance,1 kg fungicide active substance,1 kg insecticide active substance,herbicide,fungicide,pesticide_insecticide,,,,herbicide_single_score.json,fungicide_single_score.json,pesticide_insecticide_single_score.json,3.7456120868976e-07,1.723559657568e-08,0.0,3.9179680526543996e-07
C1_2024,C1,2024,ha,Total,Pt,1.2709052955,0.0780597671,0.0,,,,13176815.469822299,14456166.866849951,540489472.3400254,1 kg herbicide active substance,1 kg fungicide active substance,1 kg insecticide active substance,herbicide,fungicide,pesticide_insecticide,,,,herbicide_single_score.json,fungicide_single_score.json,pesticide_insecticide_single_score.json,16746484.55842348,1128445.0187850439,0.0,17874929.577208523
C1_2024,C1,2024,ha,Water use,Pt,1.2709052955,0.0780597671,0.0,,,,1884.394864,1440.918633,1631.081551,1 kg herbicide active substance,1 kg fungicide active substance,1 kg insecticide active substance,herbicide,fungicide,pesticide_insecticide,,,,herbicide_single_score.json,fungicide_single_score.json,pesticide_insecticide_single_score.json,2394.8874114706023,112.47777290203037,0.0,2507.3651843726325
C2_2022,C2,2022,ha,Acidification,Pt,1.4630957084,0.0,0.0215478542,,,,0.17838808,0.13245375999999998,0.14868711999999998,1 kg herbicide active substance,1 kg fungicide active substance,1 kg insecticide active substance,herbicide,fungicide,pesticide_insecticide,,,,herbicide_single_score.json,fungicide_single_score.json,pesticide_insecticide_single_score.json,0.26099883427771586,0.0,0.0032038883831779037,0.2642027226608938
C2_2022,C2,2022,ha,Climate change,Pt,1.4630957084,0.0,0.0215478542,,,,24201.564,16691.588519999998,18147.4914,1 kg herbicide active substance,1 kg fungicide active substance,1 kg insecticide active substance,herbicide,fungicide,pesticide_insecticide,,,,herbicide_single_score.json,fungicide_single_score.json,pesticide_insecticide_single_score.json,35409.20442496794,0.0,391.0394987829539,35800.243923750895
C2_2022,C2,2022,ha,Climate change - Biogenic,Pt,1.4630957084,0.0,0.0215478542,,,,0.0,0.0,0.0,1 kg herbicide active substance,1 kg fungicide active substance,1 kg insecticide active substance,herbicide,fungicide,pesticide_insecticide,,,,herbicide_single_score.json,fungicide_single_score.json,pesticide_insecticide_single_score.json,0.0,0.0,0.0,0.0
C2_2022,C2,2022,ha,Climate change - Fossil,Pt,1.4630957084,0.0,0.0215478542,,,,0.0,0.0,0.0,1 kg herbicide active substance,1 kg fungicide active substance,1 kg insecticide active substance,herbicide,fungicide,pesticide_insecticide,,,,herbicide_single_score.json,fungicide_single_score.json,pesticide_insecticide_single_score.json,0.0,0.0,0.0,0.0
C2_2022,C2,2022,ha,Climate change - Land use and LU change,Pt,1.4630957084,0.0,0.0215478542,,,,0.0,0.0,0.0,1 kg herbicide active substance,1 kg fungicide active substance,1 kg insecticide active substance,herbicide,fungicide,pesticide_insecticide,,,,herbicide_single_score.json,fungicide_single_score.json,pesticide_insecticide_single_score.json,0.0,0.0,0.0,0.0
C2_2022,C2,2022,ha,"Ecotoxicity, freshwater",Pt,1.4630957084,0.0,0.0215478542,,,,1460507.7396,3825051.6733000004,529018443.3026,1 kg herbicide active substance,1 kg fungicide active substance,1 kg insecticide active substance,herbicide,fungicide,pesticide_insecticide,,,,herbicide_single_score.json,fungicide_single_score.json,pesticide_insecticide_single_score.json,2136862.6058937446,0.0,11399212.285395393,13536074.891289137
C2_2022,C2,2022,ha,"Ecotoxicity, freshwater - inorganics",Pt,1.4630957084,0.0,0.0215478542,,,,0.0,0.0,0.0,1 kg herbicide active substance,1 kg fungicide active substance,1 kg insecticide active substance,herbicide,fungicide,pesticide_insecticide,,,,herbicide_single_score.json,fungicide_single_score.json,pesticide_insecticide_single_score.json,0.0,0.0,0.0,0.0
C2_2022,C2,2022,ha,"Ecotoxicity, freshwater - metals",Pt,1.4630957084,0.0,0.0215478542,,,,0.0,0.0,0.0,1 kg herbicide active substance,1 kg fungicide active substance,1 kg insecticide active substance,herbicide,fungicide,pesticide_insecticide,,,,herbicide_single_score.json,fungicide_single_score.json,pesticide_insecticide_single_score.json,0.0,0.0,0.0,0.0
C2_2022,C2,2022,ha,"Ecotoxicity, freshwater - organics",Pt,1.4630957084,0.0,0.0215478542,,,,0.0,0.0,0.0,1 kg herbicide active substance,1 kg fungicide active substance,1 kg insecticide active substance,herbicide,fungicide,pesticide_insecticide,,,,herbicide_single_score.json,fungicide_single_score.json,pesticide_insecticide_single_score.json,0.0,0.0,0.0,0.0
C2_2022,C2,2022,ha,"Eutrophication, freshwater",Pt,1.4630957084,0.0,0.0215478542,,,,0.0001366398,0.000103618,0.000118759,1 kg herbicide active substance,1 kg fungicide active substance,1 kg insecticide active substance,herbicide,fungicide,pesticide_insecticide,,,,herbicide_single_score.json,fungicide_single_score.json,pesticide_insecticide_single_score.json,0.00019991710497663432,0.0,2.5590016169378e-06,0.00020247610659357212
C2_2022,C2,2022,ha,"Eutrophication, marine",Pt,1.4630957084,0.0,0.0215478542,,,,0.010586454,0.008716038,0.009537278,1 kg herbicide active substance,1 kg fungicide active substance,1 kg insecticide active substance,herbicide,fungicide,pesticide_insecticide,,,,herbicide_single_score.json,fungicide_single_score.json,pesticide_insecticide_single_score.json,0.015488995414574014,0.0,0.0002055078758088676,0.015694503290382883
C2_2022,C2,2022,ha,"Eutrophication, terrestrial",Pt,1.4630957084,0.0,0.0215478542,,,,0.60443343,0.45373077,0.50045004,1 kg herbicide active substance,1 kg fungicide active substance,1 kg insecticide active substance,herbicide,fungicide,pesticide_insecticide,,,,herbicide_single_score.json,fungicide_single_score.json,pesticide_insecticide_single_score.json,0.8843439574464919,0.0,0.01078362449630417,0.8951275819427961
C2_2022,C2,2022,ha,"Human toxicity, cancer",Pt,1.4630957084,0.0,0.0215478542,,,,5.3791999999999995e-15,5.9696e-15,4.6166e-15,1 kg herbicide active substance,1 kg fungicide active substance,1 kg insecticide active substance,herbicide,fungicide,pesticide_insecticide,,,,herbicide_single_score.json,fungicide_single_score.json,pesticide_insecticide_single_score.json,7.870284434625279e-15,0.0,9.947782369972e-17,7.969762258324999e-15
C2_2022,C2,2022,ha,"Human toxicity, cancer - inorganics",Pt,1.4630957084,0.0,0.0215478542,,,,0.0,0.0,0.0,1 kg herbicide active substance,1 kg fungicide active substance,1 kg insecticide active substance,herbicide,fungicide,pesticide_insecticide,,,,herbicide_single_score.json,fungicide_single_score.json,pesticide_insecticide_single_score.json,0.0,0.0,0.0,0.0
C2_2022,C2,2022,ha,"Human toxicity, cancer - metals",Pt,1.4630957084,0.0,0.0215478542,,,,0.0,0.0,0.0,1 kg herbicide active substance,1 kg fungicide active substance,1 kg insecticide active substance,herbicide,fungicide,pesticide_insecticide,,,,herbicide_single_score.json,fungicide_single_score.json,pesticide_insecticide_single_score.json,0.0,0.0,0.0,0.0
C2_2022,C2,2022,ha,"Human toxicity, cancer - organics",Pt,1.4630957084,0.0,0.0215478542,,,,0.0,0.0,0.0,1 kg herbicide active substance,1 kg fungicide active substance,1 kg insecticide active substance,herbicide,fungicide,pesticide_insecticide,,,,herbicide_single_score.json,fungicide_single_score.json,pesticide_insecticide_single_score.json,0.0,0.0,0.0,0.0
C2_2022,C2,2022,ha,"Human toxicity, non-cancer",Pt,1.4630957084,0.0,0.0215478542,,,,7.236719999999999e-12,3.766066e-12,1.5654213999999998e-09,1 kg herbicide active substance,1 kg fungicide active substance,1 kg insecticide active substance,herbicide,fungicide,pesticide_insecticide,,,,herbicide_single_score.json,fungicide_single_score.json,pesticide_insecticide_single_score.json,1.0588013974892448e-11,0.0,3.373147208875988e-11,4.4319486063652326e-11
C2_2022,C2,2022,ha,"Human toxicity, non-cancer - inorganics",Pt,1.4630957084,0.0,0.0215478542,,,,0.0,0.0,0.0,1 kg herbicide active substance,1 kg fungicide active substance,1 kg insecticide active substance,herbicide,fungicide,pesticide_insecticide,,,,herbicide_single_score.json,fungicide_single_score.json,pesticide_insecticide_single_score.json,0.0,0.0,0.0,0.0
C2_2022,C2,2022,ha,"Human toxicity, non-cancer - metals",Pt,1.4630957084,0.0,0.0215478542,,,,0.0,0.0,0.0,1 kg herbicide active substance,1 kg fungicide active substance,1 kg insecticide active substance,herbicide,fungicide,pesticide_insecticide,,,,herbicide_single_score.json,fungicide_single_score.json,pesticide_insecticide_single_score.json,0.0,0.0,0.0,0.0
C2_2022,C2,2022,ha,"Human toxicity, non-cancer - organics",Pt,1.4630957084,0.0,0.0215478542,,,,0.0,0.0,0.0,1 kg herbicide active substance,1 kg fungicide active substance,1 kg insecticide active substance,herbicide,fungicide,pesticide_insecticide,,,,herbicide_single_score.json,fungicide_single_score.json,pesticide_insecticide_single_score.json,0.0,0.0,0.0,0.0
C2_2022,C2,2022,ha,Ionising radiation,Pt,1.4630957084,0.0,0.0215478542,,,,837.086585,620.0116840000001,711.710174,1 kg herbicide active substance,1 kg fungicide active substance,1 kg insecticide active substance,herbicide,fungicide,pesticide_insecticide,,,,herbicide_single_score.json,fungicide_single_score.json,pesticide_insecticide_single_score.json,1224.737790072712,0.0,15.335827062008633,1240.0736171347205
C2_2022,C2,2022,ha,Land use,Pt,1.4630957084,0.0,0.0215478542,,,,10351420.44,9671351.19,10419696.54,1 kg herbicide active substance,1 kg fungicide active substance,1 kg insecticide active substance,herbicide,fungicide,pesticide_insecticide,,,,herbicide_single_score.json,fungicide_single_score.json,pesticide_insecticide_single_score.json,15145118.821608039,0.0,224522.10185216446,15369640.923460202
C2_2022,C2,2022,ha,Ozone depletion,Pt,1.4630957084,0.0,0.0215478542,,,,2.1756e-09,1.40008e-09,1.4799999999999999e-09,1 kg herbicide active substance,1 kg fungicide active substance,1 kg insecticide active substance,herbicide,fungicide,pesticide_insecticide,,,,herbicide_single_score.json,fungicide_single_score.json,pesticide_insecticide_single_score.json,3.18311102319504e-09,0.0,3.1890824215999996e-11,3.21500184741104e-09
C2_2022,C2,2022,ha,Particulate matter,Pt,1.4630957084,0.0,0.0215478542,,,,1.7361e-11,1.44032e-11,1.54963e-11,1 kg herbicide active substance,1 kg fungicide active substance,1 kg insecticide active substance,herbicide,fungicide,pesticide_insecticide,,,,herbicide_single_score.json,fungicide_single_score.json,pesticide_insecticide_single_score.json,2.54008045935324e-11,0.0,3.3391201303946003e-13,2.573471660657186e-11
C2_2022,C2,2022,ha,Photochemical ozone formation,Pt,1.4630957084,0.0,0.0215478542,,,,0.0482284,0.03470854,0.038507059999999996,1 kg herbicide active substance,1 kg fungicide active substance,1 kg insecticide active substance,herbicide,fungicide,pesticide_insecticide,,,,herbicide_single_score.json,fungicide_single_score.json,pesticide_insecticide_single_score.json,0.07056276506299856,0.0,0.000829744514550652,0.07139250957754921
C2_2022,C2,2022,ha,"Resource use, fossils",Pt,1.4630957084,0.0,0.0215478542,,,,1337963.403,941010.855,1030841.5170000001,1 kg herbicide active substance,1 kg fungicide active substance,1 kg insecticide active substance,herbicide,fungicide,pesticide_insecticide,,,,herbicide_single_score.json,fungicide_single_score.json,pesticide_insecticide_single_score.json,1957568.5129255597,0.0,22212.422711622825,1979780.9356371826
C2_2022,C2,2022,ha,"Resource use, minerals and metals",Pt,1.4630957084,0.0,0.0215478542,,,,2.9472e-07,2.208e-07,2.5343999999999997e-07,1 kg herbicide active substance,1 kg fungicide active substance,1 kg insecticide active substance,herbicide,fungicide,pesticide_insecticide,,,,herbicide_single_score.json,fungicide_single_score.json,pesticide_insecticide_single_score.json,4.31203567179648e-07,0.0,5.461088168448e-09,4.3666465534809596e-07
C2_2022,C2,2022,ha,Total,Pt,1.4630957084,0.0,0.0215478542,,,,13176815.469822299,14456166.866849951,540489472.3400254,1 kg herbicide active substance,1 kg fungicide active substance,1 kg insecticide active substance,herbicide,fungicide,pesticide_insecticide,,,,herbicide_single_score.json,fungicide_single_score.json,pesticide_insecticide_single_score.json,19278942.164275736,0.0,11646388.346617801,30925330.51089354
C2_2022,C2,2022,ha,Water use,Pt,1.4630957084,0.0,0.0215478542,,,,1884.394864,1440.918633,1631.081551,1 kg herbicide active substance,1 kg fungicide active substance,1 kg insecticide active substance,herbicide,fungicide,pesticide_insecticide,,,,herbicide_single_score.json,fungicide_single_score.json,pesticide_insecticide_single_score.json,2757.0500384494017,0.0,35.14630744925787,2792.1963458986597
C2_2023,C2,2023,ha,Acidification,Pt,0.5161999826,0.0,0.0702959813,,,,0.17838808,0.13245375999999998,0.14868711999999998,1 kg herbicide active substance,1 kg fungicide active substance,1 kg insecticide active substance,herbicide,fungicide,pesticide_insecticide,,,,herbicide_single_score.json,fungicide_single_score.json,pesticide_insecticide_single_score.json,0.09208392379204741,0.0,0.010452107007070855,0.10253603079911827
C2_2023,C2,2023,ha,Climate change,Pt,0.5161999826,0.0,0.0702959813,,,,24201.564,16691.588519999998,18147.4914,1 kg herbicide active substance,1 kg fungicide active substance,1 kg insecticide active substance,herbicide,fungicide,pesticide_insecticide,,,,herbicide_single_score.json,fungicide_single_score.json,pesticide_insecticide_single_score.json,12492.846915692786,0.0,1275.695716096311,13768.542631789096
C2_2023,C2,2023,ha,Climate change - Biogenic,Pt,0.5161999826,0.0,0.0702959813,,,,0.0,0.0,0.0,1 kg herbicide active substance,1 kg fungicide active substance,1 kg insecticide active substance,herbicide,fungicide,pesticide_insecticide,,,,herbicide_single_score.json,fungicide_single_score.json,pesticide_insecticide_single_score.json,0.0,0.0,0.0,0.0
C2_2023,C2,2023,ha,Climate change - Fossil,Pt,0.5161999826,0.0,0.0702959813,,,,0.0,0.0,0.0,1 kg herbicide active substance,1 kg fungicide active substance,1 kg insecticide active substance,herbicide,fungicide,pesticide_insecticide,,,,herbicide_single_score.json,fungicide_single_score.json,pesticide_insecticide_single_score.json,0.0,0.0,0.0,0.0
C2_2023,C2,2023,ha,Climate change - Land use and LU change,Pt,0.5161999826,0.0,0.0702959813,,,,0.0,0.0,0.0,1 kg herbicide active substance,1 kg fungicide active substance,1 kg insecticide active substance,herbicide,fungicide,pesticide_insecticide,,,,herbicide_single_score.json,fungicide_single_score.json,pesticide_insecticide_single_score.json,0.0,0.0,0.0,0.0
C2_2023,C2,2023,ha,"Ecotoxicity, freshwater",Pt,0.5161999826,0.0,0.0702959813,,,,1460507.7396,3825051.6733000004,529018443.3026,1 kg herbicide active substance,1 kg fungicide active substance,1 kg insecticide active substance,herbicide,fungicide,pesticide_insecticide,,,,herbicide_single_score.json,fungicide_single_score.json,pesticide_insecticide_single_score.json,753914.0697686853,0.0,37187870.59775469,37941784.66752337
C2_2023,C2,2023,ha,"Ecotoxicity, freshwater - inorganics",Pt,0.5161999826,0.0,0.0702959813,,,,0.0,0.0,0.0,1 kg herbicide active substance,1 kg fungicide active substance,1 kg insecticide active substance,herbicide,fungicide,pesticide_insecticide,,,,herbicide_single_score.json,fungicide_single_score.json,pesticide_insecticide_single_score.json,0.0,0.0,0.0,0.0
C2_2023,C2,2023,ha,"Ecotoxicity, freshwater - metals",Pt,0.5161999826,0.0,0.0702959813,,,,0.0,0.0,0.0,1 kg herbicide active substance,1 kg fungicide active substance,1 kg insecticide active substance,herbicide,fungicide,pesticide_insecticide,,,,herbicide_single_score.json,fungicide_single_score.json,pesticide_insecticide_single_score.json,0.0,0.0,0.0,0.0
C2_2023,C2,2023,ha,"Ecotoxicity, freshwater - organics",Pt,0.5161999826,0.0,0.0702959813,,,,0.0,0.0,0.0,1 kg herbicide active substance,1 kg fungicide active substance,1 kg insecticide active substance,herbicide,fungicide,pesticide_insecticide,,,,herbicide_single_score.json,fungicide_single_score.json,pesticide_insecticide_single_score.json,0.0,0.0,0.0,0.0
C2_2023,C2,2023,ha,"Eutrophication, freshwater",Pt,0.5161999826,0.0,0.0702959813,,,,0.0001366398,0.000103618,0.000118759,1 kg herbicide active substance,1 kg fungicide active substance,1 kg insecticide active substance,herbicide,fungicide,pesticide_insecticide,,,,herbicide_single_score.json,fungicide_single_score.json,pesticide_insecticide_single_score.json,7.053346238246748e-05,0.0,8.348280443206701e-06,7.888174282567417e-05
C2_2023,C2,2023,ha,"Eutrophication, marine",Pt,0.5161999826,0.0,0.0702959813,,,,0.010586454,0.008716038,0.009537278,1 kg herbicide active substance,1 kg fungicide active substance,1 kg insecticide active substance,herbicide,fungicide,pesticide_insecticide,,,,herbicide_single_score.json,fungicide_single_score.json,pesticide_insecticide_single_score.json,0.005464727370595701,0.0,0.0006704323159409015,0.006135159686536602
C2_2023,C2,2023,ha,"Eutrophication, terrestrial",Pt,0.5161999826,0.0,0.0702959813,,,,0.60443343,0.45373077,0.50045004,1 kg herbicide active substance,1 kg fungicide active substance,1 kg insecticide active substance,herbicide,fungicide,pesticide_insecticide,,,,herbicide_single_score.json,fungicide_single_score.json,pesticide_insecticide_single_score.json,0.3120085260488583,0.0,0.03517962665342426,0.3471881527022826
C2_2023,C2,2023,ha,"Human toxicity, cancer",Pt,0.5161999826,0.0,0.0702959813,,,,5.3791999999999995e-15,5.9696e-15,4.6166e-15,1 kg herbicide active substance,1 kg fungicide active substance,1 kg insecticide active substance,herbicide,fungicide,pesticide_insecticide,,,,herbicide_single_score.json,fungicide_single_score.json,pesticide_insecticide_single_score.json,2.77674294640192e-15,0.0,3.2452842726958005e-16,3.1012713736715e-15
C2_2023,C2,2023,ha,"Human toxicity, cancer - inorganics",Pt,0.5161999826,0.0,0.0702959813,,,,0.0,0.0,0.0,1 kg herbicide active substance,1 kg fungicide active substance,1 kg insecticide active substance,herbicide,fungicide,pesticide_insecticide,,,,herbicide_single_score.json,fungicide_single_score.json,pesticide_insecticide_single_score.json,0.0,0.0,0.0,0.0
C2_2023,C2,2023,ha,"Human toxicity, cancer - metals",Pt,0.5161999826,0.0,0.0702959813,,,,0.0,0.0,0.0,1 kg herbicide active substance,1 kg fungicide active substance,1 kg insecticide active substance,herbicide,fungicide,pesticide_insecticide,,,,herbicide_single_score.json,fungicide_single_score.json,pesticide_insecticide_single_score.json,0.0,0.0,0.0,0.0
C2_2023,C2,2023,ha,"Human toxicity, cancer - organics",Pt,0.5161999826,0.0,0.0702959813,,,,0.0,0.0,0.0,1 kg herbicide active substance,1 kg fungicide active substance,1 kg insecticide active substance,herbicide,fungicide,pesticide_insecticide,,,,herbicide_single_score.json,fungicide_single_score.json,pesticide_insecticide_single_score.json,0.0,0.0,0.0,0.0
C2_2023,C2,2023,ha,"Human toxicity, non-cancer",Pt,0.5161999826,0.0,0.0702959813,,,,7.236719999999999e-12,3.766066e-12,1.5654213999999998e-09,1 kg herbicide active substance,1 kg fungicide active substance,1 kg insecticide active substance,herbicide,fungicide,pesticide_insecticide,,,,herbicide_single_score.json,fungicide_single_score.json,pesticide_insecticide_single_score.json,3.735594738081071e-12,0.0,1.1004283346101981e-10,1.1377842819910088e-10
C2_2023,C2,2023,ha,"Human toxicity, non-cancer - inorganics",Pt,0.5161999826,0.0,0.0702959813,,,,0.0,0.0,0.0,1 kg herbicide active substance,1 kg fungicide active substance,1 kg insecticide active substance,herbicide,fungicide,pesticide_insecticide,,,,herbicide_single_score.json,fungicide_single_score.json,pesticide_insecticide_single_score.json,0.0,0.0,0.0,0.0
C2_2023,C2,2023,ha,"Human toxicity, non-cancer - metals",Pt,0.5161999826,0.0,0.0702959813,,,,0.0,0.0,0.0,1 kg herbicide active substance,1 kg fungicide active substance,1 kg insecticide active substance,herbicide,fungicide,pesticide_insecticide,,,,herbicide_single_score.json,fungicide_single_score.json,pesticide_insecticide_single_score.json,0.0,0.0,0.0,0.0
C2_2023,C2,2023,ha,"Human toxicity, non-cancer - organics",Pt,0.5161999826,0.0,0.0702959813,,,,0.0,0.0,0.0,1 kg herbicide active substance,1 kg fungicide active substance,1 kg insecticide active substance,herbicide,fungicide,pesticide_insecticide,,,,herbicide_single_score.json,fungicide_single_score.json,pesticide_insecticide_single_score.json,0.0,0.0,0.0,0.0
C2_2023,C2,2023,ha,Ionising radiation,Pt,0.5161999826,0.0,0.0702959813,,,,837.086585,620.0116840000001,711.710174,1 kg herbicide active substance,1 kg fungicide active substance,1 kg insecticide active substance,herbicide,fungicide,pesticide_insecticide,,,,herbicide_single_score.json,fungicide_single_score.json,pesticide_insecticide_single_score.json,432.1040806116934,0.0,50.03036508252375,482.13444569421716
C2_2023,C2,2023,ha,Land use,Pt,0.5161999826,0.0,0.0702959813,,,,10351420.44,9671351.19,10419696.54,1 kg herbicide active substance,1 kg fungicide active substance,1 kg insecticide active substance,herbicide,fungicide,pesticide_insecticide,,,,herbicide_single_score.json,fungicide_single_score.json,pesticide_insecticide_single_score.json,5343403.051013284,0.0,732462.7931275147,6075865.844140799
C2_2023,C2,2023,ha,Ozone depletion,Pt,0.5161999826,0.0,0.0702959813,,,,2.1756e-09,1.40008e-09,1.4799999999999999e-09,1 kg herbicide active substance,1 kg fungicide active substance,1 kg insecticide active substance,herbicide,fungicide,pesticide_insecticide,,,,herbicide_single_score.json,fungicide_single_score.json,pesticide_insecticide_single_score.json,1.1230446821445599e-09,0.0,1.04038052324e-10,1.2270827344685598e-09
C2_2023,C2,2023,ha,Particulate matter,Pt,0.5161999826,0.0,0.0702959813,,,,1.7361e-11,1.44032e-11,1.54963e-11,1 kg herbicide active substance,1 kg fungicide active substance,1 kg insecticide active substance,herbicide,fungicide,pesticide_insecticide,,,,herbicide_single_score.json,fungicide_single_score.json,pesticide_insecticide_single_score.json,8.9617478979186e-12,0.0,1.08932761501919e-12,1.005107551293779e-11
C2_2023,C2,2023,ha,Photochemical ozone formation,Pt,0.5161999826,0.0,0.0702959813,,,,0.0482284,0.03470854,0.038507059999999996,1 kg herbicide active substance,1 kg fungicide active substance,1 kg insecticide active substance,herbicide,fungicide,pesticide_insecticide,,,,herbicide_single_score.json,fungicide_single_score.json,pesticide_insecticide_single_score.json,0.02489549924082584,0.0,0.002706891569677978,0.027602390810503818
C2_2023,C2,2023,ha,"Resource use, fossils",Pt,0.5161999826,0.0,0.0702959813,,,,1337963.403,941010.855,1030841.5170000001,1 kg herbicide active substance,1 kg fungicide active substance,1 kg insecticide active substance,herbicide,fungicide,pesticide_insecticide,,,,herbicide_single_score.json,fungicide_single_score.json,pesticide_insecticide_single_score.json,690656.6853480367,0.0,72464.01600229564,763120.7013503324
C2_2023,C2,2023,ha,"Resource use, minerals and metals",Pt,0.5161999826,0.0,0.0702959813,,,,2.9472e-07,2.208e-07,2.5343999999999997e-07,1 kg herbicide active substance,1 kg fungicide active substance,1 kg insecticide active substance,herbicide,fungicide,pesticide_insecticide,,,,herbicide_single_score.json,fungicide_single_score.json,pesticide_insecticide_single_score.json,1.52134458871872e-07,0.0,1.7815813500672e-08,1.69950272372544e-07
C2_2023,C2,2023,ha,Total,Pt,0.5161999826,0.0,0.0702959813,,,,13176815.469822299,14456166.866849951,540489472.3400254,1 kg herbicide active substance,1 kg fungicide active substance,1 kg insecticide active substance,herbicide,fungicide,pesticide_insecticide,,,,herbicide_single_score.json,fungicide_single_score.json,pesticide_insecticide_single_score.json,6801871.916245681,0.0,37994237.8404613,44796109.75670698
C2_2023,C2,2023,ha,Water use,Pt,0.5161999826,0.0,0.0702959813,,,,1884.394864,1440.918633,1631.081551,1 kg herbicide active substance,1 kg fungicide active substance,1 kg insecticide active substance,herbicide,fungicide,pesticide_insecticide,,,,herbicide_single_score.json,fungicide_single_score.json,pesticide_insecticide_single_score.json,972.7245960083294,0.0,114.658478207871,1087.3830742162004
C2_2024,C2,2024,ha,Acidification,Pt,0.3735487078,0.0,0.0,,,,0.17838808,0.13245375999999998,0.14868711999999998,1 kg herbicide active substance,1 kg fungicide active substance,1 kg insecticide active substance,herbicide,fungicide,pesticide_insecticide,,,,herbicide_single_score.json,fungicide_single_score.json,pesticide_insecticide_single_score.json,0.06663663677092302,0.0,0.0,0.06663663677092302
C2_2024,C2,2024,ha,Climate change,Pt,0.3735487078,0.0,0.0,,,,24201.564,16691.588519999998,18147.4914,1 kg herbicide active substance,1 kg fungicide active substance,1 kg insecticide active substance,herbicide,fungicide,pesticide_insecticide,,,,herbicide_single_score.json,fungicide_single_score.json,pesticide_insecticide_single_score.json,9040.462958938999,0.0,0.0,9040.462958938999
C2_2024,C2,2024,ha,Climate change - Biogenic,Pt,0.3735487078,0.0,0.0,,,,0.0,0.0,0.0,1 kg herbicide active substance,1 kg fungicide active substance,1 kg insecticide active substance,herbicide,fungicide,pesticide_insecticide,,,,herbicide_single_score.json,fungicide_single_score.json,pesticide_insecticide_single_score.json,0.0,0.0,0.0,0.0
C2_2024,C2,2024,ha,Climate change - Fossil,Pt,0.3735487078,0.0,0.0,,,,0.0,0.0,0.0,1 kg herbicide active substance,1 kg fungicide active substance,1 kg insecticide active substance,herbicide,fungicide,pesticide_insecticide,,,,herbicide_single_score.json,fungicide_single_score.json,pesticide_insecticide_single_score.json,0.0,0.0,0.0,0.0
C2_2024,C2,2024,ha,Climate change - Land use and LU change,Pt,0.3735487078,0.0,0.0,,,,0.0,0.0,0.0,1 kg herbicide active substance,1 kg fungicide active substance,1 kg insecticide active substance,herbicide,fungicide,pesticide_insecticide,,,,herbicide_single_score.json,fungicide_single_score.json,pesticide_insecticide_single_score.json,0.0,0.0,0.0,0.0
C2_2024,C2,2024,ha,"Ecotoxicity, freshwater",Pt,0.3735487078,0.0,0.0,,,,1460507.7396,3825051.6733000004,529018443.3026,1 kg herbicide active substance,1 kg fungicide active substance,1 kg insecticide active substance,herbicide,fungicide,pesticide_insecticide,,,,herbicide_single_score.json,fungicide_single_score.json,pesticide_insecticide_single_score.json,545570.7788594789,0.0,0.0,545570.7788594789
C2_2024,C2,2024,ha,"Ecotoxicity, freshwater - inorganics",Pt,0.3735487078,0.0,0.0,,,,0.0,0.0,0.0,1 kg herbicide active substance,1 kg fungicide active substance,1 kg insecticide active substance,herbicide,fungicide,pesticide_insecticide,,,,herbicide_single_score.json,fungicide_single_score.json,pesticide_insecticide_single_score.json,0.0,0.0,0.0,0.0
C2_2024,C2,2024,ha,"Ecotoxicity, freshwater - metals",Pt,0.3735487078,0.0,0.0,,,,0.0,0.0,0.0,1 kg herbicide active substance,1 kg fungicide active substance,1 kg insecticide active substance,herbicide,fungicide,pesticide_insecticide,,,,herbicide_single_score.json,fungicide_single_score.json,pesticide_insecticide_single_score.json,0.0,0.0,0.0,0.0
C2_2024,C2,2024,ha,"Ecotoxicity, freshwater - organics",Pt,0.3735487078,0.0,0.0,,,,0.0,0.0,0.0,1 kg herbicide active substance,1 kg fungicide active substance,1 kg insecticide active substance,herbicide,fungicide,pesticide_insecticide,,,,herbicide_single_score.json,fungicide_single_score.json,pesticide_insecticide_single_score.json,0.0,0.0,0.0,0.0
C2_2024,C2,2024,ha,"Eutrophication, freshwater",Pt,0.3735487078,0.0,0.0,,,,0.0001366398,0.000103618,0.000118759,1 kg herbicide active substance,1 kg fungicide active substance,1 kg insecticide active substance,herbicide,fungicide,pesticide_insecticide,,,,herbicide_single_score.json,fungicide_single_score.json,pesticide_insecticide_single_score.json,5.104162072405044e-05,0.0,0.0,5.104162072405044e-05
C2_2024,C2,2024,ha,"Eutrophication, marine",Pt,0.3735487078,0.0,0.0,,,,0.010586454,0.008716038,0.009537278,1 kg herbicide active substance,1 kg fungicide active substance,1 kg insecticide active substance,herbicide,fungicide,pesticide_insecticide,,,,herbicide_single_score.json,fungicide_single_score.json,pesticide_insecticide_single_score.json,0.003954556211884141,0.0,0.0,0.003954556211884141
C2_2024,C2,2024,ha,"Eutrophication, terrestrial",Pt,0.3735487078,0.0,0.0,,,,0.60443343,0.45373077,0.50045004,1 kg herbicide active substance,1 kg fungicide active substance,1 kg insecticide active substance,herbicide,fungicide,pesticide_insecticide,,,,herbicide_single_score.json,fungicide_single_score.json,pesticide_insecticide_single_score.json,0.22578532672762178,0.0,0.0,0.22578532672762178
C2_2024,C2,2024,ha,"Human toxicity, cancer",Pt,0.3735487078,0.0,0.0,,,,5.3791999999999995e-15,5.9696e-15,4.6166e-15,1 kg herbicide active substance,1 kg fungicide active substance,1 kg insecticide active substance,herbicide,fungicide,pesticide_insecticide,,,,herbicide_single_score.json,fungicide_single_score.json,pesticide_insecticide_single_score.json,2.0093932089977596e-15,0.0,0.0,2.0093932089977596e-15
C2_2024,C2,2024,ha,"Human toxicity, cancer - inorganics",Pt,0.3735487078,0.0,0.0,,,,0.0,0.0,0.0,1 kg herbicide active substance,1 kg fungicide active substance,1 kg insecticide active substance,herbicide,fungicide,pesticide_insecticide,,,,herbicide_single_score.json,fungicide_single_score.json,pesticide_insecticide_single_score.json,0.0,0.0,0.0,0.0
C2_2024,C2,2024,ha,"Human toxicity, cancer - metals",Pt,0.3735487078,0.0,0.0,,,,0.0,0.0,0.0,1 kg herbicide active substance,1 kg fungicide active substance,1 kg insecticide active substance,herbicide,fungicide,pesticide_insecticide,,,,herbicide_single_score.json,fungicide_single_score.json,pesticide_insecticide_single_score.json,0.0,0.0,0.0,0.0
C2_2024,C2,2024,ha,"Human toxicity, cancer - organics",Pt,0.3735487078,0.0,0.0,,,,0.0,0.0,0.0,1 kg herbicide active substance,1 kg fungicide active substance,1 kg insecticide active substance,herbicide,fungicide,pesticide_insecticide,,,,herbicide_single_score.json,fungicide_single_score.json,pesticide_insecticide_single_score.json,0.0,0.0,0.0,0.0
C2_2024,C2,2024,ha,"Human toxicity, non-cancer",Pt,0.3735487078,0.0,0.0,,,,7.236719999999999e-12,3.766066e-12,1.5654213999999998e-09,1 kg herbicide active substance,1 kg fungicide active substance,1 kg insecticide active substance,herbicide,fungicide,pesticide_insecticide,,,,herbicide_single_score.json,fungicide_single_score.json,pesticide_insecticide_single_score.json,2.7032674047104157e-12,0.0,0.0,2.7032674047104157e-12
C2_2024,C2,2024,ha,"Human toxicity, non-cancer - inorganics",Pt,0.3735487078,0.0,0.0,,,,0.0,0.0,0.0,1 kg herbicide active substance,1 kg fungicide active substance,1 kg insecticide active substance,herbicide,fungicide,pesticide_insecticide,,,,herbicide_single_score.json,fungicide_single_score.json,pesticide_insecticide_single_score.json,0.0,0.0,0.0,0.0
C2_2024,C2,2024,ha,"Human toxicity, non-cancer - metals",Pt,0.3735487078,0.0,0.0,,,,0.0,0.0,0.0,1 kg herbicide active substance,1 kg fungicide active substance,1 kg insecticide active substance,herbicide,fungicide,pesticide_insecticide,,,,herbicide_single_score.json,fungicide_single_score.json,pesticide_insecticide_single_score.json,0.0,0.0,0.0,0.0
C2_2024,C2,2024,ha,"Human toxicity, non-cancer - organics",Pt,0.3735487078,0.0,0.0,,,,0.0,0.0,0.0,1 kg herbicide active substance,1 kg fungicide active substance,1 kg insecticide active substance,herbicide,fungicide,pesticide_insecticide,,,,herbicide_single_score.json,fungicide_single_score.json,pesticide_insecticide_single_score.json,0.0,0.0,0.0,0.0
C2_2024,C2,2024,ha,Ionising radiation,Pt,0.3735487078,0.0,0.0,,,,837.086585,620.0116840000001,711.710174,1 kg herbicide active substance,1 kg fungicide active substance,1 kg insecticide active substance,herbicide,fungicide,pesticide_insecticide,,,,herbicide_single_score.json,fungicide_single_score.json,pesticide_insecticide_single_score.json,312.6926121434649,0.0,0.0,312.6926121434649
C2_2024,C2,2024,ha,Land use,Pt,0.3735487078,0.0,0.0,,,,10351420.44,9671351.19,10419696.54,1 kg herbicide active substance,1 kg fungicide active substance,1 kg insecticide active substance,herbicide,fungicide,pesticide_insecticide,,,,herbicide_single_score.json,fungicide_single_score.json,pesticide_insecticide_single_score.json,3866759.729256507,0.0,0.0,3866759.729256507
C2_2024,C2,2024,ha,Ozone depletion,Pt,0.3735487078,0.0,0.0,,,,2.1756e-09,1.40008e-09,1.4799999999999999e-09,1 kg herbicide active substance,1 kg fungicide active substance,1 kg insecticide active substance,herbicide,fungicide,pesticide_insecticide,,,,herbicide_single_score.json,fungicide_single_score.json,pesticide_insecticide_single_score.json,8.126925686896799e-10,0.0,0.0,8.126925686896799e-10
C2_2024,C2,2024,ha,Particulate matter,Pt,0.3735487078,0.0,0.0,,,,1.7361e-11,1.44032e-11,1.54963e-11,1 kg herbicide active substance,1 kg fungicide active substance,1 kg insecticide active substance,herbicide,fungicide,pesticide_insecticide,,,,herbicide_single_score.json,fungicide_single_score.json,pesticide_insecticide_single_score.json,6.4851791161158e-12,0.0,0.0,6.4851791161158e-12
C2_2024,C2,2024,ha,Photochemical ozone formation,Pt,0.3735487078,0.0,0.0,,,,0.0482284,0.03470854,0.038507059999999996,1 kg herbicide active substance,1 kg fungicide active substance,1 kg insecticide active substance,herbicide,fungicide,pesticide_insecticide,,,,herbicide_single_score.json,fungicide_single_score.json,pesticide_insecticide_single_score.json,0.01801565649926152,0.0,0.0,0.01801565649926152
C2_2024,C2,2024,ha,"Resource use, fossils",Pt,0.3735487078,0.0,0.0,,,,1337963.403,941010.855,1030841.5170000001,1 kg herbicide active substance,1 kg fungicide active substance,1 kg insecticide active substance,herbicide,fungicide,pesticide_insecticide,,,,herbicide_single_score.json,fungicide_single_score.json,pesticide_insecticide_single_score.json,499794.5002743406,0.0,0.0,499794.5002743406
C2_2024,C2,2024,ha,"Resource use, minerals and metals",Pt,0.3735487078,0.0,0.0,,,,2.9472e-07,2.208e-07,2.5343999999999997e-07,1 kg herbicide active substance,1 kg fungicide active substance,1 kg insecticide active substance,herbicide,fungicide,pesticide_insecticide,,,,herbicide_single_score.json,fungicide_single_score.json,pesticide_insecticide_single_score.json,1.10092275162816e-07,0.0,0.0,1.10092275162816e-07
C2_2024,C2,2024,ha,Total,Pt,0.3735487078,0.0,0.0,,,,13176815.469822299,14456166.866849951,540489472.3400254,1 kg herbicide active substance,1 kg fungicide active substance,1 kg insecticide active substance,herbicide,fungicide,pesticide_insecticide,,,,herbicide_single_score.json,fungicide_single_score.json,pesticide_insecticide_single_score.json,4922182.39167117,0.0,0.0,4922182.39167117
C2_2024,C2,2024,ha,Water use,Pt,0.3735487078,0.0,0.0,,,,1884.394864,1440.918633,1631.081551,1 kg herbicide active substance,1 kg fungicide active substance,1 kg insecticide active substance,herbicide,fungicide,pesticide_insecticide,,,,herbicide_single_score.json,fungicide_single_score.json,pesticide_insecticide_single_score.json,703.9132664321568,0.0,0.0,703.9132664321568
C3_2022,C3,2022,ha,Acidification,Pt,1.4389907456,0.0,0.0,,,,0.17838808,0.13245375999999998,0.14868711999999998,1 kg herbicide active substance,1 kg fungicide active substance,1 kg insecticide active substance,herbicide,fungicide,pesticide_insecticide,,,,herbicide_single_score.json,fungicide_single_score.json,pesticide_insecticide_single_score.json,0.25669879624535247,0.0,0.0,0.25669879624535247
C3_2022,C3,2022,ha,Climate change,Pt,1.4389907456,0.0,0.0,,,,24201.564,16691.588519999998,18147.4914,1 kg herbicide active substance,1 kg fungicide active substance,1 kg insecticide active substance,herbicide,fungicide,pesticide_insecticide,,,,herbicide_single_score.json,fungicide_single_score.json,pesticide_insecticide_single_score.json,34825.82662504612,0.0,0.0,34825.82662504612
C3_2022,C3,2022,ha,Climate change - Biogenic,Pt,1.4389907456,0.0,0.0,,,,0.0,0.0,0.0,1 kg herbicide active substance,1 kg fungicide active substance,1 kg insecticide active substance,herbicide,fungicide,pesticide_insecticide,,,,herbicide_single_score.json,fungicide_single_score.json,pesticide_insecticide_single_score.json,0.0,0.0,0.0,0.0
C3_2022,C3,2022,ha,Climate change - Fossil,Pt,1.4389907456,0.0,0.0,,,,0.0,0.0,0.0,1 kg herbicide active substance,1 kg fungicide active substance,1 kg insecticide active substance,herbicide,fungicide,pesticide_insecticide,,,,herbicide_single_score.json,fungicide_single_score.json,pesticide_insecticide_single_score.json,0.0,0.0,0.0,0.0
C3_2022,C3,2022,ha,Climate change - Land use and LU change,Pt,1.4389907456,0.0,0.0,,,,0.0,0.0,0.0,1 kg herbicide active substance,1 kg fungicide active substance,1 kg insecticide active substance,herbicide,fungicide,pesticide_insecticide,,,,herbicide_single_score.json,fungicide_single_score.json,pesticide_insecticide_single_score.json,0.0,0.0,0.0,0.0
C3_2022,C3,2022,ha,"Ecotoxicity, freshwater",Pt,1.4389907456,0.0,0.0,,,,1460507.7396,3825051.6733000004,529018443.3026,1 kg herbicide active substance,1 kg fungicide active substance,1 kg insecticide active substance,herbicide,fungicide,pesticide_insecticide,,,,herbicide_single_score.json,fungicide_single_score.json,pesticide_insecticide_single_score.json,2101657.1211615745,0.0,0.0,2101657.1211615745
C3_2022,C3,2022,ha,"Ecotoxicity, freshwater - inorganics",Pt,1.4389907456,0.0,0.0,,,,0.0,0.0,0.0,1 kg herbicide active substance,1 kg fungicide active substance,1 kg insecticide active substance,herbicide,fungicide,pesticide_insecticide,,,,herbicide_single_score.json,fungicide_single_score.json,pesticide_insecticide_single_score.json,0.0,0.0,0.0,0.0
C3_2022,C3,2022,ha,"Ecotoxicity, freshwater - metals",Pt,1.4389907456,0.0,0.0,,,,0.0,0.0,0.0,1 kg herbicide active substance,1 kg fungicide active substance,1 kg insecticide active substance,herbicide,fungicide,pesticide_insecticide,,,,herbicide_single_score.json,fungicide_single_score.json,pesticide_insecticide_single_score.json,0.0,0.0,0.0,0.0
C3_2022,C3,2022,ha,"Ecotoxicity, freshwater - organics",Pt,1.4389907456,0.0,0.0,,,,0.0,0.0,0.0,1 kg herbicide active substance,1 kg fungicide active substance,1 kg insecticide active substance,herbicide,fungicide,pesticide_insecticide,,,,herbicide_single_score.json,fungicide_single_score.json,pesticide_insecticide_single_score.json,0.0,0.0,0.0,0.0
C3_2022,C3,2022,ha,"Eutrophication, freshwater",Pt,1.4389907456,0.0,0.0,,,,0.0001366398,0.000103618,0.000118759,1 kg herbicide active substance,1 kg fungicide active substance,1 kg insecticide active substance,herbicide,fungicide,pesticide_insecticide,,,,herbicide_single_score.json,fungicide_single_score.json,pesticide_insecticide_single_score.json,0.00019662340768063487,0.0,0.0,0.00019662340768063487
C3_2022,C3,2022,ha,"Eutrophication, marine",Pt,1.4389907456,0.0,0.0,,,,0.010586454,0.008716038,0.009537278,1 kg herbicide active substance,1 kg fungicide active substance,1 kg insecticide active substance,herbicide,fungicide,pesticide_insecticide,,,,herbicide_single_score.json,fungicide_single_score.json,pesticide_insecticide_single_score.json,0.015233809334720103,0.0,0.0,0.015233809334720103
C3_2022,C3,2022,ha,"Eutrophication, terrestrial",Pt,1.4389907456,0.0,0.0,,,,0.60443343,0.45373077,0.50045004,1 kg herbicide active substance,1 kg fungicide active substance,1 kg insecticide active substance,herbicide,fungicide,pesticide_insecticide,,,,herbicide_single_score.json,fungicide_single_score.json,pesticide_insecticide_single_score.json,0.8697741121012654,0.0,0.0,0.8697741121012654
C3_2022,C3,2022,ha,"Human toxicity, cancer",Pt,1.4389907456,0.0,0.0,,,,5.3791999999999995e-15,5.9696e-15,4.6166e-15,1 kg herbicide active substance,1 kg fungicide active substance,1 kg insecticide active substance,herbicide,fungicide,pesticide_insecticide,,,,herbicide_single_score.json,fungicide_single_score.json,pesticide_insecticide_single_score.json,7.740619018731519e-15,0.0,0.0,7.740619018731519e-15
C3_2022,C3,2022,ha,"Human toxicity, cancer - inorganics",Pt,1.4389907456,0.0,0.0,,,,0.0,0.0,0.0,1 kg herbicide active substance,1 kg fungicide active substance,1 kg insecticide active substance,herbicide,fungicide,pesticide_insecticide,,,,herbicide_single_score.json,fungicide_single_score.json,pesticide_insecticide_single_score.json,0.0,0.0,0.0,0.0
C3_2022,C3,2022,ha,"Human toxicity, cancer - metals",Pt,1.4389907456,0.0,0.0,,,,0.0,0.0,0.0,1 kg herbicide active substance,1 kg fungicide active substance,1 kg insecticide active substance,herbicide,fungicide,pesticide_insecticide,,,,herbicide_single_score.json,fungicide_single_score.json,pesticide_insecticide_single_score.json,0.0,0.0,0.0,0.0
C3_2022,C3,2022,ha,"Human toxicity, cancer - organics",Pt,1.4389907456,0.0,0.0,,,,0.0,0.0,0.0,1 kg herbicide active substance,1 kg fungicide active substance,1 kg insecticide active substance,herbicide,fungicide,pesticide_insecticide,,,,herbicide_single_score.json,fungicide_single_score.json,pesticide_insecticide_single_score.json,0.0,0.0,0.0,0.0
C3_2022,C3,2022,ha,"Human toxicity, non-cancer",Pt,1.4389907456,0.0,0.0,,,,7.236719999999999e-12,3.766066e-12,1.5654213999999998e-09,1 kg herbicide active substance,1 kg fungicide active substance,1 kg insecticide active substance,herbicide,fungicide,pesticide_insecticide,,,,herbicide_single_score.json,fungicide_single_score.json,pesticide_insecticide_single_score.json,1.041357310849843e-11,0.0,0.0,1.041357310849843e-11
C3_2022,C3,2022,ha,"Human toxicity, non-cancer - inorganics",Pt,1.4389907456,0.0,0.0,,,,0.0,0.0,0.0,1 kg herbicide active substance,1 kg fungicide active substance,1 kg insecticide active substance,herbicide,fungicide,pesticide_insecticide,,,,herbicide_single_score.json,fungicide_single_score.json,pesticide_insecticide_single_score.json,0.0,0.0,0.0,0.0
C3_2022,C3,2022,ha,"Human toxicity, non-cancer - metals",Pt,1.4389907456,0.0,0.0,,,,0.0,0.0,0.0,1 kg herbicide active substance,1 kg fungicide active substance,1 kg insecticide active substance,herbicide,fungicide,pesticide_insecticide,,,,herbicide_single_score.json,fungicide_single_score.json,pesticide_insecticide_single_score.json,0.0,0.0,0.0,0.0
C3_2022,C3,2022,ha,"Human toxicity, non-cancer - organics",Pt,1.4389907456,0.0,0.0,,,,0.0,0.0,0.0,1 kg herbicide active substance,1 kg fungicide active substance,1 kg insecticide active substance,herbicide,fungicide,pesticide_insecticide,,,,herbicide_single_score.json,fungicide_single_score.json,pesticide_insecticide_single_score.json,0.0,0.0,0.0,0.0
C3_2022,C3,2022,ha,Ionising radiation,Pt,1.4389907456,0.0,0.0,,,,837.086585,620.0116840000001,711.710174,1 kg herbicide active substance,1 kg fungicide active substance,1 kg insecticide active substance,herbicide,fungicide,pesticide_insecticide,,,,herbicide_single_score.json,fungicide_single_score.json,pesticide_insecticide_single_score.json,1204.5598490809077,0.0,0.0,1204.5598490809077
C3_2022,C3,2022,ha,Land use,Pt,1.4389907456,0.0,0.0,,,,10351420.44,9671351.19,10419696.54,1 kg herbicide active substance,1 kg fungicide active substance,1 kg insecticide active substance,herbicide,fungicide,pesticide_insecticide,,,,herbicide_single_score.json,fungicide_single_score.json,pesticide_insecticide_single_score.json,14895598.21697468,0.0,0.0,14895598.21697468
C3_2022,C3,2022,ha,Ozone depletion,Pt,1.4389907456,0.0,0.0,,,,2.1756e-09,1.40008e-09,1.4799999999999999e-09,1 kg herbicide active substance,1 kg fungicide active substance,1 kg insecticide active substance,herbicide,fungicide,pesticide_insecticide,,,,herbicide_single_score.json,fungicide_single_score.json,pesticide_insecticide_single_score.json,3.1306682661273594e-09,0.0,0.0,3.1306682661273594e-09
C3_2022,C3,2022,ha,Particulate matter,Pt,1.4389907456,0.0,0.0,,,,1.7361e-11,1.44032e-11,1.54963e-11,1 kg herbicide active substance,1 kg fungicide active substance,1 kg insecticide active substance,herbicide,fungicide,pesticide_insecticide,,,,herbicide_single_score.json,fungicide_single_score.json,pesticide_insecticide_single_score.json,2.49823183343616e-11,0.0,0.0,2.49823183343616e-11
C3_2022,C3,2022,ha,Photochemical ozone formation,Pt,1.4389907456,0.0,0.0,,,,0.0482284,0.03470854,0.038507059999999996,1 kg herbicide active substance,1 kg fungicide active substance,1 kg insecticide active substance,herbicide,fungicide,pesticide_insecticide,,,,herbicide_single_score.json,fungicide_single_score.json,pesticide_insecticide_single_score.json,0.06940022127509503,0.0,0.0,0.06940022127509503
C3_2022,C3,2022,ha,"Resource use, fossils",Pt,1.4389907456,0.0,0.0,,,,1337963.403,941010.855,1030841.5170000001,1 kg herbicide active substance,1 kg fungicide active substance,1 kg insecticide active substance,herbicide,fungicide,pesticide_insecticide,,,,herbicide_single_score.json,fungicide_single_score.json,pesticide_insecticide_single_score.json,1925316.9548684831,0.0,0.0,1925316.9548684831
C3_2022,C3,2022,ha,"Resource use, minerals and metals",Pt,1.4389907456,0.0,0.0,,,,2.9472e-07,2.208e-07,2.5343999999999997e-07,1 kg herbicide active substance,1 kg fungicide active substance,1 kg insecticide active substance,herbicide,fungicide,pesticide_insecticide,,,,herbicide_single_score.json,fungicide_single_score.json,pesticide_insecticide_single_score.json,4.2409935254323195e-07,0.0,0.0,4.2409935254323195e-07
C3_2022,C3,2022,ha,Total,Pt,1.4389907456,0.0,0.0,,,,13176815.469822299,14456166.866849951,540489472.3400254,1 kg herbicide active substance,1 kg fungicide active substance,1 kg insecticide active substance,herbicide,fungicide,pesticide_insecticide,,,,herbicide_single_score.json,fungicide_single_score.json,pesticide_insecticide_single_score.json,18961315.517553203,0.0,0.0,18961315.517553203
C3_2022,C3,2022,ha,Water use,Pt,1.4389907456,0.0,0.0,,,,1884.394864,1440.918633,1631.081551,1 kg herbicide active substance,1 kg fungicide active substance,1 kg insecticide active substance,herbicide,fungicide,pesticide_insecticide,,,,herbicide_single_score.json,fungicide_single_score.json,pesticide_insecticide_single_score.json,2711.6267703521708,0.0,0.0,2711.6267703521708
C3_2023,C3,2023,ha,Acidification,Pt,0.4112269447,0.0,0.0416573109,,,,0.17838808,0.13245375999999998,0.14868711999999998,1 kg herbicide active substance,1 kg fungicide active substance,1 kg insecticide active substance,herbicide,fungicide,pesticide_insecticide,,,,herbicide_single_score.json,fungicide_single_score.json,pesticide_insecticide_single_score.json,0.07335798510929918,0.0,0.006193905584665607,0.07955189069396479
C3_2023,C3,2023,ha,Climate change,Pt,0.4112269447,0.0,0.0416573109,,,,24201.564,16691.588519999998,18147.4914,1 kg herbicide active substance,1 kg fungicide active substance,1 kg insecticide active substance,herbicide,fungicide,pesticide_insecticide,,,,herbicide_single_score.json,fungicide_single_score.json,pesticide_insecticide_single_score.json,9952.33522068151,0.0,755.9756913048762,10708.310911986388
C3_2023,C3,2023,ha,Climate change - Biogenic,Pt,0.4112269447,0.0,0.0416573109,,,,0.0,0.0,0.0,1 kg herbicide active substance,1 kg fungicide active substance,1 kg insecticide active substance,herbicide,fungicide,pesticide_insecticide,,,,herbicide_single_score.json,fungicide_single_score.json,pesticide_insecticide_single_score.json,0.0,0.0,0.0,0.0
C3_2023,C3,2023,ha,Climate change - Fossil,Pt,0.4112269447,0.0,0.0416573109,,,,0.0,0.0,0.0,1 kg herbicide active substance,1 kg fungicide active substance,1 kg insecticide active substance,herbicide,fungicide,pesticide_insecticide,,,,herbicide_single_score.json,fungicide_single_score.json,pesticide_insecticide_single_score.json,0.0,0.0,0.0,0.0
C3_2023,C3,2023,ha,Climate change - Land use and LU change,Pt,0.4112269447,0.0,0.0416573109,,,,0.0,0.0,0.0,1 kg herbicide active substance,1 kg fungicide active substance,1 kg insecticide active substance,herbicide,fungicide,pesticide_insecticide,,,,herbicide_single_score.json,fungicide_single_score.json,pesticide_insecticide_single_score.json,0.0,0.0,0.0,0.0
C3_2023,C3,2023,ha,"Ecotoxicity, freshwater",Pt,0.4112269447,0.0,0.0416573109,,,,1460507.7396,3825051.6733000004,529018443.3026,1 kg herbicide active substance,1 kg fungicide active substance,1 kg insecticide active substance,herbicide,fungicide,pesticide_insecticide,,,,herbicide_single_score.json,fungicide_single_score.json,pesticide_insecticide_single_score.json,600600.1354664111,0.0,22037485.764490433,22638085.899956845
C3_2023,C3,2023,ha,"Ecotoxicity, freshwater - inorganics",Pt,0.4112269447,0.0,0.0416573109,,,,0.0,0.0,0.0,1 kg herbicide active substance,1 kg fungicide active substance,1 kg insecticide active substance,herbicide,fungicide,pesticide_insecticide,,,,herbicide_single_score.json,fungicide_single_score.json,pesticide_insecticide_single_score.json,0.0,0.0,0.0,0.0
C3_2023,C3,2023,ha,"Ecotoxicity, freshwater - metals",Pt,0.4112269447,0.0,0.0416573109,,,,0.0,0.0,0.0,1 kg herbicide active substance,1 kg fungicide active substance,1 kg insecticide active substance,herbicide,fungicide,pesticide_insecticide,,,,herbicide_single_score.json,fungicide_single_score.json,pesticide_insecticide_single_score.json,0.0,0.0,0.0,0.0
C3_2023,C3,2023,ha,"Ecotoxicity, freshwater - organics",Pt,0.4112269447,0.0,0.0416573109,,,,0.0,0.0,0.0,1 kg herbicide active substance,1 kg fungicide active substance,1 kg insecticide active substance,herbicide,fungicide,pesticide_insecticide,,,,herbicide_single_score.json,fungicide_single_score.json,pesticide_insecticide_single_score.json,0.0,0.0,0.0,0.0
C3_2023,C3,2023,ha,"Eutrophication, freshwater",Pt,0.4112269447,0.0,0.0416573109,,,,0.0001366398,0.000103618,0.000118759,1 kg herbicide active substance,1 kg fungicide active substance,1 kg insecticide active substance,herbicide,fungicide,pesticide_insecticide,,,,herbicide_single_score.json,fungicide_single_score.json,pesticide_insecticide_single_score.json,5.618996747841906e-05,0.0,4.9471805851731005e-06,6.113714806359216e-05
C3_2023,C3,2023,ha,"Eutrophication, marine",Pt,0.4112269447,0.0,0.0416573109,,,,0.010586454,0.008716038,0.009537278,1 kg herbicide active substance,1 kg fungicide active substance,1 kg insecticide active substance,herbicide,fungicide,pesticide_insecticide,,,,herbicide_single_score.json,fungicide_single_score.json,pesticide_insecticide_single_score.json,0.004353435133627094,0.0,0.0003972973547857302,0.004750732488412824
C3_2023,C3,2023,ha,"Eutrophication, terrestrial",Pt,0.4112269447,0.0,0.0416573109,,,,0.60443343,0.45373077,0.50045004,1 kg herbicide active substance,1 kg fungicide active substance,1 kg insecticide active substance,herbicide,fungicide,pesticide_insecticide,,,,herbicide_single_score.json,fungicide_single_score.json,pesticide_insecticide_single_score.json,0.24855931269344134,0.0,0.020847402906197438,0.2694067155996388
C3_2023,C3,2023,ha,"Human toxicity, cancer",Pt,0.4112269447,0.0,0.0416573109,,,,5.3791999999999995e-15,5.9696e-15,4.6166e-15,1 kg herbicide active substance,1 kg fungicide active substance,1 kg insecticide active substance,herbicide,fungicide,pesticide_insecticide,,,,herbicide_single_score.json,fungicide_single_score.json,pesticide_insecticide_single_score.json,2.21207198093024e-15,0.0,1.9231514150094e-16,2.40438712243118e-15
C3_2023,C3,2023,ha,"Human toxicity, cancer - inorganics",Pt,0.4112269447,0.0,0.0416573109,,,,0.0,0.0,0.0,1 kg herbicide active substance,1 kg fungicide active substance,1 kg insecticide active substance,herbicide,fungicide,pesticide_insecticide,,,,herbicide_single_score.json,fungicide_single_score.json,pesticide_insecticide_single_score.json,0.0,0.0,0.0,0.0
C3_2023,C3,2023,ha,"Human toxicity, cancer - metals",Pt,0.4112269447,0.0,0.0416573109,,,,0.0,0.0,0.0,1 kg herbicide active substance,1 kg fungicide active substance,1 kg insecticide active substance,herbicide,fungicide,pesticide_insecticide,,,,herbicide_single_score.json,fungicide_single_score.json,pesticide_insecticide_single_score.json,0.0,0.0,0.0,0.0
C3_2023,C3,2023,ha,"Human toxicity, cancer - organics",Pt,0.4112269447,0.0,0.0416573109,,,,0.0,0.0,0.0,1 kg herbicide active substance,1 kg fungicide active substance,1 kg insecticide active substance,herbicide,fungicide,pesticide_insecticide,,,,herbicide_single_score.json,fungicide_single_score.json,pesticide_insecticide_single_score.json,0.0,0.0,0.0,0.0
C3_2023,C3,2023,ha,"Human toxicity, non-cancer",Pt,0.4112269447,0.0,0.0416573109,,,,7.236719999999999e-12,3.766066e-12,1.5654213999999998e-09,1 kg herbicide active substance,1 kg fungicide active substance,1 kg insecticide active substance,herbicide,fungicide,pesticide_insecticide,,,,herbicide_single_score.json,fungicide_single_score.json,pesticide_insecticide_single_score.json,2.9759342552493833e-12,0.0,6.521124594931325e-11,6.818718020456263e-11
C3_2023,C3,2023,ha,"Human toxicity, non-cancer - inorganics",Pt,0.4112269447,0.0,0.0416573109,,,,0.0,0.0,0.0,1 kg herbicide active substance,1 kg fungicide active substance,1 kg insecticide active substance,herbicide,fungicide,pesticide_insecticide,,,,herbicide_single_score.json,fungicide_single_score.json,pesticide_insecticide_single_score.json,0.0,0.0,0.0,0.0
C3_2023,C3,2023,ha,"Human toxicity, non-cancer - metals",Pt,0.4112269447,0.0,0.0416573109,,,,0.0,0.0,0.0,1 kg herbicide active substance,1 kg fungicide active substance,1 kg insecticide active substance,herbicide,fungicide,pesticide_insecticide,,,,herbicide_single_score.json,fungicide_single_score.json,pesticide_insecticide_single_score.json,0.0,0.0,0.0,0.0
C3_2023,C3,2023,ha,"Human toxicity, non-cancer - organics",Pt,0.4112269447,0.0,0.0416573109,,,,0.0,0.0,0.0,1 kg herbicide active substance,1 kg fungicide active substance,1 kg insecticide active substance,herbicide,fungicide,pesticide_insecticide,,,,herbicide_single_score.json,fungicide_single_score.json,pesticide_insecticide_single_score.json,0.0,0.0,0.0,0.0
C3_2023,C3,2023,ha,Ionising radiation,Pt,0.4112269447,0.0,0.0416573109,,,,837.086585,620.0116840000001,711.710174,1 kg herbicide active substance,1 kg fungicide active substance,1 kg insecticide active substance,herbicide,fungicide,pesticide_insecticide,,,,herbicide_single_score.json,fungicide_single_score.json,pesticide_insecticide_single_score.json,344.23255879890684,0.0,29.6479319890111,373.88049078791795
C3_2023,C3,2023,ha,Land use,Pt,0.4112269447,0.0,0.0416573109,,,,10351420.44,9671351.19,10419696.54,1 kg herbicide active substance,1 kg fungicide active substance,1 kg insecticide active substance,herbicide,fungicide,pesticide_insecticide,,,,herbicide_single_score.json,fungicide_single_score.json,pesticide_insecticide_single_score.json,4256783.000846329,0.0,434056.53825043427,4690839.539096763
C3_2023,C3,2023,ha,Ozone depletion,Pt,0.4112269447,0.0,0.0416573109,,,,2.1756e-09,1.40008e-09,1.4799999999999999e-09,1 kg herbicide active substance,1 kg fungicide active substance,1 kg insecticide active substance,herbicide,fungicide,pesticide_insecticide,,,,herbicide_single_score.json,fungicide_single_score.json,pesticide_insecticide_single_score.json,8.946653408893199e-10,0.0,6.1652820132e-11,9.563181610213198e-10
C3_2023,C3,2023,ha,Particulate matter,Pt,0.4112269447,0.0,0.0416573109,,,,1.7361e-11,1.44032e-11,1.54963e-11,1 kg herbicide active substance,1 kg fungicide active substance,1 kg insecticide active substance,herbicide,fungicide,pesticide_insecticide,,,,herbicide_single_score.json,fungicide_single_score.json,pesticide_insecticide_single_score.json,7.1393109869367005e-12,0.0,6.455341868996701e-13,7.784845173836371e-12
C3_2023,C3,2023,ha,Photochemical ozone formation,Pt,0.4112269447,0.0,0.0416573109,,,,0.0482284,0.03470854,0.038507059999999996,1 kg herbicide active substance,1 kg fungicide active substance,1 kg insecticide active substance,herbicide,fungicide,pesticide_insecticide,,,,herbicide_single_score.json,fungicide_single_score.json,pesticide_insecticide_single_score.json,0.019832817579769478,0.0,0.0016041005702649538,0.021436918150034432
C3_2023,C3,2023,ha,"Resource use, fossils",Pt,0.4112269447,0.0,0.0416573109,,,,1337963.403,941010.855,1030841.5170000001,1 kg herbicide active substance,1 kg fungicide active substance,1 kg insecticide active substance,herbicide,fungicide,pesticide_insecticide,,,,herbicide_single_score.json,fungicide_single_score.json,pesticide_insecticide_single_score.json,550206.6023361047,0.0,42942.08556229664,593148.6878984014
C3_2023,C3,2023,ha,"Resource use, minerals and metals",Pt,0.4112269447,0.0,0.0416573109,,,,2.9472e-07,2.208e-07,2.5343999999999997e-07,1 kg herbicide active substance,1 kg fungicide active substance,1 kg insecticide active substance,herbicide,fungicide,pesticide_insecticide,,,,herbicide_single_score.json,fungicide_single_score.json,pesticide_insecticide_single_score.json,1.2119680514198398e-07,0.0,1.0557628874495999e-08,1.3175443401647997e-07
C3_2023,C3,2023,ha,Total,Pt,0.4112269447,0.0,0.0416573109,,,,13176815.469822299,14456166.866849951,540489472.3400254,1 kg herbicide active substance,1 kg fungicide active substance,1 kg insecticide active substance,herbicide,fungicide,pesticide_insecticide,,,,herbicide_single_score.json,fungicide_single_score.json,pesticide_insecticide_single_score.json,5418661.5665307185,0.0,22515337.98744539,27933999.55397611
C3_2023,C3,2023,ha,Water use,Pt,0.4112269447,0.0,0.0416573109,,,,1884.394864,1440.918633,1631.081551,1 kg herbicide active substance,1 kg fungicide active substance,1 kg insecticide active substance,herbicide,fungicide,pesticide_insecticide,,,,herbicide_single_score.json,fungicide_single_score.json,pesticide_insecticide_single_score.json,774.9139425310921,0.0,67.94647127326121,842.8604138043532
C3_2024,C3,2024,ha,Acidification,Pt,0.453942796,0.0445513677,0.0,,,,0.17838808,0.13245375999999998,0.14868711999999998,1 kg herbicide active substance,1 kg fungicide active substance,1 kg insecticide active substance,herbicide,fungicide,pesticide_insecticide,,,,herbicide_single_score.json,fungicide_single_score.json,pesticide_insecticide_single_score.json,0.08097798380827168,0.0059009961650075505,0.0,0.08687897997327923
C3_2024,C3,2024,ha,Climate change,Pt,0.453942796,0.0445513677,0.0,,,,24201.564,16691.588519999998,18147.4914,1 kg herbicide active substance,1 kg fungicide active substance,1 kg insecticide active substance,herbicide,fungicide,pesticide_insecticide,,,,herbicide_single_score.json,fungicide_single_score.json,pesticide_insecticide_single_score.json,10986.125629732944,743.6330976516186,0.0,11729.758727384562
C3_2024,C3,2024,ha,Climate change - Biogenic,Pt,0.453942796,0.0445513677,0.0,,,,0.0,0.0,0.0,1 kg herbicide active substance,1 kg fungicide active substance,1 kg insecticide active substance,herbicide,fungicide,pesticide_insecticide,,,,herbicide_single_score.json,fungicide_single_score.json,pesticide_insecticide_single_score.json,0.0,0.0,0.0,0.0
C3_2024,C3,2024,ha,Climate change - Fossil,Pt,0.453942796,0.0445513677,0.0,,,,0.0,0.0,0.0,1 kg herbicide active substance,1 kg fungicide active substance,1 kg insecticide active substance,herbicide,fungicide,pesticide_insecticide,,,,herbicide_single_score.json,fungicide_single_score.json,pesticide_insecticide_single_score.json,0.0,0.0,0.0,0.0
C3_2024,C3,2024,ha,Climate change - Land use and LU change,Pt,0.453942796,0.0445513677,0.0,,,,0.0,0.0,0.0,1 kg herbicide active substance,1 kg fungicide active substance,1 kg insecticide active substance,herbicide,fungicide,pesticide_insecticide,,,,herbicide_single_score.json,fungicide_single_score.json,pesticide_insecticide_single_score.json,0.0,0.0,0.0,0.0
C3_2024,C3,2024,ha,"Ecotoxicity, freshwater",Pt,0.453942796,0.0445513677,0.0,,,,1460507.7396,3825051.6733000004,529018443.3026,1 kg herbicide active substance,1 kg fungicide active substance,1 kg insecticide active substance,herbicide,fungicide,pesticide_insecticide,,,,herbicide_single_score.json,fungicide_single_score.json,pesticide_insecticide_single_score.json,662986.9668936639,170411.28356868858,0.0,833398.2504623524
C3_2024,C3,2024,ha,"Ecotoxicity, freshwater - inorganics",Pt,0.453942796,0.0445513677,0.0,,,,0.0,0.0,0.0,1 kg herbicide active substance,1 kg fungicide active substance,1 kg insecticide active substance,herbicide,fungicide,pesticide_insecticide,,,,herbicide_single_score.json,fungicide_single_score.json,pesticide_insecticide_single_score.json,0.0,0.0,0.0,0.0
C3_2024,C3,2024,ha,"Ecotoxicity, freshwater - metals",Pt,0.453942796,0.0445513677,0.0,,,,0.0,0.0,0.0,1 kg herbicide active substance,1 kg fungicide active substance,1 kg insecticide active substance,herbicide,fungicide,pesticide_insecticide,,,,herbicide_single_score.json,fungicide_single_score.json,pesticide_insecticide_single_score.json,0.0,0.0,0.0,0.0
C3_2024,C3,2024,ha,"Ecotoxicity, freshwater - organics",Pt,0.453942796,0.0445513677,0.0,,,,0.0,0.0,0.0,1 kg herbicide active substance,1 kg fungicide active substance,1 kg insecticide active substance,herbicide,fungicide,pesticide_insecticide,,,,herbicide_single_score.json,fungicide_single_score.json,pesticide_insecticide_single_score.json,0.0,0.0,0.0,0.0
C3_2024,C3,2024,ha,"Eutrophication, freshwater",Pt,0.453942796,0.0445513677,0.0,,,,0.0001366398,0.000103618,0.000118759,1 kg herbicide active substance,1 kg fungicide active substance,1 kg insecticide active substance,herbicide,fungicide,pesticide_insecticide,,,,herbicide_single_score.json,fungicide_single_score.json,pesticide_insecticide_single_score.json,6.20266528568808e-05,4.6163236183386e-06,0.0,6.66429764752194e-05
C3_2024,C3,2024,ha,"Eutrophication, marine",Pt,0.453942796,0.0445513677,0.0,,,,0.010586454,0.008716038,0.009537278,1 kg herbicide active substance,1 kg fungicide active substance,1 kg insecticide active substance,herbicide,fungicide,pesticide_insecticide,,,,herbicide_single_score.json,fungicide_single_score.json,pesticide_insecticide_single_score.json,0.004805644528485384,0.0003883114138251726,0.0,0.005193955942310557
C3_2024,C3,2024,ha,"Eutrophication, terrestrial",Pt,0.453942796,0.0445513677,0.0,,,,0.60443343,0.45373077,0.50045004,1 kg herbicide active substance,1 kg fungicide active substance,1 kg insecticide active substance,herbicide,fungicide,pesticide_insecticide,,,,herbicide_single_score.json,fungicide_single_score.json,pesticide_insecticide_single_score.json,0.2743782012100703,0.020214326371074127,0.0,0.2945925275811444
C3_2024,C3,2024,ha,"Human toxicity, cancer",Pt,0.453942796,0.0445513677,0.0,,,,5.3791999999999995e-15,5.9696e-15,4.6166e-15,1 kg herbicide active substance,1 kg fungicide active substance,1 kg insecticide active substance,herbicide,fungicide,pesticide_insecticide,,,,herbicide_single_score.json,fungicide_single_score.json,pesticide_insecticide_single_score.json,2.4418490882432e-15,2.6595384462192e-16,0.0,2.7078029328651197e-15
C3_2024,C3,2024,ha,"Human toxicity, cancer - inorganics",Pt,0.453942796,0.0445513677,0.0,,,,0.0,0.0,0.0,1 kg herbicide active substance,1 kg fungicide active substance,1 kg insecticide active substance,herbicide,fungicide,pesticide_insecticide,,,,herbicide_single_score.json,fungicide_single_score.json,pesticide_insecticide_single_score.json,0.0,0.0,0.0,0.0
C3_2024,C3,2024,ha,"Human toxicity, cancer - metals",Pt,0.453942796,0.0445513677,0.0,,,,0.0,0.0,0.0,1 kg herbicide active substance,1 kg fungicide active substance,1 kg insecticide active substance,herbicide,fungicide,pesticide_insecticide,,,,herbicide_single_score.json,fungicide_single_score.json,pesticide_insecticide_single_score.json,0.0,0.0,0.0,0.0
C3_2024,C3,2024,ha,"Human toxicity, cancer - organics",Pt,0.453942796,0.0445513677,0.0,,,,0.0,0.0,0.0,1 kg herbicide active substance,1 kg fungicide active substance,1 kg insecticide active substance,herbicide,fungicide,pesticide_insecticide,,,,herbicide_single_score.json,fungicide_single_score.json,pesticide_insecticide_single_score.json,0.0,0.0,0.0,0.0
C3_2024,C3,2024,ha,"Human toxicity, non-cancer",Pt,0.453942796,0.0445513677,0.0,,,,7.236719999999999e-12,3.766066e-12,1.5654213999999998e-09,1 kg herbicide active substance,1 kg fungicide active substance,1 kg insecticide active substance,herbicide,fungicide,pesticide_insecticide,,,,herbicide_single_score.json,fungicide_single_score.json,pesticide_insecticide_single_score.json,3.2850569106691193e-12,1.6778339114846819e-13,0.0,3.4528403018175875e-12
C3_2024,C3,2024,ha,"Human toxicity, non-cancer - inorganics",Pt,0.453942796,0.0445513677,0.0,,,,0.0,0.0,0.0,1 kg herbicide active substance,1 kg fungicide active substance,1 kg insecticide active substance,herbicide,fungicide,pesticide_insecticide,,,,herbicide_single_score.json,fungicide_single_score.json,pesticide_insecticide_single_score.json,0.0,0.0,0.0,0.0
C3_2024,C3,2024,ha,"Human toxicity, non-cancer - metals",Pt,0.453942796,0.0445513677,0.0,,,,0.0,0.0,0.0,1 kg herbicide active substance,1 kg fungicide active substance,1 kg insecticide active substance,herbicide,fungicide,pesticide_insecticide,,,,herbicide_single_score.json,fungicide_single_score.json,pesticide_insecticide_single_score.json,0.0,0.0,0.0,0.0
C3_2024,C3,2024,ha,"Human toxicity, non-cancer - organics",Pt,0.453942796,0.0445513677,0.0,,,,0.0,0.0,0.0,1 kg herbicide active substance,1 kg fungicide active substance,1 kg insecticide active substance,herbicide,fungicide,pesticide_insecticide,,,,herbicide_single_score.json,fungicide_single_score.json,pesticide_insecticide_single_score.json,0.0,0.0,0.0,0.0
C3_2024,C3,2024,ha,Ionising radiation,Pt,0.453942796,0.0445513677,0.0,,,,837.086585,620.0116840000001,711.710174,1 kg herbicide active substance,1 kg fungicide active substance,1 kg insecticide active substance,herbicide,fungicide,pesticide_insecticide,,,,herbicide_single_score.json,fungicide_single_score.json,pesticide_insecticide_single_score.json,379.98942488899166,27.62236851218021,0.0,407.6117934011719
C3_2024,C3,2024,ha,Land use,Pt,0.453942796,0.0445513677,0.0,,,,10351420.44,9671351.19,10419696.54,1 kg herbicide active substance,1 kg fungicide active substance,1 kg insecticide active substance,herbicide,fungicide,pesticide_insecticide,,,,herbicide_single_score.json,fungicide_single_score.json,pesticide_insecticide_single_score.json,4698952.73710515,430871.9230215225,0.0,5129824.660126672
C3_2024,C3,2024,ha,Ozone depletion,Pt,0.453942796,0.0445513677,0.0,,,,2.1756e-09,1.40008e-09,1.4799999999999999e-09,1 kg herbicide active substance,1 kg fungicide active substance,1 kg insecticide active substance,herbicide,fungicide,pesticide_insecticide,,,,herbicide_single_score.json,fungicide_single_score.json,pesticide_insecticide_single_score.json,9.875979469775999e-10,6.2375478889416e-11,0.0,1.0499734258670159e-09
C3_2024,C3,2024,ha,Particulate matter,Pt,0.453942796,0.0445513677,0.0,,,,1.7361e-11,1.44032e-11,1.54963e-11,1 kg herbicide active substance,1 kg fungicide active substance,1 kg insecticide active substance,herbicide,fungicide,pesticide_insecticide,,,,herbicide_single_score.json,fungicide_single_score.json,pesticide_insecticide_single_score.json,7.880900881356e-12,6.4168225925664e-13,0.0,8.522583140612639e-12
C3_2024,C3,2024,ha,Photochemical ozone formation,Pt,0.453942796,0.0445513677,0.0,,,,0.0482284,0.03470854,0.038507059999999996,1 kg herbicide active substance,1 kg fungicide active substance,1 kg insecticide active substance,herbicide,fungicide,pesticide_insecticide,,,,herbicide_single_score.json,fungicide_single_score.json,pesticide_insecticide_single_score.json,0.0218929347426064,0.001546312927870158,0.0,0.023439247670476556
C3_2024,C3,2024,ha,"Resource use, fossils",Pt,0.453942796,0.0445513677,0.0,,,,1337963.403,941010.855,1030841.5170000001,1 kg herbicide active substance,1 kg fungicide active substance,1 kg insecticide active substance,herbicide,fungicide,pesticide_insecticide,,,,herbicide_single_score.json,fungicide_single_score.json,pesticide_insecticide_single_score.json,607358.8481034947,41923.32061079638,0.0,649282.1687142911
C3_2024,C3,2024,ha,"Resource use, minerals and metals",Pt,0.453942796,0.0445513677,0.0,,,,2.9472e-07,2.208e-07,2.5343999999999997e-07,1 kg herbicide active substance,1 kg fungicide active substance,1 kg insecticide active substance,herbicide,fungicide,pesticide_insecticide,,,,herbicide_single_score.json,fungicide_single_score.json,pesticide_insecticide_single_score.json,1.3378602083711999e-07,9.836941988159998e-09,0.0,1.4362296282527999e-07
C3_2024,C3,2024,ha,Total,Pt,0.453942796,0.0445513677,0.0,,,,13176815.469822299,14456166.866849951,540489472.3400254,1 kg herbicide active substance,1 kg fungicide active substance,1 kg insecticide active substance,herbicide,fungicide,pesticide_insecticide,,,,herbicide_single_score.json,fungicide_single_score.json,pesticide_insecticide_single_score.json,5981520.456747187,644042.0056175891,0.0,6625562.462364776
C3_2024,C3,2024,ha,Water use,Pt,0.453942796,0.0445513677,0.0,,,,1884.394864,1440.918633,1631.081551,1 kg herbicide active substance,1 kg fungicide active substance,1 kg insecticide active substance,herbicide,fungicide,pesticide_insecticide,,,,herbicide_single_score.json,fungicide_single_score.json,pesticide_insecticide_single_score.json,855.4074733321997,64.19489584456434,0.0,919.6023691767641
C4_2022,C4,2022,ha,Acidification,Pt,2.7279571599,0.0,0.0,,,,0.17838808,0.13245375999999998,0.14868711999999998,1 kg herbicide active substance,1 kg fungicide active substance,1 kg insecticide active substance,herbicide,fungicide,pesticide_insecticide,,,,herbicide_single_score.json,fungicide_single_score.json,pesticide_insecticide_single_score.json,0.48663504007681396,0.0,0.0,0.48663504007681396
C4_2022,C4,2022,ha,Climate change,Pt,2.7279571599,0.0,0.0,,,,24201.564,16691.588519999998,18147.4914,1 kg herbicide active substance,1 kg fungicide active substance,1 kg insecticide active substance,herbicide,fungicide,pesticide_insecticide,,,,herbicide_single_score.json,fungicide_single_score.json,pesticide_insecticide_single_score.json,66020.82979457808,0.0,0.0,66020.82979457808
C4_2022,C4,2022,ha,Climate change - Biogenic,Pt,2.7279571599,0.0,0.0,,,,0.0,0.0,0.0,1 kg herbicide active substance,1 kg fungicide active substance,1 kg insecticide active substance,herbicide,fungicide,pesticide_insecticide,,,,herbicide_single_score.json,fungicide_single_score.json,pesticide_insecticide_single_score.json,0.0,0.0,0.0,0.0
C4_2022,C4,2022,ha,Climate change - Fossil,Pt,2.7279571599,0.0,0.0,,,,0.0,0.0,0.0,1 kg herbicide active substance,1 kg fungicide active substance,1 kg insecticide active substance,herbicide,fungicide,pesticide_insecticide,,,,herbicide_single_score.json,fungicide_single_score.json,pesticide_insecticide_single_score.json,0.0,0.0,0.0,0.0
C4_2022,C4,2022,ha,Climate change - Land use and LU change,Pt,2.7279571599,0.0,0.0,,,,0.0,0.0,0.0,1 kg herbicide active substance,1 kg fungicide active substance,1 kg insecticide active substance,herbicide,fungicide,pesticide_insecticide,,,,herbicide_single_score.json,fungicide_single_score.json,pesticide_insecticide_single_score.json,0.0,0.0,0.0,0.0
C4_2022,C4,2022,ha,"Ecotoxicity, freshwater",Pt,2.7279571599,0.0,0.0,,,,1460507.7396,3825051.6733000004,529018443.3026,1 kg herbicide active substance,1 kg fungicide active substance,1 kg insecticide active substance,herbicide,fungicide,pesticide_insecticide,,,,herbicide_single_score.json,fungicide_single_score.json,pesticide_insecticide_single_score.json,3984202.5453311843,0.0,0.0,3984202.5453311843
C4_2022,C4,2022,ha,"Ecotoxicity, freshwater - inorganics",Pt,2.7279571599,0.0,0.0,,,,0.0,0.0,0.0,1 kg herbicide active substance,1 kg fungicide active substance,1 kg insecticide active substance,herbicide,fungicide,pesticide_insecticide,,,,herbicide_single_score.json,fungicide_single_score.json,pesticide_insecticide_single_score.json,0.0,0.0,0.0,0.0
C4_2022,C4,2022,ha,"Ecotoxicity, freshwater - metals",Pt,2.7279571599,0.0,0.0,,,,0.0,0.0,0.0,1 kg herbicide active substance,1 kg fungicide active substance,1 kg insecticide active substance,herbicide,fungicide,pesticide_insecticide,,,,herbicide_single_score.json,fungicide_single_score.json,pesticide_insecticide_single_score.json,0.0,0.0,0.0,0.0
C4_2022,C4,2022,ha,"Ecotoxicity, freshwater - organics",Pt,2.7279571599,0.0,0.0,,,,0.0,0.0,0.0,1 kg herbicide active substance,1 kg fungicide active substance,1 kg insecticide active substance,herbicide,fungicide,pesticide_insecticide,,,,herbicide_single_score.json,fungicide_single_score.json,pesticide_insecticide_single_score.json,0.0,0.0,0.0,0.0
C4_2022,C4,2022,ha,"Eutrophication, freshwater",Pt,2.7279571599,0.0,0.0,,,,0.0001366398,0.000103618,0.000118759,1 kg herbicide active substance,1 kg fungicide active substance,1 kg insecticide active substance,herbicide,fungicide,pesticide_insecticide,,,,herbicide_single_score.json,fungicide_single_score.json,pesticide_insecticide_single_score.json,0.000372747520737304,0.0,0.0,0.000372747520737304
C4_2022,C4,2022,ha,"Eutrophication, marine",Pt,2.7279571599,0.0,0.0,,,,0.010586454,0.008716038,0.009537278,1 kg herbicide active substance,1 kg fungicide active substance,1 kg insecticide active substance,herbicide,fungicide,pesticide_insecticide,,,,herbicide_single_score.json,fungicide_single_score.json,pesticide_insecticide_single_score.json,0.028879392987251996,0.0,0.0,0.028879392987251996
C4_2022,C4,2022,ha,"Eutrophication, terrestrial",Pt,2.7279571599,0.0,0.0,,,,0.60443343,0.45373077,0.50045004,1 kg herbicide active substance,1 kg fungicide active substance,1 kg insecticide active substance,herbicide,fungicide,pesticide_insecticide,,,,herbicide_single_score.json,fungicide_single_score.json,pesticide_insecticide_single_score.json,1.6488685030514154,0.0,0.0,1.6488685030514154
C4_2022,C4,2022,ha,"Human toxicity, cancer",Pt,2.7279571599,0.0,0.0,,,,5.3791999999999995e-15,5.9696e-15,4.6166e-15,1 kg herbicide active substance,1 kg fungicide active substance,1 kg insecticide active substance,herbicide,fungicide,pesticide_insecticide,,,,herbicide_single_score.json,fungicide_single_score.json,pesticide_insecticide_single_score.json,1.467422715453408e-14,0.0,0.0,1.467422715453408e-14
C4_2022,C4,2022,ha,"Human toxicity, cancer - inorganics",Pt,2.7279571599,0.0,0.0,,,,0.0,0.0,0.0,1 kg herbicide active substance,1 kg fungicide active substance,1 kg insecticide active substance,herbicide,fungicide,pesticide_insecticide,,,,herbicide_single_score.json,fungicide_single_score.json,pesticide_insecticide_single_score.json,0.0,0.0,0.0,0.0
C4_2022,C4,2022,ha,"Human toxicity, cancer - metals",Pt,2.7279571599,0.0,0.0,,,,0.0,0.0,0.0,1 kg herbicide active substance,1 kg fungicide active substance,1 kg insecticide active substance,herbicide,fungicide,pesticide_insecticide,,,,herbicide_single_score.json,fungicide_single_score.json,pesticide_insecticide_single_score.json,0.0,0.0,0.0,0.0
C4_2022,C4,2022,ha,"Human toxicity, cancer - organics",Pt,2.7279571599,0.0,0.0,,,,0.0,0.0,0.0,1 kg herbicide active substance,1 kg fungicide active substance,1 kg insecticide active substance,herbicide,fungicide,pesticide_insecticide,,,,herbicide_single_score.json,fungicide_single_score.json,pesticide_insecticide_single_score.json,0.0,0.0,0.0,0.0
C4_2022,C4,2022,ha,"Human toxicity, non-cancer",Pt,2.7279571599,0.0,0.0,,,,7.236719999999999e-12,3.766066e-12,1.5654213999999998e-09,1 kg herbicide active substance,1 kg fungicide active substance,1 kg insecticide active substance,herbicide,fungicide,pesticide_insecticide,,,,herbicide_single_score.json,fungicide_single_score.json,pesticide_insecticide_single_score.json,1.9741462138191525e-11,0.0,0.0,1.9741462138191525e-11
C4_2022,C4,2022,ha,"Human toxicity, non-cancer - inorganics",Pt,2.7279571599,0.0,0.0,,,,0.0,0.0,0.0,1 kg herbicide active substance,1 kg fungicide active substance,1 kg insecticide active substance,herbicide,fungicide,pesticide_insecticide,,,,herbicide_single_score.json,fungicide_single_score.json,pesticide_insecticide_single_score.json,0.0,0.0,0.0,0.0
C4_2022,C4,2022,ha,"Human toxicity, non-cancer - metals",Pt,2.7279571599,0.0,0.0,,,,0.0,0.0,0.0,1 kg herbicide active substance,1 kg fungicide active substance,1 kg insecticide active substance,herbicide,fungicide,pesticide_insecticide,,,,herbicide_single_score.json,fungicide_single_score.json,pesticide_insecticide_single_score.json,0.0,0.0,0.0,0.0
C4_2022,C4,2022,ha,"Human toxicity, non-cancer - organics",Pt,2.7279571599,0.0,0.0,,,,0.0,0.0,0.0,1 kg herbicide active substance,1 kg fungicide active substance,1 kg insecticide active substance,herbicide,fungicide,pesticide_insecticide,,,,herbicide_single_score.json,fungicide_single_score.json,pesticide_insecticide_single_score.json,0.0,0.0,0.0,0.0
C4_2022,C4,2022,ha,Ionising radiation,Pt,2.7279571599,0.0,0.0,,,,837.086585,620.0116840000001,711.710174,1 kg herbicide active substance,1 kg fungicide active substance,1 kg insecticide active substance,herbicide,fungicide,pesticide_insecticide,,,,herbicide_single_score.json,fungicide_single_score.json,pesticide_insecticide_single_score.json,2283.5363430069897,0.0,0.0,2283.5363430069897
C4_2022,C4,2022,ha,Land use,Pt,2.7279571599,0.0,0.0,,,,10351420.44,9671351.19,10419696.54,1 kg herbicide active substance,1 kg fungicide active substance,1 kg insecticide active substance,herbicide,fungicide,pesticide_insecticide,,,,herbicide_single_score.json,fungicide_single_score.json,pesticide_insecticide_single_score.json,28238231.504433207,0.0,0.0,28238231.504433207
C4_2022,C4,2022,ha,Ozone depletion,Pt,2.7279571599,0.0,0.0,,,,2.1756e-09,1.40008e-09,1.4799999999999999e-09,1 kg herbicide active substance,1 kg fungicide active substance,1 kg insecticide active substance,herbicide,fungicide,pesticide_insecticide,,,,herbicide_single_score.json,fungicide_single_score.json,pesticide_insecticide_single_score.json,5.9349435970784395e-09,0.0,0.0,5.9349435970784395e-09
C4_2022,C4,2022,ha,Particulate matter,Pt,2.7279571599,0.0,0.0,,,,1.7361e-11,1.44032e-11,1.54963e-11,1 kg herbicide active substance,1 kg fungicide active substance,1 kg insecticide active substance,herbicide,fungicide,pesticide_insecticide,,,,herbicide_single_score.json,fungicide_single_score.json,pesticide_insecticide_single_score.json,4.73600642530239e-11,0.0,0.0,4.73600642530239e-11
C4_2022,C4,2022,ha,Photochemical ozone formation,Pt,2.7279571599,0.0,0.0,,,,0.0482284,0.03470854,0.038507059999999996,1 kg herbicide active substance,1 kg fungicide active substance,1 kg insecticide active substance,herbicide,fungicide,pesticide_insecticide,,,,herbicide_single_score.json,fungicide_single_score.json,pesticide_insecticide_single_score.json,0.13156500909052116,0.0,0.0,0.13156500909052116
C4_2022,C4,2022,ha,"Resource use, fossils",Pt,2.7279571599,0.0,0.0,,,,1337963.403,941010.855,1030841.5170000001,1 kg herbicide active substance,1 kg fungicide active substance,1 kg insecticide active substance,herbicide,fungicide,pesticide_insecticide,,,,herbicide_single_score.json,fungicide_single_score.json,pesticide_insecticide_single_score.json,3649906.844898019,0.0,0.0,3649906.844898019
C4_2022,C4,2022,ha,"Resource use, minerals and metals",Pt,2.7279571599,0.0,0.0,,,,2.9472e-07,2.208e-07,2.5343999999999997e-07,1 kg herbicide active substance,1 kg fungicide active substance,1 kg insecticide active substance,herbicide,fungicide,pesticide_insecticide,,,,herbicide_single_score.json,fungicide_single_score.json,pesticide_insecticide_single_score.json,8.03983534165728e-07,0.0,0.0,8.03983534165728e-07
C4_2022,C4,2022,ha,Total,Pt,2.7279571599,0.0,0.0,,,,13176815.469822299,14456166.866849951,540489472.3400254,1 kg herbicide active substance,1 kg fungicide active substance,1 kg insecticide active substance,herbicide,fungicide,pesticide_insecticide,,,,herbicide_single_score.json,fungicide_single_score.json,pesticide_insecticide_single_score.json,35945788.10558282,0.0,0.0,35945788.10558282
C4_2022,C4,2022,ha,Water use,Pt,2.7279571599,0.0,0.0,,,,1884.394864,1440.918633,1631.081551,1 kg herbicide active substance,1 kg fungicide active substance,1 kg insecticide active substance,herbicide,fungicide,pesticide_insecticide,,,,herbicide_single_score.json,fungicide_single_score.json,pesticide_insecticide_single_score.json,5140.548461327587,0.0,0.0,5140.548461327587
C4_2023,C4,2023,ha,Acidification,Pt,0.2584563758,0.0,0.1304697987,,,,0.17838808,0.13245375999999998,0.14868711999999998,1 kg herbicide active substance,1 kg fungicide active substance,1 kg insecticide active substance,herbicide,fungicide,pesticide_insecticide,,,,herbicide_single_score.json,fungicide_single_score.json,pesticide_insecticide_single_score.json,0.04610553664272047,0.0,0.01939917861568274,0.0655047152584032
C4_2023,C4,2023,ha,Climate change,Pt,0.2584563758,0.0,0.1304697987,,,,24201.564,16691.588519999998,18147.4914,1 kg herbicide active substance,1 kg fungicide active substance,1 kg insecticide active substance,herbicide,fungicide,pesticide_insecticide,,,,herbicide_single_score.json,fungicide_single_score.json,pesticide_insecticide_single_score.json,6255.0485201317515,0.0,2367.699549867981,8622.748069999732
C4_2023,C4,2023,ha,Climate change - Biogenic,Pt,0.2584563758,0.0,0.1304697987,,,,0.0,0.0,0.0,1 kg herbicide active substance,1 kg fungicide active substance,1 kg insecticide active substance,herbicide,fungicide,pesticide_insecticide,,,,herbicide_single_score.json,fungicide_single_score.json,pesticide_insecticide_single_score.json,0.0,0.0,0.0,0.0
C4_2023,C4,2023,ha,Climate change - Fossil,Pt,0.2584563758,0.0,0.1304697987,,,,0.0,0.0,0.0,1 kg herbicide active substance,1 kg fungicide active substance,1 kg insecticide active substance,herbicide,fungicide,pesticide_insecticide,,,,herbicide_single_score.json,fungicide_single_score.json,pesticide_insecticide_single_score.json,0.0,0.0,0.0,0.0
C4_2023,C4,2023,ha,Climate change - Land use and LU change,Pt,0.2584563758,0.0,0.1304697987,,,,0.0,0.0,0.0,1 kg herbicide active substance,1 kg fungicide active substance,1 kg insecticide active substance,herbicide,fungicide,pesticide_insecticide,,,,herbicide_single_score.json,fungicide_single_score.json,pesticide_insecticide_single_score.json,0.0,0.0,0.0,0.0
C4_2023,C4,2023,ha,"Ecotoxicity, freshwater",Pt,0.2584563758,0.0,0.1304697987,,,,1460507.7396,3825051.6733000004,529018443.3026,1 kg herbicide active substance,1 kg fungicide active substance,1 kg insecticide active substance,herbicide,fungicide,pesticide_insecticide,,,,herbicide_single_score.json,fungicide_single_score.json,pesticide_insecticide_single_score.json,377477.5372048662,0.0,69020929.80627759,69398407.34348245
C4_2023,C4,2023,ha,"Ecotoxicity, freshwater - inorganics",Pt,0.2584563758,0.0,0.1304697987,,,,0.0,0.0,0.0,1 kg herbicide active substance,1 kg fungicide active substance,1 kg insecticide active substance,herbicide,fungicide,pesticide_insecticide,,,,herbicide_single_score.json,fungicide_single_score.json,pesticide_insecticide_single_score.json,0.0,0.0,0.0,0.0
C4_2023,C4,2023,ha,"Ecotoxicity, freshwater - metals",Pt,0.2584563758,0.0,0.1304697987,,,,0.0,0.0,0.0,1 kg herbicide active substance,1 kg fungicide active substance,1 kg insecticide active substance,herbicide,fungicide,pesticide_insecticide,,,,herbicide_single_score.json,fungicide_single_score.json,pesticide_insecticide_single_score.json,0.0,0.0,0.0,0.0
C4_2023,C4,2023,ha,"Ecotoxicity, freshwater - organics",Pt,0.2584563758,0.0,0.1304697987,,,,0.0,0.0,0.0,1 kg herbicide active substance,1 kg fungicide active substance,1 kg insecticide active substance,herbicide,fungicide,pesticide_insecticide,,,,herbicide_single_score.json,fungicide_single_score.json,pesticide_insecticide_single_score.json,0.0,0.0,0.0,0.0
C4_2023,C4,2023,ha,"Eutrophication, freshwater",Pt,0.2584563758,0.0,0.1304697987,,,,0.0001366398,0.000103618,0.000118759,1 kg herbicide active substance,1 kg fungicide active substance,1 kg insecticide active substance,herbicide,fungicide,pesticide_insecticide,,,,herbicide_single_score.json,fungicide_single_score.json,pesticide_insecticide_single_score.json,3.5315427498036845e-05,0.0,1.5494462823813302e-05,5.080989032185015e-05
C4_2023,C4,2023,ha,"Eutrophication, marine",Pt,0.2584563758,0.0,0.1304697987,,,,0.010586454,0.008716038,0.009537278,1 kg herbicide active substance,1 kg fungicide active substance,1 kg insecticide active substance,herbicide,fungicide,pesticide_insecticide,,,,herbicide_single_score.json,fungicide_single_score.json,pesticide_insecticide_single_score.json,0.0027361365334134134,0.0,0.0012443267408059385,0.003980463274219352
C4_2023,C4,2023,ha,"Eutrophication, terrestrial",Pt,0.2584563758,0.0,0.1304697987,,,,0.60443343,0.45373077,0.50045004,1 kg herbicide active substance,1 kg fungicide active substance,1 kg insecticide active substance,herbicide,fungicide,pesticide_insecticide,,,,herbicide_single_score.json,fungicide_single_score.json,pesticide_insecticide_single_score.json,0.15621967373016302,0.0,0.06529361597820696,0.22151328970836998
C4_2023,C4,2023,ha,"Human toxicity, cancer",Pt,0.2584563758,0.0,0.1304697987,,,,5.3791999999999995e-15,5.9696e-15,4.6166e-15,1 kg herbicide active substance,1 kg fungicide active substance,1 kg insecticide active substance,herbicide,fungicide,pesticide_insecticide,,,,herbicide_single_score.json,fungicide_single_score.json,pesticide_insecticide_single_score.json,1.39028853670336e-15,0.0,6.023268726784201e-16,1.99261540938178e-15
C4_2023,C4,2023,ha,"Human toxicity, cancer - inorganics",Pt,0.2584563758,0.0,0.1304697987,,,,0.0,0.0,0.0,1 kg herbicide active substance,1 kg fungicide active substance,1 kg insecticide active substance,herbicide,fungicide,pesticide_insecticide,,,,herbicide_single_score.json,fungicide_single_score.json,pesticide_insecticide_single_score.json,0.0,0.0,0.0,0.0
C4_2023,C4,2023,ha,"Human toxicity, cancer - metals",Pt,0.2584563758,0.0,0.1304697987,,,,0.0,0.0,0.0,1 kg herbicide active substance,1 kg fungicide active substance,1 kg insecticide active substance,herbicide,fungicide,pesticide_insecticide,,,,herbicide_single_score.json,fungicide_single_score.json,pesticide_insecticide_single_score.json,0.0,0.0,0.0,0.0
C4_2023,C4,2023,ha,"Human toxicity, cancer - organics",Pt,0.2584563758,0.0,0.1304697987,,,,0.0,0.0,0.0,1 kg herbicide active substance,1 kg fungicide active substance,1 kg insecticide active substance,herbicide,fungicide,pesticide_insecticide,,,,herbicide_single_score.json,fungicide_single_score.json,pesticide_insecticide_single_score.json,0.0,0.0,0.0,0.0
C4_2023,C4,2023,ha,"Human toxicity, non-cancer",Pt,0.2584563758,0.0,0.1304697987,,,,7.236719999999999e-12,3.766066e-12,1.5654213999999998e-09,1 kg herbicide active substance,1 kg fungicide active substance,1 kg insecticide active substance,herbicide,fungicide,pesticide_insecticide,,,,herbicide_single_score.json,fungicide_single_score.json,pesticide_insecticide_single_score.json,1.8703764238793758e-12,0.0,2.0424021493867214e-10,2.0611059136255152e-10
C4_2023,C4,2023,ha,"Human toxicity, non-cancer - inorganics",Pt,0.2584563758,0.0,0.1304697987,,,,0.0,0.0,0.0,1 kg herbicide active substance,1 kg fungicide active substance,1 kg insecticide active substance,herbicide,fungicide,pesticide_insecticide,,,,herbicide_single_score.json,fungicide_single_score.json,pesticide_insecticide_single_score.json,0.0,0.0,0.0,0.0
C4_2023,C4,2023,ha,"Human toxicity, non-cancer - metals",Pt,0.2584563758,0.0,0.1304697987,,,,0.0,0.0,0.0,1 kg herbicide active substance,1 kg fungicide active substance,1 kg insecticide active substance,herbicide,fungicide,pesticide_insecticide,,,,herbicide_single_score.json,fungicide_single_score.json,pesticide_insecticide_single_score.json,0.0,0.0,0.0,0.0
C4_2023,C4,2023,ha,"Human toxicity, non-cancer - organics",Pt,0.2584563758,0.0,0.1304697987,,,,0.0,0.0,0.0,1 kg herbicide active substance,1 kg fungicide active substance,1 kg insecticide active substance,herbicide,fungicide,pesticide_insecticide,,,,herbicide_single_score.json,fungicide_single_score.json,pesticide_insecticide_single_score.json,0.0,0.0,0.0,0.0
C4_2023,C4,2023,ha,Ionising radiation,Pt,0.2584563758,0.0,0.1304697987,,,,837.086585,620.0116840000001,711.710174,1 kg herbicide active substance,1 kg fungicide active substance,1 kg insecticide active substance,herbicide,fungicide,pesticide_insecticide,,,,herbicide_single_score.json,fungicide_single_score.json,pesticide_insecticide_single_score.json,216.35036498989868,0.0,92.85668313452199,309.2070481244207
C4_2023,C4,2023,ha,Land use,Pt,0.2584563758,0.0,0.1304697987,,,,10351420.44,9671351.19,10419696.54,1 kg herbicide active substance,1 kg fungicide active substance,1 kg insecticide active substance,herbicide,fungicide,pesticide_insecticide,,,,herbicide_single_score.json,fungicide_single_score.json,pesticide_insecticide_single_score.json,2675390.6113044415,0.0,1359455.7100888863,4034846.321393328
C4_2023,C4,2023,ha,Ozone depletion,Pt,0.2584563758,0.0,0.1304697987,,,,2.1756e-09,1.40008e-09,1.4799999999999999e-09,1 kg herbicide active substance,1 kg fungicide active substance,1 kg insecticide active substance,herbicide,fungicide,pesticide_insecticide,,,,herbicide_single_score.json,fungicide_single_score.json,pesticide_insecticide_single_score.json,5.622976911904801e-10,0.0,1.9309530207599998e-10,7.553929932664801e-10
C4_2023,C4,2023,ha,Particulate matter,Pt,0.2584563758,0.0,0.1304697987,,,,1.7361e-11,1.44032e-11,1.54963e-11,1 kg herbicide active substance,1 kg fungicide active substance,1 kg insecticide active substance,herbicide,fungicide,pesticide_insecticide,,,,herbicide_single_score.json,fungicide_single_score.json,pesticide_insecticide_single_score.json,4.487061140263801e-12,0.0,2.0217991415948102e-12,6.508860281858611e-12
C4_2023,C4,2023,ha,Photochemical ozone formation,Pt,0.2584563758,0.0,0.1304697987,,,,0.0482284,0.03470854,0.038507059999999996,1 kg herbicide active substance,1 kg fungicide active substance,1 kg insecticide active substance,herbicide,fungicide,pesticide_insecticide,,,,herbicide_single_score.json,fungicide_single_score.json,pesticide_insecticide_single_score.json,0.01246493747463272,0.0,0.005024008366728822,0.01748894584136154
C4_2023,C4,2023,ha,"Resource use, fossils",Pt,0.2584563758,0.0,0.1304697987,,,,1337963.403,941010.855,1030841.5170000001,1 kg herbicide active substance,1 kg fungicide active substance,1 kg insecticide active substance,herbicide,fungicide,pesticide_insecticide,,,,herbicide_single_score.json,fungicide_single_score.json,pesticide_insecticide_single_score.json,345805.17209241487,0.0,134493.68521459264,480298.85730700754
C4_2023,C4,2023,ha,"Resource use, minerals and metals",Pt,0.2584563758,0.0,0.1304697987,,,,2.9472e-07,2.208e-07,2.5343999999999997e-07,1 kg herbicide active substance,1 kg fungicide active substance,1 kg insecticide active substance,herbicide,fungicide,pesticide_insecticide,,,,herbicide_single_score.json,fungicide_single_score.json,pesticide_insecticide_single_score.json,7.617226307577601e-08,0.0,3.3066265782527995e-08,1.09238528858304e-07
C4_2023,C4,2023,ha,Total,Pt,0.2584563758,0.0,0.1304697987,,,,13176815.469822299,14456166.866849951,540489472.3400254,1 kg herbicide active substance,1 kg fungicide active substance,1 kg insecticide active substance,herbicide,fungicide,pesticide_insecticide,,,,herbicide_single_score.json,fungicide_single_score.json,pesticide_insecticide_single_score.json,3405631.970915646,0.0,70517552.65567234,73923184.62658799
C4_2023,C4,2023,ha,Water use,Pt,0.2584563758,0.0,0.1304697987,,,,1884.394864,1440.918633,1631.081551,1 kg herbicide active substance,1 kg fungicide active substance,1 kg insecticide active substance,herbicide,fungicide,pesticide_insecticide,,,,herbicide_single_score.json,fungicide_single_score.json,pesticide_insecticide_single_score.json,487.033867125574,0.0,212.80688162225377,699.8407487478278
C4_2024,C4,2024,ha,Acidification,Pt,0.7220276498,0.0,0.0,,,,0.17838808,0.13245375999999998,0.14868711999999998,1 kg herbicide active substance,1 kg fungicide active substance,1 kg insecticide active substance,herbicide,fungicide,pesticide_insecticide,,,,herbicide_single_score.json,fungicide_single_score.json,pesticide_insecticide_single_score.json,0.12880112615473438,0.0,0.0,0.12880112615473438
C4_2024,C4,2024,ha,Climate change,Pt,0.7220276498,0.0,0.0,,,,24201.564,16691.588519999998,18147.4914,1 kg herbicide active substance,1 kg fungicide active substance,1 kg insecticide active substance,herbicide,fungicide,pesticide_insecticide,,,,herbicide_single_score.json,fungicide_single_score.json,pesticide_insecticide_single_score.json,17474.198376404285,0.0,0.0,17474.198376404285
C4_2024,C4,2024,ha,Climate change - Biogenic,Pt,0.7220276498,0.0,0.0,,,,0.0,0.0,0.0,1 kg herbicide active substance,1 kg fungicide active substance,1 kg insecticide active substance,herbicide,fungicide,pesticide_insecticide,,,,herbicide_single_score.json,fungicide_single_score.json,pesticide_insecticide_single_score.json,0.0,0.0,0.0,0.0
C4_2024,C4,2024,ha,Climate change - Fossil,Pt,0.7220276498,0.0,0.0,,,,0.0,0.0,0.0,1 kg herbicide active substance,1 kg fungicide active substance,1 kg insecticide active substance,herbicide,fungicide,pesticide_insecticide,,,,herbicide_single_score.json,fungicide_single_score.json,pesticide_insecticide_single_score.json,0.0,0.0,0.0,0.0
C4_2024,C4,2024,ha,Climate change - Land use and LU change,Pt,0.7220276498,0.0,0.0,,,,0.0,0.0,0.0,1 kg herbicide active substance,1 kg fungicide active substance,1 kg insecticide active substance,herbicide,fungicide,pesticide_insecticide,,,,herbicide_single_score.json,fungicide_single_score.json,pesticide_insecticide_single_score.json,0.0,0.0,0.0,0.0
C4_2024,C4,2024,ha,"Ecotoxicity, freshwater",Pt,0.7220276498,0.0,0.0,,,,1460507.7396,3825051.6733000004,529018443.3026,1 kg herbicide active substance,1 kg fungicide active substance,1 kg insecticide active substance,herbicide,fungicide,pesticide_insecticide,,,,herbicide_single_score.json,fungicide_single_score.json,pesticide_insecticide_single_score.json,1054526.9707380985,0.0,0.0,1054526.9707380985
C4_2024,C4,2024,ha,"Ecotoxicity, freshwater - inorganics",Pt,0.7220276498,0.0,0.0,,,,0.0,0.0,0.0,1 kg herbicide active substance,1 kg fungicide active substance,1 kg insecticide active substance,herbicide,fungicide,pesticide_insecticide,,,,herbicide_single_score.json,fungicide_single_score.json,pesticide_insecticide_single_score.json,0.0,0.0,0.0,0.0
C4_2024,C4,2024,ha,"Ecotoxicity, freshwater - metals",Pt,0.7220276498,0.0,0.0,,,,0.0,0.0,0.0,1 kg herbicide active substance,1 kg fungicide active substance,1 kg insecticide active substance,herbicide,fungicide,pesticide_insecticide,,,,herbicide_single_score.json,fungicide_single_score.json,pesticide_insecticide_single_score.json,0.0,0.0,0.0,0.0
C4_2024,C4,2024,ha,"Ecotoxicity, freshwater - organics",Pt,0.7220276498,0.0,0.0,,,,0.0,0.0,0.0,1 kg herbicide active substance,1 kg fungicide active substance,1 kg insecticide active substance,herbicide,fungicide,pesticide_insecticide,,,,herbicide_single_score.json,fungicide_single_score.json,pesticide_insecticide_single_score.json,0.0,0.0,0.0,0.0
C4_2024,C4,2024,ha,"Eutrophication, freshwater",Pt,0.7220276498,0.0,0.0,,,,0.0001366398,0.000103618,0.000118759,1 kg herbicide active substance,1 kg fungicide active substance,1 kg insecticide active substance,herbicide,fungicide,pesticide_insecticide,,,,herbicide_single_score.json,fungicide_single_score.json,pesticide_insecticide_single_score.json,9.865771366314204e-05,0.0,0.0,9.865771366314204e-05
C4_2024,C4,2024,ha,"Eutrophication, marine",Pt,0.7220276498,0.0,0.0,,,,0.010586454,0.008716038,0.009537278,1 kg herbicide active substance,1 kg fungicide active substance,1 kg insecticide active substance,herbicide,fungicide,pesticide_insecticide,,,,herbicide_single_score.json,fungicide_single_score.json,pesticide_insecticide_single_score.json,0.007643712501335809,0.0,0.0,0.007643712501335809
C4_2024,C4,2024,ha,"Eutrophication, terrestrial",Pt,0.7220276498,0.0,0.0,,,,0.60443343,0.45373077,0.50045004,1 kg herbicide active substance,1 kg fungicide active substance,1 kg insecticide active substance,herbicide,fungicide,pesticide_insecticide,,,,herbicide_single_score.json,fungicide_single_score.json,pesticide_insecticide_single_score.json,0.43641764892345286,0.0,0.0,0.43641764892345286
C4_2024,C4,2024,ha,"Human toxicity, cancer",Pt,0.7220276498,0.0,0.0,,,,5.3791999999999995e-15,5.9696e-15,4.6166e-15,1 kg herbicide active substance,1 kg fungicide active substance,1 kg insecticide active substance,herbicide,fungicide,pesticide_insecticide,,,,herbicide_single_score.json,fungicide_single_score.json,pesticide_insecticide_single_score.json,3.88393113380416e-15,0.0,0.0,3.88393113380416e-15
C4_2024,C4,2024,ha,"Human toxicity, cancer - inorganics",Pt,0.7220276498,0.0,0.0,,,,0.0,0.0,0.0,1 kg herbicide active substance,1 kg fungicide active substance,1 kg insecticide active substance,herbicide,fungicide,pesticide_insecticide,,,,herbicide_single_score.json,fungicide_single_score.json,pesticide_insecticide_single_score.json,0.0,0.0,0.0,0.0
C4_2024,C4,2024,ha,"Human toxicity, cancer - metals",Pt,0.7220276498,0.0,0.0,,,,0.0,0.0,0.0,1 kg herbicide active substance,1 kg fungicide active substance,1 kg insecticide active substance,herbicide,fungicide,pesticide_insecticide,,,,herbicide_single_score.json,fungicide_single_score.json,pesticide_insecticide_single_score.json,0.0,0.0,0.0,0.0
C4_2024,C4,2024,ha,"Human toxicity, cancer - organics",Pt,0.7220276498,0.0,0.0,,,,0.0,0.0,0.0,1 kg herbicide active substance,1 kg fungicide active substance,1 kg insecticide active substance,herbicide,fungicide,pesticide_insecticide,,,,herbicide_single_score.json,fungicide_single_score.json,pesticide_insecticide_single_score.json,0.0,0.0,0.0,0.0
C4_2024,C4,2024,ha,"Human toxicity, non-cancer",Pt,0.7220276498,0.0,0.0,,,,7.236719999999999e-12,3.766066e-12,1.5654213999999998e-09,1 kg herbicide active substance,1 kg fungicide active substance,1 kg insecticide active substance,herbicide,fungicide,pesticide_insecticide,,,,herbicide_single_score.json,fungicide_single_score.json,pesticide_insecticide_single_score.json,5.225111933860655e-12,0.0,0.0,5.225111933860655e-12
C4_2024,C4,2024,ha,"Human toxicity, non-cancer - inorganics",Pt,0.7220276498,0.0,0.0,,,,0.0,0.0,0.0,1 kg herbicide active substance,1 kg fungicide active substance,1 kg insecticide active substance,herbicide,fungicide,pesticide_insecticide,,,,herbicide_single_score.json,fungicide_single_score.json,pesticide_insecticide_single_score.json,0.0,0.0,0.0,0.0
C4_2024,C4,2024,ha,"Human toxicity, non-cancer - metals",Pt,0.7220276498,0.0,0.0,,,,0.0,0.0,0.0,1 kg herbicide active substance,1 kg fungicide active substance,1 kg insecticide active substance,herbicide,fungicide,pesticide_insecticide,,,,herbicide_single_score.json,fungicide_single_score.json,pesticide_insecticide_single_score.json,0.0,0.0,0.0,0.0
C4_2024,C4,2024,ha,"Human toxicity, non-cancer - organics",Pt,0.7220276498,0.0,0.0,,,,0.0,0.0,0.0,1 kg herbicide active substance,1 kg fungicide active substance,1 kg insecticide active substance,herbicide,fungicide,pesticide_insecticide,,,,herbicide_single_score.json,fungicide_single_score.json,pesticide_insecticide_single_score.json,0.0,0.0,0.0,0.0
C4_2024,C4,2024,ha,Ionising radiation,Pt,0.7220276498,0.0,0.0,,,,837.086585,620.0116840000001,711.710174,1 kg herbicide active substance,1 kg fungicide active substance,1 kg insecticide active substance,herbicide,fungicide,pesticide_insecticide,,,,herbicide_single_score.json,fungicide_single_score.json,pesticide_insecticide_single_score.json,604.3996596466579,0.0,0.0,604.3996596466579
C4_2024,C4,2024,ha,Land use,Pt,0.7220276498,0.0,0.0,,,,10351420.44,9671351.19,10419696.54,1 kg herbicide active substance,1 kg fungicide active substance,1 kg insecticide active substance,herbicide,fungicide,pesticide_insecticide,,,,herbicide_single_score.json,fungicide_single_score.json,pesticide_insecticide_single_score.json,7474011.772384882,0.0,0.0,7474011.772384882
C4_2024,C4,2024,ha,Ozone depletion,Pt,0.7220276498,0.0,0.0,,,,2.1756e-09,1.40008e-09,1.4799999999999999e-09,1 kg herbicide active substance,1 kg fungicide active substance,1 kg insecticide active substance,herbicide,fungicide,pesticide_insecticide,,,,herbicide_single_score.json,fungicide_single_score.json,pesticide_insecticide_single_score.json,1.5708433549048799e-09,0.0,0.0,1.5708433549048799e-09
C4_2024,C4,2024,ha,Particulate matter,Pt,0.7220276498,0.0,0.0,,,,1.7361e-11,1.44032e-11,1.54963e-11,1 kg herbicide active substance,1 kg fungicide active substance,1 kg insecticide active substance,herbicide,fungicide,pesticide_insecticide,,,,herbicide_single_score.json,fungicide_single_score.json,pesticide_insecticide_single_score.json,1.25351220281778e-11,0.0,0.0,1.25351220281778e-11
C4_2024,C4,2024,ha,Photochemical ozone formation,Pt,0.7220276498,0.0,0.0,,,,0.0482284,0.03470854,0.038507059999999996,1 kg herbicide active substance,1 kg fungicide active substance,1 kg insecticide active substance,herbicide,fungicide,pesticide_insecticide,,,,herbicide_single_score.json,fungicide_single_score.json,pesticide_insecticide_single_score.json,0.03482223830561432,0.0,0.0,0.03482223830561432
C4_2024,C4,2024,ha,"Resource use, fossils",Pt,0.7220276498,0.0,0.0,,,,1337963.403,941010.855,1030841.5170000001,1 kg herbicide active substance,1 kg fungicide active substance,1 kg insecticide active substance,herbicide,fungicide,pesticide_insecticide,,,,herbicide_single_score.json,fungicide_single_score.json,pesticide_insecticide_single_score.json,966046.5713865003,0.0,0.0,966046.5713865003
C4_2024,C4,2024,ha,"Resource use, minerals and metals",Pt,0.7220276498,0.0,0.0,,,,2.9472e-07,2.208e-07,2.5343999999999997e-07,1 kg herbicide active substance,1 kg fungicide active substance,1 kg insecticide active substance,herbicide,fungicide,pesticide_insecticide,,,,herbicide_single_score.json,fungicide_single_score.json,pesticide_insecticide_single_score.json,2.1279598894905598e-07,0.0,0.0,2.1279598894905598e-07
C4_2024,C4,2024,ha,Total,Pt,0.7220276498,0.0,0.0,,,,13176815.469822299,14456166.866849951,540489472.3400254,1 kg herbicide active substance,1 kg fungicide active substance,1 kg insecticide active substance,herbicide,fungicide,pesticide_insecticide,,,,herbicide_single_score.json,fungicide_single_score.json,pesticide_insecticide_single_score.json,9514025.105524078,0.0,0.0,9514025.105524078
C4_2024,C4,2024,ha,Water use,Pt,0.7220276498,0.0,0.0,,,,1884.394864,1440.918633,1631.081551,1 kg herbicide active substance,1 kg fungicide active substance,1 kg insecticide active substance,herbicide,fungicide,pesticide_insecticide,,,,herbicide_single_score.json,fungicide_single_score.json,pesticide_insecticide_single_score.json,1360.5851949491107,0.0,0.0,1360.5851949491107
C5_2022,C5,2022,ha,Acidification,Pt,0.7027972028,0.0,0.0,,,,0.17838808,0.13245375999999998,0.14868711999999998,1 kg herbicide active substance,1 kg fungicide active substance,1 kg insecticide active substance,herbicide,fungicide,pesticide_insecticide,,,,herbicide_single_score.json,fungicide_single_score.json,pesticide_insecticide_single_score.json,0.12537064363686262,0.0,0.0,0.12537064363686262
C5_2022,C5,2022,ha,Climate change,Pt,0.7027972028,0.0,0.0,,,,24201.564,16691.588519999998,18147.4914,1 kg herbicide active substance,1 kg fungicide active substance,1 kg insecticide active substance,herbicide,fungicide,pesticide_insecticide,,,,herbicide_single_score.json,fungicide_single_score.json,pesticide_insecticide_single_score.json,17008.79148258518,0.0,0.0,17008.79148258518
C5_2022,C5,2022,ha,Climate change - Biogenic,Pt,0.7027972028,0.0,0.0,,,,0.0,0.0,0.0,1 kg herbicide active substance,1 kg fungicide active substance,1 kg insecticide active substance,herbicide,fungicide,pesticide_insecticide,,,,herbicide_single_score.json,fungicide_single_score.json,pesticide_insecticide_single_score.json,0.0,0.0,0.0,0.0
C5_2022,C5,2022,ha,Climate change - Fossil,Pt,0.7027972028,0.0,0.0,,,,0.0,0.0,0.0,1 kg herbicide active substance,1 kg fungicide active substance,1 kg insecticide active substance,herbicide,fungicide,pesticide_insecticide,,,,herbicide_single_score.json,fungicide_single_score.json,pesticide_insecticide_single_score.json,0.0,0.0,0.0,0.0
C5_2022,C5,2022,ha,Climate change - Land use and LU change,Pt,0.7027972028,0.0,0.0,,,,0.0,0.0,0.0,1 kg herbicide active substance,1 kg fungicide active substance,1 kg insecticide active substance,herbicide,fungicide,pesticide_insecticide,,,,herbicide_single_score.json,fungicide_single_score.json,pesticide_insecticide_single_score.json,0.0,0.0,0.0,0.0
C5_2022,C5,2022,ha,"Ecotoxicity, freshwater",Pt,0.7027972028,0.0,0.0,,,,1460507.7396,3825051.6733000004,529018443.3026,1 kg herbicide active substance,1 kg fungicide active substance,1 kg insecticide active substance,herbicide,fungicide,pesticide_insecticide,,,,herbicide_single_score.json,fungicide_single_score.json,pesticide_insecticide_single_score.json,1026440.7540586308,0.0,0.0,1026440.7540586308
C5_2022,C5,2022,ha,"Ecotoxicity, freshwater - inorganics",Pt,0.7027972028,0.0,0.0,,,,0.0,0.0,0.0,1 kg herbicide active substance,1 kg fungicide active substance,1 kg insecticide active substance,herbicide,fungicide,pesticide_insecticide,,,,herbicide_single_score.json,fungicide_single_score.json,pesticide_insecticide_single_score.json,0.0,0.0,0.0,0.0
C5_2022,C5,2022,ha,"Ecotoxicity, freshwater - metals",Pt,0.7027972028,0.0,0.0,,,,0.0,0.0,0.0,1 kg herbicide active substance,1 kg fungicide active substance,1 kg insecticide active substance,herbicide,fungicide,pesticide_insecticide,,,,herbicide_single_score.json,fungicide_single_score.json,pesticide_insecticide_single_score.json,0.0,0.0,0.0,0.0
C5_2022,C5,2022,ha,"Ecotoxicity, freshwater - organics",Pt,0.7027972028,0.0,0.0,,,,0.0,0.0,0.0,1 kg herbicide active substance,1 kg fungicide active substance,1 kg insecticide active substance,herbicide,fungicide,pesticide_insecticide,,,,herbicide_single_score.json,fungicide_single_score.json,pesticide_insecticide_single_score.json,0.0,0.0,0.0,0.0
C5_2022,C5,2022,ha,"Eutrophication, freshwater",Pt,0.7027972028,0.0,0.0,,,,0.0001366398,0.000103618,0.000118759,1 kg herbicide active substance,1 kg fungicide active substance,1 kg insecticide active substance,herbicide,fungicide,pesticide_insecticide,,,,herbicide_single_score.json,fungicide_single_score.json,pesticide_insecticide_single_score.json,9.603006923115145e-05,0.0,0.0,9.603006923115145e-05
C5_2022,C5,2022,ha,"Eutrophication, marine",Pt,0.7027972028,0.0,0.0,,,,0.010586454,0.008716038,0.009537278,1 kg herbicide active substance,1 kg fungicide active substance,1 kg insecticide active substance,herbicide,fungicide,pesticide_insecticide,,,,herbicide_single_score.json,fungicide_single_score.json,pesticide_insecticide_single_score.json,0.007440130258770872,0.0,0.0,0.007440130258770872
C5_2022,C5,2022,ha,"Eutrophication, terrestrial",Pt,0.7027972028,0.0,0.0,,,,0.60443343,0.45373077,0.50045004,1 kg herbicide active substance,1 kg fungicide active substance,1 kg insecticide active substance,herbicide,fungicide,pesticide_insecticide,,,,herbicide_single_score.json,fungicide_single_score.json,pesticide_insecticide_single_score.json,0.4247941238828096,0.0,0.0,0.4247941238828096
C5_2022,C5,2022,ha,"Human toxicity, cancer",Pt,0.7027972028,0.0,0.0,,,,5.3791999999999995e-15,5.9696e-15,4.6166e-15,1 kg herbicide active substance,1 kg fungicide active substance,1 kg insecticide active substance,herbicide,fungicide,pesticide_insecticide,,,,herbicide_single_score.json,fungicide_single_score.json,pesticide_insecticide_single_score.json,3.78048671330176e-15,0.0,0.0,3.78048671330176e-15
C5_2022,C5,2022,ha,"Human toxicity, cancer - inorganics",Pt,0.7027972028,0.0,0.0,,,,0.0,0.0,0.0,1 kg herbicide active substance,1 kg fungicide active substance,1 kg insecticide active substance,herbicide,fungicide,pesticide_insecticide,,,,herbicide_single_score.json,fungicide_single_score.json,pesticide_insecticide_single_score.json,0.0,0.0,0.0,0.0
C5_2022,C5,2022,ha,"Human toxicity, cancer - metals",Pt,0.7027972028,0.0,0.0,,,,0.0,0.0,0.0,1 kg herbicide active substance,1 kg fungicide active substance,1 kg insecticide active substance,herbicide,fungicide,pesticide_insecticide,,,,herbicide_single_score.json,fungicide_single_score.json,pesticide_insecticide_single_score.json,0.0,0.0,0.0,0.0
C5_2022,C5,2022,ha,"Human toxicity, cancer - organics",Pt,0.7027972028,0.0,0.0,,,,0.0,0.0,0.0,1 kg herbicide active substance,1 kg fungicide active substance,1 kg insecticide active substance,herbicide,fungicide,pesticide_insecticide,,,,herbicide_single_score.json,fungicide_single_score.json,pesticide_insecticide_single_score.json,0.0,0.0,0.0,0.0
C5_2022,C5,2022,ha,"Human toxicity, non-cancer",Pt,0.7027972028,0.0,0.0,,,,7.236719999999999e-12,3.766066e-12,1.5654213999999998e-09,1 kg herbicide active substance,1 kg fungicide active substance,1 kg insecticide active substance,herbicide,fungicide,pesticide_insecticide,,,,herbicide_single_score.json,fungicide_single_score.json,pesticide_insecticide_single_score.json,5.0859465734468155e-12,0.0,0.0,5.0859465734468155e-12
C5_2022,C5,2022,ha,"Human toxicity, non-cancer - inorganics",Pt,0.7027972028,0.0,0.0,,,,0.0,0.0,0.0,1 kg herbicide active substance,1 kg fungicide active substance,1 kg insecticide active substance,herbicide,fungicide,pesticide_insecticide,,,,herbicide_single_score.json,fungicide_single_score.json,pesticide_insecticide_single_score.json,0.0,0.0,0.0,0.0
C5_2022,C5,2022,ha,"Human toxicity, non-cancer - metals",Pt,0.7027972028,0.0,0.0,,,,0.0,0.0,0.0,1 kg herbicide active substance,1 kg fungicide active substance,1 kg insecticide active substance,herbicide,fungicide,pesticide_insecticide,,,,herbicide_single_score.json,fungicide_single_score.json,pesticide_insecticide_single_score.json,0.0,0.0,0.0,0.0
C5_2022,C5,2022,ha,"Human toxicity, non-cancer - organics",Pt,0.7027972028,0.0,0.0,,,,0.0,0.0,0.0,1 kg herbicide active substance,1 kg fungicide active substance,1 kg insecticide active substance,herbicide,fungicide,pesticide_insecticide,,,,herbicide_single_score.json,fungicide_single_score.json,pesticide_insecticide_single_score.json,0.0,0.0,0.0,0.0
C5_2022,C5,2022,ha,Ionising radiation,Pt,0.7027972028,0.0,0.0,,,,837.086585,620.0116840000001,711.710174,1 kg herbicide active substance,1 kg fungicide active substance,1 kg insecticide active substance,herbicide,fungicide,pesticide_insecticide,,,,herbicide_single_score.json,fungicide_single_score.json,pesticide_insecticide_single_score.json,588.3021104394045,0.0,0.0,588.3021104394045
C5_2022,C5,2022,ha,Land use,Pt,0.7027972028,0.0,0.0,,,,10351420.44,9671351.19,10419696.54,1 kg herbicide active substance,1 kg fungicide active substance,1 kg insecticide active substance,herbicide,fungicide,pesticide_insecticide,,,,herbicide_single_score.json,fungicide_single_score.json,pesticide_insecticide_single_score.json,7274949.330238745,0.0,0.0,7274949.330238745
C5_2022,C5,2022,ha,Ozone depletion,Pt,0.7027972028,0.0,0.0,,,,2.1756e-09,1.40008e-09,1.4799999999999999e-09,1 kg herbicide active substance,1 kg fungicide active substance,1 kg insecticide active substance,herbicide,fungicide,pesticide_insecticide,,,,herbicide_single_score.json,fungicide_single_score.json,pesticide_insecticide_single_score.json,1.52900559441168e-09,0.0,0.0,1.52900559441168e-09
C5_2022,C5,2022,ha,Particulate matter,Pt,0.7027972028,0.0,0.0,,,,1.7361e-11,1.44032e-11,1.54963e-11,1 kg herbicide active substance,1 kg fungicide active substance,1 kg insecticide active substance,herbicide,fungicide,pesticide_insecticide,,,,herbicide_single_score.json,fungicide_single_score.json,pesticide_insecticide_single_score.json,1.2201262237810801e-11,0.0,0.0,1.2201262237810801e-11
C5_2022,C5,2022,ha,Photochemical ozone formation,Pt,0.7027972028,0.0,0.0,,,,0.0482284,0.03470854,0.038507059999999996,1 kg herbicide active substance,1 kg fungicide active substance,1 kg insecticide active substance,herbicide,fungicide,pesticide_insecticide,,,,herbicide_single_score.json,fungicide_single_score.json,pesticide_insecticide_single_score.json,0.03389478461551952,0.0,0.0,0.03389478461551952
C5_2022,C5,2022,ha,"Resource use, fossils",Pt,0.7027972028,0.0,0.0,,,,1337963.403,941010.855,1030841.5170000001,1 kg herbicide active substance,1 kg fungicide active substance,1 kg insecticide active substance,herbicide,fungicide,pesticide_insecticide,,,,herbicide_single_score.json,fungicide_single_score.json,pesticide_insecticide_single_score.json,940316.9370771691,0.0,0.0,940316.9370771691
C5_2022,C5,2022,ha,"Resource use, minerals and metals",Pt,0.7027972028,0.0,0.0,,,,2.9472e-07,2.208e-07,2.5343999999999997e-07,1 kg herbicide active substance,1 kg fungicide active substance,1 kg insecticide active substance,herbicide,fungicide,pesticide_insecticide,,,,herbicide_single_score.json,fungicide_single_score.json,pesticide_insecticide_single_score.json,2.07128391609216e-07,0.0,0.0,2.07128391609216e-07
C5_2022,C5,2022,ha,Total,Pt,0.7027972028,0.0,0.0,,,,13176815.469822299,14456166.866849951,540489472.3400254,1 kg herbicide active substance,1 kg fungicide active substance,1 kg insecticide active substance,herbicide,fungicide,pesticide_insecticide,,,,herbicide_single_score.json,fungicide_single_score.json,pesticide_insecticide_single_score.json,9260629.05400288,0.0,0.0,9260629.05400288
C5_2022,C5,2022,ha,Water use,Pt,0.7027972028,0.0,0.0,,,,1884.394864,1440.918633,1631.081551,1 kg herbicide active substance,1 kg fungicide active substance,1 kg insecticide active substance,herbicide,fungicide,pesticide_insecticide,,,,herbicide_single_score.json,fungicide_single_score.json,pesticide_insecticide_single_score.json,1324.3474393898866,0.0,0.0,1324.3474393898866
C5_2023,C5,2023,ha,Acidification,Pt,1.248510158,0.0,0.0,,,,0.17838808,0.13245375999999998,0.14868711999999998,1 kg herbicide active substance,1 kg fungicide active substance,1 kg insecticide active substance,herbicide,fungicide,pesticide_insecticide,,,,herbicide_single_score.json,fungicide_single_score.json,pesticide_insecticide_single_score.json,0.22271932994611665,0.0,0.0,0.22271932994611665
C5_2023,C5,2023,ha,Climate change,Pt,1.248510158,0.0,0.0,,,,24201.564,16691.588519999998,18147.4914,1 kg herbicide active substance,1 kg fungicide active substance,1 kg insecticide active substance,herbicide,fungicide,pesticide_insecticide,,,,herbicide_single_score.json,fungicide_single_score.json,pesticide_insecticide_single_score.json,30215.89849348711,0.0,0.0,30215.89849348711
C5_2023,C5,2023,ha,Climate change - Biogenic,Pt,1.248510158,0.0,0.0,,,,0.0,0.0,0.0,1 kg herbicide active substance,1 kg fungicide active substance,1 kg insecticide active substance,herbicide,fungicide,pesticide_insecticide,,,,herbicide_single_score.json,fungicide_single_score.json,pesticide_insecticide_single_score.json,0.0,0.0,0.0,0.0
C5_2023,C5,2023,ha,Climate change - Fossil,Pt,1.248510158,0.0,0.0,,,,0.0,0.0,0.0,1 kg herbicide active substance,1 kg fungicide active substance,1 kg insecticide active substance,herbicide,fungicide,pesticide_insecticide,,,,herbicide_single_score.json,fungicide_single_score.json,pesticide_insecticide_single_score.json,0.0,0.0,0.0,0.0
C5_2023,C5,2023,ha,Climate change - Land use and LU change,Pt,1.248510158,0.0,0.0,,,,0.0,0.0,0.0,1 kg herbicide active substance,1 kg fungicide active substance,1 kg insecticide active substance,herbicide,fungicide,pesticide_insecticide,,,,herbicide_single_score.json,fungicide_single_score.json,pesticide_insecticide_single_score.json,0.0,0.0,0.0,0.0
C5_2023,C5,2023,ha,"Ecotoxicity, freshwater",Pt,1.248510158,0.0,0.0,,,,1460507.7396,3825051.6733000004,529018443.3026,1 kg herbicide active substance,1 kg fungicide active substance,1 kg insecticide active substance,herbicide,fungicide,pesticide_insecticide,,,,herbicide_single_score.json,fungicide_single_score.json,pesticide_insecticide_single_score.json,1823458.7487282187,0.0,0.0,1823458.7487282187
C5_2023,C5,2023,ha,"Ecotoxicity, freshwater - inorganics",Pt,1.248510158,0.0,0.0,,,,0.0,0.0,0.0,1 kg herbicide active substance,1 kg fungicide active substance,1 kg insecticide active substance,herbicide,fungicide,pesticide_insecticide,,,,herbicide_single_score.json,fungicide_single_score.json,pesticide_insecticide_single_score.json,0.0,0.0,0.0,0.0
C5_2023,C5,2023,ha,"Ecotoxicity, freshwater - metals",Pt,1.248510158,0.0,0.0,,,,0.0,0.0,0.0,1 kg herbicide active substance,1 kg fungicide active substance,1 kg insecticide active substance,herbicide,fungicide,pesticide_insecticide,,,,herbicide_single_score.json,fungicide_single_score.json,pesticide_insecticide_single_score.json,0.0,0.0,0.0,0.0
C5_2023,C5,2023,ha,"Ecotoxicity, freshwater - organics",Pt,1.248510158,0.0,0.0,,,,0.0,0.0,0.0,1 kg herbicide active substance,1 kg fungicide active substance,1 kg insecticide active substance,herbicide,fungicide,pesticide_insecticide,,,,herbicide_single_score.json,fungicide_single_score.json,pesticide_insecticide_single_score.json,0.0,0.0,0.0,0.0
C5_2023,C5,2023,ha,"Eutrophication, freshwater",Pt,1.248510158,0.0,0.0,,,,0.0001366398,0.000103618,0.000118759,1 kg herbicide active substance,1 kg fungicide active substance,1 kg insecticide active substance,herbicide,fungicide,pesticide_insecticide,,,,herbicide_single_score.json,fungicide_single_score.json,pesticide_insecticide_single_score.json,0.0001705961782870884,0.0,0.0,0.0001705961782870884
C5_2023,C5,2023,ha,"Eutrophication, marine",Pt,1.248510158,0.0,0.0,,,,0.010586454,0.008716038,0.009537278,1 kg herbicide active substance,1 kg fungicide active substance,1 kg insecticide active substance,herbicide,fungicide,pesticide_insecticide,,,,herbicide_single_score.json,fungicide_single_score.json,pesticide_insecticide_single_score.json,0.013217295356199732,0.0,0.0,0.013217295356199732
C5_2023,C5,2023,ha,"Eutrophication, terrestrial",Pt,1.248510158,0.0,0.0,,,,0.60443343,0.45373077,0.50045004,1 kg herbicide active substance,1 kg fungicide active substance,1 kg insecticide active substance,herbicide,fungicide,pesticide_insecticide,,,,herbicide_single_score.json,fungicide_single_score.json,pesticide_insecticide_single_score.json,0.754641277189782,0.0,0.0,0.754641277189782
C5_2023,C5,2023,ha,"Human toxicity, cancer",Pt,1.248510158,0.0,0.0,,,,5.3791999999999995e-15,5.9696e-15,4.6166e-15,1 kg herbicide active substance,1 kg fungicide active substance,1 kg insecticide active substance,herbicide,fungicide,pesticide_insecticide,,,,herbicide_single_score.json,fungicide_single_score.json,pesticide_insecticide_single_score.json,6.7159858419135995e-15,0.0,0.0,6.7159858419135995e-15
C5_2023,C5,2023,ha,"Human toxicity, cancer - inorganics",Pt,1.248510158,0.0,0.0,,,,0.0,0.0,0.0,1 kg herbicide active substance,1 kg fungicide active substance,1 kg insecticide active substance,herbicide,fungicide,pesticide_insecticide,,,,herbicide_single_score.json,fungicide_single_score.json,pesticide_insecticide_single_score.json,0.0,0.0,0.0,0.0
C5_2023,C5,2023,ha,"Human toxicity, cancer - metals",Pt,1.248510158,0.0,0.0,,,,0.0,0.0,0.0,1 kg herbicide active substance,1 kg fungicide active substance,1 kg insecticide active substance,herbicide,fungicide,pesticide_insecticide,,,,herbicide_single_score.json,fungicide_single_score.json,pesticide_insecticide_single_score.json,0.0,0.0,0.0,0.0
C5_2023,C5,2023,ha,"Human toxicity, cancer - organics",Pt,1.248510158,0.0,0.0,,,,0.0,0.0,0.0,1 kg herbicide active substance,1 kg fungicide active substance,1 kg insecticide active substance,herbicide,fungicide,pesticide_insecticide,,,,herbicide_single_score.json,fungicide_single_score.json,pesticide_insecticide_single_score.json,0.0,0.0,0.0,0.0
C5_2023,C5,2023,ha,"Human toxicity, non-cancer",Pt,1.248510158,0.0,0.0,,,,7.236719999999999e-12,3.766066e-12,1.5654213999999998e-09,1 kg herbicide active substance,1 kg fungicide active substance,1 kg insecticide active substance,herbicide,fungicide,pesticide_insecticide,,,,herbicide_single_score.json,fungicide_single_score.json,pesticide_insecticide_single_score.json,9.035118430601758e-12,0.0,0.0,9.035118430601758e-12
C5_2023,C5,2023,ha,"Human toxicity, non-cancer - inorganics",Pt,1.248510158,0.0,0.0,,,,0.0,0.0,0.0,1 kg herbicide active substance,1 kg fungicide active substance,1 kg insecticide active substance,herbicide,fungicide,pesticide_insecticide,,,,herbicide_single_score.json,fungicide_single_score.json,pesticide_insecticide_single_score.json,0.0,0.0,0.0,0.0
C5_2023,C5,2023,ha,"Human toxicity, non-cancer - metals",Pt,1.248510158,0.0,0.0,,,,0.0,0.0,0.0,1 kg herbicide active substance,1 kg fungicide active substance,1 kg insecticide active substance,herbicide,fungicide,pesticide_insecticide,,,,herbicide_single_score.json,fungicide_single_score.json,pesticide_insecticide_single_score.json,0.0,0.0,0.0,0.0
C5_2023,C5,2023,ha,"Human toxicity, non-cancer - organics",Pt,1.248510158,0.0,0.0,,,,0.0,0.0,0.0,1 kg herbicide active substance,1 kg fungicide active substance,1 kg insecticide active substance,herbicide,fungicide,pesticide_insecticide,,,,herbicide_single_score.json,fungicide_single_score.json,pesticide_insecticide_single_score.json,0.0,0.0,0.0,0.0
C5_2023,C5,2023,ha,Ionising radiation,Pt,1.248510158,0.0,0.0,,,,837.086585,620.0116840000001,711.710174,1 kg herbicide active substance,1 kg fungicide active substance,1 kg insecticide active substance,herbicide,fungicide,pesticide_insecticide,,,,herbicide_single_score.json,fungicide_single_score.json,pesticide_insecticide_single_score.json,1045.1111044980305,0.0,0.0,1045.1111044980305
C5_2023,C5,2023,ha,Land use,Pt,1.248510158,0.0,0.0,,,,10351420.44,9671351.19,10419696.54,1 kg herbicide active substance,1 kg fungicide active substance,1 kg insecticide active substance,herbicide,fungicide,pesticide_insecticide,,,,herbicide_single_score.json,fungicide_single_score.json,pesticide_insecticide_single_score.json,12923853.569068829,0.0,0.0,12923853.569068829
C5_2023,C5,2023,ha,Ozone depletion,Pt,1.248510158,0.0,0.0,,,,2.1756e-09,1.40008e-09,1.4799999999999999e-09,1 kg herbicide active substance,1 kg fungicide active substance,1 kg insecticide active substance,herbicide,fungicide,pesticide_insecticide,,,,herbicide_single_score.json,fungicide_single_score.json,pesticide_insecticide_single_score.json,2.7162586997447998e-09,0.0,0.0,2.7162586997447998e-09
C5_2023,C5,2023,ha,Particulate matter,Pt,1.248510158,0.0,0.0,,,,1.7361e-11,1.44032e-11,1.54963e-11,1 kg herbicide active substance,1 kg fungicide active substance,1 kg insecticide active substance,herbicide,fungicide,pesticide_insecticide,,,,herbicide_single_score.json,fungicide_single_score.json,pesticide_insecticide_single_score.json,2.1675384853038e-11,0.0,0.0,2.1675384853038e-11
C5_2023,C5,2023,ha,Photochemical ozone formation,Pt,1.248510158,0.0,0.0,,,,0.0482284,0.03470854,0.038507059999999996,1 kg herbicide active substance,1 kg fungicide active substance,1 kg insecticide active substance,herbicide,fungicide,pesticide_insecticide,,,,herbicide_single_score.json,fungicide_single_score.json,pesticide_insecticide_single_score.json,0.060213647304087195,0.0,0.0,0.060213647304087195
C5_2023,C5,2023,ha,"Resource use, fossils",Pt,1.248510158,0.0,0.0,,,,1337963.403,941010.855,1030841.5170000001,1 kg herbicide active substance,1 kg fungicide active substance,1 kg insecticide active substance,herbicide,fungicide,pesticide_insecticide,,,,herbicide_single_score.json,fungicide_single_score.json,pesticide_insecticide_single_score.json,1670460.8996777476,0.0,0.0,1670460.8996777476
C5_2023,C5,2023,ha,"Resource use, minerals and metals",Pt,1.248510158,0.0,0.0,,,,2.9472e-07,2.208e-07,2.5343999999999997e-07,1 kg herbicide active substance,1 kg fungicide active substance,1 kg insecticide active substance,herbicide,fungicide,pesticide_insecticide,,,,herbicide_single_score.json,fungicide_single_score.json,pesticide_insecticide_single_score.json,3.6796091376576e-07,0.0,0.0,3.6796091376576e-07
C5_2023,C5,2023,ha,Total,Pt,1.248510158,0.0,0.0,,,,13176815.469822299,14456166.866849951,540489472.3400254,1 kg herbicide active substance,1 kg fungicide active substance,1 kg insecticide active substance,herbicide,fungicide,pesticide_insecticide,,,,herbicide_single_score.json,fungicide_single_score.json,pesticide_insecticide_single_score.json,16451387.964164682,0.0,0.0,16451387.964164682
C5_2023,C5,2023,ha,Water use,Pt,1.248510158,0.0,0.0,,,,1884.394864,1440.918633,1631.081551,1 kg herbicide active substance,1 kg fungicide active substance,1 kg insecticide active substance,herbicide,fungicide,pesticide_insecticide,,,,herbicide_single_score.json,fungicide_single_score.json,pesticide_insecticide_single_score.json,2352.686129387029,0.0,0.0,2352.686129387029
C5_2024,C5,2024,ha,Acidification,Pt,1.9881376975,0.0,0.0,,,,0.17838808,0.13245375999999998,0.14868711999999998,1 kg herbicide active substance,1 kg fungicide active substance,1 kg insecticide active substance,herbicide,fungicide,pesticide_insecticide,,,,herbicide_single_score.json,fungicide_single_score.json,pesticide_insecticide_single_score.json,0.3546600666326458,0.0,0.0,0.3546600666326458
C5_2024,C5,2024,ha,Climate change,Pt,1.9881376975,0.0,0.0,,,,24201.564,16691.588519999998,18147.4914,1 kg herbicide active substance,1 kg fungicide active substance,1 kg insecticide active substance,herbicide,fungicide,pesticide_insecticide,,,,herbicide_single_score.json,fungicide_single_score.json,pesticide_insecticide_single_score.json,48116.041726858886,0.0,0.0,48116.041726858886
C5_2024,C5,2024,ha,Climate change - Biogenic,Pt,1.9881376975,0.0,0.0,,,,0.0,0.0,0.0,1 kg herbicide active substance,1 kg fungicide active substance,1 kg insecticide active substance,herbicide,fungicide,pesticide_insecticide,,,,herbicide_single_score.json,fungicide_single_score.json,pesticide_insecticide_single_score.json,0.0,0.0,0.0,0.0
C5_2024,C5,2024,ha,Climate change - Fossil,Pt,1.9881376975,0.0,0.0,,,,0.0,0.0,0.0,1 kg herbicide active substance,1 kg fungicide active substance,1 kg insecticide active substance,herbicide,fungicide,pesticide_insecticide,,,,herbicide_single_score.json,fungicide_single_score.json,pesticide_insecticide_single_score.json,0.0,0.0,0.0,0.0
C5_2024,C5,2024,ha,Climate change - Land use and LU change,Pt,1.9881376975,0.0,0.0,,,,0.0,0.0,0.0,1 kg herbicide active substance,1 kg fungicide active substance,1 kg insecticide active substance,herbicide,fungicide,pesticide_insecticide,,,,herbicide_single_score.json,fungicide_single_score.json,pesticide_insecticide_single_score.json,0.0,0.0,0.0,0.0
C5_2024,C5,2024,ha,"Ecotoxicity, freshwater",Pt,1.9881376975,0.0,0.0,,,,1460507.7396,3825051.6733000004,529018443.3026,1 kg herbicide active substance,1 kg fungicide active substance,1 kg insecticide active substance,herbicide,fungicide,pesticide_insecticide,,,,herbicide_single_score.json,fungicide_single_score.json,pesticide_insecticide_single_score.json,2903690.4945892734,0.0,0.0,2903690.4945892734
C5_2024,C5,2024,ha,"Ecotoxicity, freshwater - inorganics",Pt,1.9881376975,0.0,0.0,,,,0.0,0.0,0.0,1 kg herbicide active substance,1 kg fungicide active substance,1 kg insecticide active substance,herbicide,fungicide,pesticide_insecticide,,,,herbicide_single_score.json,fungicide_single_score.json,pesticide_insecticide_single_score.json,0.0,0.0,0.0,0.0
C5_2024,C5,2024,ha,"Ecotoxicity, freshwater - metals",Pt,1.9881376975,0.0,0.0,,,,0.0,0.0,0.0,1 kg herbicide active substance,1 kg fungicide active substance,1 kg insecticide active substance,herbicide,fungicide,pesticide_insecticide,,,,herbicide_single_score.json,fungicide_single_score.json,pesticide_insecticide_single_score.json,0.0,0.0,0.0,0.0
C5_2024,C5,2024,ha,"Ecotoxicity, freshwater - organics",Pt,1.9881376975,0.0,0.0,,,,0.0,0.0,0.0,1 kg herbicide active substance,1 kg fungicide active substance,1 kg insecticide active substance,herbicide,fungicide,pesticide_insecticide,,,,herbicide_single_score.json,fungicide_single_score.json,pesticide_insecticide_single_score.json,0.0,0.0,0.0,0.0
C5_2024,C5,2024,ha,"Eutrophication, freshwater",Pt,1.9881376975,0.0,0.0,,,,0.0001366398,0.000103618,0.000118759,1 kg herbicide active substance,1 kg fungicide active substance,1 kg insecticide active substance,herbicide,fungicide,pesticide_insecticide,,,,herbicide_single_score.json,fungicide_single_score.json,pesticide_insecticide_single_score.json,0.00027165873735886053,0.0,0.0,0.00027165873735886053
C5_2024,C5,2024,ha,"Eutrophication, marine",Pt,1.9881376975,0.0,0.0,,,,0.010586454,0.008716038,0.009537278,1 kg herbicide active substance,1 kg fungicide active substance,1 kg insecticide active substance,herbicide,fungicide,pesticide_insecticide,,,,herbicide_single_score.json,fungicide_single_score.json,pesticide_insecticide_single_score.json,0.021047328280249664,0.0,0.0,0.021047328280249664
C5_2024,C5,2024,ha,"Eutrophication, terrestrial",Pt,1.9881376975,0.0,0.0,,,,0.60443343,0.45373077,0.50045004,1 kg herbicide active substance,1 kg fungicide active substance,1 kg insecticide active substance,herbicide,fungicide,pesticide_insecticide,,,,herbicide_single_score.json,fungicide_single_score.json,pesticide_insecticide_single_score.json,1.2016968878122276,0.0,0.0,1.2016968878122276
C5_2024,C5,2024,ha,"Human toxicity, cancer",Pt,1.9881376975,0.0,0.0,,,,5.3791999999999995e-15,5.9696e-15,4.6166e-15,1 kg herbicide active substance,1 kg fungicide active substance,1 kg insecticide active substance,herbicide,fungicide,pesticide_insecticide,,,,herbicide_single_score.json,fungicide_single_score.json,pesticide_insecticide_single_score.json,1.0694590302392e-14,0.0,0.0,1.0694590302392e-14
C5_2024,C5,2024,ha,"Human toxicity, cancer - inorganics",Pt,1.9881376975,0.0,0.0,,,,0.0,0.0,0.0,1 kg herbicide active substance,1 kg fungicide active substance,1 kg insecticide active substance,herbicide,fungicide,pesticide_insecticide,,,,herbicide_single_score.json,fungicide_single_score.json,pesticide_insecticide_single_score.json,0.0,0.0,0.0,0.0
C5_2024,C5,2024,ha,"Human toxicity, cancer - metals",Pt,1.9881376975,0.0,0.0,,,,0.0,0.0,0.0,1 kg herbicide active substance,1 kg fungicide active substance,1 kg insecticide active substance,herbicide,fungicide,pesticide_insecticide,,,,herbicide_single_score.json,fungicide_single_score.json,pesticide_insecticide_single_score.json,0.0,0.0,0.0,0.0
C5_2024,C5,2024,ha,"Human toxicity, cancer - organics",Pt,1.9881376975,0.0,0.0,,,,0.0,0.0,0.0,1 kg herbicide active substance,1 kg fungicide active substance,1 kg insecticide active substance,herbicide,fungicide,pesticide_insecticide,,,,herbicide_single_score.json,fungicide_single_score.json,pesticide_insecticide_single_score.json,0.0,0.0,0.0,0.0
C5_2024,C5,2024,ha,"Human toxicity, non-cancer",Pt,1.9881376975,0.0,0.0,,,,7.236719999999999e-12,3.766066e-12,1.5654213999999998e-09,1 kg herbicide active substance,1 kg fungicide active substance,1 kg insecticide active substance,herbicide,fungicide,pesticide_insecticide,,,,herbicide_single_score.json,fungicide_single_score.json,pesticide_insecticide_single_score.json,1.4387595838252198e-11,0.0,0.0,1.4387595838252198e-11
C5_2024,C5,2024,ha,"Human toxicity, non-cancer - inorganics",Pt,1.9881376975,0.0,0.0,,,,0.0,0.0,0.0,1 kg herbicide active substance,1 kg fungicide active substance,1 kg insecticide active substance,herbicide,fungicide,pesticide_insecticide,,,,herbicide_single_score.json,fungicide_single_score.json,pesticide_insecticide_single_score.json,0.0,0.0,0.0,0.0
C5_2024,C5,2024,ha,"Human toxicity, non-cancer - metals",Pt,1.9881376975,0.0,0.0,,,,0.0,0.0,0.0,1 kg herbicide active substance,1 kg fungicide active substance,1 kg insecticide active substance,herbicide,fungicide,pesticide_insecticide,,,,herbicide_single_score.json,fungicide_single_score.json,pesticide_insecticide_single_score.json,0.0,0.0,0.0,0.0
C5_2024,C5,2024,ha,"Human toxicity, non-cancer - organics",Pt,1.9881376975,0.0,0.0,,,,0.0,0.0,0.0,1 kg herbicide active substance,1 kg fungicide active substance,1 kg insecticide active substance,herbicide,fungicide,pesticide_insecticide,,,,herbicide_single_score.json,fungicide_single_score.json,pesticide_insecticide_single_score.json,0.0,0.0,0.0,0.0
C5_2024,C5,2024,ha,Ionising radiation,Pt,1.9881376975,0.0,0.0,,,,837.086585,620.0116840000001,711.710174,1 kg herbicide active substance,1 kg fungicide active substance,1 kg insecticide active substance,herbicide,fungicide,pesticide_insecticide,,,,herbicide_single_score.json,fungicide_single_score.json,pesticide_insecticide_single_score.json,1664.2433957100382,0.0,0.0,1664.2433957100382
C5_2024,C5,2024,ha,Land use,Pt,1.9881376975,0.0,0.0,,,,10351420.44,9671351.19,10419696.54,1 kg herbicide active substance,1 kg fungicide active substance,1 kg insecticide active substance,herbicide,fungicide,pesticide_insecticide,,,,herbicide_single_score.json,fungicide_single_score.json,pesticide_insecticide_single_score.json,20580049.199436035,0.0,0.0,20580049.199436035
C5_2024,C5,2024,ha,Ozone depletion,Pt,1.9881376975,0.0,0.0,,,,2.1756e-09,1.40008e-09,1.4799999999999999e-09,1 kg herbicide active substance,1 kg fungicide active substance,1 kg insecticide active substance,herbicide,fungicide,pesticide_insecticide,,,,herbicide_single_score.json,fungicide_single_score.json,pesticide_insecticide_single_score.json,4.325392374681e-09,0.0,0.0,4.325392374681e-09
C5_2024,C5,2024,ha,Particulate matter,Pt,1.9881376975,0.0,0.0,,,,1.7361e-11,1.44032e-11,1.54963e-11,1 kg herbicide active substance,1 kg fungicide active substance,1 kg insecticide active substance,herbicide,fungicide,pesticide_insecticide,,,,herbicide_single_score.json,fungicide_single_score.json,pesticide_insecticide_single_score.json,3.45160585662975e-11,0.0,0.0,3.45160585662975e-11
C5_2024,C5,2024,ha,Photochemical ozone formation,Pt,1.9881376975,0.0,0.0,,,,0.0482284,0.03470854,0.038507059999999996,1 kg herbicide active substance,1 kg fungicide active substance,1 kg insecticide active substance,herbicide,fungicide,pesticide_insecticide,,,,herbicide_single_score.json,fungicide_single_score.json,pesticide_insecticide_single_score.json,0.095884700130109,0.0,0.0,0.095884700130109
C5_2024,C5,2024,ha,"Resource use, fossils",Pt,1.9881376975,0.0,0.0,,,,1337963.403,941010.855,1030841.5170000001,1 kg herbicide active substance,1 kg fungicide active substance,1 kg insecticide active substance,herbicide,fungicide,pesticide_insecticide,,,,herbicide_single_score.json,fungicide_single_score.json,pesticide_insecticide_single_score.json,2660055.4793796847,0.0,0.0,2660055.4793796847
C5_2024,C5,2024,ha,"Resource use, minerals and metals",Pt,1.9881376975,0.0,0.0,,,,2.9472e-07,2.208e-07,2.5343999999999997e-07,1 kg herbicide active substance,1 kg fungicide active substance,1 kg insecticide active substance,herbicide,fungicide,pesticide_insecticide,,,,herbicide_single_score.json,fungicide_single_score.json,pesticide_insecticide_single_score.json,5.859439422072e-07,0.0,0.0,5.859439422072e-07
C5_2024,C5,2024,ha,Total,Pt,1.9881376975,0.0,0.0,,,,13176815.469822299,14456166.866849951,540489472.3400254,1 kg herbicide active substance,1 kg fungicide active substance,1 kg insecticide active substance,herbicide,fungicide,pesticide_insecticide,,,,herbicide_single_score.json,fungicide_single_score.json,pesticide_insecticide_single_score.json,26197323.568554886,0.0,0.0,26197323.568554886
C5_2024,C5,2024,ha,Water use,Pt,1.9881376975,0.0,0.0,,,,1884.394864,1440.918633,1631.081551,1 kg herbicide active substance,1 kg fungicide active substance,1 kg insecticide active substance,herbicide,fungicide,pesticide_insecticide,,,,herbicide_single_score.json,fungicide_single_score.json,pesticide_insecticide_single_score.json,3746.436466093786,0.0,0.0,3746.436466093786
C6_2022,C6,2022,ha,Acidification,Pt,0.9972602927,0.0,0.0341403365,,,,0.17838808,0.13245375999999998,0.14868711999999998,1 kg herbicide active substance,1 kg fungicide active substance,1 kg insecticide active substance,herbicide,fungicide,pesticide_insecticide,,,,herbicide_single_score.json,fungicide_single_score.json,pesticide_insecticide_single_score.json,0.17789934887499104,0.0,0.00507622831001588,0.18297557718500693
C6_2022,C6,2022,ha,Climate change,Pt,0.9972602927,0.0,0.0341403365,,,,24201.564,16691.588519999998,18147.4914,1 kg herbicide active substance,1 kg fungicide active substance,1 kg insecticide active substance,herbicide,fungicide,pesticide_insecticide,,,,herbicide_single_score.json,fungicide_single_score.json,pesticide_insecticide_single_score.json,24135.258798437782,0.0,619.561463026856,24754.82026146464
C6_2022,C6,2022,ha,Climate change - Biogenic,Pt,0.9972602927,0.0,0.0341403365,,,,0.0,0.0,0.0,1 kg herbicide active substance,1 kg fungicide active substance,1 kg insecticide active substance,herbicide,fungicide,pesticide_insecticide,,,,herbicide_single_score.json,fungicide_single_score.json,pesticide_insecticide_single_score.json,0.0,0.0,0.0,0.0
C6_2022,C6,2022,ha,Climate change - Fossil,Pt,0.9972602927,0.0,0.0341403365,,,,0.0,0.0,0.0,1 kg herbicide active substance,1 kg fungicide active substance,1 kg insecticide active substance,herbicide,fungicide,pesticide_insecticide,,,,herbicide_single_score.json,fungicide_single_score.json,pesticide_insecticide_single_score.json,0.0,0.0,0.0,0.0
C6_2022,C6,2022,ha,Climate change - Land use and LU change,Pt,0.9972602927,0.0,0.0341403365,,,,0.0,0.0,0.0,1 kg herbicide active substance,1 kg fungicide active substance,1 kg insecticide active substance,herbicide,fungicide,pesticide_insecticide,,,,herbicide_single_score.json,fungicide_single_score.json,pesticide_insecticide_single_score.json,0.0,0.0,0.0,0.0
C6_2022,C6,2022,ha,"Ecotoxicity, freshwater",Pt,0.9972602927,0.0,0.0341403365,,,,1460507.7396,3825051.6733000004,529018443.3026,1 kg herbicide active substance,1 kg fungicide active substance,1 kg insecticide active substance,herbicide,fungicide,pesticide_insecticide,,,,herbicide_single_score.json,fungicide_single_score.json,pesticide_insecticide_single_score.json,1456506.3758841115,0.0,18060867.669056937,19517374.04494105
C6_2022,C6,2022,ha,"Ecotoxicity, freshwater - inorganics",Pt,0.9972602927,0.0,0.0341403365,,,,0.0,0.0,0.0,1 kg herbicide active substance,1 kg fungicide active substance,1 kg insecticide active substance,herbicide,fungicide,pesticide_insecticide,,,,herbicide_single_score.json,fungicide_single_score.json,pesticide_insecticide_single_score.json,0.0,0.0,0.0,0.0
C6_2022,C6,2022,ha,"Ecotoxicity, freshwater - metals",Pt,0.9972602927,0.0,0.0341403365,,,,0.0,0.0,0.0,1 kg herbicide active substance,1 kg fungicide active substance,1 kg insecticide active substance,herbicide,fungicide,pesticide_insecticide,,,,herbicide_single_score.json,fungicide_single_score.json,pesticide_insecticide_single_score.json,0.0,0.0,0.0,0.0
C6_2022,C6,2022,ha,"Ecotoxicity, freshwater - organics",Pt,0.9972602927,0.0,0.0341403365,,,,0.0,0.0,0.0,1 kg herbicide active substance,1 kg fungicide active substance,1 kg insecticide active substance,herbicide,fungicide,pesticide_insecticide,,,,herbicide_single_score.json,fungicide_single_score.json,pesticide_insecticide_single_score.json,0.0,0.0,0.0,0.0
C6_2022,C6,2022,ha,"Eutrophication, freshwater",Pt,0.9972602927,0.0,0.0341403365,,,,0.0001366398,0.000103618,0.000118759,1 kg herbicide active substance,1 kg fungicide active substance,1 kg insecticide active substance,herbicide,fungicide,pesticide_insecticide,,,,herbicide_single_score.json,fungicide_single_score.json,pesticide_insecticide_single_score.json,0.00013626544694246947,0.0,4.0544722224035e-06,0.00014031991916487298
C6_2022,C6,2022,ha,"Eutrophication, marine",Pt,0.9972602927,0.0,0.0341403365,,,,0.010586454,0.008716038,0.009537278,1 kg herbicide active substance,1 kg fungicide active substance,1 kg insecticide active substance,herbicide,fungicide,pesticide_insecticide,,,,herbicide_single_score.json,fungicide_single_score.json,pesticide_insecticide_single_score.json,0.010557450214695086,0.0,0.00032560588021404696,0.010883056094909133
C6_2022,C6,2022,ha,"Eutrophication, terrestrial",Pt,0.9972602927,0.0,0.0341403365,,,,0.60443343,0.45373077,0.50045004,1 kg herbicide active substance,1 kg fungicide active substance,1 kg insecticide active substance,herbicide,fungicide,pesticide_insecticide,,,,herbicide_single_score.json,fungicide_single_score.json,pesticide_insecticide_single_score.json,0.602777459319465,0.0,0.01708553276703846,0.6198629920865035
C6_2022,C6,2022,ha,"Human toxicity, cancer",Pt,0.9972602927,0.0,0.0341403365,,,,5.3791999999999995e-15,5.9696e-15,4.6166e-15,1 kg herbicide active substance,1 kg fungicide active substance,1 kg insecticide active substance,herbicide,fungicide,pesticide_insecticide,,,,herbicide_single_score.json,fungicide_single_score.json,pesticide_insecticide_single_score.json,5.36446256649184e-15,0.0,1.576122774859e-16,5.52207484397774e-15
C6_2022,C6,2022,ha,"Human toxicity, cancer - inorganics",Pt,0.9972602927,0.0,0.0341403365,,,,0.0,0.0,0.0,1 kg herbicide active substance,1 kg fungicide active substance,1 kg insecticide active substance,herbicide,fungicide,pesticide_insecticide,,,,herbicide_single_score.json,fungicide_single_score.json,pesticide_insecticide_single_score.json,0.0,0.0,0.0,0.0
C6_2022,C6,2022,ha,"Human toxicity, cancer - metals",Pt,0.9972602927,0.0,0.0341403365,,,,0.0,0.0,0.0,1 kg herbicide active substance,1 kg fungicide active substance,1 kg insecticide active substance,herbicide,fungicide,pesticide_insecticide,,,,herbicide_single_score.json,fungicide_single_score.json,pesticide_insecticide_single_score.json,0.0,0.0,0.0,0.0
C6_2022,C6,2022,ha,"Human toxicity, cancer - organics",Pt,0.9972602927,0.0,0.0341403365,,,,0.0,0.0,0.0,1 kg herbicide active substance,1 kg fungicide active substance,1 kg insecticide active substance,herbicide,fungicide,pesticide_insecticide,,,,herbicide_single_score.json,fungicide_single_score.json,pesticide_insecticide_single_score.json,0.0,0.0,0.0,0.0
C6_2022,C6,2022,ha,"Human toxicity, non-cancer",Pt,0.9972602927,0.0,0.0341403365,,,,7.236719999999999e-12,3.766066e-12,1.5654213999999998e-09,1 kg herbicide active substance,1 kg fungicide active substance,1 kg insecticide active substance,herbicide,fungicide,pesticide_insecticide,,,,herbicide_single_score.json,fungicide_single_score.json,pesticide_insecticide_single_score.json,7.216893505387943e-12,0.0,5.344401336030109e-11,6.066090686568903e-11
C6_2022,C6,2022,ha,"Human toxicity, non-cancer - inorganics",Pt,0.9972602927,0.0,0.0341403365,,,,0.0,0.0,0.0,1 kg herbicide active substance,1 kg fungicide active substance,1 kg insecticide active substance,herbicide,fungicide,pesticide_insecticide,,,,herbicide_single_score.json,fungicide_single_score.json,pesticide_insecticide_single_score.json,0.0,0.0,0.0,0.0
C6_2022,C6,2022,ha,"Human toxicity, non-cancer - metals",Pt,0.9972602927,0.0,0.0341403365,,,,0.0,0.0,0.0,1 kg herbicide active substance,1 kg fungicide active substance,1 kg insecticide active substance,herbicide,fungicide,pesticide_insecticide,,,,herbicide_single_score.json,fungicide_single_score.json,pesticide_insecticide_single_score.json,0.0,0.0,0.0,0.0
C6_2022,C6,2022,ha,"Human toxicity, non-cancer - organics",Pt,0.9972602927,0.0,0.0341403365,,,,0.0,0.0,0.0,1 kg herbicide active substance,1 kg fungicide active substance,1 kg insecticide active substance,herbicide,fungicide,pesticide_insecticide,,,,herbicide_single_score.json,fungicide_single_score.json,pesticide_insecticide_single_score.json,0.0,0.0,0.0,0.0
C6_2022,C6,2022,ha,Ionising radiation,Pt,0.9972602927,0.0,0.0341403365,,,,837.086585,620.0116840000001,711.710174,1 kg herbicide active substance,1 kg fungicide active substance,1 kg insecticide active substance,herbicide,fungicide,pesticide_insecticide,,,,herbicide_single_score.json,fungicide_single_score.json,pesticide_insecticide_single_score.json,834.7932127723435,0.0,24.29802483083355,859.0912376031771
C6_2022,C6,2022,ha,Land use,Pt,0.9972602927,0.0,0.0341403365,,,,10351420.44,9671351.19,10419696.54,1 kg herbicide active substance,1 kg fungicide active substance,1 kg insecticide active substance,herbicide,fungicide,pesticide_insecticide,,,,herbicide_single_score.json,fungicide_single_score.json,pesticide_insecticide_single_score.json,10323060.577855162,0.0,355731.9461034857,10678792.523958648
C6_2022,C6,2022,ha,Ozone depletion,Pt,0.9972602927,0.0,0.0341403365,,,,2.1756e-09,1.40008e-09,1.4799999999999999e-09,1 kg herbicide active substance,1 kg fungicide active substance,1 kg insecticide active substance,herbicide,fungicide,pesticide_insecticide,,,,herbicide_single_score.json,fungicide_single_score.json,pesticide_insecticide_single_score.json,2.16963949279812e-09,0.0,5.0527698019999994e-11,2.22016719081812e-09
C6_2022,C6,2022,ha,Particulate matter,Pt,0.9972602927,0.0,0.0341403365,,,,1.7361e-11,1.44032e-11,1.54963e-11,1 kg herbicide active substance,1 kg fungicide active substance,1 kg insecticide active substance,herbicide,fungicide,pesticide_insecticide,,,,herbicide_single_score.json,fungicide_single_score.json,pesticide_insecticide_single_score.json,1.73134359415647e-11,0.0,5.290488965049501e-13,1.784248483806965e-11
C6_2022,C6,2022,ha,Photochemical ozone formation,Pt,0.9972602927,0.0,0.0341403365,,,,0.0482284,0.03470854,0.038507059999999996,1 kg herbicide active substance,1 kg fungicide active substance,1 kg insecticide active substance,herbicide,fungicide,pesticide_insecticide,,,,herbicide_single_score.json,fungicide_single_score.json,pesticide_insecticide_single_score.json,0.04809626830045268,0.0,0.0013146439860256898,0.04941091228647837
C6_2022,C6,2022,ha,"Resource use, fossils",Pt,0.9972602927,0.0,0.0341403365,,,,1337963.403,941010.855,1030841.5170000001,1 kg herbicide active substance,1 kg fungicide active substance,1 kg insecticide active substance,herbicide,fungicide,pesticide_insecticide,,,,herbicide_single_score.json,fungicide_single_score.json,pesticide_insecticide_single_score.json,1334297.774897668,0.0,35193.27626855047,1369491.0511662185
C6_2022,C6,2022,ha,"Resource use, minerals and metals",Pt,0.9972602927,0.0,0.0341403365,,,,2.9472e-07,2.208e-07,2.5343999999999997e-07,1 kg herbicide active substance,1 kg fungicide active substance,1 kg insecticide active substance,herbicide,fungicide,pesticide_insecticide,,,,herbicide_single_score.json,fungicide_single_score.json,pesticide_insecticide_single_score.json,2.93912553464544e-07,0.0,8.65252688256e-09,3.02565080347104e-07
C6_2022,C6,2022,ha,Total,Pt,0.9972602927,0.0,0.0341403365,,,,13176815.469822299,14456166.866849951,540489472.3400254,1 kg herbicide active substance,1 kg fungicide active substance,1 kg insecticide active substance,herbicide,fungicide,pesticide_insecticide,,,,herbicide_single_score.json,fungicide_single_score.json,pesticide_insecticide_single_score.json,13140714.852288874,0.0,18452492.46039591,31593207.31268478
C6_2022,C6,2022,ha,Water use,Pt,0.9972602927,0.0,0.0341403365,,,,1884.394864,1440.918633,1631.081551,1 kg herbicide active substance,1 kg fungicide active substance,1 kg insecticide active substance,herbicide,fungicide,pesticide_insecticide,,,,herbicide_single_score.json,fungicide_single_score.json,pesticide_insecticide_single_score.json,1879.2321736350168,0.0,55.68567301008191,1934.9178466450987
C6_2023,C6,2023,ha,Acidification,Pt,1.72,0.0,0.5541707694,,,,0.17838808,0.13245375999999998,0.14868711999999998,1 kg herbicide active substance,1 kg fungicide active substance,1 kg insecticide active substance,herbicide,fungicide,pesticide_insecticide,,,,herbicide_single_score.json,fungicide_single_score.json,pesticide_insecticide_single_score.json,0.3068274976,0.0,0.08239805569027012,0.3892255532902701
C6_2023,C6,2023,ha,Climate change,Pt,1.72,0.0,0.5541707694,,,,24201.564,16691.588519999998,18147.4914,1 kg herbicide active substance,1 kg fungicide active substance,1 kg insecticide active substance,herbicide,fungicide,pesticide_insecticide,,,,herbicide_single_score.json,fungicide_single_score.json,pesticide_insecticide_single_score.json,41626.69008,0.0,10056.809271817883,51683.49935181788
C6_2023,C6,2023,ha,Climate change - Biogenic,Pt,1.72,0.0,0.5541707694,,,,0.0,0.0,0.0,1 kg herbicide active substance,1 kg fungicide active substance,1 kg insecticide active substance,herbicide,fungicide,pesticide_insecticide,,,,herbicide_single_score.json,fungicide_single_score.json,pesticide_insecticide_single_score.json,0.0,0.0,0.0,0.0
C6_2023,C6,2023,ha,Climate change - Fossil,Pt,1.72,0.0,0.5541707694,,,,0.0,0.0,0.0,1 kg herbicide active substance,1 kg fungicide active substance,1 kg insecticide active substance,herbicide,fungicide,pesticide_insecticide,,,,herbicide_single_score.json,fungicide_single_score.json,pesticide_insecticide_single_score.json,0.0,0.0,0.0,0.0
C6_2023,C6,2023,ha,Climate change - Land use and LU change,Pt,1.72,0.0,0.5541707694,,,,0.0,0.0,0.0,1 kg herbicide active substance,1 kg fungicide active substance,1 kg insecticide active substance,herbicide,fungicide,pesticide_insecticide,,,,herbicide_single_score.json,fungicide_single_score.json,pesticide_insecticide_single_score.json,0.0,0.0,0.0,0.0
C6_2023,C6,2023,ha,"Ecotoxicity, freshwater",Pt,1.72,0.0,0.5541707694,,,,1460507.7396,3825051.6733000004,529018443.3026,1 kg herbicide active substance,1 kg fungicide active substance,1 kg insecticide active substance,herbicide,fungicide,pesticide_insecticide,,,,herbicide_single_score.json,fungicide_single_score.json,pesticide_insecticide_single_score.json,2512073.312112,0.0,293166557.75179213,295678631.0639041
C6_2023,C6,2023,ha,"Ecotoxicity, freshwater - inorganics",Pt,1.72,0.0,0.5541707694,,,,0.0,0.0,0.0,1 kg herbicide active substance,1 kg fungicide active substance,1 kg insecticide active substance,herbicide,fungicide,pesticide_insecticide,,,,herbicide_single_score.json,fungicide_single_score.json,pesticide_insecticide_single_score.json,0.0,0.0,0.0,0.0
C6_2023,C6,2023,ha,"Ecotoxicity, freshwater - metals",Pt,1.72,0.0,0.5541707694,,,,0.0,0.0,0.0,1 kg herbicide active substance,1 kg fungicide active substance,1 kg insecticide active substance,herbicide,fungicide,pesticide_insecticide,,,,herbicide_single_score.json,fungicide_single_score.json,pesticide_insecticide_single_score.json,0.0,0.0,0.0,0.0
C6_2023,C6,2023,ha,"Ecotoxicity, freshwater - organics",Pt,1.72,0.0,0.5541707694,,,,0.0,0.0,0.0,1 kg herbicide active substance,1 kg fungicide active substance,1 kg insecticide active substance,herbicide,fungicide,pesticide_insecticide,,,,herbicide_single_score.json,fungicide_single_score.json,pesticide_insecticide_single_score.json,0.0,0.0,0.0,0.0
C6_2023,C6,2023,ha,"Eutrophication, freshwater",Pt,1.72,0.0,0.5541707694,,,,0.0001366398,0.000103618,0.000118759,1 kg herbicide active substance,1 kg fungicide active substance,1 kg insecticide active substance,herbicide,fungicide,pesticide_insecticide,,,,herbicide_single_score.json,fungicide_single_score.json,pesticide_insecticide_single_score.json,0.000235020456,0.0,6.58127664031746e-05,0.0003008332224031746
C6_2023,C6,2023,ha,"Eutrophication, marine",Pt,1.72,0.0,0.5541707694,,,,0.010586454,0.008716038,0.009537278,1 kg herbicide active substance,1 kg fungicide active substance,1 kg insecticide active substance,herbicide,fungicide,pesticide_insecticide,,,,herbicide_single_score.json,fungicide_single_score.json,pesticide_insecticide_single_score.json,0.01820870088,0.0,0.005285280687241693,0.023493981567241695
C6_2023,C6,2023,ha,"Eutrophication, terrestrial",Pt,1.72,0.0,0.5541707694,,,,0.60443343,0.45373077,0.50045004,1 kg herbicide active substance,1 kg fungicide active substance,1 kg insecticide active substance,herbicide,fungicide,pesticide_insecticide,,,,herbicide_single_score.json,fungicide_single_score.json,pesticide_insecticide_single_score.json,1.0396254996,0.0,0.2773347837130608,1.316960283313061
C6_2023,C6,2023,ha,"Human toxicity, cancer",Pt,1.72,0.0,0.5541707694,,,,5.3791999999999995e-15,5.9696e-15,4.6166e-15,1 kg herbicide active substance,1 kg fungicide active substance,1 kg insecticide active substance,herbicide,fungicide,pesticide_insecticide,,,,herbicide_single_score.json,fungicide_single_score.json,pesticide_insecticide_single_score.json,9.252223999999999e-15,0.0,2.55838477401204e-15,1.1810608774012039e-14
C6_2023,C6,2023,ha,"Human toxicity, cancer - inorganics",Pt,1.72,0.0,0.5541707694,,,,0.0,0.0,0.0,1 kg herbicide active substance,1 kg fungicide active substance,1 kg insecticide active substance,herbicide,fungicide,pesticide_insecticide,,,,herbicide_single_score.json,fungicide_single_score.json,pesticide_insecticide_single_score.json,0.0,0.0,0.0,0.0
C6_2023,C6,2023,ha,"Human toxicity, cancer - metals",Pt,1.72,0.0,0.5541707694,,,,0.0,0.0,0.0,1 kg herbicide active substance,1 kg fungicide active substance,1 kg insecticide active substance,herbicide,fungicide,pesticide_insecticide,,,,herbicide_single_score.json,fungicide_single_score.json,pesticide_insecticide_single_score.json,0.0,0.0,0.0,0.0
C6_2023,C6,2023,ha,"Human toxicity, cancer - organics",Pt,1.72,0.0,0.5541707694,,,,0.0,0.0,0.0,1 kg herbicide active substance,1 kg fungicide active substance,1 kg insecticide active substance,herbicide,fungicide,pesticide_insecticide,,,,herbicide_single_score.json,fungicide_single_score.json,pesticide_insecticide_single_score.json,0.0,0.0,0.0,0.0
C6_2023,C6,2023,ha,"Human toxicity, non-cancer",Pt,1.72,0.0,0.5541707694,,,,7.236719999999999e-12,3.766066e-12,1.5654213999999998e-09,1 kg herbicide active substance,1 kg fungicide active substance,1 kg insecticide active substance,herbicide,fungicide,pesticide_insecticide,,,,herbicide_single_score.json,fungicide_single_score.json,pesticide_insecticide_single_score.json,1.2447158399999998e-11,0.0,8.67510781673225e-10,8.79957940073225e-10
C6_2023,C6,2023,ha,"Human toxicity, non-cancer - inorganics",Pt,1.72,0.0,0.5541707694,,,,0.0,0.0,0.0,1 kg herbicide active substance,1 kg fungicide active substance,1 kg insecticide active substance,herbicide,fungicide,pesticide_insecticide,,,,herbicide_single_score.json,fungicide_single_score.json,pesticide_insecticide_single_score.json,0.0,0.0,0.0,0.0
C6_2023,C6,2023,ha,"Human toxicity, non-cancer - metals",Pt,1.72,0.0,0.5541707694,,,,0.0,0.0,0.0,1 kg herbicide active substance,1 kg fungicide active substance,1 kg insecticide active substance,herbicide,fungicide,pesticide_insecticide,,,,herbicide_single_score.json,fungicide_single_score.json,pesticide_insecticide_single_score.json,0.0,0.0,0.0,0.0
C6_2023,C6,2023,ha,"Human toxicity, non-cancer - organics",Pt,1.72,0.0,0.5541707694,,,,0.0,0.0,0.0,1 kg herbicide active substance,1 kg fungicide active substance,1 kg insecticide active substance,herbicide,fungicide,pesticide_insecticide,,,,herbicide_single_score.json,fungicide_single_score.json,pesticide_insecticide_single_score.json,0.0,0.0,0.0,0.0
C6_2023,C6,2023,ha,Ionising radiation,Pt,1.72,0.0,0.5541707694,,,,837.086585,620.0116840000001,711.710174,1 kg herbicide active substance,1 kg fungicide active substance,1 kg insecticide active substance,herbicide,fungicide,pesticide_insecticide,,,,herbicide_single_score.json,fungicide_single_score.json,pesticide_insecticide_single_score.json,1439.7889262,0.0,394.4089747153879,1834.197900915388
C6_2023,C6,2023,ha,Land use,Pt,1.72,0.0,0.5541707694,,,,10351420.44,9671351.19,10419696.54,1 kg herbicide active substance,1 kg fungicide active substance,1 kg insecticide active substance,herbicide,fungicide,pesticide_insecticide,,,,herbicide_single_score.json,fungicide_single_score.json,pesticide_insecticide_single_score.json,17804443.156799998,0.0,5774291.248486317,23578734.405286316
C6_2023,C6,2023,ha,Ozone depletion,Pt,1.72,0.0,0.5541707694,,,,2.1756e-09,1.40008e-09,1.4799999999999999e-09,1 kg herbicide active substance,1 kg fungicide active substance,1 kg insecticide active substance,herbicide,fungicide,pesticide_insecticide,,,,herbicide_single_score.json,fungicide_single_score.json,pesticide_insecticide_single_score.json,3.742032e-09,0.0,8.201727387119999e-10,4.562204738712e-09
C6_2023,C6,2023,ha,Particulate matter,Pt,1.72,0.0,0.5541707694,,,,1.7361e-11,1.44032e-11,1.54963e-11,1 kg herbicide active substance,1 kg fungicide active substance,1 kg insecticide active substance,herbicide,fungicide,pesticide_insecticide,,,,herbicide_single_score.json,fungicide_single_score.json,pesticide_insecticide_single_score.json,2.986092e-11,0.0,8.58759649385322e-12,3.844851649385322e-11
C6_2023,C6,2023,ha,Photochemical ozone formation,Pt,1.72,0.0,0.5541707694,,,,0.0482284,0.03470854,0.038507059999999996,1 kg herbicide active substance,1 kg fungicide active substance,1 kg insecticide active substance,herbicide,fungicide,pesticide_insecticide,,,,herbicide_single_score.json,fungicide_single_score.json,pesticide_insecticide_single_score.json,0.082952848,0.0,0.02133948706753196,0.10429233506753195
C6_2023,C6,2023,ha,"Resource use, fossils",Pt,1.72,0.0,0.5541707694,,,,1337963.403,941010.855,1030841.5170000001,1 kg herbicide active substance,1 kg fungicide active substance,1 kg insecticide active substance,herbicide,fungicide,pesticide_insecticide,,,,herbicide_single_score.json,fungicide_single_score.json,pesticide_insecticide_single_score.json,2301297.0531599997,0.0,571262.2366053532,2872559.289765353
C6_2023,C6,2023,ha,"Resource use, minerals and metals",Pt,1.72,0.0,0.5541707694,,,,2.9472e-07,2.208e-07,2.5343999999999997e-07,1 kg herbicide active substance,1 kg fungicide active substance,1 kg insecticide active substance,herbicide,fungicide,pesticide_insecticide,,,,herbicide_single_score.json,fungicide_single_score.json,pesticide_insecticide_single_score.json,5.069184e-07,0.0,1.4044903979673597e-07,6.47367439796736e-07
C6_2023,C6,2023,ha,Total,Pt,1.72,0.0,0.5541707694,,,,13176815.469822299,14456166.866849951,540489472.3400254,1 kg herbicide active substance,1 kg fungicide active substance,1 kg insecticide active substance,herbicide,fungicide,pesticide_insecticide,,,,herbicide_single_score.json,fungicide_single_score.json,pesticide_insecticide_single_score.json,22664122.608094353,0.0,299523466.7392719,322187589.3473662
C6_2023,C6,2023,ha,Water use,Pt,1.72,0.0,0.5541707694,,,,1884.394864,1440.918633,1631.081551,1 kg herbicide active substance,1 kg fungicide active substance,1 kg insecticide active substance,herbicide,fungicide,pesticide_insecticide,,,,herbicide_single_score.json,fungicide_single_score.json,pesticide_insecticide_single_score.json,3241.15916608,0.0,903.8977180718153,4145.056884151815
C6_2024,C6,2024,ha,Acidification,Pt,0.8942641092,0.0,0.54,,,,0.17838808,0.13245375999999998,0.14868711999999998,1 kg herbicide active substance,1 kg fungicide active substance,1 kg insecticide active substance,herbicide,fungicide,pesticide_insecticide,,,,herbicide_single_score.json,fungicide_single_score.json,pesticide_insecticide_single_score.json,0.15952605745309834,0.0,0.08029104479999999,0.23981710225309832
C6_2024,C6,2024,ha,Climate change,Pt,0.8942641092,0.0,0.54,,,,24201.564,16691.588519999998,18147.4914,1 kg herbicide active substance,1 kg fungicide active substance,1 kg insecticide active substance,herbicide,fungicide,pesticide_insecticide,,,,herbicide_single_score.json,fungicide_single_score.json,pesticide_insecticide_single_score.json,21642.59007170679,0.0,9799.645356,31442.23542770679
C6_2024,C6,2024,ha,Climate change - Biogenic,Pt,0.8942641092,0.0,0.54,,,,0.0,0.0,0.0,1 kg herbicide active substance,1 kg fungicide active substance,1 kg insecticide active substance,herbicide,fungicide,pesticide_insecticide,,,,herbicide_single_score.json,fungicide_single_score.json,pesticide_insecticide_single_score.json,0.0,0.0,0.0,0.0
C6_2024,C6,2024,ha,Climate change - Fossil,Pt,0.8942641092,0.0,0.54,,,,0.0,0.0,0.0,1 kg herbicide active substance,1 kg fungicide active substance,1 kg insecticide active substance,herbicide,fungicide,pesticide_insecticide,,,,herbicide_single_score.json,fungicide_single_score.json,pesticide_insecticide_single_score.json,0.0,0.0,0.0,0.0
C6_2024,C6,2024,ha,Climate change - Land use and LU change,Pt,0.8942641092,0.0,0.54,,,,0.0,0.0,0.0,1 kg herbicide active substance,1 kg fungicide active substance,1 kg insecticide active substance,herbicide,fungicide,pesticide_insecticide,,,,herbicide_single_score.json,fungicide_single_score.json,pesticide_insecticide_single_score.json,0.0,0.0,0.0,0.0
C6_2024,C6,2024,ha,"Ecotoxicity, freshwater",Pt,0.8942641092,0.0,0.54,,,,1460507.7396,3825051.6733000004,529018443.3026,1 kg herbicide active substance,1 kg fungicide active substance,1 kg insecticide active substance,herbicide,fungicide,pesticide_insecticide,,,,herbicide_single_score.json,fungicide_single_score.json,pesticide_insecticide_single_score.json,1306079.6527330994,0.0,285669959.383404,286976039.0361371
C6_2024,C6,2024,ha,"Ecotoxicity, freshwater - inorganics",Pt,0.8942641092,0.0,0.54,,,,0.0,0.0,0.0,1 kg herbicide active substance,1 kg fungicide active substance,1 kg insecticide active substance,herbicide,fungicide,pesticide_insecticide,,,,herbicide_single_score.json,fungicide_single_score.json,pesticide_insecticide_single_score.json,0.0,0.0,0.0,0.0
C6_2024,C6,2024,ha,"Ecotoxicity, freshwater - metals",Pt,0.8942641092,0.0,0.54,,,,0.0,0.0,0.0,1 kg herbicide active substance,1 kg fungicide active substance,1 kg insecticide active substance,herbicide,fungicide,pesticide_insecticide,,,,herbicide_single_score.json,fungicide_single_score.json,pesticide_insecticide_single_score.json,0.0,0.0,0.0,0.0
C6_2024,C6,2024,ha,"Ecotoxicity, freshwater - organics",Pt,0.8942641092,0.0,0.54,,,,0.0,0.0,0.0,1 kg herbicide active substance,1 kg fungicide active substance,1 kg insecticide active substance,herbicide,fungicide,pesticide_insecticide,,,,herbicide_single_score.json,fungicide_single_score.json,pesticide_insecticide_single_score.json,0.0,0.0,0.0,0.0
C6_2024,C6,2024,ha,"Eutrophication, freshwater",Pt,0.8942641092,0.0,0.54,,,,0.0001366398,0.000103618,0.000118759,1 kg herbicide active substance,1 kg fungicide active substance,1 kg insecticide active substance,herbicide,fungicide,pesticide_insecticide,,,,herbicide_single_score.json,fungicide_single_score.json,pesticide_insecticide_single_score.json,0.00012219206902826617,0.0,6.412986e-05,0.0001863219290282662
C6_2024,C6,2024,ha,"Eutrophication, marine",Pt,0.8942641092,0.0,0.54,,,,0.010586454,0.008716038,0.009537278,1 kg herbicide active substance,1 kg fungicide active substance,1 kg insecticide active substance,herbicide,fungicide,pesticide_insecticide,,,,herbicide_single_score.json,fungicide_single_score.json,pesticide_insecticide_single_score.json,0.009467085855896777,0.0,0.0051501301200000005,0.014617215975896778
C6_2024,C6,2024,ha,"Eutrophication, terrestrial",Pt,0.8942641092,0.0,0.54,,,,0.60443343,0.45373077,0.50045004,1 kg herbicide active substance,1 kg fungicide active substance,1 kg insecticide active substance,herbicide,fungicide,pesticide_insecticide,,,,herbicide_single_score.json,fungicide_single_score.json,pesticide_insecticide_single_score.json,0.5405231228496505,0.0,0.2702430216,0.8107661444496506
C6_2024,C6,2024,ha,"Human toxicity, cancer",Pt,0.8942641092,0.0,0.54,,,,5.3791999999999995e-15,5.9696e-15,4.6166e-15,1 kg herbicide active substance,1 kg fungicide active substance,1 kg insecticide active substance,herbicide,fungicide,pesticide_insecticide,,,,herbicide_single_score.json,fungicide_single_score.json,pesticide_insecticide_single_score.json,4.8104254962086394e-15,0.0,2.4929640000000003e-15,7.30338949620864e-15
C6_2024,C6,2024,ha,"Human toxicity, cancer - inorganics",Pt,0.8942641092,0.0,0.54,,,,0.0,0.0,0.0,1 kg herbicide active substance,1 kg fungicide active substance,1 kg insecticide active substance,herbicide,fungicide,pesticide_insecticide,,,,herbicide_single_score.json,fungicide_single_score.json,pesticide_insecticide_single_score.json,0.0,0.0,0.0,0.0
C6_2024,C6,2024,ha,"Human toxicity, cancer - metals",Pt,0.8942641092,0.0,0.54,,,,0.0,0.0,0.0,1 kg herbicide active substance,1 kg fungicide active substance,1 kg insecticide active substance,herbicide,fungicide,pesticide_insecticide,,,,herbicide_single_score.json,fungicide_single_score.json,pesticide_insecticide_single_score.json,0.0,0.0,0.0,0.0
C6_2024,C6,2024,ha,"Human toxicity, cancer - organics",Pt,0.8942641092,0.0,0.54,,,,0.0,0.0,0.0,1 kg herbicide active substance,1 kg fungicide active substance,1 kg insecticide active substance,herbicide,fungicide,pesticide_insecticide,,,,herbicide_single_score.json,fungicide_single_score.json,pesticide_insecticide_single_score.json,0.0,0.0,0.0,0.0
C6_2024,C6,2024,ha,"Human toxicity, non-cancer",Pt,0.8942641092,0.0,0.54,,,,7.236719999999999e-12,3.766066e-12,1.5654213999999998e-09,1 kg herbicide active substance,1 kg fungicide active substance,1 kg insecticide active substance,herbicide,fungicide,pesticide_insecticide,,,,herbicide_single_score.json,fungicide_single_score.json,pesticide_insecticide_single_score.json,6.471538964329823e-12,0.0,8.453275559999999e-10,8.517990949643298e-10
C6_2024,C6,2024,ha,"Human toxicity, non-cancer - inorganics",Pt,0.8942641092,0.0,0.54,,,,0.0,0.0,0.0,1 kg herbicide active substance,1 kg fungicide active substance,1 kg insecticide active substance,herbicide,fungicide,pesticide_insecticide,,,,herbicide_single_score.json,fungicide_single_score.json,pesticide_insecticide_single_score.json,0.0,0.0,0.0,0.0
C6_2024,C6,2024,ha,"Human toxicity, non-cancer - metals",Pt,0.8942641092,0.0,0.54,,,,0.0,0.0,0.0,1 kg herbicide active substance,1 kg fungicide active substance,1 kg insecticide active substance,herbicide,fungicide,pesticide_insecticide,,,,herbicide_single_score.json,fungicide_single_score.json,pesticide_insecticide_single_score.json,0.0,0.0,0.0,0.0
C6_2024,C6,2024,ha,"Human toxicity, non-cancer - organics",Pt,0.8942641092,0.0,0.54,,,,0.0,0.0,0.0,1 kg herbicide active substance,1 kg fungicide active substance,1 kg insecticide active substance,herbicide,fungicide,pesticide_insecticide,,,,herbicide_single_score.json,fungicide_single_score.json,pesticide_insecticide_single_score.json,0.0,0.0,0.0,0.0
C6_2024,C6,2024,ha,Ionising radiation,Pt,0.8942641092,0.0,0.54,,,,837.086585,620.0116840000001,711.710174,1 kg herbicide active substance,1 kg fungicide active substance,1 kg insecticide active substance,herbicide,fungicide,pesticide_insecticide,,,,herbicide_single_score.json,fungicide_single_score.json,pesticide_insecticide_single_score.json,748.576489258295,0.0,384.32349396000006,1132.8999832182951
C6_2024,C6,2024,ha,Land use,Pt,0.8942641092,0.0,0.54,,,,10351420.44,9671351.19,10419696.54,1 kg herbicide active substance,1 kg fungicide active substance,1 kg insecticide active substance,herbicide,fungicide,pesticide_insecticide,,,,herbicide_single_score.json,fungicide_single_score.json,pesticide_insecticide_single_score.json,9256903.778731272,0.0,5626636.1316,14883539.910331272
C6_2024,C6,2024,ha,Ozone depletion,Pt,0.8942641092,0.0,0.54,,,,2.1756e-09,1.40008e-09,1.4799999999999999e-09,1 kg herbicide active substance,1 kg fungicide active substance,1 kg insecticide active substance,herbicide,fungicide,pesticide_insecticide,,,,herbicide_single_score.json,fungicide_single_score.json,pesticide_insecticide_single_score.json,1.9455609959755198e-09,0.0,7.992e-10,2.7447609959755197e-09
C6_2024,C6,2024,ha,Particulate matter,Pt,0.8942641092,0.0,0.54,,,,1.7361e-11,1.44032e-11,1.54963e-11,1 kg herbicide active substance,1 kg fungicide active substance,1 kg insecticide active substance,herbicide,fungicide,pesticide_insecticide,,,,herbicide_single_score.json,fungicide_single_score.json,pesticide_insecticide_single_score.json,1.55253191998212e-11,0.0,8.368002000000001e-12,2.38933211998212e-11
C6_2024,C6,2024,ha,Photochemical ozone formation,Pt,0.8942641092,0.0,0.54,,,,0.0482284,0.03470854,0.038507059999999996,1 kg herbicide active substance,1 kg fungicide active substance,1 kg insecticide active substance,herbicide,fungicide,pesticide_insecticide,,,,herbicide_single_score.json,fungicide_single_score.json,pesticide_insecticide_single_score.json,0.043128927164141274,0.0,0.0207938124,0.06392273956414127
C6_2024,C6,2024,ha,"Resource use, fossils",Pt,0.8942641092,0.0,0.54,,,,1337963.403,941010.855,1030841.5170000001,1 kg herbicide active substance,1 kg fungicide active substance,1 kg insecticide active substance,herbicide,fungicide,pesticide_insecticide,,,,herbicide_single_score.json,fungicide_single_score.json,pesticide_insecticide_single_score.json,1196492.6507259954,0.0,556654.4191800001,1753147.0699059954
C6_2024,C6,2024,ha,"Resource use, minerals and metals",Pt,0.8942641092,0.0,0.54,,,,2.9472e-07,2.208e-07,2.5343999999999997e-07,1 kg herbicide active substance,1 kg fungicide active substance,1 kg insecticide active substance,herbicide,fungicide,pesticide_insecticide,,,,herbicide_single_score.json,fungicide_single_score.json,pesticide_insecticide_single_score.json,2.6355751826342397e-07,0.0,1.368576e-07,4.0041511826342397e-07
C6_2024,C6,2024,ha,Total,Pt,0.8942641092,0.0,0.54,,,,13176815.469822299,14456166.866849951,540489472.3400254,1 kg herbicide active substance,1 kg fungicide active substance,1 kg insecticide active substance,herbicide,fungicide,pesticide_insecticide,,,,herbicide_single_score.json,fungicide_single_score.json,pesticide_insecticide_single_score.json,11783553.148213418,0.0,291864315.0636138,303647868.2118272
C6_2024,C6,2024,ha,Water use,Pt,0.8942641092,0.0,0.54,,,,1884.394864,1440.918633,1631.081551,1 kg herbicide active substance,1 kg fungicide active substance,1 kg insecticide active substance,herbicide,fungicide,pesticide_insecticide,,,,herbicide_single_score.json,fungicide_single_score.json,pesticide_insecticide_single_score.json,1685.1466944360152,0.0,880.7840375400001,2565.9307319760155
C7_2023,C7,2023,ha,Acidification,Pt,2.44,0.0,0.12,,,,0.17838808,0.13245375999999998,0.14868711999999998,1 kg herbicide active substance,1 kg fungicide active substance,1 kg insecticide active substance,herbicide,fungicide,pesticide_insecticide,,,,herbicide_single_score.json,fungicide_single_score.json,pesticide_insecticide_single_score.json,0.4352669152,0.0,0.017842454399999996,0.4531093696
C7_2023,C7,2023,ha,Climate change,Pt,2.44,0.0,0.12,,,,24201.564,16691.588519999998,18147.4914,1 kg herbicide active substance,1 kg fungicide active substance,1 kg insecticide active substance,herbicide,fungicide,pesticide_insecticide,,,,herbicide_single_score.json,fungicide_single_score.json,pesticide_insecticide_single_score.json,59051.816159999995,0.0,2177.6989679999997,61229.51512799999
C7_2023,C7,2023,ha,Climate change - Biogenic,Pt,2.44,0.0,0.12,,,,0.0,0.0,0.0,1 kg herbicide active substance,1 kg fungicide active substance,1 kg insecticide active substance,herbicide,fungicide,pesticide_insecticide,,,,herbicide_single_score.json,fungicide_single_score.json,pesticide_insecticide_single_score.json,0.0,0.0,0.0,0.0
C7_2023,C7,2023,ha,Climate change - Fossil,Pt,2.44,0.0,0.12,,,,0.0,0.0,0.0,1 kg herbicide active substance,1 kg fungicide active substance,1 kg insecticide active substance,herbicide,fungicide,pesticide_insecticide,,,,herbicide_single_score.json,fungicide_single_score.json,pesticide_insecticide_single_score.json,0.0,0.0,0.0,0.0
C7_2023,C7,2023,ha,Climate change - Land use and LU change,Pt,2.44,0.0,0.12,,,,0.0,0.0,0.0,1 kg herbicide active substance,1 kg fungicide active substance,1 kg insecticide active substance,herbicide,fungicide,pesticide_insecticide,,,,herbicide_single_score.json,fungicide_single_score.json,pesticide_insecticide_single_score.json,0.0,0.0,0.0,0.0
C7_2023,C7,2023,ha,"Ecotoxicity, freshwater",Pt,2.44,0.0,0.12,,,,1460507.7396,3825051.6733000004,529018443.3026,1 kg herbicide active substance,1 kg fungicide active substance,1 kg insecticide active substance,herbicide,fungicide,pesticide_insecticide,,,,herbicide_single_score.json,fungicide_single_score.json,pesticide_insecticide_single_score.json,3563638.8846239997,0.0,63482213.196312,67045852.080936
C7_2023,C7,2023,ha,"Ecotoxicity, freshwater - inorganics",Pt,2.44,0.0,0.12,,,,0.0,0.0,0.0,1 kg herbicide active substance,1 kg fungicide active substance,1 kg insecticide active substance,herbicide,fungicide,pesticide_insecticide,,,,herbicide_single_score.json,fungicide_single_score.json,pesticide_insecticide_single_score.json,0.0,0.0,0.0,0.0
C7_2023,C7,2023,ha,"Ecotoxicity, freshwater - metals",Pt,2.44,0.0,0.12,,,,0.0,0.0,0.0,1 kg herbicide active substance,1 kg fungicide active substance,1 kg insecticide active substance,herbicide,fungicide,pesticide_insecticide,,,,herbicide_single_score.json,fungicide_single_score.json,pesticide_insecticide_single_score.json,0.0,0.0,0.0,0.0
C7_2023,C7,2023,ha,"Ecotoxicity, freshwater - organics",Pt,2.44,0.0,0.12,,,,0.0,0.0,0.0,1 kg herbicide active substance,1 kg fungicide active substance,1 kg insecticide active substance,herbicide,fungicide,pesticide_insecticide,,,,herbicide_single_score.json,fungicide_single_score.json,pesticide_insecticide_single_score.json,0.0,0.0,0.0,0.0
C7_2023,C7,2023,ha,"Eutrophication, freshwater",Pt,2.44,0.0,0.12,,,,0.0001366398,0.000103618,0.000118759,1 kg herbicide active substance,1 kg fungicide active substance,1 kg insecticide active substance,herbicide,fungicide,pesticide_insecticide,,,,herbicide_single_score.json,fungicide_single_score.json,pesticide_insecticide_single_score.json,0.00033340111200000003,0.0,1.425108e-05,0.00034765219200000004
C7_2023,C7,2023,ha,"Eutrophication, marine",Pt,2.44,0.0,0.12,,,,0.010586454,0.008716038,0.009537278,1 kg herbicide active substance,1 kg fungicide active substance,1 kg insecticide active substance,herbicide,fungicide,pesticide_insecticide,,,,herbicide_single_score.json,fungicide_single_score.json,pesticide_insecticide_single_score.json,0.02583094776,0.0,0.0011444733599999999,0.02697542112
C7_2023,C7,2023,ha,"Eutrophication, terrestrial",Pt,2.44,0.0,0.12,,,,0.60443343,0.45373077,0.50045004,1 kg herbicide active substance,1 kg fungicide active substance,1 kg insecticide active substance,herbicide,fungicide,pesticide_insecticide,,,,herbicide_single_score.json,fungicide_single_score.json,pesticide_insecticide_single_score.json,1.4748175692,0.0,0.060054004800000005,1.534871574
C7_2023,C7,2023,ha,"Human toxicity, cancer",Pt,2.44,0.0,0.12,,,,5.3791999999999995e-15,5.9696e-15,4.6166e-15,1 kg herbicide active substance,1 kg fungicide active substance,1 kg insecticide active substance,herbicide,fungicide,pesticide_insecticide,,,,herbicide_single_score.json,fungicide_single_score.json,pesticide_insecticide_single_score.json,1.3125247999999999e-14,0.0,5.53992e-16,1.367924e-14
C7_2023,C7,2023,ha,"Human toxicity, cancer - inorganics",Pt,2.44,0.0,0.12,,,,0.0,0.0,0.0,1 kg herbicide active substance,1 kg fungicide active substance,1 kg insecticide active substance,herbicide,fungicide,pesticide_insecticide,,,,herbicide_single_score.json,fungicide_single_score.json,pesticide_insecticide_single_score.json,0.0,0.0,0.0,0.0
C7_2023,C7,2023,ha,"Human toxicity, cancer - metals",Pt,2.44,0.0,0.12,,,,0.0,0.0,0.0,1 kg herbicide active substance,1 kg fungicide active substance,1 kg insecticide active substance,herbicide,fungicide,pesticide_insecticide,,,,herbicide_single_score.json,fungicide_single_score.json,pesticide_insecticide_single_score.json,0.0,0.0,0.0,0.0
C7_2023,C7,2023,ha,"Human toxicity, cancer - organics",Pt,2.44,0.0,0.12,,,,0.0,0.0,0.0,1 kg herbicide active substance,1 kg fungicide active substance,1 kg insecticide active substance,herbicide,fungicide,pesticide_insecticide,,,,herbicide_single_score.json,fungicide_single_score.json,pesticide_insecticide_single_score.json,0.0,0.0,0.0,0.0
C7_2023,C7,2023,ha,"Human toxicity, non-cancer",Pt,2.44,0.0,0.12,,,,7.236719999999999e-12,3.766066e-12,1.5654213999999998e-09,1 kg herbicide active substance,1 kg fungicide active substance,1 kg insecticide active substance,herbicide,fungicide,pesticide_insecticide,,,,herbicide_single_score.json,fungicide_single_score.json,pesticide_insecticide_single_score.json,1.7657596799999996e-11,0.0,1.8785056799999997e-10,2.0550816479999997e-10
C7_2023,C7,2023,ha,"Human toxicity, non-cancer - inorganics",Pt,2.44,0.0,0.12,,,,0.0,0.0,0.0,1 kg herbicide active substance,1 kg fungicide active substance,1 kg insecticide active substance,herbicide,fungicide,pesticide_insecticide,,,,herbicide_single_score.json,fungicide_single_score.json,pesticide_insecticide_single_score.json,0.0,0.0,0.0,0.0
C7_2023,C7,2023,ha,"Human toxicity, non-cancer - metals",Pt,2.44,0.0,0.12,,,,0.0,0.0,0.0,1 kg herbicide active substance,1 kg fungicide active substance,1 kg insecticide active substance,herbicide,fungicide,pesticide_insecticide,,,,herbicide_single_score.json,fungicide_single_score.json,pesticide_insecticide_single_score.json,0.0,0.0,0.0,0.0
C7_2023,C7,2023,ha,"Human toxicity, non-cancer - organics",Pt,2.44,0.0,0.12,,,,0.0,0.0,0.0,1 kg herbicide active substance,1 kg fungicide active substance,1 kg insecticide active substance,herbicide,fungicide,pesticide_insecticide,,,,herbicide_single_score.json,fungicide_single_score.json,pesticide_insecticide_single_score.json,0.0,0.0,0.0,0.0
C7_2023,C7,2023,ha,Ionising radiation,Pt,2.44,0.0,0.12,,,,837.086585,620.0116840000001,711.710174,1 kg herbicide active substance,1 kg fungicide active substance,1 kg insecticide active substance,herbicide,fungicide,pesticide_insecticide,,,,herbicide_single_score.json,fungicide_single_score.json,pesticide_insecticide_single_score.json,2042.4912674,0.0,85.40522088,2127.89648828
C7_2023,C7,2023,ha,Land use,Pt,2.44,0.0,0.12,,,,10351420.44,9671351.19,10419696.54,1 kg herbicide active substance,1 kg fungicide active substance,1 kg insecticide active substance,herbicide,fungicide,pesticide_insecticide,,,,herbicide_single_score.json,fungicide_single_score.json,pesticide_insecticide_single_score.json,25257465.8736,0.0,1250363.5847999998,26507829.4584
C7_2023,C7,2023,ha,Ozone depletion,Pt,2.44,0.0,0.12,,,,2.1756e-09,1.40008e-09,1.4799999999999999e-09,1 kg herbicide active substance,1 kg fungicide active substance,1 kg insecticide active substance,herbicide,fungicide,pesticide_insecticide,,,,herbicide_single_score.json,fungicide_single_score.json,pesticide_insecticide_single_score.json,5.308463999999999e-09,0.0,1.7759999999999999e-10,5.486063999999999e-09
C7_2023,C7,2023,ha,Particulate matter,Pt,2.44,0.0,0.12,,,,1.7361e-11,1.44032e-11,1.54963e-11,1 kg herbicide active substance,1 kg fungicide active substance,1 kg insecticide active substance,herbicide,fungicide,pesticide_insecticide,,,,herbicide_single_score.json,fungicide_single_score.json,pesticide_insecticide_single_score.json,4.236084e-11,0.0,1.859556e-12,4.4220396000000006e-11
C7_2023,C7,2023,ha,Photochemical ozone formation,Pt,2.44,0.0,0.12,,,,0.0482284,0.03470854,0.038507059999999996,1 kg herbicide active substance,1 kg fungicide active substance,1 kg insecticide active substance,herbicide,fungicide,pesticide_insecticide,,,,herbicide_single_score.json,fungicide_single_score.json,pesticide_insecticide_single_score.json,0.11767729599999999,0.0,0.004620847199999999,0.12229814319999999
C7_2023,C7,2023,ha,"Resource use, fossils",Pt,2.44,0.0,0.12,,,,1337963.403,941010.855,1030841.5170000001,1 kg herbicide active substance,1 kg fungicide active substance,1 kg insecticide active substance,herbicide,fungicide,pesticide_insecticide,,,,herbicide_single_score.json,fungicide_single_score.json,pesticide_insecticide_single_score.json,3264630.70332,0.0,123700.98204,3388331.68536
C7_2023,C7,2023,ha,"Resource use, minerals and metals",Pt,2.44,0.0,0.12,,,,2.9472e-07,2.208e-07,2.5343999999999997e-07,1 kg herbicide active substance,1 kg fungicide active substance,1 kg insecticide active substance,herbicide,fungicide,pesticide_insecticide,,,,herbicide_single_score.json,fungicide_single_score.json,pesticide_insecticide_single_score.json,7.191168e-07,0.0,3.04128e-08,7.495296e-07
C7_2023,C7,2023,ha,Total,Pt,2.44,0.0,0.12,,,,13176815.469822299,14456166.866849951,540489472.3400254,1 kg herbicide active substance,1 kg fungicide active substance,1 kg insecticide active substance,herbicide,fungicide,pesticide_insecticide,,,,herbicide_single_score.json,fungicide_single_score.json,pesticide_insecticide_single_score.json,32151429.746366408,0.0,64858736.680803046,97010166.42716946
C7_2023,C7,2023,ha,Water use,Pt,2.44,0.0,0.12,,,,1884.394864,1440.918633,1631.081551,1 kg herbicide active substance,1 kg fungicide active substance,1 kg insecticide active substance,herbicide,fungicide,pesticide_insecticide,,,,herbicide_single_score.json,fungicide_single_score.json,pesticide_insecticide_single_score.json,4597.92346816,0.0,195.72978612,4793.6532542800005
C7_2024,C7,2024,ha,Acidification,Pt,1.7153681392,0.0,0.0721285141,,,,0.17838808,0.13245375999999998,0.14868711999999998,1 kg herbicide active substance,1 kg fungicide active substance,1 kg insecticide active substance,herbicide,fungicide,pesticide_insecticide,,,,herbicide_single_score.json,fungicide_single_score.json,pesticide_insecticide_single_score.json,0.30600122884506076,0.0,0.01072458103140839,0.31672580987646914
C7_2024,C7,2024,ha,Climate change,Pt,1.7153681392,0.0,0.0721285141,,,,24201.564,16691.588519999998,18147.4914,1 kg herbicide active substance,1 kg fungicide active substance,1 kg insecticide active substance,herbicide,fungicide,pesticide_insecticide,,,,herbicide_single_score.json,fungicide_single_score.json,pesticide_insecticide_single_score.json,41514.591804409705,0.0,1308.9515893245286,42823.54339373423
C7_2024,C7,2024,ha,Climate change - Biogenic,Pt,1.7153681392,0.0,0.0721285141,,,,0.0,0.0,0.0,1 kg herbicide active substance,1 kg fungicide active substance,1 kg insecticide active substance,herbicide,fungicide,pesticide_insecticide,,,,herbicide_single_score.json,fungicide_single_score.json,pesticide_insecticide_single_score.json,0.0,0.0,0.0,0.0
C7_2024,C7,2024,ha,Climate change - Fossil,Pt,1.7153681392,0.0,0.0721285141,,,,0.0,0.0,0.0,1 kg herbicide active substance,1 kg fungicide active substance,1 kg insecticide active substance,herbicide,fungicide,pesticide_insecticide,,,,herbicide_single_score.json,fungicide_single_score.json,pesticide_insecticide_single_score.json,0.0,0.0,0.0,0.0
C7_2024,C7,2024,ha,Climate change - Land use and LU change,Pt,1.7153681392,0.0,0.0721285141,,,,0.0,0.0,0.0,1 kg herbicide active substance,1 kg fungicide active substance,1 kg insecticide active substance,herbicide,fungicide,pesticide_insecticide,,,,herbicide_single_score.json,fungicide_single_score.json,pesticide_insecticide_single_score.json,0.0,0.0,0.0,0.0
C7_2024,C7,2024,ha,"Ecotoxicity, freshwater",Pt,1.7153681392,0.0,0.0721285141,,,,1460507.7396,3825051.6733000004,529018443.3026,1 kg herbicide active substance,1 kg fungicide active substance,1 kg insecticide active substance,herbicide,fungicide,pesticide_insecticide,,,,herbicide_single_score.json,fungicide_single_score.json,pesticide_insecticide_single_score.json,2505308.44356485,0.0,38157314.24691164,40662622.690476485
C7_2024,C7,2024,ha,"Ecotoxicity, freshwater - inorganics",Pt,1.7153681392,0.0,0.0721285141,,,,0.0,0.0,0.0,1 kg herbicide active substance,1 kg fungicide active substance,1 kg insecticide active substance,herbicide,fungicide,pesticide_insecticide,,,,herbicide_single_score.json,fungicide_single_score.json,pesticide_insecticide_single_score.json,0.0,0.0,0.0,0.0
C7_2024,C7,2024,ha,"Ecotoxicity, freshwater - metals",Pt,1.7153681392,0.0,0.0721285141,,,,0.0,0.0,0.0,1 kg herbicide active substance,1 kg fungicide active substance,1 kg insecticide active substance,herbicide,fungicide,pesticide_insecticide,,,,herbicide_single_score.json,fungicide_single_score.json,pesticide_insecticide_single_score.json,0.0,0.0,0.0,0.0
C7_2024,C7,2024,ha,"Ecotoxicity, freshwater - organics",Pt,1.7153681392,0.0,0.0721285141,,,,0.0,0.0,0.0,1 kg herbicide active substance,1 kg fungicide active substance,1 kg insecticide active substance,herbicide,fungicide,pesticide_insecticide,,,,herbicide_single_score.json,fungicide_single_score.json,pesticide_insecticide_single_score.json,0.0,0.0,0.0,0.0
C7_2024,C7,2024,ha,"Eutrophication, freshwater",Pt,1.7153681392,0.0,0.0721285141,,,,0.0001366398,0.000103618,0.000118759,1 kg herbicide active substance,1 kg fungicide active substance,1 kg insecticide active substance,herbicide,fungicide,pesticide_insecticide,,,,herbicide_single_score.json,fungicide_single_score.json,pesticide_insecticide_single_score.json,0.00023438755946666016,0.0,8.5659102060019e-06,0.00024295346967266205
C7_2024,C7,2024,ha,"Eutrophication, marine",Pt,1.7153681392,0.0,0.0721285141,,,,0.010586454,0.008716038,0.009537278,1 kg herbicide active substance,1 kg fungicide active substance,1 kg insecticide active substance,herbicide,fungicide,pesticide_insecticide,,,,herbicide_single_score.json,fungicide_single_score.json,pesticide_insecticide_single_score.json,0.018159665898706396,0.0,0.0006879096906986197,0.018847575589405016
C7_2024,C7,2024,ha,"Eutrophication, terrestrial",Pt,1.7153681392,0.0,0.0721285141,,,,0.60443343,0.45373077,0.50045004,1 kg herbicide active substance,1 kg fungicide active substance,1 kg insecticide active substance,herbicide,fungicide,pesticide_insecticide,,,,herbicide_single_score.json,fungicide_single_score.json,pesticide_insecticide_single_score.json,1.0368258480893735,0.0,0.03609671776648557,1.072922565855859
C7_2024,C7,2024,ha,"Human toxicity, cancer",Pt,1.7153681392,0.0,0.0721285141,,,,5.3791999999999995e-15,5.9696e-15,4.6166e-15,1 kg herbicide active substance,1 kg fungicide active substance,1 kg insecticide active substance,herbicide,fungicide,pesticide_insecticide,,,,herbicide_single_score.json,fungicide_single_score.json,pesticide_insecticide_single_score.json,9.22730829438464e-15,0.0,3.3298849819406003e-16,9.560296792578699e-15
C7_2024,C7,2024,ha,"Human toxicity, cancer - inorganics",Pt,1.7153681392,0.0,0.0721285141,,,,0.0,0.0,0.0,1 kg herbicide active substance,1 kg fungicide active substance,1 kg insecticide active substance,herbicide,fungicide,pesticide_insecticide,,,,herbicide_single_score.json,fungicide_single_score.json,pesticide_insecticide_single_score.json,0.0,0.0,0.0,0.0
C7_2024,C7,2024,ha,"Human toxicity, cancer - metals",Pt,1.7153681392,0.0,0.0721285141,,,,0.0,0.0,0.0,1 kg herbicide active substance,1 kg fungicide active substance,1 kg insecticide active substance,herbicide,fungicide,pesticide_insecticide,,,,herbicide_single_score.json,fungicide_single_score.json,pesticide_insecticide_single_score.json,0.0,0.0,0.0,0.0
C7_2024,C7,2024,ha,"Human toxicity, cancer - organics",Pt,1.7153681392,0.0,0.0721285141,,,,0.0,0.0,0.0,1 kg herbicide active substance,1 kg fungicide active substance,1 kg insecticide active substance,herbicide,fungicide,pesticide_insecticide,,,,herbicide_single_score.json,fungicide_single_score.json,pesticide_insecticide_single_score.json,0.0,0.0,0.0,0.0
C7_2024,C7,2024,ha,"Human toxicity, non-cancer",Pt,1.7153681392,0.0,0.0721285141,,,,7.236719999999999e-12,3.766066e-12,1.5654213999999998e-09,1 kg herbicide active substance,1 kg fungicide active substance,1 kg insecticide active substance,herbicide,fungicide,pesticide_insecticide,,,,herbicide_single_score.json,fungicide_single_score.json,pesticide_insecticide_single_score.json,1.2413638920311423e-11,0.0,1.1291151952234172e-10,1.2532515844265315e-10
C7_2024,C7,2024,ha,"Human toxicity, non-cancer - inorganics",Pt,1.7153681392,0.0,0.0721285141,,,,0.0,0.0,0.0,1 kg herbicide active substance,1 kg fungicide active substance,1 kg insecticide active substance,herbicide,fungicide,pesticide_insecticide,,,,herbicide_single_score.json,fungicide_single_score.json,pesticide_insecticide_single_score.json,0.0,0.0,0.0,0.0
C7_2024,C7,2024,ha,"Human toxicity, non-cancer - metals",Pt,1.7153681392,0.0,0.0721285141,,,,0.0,0.0,0.0,1 kg herbicide active substance,1 kg fungicide active substance,1 kg insecticide active substance,herbicide,fungicide,pesticide_insecticide,,,,herbicide_single_score.json,fungicide_single_score.json,pesticide_insecticide_single_score.json,0.0,0.0,0.0,0.0
C7_2024,C7,2024,ha,"Human toxicity, non-cancer - organics",Pt,1.7153681392,0.0,0.0721285141,,,,0.0,0.0,0.0,1 kg herbicide active substance,1 kg fungicide active substance,1 kg insecticide active substance,herbicide,fungicide,pesticide_insecticide,,,,herbicide_single_score.json,fungicide_single_score.json,pesticide_insecticide_single_score.json,0.0,0.0,0.0,0.0
C7_2024,C7,2024,ha,Ionising radiation,Pt,1.7153681392,0.0,0.0721285141,,,,837.086585,620.0116840000001,711.710174,1 kg herbicide active substance,1 kg fungicide active substance,1 kg insecticide active substance,herbicide,fungicide,pesticide_insecticide,,,,herbicide_single_score.json,fungicide_single_score.json,pesticide_insecticide_single_score.json,1435.9116576607325,0.0,51.334597320472454,1487.246254981205
C7_2024,C7,2024,ha,Land use,Pt,1.7153681392,0.0,0.0721285141,,,,10351420.44,9671351.19,10419696.54,1 kg herbicide active substance,1 kg fungicide active substance,1 kg insecticide active substance,herbicide,fungicide,pesticide_insecticide,,,,herbicide_single_score.json,fungicide_single_score.json,pesticide_insecticide_single_score.json,17756496.818239644,0.0,751557.2288031111,18508054.047042754
C7_2024,C7,2024,ha,Ozone depletion,Pt,1.7153681392,0.0,0.0721285141,,,,2.1756e-09,1.40008e-09,1.4799999999999999e-09,1 kg herbicide active substance,1 kg fungicide active substance,1 kg insecticide active substance,herbicide,fungicide,pesticide_insecticide,,,,herbicide_single_score.json,fungicide_single_score.json,pesticide_insecticide_single_score.json,3.73195492364352e-09,0.0,1.0675020086799999e-10,3.83870512451152e-09
C7_2024,C7,2024,ha,Particulate matter,Pt,1.7153681392,0.0,0.0721285141,,,,1.7361e-11,1.44032e-11,1.54963e-11,1 kg herbicide active substance,1 kg fungicide active substance,1 kg insecticide active substance,herbicide,fungicide,pesticide_insecticide,,,,herbicide_single_score.json,fungicide_single_score.json,pesticide_insecticide_single_score.json,2.9780506264651203e-11,0.0,1.11772509304783e-12,3.0898231357699035e-11
C7_2024,C7,2024,ha,Photochemical ozone formation,Pt,1.7153681392,0.0,0.0721285141,,,,0.0482284,0.03470854,0.038507059999999996,1 kg herbicide active substance,1 kg fungicide active substance,1 kg insecticide active substance,herbicide,fungicide,pesticide_insecticide,,,,herbicide_single_score.json,fungicide_single_score.json,pesticide_insecticide_single_score.json,0.08272946076459327,0.0,0.0027774570201595456,0.08550691778475282
C7_2024,C7,2024,ha,"Resource use, fossils",Pt,1.7153681392,0.0,0.0721285141,,,,1337963.403,941010.855,1030841.5170000001,1 kg herbicide active substance,1 kg fungicide active substance,1 kg insecticide active substance,herbicide,fungicide,pesticide_insecticide,,,,herbicide_single_score.json,fungicide_single_score.json,pesticide_insecticide_single_score.json,2295099.7929218095,0.0,74353.0668937999,2369452.859815609
C7_2024,C7,2024,ha,"Resource use, minerals and metals",Pt,1.7153681392,0.0,0.0721285141,,,,2.9472e-07,2.208e-07,2.5343999999999997e-07,1 kg herbicide active substance,1 kg fungicide active substance,1 kg insecticide active substance,herbicide,fungicide,pesticide_insecticide,,,,herbicide_single_score.json,fungicide_single_score.json,pesticide_insecticide_single_score.json,5.05553297985024e-07,0.0,1.8280250613503998e-08,5.23833548598528e-07
C7_2024,C7,2024,ha,Total,Pt,1.7153681392,0.0,0.0721285141,,,,13176815.469822299,14456166.866849951,540489472.3400254,1 kg herbicide active substance,1 kg fungicide active substance,1 kg insecticide active substance,herbicide,fungicide,pesticide_insecticide,,,,herbicide_single_score.json,fungicide_single_score.json,pesticide_insecticide_single_score.json,22603089.43305085,0.0,38984702.52657908,61587791.95962993
C7_2024,C7,2024,ha,Water use,Pt,1.7153681392,0.0,0.0721285141,,,,1884.394864,1440.918633,1631.081551,1 kg herbicide active substance,1 kg fungicide active substance,1 kg insecticide active substance,herbicide,fungicide,pesticide_insecticide,,,,herbicide_single_score.json,fungicide_single_score.json,pesticide_insecticide_single_score.json,3232.430911377717,0.0,117.64748864955337,3350.0784000272706
C8_2022,C8,2022,ha,Acidification,Pt,2.9859259259,0.0,0.12,,,,0.17838808,0.13245375999999998,0.14868711999999998,1 kg herbicide active substance,1 kg fungicide active substance,1 kg insecticide active substance,herbicide,fungicide,pesticide_insecticide,,,,herbicide_single_score.json,fungicide_single_score.json,pesticide_insecticide_single_score.json,0.5326535929435233,0.0,0.017842454399999996,0.5504960473435233
C8_2022,C8,2022,ha,Climate change,Pt,2.9859259259,0.0,0.12,,,,24201.564,16691.588519999998,18147.4914,1 kg herbicide active substance,1 kg fungicide active substance,1 kg insecticide active substance,herbicide,fungicide,pesticide_insecticide,,,,herbicide_single_score.json,fungicide_single_score.json,pesticide_insecticide_single_score.json,72264.07739492811,0.0,2177.6989679999997,74441.77636292811
C8_2022,C8,2022,ha,Climate change - Biogenic,Pt,2.9859259259,0.0,0.12,,,,0.0,0.0,0.0,1 kg herbicide active substance,1 kg fungicide active substance,1 kg insecticide active substance,herbicide,fungicide,pesticide_insecticide,,,,herbicide_single_score.json,fungicide_single_score.json,pesticide_insecticide_single_score.json,0.0,0.0,0.0,0.0
C8_2022,C8,2022,ha,Climate change - Fossil,Pt,2.9859259259,0.0,0.12,,,,0.0,0.0,0.0,1 kg herbicide active substance,1 kg fungicide active substance,1 kg insecticide active substance,herbicide,fungicide,pesticide_insecticide,,,,herbicide_single_score.json,fungicide_single_score.json,pesticide_insecticide_single_score.json,0.0,0.0,0.0,0.0
C8_2022,C8,2022,ha,Climate change - Land use and LU change,Pt,2.9859259259,0.0,0.12,,,,0.0,0.0,0.0,1 kg herbicide active substance,1 kg fungicide active substance,1 kg insecticide active substance,herbicide,fungicide,pesticide_insecticide,,,,herbicide_single_score.json,fungicide_single_score.json,pesticide_insecticide_single_score.json,0.0,0.0,0.0,0.0
C8_2022,C8,2022,ha,"Ecotoxicity, freshwater",Pt,2.9859259259,0.0,0.12,,,,1460507.7396,3825051.6733000004,529018443.3026,1 kg herbicide active substance,1 kg fungicide active substance,1 kg insecticide active substance,herbicide,fungicide,pesticide_insecticide,,,,herbicide_single_score.json,fungicide_single_score.json,pesticide_insecticide_single_score.json,4360967.924649246,0.0,63482213.196312,67843181.12096125
C8_2022,C8,2022,ha,"Ecotoxicity, freshwater - inorganics",Pt,2.9859259259,0.0,0.12,,,,0.0,0.0,0.0,1 kg herbicide active substance,1 kg fungicide active substance,1 kg insecticide active substance,herbicide,fungicide,pesticide_insecticide,,,,herbicide_single_score.json,fungicide_single_score.json,pesticide_insecticide_single_score.json,0.0,0.0,0.0,0.0
C8_2022,C8,2022,ha,"Ecotoxicity, freshwater - metals",Pt,2.9859259259,0.0,0.12,,,,0.0,0.0,0.0,1 kg herbicide active substance,1 kg fungicide active substance,1 kg insecticide active substance,herbicide,fungicide,pesticide_insecticide,,,,herbicide_single_score.json,fungicide_single_score.json,pesticide_insecticide_single_score.json,0.0,0.0,0.0,0.0
C8_2022,C8,2022,ha,"Ecotoxicity, freshwater - organics",Pt,2.9859259259,0.0,0.12,,,,0.0,0.0,0.0,1 kg herbicide active substance,1 kg fungicide active substance,1 kg insecticide active substance,herbicide,fungicide,pesticide_insecticide,,,,herbicide_single_score.json,fungicide_single_score.json,pesticide_insecticide_single_score.json,0.0,0.0,0.0,0.0
C8_2022,C8,2022,ha,"Eutrophication, freshwater",Pt,2.9859259259,0.0,0.12,,,,0.0001366398,0.000103618,0.000118759,1 kg herbicide active substance,1 kg fungicide active substance,1 kg insecticide active substance,herbicide,fungicide,pesticide_insecticide,,,,herbicide_single_score.json,fungicide_single_score.json,pesticide_insecticide_single_score.json,0.00040799632132979083,0.0,1.425108e-05,0.00042224740132979085
C8_2022,C8,2022,ha,"Eutrophication, marine",Pt,2.9859259259,0.0,0.12,,,,0.010586454,0.008716038,0.009537278,1 kg herbicide active substance,1 kg fungicide active substance,1 kg insecticide active substance,herbicide,fungicide,pesticide_insecticide,,,,herbicide_single_score.json,fungicide_single_score.json,pesticide_insecticide_single_score.json,0.03161036746194776,0.0,0.0011444733599999999,0.03275484082194776
C8_2022,C8,2022,ha,"Eutrophication, terrestrial",Pt,2.9859259259,0.0,0.12,,,,0.60443343,0.45373077,0.50045004,1 kg herbicide active substance,1 kg fungicide active substance,1 kg insecticide active substance,herbicide,fungicide,pesticide_insecticide,,,,herbicide_single_score.json,fungicide_single_score.json,pesticide_insecticide_single_score.json,1.8047934491176632,0.0,0.060054004800000005,1.8648474539176632
C8_2022,C8,2022,ha,"Human toxicity, cancer",Pt,2.9859259259,0.0,0.12,,,,5.3791999999999995e-15,5.9696e-15,4.6166e-15,1 kg herbicide active substance,1 kg fungicide active substance,1 kg insecticide active substance,herbicide,fungicide,pesticide_insecticide,,,,herbicide_single_score.json,fungicide_single_score.json,pesticide_insecticide_single_score.json,1.606189274060128e-14,0.0,5.53992e-16,1.6615884740601278e-14
C8_2022,C8,2022,ha,"Human toxicity, cancer - inorganics",Pt,2.9859259259,0.0,0.12,,,,0.0,0.0,0.0,1 kg herbicide active substance,1 kg fungicide active substance,1 kg insecticide active substance,herbicide,fungicide,pesticide_insecticide,,,,herbicide_single_score.json,fungicide_single_score.json,pesticide_insecticide_single_score.json,0.0,0.0,0.0,0.0
C8_2022,C8,2022,ha,"Human toxicity, cancer - metals",Pt,2.9859259259,0.0,0.12,,,,0.0,0.0,0.0,1 kg herbicide active substance,1 kg fungicide active substance,1 kg insecticide active substance,herbicide,fungicide,pesticide_insecticide,,,,herbicide_single_score.json,fungicide_single_score.json,pesticide_insecticide_single_score.json,0.0,0.0,0.0,0.0
C8_2022,C8,2022,ha,"Human toxicity, cancer - organics",Pt,2.9859259259,0.0,0.12,,,,0.0,0.0,0.0,1 kg herbicide active substance,1 kg fungicide active substance,1 kg insecticide active substance,herbicide,fungicide,pesticide_insecticide,,,,herbicide_single_score.json,fungicide_single_score.json,pesticide_insecticide_single_score.json,0.0,0.0,0.0,0.0
C8_2022,C8,2022,ha,"Human toxicity, non-cancer",Pt,2.9859259259,0.0,0.12,,,,7.236719999999999e-12,3.766066e-12,1.5654213999999998e-09,1 kg herbicide active substance,1 kg fungicide active substance,1 kg insecticide active substance,herbicide,fungicide,pesticide_insecticide,,,,herbicide_single_score.json,fungicide_single_score.json,pesticide_insecticide_single_score.json,2.1608309866479046e-11,0.0,1.8785056799999997e-10,2.0945887786647902e-10
C8_2022,C8,2022,ha,"Human toxicity, non-cancer - inorganics",Pt,2.9859259259,0.0,0.12,,,,0.0,0.0,0.0,1 kg herbicide active substance,1 kg fungicide active substance,1 kg insecticide active substance,herbicide,fungicide,pesticide_insecticide,,,,herbicide_single_score.json,fungicide_single_score.json,pesticide_insecticide_single_score.json,0.0,0.0,0.0,0.0
C8_2022,C8,2022,ha,"Human toxicity, non-cancer - metals",Pt,2.9859259259,0.0,0.12,,,,0.0,0.0,0.0,1 kg herbicide active substance,1 kg fungicide active substance,1 kg insecticide active substance,herbicide,fungicide,pesticide_insecticide,,,,herbicide_single_score.json,fungicide_single_score.json,pesticide_insecticide_single_score.json,0.0,0.0,0.0,0.0
C8_2022,C8,2022,ha,"Human toxicity, non-cancer - organics",Pt,2.9859259259,0.0,0.12,,,,0.0,0.0,0.0,1 kg herbicide active substance,1 kg fungicide active substance,1 kg insecticide active substance,herbicide,fungicide,pesticide_insecticide,,,,herbicide_single_score.json,fungicide_single_score.json,pesticide_insecticide_single_score.json,0.0,0.0,0.0,0.0
C8_2022,C8,2022,ha,Ionising radiation,Pt,2.9859259259,0.0,0.12,,,,837.086585,620.0116840000001,711.710174,1 kg herbicide active substance,1 kg fungicide active substance,1 kg insecticide active substance,herbicide,fungicide,pesticide_insecticide,,,,herbicide_single_score.json,fungicide_single_score.json,pesticide_insecticide_single_score.json,2499.478536374594,0.0,85.40522088,2584.883757254594
C8_2022,C8,2022,ha,Land use,Pt,2.9859259259,0.0,0.12,,,,10351420.44,9671351.19,10419696.54,1 kg herbicide active substance,1 kg fungicide active substance,1 kg insecticide active substance,herbicide,fungicide,pesticide_insecticide,,,,herbicide_single_score.json,fungicide_single_score.json,pesticide_insecticide_single_score.json,30908574.661687184,0.0,1250363.5847999998,32158938.246487185
C8_2022,C8,2022,ha,Ozone depletion,Pt,2.9859259259,0.0,0.12,,,,2.1756e-09,1.40008e-09,1.4799999999999999e-09,1 kg herbicide active substance,1 kg fungicide active substance,1 kg insecticide active substance,herbicide,fungicide,pesticide_insecticide,,,,herbicide_single_score.json,fungicide_single_score.json,pesticide_insecticide_single_score.json,6.49618044438804e-09,0.0,1.7759999999999999e-10,6.67378044438804e-09
C8_2022,C8,2022,ha,Particulate matter,Pt,2.9859259259,0.0,0.12,,,,1.7361e-11,1.44032e-11,1.54963e-11,1 kg herbicide active substance,1 kg fungicide active substance,1 kg insecticide active substance,herbicide,fungicide,pesticide_insecticide,,,,herbicide_single_score.json,fungicide_single_score.json,pesticide_insecticide_single_score.json,5.1838659999549905e-11,0.0,1.859556e-12,5.369821599954991e-11
C8_2022,C8,2022,ha,Photochemical ozone formation,Pt,2.9859259259,0.0,0.12,,,,0.0482284,0.03470854,0.038507059999999996,1 kg herbicide active substance,1 kg fungicide active substance,1 kg insecticide active substance,herbicide,fungicide,pesticide_insecticide,,,,herbicide_single_score.json,fungicide_single_score.json,pesticide_insecticide_single_score.json,0.14400642992467555,0.0,0.004620847199999999,0.14862727712467555
C8_2022,C8,2022,ha,"Resource use, fossils",Pt,2.9859259259,0.0,0.12,,,,1337963.403,941010.855,1030841.5170000001,1 kg herbicide active substance,1 kg fungicide active substance,1 kg insecticide active substance,herbicide,fungicide,pesticide_insecticide,,,,herbicide_single_score.json,fungicide_single_score.json,pesticide_insecticide_single_score.json,3995059.61292309,0.0,123700.98204,4118760.59496309
C8_2022,C8,2022,ha,"Resource use, minerals and metals",Pt,2.9859259259,0.0,0.12,,,,2.9472e-07,2.208e-07,2.5343999999999997e-07,1 kg herbicide active substance,1 kg fungicide active substance,1 kg insecticide active substance,herbicide,fungicide,pesticide_insecticide,,,,herbicide_single_score.json,fungicide_single_score.json,pesticide_insecticide_single_score.json,8.80012088881248e-07,0.0,3.04128e-08,9.10424888881248e-07
C8_2022,C8,2022,ha,Total,Pt,2.9859259259,0.0,0.12,,,,13176815.469822299,14456166.866849951,540489472.3400254,1 kg herbicide active substance,1 kg fungicide active substance,1 kg insecticide active substance,herbicide,fungicide,pesticide_insecticide,,,,herbicide_single_score.json,fungicide_single_score.json,pesticide_insecticide_single_score.json,39344994.93214259,0.0,64858736.680803046,104203731.61294565
C8_2022,C8,2022,ha,Water use,Pt,2.9859259259,0.0,0.12,,,,1884.394864,1440.918633,1631.081551,1 kg herbicide active substance,1 kg fungicide active substance,1 kg insecticide active substance,herbicide,fungicide,pesticide_insecticide,,,,herbicide_single_score.json,fungicide_single_score.json,pesticide_insecticide_single_score.json,5626.663479050405,0.0,195.72978612,5822.393265170405
C8_2023,C8,2023,ha,Acidification,Pt,2.5432115782,0.0,0.4716884907,,,,0.17838808,0.13245375999999998,0.14868711999999998,1 kg herbicide active substance,1 kg fungicide active substance,1 kg insecticide active substance,herbicide,fungicide,pesticide_insecticide,,,,herbicide_single_score.json,fungicide_single_score.json,pesticide_insecticide_single_score.json,0.4536786304688679,0.0,0.07013400321932978,0.5238126336881976
C8_2023,C8,2023,ha,Climate change,Pt,2.5432115782,0.0,0.4716884907,,,,24201.564,16691.588519999998,18147.4914,1 kg herbicide active substance,1 kg fungicide active substance,1 kg insecticide active substance,herbicide,fungicide,pesticide_insecticide,,,,herbicide_single_score.json,fungicide_single_score.json,pesticide_insecticide_single_score.json,61549.69777534831,0.0,8559.96282845723,70109.66060380553
C8_2023,C8,2023,ha,Climate change - Biogenic,Pt,2.5432115782,0.0,0.4716884907,,,,0.0,0.0,0.0,1 kg herbicide active substance,1 kg fungicide active substance,1 kg insecticide active substance,herbicide,fungicide,pesticide_insecticide,,,,herbicide_single_score.json,fungicide_single_score.json,pesticide_insecticide_single_score.json,0.0,0.0,0.0,0.0
C8_2023,C8,2023,ha,Climate change - Fossil,Pt,2.5432115782,0.0,0.4716884907,,,,0.0,0.0,0.0,1 kg herbicide active substance,1 kg fungicide active substance,1 kg insecticide active substance,herbicide,fungicide,pesticide_insecticide,,,,herbicide_single_score.json,fungicide_single_score.json,pesticide_insecticide_single_score.json,0.0,0.0,0.0,0.0
C8_2023,C8,2023,ha,Climate change - Land use and LU change,Pt,2.5432115782,0.0,0.4716884907,,,,0.0,0.0,0.0,1 kg herbicide active substance,1 kg fungicide active substance,1 kg insecticide active substance,herbicide,fungicide,pesticide_insecticide,,,,herbicide_single_score.json,fungicide_single_score.json,pesticide_insecticide_single_score.json,0.0,0.0,0.0,0.0
C8_2023,C8,2023,ha,"Ecotoxicity, freshwater",Pt,2.5432115782,0.0,0.4716884907,,,,1460507.7396,3825051.6733000004,529018443.3026,1 kg herbicide active substance,1 kg fungicide active substance,1 kg insecticide active substance,herbicide,fungicide,pesticide_insecticide,,,,herbicide_single_score.json,fungicide_single_score.json,pesticide_insecticide_single_score.json,3714380.1934014307,0.0,249531911.07386693,253246291.26726836
C8_2023,C8,2023,ha,"Ecotoxicity, freshwater - inorganics",Pt,2.5432115782,0.0,0.4716884907,,,,0.0,0.0,0.0,1 kg herbicide active substance,1 kg fungicide active substance,1 kg insecticide active substance,herbicide,fungicide,pesticide_insecticide,,,,herbicide_single_score.json,fungicide_single_score.json,pesticide_insecticide_single_score.json,0.0,0.0,0.0,0.0
C8_2023,C8,2023,ha,"Ecotoxicity, freshwater - metals",Pt,2.5432115782,0.0,0.4716884907,,,,0.0,0.0,0.0,1 kg herbicide active substance,1 kg fungicide active substance,1 kg insecticide active substance,herbicide,fungicide,pesticide_insecticide,,,,herbicide_single_score.json,fungicide_single_score.json,pesticide_insecticide_single_score.json,0.0,0.0,0.0,0.0
C8_2023,C8,2023,ha,"Ecotoxicity, freshwater - organics",Pt,2.5432115782,0.0,0.4716884907,,,,0.0,0.0,0.0,1 kg herbicide active substance,1 kg fungicide active substance,1 kg insecticide active substance,herbicide,fungicide,pesticide_insecticide,,,,herbicide_single_score.json,fungicide_single_score.json,pesticide_insecticide_single_score.json,0.0,0.0,0.0,0.0
C8_2023,C8,2023,ha,"Eutrophication, freshwater",Pt,2.5432115782,0.0,0.4716884907,,,,0.0001366398,0.000103618,0.000118759,1 kg herbicide active substance,1 kg fungicide active substance,1 kg insecticide active substance,herbicide,fungicide,pesticide_insecticide,,,,herbicide_single_score.json,fungicide_single_score.json,pesticide_insecticide_single_score.json,0.0003475039214029324,0.0,5.6017253467041304e-05,0.0004035211748699737
C8_2023,C8,2023,ha,"Eutrophication, marine",Pt,2.5432115782,0.0,0.4716884907,,,,0.010586454,0.008716038,0.009537278,1 kg herbicide active substance,1 kg fungicide active substance,1 kg insecticide active substance,herbicide,fungicide,pesticide_insecticide,,,,herbicide_single_score.json,fungicide_single_score.json,pesticide_insecticide_single_score.json,0.026923592384881706,0.0,0.004498624265206315,0.03142221665008802
C8_2023,C8,2023,ha,"Eutrophication, terrestrial",Pt,2.5432115782,0.0,0.4716884907,,,,0.60443343,0.45373077,0.50045004,1 kg herbicide active substance,1 kg fungicide active substance,1 kg insecticide active substance,herbicide,fungicide,pesticide_insecticide,,,,herbicide_single_score.json,fungicide_single_score.json,pesticide_insecticide_single_score.json,1.5372020974271394,0.0,0.23605652403835464,1.773258621465494
C8_2023,C8,2023,ha,"Human toxicity, cancer",Pt,2.5432115782,0.0,0.4716884907,,,,5.3791999999999995e-15,5.9696e-15,4.6166e-15,1 kg herbicide active substance,1 kg fungicide active substance,1 kg insecticide active substance,herbicide,fungicide,pesticide_insecticide,,,,herbicide_single_score.json,fungicide_single_score.json,pesticide_insecticide_single_score.json,1.368044372145344e-14,0.0,2.17759708616562e-15,1.585804080761906e-14
C8_2023,C8,2023,ha,"Human toxicity, cancer - inorganics",Pt,2.5432115782,0.0,0.4716884907,,,,0.0,0.0,0.0,1 kg herbicide active substance,1 kg fungicide active substance,1 kg insecticide active substance,herbicide,fungicide,pesticide_insecticide,,,,herbicide_single_score.json,fungicide_single_score.json,pesticide_insecticide_single_score.json,0.0,0.0,0.0,0.0
C8_2023,C8,2023,ha,"Human toxicity, cancer - metals",Pt,2.5432115782,0.0,0.4716884907,,,,0.0,0.0,0.0,1 kg herbicide active substance,1 kg fungicide active substance,1 kg insecticide active substance,herbicide,fungicide,pesticide_insecticide,,,,herbicide_single_score.json,fungicide_single_score.json,pesticide_insecticide_single_score.json,0.0,0.0,0.0,0.0
C8_2023,C8,2023,ha,"Human toxicity, cancer - organics",Pt,2.5432115782,0.0,0.4716884907,,,,0.0,0.0,0.0,1 kg herbicide active substance,1 kg fungicide active substance,1 kg insecticide active substance,herbicide,fungicide,pesticide_insecticide,,,,herbicide_single_score.json,fungicide_single_score.json,pesticide_insecticide_single_score.json,0.0,0.0,0.0,0.0
C8_2023,C8,2023,ha,"Human toxicity, non-cancer",Pt,2.5432115782,0.0,0.4716884907,,,,7.236719999999999e-12,3.766066e-12,1.5654213999999998e-09,1 kg herbicide active substance,1 kg fungicide active substance,1 kg insecticide active substance,herbicide,fungicide,pesticide_insecticide,,,,herbicide_single_score.json,fungicide_single_score.json,pesticide_insecticide_single_score.json,1.8404510092191504e-11,0.0,7.383912574754809e-10,7.567957675676724e-10
C8_2023,C8,2023,ha,"Human toxicity, non-cancer - inorganics",Pt,2.5432115782,0.0,0.4716884907,,,,0.0,0.0,0.0,1 kg herbicide active substance,1 kg fungicide active substance,1 kg insecticide active substance,herbicide,fungicide,pesticide_insecticide,,,,herbicide_single_score.json,fungicide_single_score.json,pesticide_insecticide_single_score.json,0.0,0.0,0.0,0.0
C8_2023,C8,2023,ha,"Human toxicity, non-cancer - metals",Pt,2.5432115782,0.0,0.4716884907,,,,0.0,0.0,0.0,1 kg herbicide active substance,1 kg fungicide active substance,1 kg insecticide active substance,herbicide,fungicide,pesticide_insecticide,,,,herbicide_single_score.json,fungicide_single_score.json,pesticide_insecticide_single_score.json,0.0,0.0,0.0,0.0
C8_2023,C8,2023,ha,"Human toxicity, non-cancer - organics",Pt,2.5432115782,0.0,0.4716884907,,,,0.0,0.0,0.0,1 kg herbicide active substance,1 kg fungicide active substance,1 kg insecticide active substance,herbicide,fungicide,pesticide_insecticide,,,,herbicide_single_score.json,fungicide_single_score.json,pesticide_insecticide_single_score.json,0.0,0.0,0.0,0.0
C8_2023,C8,2023,ha,Ionising radiation,Pt,2.5432115782,0.0,0.4716884907,,,,837.086585,620.0116840000001,711.710174,1 kg herbicide active substance,1 kg fungicide active substance,1 kg insecticide active substance,herbicide,fungicide,pesticide_insecticide,,,,herbicide_single_score.json,fungicide_single_score.json,pesticide_insecticide_single_score.json,2128.8882949278986,0.0,335.7054977898944,2464.593792717793
C8_2023,C8,2023,ha,Land use,Pt,2.5432115782,0.0,0.4716884907,,,,10351420.44,9671351.19,10419696.54,1 kg herbicide active substance,1 kg fungicide active substance,1 kg insecticide active substance,herbicide,fungicide,pesticide_insecticide,,,,herbicide_single_score.json,fungicide_single_score.json,pesticide_insecticide_single_score.json,26325852.31382414,0.0,4914850.934504612,31240703.248328753
C8_2023,C8,2023,ha,Ozone depletion,Pt,2.5432115782,0.0,0.4716884907,,,,2.1756e-09,1.40008e-09,1.4799999999999999e-09,1 kg herbicide active substance,1 kg fungicide active substance,1 kg insecticide active substance,herbicide,fungicide,pesticide_insecticide,,,,herbicide_single_score.json,fungicide_single_score.json,pesticide_insecticide_single_score.json,5.53301110953192e-09,0.0,6.98098966236e-10,6.23111007576792e-09
C8_2023,C8,2023,ha,Particulate matter,Pt,2.5432115782,0.0,0.4716884907,,,,1.7361e-11,1.44032e-11,1.54963e-11,1 kg herbicide active substance,1 kg fungicide active substance,1 kg insecticide active substance,herbicide,fungicide,pesticide_insecticide,,,,herbicide_single_score.json,fungicide_single_score.json,pesticide_insecticide_single_score.json,4.41526962091302e-11,0.0,7.30942635843441e-12,5.146212256756461e-11
C8_2023,C8,2023,ha,Photochemical ozone formation,Pt,2.5432115782,0.0,0.4716884907,,,,0.0482284,0.03470854,0.038507059999999996,1 kg herbicide active substance,1 kg fungicide active substance,1 kg insecticide active substance,herbicide,fungicide,pesticide_insecticide,,,,herbicide_single_score.json,fungicide_single_score.json,pesticide_insecticide_single_score.json,0.12265502527806088,0.0,0.01816333701269434,0.14081836229075523
C8_2023,C8,2023,ha,"Resource use, fossils",Pt,2.5432115782,0.0,0.4716884907,,,,1337963.403,941010.855,1030841.5170000001,1 kg herbicide active substance,1 kg fungicide active substance,1 kg insecticide active substance,herbicide,fungicide,pesticide_insecticide,,,,herbicide_single_score.json,fungicide_single_score.json,pesticide_insecticide_single_score.json,3402724.0177174727,0.0,486236.0793046285,3888960.0970221013
C8_2023,C8,2023,ha,"Resource use, minerals and metals",Pt,2.5432115782,0.0,0.4716884907,,,,2.9472e-07,2.208e-07,2.5343999999999997e-07,1 kg herbicide active substance,1 kg fungicide active substance,1 kg insecticide active substance,herbicide,fungicide,pesticide_insecticide,,,,herbicide_single_score.json,fungicide_single_score.json,pesticide_insecticide_single_score.json,7.49535316327104e-07,0.0,1.19544731083008e-07,8.69080047410112e-07
C8_2023,C8,2023,ha,Total,Pt,2.5432115782,0.0,0.4716884907,,,,13176815.469822299,14456166.866849951,540489472.3400254,1 kg herbicide active substance,1 kg fungicide active substance,1 kg insecticide active substance,herbicide,fungicide,pesticide_insecticide,,,,herbicide_single_score.json,fungicide_single_score.json,pesticide_insecticide_single_score.json,33511429.666656945,0.0,254942663.447306,288454093.11396295
C8_2023,C8,2023,ha,Water use,Pt,2.5432115782,0.0,0.4716884907,,,,1884.394864,1440.918633,1631.081551,1 kg herbicide active substance,1 kg fungicide active substance,1 kg insecticide active substance,herbicide,fungicide,pesticide_insecticide,,,,herbicide_single_score.json,fungicide_single_score.json,pesticide_insecticide_single_score.json,4792.414836025415,0.0,769.3623949998051,5561.77723102522
C8_2024,C8,2024,ha,Acidification,Pt,0.5967861976,0.1547902571,0.0,,,,0.17838808,0.13245375999999998,0.14868711999999998,1 kg herbicide active substance,1 kg fungicide active substance,1 kg insecticide active substance,herbicide,fungicide,pesticide_insecticide,,,,herbicide_single_score.json,fungicide_single_score.json,pesticide_insecticide_single_score.json,0.1064595439603646,0.02050255156426169,0.0,0.12696209552462628
C8_2024,C8,2024,ha,Climate change,Pt,0.5967861976,0.1547902571,0.0,,,,24201.564,16691.588519999998,18147.4914,1 kg herbicide active substance,1 kg fungicide active substance,1 kg insecticide active substance,herbicide,fungicide,pesticide_insecticide,,,,herbicide_single_score.json,fungicide_single_score.json,pesticide_insecticide_single_score.json,14443.159355533044,2583.695278418208,0.0,17026.85463395125
C8_2024,C8,2024,ha,Climate change - Biogenic,Pt,0.5967861976,0.1547902571,0.0,,,,0.0,0.0,0.0,1 kg herbicide active substance,1 kg fungicide active substance,1 kg insecticide active substance,herbicide,fungicide,pesticide_insecticide,,,,herbicide_single_score.json,fungicide_single_score.json,pesticide_insecticide_single_score.json,0.0,0.0,0.0,0.0
C8_2024,C8,2024,ha,Climate change - Fossil,Pt,0.5967861976,0.1547902571,0.0,,,,0.0,0.0,0.0,1 kg herbicide active substance,1 kg fungicide active substance,1 kg insecticide active substance,herbicide,fungicide,pesticide_insecticide,,,,herbicide_single_score.json,fungicide_single_score.json,pesticide_insecticide_single_score.json,0.0,0.0,0.0,0.0
C8_2024,C8,2024,ha,Climate change - Land use and LU change,Pt,0.5967861976,0.1547902571,0.0,,,,0.0,0.0,0.0,1 kg herbicide active substance,1 kg fungicide active substance,1 kg insecticide active substance,herbicide,fungicide,pesticide_insecticide,,,,herbicide_single_score.json,fungicide_single_score.json,pesticide_insecticide_single_score.json,0.0,0.0,0.0,0.0
C8_2024,C8,2024,ha,"Ecotoxicity, freshwater",Pt,0.5967861976,0.1547902571,0.0,,,,1460507.7396,3825051.6733000004,529018443.3026,1 kg herbicide active substance,1 kg fungicide active substance,1 kg insecticide active substance,herbicide,fungicide,pesticide_insecticide,,,,herbicide_single_score.json,fungicide_single_score.json,pesticide_insecticide_single_score.json,871610.8604812549,592080.7319308922,0.0,1463691.5924121472
C8_2024,C8,2024,ha,"Ecotoxicity, freshwater - inorganics",Pt,0.5967861976,0.1547902571,0.0,,,,0.0,0.0,0.0,1 kg herbicide active substance,1 kg fungicide active substance,1 kg insecticide active substance,herbicide,fungicide,pesticide_insecticide,,,,herbicide_single_score.json,fungicide_single_score.json,pesticide_insecticide_single_score.json,0.0,0.0,0.0,0.0
C8_2024,C8,2024,ha,"Ecotoxicity, freshwater - metals",Pt,0.5967861976,0.1547902571,0.0,,,,0.0,0.0,0.0,1 kg herbicide active substance,1 kg fungicide active substance,1 kg insecticide active substance,herbicide,fungicide,pesticide_insecticide,,,,herbicide_single_score.json,fungicide_single_score.json,pesticide_insecticide_single_score.json,0.0,0.0,0.0,0.0
C8_2024,C8,2024,ha,"Ecotoxicity, freshwater - organics",Pt,0.5967861976,0.1547902571,0.0,,,,0.0,0.0,0.0,1 kg herbicide active substance,1 kg fungicide active substance,1 kg insecticide active substance,herbicide,fungicide,pesticide_insecticide,,,,herbicide_single_score.json,fungicide_single_score.json,pesticide_insecticide_single_score.json,0.0,0.0,0.0,0.0
C8_2024,C8,2024,ha,"Eutrophication, freshwater",Pt,0.5967861976,0.1547902571,0.0,,,,0.0001366398,0.000103618,0.000118759,1 kg herbicide active substance,1 kg fungicide active substance,1 kg insecticide active substance,herbicide,fungicide,pesticide_insecticide,,,,herbicide_single_score.json,fungicide_single_score.json,pesticide_insecticide_single_score.json,8.154474668282447e-05,1.60390568601878e-05,0.0,9.758380354301227e-05
C8_2024,C8,2024,ha,"Eutrophication, marine",Pt,0.5967861976,0.1547902571,0.0,,,,0.010586454,0.008716038,0.009537278,1 kg herbicide active substance,1 kg fungicide active substance,1 kg insecticide active substance,herbicide,fungicide,pesticide_insecticide,,,,herbicide_single_score.json,fungicide_single_score.json,pesticide_insecticide_single_score.json,0.00631784962872731,0.0013491577629133698,0.0,0.00766700739164068
C8_2024,C8,2024,ha,"Eutrophication, terrestrial",Pt,0.5967861976,0.1547902571,0.0,,,,0.60443343,0.45373077,0.50045004,1 kg herbicide active substance,1 kg fungicide active substance,1 kg insecticide active substance,herbicide,fungicide,pesticide_insecticide,,,,herbicide_single_score.json,fungicide_single_score.json,pesticide_insecticide_single_score.json,0.36071752839202575,0.07023310254248097,0.0,0.4309506309345067
C8_2024,C8,2024,ha,"Human toxicity, cancer",Pt,0.5967861976,0.1547902571,0.0,,,,5.3791999999999995e-15,5.9696e-15,4.6166e-15,1 kg herbicide active substance,1 kg fungicide active substance,1 kg insecticide active substance,herbicide,fungicide,pesticide_insecticide,,,,herbicide_single_score.json,fungicide_single_score.json,pesticide_insecticide_single_score.json,3.2102323141299196e-15,9.2403591878416e-16,0.0,4.134268232914079e-15
C8_2024,C8,2024,ha,"Human toxicity, cancer - inorganics",Pt,0.5967861976,0.1547902571,0.0,,,,0.0,0.0,0.0,1 kg herbicide active substance,1 kg fungicide active substance,1 kg insecticide active substance,herbicide,fungicide,pesticide_insecticide,,,,herbicide_single_score.json,fungicide_single_score.json,pesticide_insecticide_single_score.json,0.0,0.0,0.0,0.0
C8_2024,C8,2024,ha,"Human toxicity, cancer - metals",Pt,0.5967861976,0.1547902571,0.0,,,,0.0,0.0,0.0,1 kg herbicide active substance,1 kg fungicide active substance,1 kg insecticide active substance,herbicide,fungicide,pesticide_insecticide,,,,herbicide_single_score.json,fungicide_single_score.json,pesticide_insecticide_single_score.json,0.0,0.0,0.0,0.0
C8_2024,C8,2024,ha,"Human toxicity, cancer - organics",Pt,0.5967861976,0.1547902571,0.0,,,,0.0,0.0,0.0,1 kg herbicide active substance,1 kg fungicide active substance,1 kg insecticide active substance,herbicide,fungicide,pesticide_insecticide,,,,herbicide_single_score.json,fungicide_single_score.json,pesticide_insecticide_single_score.json,0.0,0.0,0.0,0.0
C8_2024,C8,2024,ha,"Human toxicity, non-cancer",Pt,0.5967861976,0.1547902571,0.0,,,,7.236719999999999e-12,3.766066e-12,1.5654213999999998e-09,1 kg herbicide active substance,1 kg fungicide active substance,1 kg insecticide active substance,herbicide,fungicide,pesticide_insecticide,,,,herbicide_single_score.json,fungicide_single_score.json,pesticide_insecticide_single_score.json,4.3187746118958714e-12,5.829503243955686e-13,0.0,4.90172493629144e-12
C8_2024,C8,2024,ha,"Human toxicity, non-cancer - inorganics",Pt,0.5967861976,0.1547902571,0.0,,,,0.0,0.0,0.0,1 kg herbicide active substance,1 kg fungicide active substance,1 kg insecticide active substance,herbicide,fungicide,pesticide_insecticide,,,,herbicide_single_score.json,fungicide_single_score.json,pesticide_insecticide_single_score.json,0.0,0.0,0.0,0.0
C8_2024,C8,2024,ha,"Human toxicity, non-cancer - metals",Pt,0.5967861976,0.1547902571,0.0,,,,0.0,0.0,0.0,1 kg herbicide active substance,1 kg fungicide active substance,1 kg insecticide active substance,herbicide,fungicide,pesticide_insecticide,,,,herbicide_single_score.json,fungicide_single_score.json,pesticide_insecticide_single_score.json,0.0,0.0,0.0,0.0
C8_2024,C8,2024,ha,"Human toxicity, non-cancer - organics",Pt,0.5967861976,0.1547902571,0.0,,,,0.0,0.0,0.0,1 kg herbicide active substance,1 kg fungicide active substance,1 kg insecticide active substance,herbicide,fungicide,pesticide_insecticide,,,,herbicide_single_score.json,fungicide_single_score.json,pesticide_insecticide_single_score.json,0.0,0.0,0.0,0.0
C8_2024,C8,2024,ha,Ionising radiation,Pt,0.5967861976,0.1547902571,0.0,,,,837.086585,620.0116840000001,711.710174,1 kg herbicide active substance,1 kg fungicide active substance,1 kg insecticide active substance,herbicide,fungicide,pesticide_insecticide,,,,herbicide_single_score.json,fungicide_single_score.json,pesticide_insecticide_single_score.json,499.5617201241192,95.97176797136396,0.0,595.5334880954831
C8_2024,C8,2024,ha,Land use,Pt,0.5967861976,0.1547902571,0.0,,,,10351420.44,9671351.19,10419696.54,1 kg herbicide active substance,1 kg fungicide active substance,1 kg insecticide active substance,herbicide,fungicide,pesticide_insecticide,,,,herbicide_single_score.json,fungicide_single_score.json,pesticide_insecticide_single_score.json,6177584.844146518,1497030.9372044909,0.0,7674615.781351009
C8_2024,C8,2024,ha,Ozone depletion,Pt,0.5967861976,0.1547902571,0.0,,,,2.1756e-09,1.40008e-09,1.4799999999999999e-09,1 kg herbicide active substance,1 kg fungicide active substance,1 kg insecticide active substance,herbicide,fungicide,pesticide_insecticide,,,,herbicide_single_score.json,fungicide_single_score.json,pesticide_insecticide_single_score.json,1.2983680514985598e-09,2.16718743160568e-10,0.0,1.5150867946591278e-09
C8_2024,C8,2024,ha,Particulate matter,Pt,0.5967861976,0.1547902571,0.0,,,,1.7361e-11,1.44032e-11,1.54963e-11,1 kg herbicide active substance,1 kg fungicide active substance,1 kg insecticide active substance,herbicide,fungicide,pesticide_insecticide,,,,herbicide_single_score.json,fungicide_single_score.json,pesticide_insecticide_single_score.json,1.03608051765336e-11,2.22947503106272e-12,0.0,1.259028020759632e-11
C8_2024,C8,2024,ha,Photochemical ozone formation,Pt,0.5967861976,0.1547902571,0.0,,,,0.0482284,0.03470854,0.038507059999999996,1 kg herbicide active substance,1 kg fungicide active substance,1 kg insecticide active substance,herbicide,fungicide,pesticide_insecticide,,,,herbicide_single_score.json,fungicide_single_score.json,pesticide_insecticide_single_score.json,0.028782043452331835,0.005372543830165635,0.0,0.03415458728249747
C8_2024,C8,2024,ha,"Resource use, fossils",Pt,0.5967861976,0.1547902571,0.0,,,,1337963.403,941010.855,1030841.5170000001,1 kg herbicide active substance,1 kg fungicide active substance,1 kg insecticide active substance,herbicide,fungicide,pesticide_insecticide,,,,herbicide_single_score.json,fungicide_single_score.json,pesticide_insecticide_single_score.json,798478.0918043263,145659.3121793408,0.0,944137.403983667
C8_2024,C8,2024,ha,"Resource use, minerals and metals",Pt,0.5967861976,0.1547902571,0.0,,,,2.9472e-07,2.208e-07,2.5343999999999997e-07,1 kg herbicide active substance,1 kg fungicide active substance,1 kg insecticide active substance,herbicide,fungicide,pesticide_insecticide,,,,herbicide_single_score.json,fungicide_single_score.json,pesticide_insecticide_single_score.json,1.7588482815667198e-07,3.417768876768e-08,0.0,2.1006251692435198e-07
C8_2024,C8,2024,ha,Total,Pt,0.5967861976,0.1547902571,0.0,,,,13176815.469822299,14456166.866849951,540489472.3400254,1 kg herbicide active substance,1 kg fungicide active substance,1 kg insecticide active substance,herbicide,fungicide,pesticide_insecticide,,,,herbicide_single_score.json,fungicide_single_score.json,pesticide_insecticide_single_score.json,7863741.600712107,2237673.786000205,0.0,10101415.386712313
C8_2024,C8,2024,ha,Water use,Pt,0.5967861976,0.1547902571,0.0,,,,1884.394864,1440.918633,1631.081551,1 kg herbicide active substance,1 kg fungicide active substance,1 kg insecticide active substance,herbicide,fungicide,pesticide_insecticide,,,,herbicide_single_score.json,fungicide_single_score.json,pesticide_insecticide_single_score.json,1124.580845663529,223.04016566225053,0.0,1347.6210113257796
D1_2022,D1,2022,ha,Acidification,Pt,2.1608163265,0.95,0.0411428571,,,,0.17838808,0.13245375999999998,0.14868711999999998,1 kg herbicide active substance,1 kg fungicide active substance,1 kg insecticide active substance,herbicide,fungicide,pesticide_insecticide,,,,herbicide_single_score.json,fungicide_single_score.json,pesticide_insecticide_single_score.json,0.38546387571698815,0.12583107199999996,0.006117412930770551,0.5174123606477586
D1_2022,D1,2022,ha,Climate change,Pt,2.1608163265,0.95,0.0411428571,,,,24201.564,16691.588519999998,18147.4914,1 kg herbicide active substance,1 kg fungicide active substance,1 kg insecticide active substance,herbicide,fungicide,pesticide_insecticide,,,,herbicide_single_score.json,fungicide_single_score.json,pesticide_insecticide_single_score.json,52295.134618034645,15857.009093999997,746.6396453936788,68898.78335742831
D1_2022,D1,2022,ha,Climate change - Biogenic,Pt,2.1608163265,0.95,0.0411428571,,,,0.0,0.0,0.0,1 kg herbicide active substance,1 kg fungicide active substance,1 kg insecticide active substance,herbicide,fungicide,pesticide_insecticide,,,,herbicide_single_score.json,fungicide_single_score.json,pesticide_insecticide_single_score.json,0.0,0.0,0.0,0.0
D1_2022,D1,2022,ha,Climate change - Fossil,Pt,2.1608163265,0.95,0.0411428571,,,,0.0,0.0,0.0,1 kg herbicide active substance,1 kg fungicide active substance,1 kg insecticide active substance,herbicide,fungicide,pesticide_insecticide,,,,herbicide_single_score.json,fungicide_single_score.json,pesticide_insecticide_single_score.json,0.0,0.0,0.0,0.0
D1_2022,D1,2022,ha,Climate change - Land use and LU change,Pt,2.1608163265,0.95,0.0411428571,,,,0.0,0.0,0.0,1 kg herbicide active substance,1 kg fungicide active substance,1 kg insecticide active substance,herbicide,fungicide,pesticide_insecticide,,,,herbicide_single_score.json,fungicide_single_score.json,pesticide_insecticide_single_score.json,0.0,0.0,0.0,0.0
D1_2022,D1,2022,ha,"Ecotoxicity, freshwater",Pt,2.1608163265,0.95,0.0411428571,,,,1460507.7396,3825051.6733000004,529018443.3026,1 kg herbicide active substance,1 kg fungicide active substance,1 kg insecticide active substance,herbicide,fungicide,pesticide_insecticide,,,,herbicide_single_score.json,fungicide_single_score.json,pesticide_insecticide_single_score.json,3155888.9687072905,3633799.089635,21765330.216063324,28555018.274405614
D1_2022,D1,2022,ha,"Ecotoxicity, freshwater - inorganics",Pt,2.1608163265,0.95,0.0411428571,,,,0.0,0.0,0.0,1 kg herbicide active substance,1 kg fungicide active substance,1 kg insecticide active substance,herbicide,fungicide,pesticide_insecticide,,,,herbicide_single_score.json,fungicide_single_score.json,pesticide_insecticide_single_score.json,0.0,0.0,0.0,0.0
D1_2022,D1,2022,ha,"Ecotoxicity, freshwater - metals",Pt,2.1608163265,0.95,0.0411428571,,,,0.0,0.0,0.0,1 kg herbicide active substance,1 kg fungicide active substance,1 kg insecticide active substance,herbicide,fungicide,pesticide_insecticide,,,,herbicide_single_score.json,fungicide_single_score.json,pesticide_insecticide_single_score.json,0.0,0.0,0.0,0.0
D1_2022,D1,2022,ha,"Ecotoxicity, freshwater - organics",Pt,2.1608163265,0.95,0.0411428571,,,,0.0,0.0,0.0,1 kg herbicide active substance,1 kg fungicide active substance,1 kg insecticide active substance,herbicide,fungicide,pesticide_insecticide,,,,herbicide_single_score.json,fungicide_single_score.json,pesticide_insecticide_single_score.json,0.0,0.0,0.0,0.0
D1_2022,D1,2022,ha,"Eutrophication, freshwater",Pt,2.1608163265,0.95,0.0411428571,,,,0.0001366398,0.000103618,0.000118759,1 kg herbicide active substance,1 kg fungicide active substance,1 kg insecticide active substance,herbicide,fungicide,pesticide_insecticide,,,,herbicide_single_score.json,fungicide_single_score.json,pesticide_insecticide_single_score.json,0.00029525351068969473,9.843709999999999e-05,4.8860845663389e-06,0.0003985766952560336
D1_2022,D1,2022,ha,"Eutrophication, marine",Pt,2.1608163265,0.95,0.0411428571,,,,0.010586454,0.008716038,0.009537278,1 kg herbicide active substance,1 kg fungicide active substance,1 kg insecticide active substance,herbicide,fungicide,pesticide_insecticide,,,,herbicide_single_score.json,fungicide_single_score.json,pesticide_insecticide_single_score.json,0.02287538264294123,0.0082802361,0.0003923908658769738,0.031548009608818206
D1_2022,D1,2022,ha,"Eutrophication, terrestrial",Pt,2.1608163265,0.95,0.0411428571,,,,0.60443343,0.45373077,0.50045004,1 kg herbicide active substance,1 kg fungicide active substance,1 kg insecticide active substance,herbicide,fungicide,pesticide_insecticide,,,,herbicide_single_score.json,fungicide_single_score.json,pesticide_insecticide_single_score.json,1.306069623826395,0.4310442315,0.020589944481409286,1.7577037998078042
D1_2022,D1,2022,ha,"Human toxicity, cancer",Pt,2.1608163265,0.95,0.0411428571,,,,5.3791999999999995e-15,5.9696e-15,4.6166e-15,1 kg herbicide active substance,1 kg fungicide active substance,1 kg insecticide active substance,herbicide,fungicide,pesticide_insecticide,,,,herbicide_single_score.json,fungicide_single_score.json,pesticide_insecticide_single_score.json,1.16234631835088e-14,5.67112e-15,1.8994011408786e-16,1.748452329759666e-14
D1_2022,D1,2022,ha,"Human toxicity, cancer - inorganics",Pt,2.1608163265,0.95,0.0411428571,,,,0.0,0.0,0.0,1 kg herbicide active substance,1 kg fungicide active substance,1 kg insecticide active substance,herbicide,fungicide,pesticide_insecticide,,,,herbicide_single_score.json,fungicide_single_score.json,pesticide_insecticide_single_score.json,0.0,0.0,0.0,0.0
D1_2022,D1,2022,ha,"Human toxicity, cancer - metals",Pt,2.1608163265,0.95,0.0411428571,,,,0.0,0.0,0.0,1 kg herbicide active substance,1 kg fungicide active substance,1 kg insecticide active substance,herbicide,fungicide,pesticide_insecticide,,,,herbicide_single_score.json,fungicide_single_score.json,pesticide_insecticide_single_score.json,0.0,0.0,0.0,0.0
D1_2022,D1,2022,ha,"Human toxicity, cancer - organics",Pt,2.1608163265,0.95,0.0411428571,,,,0.0,0.0,0.0,1 kg herbicide active substance,1 kg fungicide active substance,1 kg insecticide active substance,herbicide,fungicide,pesticide_insecticide,,,,herbicide_single_score.json,fungicide_single_score.json,pesticide_insecticide_single_score.json,0.0,0.0,0.0,0.0
D1_2022,D1,2022,ha,"Human toxicity, non-cancer",Pt,2.1608163265,0.95,0.0411428571,,,,7.236719999999999e-12,3.766066e-12,1.5654213999999998e-09,1 kg herbicide active substance,1 kg fungicide active substance,1 kg insecticide active substance,herbicide,fungicide,pesticide_insecticide,,,,herbicide_single_score.json,fungicide_single_score.json,pesticide_insecticide_single_score.json,1.5637222726309077e-11,3.5777627e-12,6.440590896148193e-11,8.362089438779101e-11
D1_2022,D1,2022,ha,"Human toxicity, non-cancer - inorganics",Pt,2.1608163265,0.95,0.0411428571,,,,0.0,0.0,0.0,1 kg herbicide active substance,1 kg fungicide active substance,1 kg insecticide active substance,herbicide,fungicide,pesticide_insecticide,,,,herbicide_single_score.json,fungicide_single_score.json,pesticide_insecticide_single_score.json,0.0,0.0,0.0,0.0
D1_2022,D1,2022,ha,"Human toxicity, non-cancer - metals",Pt,2.1608163265,0.95,0.0411428571,,,,0.0,0.0,0.0,1 kg herbicide active substance,1 kg fungicide active substance,1 kg insecticide active substance,herbicide,fungicide,pesticide_insecticide,,,,herbicide_single_score.json,fungicide_single_score.json,pesticide_insecticide_single_score.json,0.0,0.0,0.0,0.0
D1_2022,D1,2022,ha,"Human toxicity, non-cancer - organics",Pt,2.1608163265,0.95,0.0411428571,,,,0.0,0.0,0.0,1 kg herbicide active substance,1 kg fungicide active substance,1 kg insecticide active substance,herbicide,fungicide,pesticide_insecticide,,,,herbicide_single_score.json,fungicide_single_score.json,pesticide_insecticide_single_score.json,0.0,0.0,0.0,0.0
D1_2022,D1,2022,ha,Ionising radiation,Pt,2.1608163265,0.95,0.0411428571,,,,837.086585,620.0116840000001,711.710174,1 kg herbicide active substance,1 kg fungicide active substance,1 kg insecticide active substance,herbicide,fungicide,pesticide_insecticide,,,,herbicide_single_score.json,fungicide_single_score.json,pesticide_insecticide_single_score.json,1808.79035956213,589.0110998,29.281789985498136,2427.083249347628
D1_2022,D1,2022,ha,Land use,Pt,2.1608163265,0.95,0.0411428571,,,,10351420.44,9671351.19,10419696.54,1 kg herbicide active substance,1 kg fungicide active substance,1 kg insecticide active substance,herbicide,fungicide,pesticide_insecticide,,,,herbicide_single_score.json,fungicide_single_score.json,pesticide_insecticide_single_score.json,22367518.28921781,9187783.6305,428696.0857705844,31983998.005488396
D1_2022,D1,2022,ha,Ozone depletion,Pt,2.1608163265,0.95,0.0411428571,,,,2.1756e-09,1.40008e-09,1.4799999999999999e-09,1 kg herbicide active substance,1 kg fungicide active substance,1 kg insecticide active substance,herbicide,fungicide,pesticide_insecticide,,,,herbicide_single_score.json,fungicide_single_score.json,pesticide_insecticide_single_score.json,4.7010719999333996e-09,1.330076e-09,6.089142850799999e-11,6.092039428441399e-09
D1_2022,D1,2022,ha,Particulate matter,Pt,2.1608163265,0.95,0.0411428571,,,,1.7361e-11,1.44032e-11,1.54963e-11,1 kg herbicide active substance,1 kg fungicide active substance,1 kg insecticide active substance,herbicide,fungicide,pesticide_insecticide,,,,herbicide_single_score.json,fungicide_single_score.json,pesticide_insecticide_single_score.json,3.75139322443665e-11,1.368304e-11,6.3756205647873e-13,5.183453430084523e-11
D1_2022,D1,2022,ha,Photochemical ozone formation,Pt,2.1608163265,0.95,0.0411428571,,,,0.0482284,0.03470854,0.038507059999999996,1 kg herbicide active substance,1 kg fungicide active substance,1 kg insecticide active substance,herbicide,fungicide,pesticide_insecticide,,,,herbicide_single_score.json,fungicide_single_score.json,pesticide_insecticide_single_score.json,0.10421271412097259,0.032973113,0.0015842904669211258,0.13877011758789373
D1_2022,D1,2022,ha,"Resource use, fossils",Pt,2.1608163265,0.95,0.0411428571,,,,1337963.403,941010.855,1030841.5170000001,1 kg herbicide active substance,1 kg fungicide active substance,1 kg insecticide active substance,herbicide,fungicide,pesticide_insecticide,,,,herbicide_single_score.json,fungicide_single_score.json,pesticide_insecticide_single_score.json,2891093.165461899,893960.31225,42411.765226678224,3827465.242938577
D1_2022,D1,2022,ha,"Resource use, minerals and metals",Pt,2.1608163265,0.95,0.0411428571,,,,2.9472e-07,2.208e-07,2.5343999999999997e-07,1 kg herbicide active substance,1 kg fungicide active substance,1 kg insecticide active substance,herbicide,fungicide,pesticide_insecticide,,,,herbicide_single_score.json,fungicide_single_score.json,pesticide_insecticide_single_score.json,6.3683578774608e-07,2.0976e-07,1.0427245703423999e-08,8.570230334495039e-07
D1_2022,D1,2022,ha,Total,Pt,2.1608163265,0.95,0.0411428571,,,,13176815.469822299,14456166.866849951,540489472.3400254,1 kg herbicide active substance,1 kg fungicide active substance,1 kg insecticide active substance,herbicide,fungicide,pesticide_insecticide,,,,herbicide_single_score.json,fungicide_single_score.json,pesticide_insecticide_single_score.json,28472677.998469792,13733358.523507454,22237281.12454007,64443317.646517314
D1_2022,D1,2022,ha,Water use,Pt,2.1608163265,0.95,0.0411428571,,,,1884.394864,1440.918633,1631.081551,1 kg herbicide active substance,1 kg fungicide active substance,1 kg insecticide active substance,herbicide,fungicide,pesticide_insecticide,,,,herbicide_single_score.json,fungicide_single_score.json,pesticide_insecticide_single_score.json,4071.8311877039473,1368.87270135,67.10735517123936,5507.811244225187
D1_2023,D1,2023,ha,Acidification,Pt,1.09,0.0,0.12,,,,0.17838808,0.13245375999999998,0.14868711999999998,1 kg herbicide active substance,1 kg fungicide active substance,1 kg insecticide active substance,herbicide,fungicide,pesticide_insecticide,,,,herbicide_single_score.json,fungicide_single_score.json,pesticide_insecticide_single_score.json,0.19444300720000002,0.0,0.017842454399999996,0.2122854616
D1_2023,D1,2023,ha,Climate change,Pt,1.09,0.0,0.12,,,,24201.564,16691.588519999998,18147.4914,1 kg herbicide active substance,1 kg fungicide active substance,1 kg insecticide active substance,herbicide,fungicide,pesticide_insecticide,,,,herbicide_single_score.json,fungicide_single_score.json,pesticide_insecticide_single_score.json,26379.70476,0.0,2177.6989679999997,28557.403728
D1_2023,D1,2023,ha,Climate change - Biogenic,Pt,1.09,0.0,0.12,,,,0.0,0.0,0.0,1 kg herbicide active substance,1 kg fungicide active substance,1 kg insecticide active substance,herbicide,fungicide,pesticide_insecticide,,,,herbicide_single_score.json,fungicide_single_score.json,pesticide_insecticide_single_score.json,0.0,0.0,0.0,0.0
D1_2023,D1,2023,ha,Climate change - Fossil,Pt,1.09,0.0,0.12,,,,0.0,0.0,0.0,1 kg herbicide active substance,1 kg fungicide active substance,1 kg insecticide active substance,herbicide,fungicide,pesticide_insecticide,,,,herbicide_single_score.json,fungicide_single_score.json,pesticide_insecticide_single_score.json,0.0,0.0,0.0,0.0
D1_2023,D1,2023,ha,Climate change - Land use and LU change,Pt,1.09,0.0,0.12,,,,0.0,0.0,0.0,1 kg herbicide active substance,1 kg fungicide active substance,1 kg insecticide active substance,herbicide,fungicide,pesticide_insecticide,,,,herbicide_single_score.json,fungicide_single_score.json,pesticide_insecticide_single_score.json,0.0,0.0,0.0,0.0
D1_2023,D1,2023,ha,"Ecotoxicity, freshwater",Pt,1.09,0.0,0.12,,,,1460507.7396,3825051.6733000004,529018443.3026,1 kg herbicide active substance,1 kg fungicide active substance,1 kg insecticide active substance,herbicide,fungicide,pesticide_insecticide,,,,herbicide_single_score.json,fungicide_single_score.json,pesticide_insecticide_single_score.json,1591953.436164,0.0,63482213.196312,65074166.632476
D1_2023,D1,2023,ha,"Ecotoxicity, freshwater - inorganics",Pt,1.09,0.0,0.12,,,,0.0,0.0,0.0,1 kg herbicide active substance,1 kg fungicide active substance,1 kg insecticide active substance,herbicide,fungicide,pesticide_insecticide,,,,herbicide_single_score.json,fungicide_single_score.json,pesticide_insecticide_single_score.json,0.0,0.0,0.0,0.0
D1_2023,D1,2023,ha,"Ecotoxicity, freshwater - metals",Pt,1.09,0.0,0.12,,,,0.0,0.0,0.0,1 kg herbicide active substance,1 kg fungicide active substance,1 kg insecticide active substance,herbicide,fungicide,pesticide_insecticide,,,,herbicide_single_score.json,fungicide_single_score.json,pesticide_insecticide_single_score.json,0.0,0.0,0.0,0.0
D1_2023,D1,2023,ha,"Ecotoxicity, freshwater - organics",Pt,1.09,0.0,0.12,,,,0.0,0.0,0.0,1 kg herbicide active substance,1 kg fungicide active substance,1 kg insecticide active substance,herbicide,fungicide,pesticide_insecticide,,,,herbicide_single_score.json,fungicide_single_score.json,pesticide_insecticide_single_score.json,0.0,0.0,0.0,0.0
D1_2023,D1,2023,ha,"Eutrophication, freshwater",Pt,1.09,0.0,0.12,,,,0.0001366398,0.000103618,0.000118759,1 kg herbicide active substance,1 kg fungicide active substance,1 kg insecticide active substance,herbicide,fungicide,pesticide_insecticide,,,,herbicide_single_score.json,fungicide_single_score.json,pesticide_insecticide_single_score.json,0.00014893738200000002,0.0,1.425108e-05,0.000163188462
D1_2023,D1,2023,ha,"Eutrophication, marine",Pt,1.09,0.0,0.12,,,,0.010586454,0.008716038,0.009537278,1 kg herbicide active substance,1 kg fungicide active substance,1 kg insecticide active substance,herbicide,fungicide,pesticide_insecticide,,,,herbicide_single_score.json,fungicide_single_score.json,pesticide_insecticide_single_score.json,0.01153923486,0.0,0.0011444733599999999,0.012683708220000001
D1_2023,D1,2023,ha,"Eutrophication, terrestrial",Pt,1.09,0.0,0.12,,,,0.60443343,0.45373077,0.50045004,1 kg herbicide active substance,1 kg fungicide active substance,1 kg insecticide active substance,herbicide,fungicide,pesticide_insecticide,,,,herbicide_single_score.json,fungicide_single_score.json,pesticide_insecticide_single_score.json,0.6588324387000001,0.0,0.060054004800000005,0.7188864435000001
D1_2023,D1,2023,ha,"Human toxicity, cancer",Pt,1.09,0.0,0.12,,,,5.3791999999999995e-15,5.9696e-15,4.6166e-15,1 kg herbicide active substance,1 kg fungicide active substance,1 kg insecticide active substance,herbicide,fungicide,pesticide_insecticide,,,,herbicide_single_score.json,fungicide_single_score.json,pesticide_insecticide_single_score.json,5.863328e-15,0.0,5.53992e-16,6.41732e-15
D1_2023,D1,2023,ha,"Human toxicity, cancer - inorganics",Pt,1.09,0.0,0.12,,,,0.0,0.0,0.0,1 kg herbicide active substance,1 kg fungicide active substance,1 kg insecticide active substance,herbicide,fungicide,pesticide_insecticide,,,,herbicide_single_score.json,fungicide_single_score.json,pesticide_insecticide_single_score.json,0.0,0.0,0.0,0.0
D1_2023,D1,2023,ha,"Human toxicity, cancer - metals",Pt,1.09,0.0,0.12,,,,0.0,0.0,0.0,1 kg herbicide active substance,1 kg fungicide active substance,1 kg insecticide active substance,herbicide,fungicide,pesticide_insecticide,,,,herbicide_single_score.json,fungicide_single_score.json,pesticide_insecticide_single_score.json,0.0,0.0,0.0,0.0
D1_2023,D1,2023,ha,"Human toxicity, cancer - organics",Pt,1.09,0.0,0.12,,,,0.0,0.0,0.0,1 kg herbicide active substance,1 kg fungicide active substance,1 kg insecticide active substance,herbicide,fungicide,pesticide_insecticide,,,,herbicide_single_score.json,fungicide_single_score.json,pesticide_insecticide_single_score.json,0.0,0.0,0.0,0.0
D1_2023,D1,2023,ha,"Human toxicity, non-cancer",Pt,1.09,0.0,0.12,,,,7.236719999999999e-12,3.766066e-12,1.5654213999999998e-09,1 kg herbicide active substance,1 kg fungicide active substance,1 kg insecticide active substance,herbicide,fungicide,pesticide_insecticide,,,,herbicide_single_score.json,fungicide_single_score.json,pesticide_insecticide_single_score.json,7.8880248e-12,0.0,1.8785056799999997e-10,1.9573859279999998e-10
D1_2023,D1,2023,ha,"Human toxicity, non-cancer - inorganics",Pt,1.09,0.0,0.12,,,,0.0,0.0,0.0,1 kg herbicide active substance,1 kg fungicide active substance,1 kg insecticide active substance,herbicide,fungicide,pesticide_insecticide,,,,herbicide_single_score.json,fungicide_single_score.json,pesticide_insecticide_single_score.json,0.0,0.0,0.0,0.0
D1_2023,D1,2023,ha,"Human toxicity, non-cancer - metals",Pt,1.09,0.0,0.12,,,,0.0,0.0,0.0,1 kg herbicide active substance,1 kg fungicide active substance,1 kg insecticide active substance,herbicide,fungicide,pesticide_insecticide,,,,herbicide_single_score.json,fungicide_single_score.json,pesticide_insecticide_single_score.json,0.0,0.0,0.0,0.0
D1_2023,D1,2023,ha,"Human toxicity, non-cancer - organics",Pt,1.09,0.0,0.12,,,,0.0,0.0,0.0,1 kg herbicide active substance,1 kg fungicide active substance,1 kg insecticide active substance,herbicide,fungicide,pesticide_insecticide,,,,herbicide_single_score.json,fungicide_single_score.json,pesticide_insecticide_single_score.json,0.0,0.0,0.0,0.0
D1_2023,D1,2023,ha,Ionising radiation,Pt,1.09,0.0,0.12,,,,837.086585,620.0116840000001,711.710174,1 kg herbicide active substance,1 kg fungicide active substance,1 kg insecticide active substance,herbicide,fungicide,pesticide_insecticide,,,,herbicide_single_score.json,fungicide_single_score.json,pesticide_insecticide_single_score.json,912.4243776500001,0.0,85.40522088,997.8295985300001
D1_2023,D1,2023,ha,Land use,Pt,1.09,0.0,0.12,,,,10351420.44,9671351.19,10419696.54,1 kg herbicide active substance,1 kg fungicide active substance,1 kg insecticide active substance,herbicide,fungicide,pesticide_insecticide,,,,herbicide_single_score.json,fungicide_single_score.json,pesticide_insecticide_single_score.json,11283048.2796,0.0,1250363.5847999998,12533411.8644
D1_2023,D1,2023,ha,Ozone depletion,Pt,1.09,0.0,0.12,,,,2.1756e-09,1.40008e-09,1.4799999999999999e-09,1 kg herbicide active substance,1 kg fungicide active substance,1 kg insecticide active substance,herbicide,fungicide,pesticide_insecticide,,,,herbicide_single_score.json,fungicide_single_score.json,pesticide_insecticide_single_score.json,2.371404e-09,0.0,1.7759999999999999e-10,2.549004e-09
D1_2023,D1,2023,ha,Particulate matter,Pt,1.09,0.0,0.12,,,,1.7361e-11,1.44032e-11,1.54963e-11,1 kg herbicide active substance,1 kg fungicide active substance,1 kg insecticide active substance,herbicide,fungicide,pesticide_insecticide,,,,herbicide_single_score.json,fungicide_single_score.json,pesticide_insecticide_single_score.json,1.8923490000000003e-11,0.0,1.859556e-12,2.0783046000000002e-11
D1_2023,D1,2023,ha,Photochemical ozone formation,Pt,1.09,0.0,0.12,,,,0.0482284,0.03470854,0.038507059999999996,1 kg herbicide active substance,1 kg fungicide active substance,1 kg insecticide active substance,herbicide,fungicide,pesticide_insecticide,,,,herbicide_single_score.json,fungicide_single_score.json,pesticide_insecticide_single_score.json,0.052568956,0.0,0.004620847199999999,0.0571898032
D1_2023,D1,2023,ha,"Resource use, fossils",Pt,1.09,0.0,0.12,,,,1337963.403,941010.855,1030841.5170000001,1 kg herbicide active substance,1 kg fungicide active substance,1 kg insecticide active substance,herbicide,fungicide,pesticide_insecticide,,,,herbicide_single_score.json,fungicide_single_score.json,pesticide_insecticide_single_score.json,1458380.1092700001,0.0,123700.98204,1582081.09131
D1_2023,D1,2023,ha,"Resource use, minerals and metals",Pt,1.09,0.0,0.12,,,,2.9472e-07,2.208e-07,2.5343999999999997e-07,1 kg herbicide active substance,1 kg fungicide active substance,1 kg insecticide active substance,herbicide,fungicide,pesticide_insecticide,,,,herbicide_single_score.json,fungicide_single_score.json,pesticide_insecticide_single_score.json,3.212448e-07,0.0,3.04128e-08,3.516576e-07
D1_2023,D1,2023,ha,Total,Pt,1.09,0.0,0.12,,,,13176815.469822299,14456166.866849951,540489472.3400254,1 kg herbicide active substance,1 kg fungicide active substance,1 kg insecticide active substance,herbicide,fungicide,pesticide_insecticide,,,,herbicide_single_score.json,fungicide_single_score.json,pesticide_insecticide_single_score.json,14362728.862106306,0.0,64858736.680803046,79221465.54290935
D1_2023,D1,2023,ha,Water use,Pt,1.09,0.0,0.12,,,,1884.394864,1440.918633,1631.081551,1 kg herbicide active substance,1 kg fungicide active substance,1 kg insecticide active substance,herbicide,fungicide,pesticide_insecticide,,,,herbicide_single_score.json,fungicide_single_score.json,pesticide_insecticide_single_score.json,2053.99040176,0.0,195.72978612,2249.72018788
D1_2024,D1,2024,ha,Acidification,Pt,0.9595967742,0.369,0.0,,,,0.17838808,0.13245375999999998,0.14868711999999998,1 kg herbicide active substance,1 kg fungicide active substance,1 kg insecticide active substance,herbicide,fungicide,pesticide_insecticide,,,,herbicide_single_score.json,fungicide_single_score.json,pesticide_insecticide_single_score.json,0.17118062612373153,0.04887543743999999,0.0,0.22005606356373153
D1_2024,D1,2024,ha,Climate change,Pt,0.9595967742,0.369,0.0,,,,24201.564,16691.588519999998,18147.4914,1 kg herbicide active substance,1 kg fungicide active substance,1 kg insecticide active substance,herbicide,fungicide,pesticide_insecticide,,,,herbicide_single_score.json,fungicide_single_score.json,pesticide_insecticide_single_score.json,23223.742744994848,6159.196163879999,0.0,29382.938908874847
D1_2024,D1,2024,ha,Climate change - Biogenic,Pt,0.9595967742,0.369,0.0,,,,0.0,0.0,0.0,1 kg herbicide active substance,1 kg fungicide active substance,1 kg insecticide active substance,herbicide,fungicide,pesticide_insecticide,,,,herbicide_single_score.json,fungicide_single_score.json,pesticide_insecticide_single_score.json,0.0,0.0,0.0,0.0
D1_2024,D1,2024,ha,Climate change - Fossil,Pt,0.9595967742,0.369,0.0,,,,0.0,0.0,0.0,1 kg herbicide active substance,1 kg fungicide active substance,1 kg insecticide active substance,herbicide,fungicide,pesticide_insecticide,,,,herbicide_single_score.json,fungicide_single_score.json,pesticide_insecticide_single_score.json,0.0,0.0,0.0,0.0
D1_2024,D1,2024,ha,Climate change - Land use and LU change,Pt,0.9595967742,0.369,0.0,,,,0.0,0.0,0.0,1 kg herbicide active substance,1 kg fungicide active substance,1 kg insecticide active substance,herbicide,fungicide,pesticide_insecticide,,,,herbicide_single_score.json,fungicide_single_score.json,pesticide_insecticide_single_score.json,0.0,0.0,0.0,0.0
D1_2024,D1,2024,ha,"Ecotoxicity, freshwater",Pt,0.9595967742,0.369,0.0,,,,1460507.7396,3825051.6733000004,529018443.3026,1 kg herbicide active substance,1 kg fungicide active substance,1 kg insecticide active substance,herbicide,fungicide,pesticide_insecticide,,,,herbicide_single_score.json,fungicide_single_score.json,pesticide_insecticide_single_score.json,1401498.5156142935,1411444.0674477,0.0,2812942.5830619936
D1_2024,D1,2024,ha,"Ecotoxicity, freshwater - inorganics",Pt,0.9595967742,0.369,0.0,,,,0.0,0.0,0.0,1 kg herbicide active substance,1 kg fungicide active substance,1 kg insecticide active substance,herbicide,fungicide,pesticide_insecticide,,,,herbicide_single_score.json,fungicide_single_score.json,pesticide_insecticide_single_score.json,0.0,0.0,0.0,0.0
D1_2024,D1,2024,ha,"Ecotoxicity, freshwater - metals",Pt,0.9595967742,0.369,0.0,,,,0.0,0.0,0.0,1 kg herbicide active substance,1 kg fungicide active substance,1 kg insecticide active substance,herbicide,fungicide,pesticide_insecticide,,,,herbicide_single_score.json,fungicide_single_score.json,pesticide_insecticide_single_score.json,0.0,0.0,0.0,0.0
D1_2024,D1,2024,ha,"Ecotoxicity, freshwater - organics",Pt,0.9595967742,0.369,0.0,,,,0.0,0.0,0.0,1 kg herbicide active substance,1 kg fungicide active substance,1 kg insecticide active substance,herbicide,fungicide,pesticide_insecticide,,,,herbicide_single_score.json,fungicide_single_score.json,pesticide_insecticide_single_score.json,0.0,0.0,0.0,0.0
D1_2024,D1,2024,ha,"Eutrophication, freshwater",Pt,0.9595967742,0.369,0.0,,,,0.0001366398,0.000103618,0.000118759,1 kg herbicide active substance,1 kg fungicide active substance,1 kg insecticide active substance,herbicide,fungicide,pesticide_insecticide,,,,herbicide_single_score.json,fungicide_single_score.json,pesticide_insecticide_single_score.json,0.00013111911130733316,3.8235042e-05,0.0,0.00016935415330733317
D1_2024,D1,2024,ha,"Eutrophication, marine",Pt,0.9595967742,0.369,0.0,,,,0.010586454,0.008716038,0.009537278,1 kg herbicide active substance,1 kg fungicide active substance,1 kg insecticide active substance,herbicide,fungicide,pesticide_insecticide,,,,herbicide_single_score.json,fungicide_single_score.json,pesticide_insecticide_single_score.json,0.010158727108616688,0.003216218022,0.0,0.013374945130616689
D1_2024,D1,2024,ha,"Eutrophication, terrestrial",Pt,0.9595967742,0.369,0.0,,,,0.60443343,0.45373077,0.50045004,1 kg herbicide active substance,1 kg fungicide active substance,1 kg insecticide active substance,herbicide,fungicide,pesticide_insecticide,,,,herbicide_single_score.json,fungicide_single_score.json,pesticide_insecticide_single_score.json,0.5800123696466416,0.16742665413,0.0,0.7474390237766416
D1_2024,D1,2024,ha,"Human toxicity, cancer",Pt,0.9595967742,0.369,0.0,,,,5.3791999999999995e-15,5.9696e-15,4.6166e-15,1 kg herbicide active substance,1 kg fungicide active substance,1 kg insecticide active substance,herbicide,fungicide,pesticide_insecticide,,,,herbicide_single_score.json,fungicide_single_score.json,pesticide_insecticide_single_score.json,5.16186296777664e-15,2.2027824e-15,0.0,7.36464536777664e-15
D1_2024,D1,2024,ha,"Human toxicity, cancer - inorganics",Pt,0.9595967742,0.369,0.0,,,,0.0,0.0,0.0,1 kg herbicide active substance,1 kg fungicide active substance,1 kg insecticide active substance,herbicide,fungicide,pesticide_insecticide,,,,herbicide_single_score.json,fungicide_single_score.json,pesticide_insecticide_single_score.json,0.0,0.0,0.0,0.0
D1_2024,D1,2024,ha,"Human toxicity, cancer - metals",Pt,0.9595967742,0.369,0.0,,,,0.0,0.0,0.0,1 kg herbicide active substance,1 kg fungicide active substance,1 kg insecticide active substance,herbicide,fungicide,pesticide_insecticide,,,,herbicide_single_score.json,fungicide_single_score.json,pesticide_insecticide_single_score.json,0.0,0.0,0.0,0.0
D1_2024,D1,2024,ha,"Human toxicity, cancer - organics",Pt,0.9595967742,0.369,0.0,,,,0.0,0.0,0.0,1 kg herbicide active substance,1 kg fungicide active substance,1 kg insecticide active substance,herbicide,fungicide,pesticide_insecticide,,,,herbicide_single_score.json,fungicide_single_score.json,pesticide_insecticide_single_score.json,0.0,0.0,0.0,0.0
D1_2024,D1,2024,ha,"Human toxicity, non-cancer",Pt,0.9595967742,0.369,0.0,,,,7.236719999999999e-12,3.766066e-12,1.5654213999999998e-09,1 kg herbicide active substance,1 kg fungicide active substance,1 kg insecticide active substance,herbicide,fungicide,pesticide_insecticide,,,,herbicide_single_score.json,fungicide_single_score.json,pesticide_insecticide_single_score.json,6.944333167788623e-12,1.389678354e-12,0.0,8.334011521788623e-12
D1_2024,D1,2024,ha,"Human toxicity, non-cancer - inorganics",Pt,0.9595967742,0.369,0.0,,,,0.0,0.0,0.0,1 kg herbicide active substance,1 kg fungicide active substance,1 kg insecticide active substance,herbicide,fungicide,pesticide_insecticide,,,,herbicide_single_score.json,fungicide_single_score.json,pesticide_insecticide_single_score.json,0.0,0.0,0.0,0.0
D1_2024,D1,2024,ha,"Human toxicity, non-cancer - metals",Pt,0.9595967742,0.369,0.0,,,,0.0,0.0,0.0,1 kg herbicide active substance,1 kg fungicide active substance,1 kg insecticide active substance,herbicide,fungicide,pesticide_insecticide,,,,herbicide_single_score.json,fungicide_single_score.json,pesticide_insecticide_single_score.json,0.0,0.0,0.0,0.0
D1_2024,D1,2024,ha,"Human toxicity, non-cancer - organics",Pt,0.9595967742,0.369,0.0,,,,0.0,0.0,0.0,1 kg herbicide active substance,1 kg fungicide active substance,1 kg insecticide active substance,herbicide,fungicide,pesticide_insecticide,,,,herbicide_single_score.json,fungicide_single_score.json,pesticide_insecticide_single_score.json,0.0,0.0,0.0,0.0
D1_2024,D1,2024,ha,Ionising radiation,Pt,0.9595967742,0.369,0.0,,,,837.086585,620.0116840000001,711.710174,1 kg herbicide active substance,1 kg fungicide active substance,1 kg insecticide active substance,herbicide,fungicide,pesticide_insecticide,,,,herbicide_single_score.json,fungicide_single_score.json,pesticide_insecticide_single_score.json,803.2655866920941,228.78431139600002,0.0,1032.049898088094
D1_2024,D1,2024,ha,Land use,Pt,0.9595967742,0.369,0.0,,,,10351420.44,9671351.19,10419696.54,1 kg herbicide active substance,1 kg fungicide active substance,1 kg insecticide active substance,herbicide,fungicide,pesticide_insecticide,,,,herbicide_single_score.json,fungicide_single_score.json,pesticide_insecticide_single_score.json,9933189.662611945,3568728.5891099996,0.0,13501918.251721945
D1_2024,D1,2024,ha,Ozone depletion,Pt,0.9595967742,0.369,0.0,,,,2.1756e-09,1.40008e-09,1.4799999999999999e-09,1 kg herbicide active substance,1 kg fungicide active substance,1 kg insecticide active substance,herbicide,fungicide,pesticide_insecticide,,,,herbicide_single_score.json,fungicide_single_score.json,pesticide_insecticide_single_score.json,2.08769874194952e-09,5.1662952e-10,0.0,2.60432826194952e-09
D1_2024,D1,2024,ha,Particulate matter,Pt,0.9595967742,0.369,0.0,,,,1.7361e-11,1.44032e-11,1.54963e-11,1 kg herbicide active substance,1 kg fungicide active substance,1 kg insecticide active substance,herbicide,fungicide,pesticide_insecticide,,,,herbicide_single_score.json,fungicide_single_score.json,pesticide_insecticide_single_score.json,1.66595595968862e-11,5.3147808e-12,0.0,2.19743403968862e-11
D1_2024,D1,2024,ha,Photochemical ozone formation,Pt,0.9595967742,0.369,0.0,,,,0.0482284,0.03470854,0.038507059999999996,1 kg herbicide active substance,1 kg fungicide active substance,1 kg insecticide active substance,herbicide,fungicide,pesticide_insecticide,,,,herbicide_single_score.json,fungicide_single_score.json,pesticide_insecticide_single_score.json,0.046279817064827276,0.012807451260000002,0.0,0.059087268324827275
D1_2024,D1,2024,ha,"Resource use, fossils",Pt,0.9595967742,0.369,0.0,,,,1337963.403,941010.855,1030841.5170000001,1 kg herbicide active substance,1 kg fungicide active substance,1 kg insecticide active substance,herbicide,fungicide,pesticide_insecticide,,,,herbicide_single_score.json,fungicide_single_score.json,pesticide_insecticide_single_score.json,1283905.3655164544,347233.005495,0.0,1631138.3710114544
D1_2024,D1,2024,ha,"Resource use, minerals and metals",Pt,0.9595967742,0.369,0.0,,,,2.9472e-07,2.208e-07,2.5343999999999997e-07,1 kg herbicide active substance,1 kg fungicide active substance,1 kg insecticide active substance,herbicide,fungicide,pesticide_insecticide,,,,herbicide_single_score.json,fungicide_single_score.json,pesticide_insecticide_single_score.json,2.82812361292224e-07,8.147519999999999e-08,0.0,3.6428756129222397e-07
D1_2024,D1,2024,ha,Total,Pt,0.9595967742,0.369,0.0,,,,13176815.469822299,14456166.866849951,540489472.3400254,1 kg herbicide active substance,1 kg fungicide active substance,1 kg insecticide active substance,herbicide,fungicide,pesticide_insecticide,,,,herbicide_single_score.json,fungicide_single_score.json,pesticide_insecticide_single_score.json,12644429.619070135,5334325.573867632,0.0,17978755.19293777
D1_2024,D1,2024,ha,Water use,Pt,0.9595967742,0.369,0.0,,,,1884.394864,1440.918633,1631.081551,1 kg herbicide active substance,1 kg fungicide active substance,1 kg insecticide active substance,herbicide,fungicide,pesticide_insecticide,,,,herbicide_single_score.json,fungicide_single_score.json,pesticide_insecticide_single_score.json,1808.2592328134479,531.6989755769999,0.0,2339.958208390448
D2_2022,D2,2022,ha,Acidification,Pt,1.88,0.59,0.0,,,,0.17838808,0.13245375999999998,0.14868711999999998,1 kg herbicide active substance,1 kg fungicide active substance,1 kg insecticide active substance,herbicide,fungicide,pesticide_insecticide,,,,herbicide_single_score.json,fungicide_single_score.json,pesticide_insecticide_single_score.json,0.3353695904,0.07814771839999998,0.0,0.4135173087999999
D2_2022,D2,2022,ha,Climate change,Pt,1.88,0.59,0.0,,,,24201.564,16691.588519999998,18147.4914,1 kg herbicide active substance,1 kg fungicide active substance,1 kg insecticide active substance,herbicide,fungicide,pesticide_insecticide,,,,herbicide_single_score.json,fungicide_single_score.json,pesticide_insecticide_single_score.json,45498.940319999994,9848.037226799997,0.0,55346.97754679999
D2_2022,D2,2022,ha,Climate change - Biogenic,Pt,1.88,0.59,0.0,,,,0.0,0.0,0.0,1 kg herbicide active substance,1 kg fungicide active substance,1 kg insecticide active substance,herbicide,fungicide,pesticide_insecticide,,,,herbicide_single_score.json,fungicide_single_score.json,pesticide_insecticide_single_score.json,0.0,0.0,0.0,0.0
D2_2022,D2,2022,ha,Climate change - Fossil,Pt,1.88,0.59,0.0,,,,0.0,0.0,0.0,1 kg herbicide active substance,1 kg fungicide active substance,1 kg insecticide active substance,herbicide,fungicide,pesticide_insecticide,,,,herbicide_single_score.json,fungicide_single_score.json,pesticide_insecticide_single_score.json,0.0,0.0,0.0,0.0
D2_2022,D2,2022,ha,Climate change - Land use and LU change,Pt,1.88,0.59,0.0,,,,0.0,0.0,0.0,1 kg herbicide active substance,1 kg fungicide active substance,1 kg insecticide active substance,herbicide,fungicide,pesticide_insecticide,,,,herbicide_single_score.json,fungicide_single_score.json,pesticide_insecticide_single_score.json,0.0,0.0,0.0,0.0
D2_2022,D2,2022,ha,"Ecotoxicity, freshwater",Pt,1.88,0.59,0.0,,,,1460507.7396,3825051.6733000004,529018443.3026,1 kg herbicide active substance,1 kg fungicide active substance,1 kg insecticide active substance,herbicide,fungicide,pesticide_insecticide,,,,herbicide_single_score.json,fungicide_single_score.json,pesticide_insecticide_single_score.json,2745754.550448,2256780.487247,0.0,5002535.037695
D2_2022,D2,2022,ha,"Ecotoxicity, freshwater - inorganics",Pt,1.88,0.59,0.0,,,,0.0,0.0,0.0,1 kg herbicide active substance,1 kg fungicide active substance,1 kg insecticide active substance,herbicide,fungicide,pesticide_insecticide,,,,herbicide_single_score.json,fungicide_single_score.json,pesticide_insecticide_single_score.json,0.0,0.0,0.0,0.0
D2_2022,D2,2022,ha,"Ecotoxicity, freshwater - metals",Pt,1.88,0.59,0.0,,,,0.0,0.0,0.0,1 kg herbicide active substance,1 kg fungicide active substance,1 kg insecticide active substance,herbicide,fungicide,pesticide_insecticide,,,,herbicide_single_score.json,fungicide_single_score.json,pesticide_insecticide_single_score.json,0.0,0.0,0.0,0.0
D2_2022,D2,2022,ha,"Ecotoxicity, freshwater - organics",Pt,1.88,0.59,0.0,,,,0.0,0.0,0.0,1 kg herbicide active substance,1 kg fungicide active substance,1 kg insecticide active substance,herbicide,fungicide,pesticide_insecticide,,,,herbicide_single_score.json,fungicide_single_score.json,pesticide_insecticide_single_score.json,0.0,0.0,0.0,0.0
D2_2022,D2,2022,ha,"Eutrophication, freshwater",Pt,1.88,0.59,0.0,,,,0.0001366398,0.000103618,0.000118759,1 kg herbicide active substance,1 kg fungicide active substance,1 kg insecticide active substance,herbicide,fungicide,pesticide_insecticide,,,,herbicide_single_score.json,fungicide_single_score.json,pesticide_insecticide_single_score.json,0.000256882824,6.113461999999999e-05,0.0,0.000318017444
D2_2022,D2,2022,ha,"Eutrophication, marine",Pt,1.88,0.59,0.0,,,,0.010586454,0.008716038,0.009537278,1 kg herbicide active substance,1 kg fungicide active substance,1 kg insecticide active substance,herbicide,fungicide,pesticide_insecticide,,,,herbicide_single_score.json,fungicide_single_score.json,pesticide_insecticide_single_score.json,0.019902533519999998,0.0051424624200000005,0.0,0.02504499594
D2_2022,D2,2022,ha,"Eutrophication, terrestrial",Pt,1.88,0.59,0.0,,,,0.60443343,0.45373077,0.50045004,1 kg herbicide active substance,1 kg fungicide active substance,1 kg insecticide active substance,herbicide,fungicide,pesticide_insecticide,,,,herbicide_single_score.json,fungicide_single_score.json,pesticide_insecticide_single_score.json,1.1363348484,0.26770115429999997,0.0,1.4040360026999998
D2_2022,D2,2022,ha,"Human toxicity, cancer",Pt,1.88,0.59,0.0,,,,5.3791999999999995e-15,5.9696e-15,4.6166e-15,1 kg herbicide active substance,1 kg fungicide active substance,1 kg insecticide active substance,herbicide,fungicide,pesticide_insecticide,,,,herbicide_single_score.json,fungicide_single_score.json,pesticide_insecticide_single_score.json,1.0112895999999998e-14,3.5220639999999996e-15,0.0,1.3634959999999998e-14
D2_2022,D2,2022,ha,"Human toxicity, cancer - inorganics",Pt,1.88,0.59,0.0,,,,0.0,0.0,0.0,1 kg herbicide active substance,1 kg fungicide active substance,1 kg insecticide active substance,herbicide,fungicide,pesticide_insecticide,,,,herbicide_single_score.json,fungicide_single_score.json,pesticide_insecticide_single_score.json,0.0,0.0,0.0,0.0
D2_2022,D2,2022,ha,"Human toxicity, cancer - metals",Pt,1.88,0.59,0.0,,,,0.0,0.0,0.0,1 kg herbicide active substance,1 kg fungicide active substance,1 kg insecticide active substance,herbicide,fungicide,pesticide_insecticide,,,,herbicide_single_score.json,fungicide_single_score.json,pesticide_insecticide_single_score.json,0.0,0.0,0.0,0.0
D2_2022,D2,2022,ha,"Human toxicity, cancer - organics",Pt,1.88,0.59,0.0,,,,0.0,0.0,0.0,1 kg herbicide active substance,1 kg fungicide active substance,1 kg insecticide active substance,herbicide,fungicide,pesticide_insecticide,,,,herbicide_single_score.json,fungicide_single_score.json,pesticide_insecticide_single_score.json,0.0,0.0,0.0,0.0
D2_2022,D2,2022,ha,"Human toxicity, non-cancer",Pt,1.88,0.59,0.0,,,,7.236719999999999e-12,3.766066e-12,1.5654213999999998e-09,1 kg herbicide active substance,1 kg fungicide active substance,1 kg insecticide active substance,herbicide,fungicide,pesticide_insecticide,,,,herbicide_single_score.json,fungicide_single_score.json,pesticide_insecticide_single_score.json,1.3605033599999998e-11,2.22197894e-12,0.0,1.5827012539999998e-11
D2_2022,D2,2022,ha,"Human toxicity, non-cancer - inorganics",Pt,1.88,0.59,0.0,,,,0.0,0.0,0.0,1 kg herbicide active substance,1 kg fungicide active substance,1 kg insecticide active substance,herbicide,fungicide,pesticide_insecticide,,,,herbicide_single_score.json,fungicide_single_score.json,pesticide_insecticide_single_score.json,0.0,0.0,0.0,0.0
D2_2022,D2,2022,ha,"Human toxicity, non-cancer - metals",Pt,1.88,0.59,0.0,,,,0.0,0.0,0.0,1 kg herbicide active substance,1 kg fungicide active substance,1 kg insecticide active substance,herbicide,fungicide,pesticide_insecticide,,,,herbicide_single_score.json,fungicide_single_score.json,pesticide_insecticide_single_score.json,0.0,0.0,0.0,0.0
D2_2022,D2,2022,ha,"Human toxicity, non-cancer - organics",Pt,1.88,0.59,0.0,,,,0.0,0.0,0.0,1 kg herbicide active substance,1 kg fungicide active substance,1 kg insecticide active substance,herbicide,fungicide,pesticide_insecticide,,,,herbicide_single_score.json,fungicide_single_score.json,pesticide_insecticide_single_score.json,0.0,0.0,0.0,0.0
D2_2022,D2,2022,ha,Ionising radiation,Pt,1.88,0.59,0.0,,,,837.086585,620.0116840000001,711.710174,1 kg herbicide active substance,1 kg fungicide active substance,1 kg insecticide active substance,herbicide,fungicide,pesticide_insecticide,,,,herbicide_single_score.json,fungicide_single_score.json,pesticide_insecticide_single_score.json,1573.7227798,365.80689356,0.0,1939.5296733599998
D2_2022,D2,2022,ha,Land use,Pt,1.88,0.59,0.0,,,,10351420.44,9671351.19,10419696.54,1 kg herbicide active substance,1 kg fungicide active substance,1 kg insecticide active substance,herbicide,fungicide,pesticide_insecticide,,,,herbicide_single_score.json,fungicide_single_score.json,pesticide_insecticide_single_score.json,19460670.427199997,5706097.202099999,0.0,25166767.6293
D2_2022,D2,2022,ha,Ozone depletion,Pt,1.88,0.59,0.0,,,,2.1756e-09,1.40008e-09,1.4799999999999999e-09,1 kg herbicide active substance,1 kg fungicide active substance,1 kg insecticide active substance,herbicide,fungicide,pesticide_insecticide,,,,herbicide_single_score.json,fungicide_single_score.json,pesticide_insecticide_single_score.json,4.090127999999999e-09,8.260472e-10,0.0,4.916175199999999e-09
D2_2022,D2,2022,ha,Particulate matter,Pt,1.88,0.59,0.0,,,,1.7361e-11,1.44032e-11,1.54963e-11,1 kg herbicide active substance,1 kg fungicide active substance,1 kg insecticide active substance,herbicide,fungicide,pesticide_insecticide,,,,herbicide_single_score.json,fungicide_single_score.json,pesticide_insecticide_single_score.json,3.263868e-11,8.497888e-12,0.0,4.1136567999999996e-11
D2_2022,D2,2022,ha,Photochemical ozone formation,Pt,1.88,0.59,0.0,,,,0.0482284,0.03470854,0.038507059999999996,1 kg herbicide active substance,1 kg fungicide active substance,1 kg insecticide active substance,herbicide,fungicide,pesticide_insecticide,,,,herbicide_single_score.json,fungicide_single_score.json,pesticide_insecticide_single_score.json,0.09066939199999999,0.0204780386,0.0,0.11114743059999999
D2_2022,D2,2022,ha,"Resource use, fossils",Pt,1.88,0.59,0.0,,,,1337963.403,941010.855,1030841.5170000001,1 kg herbicide active substance,1 kg fungicide active substance,1 kg insecticide active substance,herbicide,fungicide,pesticide_insecticide,,,,herbicide_single_score.json,fungicide_single_score.json,pesticide_insecticide_single_score.json,2515371.19764,555196.4044499999,0.0,3070567.6020899997
D2_2022,D2,2022,ha,"Resource use, minerals and metals",Pt,1.88,0.59,0.0,,,,2.9472e-07,2.208e-07,2.5343999999999997e-07,1 kg herbicide active substance,1 kg fungicide active substance,1 kg insecticide active substance,herbicide,fungicide,pesticide_insecticide,,,,herbicide_single_score.json,fungicide_single_score.json,pesticide_insecticide_single_score.json,5.540736e-07,1.30272e-07,0.0,6.843456e-07
D2_2022,D2,2022,ha,Total,Pt,1.88,0.59,0.0,,,,13176815.469822299,14456166.866849951,540489472.3400254,1 kg herbicide active substance,1 kg fungicide active substance,1 kg insecticide active substance,herbicide,fungicide,pesticide_insecticide,,,,herbicide_single_score.json,fungicide_single_score.json,pesticide_insecticide_single_score.json,24772413.08326592,8529138.45144147,0.0,33301551.53470739
D2_2022,D2,2022,ha,Water use,Pt,1.88,0.59,0.0,,,,1884.394864,1440.918633,1631.081551,1 kg herbicide active substance,1 kg fungicide active substance,1 kg insecticide active substance,herbicide,fungicide,pesticide_insecticide,,,,herbicide_single_score.json,fungicide_single_score.json,pesticide_insecticide_single_score.json,3542.66234432,850.14199347,0.0,4392.80433779
D2_2023,D2,2023,ha,Acidification,Pt,0.88,0.36,0.12,,,,0.17838808,0.13245375999999998,0.14868711999999998,1 kg herbicide active substance,1 kg fungicide active substance,1 kg insecticide active substance,herbicide,fungicide,pesticide_insecticide,,,,herbicide_single_score.json,fungicide_single_score.json,pesticide_insecticide_single_score.json,0.1569815104,0.04768335359999999,0.017842454399999996,0.2225073184
D2_2023,D2,2023,ha,Climate change,Pt,0.88,0.36,0.12,,,,24201.564,16691.588519999998,18147.4914,1 kg herbicide active substance,1 kg fungicide active substance,1 kg insecticide active substance,herbicide,fungicide,pesticide_insecticide,,,,herbicide_single_score.json,fungicide_single_score.json,pesticide_insecticide_single_score.json,21297.37632,6008.971867199999,2177.6989679999997,29484.047155199998
D2_2023,D2,2023,ha,Climate change - Biogenic,Pt,0.88,0.36,0.12,,,,0.0,0.0,0.0,1 kg herbicide active substance,1 kg fungicide active substance,1 kg insecticide active substance,herbicide,fungicide,pesticide_insecticide,,,,herbicide_single_score.json,fungicide_single_score.json,pesticide_insecticide_single_score.json,0.0,0.0,0.0,0.0
D2_2023,D2,2023,ha,Climate change - Fossil,Pt,0.88,0.36,0.12,,,,0.0,0.0,0.0,1 kg herbicide active substance,1 kg fungicide active substance,1 kg insecticide active substance,herbicide,fungicide,pesticide_insecticide,,,,herbicide_single_score.json,fungicide_single_score.json,pesticide_insecticide_single_score.json,0.0,0.0,0.0,0.0
D2_2023,D2,2023,ha,Climate change - Land use and LU change,Pt,0.88,0.36,0.12,,,,0.0,0.0,0.0,1 kg herbicide active substance,1 kg fungicide active substance,1 kg insecticide active substance,herbicide,fungicide,pesticide_insecticide,,,,herbicide_single_score.json,fungicide_single_score.json,pesticide_insecticide_single_score.json,0.0,0.0,0.0,0.0
D2_2023,D2,2023,ha,"Ecotoxicity, freshwater",Pt,0.88,0.36,0.12,,,,1460507.7396,3825051.6733000004,529018443.3026,1 kg herbicide active substance,1 kg fungicide active substance,1 kg insecticide active substance,herbicide,fungicide,pesticide_insecticide,,,,herbicide_single_score.json,fungicide_single_score.json,pesticide_insecticide_single_score.json,1285246.810848,1377018.602388,63482213.196312,66144478.609548
D2_2023,D2,2023,ha,"Ecotoxicity, freshwater - inorganics",Pt,0.88,0.36,0.12,,,,0.0,0.0,0.0,1 kg herbicide active substance,1 kg fungicide active substance,1 kg insecticide active substance,herbicide,fungicide,pesticide_insecticide,,,,herbicide_single_score.json,fungicide_single_score.json,pesticide_insecticide_single_score.json,0.0,0.0,0.0,0.0
D2_2023,D2,2023,ha,"Ecotoxicity, freshwater - metals",Pt,0.88,0.36,0.12,,,,0.0,0.0,0.0,1 kg herbicide active substance,1 kg fungicide active substance,1 kg insecticide active substance,herbicide,fungicide,pesticide_insecticide,,,,herbicide_single_score.json,fungicide_single_score.json,pesticide_insecticide_single_score.json,0.0,0.0,0.0,0.0
D2_2023,D2,2023,ha,"Ecotoxicity, freshwater - organics",Pt,0.88,0.36,0.12,,,,0.0,0.0,0.0,1 kg herbicide active substance,1 kg fungicide active substance,1 kg insecticide active substance,herbicide,fungicide,pesticide_insecticide,,,,herbicide_single_score.json,fungicide_single_score.json,pesticide_insecticide_single_score.json,0.0,0.0,0.0,0.0
D2_2023,D2,2023,ha,"Eutrophication, freshwater",Pt,0.88,0.36,0.12,,,,0.0001366398,0.000103618,0.000118759,1 kg herbicide active substance,1 kg fungicide active substance,1 kg insecticide active substance,herbicide,fungicide,pesticide_insecticide,,,,herbicide_single_score.json,fungicide_single_score.json,pesticide_insecticide_single_score.json,0.000120243024,3.7302479999999996e-05,1.425108e-05,0.000171796584
D2_2023,D2,2023,ha,"Eutrophication, marine",Pt,0.88,0.36,0.12,,,,0.010586454,0.008716038,0.009537278,1 kg herbicide active substance,1 kg fungicide active substance,1 kg insecticide active substance,herbicide,fungicide,pesticide_insecticide,,,,herbicide_single_score.json,fungicide_single_score.json,pesticide_insecticide_single_score.json,0.009316079520000001,0.0031377736800000003,0.0011444733599999999,0.013598326560000002
D2_2023,D2,2023,ha,"Eutrophication, terrestrial",Pt,0.88,0.36,0.12,,,,0.60443343,0.45373077,0.50045004,1 kg herbicide active substance,1 kg fungicide active substance,1 kg insecticide active substance,herbicide,fungicide,pesticide_insecticide,,,,herbicide_single_score.json,fungicide_single_score.json,pesticide_insecticide_single_score.json,0.5319014184,0.1633430772,0.060054004800000005,0.7552985004
D2_2023,D2,2023,ha,"Human toxicity, cancer",Pt,0.88,0.36,0.12,,,,5.3791999999999995e-15,5.9696e-15,4.6166e-15,1 kg herbicide active substance,1 kg fungicide active substance,1 kg insecticide active substance,herbicide,fungicide,pesticide_insecticide,,,,herbicide_single_score.json,fungicide_single_score.json,pesticide_insecticide_single_score.json,4.7336959999999995e-15,2.1490559999999998e-15,5.53992e-16,7.436744e-15
D2_2023,D2,2023,ha,"Human toxicity, cancer - inorganics",Pt,0.88,0.36,0.12,,,,0.0,0.0,0.0,1 kg herbicide active substance,1 kg fungicide active substance,1 kg insecticide active substance,herbicide,fungicide,pesticide_insecticide,,,,herbicide_single_score.json,fungicide_single_score.json,pesticide_insecticide_single_score.json,0.0,0.0,0.0,0.0
D2_2023,D2,2023,ha,"Human toxicity, cancer - metals",Pt,0.88,0.36,0.12,,,,0.0,0.0,0.0,1 kg herbicide active substance,1 kg fungicide active substance,1 kg insecticide active substance,herbicide,fungicide,pesticide_insecticide,,,,herbicide_single_score.json,fungicide_single_score.json,pesticide_insecticide_single_score.json,0.0,0.0,0.0,0.0
D2_2023,D2,2023,ha,"Human toxicity, cancer - organics",Pt,0.88,0.36,0.12,,,,0.0,0.0,0.0,1 kg herbicide active substance,1 kg fungicide active substance,1 kg insecticide active substance,herbicide,fungicide,pesticide_insecticide,,,,herbicide_single_score.json,fungicide_single_score.json,pesticide_insecticide_single_score.json,0.0,0.0,0.0,0.0
D2_2023,D2,2023,ha,"Human toxicity, non-cancer",Pt,0.88,0.36,0.12,,,,7.236719999999999e-12,3.766066e-12,1.5654213999999998e-09,1 kg herbicide active substance,1 kg fungicide active substance,1 kg insecticide active substance,herbicide,fungicide,pesticide_insecticide,,,,herbicide_single_score.json,fungicide_single_score.json,pesticide_insecticide_single_score.json,6.3683136e-12,1.35578376e-12,1.8785056799999997e-10,1.9557466535999996e-10
D2_2023,D2,2023,ha,"Human toxicity, non-cancer - inorganics",Pt,0.88,0.36,0.12,,,,0.0,0.0,0.0,1 kg herbicide active substance,1 kg fungicide active substance,1 kg insecticide active substance,herbicide,fungicide,pesticide_insecticide,,,,herbicide_single_score.json,fungicide_single_score.json,pesticide_insecticide_single_score.json,0.0,0.0,0.0,0.0
D2_2023,D2,2023,ha,"Human toxicity, non-cancer - metals",Pt,0.88,0.36,0.12,,,,0.0,0.0,0.0,1 kg herbicide active substance,1 kg fungicide active substance,1 kg insecticide active substance,herbicide,fungicide,pesticide_insecticide,,,,herbicide_single_score.json,fungicide_single_score.json,pesticide_insecticide_single_score.json,0.0,0.0,0.0,0.0
D2_2023,D2,2023,ha,"Human toxicity, non-cancer - organics",Pt,0.88,0.36,0.12,,,,0.0,0.0,0.0,1 kg herbicide active substance,1 kg fungicide active substance,1 kg insecticide active substance,herbicide,fungicide,pesticide_insecticide,,,,herbicide_single_score.json,fungicide_single_score.json,pesticide_insecticide_single_score.json,0.0,0.0,0.0,0.0
D2_2023,D2,2023,ha,Ionising radiation,Pt,0.88,0.36,0.12,,,,837.086585,620.0116840000001,711.710174,1 kg herbicide active substance,1 kg fungicide active substance,1 kg insecticide active substance,herbicide,fungicide,pesticide_insecticide,,,,herbicide_single_score.json,fungicide_single_score.json,pesticide_insecticide_single_score.json,736.6361948,223.20420624000002,85.40522088,1045.2456219199998
D2_2023,D2,2023,ha,Land use,Pt,0.88,0.36,0.12,,,,10351420.44,9671351.19,10419696.54,1 kg herbicide active substance,1 kg fungicide active substance,1 kg insecticide active substance,herbicide,fungicide,pesticide_insecticide,,,,herbicide_single_score.json,fungicide_single_score.json,pesticide_insecticide_single_score.json,9109249.9872,3481686.4283999996,1250363.5847999998,13841300.000399997
D2_2023,D2,2023,ha,Ozone depletion,Pt,0.88,0.36,0.12,,,,2.1756e-09,1.40008e-09,1.4799999999999999e-09,1 kg herbicide active substance,1 kg fungicide active substance,1 kg insecticide active substance,herbicide,fungicide,pesticide_insecticide,,,,herbicide_single_score.json,fungicide_single_score.json,pesticide_insecticide_single_score.json,1.9145279999999998e-09,5.040288e-10,1.7759999999999999e-10,2.5961567999999997e-09
D2_2023,D2,2023,ha,Particulate matter,Pt,0.88,0.36,0.12,,,,1.7361e-11,1.44032e-11,1.54963e-11,1 kg herbicide active substance,1 kg fungicide active substance,1 kg insecticide active substance,herbicide,fungicide,pesticide_insecticide,,,,herbicide_single_score.json,fungicide_single_score.json,pesticide_insecticide_single_score.json,1.527768e-11,5.185152e-12,1.859556e-12,2.2322388e-11
D2_2023,D2,2023,ha,Photochemical ozone formation,Pt,0.88,0.36,0.12,,,,0.0482284,0.03470854,0.038507059999999996,1 kg herbicide active substance,1 kg fungicide active substance,1 kg insecticide active substance,herbicide,fungicide,pesticide_insecticide,,,,herbicide_single_score.json,fungicide_single_score.json,pesticide_insecticide_single_score.json,0.042440992,0.0124950744,0.004620847199999999,0.0595569136
D2_2023,D2,2023,ha,"Resource use, fossils",Pt,0.88,0.36,0.12,,,,1337963.403,941010.855,1030841.5170000001,1 kg herbicide active substance,1 kg fungicide active substance,1 kg insecticide active substance,herbicide,fungicide,pesticide_insecticide,,,,herbicide_single_score.json,fungicide_single_score.json,pesticide_insecticide_single_score.json,1177407.79464,338763.9078,123700.98204,1639872.6844799998
D2_2023,D2,2023,ha,"Resource use, minerals and metals",Pt,0.88,0.36,0.12,,,,2.9472e-07,2.208e-07,2.5343999999999997e-07,1 kg herbicide active substance,1 kg fungicide active substance,1 kg insecticide active substance,herbicide,fungicide,pesticide_insecticide,,,,herbicide_single_score.json,fungicide_single_score.json,pesticide_insecticide_single_score.json,2.593536e-07,7.948799999999999e-08,3.04128e-08,3.692544e-07
D2_2023,D2,2023,ha,Total,Pt,0.88,0.36,0.12,,,,13176815.469822299,14456166.866849951,540489472.3400254,1 kg herbicide active substance,1 kg fungicide active substance,1 kg insecticide active substance,herbicide,fungicide,pesticide_insecticide,,,,herbicide_single_score.json,fungicide_single_score.json,pesticide_insecticide_single_score.json,11595597.613443622,5204220.072065982,64858736.680803046,81658554.36631265
D2_2023,D2,2023,ha,Water use,Pt,0.88,0.36,0.12,,,,1884.394864,1440.918633,1631.081551,1 kg herbicide active substance,1 kg fungicide active substance,1 kg insecticide active substance,herbicide,fungicide,pesticide_insecticide,,,,herbicide_single_score.json,fungicide_single_score.json,pesticide_insecticide_single_score.json,1658.26748032,518.73070788,195.72978612,2372.72797432
D2_2024,D2,2024,ha,Acidification,Pt,1.22,0.0,0.0,,,,0.17838808,0.13245375999999998,0.14868711999999998,1 kg herbicide active substance,1 kg fungicide active substance,1 kg insecticide active substance,herbicide,fungicide,pesticide_insecticide,,,,herbicide_single_score.json,fungicide_single_score.json,pesticide_insecticide_single_score.json,0.2176334576,0.0,0.0,0.2176334576
D2_2024,D2,2024,ha,Climate change,Pt,1.22,0.0,0.0,,,,24201.564,16691.588519999998,18147.4914,1 kg herbicide active substance,1 kg fungicide active substance,1 kg insecticide active substance,herbicide,fungicide,pesticide_insecticide,,,,herbicide_single_score.json,fungicide_single_score.json,pesticide_insecticide_single_score.json,29525.908079999997,0.0,0.0,29525.908079999997
D2_2024,D2,2024,ha,Climate change - Biogenic,Pt,1.22,0.0,0.0,,,,0.0,0.0,0.0,1 kg herbicide active substance,1 kg fungicide active substance,1 kg insecticide active substance,herbicide,fungicide,pesticide_insecticide,,,,herbicide_single_score.json,fungicide_single_score.json,pesticide_insecticide_single_score.json,0.0,0.0,0.0,0.0
D2_2024,D2,2024,ha,Climate change - Fossil,Pt,1.22,0.0,0.0,,,,0.0,0.0,0.0,1 kg herbicide active substance,1 kg fungicide active substance,1 kg insecticide active substance,herbicide,fungicide,pesticide_insecticide,,,,herbicide_single_score.json,fungicide_single_score.json,pesticide_insecticide_single_score.json,0.0,0.0,0.0,0.0
D2_2024,D2,2024,ha,Climate change - Land use and LU change,Pt,1.22,0.0,0.0,,,,0.0,0.0,0.0,1 kg herbicide active substance,1 kg fungicide active substance,1 kg insecticide active substance,herbicide,fungicide,pesticide_insecticide,,,,herbicide_single_score.json,fungicide_single_score.json,pesticide_insecticide_single_score.json,0.0,0.0,0.0,0.0
D2_2024,D2,2024,ha,"Ecotoxicity, freshwater",Pt,1.22,0.0,0.0,,,,1460507.7396,3825051.6733000004,529018443.3026,1 kg herbicide active substance,1 kg fungicide active substance,1 kg insecticide active substance,herbicide,fungicide,pesticide_insecticide,,,,herbicide_single_score.json,fungicide_single_score.json,pesticide_insecticide_single_score.json,1781819.4423119999,0.0,0.0,1781819.4423119999
D2_2024,D2,2024,ha,"Ecotoxicity, freshwater - inorganics",Pt,1.22,0.0,0.0,,,,0.0,0.0,0.0,1 kg herbicide active substance,1 kg fungicide active substance,1 kg insecticide active substance,herbicide,fungicide,pesticide_insecticide,,,,herbicide_single_score.json,fungicide_single_score.json,pesticide_insecticide_single_score.json,0.0,0.0,0.0,0.0
D2_2024,D2,2024,ha,"Ecotoxicity, freshwater - metals",Pt,1.22,0.0,0.0,,,,0.0,0.0,0.0,1 kg herbicide active substance,1 kg fungicide active substance,1 kg insecticide active substance,herbicide,fungicide,pesticide_insecticide,,,,herbicide_single_score.json,fungicide_single_score.json,pesticide_insecticide_single_score.json,0.0,0.0,0.0,0.0
D2_2024,D2,2024,ha,"Ecotoxicity, freshwater - organics",Pt,1.22,0.0,0.0,,,,0.0,0.0,0.0,1 kg herbicide active substance,1 kg fungicide active substance,1 kg insecticide active substance,herbicide,fungicide,pesticide_insecticide,,,,herbicide_single_score.json,fungicide_single_score.json,pesticide_insecticide_single_score.json,0.0,0.0,0.0,0.0
D2_2024,D2,2024,ha,"Eutrophication, freshwater",Pt,1.22,0.0,0.0,,,,0.0001366398,0.000103618,0.000118759,1 kg herbicide active substance,1 kg fungicide active substance,1 kg insecticide active substance,herbicide,fungicide,pesticide_insecticide,,,,herbicide_single_score.json,fungicide_single_score.json,pesticide_insecticide_single_score.json,0.00016670055600000001,0.0,0.0,0.00016670055600000001
D2_2024,D2,2024,ha,"Eutrophication, marine",Pt,1.22,0.0,0.0,,,,0.010586454,0.008716038,0.009537278,1 kg herbicide active substance,1 kg fungicide active substance,1 kg insecticide active substance,herbicide,fungicide,pesticide_insecticide,,,,herbicide_single_score.json,fungicide_single_score.json,pesticide_insecticide_single_score.json,0.01291547388,0.0,0.0,0.01291547388
D2_2024,D2,2024,ha,"Eutrophication, terrestrial",Pt,1.22,0.0,0.0,,,,0.60443343,0.45373077,0.50045004,1 kg herbicide active substance,1 kg fungicide active substance,1 kg insecticide active substance,herbicide,fungicide,pesticide_insecticide,,,,herbicide_single_score.json,fungicide_single_score.json,pesticide_insecticide_single_score.json,0.7374087846,0.0,0.0,0.7374087846
D2_2024,D2,2024,ha,"Human toxicity, cancer",Pt,1.22,0.0,0.0,,,,5.3791999999999995e-15,5.9696e-15,4.6166e-15,1 kg herbicide active substance,1 kg fungicide active substance,1 kg insecticide active substance,herbicide,fungicide,pesticide_insecticide,,,,herbicide_single_score.json,fungicide_single_score.json,pesticide_insecticide_single_score.json,6.5626239999999994e-15,0.0,0.0,6.5626239999999994e-15
D2_2024,D2,2024,ha,"Human toxicity, cancer - inorganics",Pt,1.22,0.0,0.0,,,,0.0,0.0,0.0,1 kg herbicide active substance,1 kg fungicide active substance,1 kg insecticide active substance,herbicide,fungicide,pesticide_insecticide,,,,herbicide_single_score.json,fungicide_single_score.json,pesticide_insecticide_single_score.json,0.0,0.0,0.0,0.0
D2_2024,D2,2024,ha,"Human toxicity, cancer - metals",Pt,1.22,0.0,0.0,,,,0.0,0.0,0.0,1 kg herbicide active substance,1 kg fungicide active substance,1 kg insecticide active substance,herbicide,fungicide,pesticide_insecticide,,,,herbicide_single_score.json,fungicide_single_score.json,pesticide_insecticide_single_score.json,0.0,0.0,0.0,0.0
D2_2024,D2,2024,ha,"Human toxicity, cancer - organics",Pt,1.22,0.0,0.0,,,,0.0,0.0,0.0,1 kg herbicide active substance,1 kg fungicide active substance,1 kg insecticide active substance,herbicide,fungicide,pesticide_insecticide,,,,herbicide_single_score.json,fungicide_single_score.json,pesticide_insecticide_single_score.json,0.0,0.0,0.0,0.0
D2_2024,D2,2024,ha,"Human toxicity, non-cancer",Pt,1.22,0.0,0.0,,,,7.236719999999999e-12,3.766066e-12,1.5654213999999998e-09,1 kg herbicide active substance,1 kg fungicide active substance,1 kg insecticide active substance,herbicide,fungicide,pesticide_insecticide,,,,herbicide_single_score.json,fungicide_single_score.json,pesticide_insecticide_single_score.json,8.828798399999998e-12,0.0,0.0,8.828798399999998e-12
D2_2024,D2,2024,ha,"Human toxicity, non-cancer - inorganics",Pt,1.22,0.0,0.0,,,,0.0,0.0,0.0,1 kg herbicide active substance,1 kg fungicide active substance,1 kg insecticide active substance,herbicide,fungicide,pesticide_insecticide,,,,herbicide_single_score.json,fungicide_single_score.json,pesticide_insecticide_single_score.json,0.0,0.0,0.0,0.0
D2_2024,D2,2024,ha,"Human toxicity, non-cancer - metals",Pt,1.22,0.0,0.0,,,,0.0,0.0,0.0,1 kg herbicide active substance,1 kg fungicide active substance,1 kg insecticide active substance,herbicide,fungicide,pesticide_insecticide,,,,herbicide_single_score.json,fungicide_single_score.json,pesticide_insecticide_single_score.json,0.0,0.0,0.0,0.0
D2_2024,D2,2024,ha,"Human toxicity, non-cancer - organics",Pt,1.22,0.0,0.0,,,,0.0,0.0,0.0,1 kg herbicide active substance,1 kg fungicide active substance,1 kg insecticide active substance,herbicide,fungicide,pesticide_insecticide,,,,herbicide_single_score.json,fungicide_single_score.json,pesticide_insecticide_single_score.json,0.0,0.0,0.0,0.0
D2_2024,D2,2024,ha,Ionising radiation,Pt,1.22,0.0,0.0,,,,837.086585,620.0116840000001,711.710174,1 kg herbicide active substance,1 kg fungicide active substance,1 kg insecticide active substance,herbicide,fungicide,pesticide_insecticide,,,,herbicide_single_score.json,fungicide_single_score.json,pesticide_insecticide_single_score.json,1021.2456337,0.0,0.0,1021.2456337
D2_2024,D2,2024,ha,Land use,Pt,1.22,0.0,0.0,,,,10351420.44,9671351.19,10419696.54,1 kg herbicide active substance,1 kg fungicide active substance,1 kg insecticide active substance,herbicide,fungicide,pesticide_insecticide,,,,herbicide_single_score.json,fungicide_single_score.json,pesticide_insecticide_single_score.json,12628732.9368,0.0,0.0,12628732.9368
D2_2024,D2,2024,ha,Ozone depletion,Pt,1.22,0.0,0.0,,,,2.1756e-09,1.40008e-09,1.4799999999999999e-09,1 kg herbicide active substance,1 kg fungicide active substance,1 kg insecticide active substance,herbicide,fungicide,pesticide_insecticide,,,,herbicide_single_score.json,fungicide_single_score.json,pesticide_insecticide_single_score.json,2.6542319999999996e-09,0.0,0.0,2.6542319999999996e-09
D2_2024,D2,2024,ha,Particulate matter,Pt,1.22,0.0,0.0,,,,1.7361e-11,1.44032e-11,1.54963e-11,1 kg herbicide active substance,1 kg fungicide active substance,1 kg insecticide active substance,herbicide,fungicide,pesticide_insecticide,,,,herbicide_single_score.json,fungicide_single_score.json,pesticide_insecticide_single_score.json,2.118042e-11,0.0,0.0,2.118042e-11
D2_2024,D2,2024,ha,Photochemical ozone formation,Pt,1.22,0.0,0.0,,,,0.0482284,0.03470854,0.038507059999999996,1 kg herbicide active substance,1 kg fungicide active substance,1 kg insecticide active substance,herbicide,fungicide,pesticide_insecticide,,,,herbicide_single_score.json,fungicide_single_score.json,pesticide_insecticide_single_score.json,0.05883864799999999,0.0,0.0,0.05883864799999999
D2_2024,D2,2024,ha,"Resource use, fossils",Pt,1.22,0.0,0.0,,,,1337963.403,941010.855,1030841.5170000001,1 kg herbicide active substance,1 kg fungicide active substance,1 kg insecticide active substance,herbicide,fungicide,pesticide_insecticide,,,,herbicide_single_score.json,fungicide_single_score.json,pesticide_insecticide_single_score.json,1632315.35166,0.0,0.0,1632315.35166
D2_2024,D2,2024,ha,"Resource use, minerals and metals",Pt,1.22,0.0,0.0,,,,2.9472e-07,2.208e-07,2.5343999999999997e-07,1 kg herbicide active substance,1 kg fungicide active substance,1 kg insecticide active substance,herbicide,fungicide,pesticide_insecticide,,,,herbicide_single_score.json,fungicide_single_score.json,pesticide_insecticide_single_score.json,3.595584e-07,0.0,0.0,3.595584e-07
D2_2024,D2,2024,ha,Total,Pt,1.22,0.0,0.0,,,,13176815.469822299,14456166.866849951,540489472.3400254,1 kg herbicide active substance,1 kg fungicide active substance,1 kg insecticide active substance,herbicide,fungicide,pesticide_insecticide,,,,herbicide_single_score.json,fungicide_single_score.json,pesticide_insecticide_single_score.json,16075714.873183204,0.0,0.0,16075714.873183204
D2_2024,D2,2024,ha,Water use,Pt,1.22,0.0,0.0,,,,1884.394864,1440.918633,1631.081551,1 kg herbicide active substance,1 kg fungicide active substance,1 kg insecticide active substance,herbicide,fungicide,pesticide_insecticide,,,,herbicide_single_score.json,fungicide_single_score.json,pesticide_insecticide_single_score.json,2298.96173408,0.0,0.0,2298.96173408
NT1_2023,NT1,2023,ha,Acidification,Pt,0.12,0.0,0.0,,,,0.17838808,0.13245375999999998,0.14868711999999998,1 kg herbicide active substance,1 kg fungicide active substance,1 kg insecticide active substance,herbicide,fungicide,pesticide_insecticide,,,,herbicide_single_score.json,fungicide_single_score.json,pesticide_insecticide_single_score.json,0.0214065696,0.0,0.0,0.0214065696
NT1_2023,NT1,2023,ha,Climate change,Pt,0.12,0.0,0.0,,,,24201.564,16691.588519999998,18147.4914,1 kg herbicide active substance,1 kg fungicide active substance,1 kg insecticide active substance,herbicide,fungicide,pesticide_insecticide,,,,herbicide_single_score.json,fungicide_single_score.json,pesticide_insecticide_single_score.json,2904.1876799999995,0.0,0.0,2904.1876799999995
NT1_2023,NT1,2023,ha,Climate change - Biogenic,Pt,0.12,0.0,0.0,,,,0.0,0.0,0.0,1 kg herbicide active substance,1 kg fungicide active substance,1 kg insecticide active substance,herbicide,fungicide,pesticide_insecticide,,,,herbicide_single_score.json,fungicide_single_score.json,pesticide_insecticide_single_score.json,0.0,0.0,0.0,0.0
NT1_2023,NT1,2023,ha,Climate change - Fossil,Pt,0.12,0.0,0.0,,,,0.0,0.0,0.0,1 kg herbicide active substance,1 kg fungicide active substance,1 kg insecticide active substance,herbicide,fungicide,pesticide_insecticide,,,,herbicide_single_score.json,fungicide_single_score.json,pesticide_insecticide_single_score.json,0.0,0.0,0.0,0.0
NT1_2023,NT1,2023,ha,Climate change - Land use and LU change,Pt,0.12,0.0,0.0,,,,0.0,0.0,0.0,1 kg herbicide active substance,1 kg fungicide active substance,1 kg insecticide active substance,herbicide,fungicide,pesticide_insecticide,,,,herbicide_single_score.json,fungicide_single_score.json,pesticide_insecticide_single_score.json,0.0,0.0,0.0,0.0
NT1_2023,NT1,2023,ha,"Ecotoxicity, freshwater",Pt,0.12,0.0,0.0,,,,1460507.7396,3825051.6733000004,529018443.3026,1 kg herbicide active substance,1 kg fungicide active substance,1 kg insecticide active substance,herbicide,fungicide,pesticide_insecticide,,,,herbicide_single_score.json,fungicide_single_score.json,pesticide_insecticide_single_score.json,175260.92875199998,0.0,0.0,175260.92875199998
NT1_2023,NT1,2023,ha,"Ecotoxicity, freshwater - inorganics",Pt,0.12,0.0,0.0,,,,0.0,0.0,0.0,1 kg herbicide active substance,1 kg fungicide active substance,1 kg insecticide active substance,herbicide,fungicide,pesticide_insecticide,,,,herbicide_single_score.json,fungicide_single_score.json,pesticide_insecticide_single_score.json,0.0,0.0,0.0,0.0
NT1_2023,NT1,2023,ha,"Ecotoxicity, freshwater - metals",Pt,0.12,0.0,0.0,,,,0.0,0.0,0.0,1 kg herbicide active substance,1 kg fungicide active substance,1 kg insecticide active substance,herbicide,fungicide,pesticide_insecticide,,,,herbicide_single_score.json,fungicide_single_score.json,pesticide_insecticide_single_score.json,0.0,0.0,0.0,0.0
NT1_2023,NT1,2023,ha,"Ecotoxicity, freshwater - organics",Pt,0.12,0.0,0.0,,,,0.0,0.0,0.0,1 kg herbicide active substance,1 kg fungicide active substance,1 kg insecticide active substance,herbicide,fungicide,pesticide_insecticide,,,,herbicide_single_score.json,fungicide_single_score.json,pesticide_insecticide_single_score.json,0.0,0.0,0.0,0.0
NT1_2023,NT1,2023,ha,"Eutrophication, freshwater",Pt,0.12,0.0,0.0,,,,0.0001366398,0.000103618,0.000118759,1 kg herbicide active substance,1 kg fungicide active substance,1 kg insecticide active substance,herbicide,fungicide,pesticide_insecticide,,,,herbicide_single_score.json,fungicide_single_score.json,pesticide_insecticide_single_score.json,1.6396776e-05,0.0,0.0,1.6396776e-05
NT1_2023,NT1,2023,ha,"Eutrophication, marine",Pt,0.12,0.0,0.0,,,,0.010586454,0.008716038,0.009537278,1 kg herbicide active substance,1 kg fungicide active substance,1 kg insecticide active substance,herbicide,fungicide,pesticide_insecticide,,,,herbicide_single_score.json,fungicide_single_score.json,pesticide_insecticide_single_score.json,0.00127037448,0.0,0.0,0.00127037448
NT1_2023,NT1,2023,ha,"Eutrophication, terrestrial",Pt,0.12,0.0,0.0,,,,0.60443343,0.45373077,0.50045004,1 kg herbicide active substance,1 kg fungicide active substance,1 kg insecticide active substance,herbicide,fungicide,pesticide_insecticide,,,,herbicide_single_score.json,fungicide_single_score.json,pesticide_insecticide_single_score.json,0.0725320116,0.0,0.0,0.0725320116
NT1_2023,NT1,2023,ha,"Human toxicity, cancer",Pt,0.12,0.0,0.0,,,,5.3791999999999995e-15,5.9696e-15,4.6166e-15,1 kg herbicide active substance,1 kg fungicide active substance,1 kg insecticide active substance,herbicide,fungicide,pesticide_insecticide,,,,herbicide_single_score.json,fungicide_single_score.json,pesticide_insecticide_single_score.json,6.455039999999999e-16,0.0,0.0,6.455039999999999e-16
NT1_2023,NT1,2023,ha,"Human toxicity, cancer - inorganics",Pt,0.12,0.0,0.0,,,,0.0,0.0,0.0,1 kg herbicide active substance,1 kg fungicide active substance,1 kg insecticide active substance,herbicide,fungicide,pesticide_insecticide,,,,herbicide_single_score.json,fungicide_single_score.json,pesticide_insecticide_single_score.json,0.0,0.0,0.0,0.0
NT1_2023,NT1,2023,ha,"Human toxicity, cancer - metals",Pt,0.12,0.0,0.0,,,,0.0,0.0,0.0,1 kg herbicide active substance,1 kg fungicide active substance,1 kg insecticide active substance,herbicide,fungicide,pesticide_insecticide,,,,herbicide_single_score.json,fungicide_single_score.json,pesticide_insecticide_single_score.json,0.0,0.0,0.0,0.0
NT1_2023,NT1,2023,ha,"Human toxicity, cancer - organics",Pt,0.12,0.0,0.0,,,,0.0,0.0,0.0,1 kg herbicide active substance,1 kg fungicide active substance,1 kg insecticide active substance,herbicide,fungicide,pesticide_insecticide,,,,herbicide_single_score.json,fungicide_single_score.json,pesticide_insecticide_single_score.json,0.0,0.0,0.0,0.0
NT1_2023,NT1,2023,ha,"Human toxicity, non-cancer",Pt,0.12,0.0,0.0,,,,7.236719999999999e-12,3.766066e-12,1.5654213999999998e-09,1 kg herbicide active substance,1 kg fungicide active substance,1 kg insecticide active substance,herbicide,fungicide,pesticide_insecticide,,,,herbicide_single_score.json,fungicide_single_score.json,pesticide_insecticide_single_score.json,8.684063999999999e-13,0.0,0.0,8.684063999999999e-13
NT1_2023,NT1,2023,ha,"Human toxicity, non-cancer - inorganics",Pt,0.12,0.0,0.0,,,,0.0,0.0,0.0,1 kg herbicide active substance,1 kg fungicide active substance,1 kg insecticide active substance,herbicide,fungicide,pesticide_insecticide,,,,herbicide_single_score.json,fungicide_single_score.json,pesticide_insecticide_single_score.json,0.0,0.0,0.0,0.0
NT1_2023,NT1,2023,ha,"Human toxicity, non-cancer - metals",Pt,0.12,0.0,0.0,,,,0.0,0.0,0.0,1 kg herbicide active substance,1 kg fungicide active substance,1 kg insecticide active substance,herbicide,fungicide,pesticide_insecticide,,,,herbicide_single_score.json,fungicide_single_score.json,pesticide_insecticide_single_score.json,0.0,0.0,0.0,0.0
NT1_2023,NT1,2023,ha,"Human toxicity, non-cancer - organics",Pt,0.12,0.0,0.0,,,,0.0,0.0,0.0,1 kg herbicide active substance,1 kg fungicide active substance,1 kg insecticide active substance,herbicide,fungicide,pesticide_insecticide,,,,herbicide_single_score.json,fungicide_single_score.json,pesticide_insecticide_single_score.json,0.0,0.0,0.0,0.0
NT1_2023,NT1,2023,ha,Ionising radiation,Pt,0.12,0.0,0.0,,,,837.086585,620.0116840000001,711.710174,1 kg herbicide active substance,1 kg fungicide active substance,1 kg insecticide active substance,herbicide,fungicide,pesticide_insecticide,,,,herbicide_single_score.json,fungicide_single_score.json,pesticide_insecticide_single_score.json,100.4503902,0.0,0.0,100.4503902
NT1_2023,NT1,2023,ha,Land use,Pt,0.12,0.0,0.0,,,,10351420.44,9671351.19,10419696.54,1 kg herbicide active substance,1 kg fungicide active substance,1 kg insecticide active substance,herbicide,fungicide,pesticide_insecticide,,,,herbicide_single_score.json,fungicide_single_score.json,pesticide_insecticide_single_score.json,1242170.4527999999,0.0,0.0,1242170.4527999999
NT1_2023,NT1,2023,ha,Ozone depletion,Pt,0.12,0.0,0.0,,,,2.1756e-09,1.40008e-09,1.4799999999999999e-09,1 kg herbicide active substance,1 kg fungicide active substance,1 kg insecticide active substance,herbicide,fungicide,pesticide_insecticide,,,,herbicide_single_score.json,fungicide_single_score.json,pesticide_insecticide_single_score.json,2.61072e-10,0.0,0.0,2.61072e-10
NT1_2023,NT1,2023,ha,Particulate matter,Pt,0.12,0.0,0.0,,,,1.7361e-11,1.44032e-11,1.54963e-11,1 kg herbicide active substance,1 kg fungicide active substance,1 kg insecticide active substance,herbicide,fungicide,pesticide_insecticide,,,,herbicide_single_score.json,fungicide_single_score.json,pesticide_insecticide_single_score.json,2.08332e-12,0.0,0.0,2.08332e-12
NT1_2023,NT1,2023,ha,Photochemical ozone formation,Pt,0.12,0.0,0.0,,,,0.0482284,0.03470854,0.038507059999999996,1 kg herbicide active substance,1 kg fungicide active substance,1 kg insecticide active substance,herbicide,fungicide,pesticide_insecticide,,,,herbicide_single_score.json,fungicide_single_score.json,pesticide_insecticide_single_score.json,0.005787407999999999,0.0,0.0,0.005787407999999999
NT1_2023,NT1,2023,ha,"Resource use, fossils",Pt,0.12,0.0,0.0,,,,1337963.403,941010.855,1030841.5170000001,1 kg herbicide active substance,1 kg fungicide active substance,1 kg insecticide active substance,herbicide,fungicide,pesticide_insecticide,,,,herbicide_single_score.json,fungicide_single_score.json,pesticide_insecticide_single_score.json,160555.60835999998,0.0,0.0,160555.60835999998
NT1_2023,NT1,2023,ha,"Resource use, minerals and metals",Pt,0.12,0.0,0.0,,,,2.9472e-07,2.208e-07,2.5343999999999997e-07,1 kg herbicide active substance,1 kg fungicide active substance,1 kg insecticide active substance,herbicide,fungicide,pesticide_insecticide,,,,herbicide_single_score.json,fungicide_single_score.json,pesticide_insecticide_single_score.json,3.5366399999999996e-08,0.0,0.0,3.5366399999999996e-08
NT1_2023,NT1,2023,ha,Total,Pt,0.12,0.0,0.0,,,,13176815.469822299,14456166.866849951,540489472.3400254,1 kg herbicide active substance,1 kg fungicide active substance,1 kg insecticide active substance,herbicide,fungicide,pesticide_insecticide,,,,herbicide_single_score.json,fungicide_single_score.json,pesticide_insecticide_single_score.json,1581217.856378676,0.0,0.0,1581217.856378676
NT1_2023,NT1,2023,ha,Water use,Pt,0.12,0.0,0.0,,,,1884.394864,1440.918633,1631.081551,1 kg herbicide active substance,1 kg fungicide active substance,1 kg insecticide active substance,herbicide,fungicide,pesticide_insecticide,,,,herbicide_single_score.json,fungicide_single_score.json,pesticide_insecticide_single_score.json,226.12738368,0.0,0.0,226.12738368
NT1_2024,NT1,2024,ha,Acidification,Pt,1.35,0.0,0.0,,,,0.17838808,0.13245375999999998,0.14868711999999998,1 kg herbicide active substance,1 kg fungicide active substance,1 kg insecticide active substance,herbicide,fungicide,pesticide_insecticide,,,,herbicide_single_score.json,fungicide_single_score.json,pesticide_insecticide_single_score.json,0.24082390800000003,0.0,0.0,0.24082390800000003
NT1_2024,NT1,2024,ha,Climate change,Pt,1.35,0.0,0.0,,,,24201.564,16691.588519999998,18147.4914,1 kg herbicide active substance,1 kg fungicide active substance,1 kg insecticide active substance,herbicide,fungicide,pesticide_insecticide,,,,herbicide_single_score.json,fungicide_single_score.json,pesticide_insecticide_single_score.json,32672.1114,0.0,0.0,32672.1114
NT1_2024,NT1,2024,ha,Climate change - Biogenic,Pt,1.35,0.0,0.0,,,,0.0,0.0,0.0,1 kg herbicide active substance,1 kg fungicide active substance,1 kg insecticide active substance,herbicide,fungicide,pesticide_insecticide,,,,herbicide_single_score.json,fungicide_single_score.json,pesticide_insecticide_single_score.json,0.0,0.0,0.0,0.0
NT1_2024,NT1,2024,ha,Climate change - Fossil,Pt,1.35,0.0,0.0,,,,0.0,0.0,0.0,1 kg herbicide active substance,1 kg fungicide active substance,1 kg insecticide active substance,herbicide,fungicide,pesticide_insecticide,,,,herbicide_single_score.json,fungicide_single_score.json,pesticide_insecticide_single_score.json,0.0,0.0,0.0,0.0
NT1_2024,NT1,2024,ha,Climate change - Land use and LU change,Pt,1.35,0.0,0.0,,,,0.0,0.0,0.0,1 kg herbicide active substance,1 kg fungicide active substance,1 kg insecticide active substance,herbicide,fungicide,pesticide_insecticide,,,,herbicide_single_score.json,fungicide_single_score.json,pesticide_insecticide_single_score.json,0.0,0.0,0.0,0.0
NT1_2024,NT1,2024,ha,"Ecotoxicity, freshwater",Pt,1.35,0.0,0.0,,,,1460507.7396,3825051.6733000004,529018443.3026,1 kg herbicide active substance,1 kg fungicide active substance,1 kg insecticide active substance,herbicide,fungicide,pesticide_insecticide,,,,herbicide_single_score.json,fungicide_single_score.json,pesticide_insecticide_single_score.json,1971685.44846,0.0,0.0,1971685.44846
NT1_2024,NT1,2024,ha,"Ecotoxicity, freshwater - inorganics",Pt,1.35,0.0,0.0,,,,0.0,0.0,0.0,1 kg herbicide active substance,1 kg fungicide active substance,1 kg insecticide active substance,herbicide,fungicide,pesticide_insecticide,,,,herbicide_single_score.json,fungicide_single_score.json,pesticide_insecticide_single_score.json,0.0,0.0,0.0,0.0
NT1_2024,NT1,2024,ha,"Ecotoxicity, freshwater - metals",Pt,1.35,0.0,0.0,,,,0.0,0.0,0.0,1 kg herbicide active substance,1 kg fungicide active substance,1 kg insecticide active substance,herbicide,fungicide,pesticide_insecticide,,,,herbicide_single_score.json,fungicide_single_score.json,pesticide_insecticide_single_score.json,0.0,0.0,0.0,0.0
NT1_2024,NT1,2024,ha,"Ecotoxicity, freshwater - organics",Pt,1.35,0.0,0.0,,,,0.0,0.0,0.0,1 kg herbicide active substance,1 kg fungicide active substance,1 kg insecticide active substance,herbicide,fungicide,pesticide_insecticide,,,,herbicide_single_score.json,fungicide_single_score.json,pesticide_insecticide_single_score.json,0.0,0.0,0.0,0.0
NT1_2024,NT1,2024,ha,"Eutrophication, freshwater",Pt,1.35,0.0,0.0,,,,0.0001366398,0.000103618,0.000118759,1 kg herbicide active substance,1 kg fungicide active substance,1 kg insecticide active substance,herbicide,fungicide,pesticide_insecticide,,,,herbicide_single_score.json,fungicide_single_score.json,pesticide_insecticide_single_score.json,0.00018446373,0.0,0.0,0.00018446373
NT1_2024,NT1,2024,ha,"Eutrophication, marine",Pt,1.35,0.0,0.0,,,,0.010586454,0.008716038,0.009537278,1 kg herbicide active substance,1 kg fungicide active substance,1 kg insecticide active substance,herbicide,fungicide,pesticide_insecticide,,,,herbicide_single_score.json,fungicide_single_score.json,pesticide_insecticide_single_score.json,0.014291712900000001,0.0,0.0,0.014291712900000001
NT1_2024,NT1,2024,ha,"Eutrophication, terrestrial",Pt,1.35,0.0,0.0,,,,0.60443343,0.45373077,0.50045004,1 kg herbicide active substance,1 kg fungicide active substance,1 kg insecticide active substance,herbicide,fungicide,pesticide_insecticide,,,,herbicide_single_score.json,fungicide_single_score.json,pesticide_insecticide_single_score.json,0.8159851305000001,0.0,0.0,0.8159851305000001
NT1_2024,NT1,2024,ha,"Human toxicity, cancer",Pt,1.35,0.0,0.0,,,,5.3791999999999995e-15,5.9696e-15,4.6166e-15,1 kg herbicide active substance,1 kg fungicide active substance,1 kg insecticide active substance,herbicide,fungicide,pesticide_insecticide,,,,herbicide_single_score.json,fungicide_single_score.json,pesticide_insecticide_single_score.json,7.26192e-15,0.0,0.0,7.26192e-15
NT1_2024,NT1,2024,ha,"Human toxicity, cancer - inorganics",Pt,1.35,0.0,0.0,,,,0.0,0.0,0.0,1 kg herbicide active substance,1 kg fungicide active substance,1 kg insecticide active substance,herbicide,fungicide,pesticide_insecticide,,,,herbicide_single_score.json,fungicide_single_score.json,pesticide_insecticide_single_score.json,0.0,0.0,0.0,0.0
NT1_2024,NT1,2024,ha,"Human toxicity, cancer - metals",Pt,1.35,0.0,0.0,,,,0.0,0.0,0.0,1 kg herbicide active substance,1 kg fungicide active substance,1 kg insecticide active substance,herbicide,fungicide,pesticide_insecticide,,,,herbicide_single_score.json,fungicide_single_score.json,pesticide_insecticide_single_score.json,0.0,0.0,0.0,0.0
NT1_2024,NT1,2024,ha,"Human toxicity, cancer - organics",Pt,1.35,0.0,0.0,,,,0.0,0.0,0.0,1 kg herbicide active substance,1 kg fungicide active substance,1 kg insecticide active substance,herbicide,fungicide,pesticide_insecticide,,,,herbicide_single_score.json,fungicide_single_score.json,pesticide_insecticide_single_score.json,0.0,0.0,0.0,0.0
NT1_2024,NT1,2024,ha,"Human toxicity, non-cancer",Pt,1.35,0.0,0.0,,,,7.236719999999999e-12,3.766066e-12,1.5654213999999998e-09,1 kg herbicide active substance,1 kg fungicide active substance,1 kg insecticide active substance,herbicide,fungicide,pesticide_insecticide,,,,herbicide_single_score.json,fungicide_single_score.json,pesticide_insecticide_single_score.json,9.769571999999999e-12,0.0,0.0,9.769571999999999e-12
NT1_2024,NT1,2024,ha,"Human toxicity, non-cancer - inorganics",Pt,1.35,0.0,0.0,,,,0.0,0.0,0.0,1 kg herbicide active substance,1 kg fungicide active substance,1 kg insecticide active substance,herbicide,fungicide,pesticide_insecticide,,,,herbicide_single_score.json,fungicide_single_score.json,pesticide_insecticide_single_score.json,0.0,0.0,0.0,0.0
NT1_2024,NT1,2024,ha,"Human toxicity, non-cancer - metals",Pt,1.35,0.0,0.0,,,,0.0,0.0,0.0,1 kg herbicide active substance,1 kg fungicide active substance,1 kg insecticide active substance,herbicide,fungicide,pesticide_insecticide,,,,herbicide_single_score.json,fungicide_single_score.json,pesticide_insecticide_single_score.json,0.0,0.0,0.0,0.0
NT1_2024,NT1,2024,ha,"Human toxicity, non-cancer - organics",Pt,1.35,0.0,0.0,,,,0.0,0.0,0.0,1 kg herbicide active substance,1 kg fungicide active substance,1 kg insecticide active substance,herbicide,fungicide,pesticide_insecticide,,,,herbicide_single_score.json,fungicide_single_score.json,pesticide_insecticide_single_score.json,0.0,0.0,0.0,0.0
NT1_2024,NT1,2024,ha,Ionising radiation,Pt,1.35,0.0,0.0,,,,837.086585,620.0116840000001,711.710174,1 kg herbicide active substance,1 kg fungicide active substance,1 kg insecticide active substance,herbicide,fungicide,pesticide_insecticide,,,,herbicide_single_score.json,fungicide_single_score.json,pesticide_insecticide_single_score.json,1130.0668897500002,0.0,0.0,1130.0668897500002
NT1_2024,NT1,2024,ha,Land use,Pt,1.35,0.0,0.0,,,,10351420.44,9671351.19,10419696.54,1 kg herbicide active substance,1 kg fungicide active substance,1 kg insecticide active substance,herbicide,fungicide,pesticide_insecticide,,,,herbicide_single_score.json,fungicide_single_score.json,pesticide_insecticide_single_score.json,13974417.594,0.0,0.0,13974417.594
NT1_2024,NT1,2024,ha,Ozone depletion,Pt,1.35,0.0,0.0,,,,2.1756e-09,1.40008e-09,1.4799999999999999e-09,1 kg herbicide active substance,1 kg fungicide active substance,1 kg insecticide active substance,herbicide,fungicide,pesticide_insecticide,,,,herbicide_single_score.json,fungicide_single_score.json,pesticide_insecticide_single_score.json,2.9370599999999998e-09,0.0,0.0,2.9370599999999998e-09
NT1_2024,NT1,2024,ha,Particulate matter,Pt,1.35,0.0,0.0,,,,1.7361e-11,1.44032e-11,1.54963e-11,1 kg herbicide active substance,1 kg fungicide active substance,1 kg insecticide active substance,herbicide,fungicide,pesticide_insecticide,,,,herbicide_single_score.json,fungicide_single_score.json,pesticide_insecticide_single_score.json,2.3437350000000004e-11,0.0,0.0,2.3437350000000004e-11
NT1_2024,NT1,2024,ha,Photochemical ozone formation,Pt,1.35,0.0,0.0,,,,0.0482284,0.03470854,0.038507059999999996,1 kg herbicide active substance,1 kg fungicide active substance,1 kg insecticide active substance,herbicide,fungicide,pesticide_insecticide,,,,herbicide_single_score.json,fungicide_single_score.json,pesticide_insecticide_single_score.json,0.06510834,0.0,0.0,0.06510834
NT1_2024,NT1,2024,ha,"Resource use, fossils",Pt,1.35,0.0,0.0,,,,1337963.403,941010.855,1030841.5170000001,1 kg herbicide active substance,1 kg fungicide active substance,1 kg insecticide active substance,herbicide,fungicide,pesticide_insecticide,,,,herbicide_single_score.json,fungicide_single_score.json,pesticide_insecticide_single_score.json,1806250.59405,0.0,0.0,1806250.59405
NT1_2024,NT1,2024,ha,"Resource use, minerals and metals",Pt,1.35,0.0,0.0,,,,2.9472e-07,2.208e-07,2.5343999999999997e-07,1 kg herbicide active substance,1 kg fungicide active substance,1 kg insecticide active substance,herbicide,fungicide,pesticide_insecticide,,,,herbicide_single_score.json,fungicide_single_score.json,pesticide_insecticide_single_score.json,3.97872e-07,0.0,0.0,3.97872e-07
NT1_2024,NT1,2024,ha,Total,Pt,1.35,0.0,0.0,,,,13176815.469822299,14456166.866849951,540489472.3400254,1 kg herbicide active substance,1 kg fungicide active substance,1 kg insecticide active substance,herbicide,fungicide,pesticide_insecticide,,,,herbicide_single_score.json,fungicide_single_score.json,pesticide_insecticide_single_score.json,17788700.884260103,0.0,0.0,17788700.884260103
NT1_2024,NT1,2024,ha,Water use,Pt,1.35,0.0,0.0,,,,1884.394864,1440.918633,1631.081551,1 kg herbicide active substance,1 kg fungicide active substance,1 kg insecticide active substance,herbicide,fungicide,pesticide_insecticide,,,,herbicide_single_score.json,fungicide_single_score.json,pesticide_insecticide_single_score.json,2543.9330664000004,0.0,0.0,2543.9330664000004
NT2_2022,NT2,2022,ha,Acidification,Pt,1.05,0.0,0.0,,,,0.17838808,0.13245375999999998,0.14868711999999998,1 kg herbicide active substance,1 kg fungicide active substance,1 kg insecticide active substance,herbicide,fungicide,pesticide_insecticide,,,,herbicide_single_score.json,fungicide_single_score.json,pesticide_insecticide_single_score.json,0.18730748400000002,0.0,0.0,0.18730748400000002
NT2_2022,NT2,2022,ha,Climate change,Pt,1.05,0.0,0.0,,,,24201.564,16691.588519999998,18147.4914,1 kg herbicide active substance,1 kg fungicide active substance,1 kg insecticide active substance,herbicide,fungicide,pesticide_insecticide,,,,herbicide_single_score.json,fungicide_single_score.json,pesticide_insecticide_single_score.json,25411.6422,0.0,0.0,25411.6422
NT2_2022,NT2,2022,ha,Climate change - Biogenic,Pt,1.05,0.0,0.0,,,,0.0,0.0,0.0,1 kg herbicide active substance,1 kg fungicide active substance,1 kg insecticide active substance,herbicide,fungicide,pesticide_insecticide,,,,herbicide_single_score.json,fungicide_single_score.json,pesticide_insecticide_single_score.json,0.0,0.0,0.0,0.0
NT2_2022,NT2,2022,ha,Climate change - Fossil,Pt,1.05,0.0,0.0,,,,0.0,0.0,0.0,1 kg herbicide active substance,1 kg fungicide active substance,1 kg insecticide active substance,herbicide,fungicide,pesticide_insecticide,,,,herbicide_single_score.json,fungicide_single_score.json,pesticide_insecticide_single_score.json,0.0,0.0,0.0,0.0
NT2_2022,NT2,2022,ha,Climate change - Land use and LU change,Pt,1.05,0.0,0.0,,,,0.0,0.0,0.0,1 kg herbicide active substance,1 kg fungicide active substance,1 kg insecticide active substance,herbicide,fungicide,pesticide_insecticide,,,,herbicide_single_score.json,fungicide_single_score.json,pesticide_insecticide_single_score.json,0.0,0.0,0.0,0.0
NT2_2022,NT2,2022,ha,"Ecotoxicity, freshwater",Pt,1.05,0.0,0.0,,,,1460507.7396,3825051.6733000004,529018443.3026,1 kg herbicide active substance,1 kg fungicide active substance,1 kg insecticide active substance,herbicide,fungicide,pesticide_insecticide,,,,herbicide_single_score.json,fungicide_single_score.json,pesticide_insecticide_single_score.json,1533533.12658,0.0,0.0,1533533.12658
NT2_2022,NT2,2022,ha,"Ecotoxicity, freshwater - inorganics",Pt,1.05,0.0,0.0,,,,0.0,0.0,0.0,1 kg herbicide active substance,1 kg fungicide active substance,1 kg insecticide active substance,herbicide,fungicide,pesticide_insecticide,,,,herbicide_single_score.json,fungicide_single_score.json,pesticide_insecticide_single_score.json,0.0,0.0,0.0,0.0
NT2_2022,NT2,2022,ha,"Ecotoxicity, freshwater - metals",Pt,1.05,0.0,0.0,,,,0.0,0.0,0.0,1 kg herbicide active substance,1 kg fungicide active substance,1 kg insecticide active substance,herbicide,fungicide,pesticide_insecticide,,,,herbicide_single_score.json,fungicide_single_score.json,pesticide_insecticide_single_score.json,0.0,0.0,0.0,0.0
NT2_2022,NT2,2022,ha,"Ecotoxicity, freshwater - organics",Pt,1.05,0.0,0.0,,,,0.0,0.0,0.0,1 kg herbicide active substance,1 kg fungicide active substance,1 kg insecticide active substance,herbicide,fungicide,pesticide_insecticide,,,,herbicide_single_score.json,fungicide_single_score.json,pesticide_insecticide_single_score.json,0.0,0.0,0.0,0.0
NT2_2022,NT2,2022,ha,"Eutrophication, freshwater",Pt,1.05,0.0,0.0,,,,0.0001366398,0.000103618,0.000118759,1 kg herbicide active substance,1 kg fungicide active substance,1 kg insecticide active substance,herbicide,fungicide,pesticide_insecticide,,,,herbicide_single_score.json,fungicide_single_score.json,pesticide_insecticide_single_score.json,0.00014347179,0.0,0.0,0.00014347179
NT2_2022,NT2,2022,ha,"Eutrophication, marine",Pt,1.05,0.0,0.0,,,,0.010586454,0.008716038,0.009537278,1 kg herbicide active substance,1 kg fungicide active substance,1 kg insecticide active substance,herbicide,fungicide,pesticide_insecticide,,,,herbicide_single_score.json,fungicide_single_score.json,pesticide_insecticide_single_score.json,0.011115776700000001,0.0,0.0,0.011115776700000001
NT2_2022,NT2,2022,ha,"Eutrophication, terrestrial",Pt,1.05,0.0,0.0,,,,0.60443343,0.45373077,0.50045004,1 kg herbicide active substance,1 kg fungicide active substance,1 kg insecticide active substance,herbicide,fungicide,pesticide_insecticide,,,,herbicide_single_score.json,fungicide_single_score.json,pesticide_insecticide_single_score.json,0.6346551015,0.0,0.0,0.6346551015
NT2_2022,NT2,2022,ha,"Human toxicity, cancer",Pt,1.05,0.0,0.0,,,,5.3791999999999995e-15,5.9696e-15,4.6166e-15,1 kg herbicide active substance,1 kg fungicide active substance,1 kg insecticide active substance,herbicide,fungicide,pesticide_insecticide,,,,herbicide_single_score.json,fungicide_single_score.json,pesticide_insecticide_single_score.json,5.64816e-15,0.0,0.0,5.64816e-15
NT2_2022,NT2,2022,ha,"Human toxicity, cancer - inorganics",Pt,1.05,0.0,0.0,,,,0.0,0.0,0.0,1 kg herbicide active substance,1 kg fungicide active substance,1 kg insecticide active substance,herbicide,fungicide,pesticide_insecticide,,,,herbicide_single_score.json,fungicide_single_score.json,pesticide_insecticide_single_score.json,0.0,0.0,0.0,0.0
NT2_2022,NT2,2022,ha,"Human toxicity, cancer - metals",Pt,1.05,0.0,0.0,,,,0.0,0.0,0.0,1 kg herbicide active substance,1 kg fungicide active substance,1 kg insecticide active substance,herbicide,fungicide,pesticide_insecticide,,,,herbicide_single_score.json,fungicide_single_score.json,pesticide_insecticide_single_score.json,0.0,0.0,0.0,0.0
NT2_2022,NT2,2022,ha,"Human toxicity, cancer - organics",Pt,1.05,0.0,0.0,,,,0.0,0.0,0.0,1 kg herbicide active substance,1 kg fungicide active substance,1 kg insecticide active substance,herbicide,fungicide,pesticide_insecticide,,,,herbicide_single_score.json,fungicide_single_score.json,pesticide_insecticide_single_score.json,0.0,0.0,0.0,0.0
NT2_2022,NT2,2022,ha,"Human toxicity, non-cancer",Pt,1.05,0.0,0.0,,,,7.236719999999999e-12,3.766066e-12,1.5654213999999998e-09,1 kg herbicide active substance,1 kg fungicide active substance,1 kg insecticide active substance,herbicide,fungicide,pesticide_insecticide,,,,herbicide_single_score.json,fungicide_single_score.json,pesticide_insecticide_single_score.json,7.598556e-12,0.0,0.0,7.598556e-12
NT2_2022,NT2,2022,ha,"Human toxicity, non-cancer - inorganics",Pt,1.05,0.0,0.0,,,,0.0,0.0,0.0,1 kg herbicide active substance,1 kg fungicide active substance,1 kg insecticide active substance,herbicide,fungicide,pesticide_insecticide,,,,herbicide_single_score.json,fungicide_single_score.json,pesticide_insecticide_single_score.json,0.0,0.0,0.0,0.0
NT2_2022,NT2,2022,ha,"Human toxicity, non-cancer - metals",Pt,1.05,0.0,0.0,,,,0.0,0.0,0.0,1 kg herbicide active substance,1 kg fungicide active substance,1 kg insecticide active substance,herbicide,fungicide,pesticide_insecticide,,,,herbicide_single_score.json,fungicide_single_score.json,pesticide_insecticide_single_score.json,0.0,0.0,0.0,0.0
NT2_2022,NT2,2022,ha,"Human toxicity, non-cancer - organics",Pt,1.05,0.0,0.0,,,,0.0,0.0,0.0,1 kg herbicide active substance,1 kg fungicide active substance,1 kg insecticide active substance,herbicide,fungicide,pesticide_insecticide,,,,herbicide_single_score.json,fungicide_single_score.json,pesticide_insecticide_single_score.json,0.0,0.0,0.0,0.0
NT2_2022,NT2,2022,ha,Ionising radiation,Pt,1.05,0.0,0.0,,,,837.086585,620.0116840000001,711.710174,1 kg herbicide active substance,1 kg fungicide active substance,1 kg insecticide active substance,herbicide,fungicide,pesticide_insecticide,,,,herbicide_single_score.json,fungicide_single_score.json,pesticide_insecticide_single_score.json,878.9409142500001,0.0,0.0,878.9409142500001
NT2_2022,NT2,2022,ha,Land use,Pt,1.05,0.0,0.0,,,,10351420.44,9671351.19,10419696.54,1 kg herbicide active substance,1 kg fungicide active substance,1 kg insecticide active substance,herbicide,fungicide,pesticide_insecticide,,,,herbicide_single_score.json,fungicide_single_score.json,pesticide_insecticide_single_score.json,10868991.462,0.0,0.0,10868991.462
NT2_2022,NT2,2022,ha,Ozone depletion,Pt,1.05,0.0,0.0,,,,2.1756e-09,1.40008e-09,1.4799999999999999e-09,1 kg herbicide active substance,1 kg fungicide active substance,1 kg insecticide active substance,herbicide,fungicide,pesticide_insecticide,,,,herbicide_single_score.json,fungicide_single_score.json,pesticide_insecticide_single_score.json,2.28438e-09,0.0,0.0,2.28438e-09
NT2_2022,NT2,2022,ha,Particulate matter,Pt,1.05,0.0,0.0,,,,1.7361e-11,1.44032e-11,1.54963e-11,1 kg herbicide active substance,1 kg fungicide active substance,1 kg insecticide active substance,herbicide,fungicide,pesticide_insecticide,,,,herbicide_single_score.json,fungicide_single_score.json,pesticide_insecticide_single_score.json,1.8229050000000002e-11,0.0,0.0,1.8229050000000002e-11
NT2_2022,NT2,2022,ha,Photochemical ozone formation,Pt,1.05,0.0,0.0,,,,0.0482284,0.03470854,0.038507059999999996,1 kg herbicide active substance,1 kg fungicide active substance,1 kg insecticide active substance,herbicide,fungicide,pesticide_insecticide,,,,herbicide_single_score.json,fungicide_single_score.json,pesticide_insecticide_single_score.json,0.05063982,0.0,0.0,0.05063982
NT2_2022,NT2,2022,ha,"Resource use, fossils",Pt,1.05,0.0,0.0,,,,1337963.403,941010.855,1030841.5170000001,1 kg herbicide active substance,1 kg fungicide active substance,1 kg insecticide active substance,herbicide,fungicide,pesticide_insecticide,,,,herbicide_single_score.json,fungicide_single_score.json,pesticide_insecticide_single_score.json,1404861.57315,0.0,0.0,1404861.57315
NT2_2022,NT2,2022,ha,"Resource use, minerals and metals",Pt,1.05,0.0,0.0,,,,2.9472e-07,2.208e-07,2.5343999999999997e-07,1 kg herbicide active substance,1 kg fungicide active substance,1 kg insecticide active substance,herbicide,fungicide,pesticide_insecticide,,,,herbicide_single_score.json,fungicide_single_score.json,pesticide_insecticide_single_score.json,3.09456e-07,0.0,0.0,3.09456e-07
NT2_2022,NT2,2022,ha,Total,Pt,1.05,0.0,0.0,,,,13176815.469822299,14456166.866849951,540489472.3400254,1 kg herbicide active substance,1 kg fungicide active substance,1 kg insecticide active substance,herbicide,fungicide,pesticide_insecticide,,,,herbicide_single_score.json,fungicide_single_score.json,pesticide_insecticide_single_score.json,13835656.243313415,0.0,0.0,13835656.243313415
NT2_2022,NT2,2022,ha,Water use,Pt,1.05,0.0,0.0,,,,1884.394864,1440.918633,1631.081551,1 kg herbicide active substance,1 kg fungicide active substance,1 kg insecticide active substance,herbicide,fungicide,pesticide_insecticide,,,,herbicide_single_score.json,fungicide_single_score.json,pesticide_insecticide_single_score.json,1978.6146072000001,0.0,0.0,1978.6146072000001
NT2_2023,NT2,2023,ha,Acidification,Pt,2.88,0.0,0.0,,,,0.17838808,0.13245375999999998,0.14868711999999998,1 kg herbicide active substance,1 kg fungicide active substance,1 kg insecticide active substance,herbicide,fungicide,pesticide_insecticide,,,,herbicide_single_score.json,fungicide_single_score.json,pesticide_insecticide_single_score.json,0.5137576704,0.0,0.0,0.5137576704
NT2_2023,NT2,2023,ha,Climate change,Pt,2.88,0.0,0.0,,,,24201.564,16691.588519999998,18147.4914,1 kg herbicide active substance,1 kg fungicide active substance,1 kg insecticide active substance,herbicide,fungicide,pesticide_insecticide,,,,herbicide_single_score.json,fungicide_single_score.json,pesticide_insecticide_single_score.json,69700.50432,0.0,0.0,69700.50432
NT2_2023,NT2,2023,ha,Climate change - Biogenic,Pt,2.88,0.0,0.0,,,,0.0,0.0,0.0,1 kg herbicide active substance,1 kg fungicide active substance,1 kg insecticide active substance,herbicide,fungicide,pesticide_insecticide,,,,herbicide_single_score.json,fungicide_single_score.json,pesticide_insecticide_single_score.json,0.0,0.0,0.0,0.0
NT2_2023,NT2,2023,ha,Climate change - Fossil,Pt,2.88,0.0,0.0,,,,0.0,0.0,0.0,1 kg herbicide active substance,1 kg fungicide active substance,1 kg insecticide active substance,herbicide,fungicide,pesticide_insecticide,,,,herbicide_single_score.json,fungicide_single_score.json,pesticide_insecticide_single_score.json,0.0,0.0,0.0,0.0
NT2_2023,NT2,2023,ha,Climate change - Land use and LU change,Pt,2.88,0.0,0.0,,,,0.0,0.0,0.0,1 kg herbicide active substance,1 kg fungicide active substance,1 kg insecticide active substance,herbicide,fungicide,pesticide_insecticide,,,,herbicide_single_score.json,fungicide_single_score.json,pesticide_insecticide_single_score.json,0.0,0.0,0.0,0.0
NT2_2023,NT2,2023,ha,"Ecotoxicity, freshwater",Pt,2.88,0.0,0.0,,,,1460507.7396,3825051.6733000004,529018443.3026,1 kg herbicide active substance,1 kg fungicide active substance,1 kg insecticide active substance,herbicide,fungicide,pesticide_insecticide,,,,herbicide_single_score.json,fungicide_single_score.json,pesticide_insecticide_single_score.json,4206262.2900479995,0.0,0.0,4206262.2900479995
NT2_2023,NT2,2023,ha,"Ecotoxicity, freshwater - inorganics",Pt,2.88,0.0,0.0,,,,0.0,0.0,0.0,1 kg herbicide active substance,1 kg fungicide active substance,1 kg insecticide active substance,herbicide,fungicide,pesticide_insecticide,,,,herbicide_single_score.json,fungicide_single_score.json,pesticide_insecticide_single_score.json,0.0,0.0,0.0,0.0
NT2_2023,NT2,2023,ha,"Ecotoxicity, freshwater - metals",Pt,2.88,0.0,0.0,,,,0.0,0.0,0.0,1 kg herbicide active substance,1 kg fungicide active substance,1 kg insecticide active substance,herbicide,fungicide,pesticide_insecticide,,,,herbicide_single_score.json,fungicide_single_score.json,pesticide_insecticide_single_score.json,0.0,0.0,0.0,0.0
NT2_2023,NT2,2023,ha,"Ecotoxicity, freshwater - organics",Pt,2.88,0.0,0.0,,,,0.0,0.0,0.0,1 kg herbicide active substance,1 kg fungicide active substance,1 kg insecticide active substance,herbicide,fungicide,pesticide_insecticide,,,,herbicide_single_score.json,fungicide_single_score.json,pesticide_insecticide_single_score.json,0.0,0.0,0.0,0.0
NT2_2023,NT2,2023,ha,"Eutrophication, freshwater",Pt,2.88,0.0,0.0,,,,0.0001366398,0.000103618,0.000118759,1 kg herbicide active substance,1 kg fungicide active substance,1 kg insecticide active substance,herbicide,fungicide,pesticide_insecticide,,,,herbicide_single_score.json,fungicide_single_score.json,pesticide_insecticide_single_score.json,0.000393522624,0.0,0.0,0.000393522624
NT2_2023,NT2,2023,ha,"Eutrophication, marine",Pt,2.88,0.0,0.0,,,,0.010586454,0.008716038,0.009537278,1 kg herbicide active substance,1 kg fungicide active substance,1 kg insecticide active substance,herbicide,fungicide,pesticide_insecticide,,,,herbicide_single_score.json,fungicide_single_score.json,pesticide_insecticide_single_score.json,0.03048898752,0.0,0.0,0.03048898752
NT2_2023,NT2,2023,ha,"Eutrophication, terrestrial",Pt,2.88,0.0,0.0,,,,0.60443343,0.45373077,0.50045004,1 kg herbicide active substance,1 kg fungicide active substance,1 kg insecticide active substance,herbicide,fungicide,pesticide_insecticide,,,,herbicide_single_score.json,fungicide_single_score.json,pesticide_insecticide_single_score.json,1.7407682784,0.0,0.0,1.7407682784
NT2_2023,NT2,2023,ha,"Human toxicity, cancer",Pt,2.88,0.0,0.0,,,,5.3791999999999995e-15,5.9696e-15,4.6166e-15,1 kg herbicide active substance,1 kg fungicide active substance,1 kg insecticide active substance,herbicide,fungicide,pesticide_insecticide,,,,herbicide_single_score.json,fungicide_single_score.json,pesticide_insecticide_single_score.json,1.5492095999999997e-14,0.0,0.0,1.5492095999999997e-14
NT2_2023,NT2,2023,ha,"Human toxicity, cancer - inorganics",Pt,2.88,0.0,0.0,,,,0.0,0.0,0.0,1 kg herbicide active substance,1 kg fungicide active substance,1 kg insecticide active substance,herbicide,fungicide,pesticide_insecticide,,,,herbicide_single_score.json,fungicide_single_score.json,pesticide_insecticide_single_score.json,0.0,0.0,0.0,0.0
NT2_2023,NT2,2023,ha,"Human toxicity, cancer - metals",Pt,2.88,0.0,0.0,,,,0.0,0.0,0.0,1 kg herbicide active substance,1 kg fungicide active substance,1 kg insecticide active substance,herbicide,fungicide,pesticide_insecticide,,,,herbicide_single_score.json,fungicide_single_score.json,pesticide_insecticide_single_score.json,0.0,0.0,0.0,0.0
NT2_2023,NT2,2023,ha,"Human toxicity, cancer - organics",Pt,2.88,0.0,0.0,,,,0.0,0.0,0.0,1 kg herbicide active substance,1 kg fungicide active substance,1 kg insecticide active substance,herbicide,fungicide,pesticide_insecticide,,,,herbicide_single_score.json,fungicide_single_score.json,pesticide_insecticide_single_score.json,0.0,0.0,0.0,0.0
NT2_2023,NT2,2023,ha,"Human toxicity, non-cancer",Pt,2.88,0.0,0.0,,,,7.236719999999999e-12,3.766066e-12,1.5654213999999998e-09,1 kg herbicide active substance,1 kg fungicide active substance,1 kg insecticide active substance,herbicide,fungicide,pesticide_insecticide,,,,herbicide_single_score.json,fungicide_single_score.json,pesticide_insecticide_single_score.json,2.0841753599999997e-11,0.0,0.0,2.0841753599999997e-11
NT2_2023,NT2,2023,ha,"Human toxicity, non-cancer - inorganics",Pt,2.88,0.0,0.0,,,,0.0,0.0,0.0,1 kg herbicide active substance,1 kg fungicide active substance,1 kg insecticide active substance,herbicide,fungicide,pesticide_insecticide,,,,herbicide_single_score.json,fungicide_single_score.json,pesticide_insecticide_single_score.json,0.0,0.0,0.0,0.0
NT2_2023,NT2,2023,ha,"Human toxicity, non-cancer - metals",Pt,2.88,0.0,0.0,,,,0.0,0.0,0.0,1 kg herbicide active substance,1 kg fungicide active substance,1 kg insecticide active substance,herbicide,fungicide,pesticide_insecticide,,,,herbicide_single_score.json,fungicide_single_score.json,pesticide_insecticide_single_score.json,0.0,0.0,0.0,0.0
NT2_2023,NT2,2023,ha,"Human toxicity, non-cancer - organics",Pt,2.88,0.0,0.0,,,,0.0,0.0,0.0,1 kg herbicide active substance,1 kg fungicide active substance,1 kg insecticide active substance,herbicide,fungicide,pesticide_insecticide,,,,herbicide_single_score.json,fungicide_single_score.json,pesticide_insecticide_single_score.json,0.0,0.0,0.0,0.0
NT2_2023,NT2,2023,ha,Ionising radiation,Pt,2.88,0.0,0.0,,,,837.086585,620.0116840000001,711.710174,1 kg herbicide active substance,1 kg fungicide active substance,1 kg insecticide active substance,herbicide,fungicide,pesticide_insecticide,,,,herbicide_single_score.json,fungicide_single_score.json,pesticide_insecticide_single_score.json,2410.8093648,0.0,0.0,2410.8093648
NT2_2023,NT2,2023,ha,Land use,Pt,2.88,0.0,0.0,,,,10351420.44,9671351.19,10419696.54,1 kg herbicide active substance,1 kg fungicide active substance,1 kg insecticide active substance,herbicide,fungicide,pesticide_insecticide,,,,herbicide_single_score.json,fungicide_single_score.json,pesticide_insecticide_single_score.json,29812090.8672,0.0,0.0,29812090.8672
NT2_2023,NT2,2023,ha,Ozone depletion,Pt,2.88,0.0,0.0,,,,2.1756e-09,1.40008e-09,1.4799999999999999e-09,1 kg herbicide active substance,1 kg fungicide active substance,1 kg insecticide active substance,herbicide,fungicide,pesticide_insecticide,,,,herbicide_single_score.json,fungicide_single_score.json,pesticide_insecticide_single_score.json,6.265727999999999e-09,0.0,0.0,6.265727999999999e-09
NT2_2023,NT2,2023,ha,Particulate matter,Pt,2.88,0.0,0.0,,,,1.7361e-11,1.44032e-11,1.54963e-11,1 kg herbicide active substance,1 kg fungicide active substance,1 kg insecticide active substance,herbicide,fungicide,pesticide_insecticide,,,,herbicide_single_score.json,fungicide_single_score.json,pesticide_insecticide_single_score.json,4.999968e-11,0.0,0.0,4.999968e-11
NT2_2023,NT2,2023,ha,Photochemical ozone formation,Pt,2.88,0.0,0.0,,,,0.0482284,0.03470854,0.038507059999999996,1 kg herbicide active substance,1 kg fungicide active substance,1 kg insecticide active substance,herbicide,fungicide,pesticide_insecticide,,,,herbicide_single_score.json,fungicide_single_score.json,pesticide_insecticide_single_score.json,0.138897792,0.0,0.0,0.138897792
NT2_2023,NT2,2023,ha,"Resource use, fossils",Pt,2.88,0.0,0.0,,,,1337963.403,941010.855,1030841.5170000001,1 kg herbicide active substance,1 kg fungicide active substance,1 kg insecticide active substance,herbicide,fungicide,pesticide_insecticide,,,,herbicide_single_score.json,fungicide_single_score.json,pesticide_insecticide_single_score.json,3853334.60064,0.0,0.0,3853334.60064
NT2_2023,NT2,2023,ha,"Resource use, minerals and metals",Pt,2.88,0.0,0.0,,,,2.9472e-07,2.208e-07,2.5343999999999997e-07,1 kg herbicide active substance,1 kg fungicide active substance,1 kg insecticide active substance,herbicide,fungicide,pesticide_insecticide,,,,herbicide_single_score.json,fungicide_single_score.json,pesticide_insecticide_single_score.json,8.487935999999999e-07,0.0,0.0,8.487935999999999e-07
NT2_2023,NT2,2023,ha,Total,Pt,2.88,0.0,0.0,,,,13176815.469822299,14456166.866849951,540489472.3400254,1 kg herbicide active substance,1 kg fungicide active substance,1 kg insecticide active substance,herbicide,fungicide,pesticide_insecticide,,,,herbicide_single_score.json,fungicide_single_score.json,pesticide_insecticide_single_score.json,37949228.55308822,0.0,0.0,37949228.55308822
NT2_2023,NT2,2023,ha,Water use,Pt,2.88,0.0,0.0,,,,1884.394864,1440.918633,1631.081551,1 kg herbicide active substance,1 kg fungicide active substance,1 kg insecticide active substance,herbicide,fungicide,pesticide_insecticide,,,,herbicide_single_score.json,fungicide_single_score.json,pesticide_insecticide_single_score.json,5427.05720832,0.0,0.0,5427.05720832
NT2_2024,NT2,2024,ha,Acidification,Pt,0.88,0.0,0.0,,,,0.17838808,0.13245375999999998,0.14868711999999998,1 kg herbicide active substance,1 kg fungicide active substance,1 kg insecticide active substance,herbicide,fungicide,pesticide_insecticide,,,,herbicide_single_score.json,fungicide_single_score.json,pesticide_insecticide_single_score.json,0.1569815104,0.0,0.0,0.1569815104
NT2_2024,NT2,2024,ha,Climate change,Pt,0.88,0.0,0.0,,,,24201.564,16691.588519999998,18147.4914,1 kg herbicide active substance,1 kg fungicide active substance,1 kg insecticide active substance,herbicide,fungicide,pesticide_insecticide,,,,herbicide_single_score.json,fungicide_single_score.json,pesticide_insecticide_single_score.json,21297.37632,0.0,0.0,21297.37632
NT2_2024,NT2,2024,ha,Climate change - Biogenic,Pt,0.88,0.0,0.0,,,,0.0,0.0,0.0,1 kg herbicide active substance,1 kg fungicide active substance,1 kg insecticide active substance,herbicide,fungicide,pesticide_insecticide,,,,herbicide_single_score.json,fungicide_single_score.json,pesticide_insecticide_single_score.json,0.0,0.0,0.0,0.0
NT2_2024,NT2,2024,ha,Climate change - Fossil,Pt,0.88,0.0,0.0,,,,0.0,0.0,0.0,1 kg herbicide active substance,1 kg fungicide active substance,1 kg insecticide active substance,herbicide,fungicide,pesticide_insecticide,,,,herbicide_single_score.json,fungicide_single_score.json,pesticide_insecticide_single_score.json,0.0,0.0,0.0,0.0
NT2_2024,NT2,2024,ha,Climate change - Land use and LU change,Pt,0.88,0.0,0.0,,,,0.0,0.0,0.0,1 kg herbicide active substance,1 kg fungicide active substance,1 kg insecticide active substance,herbicide,fungicide,pesticide_insecticide,,,,herbicide_single_score.json,fungicide_single_score.json,pesticide_insecticide_single_score.json,0.0,0.0,0.0,0.0
NT2_2024,NT2,2024,ha,"Ecotoxicity, freshwater",Pt,0.88,0.0,0.0,,,,1460507.7396,3825051.6733000004,529018443.3026,1 kg herbicide active substance,1 kg fungicide active substance,1 kg insecticide active substance,herbicide,fungicide,pesticide_insecticide,,,,herbicide_single_score.json,fungicide_single_score.json,pesticide_insecticide_single_score.json,1285246.810848,0.0,0.0,1285246.810848
NT2_2024,NT2,2024,ha,"Ecotoxicity, freshwater - inorganics",Pt,0.88,0.0,0.0,,,,0.0,0.0,0.0,1 kg herbicide active substance,1 kg fungicide active substance,1 kg insecticide active substance,herbicide,fungicide,pesticide_insecticide,,,,herbicide_single_score.json,fungicide_single_score.json,pesticide_insecticide_single_score.json,0.0,0.0,0.0,0.0
NT2_2024,NT2,2024,ha,"Ecotoxicity, freshwater - metals",Pt,0.88,0.0,0.0,,,,0.0,0.0,0.0,1 kg herbicide active substance,1 kg fungicide active substance,1 kg insecticide active substance,herbicide,fungicide,pesticide_insecticide,,,,herbicide_single_score.json,fungicide_single_score.json,pesticide_insecticide_single_score.json,0.0,0.0,0.0,0.0
NT2_2024,NT2,2024,ha,"Ecotoxicity, freshwater - organics",Pt,0.88,0.0,0.0,,,,0.0,0.0,0.0,1 kg herbicide active substance,1 kg fungicide active substance,1 kg insecticide active substance,herbicide,fungicide,pesticide_insecticide,,,,herbicide_single_score.json,fungicide_single_score.json,pesticide_insecticide_single_score.json,0.0,0.0,0.0,0.0
NT2_2024,NT2,2024,ha,"Eutrophication, freshwater",Pt,0.88,0.0,0.0,,,,0.0001366398,0.000103618,0.000118759,1 kg herbicide active substance,1 kg fungicide active substance,1 kg insecticide active substance,herbicide,fungicide,pesticide_insecticide,,,,herbicide_single_score.json,fungicide_single_score.json,pesticide_insecticide_single_score.json,0.000120243024,0.0,0.0,0.000120243024
NT2_2024,NT2,2024,ha,"Eutrophication, marine",Pt,0.88,0.0,0.0,,,,0.010586454,0.008716038,0.009537278,1 kg herbicide active substance,1 kg fungicide active substance,1 kg insecticide active substance,herbicide,fungicide,pesticide_insecticide,,,,herbicide_single_score.json,fungicide_single_score.json,pesticide_insecticide_single_score.json,0.009316079520000001,0.0,0.0,0.009316079520000001
NT2_2024,NT2,2024,ha,"Eutrophication, terrestrial",Pt,0.88,0.0,0.0,,,,0.60443343,0.45373077,0.50045004,1 kg herbicide active substance,1 kg fungicide active substance,1 kg insecticide active substance,herbicide,fungicide,pesticide_insecticide,,,,herbicide_single_score.json,fungicide_single_score.json,pesticide_insecticide_single_score.json,0.5319014184,0.0,0.0,0.5319014184
NT2_2024,NT2,2024,ha,"Human toxicity, cancer",Pt,0.88,0.0,0.0,,,,5.3791999999999995e-15,5.9696e-15,4.6166e-15,1 kg herbicide active substance,1 kg fungicide active substance,1 kg insecticide active substance,herbicide,fungicide,pesticide_insecticide,,,,herbicide_single_score.json,fungicide_single_score.json,pesticide_insecticide_single_score.json,4.7336959999999995e-15,0.0,0.0,4.7336959999999995e-15
NT2_2024,NT2,2024,ha,"Human toxicity, cancer - inorganics",Pt,0.88,0.0,0.0,,,,0.0,0.0,0.0,1 kg herbicide active substance,1 kg fungicide active substance,1 kg insecticide active substance,herbicide,fungicide,pesticide_insecticide,,,,herbicide_single_score.json,fungicide_single_score.json,pesticide_insecticide_single_score.json,0.0,0.0,0.0,0.0
NT2_2024,NT2,2024,ha,"Human toxicity, cancer - metals",Pt,0.88,0.0,0.0,,,,0.0,0.0,0.0,1 kg herbicide active substance,1 kg fungicide active substance,1 kg insecticide active substance,herbicide,fungicide,pesticide_insecticide,,,,herbicide_single_score.json,fungicide_single_score.json,pesticide_insecticide_single_score.json,0.0,0.0,0.0,0.0
NT2_2024,NT2,2024,ha,"Human toxicity, cancer - organics",Pt,0.88,0.0,0.0,,,,0.0,0.0,0.0,1 kg herbicide active substance,1 kg fungicide active substance,1 kg insecticide active substance,herbicide,fungicide,pesticide_insecticide,,,,herbicide_single_score.json,fungicide_single_score.json,pesticide_insecticide_single_score.json,0.0,0.0,0.0,0.0
NT2_2024,NT2,2024,ha,"Human toxicity, non-cancer",Pt,0.88,0.0,0.0,,,,7.236719999999999e-12,3.766066e-12,1.5654213999999998e-09,1 kg herbicide active substance,1 kg fungicide active substance,1 kg insecticide active substance,herbicide,fungicide,pesticide_insecticide,,,,herbicide_single_score.json,fungicide_single_score.json,pesticide_insecticide_single_score.json,6.3683136e-12,0.0,0.0,6.3683136e-12
NT2_2024,NT2,2024,ha,"Human toxicity, non-cancer - inorganics",Pt,0.88,0.0,0.0,,,,0.0,0.0,0.0,1 kg herbicide active substance,1 kg fungicide active substance,1 kg insecticide active substance,herbicide,fungicide,pesticide_insecticide,,,,herbicide_single_score.json,fungicide_single_score.json,pesticide_insecticide_single_score.json,0.0,0.0,0.0,0.0
NT2_2024,NT2,2024,ha,"Human toxicity, non-cancer - metals",Pt,0.88,0.0,0.0,,,,0.0,0.0,0.0,1 kg herbicide active substance,1 kg fungicide active substance,1 kg insecticide active substance,herbicide,fungicide,pesticide_insecticide,,,,herbicide_single_score.json,fungicide_single_score.json,pesticide_insecticide_single_score.json,0.0,0.0,0.0,0.0
NT2_2024,NT2,2024,ha,"Human toxicity, non-cancer - organics",Pt,0.88,0.0,0.0,,,,0.0,0.0,0.0,1 kg herbicide active substance,1 kg fungicide active substance,1 kg insecticide active substance,herbicide,fungicide,pesticide_insecticide,,,,herbicide_single_score.json,fungicide_single_score.json,pesticide_insecticide_single_score.json,0.0,0.0,0.0,0.0
NT2_2024,NT2,2024,ha,Ionising radiation,Pt,0.88,0.0,0.0,,,,837.086585,620.0116840000001,711.710174,1 kg herbicide active substance,1 kg fungicide active substance,1 kg insecticide active substance,herbicide,fungicide,pesticide_insecticide,,,,herbicide_single_score.json,fungicide_single_score.json,pesticide_insecticide_single_score.json,736.6361948,0.0,0.0,736.6361948
NT2_2024,NT2,2024,ha,Land use,Pt,0.88,0.0,0.0,,,,10351420.44,9671351.19,10419696.54,1 kg herbicide active substance,1 kg fungicide active substance,1 kg insecticide active substance,herbicide,fungicide,pesticide_insecticide,,,,herbicide_single_score.json,fungicide_single_score.json,pesticide_insecticide_single_score.json,9109249.9872,0.0,0.0,9109249.9872
NT2_2024,NT2,2024,ha,Ozone depletion,Pt,0.88,0.0,0.0,,,,2.1756e-09,1.40008e-09,1.4799999999999999e-09,1 kg herbicide active substance,1 kg fungicide active substance,1 kg insecticide active substance,herbicide,fungicide,pesticide_insecticide,,,,herbicide_single_score.json,fungicide_single_score.json,pesticide_insecticide_single_score.json,1.9145279999999998e-09,0.0,0.0,1.9145279999999998e-09
NT2_2024,NT2,2024,ha,Particulate matter,Pt,0.88,0.0,0.0,,,,1.7361e-11,1.44032e-11,1.54963e-11,1 kg herbicide active substance,1 kg fungicide active substance,1 kg insecticide active substance,herbicide,fungicide,pesticide_insecticide,,,,herbicide_single_score.json,fungicide_single_score.json,pesticide_insecticide_single_score.json,1.527768e-11,0.0,0.0,1.527768e-11
NT2_2024,NT2,2024,ha,Photochemical ozone formation,Pt,0.88,0.0,0.0,,,,0.0482284,0.03470854,0.038507059999999996,1 kg herbicide active substance,1 kg fungicide active substance,1 kg insecticide active substance,herbicide,fungicide,pesticide_insecticide,,,,herbicide_single_score.json,fungicide_single_score.json,pesticide_insecticide_single_score.json,0.042440992,0.0,0.0,0.042440992
NT2_2024,NT2,2024,ha,"Resource use, fossils",Pt,0.88,0.0,0.0,,,,1337963.403,941010.855,1030841.5170000001,1 kg herbicide active substance,1 kg fungicide active substance,1 kg insecticide active substance,herbicide,fungicide,pesticide_insecticide,,,,herbicide_single_score.json,fungicide_single_score.json,pesticide_insecticide_single_score.json,1177407.79464,0.0,0.0,1177407.79464
NT2_2024,NT2,2024,ha,"Resource use, minerals and metals",Pt,0.88,0.0,0.0,,,,2.9472e-07,2.208e-07,2.5343999999999997e-07,1 kg herbicide active substance,1 kg fungicide active substance,1 kg insecticide active substance,herbicide,fungicide,pesticide_insecticide,,,,herbicide_single_score.json,fungicide_single_score.json,pesticide_insecticide_single_score.json,2.593536e-07,0.0,0.0,2.593536e-07
NT2_2024,NT2,2024,ha,Total,Pt,0.88,0.0,0.0,,,,13176815.469822299,14456166.866849951,540489472.3400254,1 kg herbicide active substance,1 kg fungicide active substance,1 kg insecticide active substance,herbicide,fungicide,pesticide_insecticide,,,,herbicide_single_score.json,fungicide_single_score.json,pesticide_insecticide_single_score.json,11595597.613443622,0.0,0.0,11595597.613443622
NT2_2024,NT2,2024,ha,Water use,Pt,0.88,0.0,0.0,,,,1884.394864,1440.918633,1631.081551,1 kg herbicide active substance,1 kg fungicide active substance,1 kg insecticide active substance,herbicide,fungicide,pesticide_insecticide,,,,herbicide_single_score.json,fungicide_single_score.json,pesticide_insecticide_single_score.json,1658.26748032,0.0,0.0,1658.26748032
