dmu_id,farmer_id,year,basis,impact_category,impact_unit,centrifugal_spreader_ha_worked_per_ha,centrifugal_spreader_ha_worked_per_tonne,centrifugal_spreader_factor_per_ha_worked,centrifugal_spreader_factor_unit,centrifugal_spreader_characterisation_sheet,centrifugal_spreader_impact,combine_harvester_ha_worked_per_ha,combine_harvester_ha_worked_per_tonne,combine_harvester_factor_per_ha_worked,combine_harvester_factor_unit,combine_harvester_characterisation_sheet,combine_harvester_impact,disk_harrow_ha_worked_per_ha,disk_harrow_ha_worked_per_tonne,disk_harrow_factor_per_ha_worked,disk_harrow_factor_unit,disk_harrow_characterisation_sheet,disk_harrow_impact,laser_leveler_ha_worked_per_ha,laser_leveler_ha_worked_per_tonne,laser_leveler_factor_per_ha_worked,laser_leveler_factor_unit,laser_leveler_characterisation_sheet,laser_leveler_impact,rotary_tiller_ha_worked_per_ha,rotary_tiller_ha_worked_per_tonne,rotary_tiller_factor_per_ha_worked,rotary_tiller_factor_unit,rotary_tiller_characterisation_sheet,rotary_tiller_impact,seeder_ha_worked_per_ha,seeder_ha_worked_per_tonne,seeder_factor_per_ha_worked,seeder_factor_unit,seeder_characterisation_sheet,seeder_impact,sprayer_ha_worked_per_ha,sprayer_ha_worked_per_tonne,sprayer_factor_per_ha_worked,sprayer_factor_unit,sprayer_characterisation_sheet,sprayer_impact,machines_total_impact
C1_2022,C1,2022,tonne,Acidification,mol H+ eq,,0.9019759205,0.253,1 ha worked,13_chara,0.2281999078865,,0.2254939801,1.7899999999999998,1 ha worked,16_chara,0.40363422437899993,,0.6764819403,0.20199999999999999,1 ha worked,11_chara,0.1366493519406,,0.2254939801,1.1,1 ha worked,12_chara,0.24804337811000002,,0.2254939801,0.5670000000000001,1 ha worked,14_chara,0.1278550867167,,0.0,0.116,1 ha worked,17_chara,0.0,,1.1639064279,0.0167,1 ha worked,15_chara,0.01943723734593,1.16381918637873
C1_2022,C1,2022,tonne,Climate change,kg CO2 eq,,0.9019759205,26.88,1 ha worked,13_chara,24.24511274304,,0.2254939801,165.89,1 ha worked,16_chara,37.407196358788994,,0.6764819403,20.45,1 ha worked,11_chara,13.834055679134998,,0.2254939801,124.18,1 ha worked,12_chara,28.001842448818,,0.2254939801,69.64999999999999,1 ha worked,14_chara,15.705655713964997,,0.0,28.27,1 ha worked,17_chara,0.0,,1.1639064279,1.93,1 ha worked,15_chara,2.246339405847,121.44020234959397
C1_2022,C1,2022,tonne,Climate change - Biogenic,kg CO2 eq,,0.9019759205,0.0373,1 ha worked,13_chara,0.03364370183465,,0.2254939801,0.17600000000000002,1 ha worked,16_chara,0.0396869404976,,0.6764819403,0.028499999999999998,1 ha worked,11_chara,0.019279735298549996,,0.2254939801,0.145,1 ha worked,12_chara,0.0326966271145,,0.2254939801,0.0992,1 ha worked,14_chara,0.022369002825919998,,0.0,0.0452,1 ha worked,17_chara,0.0,,1.1639064279,0.0211,1 ha worked,15_chara,0.02455842562869,0.17223443319991
C1_2022,C1,2022,tonne,Climate change - Fossil,kg CO2 eq,,0.9019759205,26.830000000000002,1 ha worked,13_chara,24.200013947015,,0.2254939801,165.57999999999998,1 ha worked,16_chara,37.337293224957996,,0.6764819403,20.41,1 ha worked,11_chara,13.806996401523,,0.2254939801,123.97,1 ha worked,12_chara,27.954488712996998,,0.2254939801,69.50999999999999,1 ha worked,14_chara,15.674086556750998,,0.0,28.180000000000003,1 ha worked,17_chara,0.0,,1.1639064279,1.9100000000000001,1 ha worked,15_chara,2.223061277289,121.19594012053298
C1_2022,C1,2022,tonne,Climate change - Land use and LU change,kg CO2 eq,,0.9019759205,0.0178,1 ha worked,13_chara,0.0160551713849,,0.2254939801,0.131,1 ha worked,16_chara,0.0295397113931,,0.6764819403,0.00673,1 ha worked,11_chara,0.004552723458219,,0.2254939801,0.05789999999999999,1 ha worked,12_chara,0.013056101447789998,,0.2254939801,0.0494,1 ha worked,14_chara,0.011139402616939999,,0.0,0.0434,1 ha worked,17_chara,0.0,,1.1639064279,0.00132,1 ha worked,15_chara,0.001536356484828,0.075879466785777
C1_2022,C1,2022,tonne,"Ecotoxicity, freshwater",CTUe,,0.9019759205,409.06,1 ha worked,13_chara,368.96227003973,,0.2254939801,2729.37,1 ha worked,16_chara,615.4565044655369,,0.6764819403,235.92,1 ha worked,11_chara,159.595619355576,,0.2254939801,1587.99,1 ha worked,12_chara,358.082185458999,,0.2254939801,1134.53,1 ha worked,14_chara,255.82968524285297,,0.0,588.66,1 ha worked,17_chara,0.0,,1.1639064279,32.26,1 ha worked,15_chara,37.547621364053995,1795.473885926749
C1_2022,C1,2022,tonne,"Ecotoxicity, freshwater - inorganics",CTUe,,0.9019759205,66.27,1 ha worked,13_chara,59.77394425153499,,0.2254939801,419.04999999999995,1 ha worked,16_chara,94.49325236090499,,0.6764819403,48.84,1 ha worked,11_chara,33.039377964252004,,0.2254939801,268.34,1 ha worked,12_chara,60.50905462003399,,0.2254939801,140.05,1 ha worked,14_chara,31.580431913005,,0.0,58.77,1 ha worked,17_chara,0.0,,1.1639064279,4.59,1 ha worked,15_chara,5.342330504061,284.738391613792
C1_2022,C1,2022,tonne,"Ecotoxicity, freshwater - metals",CTUe,,0.9019759205,322.83,1 ha worked,13_chara,291.184886415015,,0.2254939801,2187.8900000000003,1 ha worked,16_chara,493.35602412098905,,0.6764819403,170.45000000000002,1 ha worked,11_chara,115.30634672413501,,0.2254939801,1234.5,1 ha worked,12_chara,278.37231843345,,0.2254939801,954.07,1 ha worked,14_chara,215.137041594007,,0.0,515.3100000000001,1 ha worked,17_chara,0.0,,1.1639064279,26.36,1 ha worked,15_chara,30.680573439444,1424.03719072704
C1_2022,C1,2022,tonne,"Ecotoxicity, freshwater - organics",CTUe,,0.9019759205,19.96,1 ha worked,13_chara,18.00343937318,,0.2254939801,122.43,1 ha worked,16_chara,27.607227983643,,0.6764819403,16.64,1 ha worked,11_chara,11.256659486592,,0.2254939801,85.15,1 ha worked,12_chara,19.200812405515002,,0.2254939801,40.410000000000004,1 ha worked,14_chara,9.112211735841,,0.0,14.58,1 ha worked,17_chara,0.0,,1.1639064279,1.31,1 ha worked,15_chara,1.524717420549,86.70506840532
C1_2022,C1,2022,tonne,"Eutrophication, freshwater",kg P eq,,0.9019759205,0.00346,1 ha worked,13_chara,0.00312083668493,,0.2254939801,0.0236,1 ha worked,16_chara,0.00532165793036,,0.6764819403,0.0014600000000000001,1 ha worked,11_chara,0.000987663632838,,0.2254939801,0.0129,1 ha worked,12_chara,0.00290887234329,,0.2254939801,0.0116,1 ha worked,14_chara,0.0026157301691599995,,0.0,0.00685,1 ha worked,17_chara,0.0,,1.1639064279,0.000272,1 ha worked,15_chara,0.0003165825483888,0.015271343308966802
C1_2022,C1,2022,tonne,"Eutrophication, marine",kg N eq,,0.9019759205,0.1,1 ha worked,13_chara,0.09019759205,,0.2254939801,0.729,1 ha worked,16_chara,0.1643851114929,,0.6764819403,0.08460000000000001,1 ha worked,11_chara,0.05723037214938,,0.2254939801,0.444,1 ha worked,12_chara,0.1001193271644,,0.2254939801,0.213,1 ha worked,14_chara,0.048030217761299995,,0.0,0.0206,1 ha worked,17_chara,0.0,,1.1639064279,0.0064600000000000005,1 ha worked,15_chara,0.007518835524234001,0.467481456142214
C1_2022,C1,2022,tonne,"Eutrophication, terrestrial",mol N eq,,0.9019759205,1.1,1 ha worked,13_chara,0.9921735125500001,,0.2254939801,7.97,1 ha worked,16_chara,1.7971870213969998,,0.6764819403,0.927,1 ha worked,11_chara,0.6270987586581,,0.2254939801,4.86,1 ha worked,12_chara,1.095900743286,,0.2254939801,2.33,1 ha worked,14_chara,0.525400973633,,0.0,0.21800000000000003,1 ha worked,17_chara,0.0,,1.1639064279,0.0704,1 ha worked,15_chara,0.08193901252416,5.11970002204826
C1_2022,C1,2022,tonne,"Human toxicity, cancer",CTUh,,0.9019759205,1.96e-08,1 ha worked,13_chara,1.76787280418e-08,,0.2254939801,1.34e-07,1 ha worked,16_chara,3.02161933334e-08,,0.6764819403,1.13e-08,1 ha worked,11_chara,7.64424592539e-09,,0.2254939801,1.03e-07,1 ha worked,12_chara,2.3225879950299998e-08,,0.2254939801,1.14e-07,1 ha worked,14_chara,2.57063137314e-08,,0.0,5.54e-08,1 ha worked,17_chara,0.0,,1.1639064279,1.91e-09,1 ha worked,15_chara,2.223061277289e-09,1.0669442225957899e-07
C1_2022,C1,2022,tonne,"Human toxicity, cancer - inorganics",CTUh,,0.9019759205,3.85e-17,1 ha worked,13_chara,3.4726072939249996e-17,,0.2254939801,2.22e-16,1 ha worked,16_chara,5.00596635822e-17,,0.6764819403,1.8099999999999998e-17,1 ha worked,11_chara,1.2244323119429997e-17,,0.2254939801,1.5199999999999998e-16,1 ha worked,12_chara,3.427508497519999e-17,,0.2254939801,1.3300000000000002e-16,1 ha worked,14_chara,2.99906993533e-17,,0.0,7.46e-17,1 ha worked,17_chara,0.0,,1.1639064279,2.89e-18,1 ha worked,15_chara,3.363689576631e-18,1.6465953354601098e-16
C1_2022,C1,2022,tonne,"Human toxicity, cancer - metals",CTUh,,0.9019759205,1.23e-08,1 ha worked,13_chara,1.1094303822149998e-08,,0.2254939801,8.47e-08,1 ha worked,16_chara,1.9099340114469998e-08,,0.6764819403,7.91e-09,1 ha worked,11_chara,5.3509721477729995e-09,,0.2254939801,6.970000000000001e-08,1 ha worked,12_chara,1.5716930412970002e-08,,0.2254939801,8.050000000000001e-08,1 ha worked,14_chara,1.8152265398050002e-08,,0.0,3.55e-08,1 ha worked,17_chara,0.0,,1.1639064279,1.23e-09,1 ha worked,15_chara,1.431604906317e-09,7.084541680173e-08
C1_2022,C1,2022,tonne,"Human toxicity, cancer - organics",CTUh,,0.9019759205,7.2800000000000005e-09,1 ha worked,13_chara,6.56638470124e-09,,0.2254939801,4.98e-08,1 ha worked,16_chara,1.122960020898e-08,,0.6764819403,3.4000000000000003e-09,1 ha worked,11_chara,2.30003859702e-09,,0.2254939801,3.3e-08,1 ha worked,12_chara,7.4413013432999995e-09,,0.2254939801,3.34e-08,1 ha worked,14_chara,7.53149893534e-09,,0.0,2e-08,1 ha worked,17_chara,0.0,,1.1639064279,6.829999999999999e-10,1 ha worked,15_chara,7.949480902556999e-10,3.58637718761357e-08
C1_2022,C1,2022,tonne,"Human toxicity, non-cancer",CTUh,,0.9019759205,5.989999999999999e-07,1 ha worked,13_chara,5.402835763794998e-07,,0.2254939801,3.46e-06,1 ha worked,16_chara,7.80209171146e-07,,0.6764819403,8.92e-07,1 ha worked,11_chara,6.034218907476e-07,,0.2254939801,2e-06,1 ha worked,12_chara,4.5098796019999994e-07,,0.2254939801,1.37e-06,1 ha worked,14_chara,3.08926752737e-07,,0.0,1.0700000000000001e-06,1 ha worked,17_chara,0.0,,1.1639064279,1.27e-07,1 ha worked,15_chara,1.4781611634330002e-07,2.8316454675534e-06
C1_2022,C1,2022,tonne,"Human toxicity, non-cancer - inorganics",CTUh,,0.9019759205,1.6900000000000002e-07,1 ha worked,13_chara,1.524339305645e-07,,0.2254939801,1.12e-06,1 ha worked,16_chara,2.52553257712e-07,,0.6764819403,8.97e-08,1 ha worked,11_chara,6.068043004491e-08,,0.2254939801,8.100000000000001e-07,1 ha worked,12_chara,1.82650123881e-07,,0.2254939801,6.54e-07,1 ha worked,14_chara,1.474730629854e-07,,0.0,3.12e-07,1 ha worked,17_chara,0.0,,1.1639064279,1.02e-08,1 ha worked,15_chara,1.187184556458e-08,8.076626507523899e-07
C1_2022,C1,2022,tonne,"Human toxicity, non-cancer - metals",CTUh,,0.9019759205,4.1999999999999995e-07,1 ha worked,13_chara,3.7882988660999996e-07,,0.2254939801,2.26e-06,1 ha worked,16_chara,5.096163950259999e-07,,0.6764819403,7.98e-07,1 ha worked,11_chara,5.398325883593999e-07,,0.2254939801,1.16e-06,1 ha worked,12_chara,2.6157301691599997e-07,,0.2254939801,6.99e-07,1 ha worked,14_chara,1.576202920899e-07,,0.0,7.47e-07,1 ha worked,17_chara,0.0,,1.1639064279,1.16e-07,1 ha worked,15_chara,1.350131456364e-07,1.9824853246377e-06
C1_2022,C1,2022,tonne,"Human toxicity, non-cancer - organics",CTUh,,0.9019759205,1.16e-08,1 ha worked,13_chara,1.04629206778e-08,,0.2254939801,8.660000000000001e-08,1 ha worked,16_chara,1.9527778676660002e-08,,0.6764819403,5.48e-09,1 ha worked,11_chara,3.7071210328439997e-09,,0.2254939801,3.8200000000000005e-08,1 ha worked,12_chara,8.61387003982e-09,,0.2254939801,2.67e-08,1 ha worked,14_chara,6.02068926867e-09,,0.0,1.5299999999999998e-08,1 ha worked,17_chara,0.0,,1.1639064279,1.08e-09,1 ha worked,15_chara,1.257018942132e-09,4.9589398637926e-08
C1_2022,C1,2022,tonne,Ionising radiation,kBq U-235 eq,,0.9019759205,1.72,1 ha worked,13_chara,1.55139858326,,0.2254939801,10.49,1 ha worked,16_chara,2.365431851249,,0.6764819403,1.27,1 ha worked,11_chara,0.859132064181,,0.2254939801,7.89,1 ha worked,12_chara,1.7791475029889998,,0.2254939801,4.319999999999999,1 ha worked,14_chara,0.9741339940319999,,0.0,1.75,1 ha worked,17_chara,0.0,,1.1639064279,0.115,1 ha worked,15_chara,0.1338492392085,7.663093234919499
C1_2022,C1,2022,tonne,Land use,Pt,,0.9019759205,145.23,1 ha worked,13_chara,130.99396293421498,,0.2254939801,800.14,1 ha worked,16_chara,180.426753237214,,0.6764819403,137.54,1 ha worked,11_chara,93.04332606886199,,0.2254939801,641.1899999999999,1 ha worked,12_chara,144.58448510031897,,0.2254939801,418.1,1 ha worked,14_chara,94.27903307981,,0.0,168.95000000000002,1 ha worked,17_chara,0.0,,1.1639064279,100.13,1 ha worked,15_chara,116.541950625627,759.8695110460469
C1_2022,C1,2022,tonne,Ozone depletion,kg CFC11 eq,,0.9019759205,4.960000000000001e-06,1 ha worked,13_chara,4.47380056568e-06,,0.2254939801,3.03e-05,1 ha worked,16_chara,6.83246759703e-06,,0.6764819403,4.17e-06,1 ha worked,11_chara,2.8209296910509996e-06,,0.2254939801,2.13e-05,1 ha worked,12_chara,4.80302177613e-06,,0.2254939801,9.97e-06,1 ha worked,14_chara,2.248174981597e-06,,0.0,3.52e-06,1 ha worked,17_chara,0.0,,1.1639064279,3.2200000000000005e-07,1 ha worked,15_chara,3.7477786978380006e-07,2.15531724812718e-05
C1_2022,C1,2022,tonne,Particulate matter,disease inc.,,0.9019759205,8.429999999999999e-07,1 ha worked,13_chara,7.603657009814999e-07,,0.2254939801,5.39e-06,1 ha worked,16_chara,1.2154125527389999e-06,,0.6764819403,6.229999999999999e-07,1 ha worked,11_chara,4.214482488068999e-07,,0.2254939801,3.6599999999999997e-06,1 ha worked,12_chara,8.253079671659999e-07,,0.2254939801,2.78e-06,1 ha worked,14_chara,6.26873264678e-07,,0.0,1.42e-06,1 ha worked,17_chara,0.0,,1.1639064279,1.22e-07,1 ha worked,15_chara,1.4199658420380002e-07,3.9914043185752e-06
C1_2022,C1,2022,tonne,Photochemical ozone formation,kg NMVOC eq,,0.9019759205,0.305,1 ha worked,13_chara,0.2751026557525,,0.2254939801,2.2,1 ha worked,16_chara,0.49608675622000004,,0.6764819403,0.249,1 ha worked,11_chara,0.16844400313469998,,0.2254939801,1.33,1 ha worked,12_chara,0.299906993533,,0.2254939801,0.67,1 ha worked,14_chara,0.151080966667,,0.0,0.107,1 ha worked,17_chara,0.0,,1.1639064279,0.0194,1 ha worked,15_chara,0.02257978470126,1.41320116000846
C1_2022,C1,2022,tonne,"Resource use, fossils",MJ,,0.9019759205,357.29999999999995,1 ha worked,13_chara,322.27599639464995,,0.2254939801,2174.67,1 ha worked,16_chara,490.374993704067,,0.6764819403,273.81,1 ha worked,11_chara,185.227520073543,,0.2254939801,1630.72,1 ha worked,12_chara,367.717543228672,,0.2254939801,863.0400000000001,1 ha worked,14_chara,194.610324585504,,0.0,337.64000000000004,1 ha worked,17_chara,0.0,,1.1639064279,23.53,1 ha worked,15_chara,27.386718248487,1587.593096234923
C1_2022,C1,2022,tonne,"Resource use, minerals and metals",kg Sb eq,,0.9019759205,0.00031400000000000004,1 ha worked,13_chara,0.00028322043903700005,,0.2254939801,0.0025800000000000003,1 ha worked,16_chara,0.0005817744686580001,,0.6764819403,0.000127,1 ha worked,11_chara,8.59132064181e-05,,0.2254939801,0.000917,1 ha worked,12_chara,0.0002067779797517,,0.2254939801,0.00062,1 ha worked,14_chara,0.00013980626766199998,,0.0,0.00037,1 ha worked,17_chara,0.0,,1.1639064279,2.91e-05,1 ha worked,15_chara,3.386967705189e-05,0.00133136203857869
C1_2022,C1,2022,tonne,Water use,m3 depriv.,,0.9019759205,2.11,1 ha worked,13_chara,1.9031691922549998,,0.2254939801,12.8,1 ha worked,16_chara,2.88632294528,,0.6764819403,0.8550000000000001,1 ha worked,11_chara,0.5783920589565,,0.2254939801,7.94,1 ha worked,12_chara,1.790422201994,,0.2254939801,6.409999999999999,1 ha worked,14_chara,1.4454164124409998,,0.0,3.44,1 ha worked,17_chara,0.0,,1.1639064279,0.235,1 ha worked,15_chara,0.2735180105565,8.877240821483
C1_2023,C1,2023,tonne,Acidification,mol H+ eq,,0.6938853923,0.253,1 ha worked,13_chara,0.1755530042519,,0.2312951308,1.7899999999999998,1 ha worked,16_chara,0.414018284132,,0.6938853923,0.20199999999999999,1 ha worked,11_chara,0.1401648492446,,0.2312951308,1.1,1 ha worked,12_chara,0.25442464388,,0.2312951308,0.5670000000000001,1 ha worked,14_chara,0.13114433916360002,,0.0,0.116,1 ha worked,17_chara,0.0,,1.3261733997,0.0167,1 ha worked,15_chara,0.02214709577499,1.13745221644709
C1_2023,C1,2023,tonne,Climate change,kg CO2 eq,,0.6938853923,26.88,1 ha worked,13_chara,18.651639345023998,,0.2312951308,165.89,1 ha worked,16_chara,38.369549248412,,0.6938853923,20.45,1 ha worked,11_chara,14.189956272535,,0.2312951308,124.18,1 ha worked,12_chara,28.722229342744,,0.2312951308,69.64999999999999,1 ha worked,14_chara,16.109705860219997,,0.0,28.27,1 ha worked,17_chara,0.0,,1.3261733997,1.93,1 ha worked,15_chara,2.559514661421,118.60259473035599
C1_2023,C1,2023,tonne,Climate change - Biogenic,kg CO2 eq,,0.6938853923,0.0373,1 ha worked,13_chara,0.02588192513279,,0.2312951308,0.17600000000000002,1 ha worked,16_chara,0.040707943020800004,,0.6938853923,0.028499999999999998,1 ha worked,11_chara,0.01977573368055,,0.2312951308,0.145,1 ha worked,12_chara,0.033537793966,,0.2312951308,0.0992,1 ha worked,14_chara,0.02294447697536,,0.0,0.0452,1 ha worked,17_chara,0.0,,1.3261733997,0.0211,1 ha worked,15_chara,0.027982258733670003,0.17083013150916998
C1_2023,C1,2023,tonne,Climate change - Fossil,kg CO2 eq,,0.6938853923,26.830000000000002,1 ha worked,13_chara,18.616945075409003,,0.2312951308,165.57999999999998,1 ha worked,16_chara,38.297847757864,,0.6938853923,20.41,1 ha worked,11_chara,14.162200856843,,0.2312951308,123.97,1 ha worked,12_chara,28.673657365276,,0.2312951308,69.50999999999999,1 ha worked,14_chara,16.077324541908,,0.0,28.180000000000003,1 ha worked,17_chara,0.0,,1.3261733997,1.9100000000000001,1 ha worked,15_chara,2.532991193427,118.36096679072699
C1_2023,C1,2023,tonne,Climate change - Land use and LU change,kg CO2 eq,,0.6938853923,0.0178,1 ha worked,13_chara,0.01235115998294,,0.2312951308,0.131,1 ha worked,16_chara,0.030299662134800003,,0.6938853923,0.00673,1 ha worked,11_chara,0.004669848690179,,0.2312951308,0.05789999999999999,1 ha worked,12_chara,0.013391988073319998,,0.2312951308,0.0494,1 ha worked,14_chara,0.01142597946152,,0.0,0.0434,1 ha worked,17_chara,0.0,,1.3261733997,0.00132,1 ha worked,15_chara,0.001750548887604,0.073889187230363
C1_2023,C1,2023,tonne,"Ecotoxicity, freshwater",CTUe,,0.6938853923,409.06,1 ha worked,13_chara,283.840758574238,,0.2312951308,2729.37,1 ha worked,16_chara,631.2899911515959,,0.6938853923,235.92,1 ha worked,11_chara,163.70144175141598,,0.2312951308,1587.99,1 ha worked,12_chara,367.294354759092,,0.2312951308,1134.53,1 ha worked,14_chara,262.411264746524,,0.0,588.66,1 ha worked,17_chara,0.0,,1.3261733997,32.26,1 ha worked,15_chara,42.782353874322,1751.3201648571883
C1_2023,C1,2023,tonne,"Ecotoxicity, freshwater - inorganics",CTUe,,0.6938853923,66.27,1 ha worked,13_chara,45.983784947721,,0.2312951308,419.04999999999995,1 ha worked,16_chara,96.92422456173999,,0.6938853923,48.84,1 ha worked,11_chara,33.889362559932,,0.2312951308,268.34,1 ha worked,12_chara,62.06573539887199,,0.2312951308,140.05,1 ha worked,14_chara,32.39288306854,,0.0,58.77,1 ha worked,17_chara,0.0,,1.3261733997,4.59,1 ha worked,15_chara,6.087135904623,277.34312644142796
C1_2023,C1,2023,tonne,"Ecotoxicity, freshwater - metals",CTUe,,0.6938853923,322.83,1 ha worked,13_chara,224.007021196209,,0.2312951308,2187.8900000000003,1 ha worked,16_chara,506.0483037260121,,0.6938853923,170.45000000000002,1 ha worked,11_chara,118.27276511753502,,0.2312951308,1234.5,1 ha worked,12_chara,285.5338389726,,0.2312951308,954.07,1 ha worked,14_chara,220.671745442356,,0.0,515.3100000000001,1 ha worked,17_chara,0.0,,1.3261733997,26.36,1 ha worked,15_chara,34.957930816092,1389.491605270804
C1_2023,C1,2023,tonne,"Ecotoxicity, freshwater - organics",CTUe,,0.6938853923,19.96,1 ha worked,13_chara,13.849952430308,,0.2312951308,122.43,1 ha worked,16_chara,28.317462863844,,0.6938853923,16.64,1 ha worked,11_chara,11.546252927872,,0.2312951308,85.15,1 ha worked,12_chara,19.69478038762,,0.2312951308,40.410000000000004,1 ha worked,14_chara,9.346636235628,,0.0,14.58,1 ha worked,17_chara,0.0,,1.3261733997,1.31,1 ha worked,15_chara,1.737287153607,84.492371998879
C1_2023,C1,2023,tonne,"Eutrophication, freshwater",kg P eq,,0.6938853923,0.00346,1 ha worked,13_chara,0.002400843457358,,0.2312951308,0.0236,1 ha worked,16_chara,0.00545856508688,,0.6938853923,0.0014600000000000001,1 ha worked,11_chara,0.0010130726727580002,,0.2312951308,0.0129,1 ha worked,12_chara,0.00298370718732,,0.2312951308,0.0116,1 ha worked,14_chara,0.0026830235172799997,,0.0,0.00685,1 ha worked,17_chara,0.0,,1.3261733997,0.000272,1 ha worked,15_chara,0.0003607191647184,0.0148999310863144
C1_2023,C1,2023,tonne,"Eutrophication, marine",kg N eq,,0.6938853923,0.1,1 ha worked,13_chara,0.06938853923,,0.2312951308,0.729,1 ha worked,16_chara,0.1686141503532,,0.6938853923,0.08460000000000001,1 ha worked,11_chara,0.05870270418858001,,0.2312951308,0.444,1 ha worked,12_chara,0.1026950380752,,0.2312951308,0.213,1 ha worked,14_chara,0.0492658628604,,0.0,0.0206,1 ha worked,17_chara,0.0,,1.3261733997,0.0064600000000000005,1 ha worked,15_chara,0.008567080162062,0.45723337486944193
C1_2023,C1,2023,tonne,"Eutrophication, terrestrial",mol N eq,,0.6938853923,1.1,1 ha worked,13_chara,0.7632739315300001,,0.2312951308,7.97,1 ha worked,16_chara,1.843422192476,,0.6938853923,0.927,1 ha worked,11_chara,0.6432317586621,,0.2312951308,4.86,1 ha worked,12_chara,1.124094335688,,0.2312951308,2.33,1 ha worked,14_chara,0.538917654764,,0.0,0.21800000000000003,1 ha worked,17_chara,0.0,,1.3261733997,0.0704,1 ha worked,15_chara,0.09336260733888001,5.006302480458979
C1_2023,C1,2023,tonne,"Human toxicity, cancer",CTUh,,0.6938853923,1.96e-08,1 ha worked,13_chara,1.360015368908e-08,,0.2312951308,1.34e-07,1 ha worked,16_chara,3.09935475272e-08,,0.6938853923,1.13e-08,1 ha worked,11_chara,7.840904932990001e-09,,0.2312951308,1.03e-07,1 ha worked,12_chara,2.3823398472399998e-08,,0.2312951308,1.14e-07,1 ha worked,14_chara,2.63676449112e-08,,0.0,5.54e-08,1 ha worked,17_chara,0.0,,1.3261733997,1.91e-09,1 ha worked,15_chara,2.532991193427e-09,1.0515864072629699e-07
C1_2023,C1,2023,tonne,"Human toxicity, cancer - inorganics",CTUh,,0.6938853923,3.85e-17,1 ha worked,13_chara,2.671458760355e-17,,0.2312951308,2.22e-16,1 ha worked,16_chara,5.13475190376e-17,,0.6938853923,1.8099999999999998e-17,1 ha worked,11_chara,1.2559325600629998e-17,,0.2312951308,1.5199999999999998e-16,1 ha worked,12_chara,3.5156859881599995e-17,,0.2312951308,1.3300000000000002e-16,1 ha worked,14_chara,3.07622523964e-17,,0.0,7.46e-17,1 ha worked,17_chara,0.0,,1.3261733997,2.89e-18,1 ha worked,15_chara,3.832641125133e-18,1.60373185644913e-16
C1_2023,C1,2023,tonne,"Human toxicity, cancer - metals",CTUh,,0.6938853923,1.23e-08,1 ha worked,13_chara,8.53479032529e-09,,0.2312951308,8.47e-08,1 ha worked,16_chara,1.959069757876e-08,,0.6938853923,7.91e-09,1 ha worked,11_chara,5.488633453093e-09,,0.2312951308,6.970000000000001e-08,1 ha worked,12_chara,1.6121270616760002e-08,,0.2312951308,8.050000000000001e-08,1 ha worked,14_chara,1.8619258029400003e-08,,0.0,3.55e-08,1 ha worked,17_chara,0.0,,1.3261733997,1.23e-09,1 ha worked,15_chara,1.6311932816310002e-09,6.998584328493401e-08
C1_2023,C1,2023,tonne,"Human toxicity, cancer - organics",CTUh,,0.6938853923,7.2800000000000005e-09,1 ha worked,13_chara,5.051485655944e-09,,0.2312951308,4.98e-08,1 ha worked,16_chara,1.1518497513840001e-08,,0.6938853923,3.4000000000000003e-09,1 ha worked,11_chara,2.35921033382e-09,,0.2312951308,3.3e-08,1 ha worked,12_chara,7.6327393164e-09,,0.2312951308,3.34e-08,1 ha worked,14_chara,7.72525736872e-09,,0.0,2e-08,1 ha worked,17_chara,0.0,,1.3261733997,6.829999999999999e-10,1 ha worked,15_chara,9.057764319950999e-10,3.51929666207191e-08
C1_2023,C1,2023,tonne,"Human toxicity, non-cancer",CTUh,,0.6938853923,5.989999999999999e-07,1 ha worked,13_chara,4.156373499876999e-07,,0.2312951308,3.46e-06,1 ha worked,16_chara,8.00281152568e-07,,0.6938853923,8.92e-07,1 ha worked,11_chara,6.189457699316e-07,,0.2312951308,2e-06,1 ha worked,12_chara,4.625902616e-07,,0.2312951308,1.37e-06,1 ha worked,14_chara,3.16874329196e-07,,0.0,1.0700000000000001e-06,1 ha worked,17_chara,0.0,,1.3261733997,1.27e-07,1 ha worked,15_chara,1.6842402176190002e-07,2.7827528850451993e-06
C1_2023,C1,2023,tonne,"Human toxicity, non-cancer - inorganics",CTUh,,0.6938853923,1.6900000000000002e-07,1 ha worked,13_chara,1.1726663129870001e-07,,0.2312951308,1.12e-06,1 ha worked,16_chara,2.59050546496e-07,,0.6938853923,8.97e-08,1 ha worked,11_chara,6.224151968931e-08,,0.2312951308,8.100000000000001e-07,1 ha worked,12_chara,1.8734905594800002e-07,,0.2312951308,6.54e-07,1 ha worked,14_chara,1.512670155432e-07,,0.0,3.12e-07,1 ha worked,17_chara,0.0,,1.3261733997,1.02e-08,1 ha worked,15_chara,1.352696867694e-08,7.9070173765215e-07
C1_2023,C1,2023,tonne,"Human toxicity, non-cancer - metals",CTUh,,0.6938853923,4.1999999999999995e-07,1 ha worked,13_chara,2.9143186476599995e-07,,0.2312951308,2.26e-06,1 ha worked,16_chara,5.22726995608e-07,,0.6938853923,7.98e-07,1 ha worked,11_chara,5.537205430554001e-07,,0.2312951308,1.16e-06,1 ha worked,12_chara,2.68302351728e-07,,0.2312951308,6.99e-07,1 ha worked,14_chara,1.616752964292e-07,,0.0,7.47e-07,1 ha worked,17_chara,0.0,,1.3261733997,1.16e-07,1 ha worked,15_chara,1.5383611436520002e-07,1.9516931659518e-06
C1_2023,C1,2023,tonne,"Human toxicity, non-cancer - organics",CTUh,,0.6938853923,1.16e-08,1 ha worked,13_chara,8.04907055068e-09,,0.2312951308,8.660000000000001e-08,1 ha worked,16_chara,2.003015832728e-08,,0.6938853923,5.48e-09,1 ha worked,11_chara,3.802491949804e-09,,0.2312951308,3.8200000000000005e-08,1 ha worked,12_chara,8.83547399656e-09,,0.2312951308,2.67e-08,1 ha worked,14_chara,6.1755799923600005e-09,,0.0,1.5299999999999998e-08,1 ha worked,17_chara,0.0,,1.3261733997,1.08e-09,1 ha worked,15_chara,1.432267271676e-09,4.8325042088360007e-08
C1_2023,C1,2023,tonne,Ionising radiation,kBq U-235 eq,,0.6938853923,1.72,1 ha worked,13_chara,1.193482874756,,0.2312951308,10.49,1 ha worked,16_chara,2.426285922092,,0.6938853923,1.27,1 ha worked,11_chara,0.881234448221,,0.2312951308,7.89,1 ha worked,12_chara,1.824918582012,,0.2312951308,4.319999999999999,1 ha worked,14_chara,0.9991949650559998,,0.0,1.75,1 ha worked,17_chara,0.0,,1.3261733997,0.115,1 ha worked,15_chara,0.15250994096550002,7.4776267331025
C1_2023,C1,2023,tonne,Land use,Pt,,0.6938853923,145.23,1 ha worked,13_chara,100.77297552372899,,0.2312951308,800.14,1 ha worked,16_chara,185.06848595831198,,0.6938853923,137.54,1 ha worked,11_chara,95.436996856942,,0.2312951308,641.1899999999999,1 ha worked,12_chara,148.304124917652,,0.2312951308,418.1,1 ha worked,14_chara,96.70449418748001,,0.0,168.95000000000002,1 ha worked,17_chara,0.0,,1.3261733997,100.13,1 ha worked,15_chara,132.789742511961,759.076819956076
C1_2023,C1,2023,tonne,Ozone depletion,kg CFC11 eq,,0.6938853923,4.960000000000001e-06,1 ha worked,13_chara,3.4416715458080004e-06,,0.2312951308,3.03e-05,1 ha worked,16_chara,7.0082424632400005e-06,,0.6938853923,4.17e-06,1 ha worked,11_chara,2.893502085891e-06,,0.2312951308,2.13e-05,1 ha worked,12_chara,4.9265862860399994e-06,,0.2312951308,9.97e-06,1 ha worked,14_chara,2.3060124540759997e-06,,0.0,3.52e-06,1 ha worked,17_chara,0.0,,1.3261733997,3.2200000000000005e-07,1 ha worked,15_chara,4.270278347034001e-07,2.1003042669758398e-05
C1_2023,C1,2023,tonne,Particulate matter,disease inc.,,0.6938853923,8.429999999999999e-07,1 ha worked,13_chara,5.849453857089e-07,,0.2312951308,5.39e-06,1 ha worked,16_chara,1.246680755012e-06,,0.6938853923,6.229999999999999e-07,1 ha worked,11_chara,4.322905994028999e-07,,0.2312951308,3.6599999999999997e-06,1 ha worked,12_chara,8.46540178728e-07,,0.2312951308,2.78e-06,1 ha worked,14_chara,6.43000463624e-07,,0.0,1.42e-06,1 ha worked,17_chara,0.0,,1.3261733997,1.22e-07,1 ha worked,15_chara,1.617931547634e-07,3.9152505372392e-06
C1_2023,C1,2023,tonne,Photochemical ozone formation,kg NMVOC eq,,0.6938853923,0.305,1 ha worked,13_chara,0.2116350446515,,0.2312951308,2.2,1 ha worked,16_chara,0.50884928776,,0.6938853923,0.249,1 ha worked,11_chara,0.1727774626827,,0.2312951308,1.33,1 ha worked,12_chara,0.307622523964,,0.2312951308,0.67,1 ha worked,14_chara,0.154967737636,,0.0,0.107,1 ha worked,17_chara,0.0,,1.3261733997,0.0194,1 ha worked,15_chara,0.025727763954180003,1.38157982064838
C1_2023,C1,2023,tonne,"Resource use, fossils",MJ,,0.6938853923,357.29999999999995,1 ha worked,13_chara,247.92525066878997,,0.2312951308,2174.67,1 ha worked,16_chara,502.990582096836,,0.6938853923,273.81,1 ha worked,11_chara,189.992759265663,,0.2312951308,1630.72,1 ha worked,12_chara,377.177595698176,,0.2312951308,863.0400000000001,1 ha worked,14_chara,199.61694968563202,,0.0,337.64000000000004,1 ha worked,17_chara,0.0,,1.3261733997,23.53,1 ha worked,15_chara,31.204860094941,1548.9079975100383
C1_2023,C1,2023,tonne,"Resource use, minerals and metals",kg Sb eq,,0.6938853923,0.00031400000000000004,1 ha worked,13_chara,0.00021788001318220004,,0.2312951308,0.0025800000000000003,1 ha worked,16_chara,0.000596741437464,,0.6938853923,0.000127,1 ha worked,11_chara,8.81234448221e-05,,0.2312951308,0.000917,1 ha worked,12_chara,0.0002120976349436,,0.2312951308,0.00062,1 ha worked,14_chara,0.000143402981096,,0.0,0.00037,1 ha worked,17_chara,0.0,,1.3261733997,2.91e-05,1 ha worked,15_chara,3.859164593127e-05,0.0012968371574391701
C1_2023,C1,2023,tonne,Water use,m3 depriv.,,0.6938853923,2.11,1 ha worked,13_chara,1.464098177753,,0.2312951308,12.8,1 ha worked,16_chara,2.96057767424,,0.6938853923,0.8550000000000001,1 ha worked,11_chara,0.5932720104165001,,0.2312951308,7.94,1 ha worked,12_chara,1.836483338552,,0.2312951308,6.409999999999999,1 ha worked,14_chara,1.4826017884279998,,0.0,3.44,1 ha worked,17_chara,0.0,,1.3261733997,0.235,1 ha worked,15_chara,0.3116507489295,8.648683738319
C1_2024,C1,2024,tonne,Acidification,mol H+ eq,,0.5995963166,0.253,1 ha worked,13_chara,0.15169786809980002,,0.1998654389,1.7899999999999998,1 ha worked,16_chara,0.357759135631,,1.1991926332,0.20199999999999999,1 ha worked,11_chara,0.24223691190639998,,0.1998654389,1.1,1 ha worked,12_chara,0.21985198279,,0.1998654389,0.5670000000000001,1 ha worked,14_chara,0.11332370385630001,,0.0,0.116,1 ha worked,17_chara,0.0,,1.0650267541,0.0167,1 ha worked,15_chara,0.01778594679347,1.1026555490769698
C1_2024,C1,2024,tonne,Climate change,kg CO2 eq,,0.5995963166,26.88,1 ha worked,13_chara,16.117148990208,,0.1998654389,165.89,1 ha worked,16_chara,33.155677659121,,1.1991926332,20.45,1 ha worked,11_chara,24.52348934894,,0.1998654389,124.18,1 ha worked,12_chara,24.819290202602,,0.1998654389,69.64999999999999,1 ha worked,14_chara,13.920627819384999,,0.0,28.27,1 ha worked,17_chara,0.0,,1.0650267541,1.93,1 ha worked,15_chara,2.055501635413,114.591735655669
C1_2024,C1,2024,tonne,Climate change - Biogenic,kg CO2 eq,,0.5995963166,0.0373,1 ha worked,13_chara,0.02236494260918,,0.1998654389,0.17600000000000002,1 ha worked,16_chara,0.0351763172464,,1.1991926332,0.028499999999999998,1 ha worked,11_chara,0.0341769900462,,0.1998654389,0.145,1 ha worked,12_chara,0.0289804886405,,0.1998654389,0.0992,1 ha worked,14_chara,0.01982665153888,,0.0,0.0452,1 ha worked,17_chara,0.0,,1.0650267541,0.0211,1 ha worked,15_chara,0.02247206451151,0.16299745459267
C1_2024,C1,2024,tonne,Climate change - Fossil,kg CO2 eq,,0.5995963166,26.830000000000002,1 ha worked,13_chara,16.087169174378,,0.1998654389,165.57999999999998,1 ha worked,16_chara,33.093719373061994,,1.1991926332,20.41,1 ha worked,11_chara,24.475521643612,,0.1998654389,123.97,1 ha worked,12_chara,24.777318460433,,0.1998654389,69.50999999999999,1 ha worked,14_chara,13.892646657938998,,0.0,28.180000000000003,1 ha worked,17_chara,0.0,,1.0650267541,1.9100000000000001,1 ha worked,15_chara,2.0342011003310003,114.36057640975498
C1_2024,C1,2024,tonne,Climate change - Land use and LU change,kg CO2 eq,,0.5995963166,0.0178,1 ha worked,13_chara,0.01067281443548,,0.1998654389,0.131,1 ha worked,16_chara,0.0261823724959,,1.1991926332,0.00673,1 ha worked,11_chara,0.008070566421436,,0.1998654389,0.05789999999999999,1 ha worked,12_chara,0.011572208912309999,,0.1998654389,0.0494,1 ha worked,14_chara,0.00987335268166,,0.0,0.0434,1 ha worked,17_chara,0.0,,1.0650267541,0.00132,1 ha worked,15_chara,0.001405835315412,0.067777150262198
C1_2024,C1,2024,tonne,"Ecotoxicity, freshwater",CTUe,,0.5995963166,409.06,1 ha worked,13_chara,245.270869268396,,0.1998654389,2729.37,1 ha worked,16_chara,545.506732970493,,1.1991926332,235.92,1 ha worked,11_chara,282.913526024544,,0.1998654389,1587.99,1 ha worked,12_chara,317.384318318811,,0.1998654389,1134.53,1 ha worked,14_chara,226.753336395217,,0.0,588.66,1 ha worked,17_chara,0.0,,1.0650267541,32.26,1 ha worked,15_chara,34.357763087266,1652.186546064727
C1_2024,C1,2024,tonne,"Ecotoxicity, freshwater - inorganics",CTUe,,0.5995963166,66.27,1 ha worked,13_chara,39.735247901082,,0.1998654389,419.04999999999995,1 ha worked,16_chara,83.75361217104499,,1.1991926332,48.84,1 ha worked,11_chara,58.568568205488006,,0.1998654389,268.34,1 ha worked,12_chara,53.631891874425996,,0.1998654389,140.05,1 ha worked,14_chara,27.991154717945,,0.0,58.77,1 ha worked,17_chara,0.0,,1.0650267541,4.59,1 ha worked,15_chara,4.888472801319,268.56894767130495
C1_2024,C1,2024,tonne,"Ecotoxicity, freshwater - metals",CTUe,,0.5995963166,322.83,1 ha worked,13_chara,193.567678887978,,0.1998654389,2187.8900000000003,1 ha worked,16_chara,437.28359511492107,,1.1991926332,170.45000000000002,1 ha worked,11_chara,204.40238432894003,,0.1998654389,1234.5,1 ha worked,12_chara,246.73388432205,,0.1998654389,954.07,1 ha worked,14_chara,190.685619291323,,0.0,515.3100000000001,1 ha worked,17_chara,0.0,,1.0650267541,26.36,1 ha worked,15_chara,28.074105238076,1300.7472671832882
C1_2024,C1,2024,tonne,"Ecotoxicity, freshwater - organics",CTUe,,0.5995963166,19.96,1 ha worked,13_chara,11.967942479336001,,0.1998654389,122.43,1 ha worked,16_chara,24.469525684527,,1.1991926332,16.64,1 ha worked,11_chara,19.954565416448002,,0.1998654389,85.15,1 ha worked,12_chara,17.018542122335003,,0.1998654389,40.410000000000004,1 ha worked,14_chara,8.076562385949,,0.0,14.58,1 ha worked,17_chara,0.0,,1.0650267541,1.31,1 ha worked,15_chara,1.3951850478710002,82.88232313646601
C1_2024,C1,2024,tonne,"Eutrophication, freshwater",kg P eq,,0.5995963166,0.00346,1 ha worked,13_chara,0.002074603255436,,0.1998654389,0.0236,1 ha worked,16_chara,0.00471682435804,,1.1991926332,0.0014600000000000001,1 ha worked,11_chara,0.0017508212444720002,,0.1998654389,0.0129,1 ha worked,12_chara,0.00257826416181,,0.1998654389,0.0116,1 ha worked,14_chara,0.0023184390912399998,,0.0,0.00685,1 ha worked,17_chara,0.0,,1.0650267541,0.000272,1 ha worked,15_chara,0.0002896872771152,0.013728639388113199
C1_2024,C1,2024,tonne,"Eutrophication, marine",kg N eq,,0.5995963166,0.1,1 ha worked,13_chara,0.059959631660000005,,0.1998654389,0.729,1 ha worked,16_chara,0.14570190495809998,,1.1991926332,0.08460000000000001,1 ha worked,11_chara,0.10145169676872001,,0.1998654389,0.444,1 ha worked,12_chara,0.0887402548716,,0.1998654389,0.213,1 ha worked,14_chara,0.0425713384857,,0.0,0.0206,1 ha worked,17_chara,0.0,,1.0650267541,0.0064600000000000005,1 ha worked,15_chara,0.006880072831486001,0.44530489957560604
C1_2024,C1,2024,tonne,"Eutrophication, terrestrial",mol N eq,,0.5995963166,1.1,1 ha worked,13_chara,0.6595559482600001,,0.1998654389,7.97,1 ha worked,16_chara,1.5929275480329999,,1.1991926332,0.927,1 ha worked,11_chara,1.1116515709764,,0.1998654389,4.86,1 ha worked,12_chara,0.971346033054,,0.1998654389,2.33,1 ha worked,14_chara,0.465686472637,,0.0,0.21800000000000003,1 ha worked,17_chara,0.0,,1.0650267541,0.0704,1 ha worked,15_chara,0.07497788348864001,4.8761454564490405
C1_2024,C1,2024,tonne,"Human toxicity, cancer",CTUh,,0.5995963166,1.96e-08,1 ha worked,13_chara,1.1752087805360001e-08,,0.1998654389,1.34e-07,1 ha worked,16_chara,2.67819688126e-08,,1.1991926332,1.13e-08,1 ha worked,11_chara,1.355087675516e-08,,0.1998654389,1.03e-07,1 ha worked,12_chara,2.05861402067e-08,,0.1998654389,1.14e-07,1 ha worked,14_chara,2.27846600346e-08,,0.0,5.54e-08,1 ha worked,17_chara,0.0,,1.0650267541,1.91e-09,1 ha worked,15_chara,2.034201100331e-09,9.748993471475101e-08
C1_2024,C1,2024,tonne,"Human toxicity, cancer - inorganics",CTUh,,0.5995963166,3.85e-17,1 ha worked,13_chara,2.3084458189099998e-17,,0.1998654389,2.22e-16,1 ha worked,16_chara,4.43701274358e-17,,1.1991926332,1.8099999999999998e-17,1 ha worked,11_chara,2.1705386660919998e-17,,0.1998654389,1.5199999999999998e-16,1 ha worked,12_chara,3.0379546712799994e-17,,0.1998654389,1.3300000000000002e-16,1 ha worked,14_chara,2.6582103373700004e-17,,0.0,7.46e-17,1 ha worked,17_chara,0.0,,1.0650267541,2.89e-18,1 ha worked,15_chara,3.077927319349e-18,1.4919954969166898e-16
C1_2024,C1,2024,tonne,"Human toxicity, cancer - metals",CTUh,,0.5995963166,1.23e-08,1 ha worked,13_chara,7.3750346941799996e-09,,0.1998654389,8.47e-08,1 ha worked,16_chara,1.692860267483e-08,,1.1991926332,7.91e-09,1 ha worked,11_chara,9.485613728612e-09,,0.1998654389,6.970000000000001e-08,1 ha worked,12_chara,1.3930621091330001e-08,,0.1998654389,8.050000000000001e-08,1 ha worked,14_chara,1.6089167831450002e-08,,0.0,3.55e-08,1 ha worked,17_chara,0.0,,1.0650267541,1.23e-09,1 ha worked,15_chara,1.3099829075430002e-09,6.5119022927945e-08
C1_2024,C1,2024,tonne,"Human toxicity, cancer - organics",CTUh,,0.5995963166,7.2800000000000005e-09,1 ha worked,13_chara,4.365061184848e-09,,0.1998654389,4.98e-08,1 ha worked,16_chara,9.95329885722e-09,,1.1991926332,3.4000000000000003e-09,1 ha worked,11_chara,4.077254952880001e-09,,0.1998654389,3.3e-08,1 ha worked,12_chara,6.595559483699999e-09,,0.1998654389,3.34e-08,1 ha worked,14_chara,6.67550565926e-09,,0.0,2e-08,1 ha worked,17_chara,0.0,,1.0650267541,6.829999999999999e-10,1 ha worked,15_chara,7.274132730502999e-10,3.23940934109583e-08
C1_2024,C1,2024,tonne,"Human toxicity, non-cancer",CTUh,,0.5995963166,5.989999999999999e-07,1 ha worked,13_chara,3.5915819364339993e-07,,0.1998654389,3.46e-06,1 ha worked,16_chara,6.915344185939999e-07,,1.1991926332,8.92e-07,1 ha worked,11_chara,1.0696798288144e-06,,0.1998654389,2e-06,1 ha worked,12_chara,3.9973087779999996e-07,,0.1998654389,1.37e-06,1 ha worked,14_chara,2.73815651293e-07,,0.0,1.0700000000000001e-06,1 ha worked,17_chara,0.0,,1.0650267541,1.27e-07,1 ha worked,15_chara,1.3525839777070002e-07,2.9291773679155e-06
C1_2024,C1,2024,tonne,"Human toxicity, non-cancer - inorganics",CTUh,,0.5995963166,1.6900000000000002e-07,1 ha worked,13_chara,1.0133177750540002e-07,,0.1998654389,1.12e-06,1 ha worked,16_chara,2.2384929156800002e-07,,1.1991926332,8.97e-08,1 ha worked,11_chara,1.0756757919804e-07,,0.1998654389,8.100000000000001e-07,1 ha worked,12_chara,1.6189100550900001e-07,,0.1998654389,6.54e-07,1 ha worked,14_chara,1.307119970406e-07,,0.0,3.12e-07,1 ha worked,17_chara,0.0,,1.0650267541,1.02e-08,1 ha worked,15_chara,1.0863272891820001e-08,7.3621492371286e-07
C1_2024,C1,2024,tonne,"Human toxicity, non-cancer - metals",CTUh,,0.5995963166,4.1999999999999995e-07,1 ha worked,13_chara,2.5183045297199995e-07,,0.1998654389,2.26e-06,1 ha worked,16_chara,4.51695891914e-07,,1.1991926332,7.98e-07,1 ha worked,11_chara,9.569557212936002e-07,,0.1998654389,1.16e-06,1 ha worked,12_chara,2.3184390912399997e-07,,0.1998654389,6.99e-07,1 ha worked,14_chara,1.397059417911e-07,,0.0,7.47e-07,1 ha worked,17_chara,0.0,,1.0650267541,1.16e-07,1 ha worked,15_chara,1.235431034756e-07,2.1555750205703003e-06
C1_2024,C1,2024,tonne,"Human toxicity, non-cancer - organics",CTUh,,0.5995963166,1.16e-08,1 ha worked,13_chara,6.95531727256e-09,,0.1998654389,8.660000000000001e-08,1 ha worked,16_chara,1.730834700874e-08,,1.1991926332,5.48e-09,1 ha worked,11_chara,6.571575629936e-09,,0.1998654389,3.8200000000000005e-08,1 ha worked,12_chara,7.63485976598e-09,,0.1998654389,2.67e-08,1 ha worked,14_chara,5.3364072186300005e-09,,0.0,1.5299999999999998e-08,1 ha worked,17_chara,0.0,,1.0650267541,1.08e-09,1 ha worked,15_chara,1.150228894428e-09,4.4956735790274e-08
C1_2024,C1,2024,tonne,Ionising radiation,kBq U-235 eq,,0.5995963166,1.72,1 ha worked,13_chara,1.031305664552,,0.1998654389,10.49,1 ha worked,16_chara,2.096588454061,,1.1991926332,1.27,1 ha worked,11_chara,1.522974644164,,0.1998654389,7.89,1 ha worked,12_chara,1.576938312921,,0.1998654389,4.319999999999999,1 ha worked,14_chara,0.8634186960479999,,0.0,1.75,1 ha worked,17_chara,0.0,,1.0650267541,0.115,1 ha worked,15_chara,0.1224780767215,7.2137038484675
C1_2024,C1,2024,tonne,Land use,Pt,,0.5995963166,145.23,1 ha worked,13_chara,87.079373059818,,0.1998654389,800.14,1 ha worked,16_chara,159.920332281446,,1.1991926332,137.54,1 ha worked,11_chara,164.936954770328,,0.1998654389,641.1899999999999,1 ha worked,12_chara,128.151720768291,,0.1998654389,418.1,1 ha worked,14_chara,83.56374000409001,,0.0,168.95000000000002,1 ha worked,17_chara,0.0,,1.0650267541,100.13,1 ha worked,15_chara,106.641128888033,730.2932497720061
C1_2024,C1,2024,tonne,Ozone depletion,kg CFC11 eq,,0.5995963166,4.960000000000001e-06,1 ha worked,13_chara,2.9739977303360004e-06,,0.1998654389,3.03e-05,1 ha worked,16_chara,6.05592279867e-06,,1.1991926332,4.17e-06,1 ha worked,11_chara,5.000633280444e-06,,0.1998654389,2.13e-05,1 ha worked,12_chara,4.25713384857e-06,,0.1998654389,9.97e-06,1 ha worked,14_chara,1.992658425833e-06,,0.0,3.52e-06,1 ha worked,17_chara,0.0,,1.0650267541,3.2200000000000005e-07,1 ha worked,15_chara,3.429386148202001e-07,2.06232846986732e-05
C1_2024,C1,2024,tonne,Particulate matter,disease inc.,,0.5995963166,8.429999999999999e-07,1 ha worked,13_chara,5.054596948937999e-07,,0.1998654389,5.39e-06,1 ha worked,16_chara,1.077274715671e-06,,1.1991926332,6.229999999999999e-07,1 ha worked,11_chara,7.470970104835999e-07,,0.1998654389,3.6599999999999997e-06,1 ha worked,12_chara,7.315075063739999e-07,,0.1998654389,2.78e-06,1 ha worked,14_chara,5.55625920142e-07,,0.0,1.42e-06,1 ha worked,17_chara,0.0,,1.0650267541,1.22e-07,1 ha worked,15_chara,1.2993326400020001e-07,3.7468981115645997e-06
C1_2024,C1,2024,tonne,Photochemical ozone formation,kg NMVOC eq,,0.5995963166,0.305,1 ha worked,13_chara,0.182876876563,,0.1998654389,2.2,1 ha worked,16_chara,0.43970396558,,1.1991926332,0.249,1 ha worked,11_chara,0.2985989656668,,0.1998654389,1.33,1 ha worked,12_chara,0.265821033737,,0.1998654389,0.67,1 ha worked,14_chara,0.133909844063,,0.0,0.107,1 ha worked,17_chara,0.0,,1.0650267541,0.0194,1 ha worked,15_chara,0.020661519029540002,1.3415722046393401
C1_2024,C1,2024,tonne,"Resource use, fossils",MJ,,0.5995963166,357.29999999999995,1 ha worked,13_chara,214.23576392117997,,0.1998654389,2174.67,1 ha worked,16_chara,434.641374012663,,1.1991926332,273.81,1 ha worked,11_chara,328.350934896492,,0.1998654389,1630.72,1 ha worked,12_chara,325.924568523008,,0.1998654389,863.0400000000001,1 ha worked,14_chara,172.49186838825602,,0.0,337.64000000000004,1 ha worked,17_chara,0.0,,1.0650267541,23.53,1 ha worked,15_chara,25.060079523973002,1500.704589265572
C1_2024,C1,2024,tonne,"Resource use, minerals and metals",kg Sb eq,,0.5995963166,0.00031400000000000004,1 ha worked,13_chara,0.00018827324341240002,,0.1998654389,0.0025800000000000003,1 ha worked,16_chara,0.0005156528323620001,,1.1991926332,0.000127,1 ha worked,11_chara,0.0001522974644164,,0.1998654389,0.000917,1 ha worked,12_chara,0.0001832766074713,,0.1998654389,0.00062,1 ha worked,14_chara,0.00012391657211799999,,0.0,0.00037,1 ha worked,17_chara,0.0,,1.0650267541,2.91e-05,1 ha worked,15_chara,3.099227854431e-05,0.0011944089983244102
C1_2024,C1,2024,tonne,Water use,m3 depriv.,,0.5995963166,2.11,1 ha worked,13_chara,1.265148228026,,0.1998654389,12.8,1 ha worked,16_chara,2.55827761792,,1.1991926332,0.8550000000000001,1 ha worked,11_chara,1.0253097013860002,,0.1998654389,7.94,1 ha worked,12_chara,1.5869315848660002,,0.1998654389,6.409999999999999,1 ha worked,14_chara,1.2811374633489998,,0.0,3.44,1 ha worked,17_chara,0.0,,1.0650267541,0.235,1 ha worked,15_chara,0.2502812872135,7.9670858827605
C2_2022,C2,2022,tonne,Acidification,mol H+ eq,,0.4295520608,0.253,1 ha worked,13_chara,0.1086766713824,,0.1431840203,1.7899999999999998,1 ha worked,16_chara,0.25629939633699994,,0.2863680405,0.20199999999999999,1 ha worked,11_chara,0.057846344180999994,,0.1431840203,1.1,1 ha worked,12_chara,0.15750242233,,0.1431840203,0.5670000000000001,1 ha worked,14_chara,0.0811853395101,,0.0,0.116,1 ha worked,17_chara,0.0,,0.6048747101,0.0167,1 ha worked,15_chara,0.01010140765867,0.6716115813991699
C2_2022,C2,2022,tonne,Climate change,kg CO2 eq,,0.4295520608,26.88,1 ha worked,13_chara,11.546359394304,,0.1431840203,165.89,1 ha worked,16_chara,23.752797127566996,,0.2863680405,20.45,1 ha worked,11_chara,5.856226428224999,,0.1431840203,124.18,1 ha worked,12_chara,17.780591640854,,0.1431840203,69.64999999999999,1 ha worked,14_chara,9.972767013894998,,0.0,28.27,1 ha worked,17_chara,0.0,,0.6048747101,1.93,1 ha worked,15_chara,1.167408190493,70.076149795338
C2_2022,C2,2022,tonne,Climate change - Biogenic,kg CO2 eq,,0.4295520608,0.0373,1 ha worked,13_chara,0.016022291867840002,,0.1431840203,0.17600000000000002,1 ha worked,16_chara,0.0252003875728,,0.2863680405,0.028499999999999998,1 ha worked,11_chara,0.008161489154249999,,0.1431840203,0.145,1 ha worked,12_chara,0.020761682943499997,,0.1431840203,0.0992,1 ha worked,14_chara,0.014203854813759999,,0.0,0.0452,1 ha worked,17_chara,0.0,,0.6048747101,0.0211,1 ha worked,15_chara,0.012762856383110002,0.09711256273526
C2_2022,C2,2022,tonne,Climate change - Fossil,kg CO2 eq,,0.4295520608,26.830000000000002,1 ha worked,13_chara,11.524881791264,,0.1431840203,165.57999999999998,1 ha worked,16_chara,23.708410081273996,,0.2863680405,20.41,1 ha worked,11_chara,5.844771706604999,,0.1431840203,123.97,1 ha worked,12_chara,17.750522996591,,0.1431840203,69.50999999999999,1 ha worked,14_chara,9.952721251052997,,0.0,28.180000000000003,1 ha worked,17_chara,0.0,,0.6048747101,1.9100000000000001,1 ha worked,15_chara,1.1553106962910002,69.93661852307798
C2_2022,C2,2022,tonne,Climate change - Land use and LU change,kg CO2 eq,,0.4295520608,0.0178,1 ha worked,13_chara,0.00764602668224,,0.1431840203,0.131,1 ha worked,16_chara,0.0187571066593,,0.2863680405,0.00673,1 ha worked,11_chara,0.0019272569125649997,,0.1431840203,0.05789999999999999,1 ha worked,12_chara,0.008290354775369999,,0.1431840203,0.0494,1 ha worked,14_chara,0.00707329060282,,0.0,0.0434,1 ha worked,17_chara,0.0,,0.6048747101,0.00132,1 ha worked,15_chara,0.0007984346173320001,0.04449247024962699
C2_2022,C2,2022,tonne,"Ecotoxicity, freshwater",CTUe,,0.4295520608,409.06,1 ha worked,13_chara,175.71256599084802,,0.1431840203,2729.37,1 ha worked,16_chara,390.80216948621097,,0.2863680405,235.92,1 ha worked,11_chara,67.55994811475999,,0.1431840203,1587.99,1 ha worked,12_chara,227.374792396197,,0.1431840203,1134.53,1 ha worked,14_chara,162.44656655095898,,0.0,588.66,1 ha worked,17_chara,0.0,,0.6048747101,32.26,1 ha worked,15_chara,19.513258147826,1043.409300686801
C2_2022,C2,2022,tonne,"Ecotoxicity, freshwater - inorganics",CTUe,,0.4295520608,66.27,1 ha worked,13_chara,28.466415069216,,0.1431840203,419.04999999999995,1 ha worked,16_chara,60.00126370671499,,0.2863680405,48.84,1 ha worked,11_chara,13.98621509802,,0.1431840203,268.34,1 ha worked,12_chara,38.422000007301996,,0.1431840203,140.05,1 ha worked,14_chara,20.052922043015002,,0.0,58.77,1 ha worked,17_chara,0.0,,0.6048747101,4.59,1 ha worked,15_chara,2.776374919359,163.70519084362698
C2_2022,C2,2022,tonne,"Ecotoxicity, freshwater - metals",CTUe,,0.4295520608,322.83,1 ha worked,13_chara,138.672291788064,,0.1431840203,2187.8900000000003,1 ha worked,16_chara,313.270886174167,,0.2863680405,170.45000000000002,1 ha worked,11_chara,48.811432503225,,0.1431840203,1234.5,1 ha worked,12_chara,176.76067306035,,0.1431840203,954.07,1 ha worked,14_chara,136.607578247621,,0.0,515.3100000000001,1 ha worked,17_chara,0.0,,0.6048747101,26.36,1 ha worked,15_chara,15.944497358236001,830.0673591316631
C2_2022,C2,2022,tonne,"Ecotoxicity, freshwater - organics",CTUe,,0.4295520608,19.96,1 ha worked,13_chara,8.573859133568002,,0.1431840203,122.43,1 ha worked,16_chara,17.530019605329,,0.2863680405,16.64,1 ha worked,11_chara,4.76516419392,,0.1431840203,85.15,1 ha worked,12_chara,12.192119328545001,,0.1431840203,40.410000000000004,1 ha worked,14_chara,5.786066260323,,0.0,14.58,1 ha worked,17_chara,0.0,,0.6048747101,1.31,1 ha worked,15_chara,0.792385870231,49.639614391916
C2_2022,C2,2022,tonne,"Eutrophication, freshwater",kg P eq,,0.4295520608,0.00346,1 ha worked,13_chara,0.001486250130368,,0.1431840203,0.0236,1 ha worked,16_chara,0.0033791428790799997,,0.2863680405,0.0014600000000000001,1 ha worked,11_chara,0.00041809733913,,0.1431840203,0.0129,1 ha worked,12_chara,0.00184707386187,,0.1431840203,0.0116,1 ha worked,14_chara,0.0016609346354799998,,0.0,0.00685,1 ha worked,17_chara,0.0,,0.6048747101,0.000272,1 ha worked,15_chara,0.00016452592114720002,0.0089560247670752
C2_2022,C2,2022,tonne,"Eutrophication, marine",kg N eq,,0.4295520608,0.1,1 ha worked,13_chara,0.04295520608,,0.1431840203,0.729,1 ha worked,16_chara,0.10438115079869999,,0.2863680405,0.08460000000000001,1 ha worked,11_chara,0.024226736226300002,,0.1431840203,0.444,1 ha worked,12_chara,0.06357370501319999,,0.1431840203,0.213,1 ha worked,14_chara,0.0304981963239,,0.0,0.0206,1 ha worked,17_chara,0.0,,0.6048747101,0.0064600000000000005,1 ha worked,15_chara,0.003907490627246,0.26954248506934597
C2_2022,C2,2022,tonne,"Eutrophication, terrestrial",mol N eq,,0.4295520608,1.1,1 ha worked,13_chara,0.47250726688000005,,0.1431840203,7.97,1 ha worked,16_chara,1.1411766417909999,,0.2863680405,0.927,1 ha worked,11_chara,0.26546317354349996,,0.1431840203,4.86,1 ha worked,12_chara,0.695874338658,,0.1431840203,2.33,1 ha worked,14_chara,0.333618767299,,0.0,0.21800000000000003,1 ha worked,17_chara,0.0,,0.6048747101,0.0704,1 ha worked,15_chara,0.04258317959104001,2.9512233677625397
C2_2022,C2,2022,tonne,"Human toxicity, cancer",CTUh,,0.4295520608,1.96e-08,1 ha worked,13_chara,8.41922039168e-09,,0.1431840203,1.34e-07,1 ha worked,16_chara,1.91866587202e-08,,0.2863680405,1.13e-08,1 ha worked,11_chara,3.2359588576499997e-09,,0.1431840203,1.03e-07,1 ha worked,12_chara,1.4747954090899999e-08,,0.1431840203,1.14e-07,1 ha worked,14_chara,1.63229783142e-08,,0.0,5.54e-08,1 ha worked,17_chara,0.0,,0.6048747101,1.91e-09,1 ha worked,15_chara,1.155310696291e-09,6.3068081070921e-08
C2_2022,C2,2022,tonne,"Human toxicity, cancer - inorganics",CTUh,,0.4295520608,3.85e-17,1 ha worked,13_chara,1.65377543408e-17,,0.1431840203,2.22e-16,1 ha worked,16_chara,3.17868525066e-17,,0.2863680405,1.8099999999999998e-17,1 ha worked,11_chara,5.183261533049999e-18,,0.1431840203,1.5199999999999998e-16,1 ha worked,12_chara,2.1763971085599996e-17,,0.1431840203,1.3300000000000002e-16,1 ha worked,14_chara,1.90434746999e-17,,0.0,7.46e-17,1 ha worked,17_chara,0.0,,0.6048747101,2.89e-18,1 ha worked,15_chara,1.7480879121890003e-18,9.606340207813899e-17
C2_2022,C2,2022,tonne,"Human toxicity, cancer - metals",CTUh,,0.4295520608,1.23e-08,1 ha worked,13_chara,5.28349034784e-09,,0.1431840203,8.47e-08,1 ha worked,16_chara,1.2127686519409999e-08,,0.2863680405,7.91e-09,1 ha worked,11_chara,2.2651712003549998e-09,,0.1431840203,6.970000000000001e-08,1 ha worked,12_chara,9.97992621491e-09,,0.1431840203,8.050000000000001e-08,1 ha worked,14_chara,1.1526313634150002e-08,,0.0,3.55e-08,1 ha worked,17_chara,0.0,,0.6048747101,1.23e-09,1 ha worked,15_chara,7.439958934230001e-10,4.1926583810088e-08
C2_2022,C2,2022,tonne,"Human toxicity, cancer - organics",CTUh,,0.4295520608,7.2800000000000005e-09,1 ha worked,13_chara,3.1271390026240002e-09,,0.1431840203,4.98e-08,1 ha worked,16_chara,7.13056421094e-09,,0.2863680405,3.4000000000000003e-09,1 ha worked,11_chara,9.736513377e-10,,0.1431840203,3.3e-08,1 ha worked,12_chara,4.7250726698999995e-09,,0.1431840203,3.34e-08,1 ha worked,14_chara,4.78234627802e-09,,0.0,2e-08,1 ha worked,17_chara,0.0,,0.6048747101,6.829999999999999e-10,1 ha worked,15_chara,4.131294269983e-10,2.1151902926182298e-08
C2_2022,C2,2022,tonne,"Human toxicity, non-cancer",CTUh,,0.4295520608,5.989999999999999e-07,1 ha worked,13_chara,2.5730168441919997e-07,,0.1431840203,3.46e-06,1 ha worked,16_chara,4.95416710238e-07,,0.2863680405,8.92e-07,1 ha worked,11_chara,2.55440292126e-07,,0.1431840203,2e-06,1 ha worked,12_chara,2.863680406e-07,,0.1431840203,1.37e-06,1 ha worked,14_chara,1.9616210781099998e-07,,0.0,1.0700000000000001e-06,1 ha worked,17_chara,0.0,,0.6048747101,1.27e-07,1 ha worked,15_chara,7.681908818270001e-08,1.5675079233768999e-06
C2_2022,C2,2022,tonne,"Human toxicity, non-cancer - inorganics",CTUh,,0.4295520608,1.6900000000000002e-07,1 ha worked,13_chara,7.259429827520002e-08,,0.1431840203,1.12e-06,1 ha worked,16_chara,1.60366102736e-07,,0.2863680405,8.97e-08,1 ha worked,11_chara,2.5687213232849998e-08,,0.1431840203,8.100000000000001e-07,1 ha worked,12_chara,1.15979056443e-07,,0.1431840203,6.54e-07,1 ha worked,14_chara,9.36423492762e-08,,0.0,3.12e-07,1 ha worked,17_chara,0.0,,0.6048747101,1.02e-08,1 ha worked,15_chara,6.169722043020001e-09,4.7443874200627005e-07
C2_2022,C2,2022,tonne,"Human toxicity, non-cancer - metals",CTUh,,0.4295520608,4.1999999999999995e-07,1 ha worked,13_chara,1.80411865536e-07,,0.1431840203,2.26e-06,1 ha worked,16_chara,3.2359588587799996e-07,,0.2863680405,7.98e-07,1 ha worked,11_chara,2.28521696319e-07,,0.1431840203,1.16e-06,1 ha worked,12_chara,1.6609346354799997e-07,,0.1431840203,6.99e-07,1 ha worked,14_chara,1.000856301897e-07,,0.0,7.47e-07,1 ha worked,17_chara,0.0,,0.6048747101,1.16e-07,1 ha worked,15_chara,7.016546637160001e-08,1.0688740078423e-06
C2_2022,C2,2022,tonne,"Human toxicity, non-cancer - organics",CTUh,,0.4295520608,1.16e-08,1 ha worked,13_chara,4.98280390528e-09,,0.1431840203,8.660000000000001e-08,1 ha worked,16_chara,1.2399736157980001e-08,,0.2863680405,5.48e-09,1 ha worked,11_chara,1.56929686194e-09,,0.1431840203,3.8200000000000005e-08,1 ha worked,12_chara,5.46962957546e-09,,0.1431840203,2.67e-08,1 ha worked,14_chara,3.82301334201e-09,,0.0,1.5299999999999998e-08,1 ha worked,17_chara,0.0,,0.6048747101,1.08e-09,1 ha worked,15_chara,6.532646869080001e-10,2.8897744529578e-08
C2_2022,C2,2022,tonne,Ionising radiation,kBq U-235 eq,,0.4295520608,1.72,1 ha worked,13_chara,0.738829544576,,0.1431840203,10.49,1 ha worked,16_chara,1.502000372947,,0.2863680405,1.27,1 ha worked,11_chara,0.363687411435,,0.1431840203,7.89,1 ha worked,12_chara,1.129721920167,,0.1431840203,4.319999999999999,1 ha worked,14_chara,0.6185549676959999,,0.0,1.75,1 ha worked,17_chara,0.0,,0.6048747101,0.115,1 ha worked,15_chara,0.06956059166150001,4.4223548084825
C2_2022,C2,2022,tonne,Land use,Pt,,0.4295520608,145.23,1 ha worked,13_chara,62.383845789984,,0.1431840203,800.14,1 ha worked,16_chara,114.56726200284199,,0.2863680405,137.54,1 ha worked,11_chara,39.387060290369995,,0.1431840203,641.1899999999999,1 ha worked,12_chara,91.80816197615698,,0.1431840203,418.1,1 ha worked,14_chara,59.86523888743,,0.0,168.95000000000002,1 ha worked,17_chara,0.0,,0.6048747101,100.13,1 ha worked,15_chara,60.566104722313,428.577673669096
C2_2022,C2,2022,tonne,Ozone depletion,kg CFC11 eq,,0.4295520608,4.960000000000001e-06,1 ha worked,13_chara,2.1305782215680005e-06,,0.1431840203,3.03e-05,1 ha worked,16_chara,4.33847581509e-06,,0.2863680405,4.17e-06,1 ha worked,11_chara,1.194154728885e-06,,0.1431840203,2.13e-05,1 ha worked,12_chara,3.04981963239e-06,,0.1431840203,9.97e-06,1 ha worked,14_chara,1.427544682391e-06,,0.0,3.52e-06,1 ha worked,17_chara,0.0,,0.6048747101,3.2200000000000005e-07,1 ha worked,15_chara,1.9476965665220006e-07,1.23353427369762e-05
C2_2022,C2,2022,tonne,Particulate matter,disease inc.,,0.4295520608,8.429999999999999e-07,1 ha worked,13_chara,3.621123872544e-07,,0.1431840203,5.39e-06,1 ha worked,16_chara,7.71761869417e-07,,0.2863680405,6.229999999999999e-07,1 ha worked,11_chara,1.7840728923149996e-07,,0.1431840203,3.6599999999999997e-06,1 ha worked,12_chara,5.240535142979999e-07,,0.1431840203,2.78e-06,1 ha worked,14_chara,3.98051576434e-07,,0.0,1.42e-06,1 ha worked,17_chara,0.0,,0.6048747101,1.22e-07,1 ha worked,15_chara,7.379471463220001e-08,2.3081813512671e-06
C2_2022,C2,2022,tonne,Photochemical ozone formation,kg NMVOC eq,,0.4295520608,0.305,1 ha worked,13_chara,0.131013378544,,0.1431840203,2.2,1 ha worked,16_chara,0.31500484466,,0.2863680405,0.249,1 ha worked,11_chara,0.07130564208449999,,0.1431840203,1.33,1 ha worked,12_chara,0.190434746999,,0.1431840203,0.67,1 ha worked,14_chara,0.095933293601,,0.0,0.107,1 ha worked,17_chara,0.0,,0.6048747101,0.0194,1 ha worked,15_chara,0.011734569375940002,0.8154264752644399
C2_2022,C2,2022,tonne,"Resource use, fossils",MJ,,0.4295520608,357.29999999999995,1 ha worked,13_chara,153.47895132384,,0.1431840203,2174.67,1 ha worked,16_chara,311.377993425801,,0.2863680405,273.81,1 ha worked,11_chara,78.410433169305,,0.1431840203,1630.72,1 ha worked,12_chara,233.49304558361598,,0.1431840203,863.0400000000001,1 ha worked,14_chara,123.57353687971201,,0.0,337.64000000000004,1 ha worked,17_chara,0.0,,0.6048747101,23.53,1 ha worked,15_chara,14.232701928653002,914.566662310927
C2_2022,C2,2022,tonne,"Resource use, minerals and metals",kg Sb eq,,0.4295520608,0.00031400000000000004,1 ha worked,13_chara,0.00013487934709120001,,0.1431840203,0.0025800000000000003,1 ha worked,16_chara,0.00036941477237400003,,0.2863680405,0.000127,1 ha worked,11_chara,3.6368741143499994e-05,,0.1431840203,0.000917,1 ha worked,12_chara,0.0001312997466151,,0.1431840203,0.00062,1 ha worked,14_chara,8.8774092586e-05,,0.0,0.00037,1 ha worked,17_chara,0.0,,0.6048747101,2.91e-05,1 ha worked,15_chara,1.760185406391e-05,0.0007783385538737101
C2_2022,C2,2022,tonne,Water use,m3 depriv.,,0.4295520608,2.11,1 ha worked,13_chara,0.906354848288,,0.1431840203,12.8,1 ha worked,16_chara,1.83275545984,,0.2863680405,0.8550000000000001,1 ha worked,11_chara,0.2448446746275,,0.1431840203,7.94,1 ha worked,12_chara,1.136881121182,,0.1431840203,6.409999999999999,1 ha worked,14_chara,0.9178095701229998,,0.0,3.44,1 ha worked,17_chara,0.0,,0.6048747101,0.235,1 ha worked,15_chara,0.1421455568735,5.180791230934
C2_2023,C2,2023,tonne,Acidification,mol H+ eq,,0.3423285158,0.253,1 ha worked,13_chara,0.0866091144974,,0.1148471748,1.7899999999999998,1 ha worked,16_chara,0.20557644289199997,,0.3445415244,0.20199999999999999,1 ha worked,11_chara,0.0695973879288,,0.1148471748,1.1,1 ha worked,12_chara,0.12633189228,,0.1148471748,0.5670000000000001,1 ha worked,14_chara,0.0651183481116,,0.0,0.116,1 ha worked,17_chara,0.0,,0.5758009297,0.0167,1 ha worked,15_chara,0.00961587552599,0.5628490612357899
C2_2023,C2,2023,tonne,Climate change,kg CO2 eq,,0.3423285158,26.88,1 ha worked,13_chara,9.201790504704,,0.1148471748,165.89,1 ha worked,16_chara,19.051997827572,,0.3445415244,20.45,1 ha worked,11_chara,7.045874173980001,,0.1148471748,124.18,1 ha worked,12_chara,14.261722166664,,0.1148471748,69.64999999999999,1 ha worked,14_chara,7.999105724819999,,0.0,28.27,1 ha worked,17_chara,0.0,,0.5758009297,1.93,1 ha worked,15_chara,1.1112957943209998,58.671786192061
C2_2023,C2,2023,tonne,Climate change - Biogenic,kg CO2 eq,,0.3423285158,0.0373,1 ha worked,13_chara,0.01276885363934,,0.1148471748,0.17600000000000002,1 ha worked,16_chara,0.0202131027648,,0.3445415244,0.028499999999999998,1 ha worked,11_chara,0.0098194334454,,0.1148471748,0.145,1 ha worked,12_chara,0.016652840345999998,,0.1148471748,0.0992,1 ha worked,14_chara,0.01139283974016,,0.0,0.0452,1 ha worked,17_chara,0.0,,0.5758009297,0.0211,1 ha worked,15_chara,0.01214939961667,0.08299646955237
C2_2023,C2,2023,tonne,Climate change - Fossil,kg CO2 eq,,0.3423285158,26.830000000000002,1 ha worked,13_chara,9.184674078914002,,0.1148471748,165.57999999999998,1 ha worked,16_chara,19.016395203383997,,0.3445415244,20.41,1 ha worked,11_chara,7.032092513004001,,0.1148471748,123.97,1 ha worked,12_chara,14.237604259955999,,0.1148471748,69.50999999999999,1 ha worked,14_chara,7.983027120347998,,0.0,28.180000000000003,1 ha worked,17_chara,0.0,,0.5758009297,1.9100000000000001,1 ha worked,15_chara,1.099779775727,58.553572951333
C2_2023,C2,2023,tonne,Climate change - Land use and LU change,kg CO2 eq,,0.3423285158,0.0178,1 ha worked,13_chara,0.00609344758124,,0.1148471748,0.131,1 ha worked,16_chara,0.0150449798988,,0.3445415244,0.00673,1 ha worked,11_chara,0.002318764459212,,0.1148471748,0.05789999999999999,1 ha worked,12_chara,0.006649651420919999,,0.1148471748,0.0494,1 ha worked,14_chara,0.00567345043512,,0.0,0.0434,1 ha worked,17_chara,0.0,,0.5758009297,0.00132,1 ha worked,15_chara,0.0007600572272039999,0.036540351022496
C2_2023,C2,2023,tonne,"Ecotoxicity, freshwater",CTUe,,0.3423285158,409.06,1 ha worked,13_chara,140.03290267314802,,0.1148471748,2729.37,1 ha worked,16_chara,313.460433483876,,0.3445415244,235.92,1 ha worked,11_chara,81.284236436448,,0.1148471748,1587.99,1 ha worked,12_chara,182.37616511065198,,0.1148471748,1134.53,1 ha worked,14_chara,130.29756522584398,,0.0,588.66,1 ha worked,17_chara,0.0,,0.5758009297,32.26,1 ha worked,15_chara,18.575337992121998,866.02664092209
C2_2023,C2,2023,tonne,"Ecotoxicity, freshwater - inorganics",CTUe,,0.3423285158,66.27,1 ha worked,13_chara,22.686110742066,,0.1148471748,419.04999999999995,1 ha worked,16_chara,48.126708599939995,,0.3445415244,48.84,1 ha worked,11_chara,16.827408051696,,0.1148471748,268.34,1 ha worked,12_chara,30.818090885831996,,0.1148471748,140.05,1 ha worked,14_chara,16.08434683074,,0.0,58.77,1 ha worked,17_chara,0.0,,0.5758009297,4.59,1 ha worked,15_chara,2.642926267323,137.18559137759698
C2_2023,C2,2023,tonne,"Ecotoxicity, freshwater - metals",CTUe,,0.3423285158,322.83,1 ha worked,13_chara,110.513914755714,,0.1148471748,2187.8900000000003,1 ha worked,16_chara,251.27298527317203,,0.3445415244,170.45000000000002,1 ha worked,11_chara,58.72710283398001,,0.1148471748,1234.5,1 ha worked,12_chara,141.7788372906,,0.1148471748,954.07,1 ha worked,14_chara,109.572244061436,,0.0,515.3100000000001,1 ha worked,17_chara,0.0,,0.5758009297,26.36,1 ha worked,15_chara,15.178112506891999,687.0431967217941
C2_2023,C2,2023,tonne,"Ecotoxicity, freshwater - organics",CTUe,,0.3423285158,19.96,1 ha worked,13_chara,6.832877175368001,,0.1148471748,122.43,1 ha worked,16_chara,14.060739610764,,0.3445415244,16.64,1 ha worked,11_chara,5.733170966016001,,0.1148471748,85.15,1 ha worked,12_chara,9.77923693422,,0.1148471748,40.410000000000004,1 ha worked,14_chara,4.640974333668,,0.0,14.58,1 ha worked,17_chara,0.0,,0.5758009297,1.31,1 ha worked,15_chara,0.7542992179069999,41.801298237942994
C2_2023,C2,2023,tonne,"Eutrophication, freshwater",kg P eq,,0.3423285158,0.00346,1 ha worked,13_chara,0.001184456664668,,0.1148471748,0.0236,1 ha worked,16_chara,0.0027103933252799997,,0.3445415244,0.0014600000000000001,1 ha worked,11_chara,0.0005030306256240001,,0.1148471748,0.0129,1 ha worked,12_chara,0.00148152855492,,0.1148471748,0.0116,1 ha worked,14_chara,0.00133222722768,,0.0,0.00685,1 ha worked,17_chara,0.0,,0.5758009297,0.000272,1 ha worked,15_chara,0.0001566178528784,0.0073682542510504
C2_2023,C2,2023,tonne,"Eutrophication, marine",kg N eq,,0.3423285158,0.1,1 ha worked,13_chara,0.03423285158,,0.1148471748,0.729,1 ha worked,16_chara,0.0837235904292,,0.3445415244,0.08460000000000001,1 ha worked,11_chara,0.029148212964240004,,0.1148471748,0.444,1 ha worked,12_chara,0.050992145611199996,,0.1148471748,0.213,1 ha worked,14_chara,0.024462448232399996,,0.0,0.0206,1 ha worked,17_chara,0.0,,0.5758009297,0.0064600000000000005,1 ha worked,15_chara,0.003719674005862,0.226278922822902
C2_2023,C2,2023,tonne,"Eutrophication, terrestrial",mol N eq,,0.3423285158,1.1,1 ha worked,13_chara,0.37656136738000007,,0.1148471748,7.97,1 ha worked,16_chara,0.915331983156,,0.3445415244,0.927,1 ha worked,11_chara,0.3193899931188,,0.1148471748,4.86,1 ha worked,12_chara,0.558157269528,,0.1148471748,2.33,1 ha worked,14_chara,0.267593917284,,0.0,0.21800000000000003,1 ha worked,17_chara,0.0,,0.5758009297,0.0704,1 ha worked,15_chara,0.04053638545088,2.47757091591768
C2_2023,C2,2023,tonne,"Human toxicity, cancer",CTUh,,0.3423285158,1.96e-08,1 ha worked,13_chara,6.70963890968e-09,,0.1148471748,1.34e-07,1 ha worked,16_chara,1.53895214232e-08,,0.3445415244,1.13e-08,1 ha worked,11_chara,3.8933192257200005e-09,,0.1148471748,1.03e-07,1 ha worked,12_chara,1.1829259004399998e-08,,0.1148471748,1.14e-07,1 ha worked,14_chara,1.30925779272e-08,,0.0,5.54e-08,1 ha worked,17_chara,0.0,,0.5758009297,1.91e-09,1 ha worked,15_chara,1.0997797757269998e-09,5.2014096265927e-08
C2_2023,C2,2023,tonne,"Human toxicity, cancer - inorganics",CTUh,,0.3423285158,3.85e-17,1 ha worked,13_chara,1.3179647858299999e-17,,0.1148471748,2.22e-16,1 ha worked,16_chara,2.54960728056e-17,,0.3445415244,1.8099999999999998e-17,1 ha worked,11_chara,6.236201591639999e-18,,0.1148471748,1.5199999999999998e-16,1 ha worked,12_chara,1.7456770569599997e-17,,0.1148471748,1.3300000000000002e-16,1 ha worked,14_chara,1.5274674248400002e-17,,0.0,7.46e-17,1 ha worked,17_chara,0.0,,0.5758009297,2.89e-18,1 ha worked,15_chara,1.6640646868329999e-18,7.9307431760373e-17
C2_2023,C2,2023,tonne,"Human toxicity, cancer - metals",CTUh,,0.3423285158,1.23e-08,1 ha worked,13_chara,4.21064074434e-09,,0.1148471748,8.47e-08,1 ha worked,16_chara,9.727555705559999e-09,,0.3445415244,7.91e-09,1 ha worked,11_chara,2.725323458004e-09,,0.1148471748,6.970000000000001e-08,1 ha worked,12_chara,8.004848083560001e-09,,0.1148471748,8.050000000000001e-08,1 ha worked,14_chara,9.245197571400002e-09,,0.0,3.55e-08,1 ha worked,17_chara,0.0,,0.5758009297,1.23e-09,1 ha worked,15_chara,7.08235143531e-10,3.4621800706395e-08
C2_2023,C2,2023,tonne,"Human toxicity, cancer - organics",CTUh,,0.3423285158,7.2800000000000005e-09,1 ha worked,13_chara,2.4921515950240003e-09,,0.1148471748,4.98e-08,1 ha worked,16_chara,5.71938930504e-09,,0.3445415244,3.4000000000000003e-09,1 ha worked,11_chara,1.1714411829600002e-09,,0.1148471748,3.3e-08,1 ha worked,12_chara,3.7899567684e-09,,0.1148471748,3.34e-08,1 ha worked,14_chara,3.83589563832e-09,,0.0,2e-08,1 ha worked,17_chara,0.0,,0.5758009297,6.829999999999999e-10,1 ha worked,15_chara,3.9327203498509994e-10,1.74021065247291e-08
C2_2023,C2,2023,tonne,"Human toxicity, non-cancer",CTUh,,0.3423285158,5.989999999999999e-07,1 ha worked,13_chara,2.0505478096419997e-07,,0.1148471748,3.46e-06,1 ha worked,16_chara,3.97371224808e-07,,0.3445415244,8.92e-07,1 ha worked,11_chara,3.073310397648e-07,,0.1148471748,2e-06,1 ha worked,12_chara,2.2969434959999998e-07,,0.1148471748,1.37e-06,1 ha worked,14_chara,1.57340629476e-07,,0.0,1.0700000000000001e-06,1 ha worked,17_chara,0.0,,0.5758009297,1.27e-07,1 ha worked,15_chara,7.312671807190001e-08,1.3699187426849e-06
C2_2023,C2,2023,tonne,"Human toxicity, non-cancer - inorganics",CTUh,,0.3423285158,1.6900000000000002e-07,1 ha worked,13_chara,5.7853519170200007e-08,,0.1148471748,1.12e-06,1 ha worked,16_chara,1.2862883577600001e-07,,0.3445415244,8.97e-08,1 ha worked,11_chara,3.090537473868e-08,,0.1148471748,8.100000000000001e-07,1 ha worked,12_chara,9.3026211588e-08,,0.1148471748,6.54e-07,1 ha worked,14_chara,7.511005231919999e-08,,0.0,3.12e-07,1 ha worked,17_chara,0.0,,0.5758009297,1.02e-08,1 ha worked,15_chara,5.87316948294e-09,3.9139716307502e-07
C2_2023,C2,2023,tonne,"Human toxicity, non-cancer - metals",CTUh,,0.3423285158,4.1999999999999995e-07,1 ha worked,13_chara,1.4377797663599998e-07,,0.1148471748,2.26e-06,1 ha worked,16_chara,2.5955461504799996e-07,,0.3445415244,7.98e-07,1 ha worked,11_chara,2.749441364712e-07,,0.1148471748,1.16e-06,1 ha worked,12_chara,1.3322272276799998e-07,,0.1148471748,6.99e-07,1 ha worked,14_chara,8.02781751852e-08,,0.0,7.47e-07,1 ha worked,17_chara,0.0,,0.5758009297,1.16e-07,1 ha worked,15_chara,6.67929078452e-08,9.585705339535998e-07
C2_2023,C2,2023,tonne,"Human toxicity, non-cancer - organics",CTUh,,0.3423285158,1.16e-08,1 ha worked,13_chara,3.97101078328e-09,,0.1148471748,8.660000000000001e-08,1 ha worked,16_chara,9.94576533768e-09,,0.3445415244,5.48e-09,1 ha worked,11_chara,1.888087553712e-09,,0.1148471748,3.8200000000000005e-08,1 ha worked,12_chara,4.38716207736e-09,,0.1148471748,2.67e-08,1 ha worked,14_chara,3.06641956716e-09,,0.0,1.5299999999999998e-08,1 ha worked,17_chara,0.0,,0.5758009297,1.08e-09,1 ha worked,15_chara,6.21865004076e-10,2.3880310323268e-08
C2_2023,C2,2023,tonne,Ionising radiation,kBq U-235 eq,,0.3423285158,1.72,1 ha worked,13_chara,0.588805047176,,0.1148471748,10.49,1 ha worked,16_chara,1.204746863652,,0.3445415244,1.27,1 ha worked,11_chara,0.43756773598800003,,0.1148471748,7.89,1 ha worked,12_chara,0.9061442091719999,,0.1148471748,4.319999999999999,1 ha worked,14_chara,0.49613979513599993,,0.0,1.75,1 ha worked,17_chara,0.0,,0.5758009297,0.115,1 ha worked,15_chara,0.06621710691549999,3.6996207580395
C2_2023,C2,2023,tonne,Land use,Pt,,0.3423285158,145.23,1 ha worked,13_chara,49.716370349634,,0.1148471748,800.14,1 ha worked,16_chara,91.89381844447199,,0.3445415244,137.54,1 ha worked,11_chara,47.388241265976,,0.1148471748,641.1899999999999,1 ha worked,12_chara,73.638860010012,,0.1148471748,418.1,1 ha worked,14_chara,48.01760378388,,0.0,168.95000000000002,1 ha worked,17_chara,0.0,,0.5758009297,100.13,1 ha worked,15_chara,57.65494709086099,368.309840944835
C2_2023,C2,2023,tonne,Ozone depletion,kg CFC11 eq,,0.3423285158,4.960000000000001e-06,1 ha worked,13_chara,1.6979494383680003e-06,,0.1148471748,3.03e-05,1 ha worked,16_chara,3.47986939644e-06,,0.3445415244,4.17e-06,1 ha worked,11_chara,1.436738156748e-06,,0.1148471748,2.13e-05,1 ha worked,12_chara,2.4462448232399996e-06,,0.1148471748,9.97e-06,1 ha worked,14_chara,1.1450263327559998e-06,,0.0,3.52e-06,1 ha worked,17_chara,0.0,,0.5758009297,3.2200000000000005e-07,1 ha worked,15_chara,1.8540789936340002e-07,1.03912360469154e-05
C2_2023,C2,2023,tonne,Particulate matter,disease inc.,,0.3423285158,8.429999999999999e-07,1 ha worked,13_chara,2.885829388194e-07,,0.1148471748,5.39e-06,1 ha worked,16_chara,6.190262721719999e-07,,0.3445415244,6.229999999999999e-07,1 ha worked,11_chara,2.1464936970119997e-07,,0.1148471748,3.6599999999999997e-06,1 ha worked,12_chara,4.2034065976799993e-07,,0.1148471748,2.78e-06,1 ha worked,14_chara,3.19275145944e-07,,0.0,1.42e-06,1 ha worked,17_chara,0.0,,0.5758009297,1.22e-07,1 ha worked,15_chara,7.02477134234e-08,1.932122099828e-06
C2_2023,C2,2023,tonne,Photochemical ozone formation,kg NMVOC eq,,0.3423285158,0.305,1 ha worked,13_chara,0.104410197319,,0.1148471748,2.2,1 ha worked,16_chara,0.25266378456,,0.3445415244,0.249,1 ha worked,11_chara,0.0857908395756,,0.1148471748,1.33,1 ha worked,12_chara,0.152746742484,,0.1148471748,0.67,1 ha worked,14_chara,0.076947607116,,0.0,0.107,1 ha worked,17_chara,0.0,,0.5758009297,0.0194,1 ha worked,15_chara,0.011170538036179999,0.6837297090907799
C2_2023,C2,2023,tonne,"Resource use, fossils",MJ,,0.3423285158,357.29999999999995,1 ha worked,13_chara,122.31397869533998,,0.1148471748,2174.67,1 ha worked,16_chara,249.75470562231598,,0.3445415244,273.81,1 ha worked,11_chara,94.338914795964,,0.1148471748,1630.72,1 ha worked,12_chara,187.283584889856,,0.1148471748,863.0400000000001,1 ha worked,14_chara,99.11770573939201,,0.0,337.64000000000004,1 ha worked,17_chara,0.0,,0.5758009297,23.53,1 ha worked,15_chara,13.548595875841,766.357485618709
C2_2023,C2,2023,tonne,"Resource use, minerals and metals",kg Sb eq,,0.3423285158,0.00031400000000000004,1 ha worked,13_chara,0.00010749115396120002,,0.1148471748,0.0025800000000000003,1 ha worked,16_chara,0.000296305710984,,0.3445415244,0.000127,1 ha worked,11_chara,4.37567735988e-05,,0.1148471748,0.000917,1 ha worked,12_chara,0.0001053148592916,,0.1148471748,0.00062,1 ha worked,14_chara,7.120524837599999e-05,,0.0,0.00037,1 ha worked,17_chara,0.0,,0.5758009297,2.91e-05,1 ha worked,15_chara,1.675580705427e-05,0.00064082955326587
C2_2023,C2,2023,tonne,Water use,m3 depriv.,,0.3423285158,2.11,1 ha worked,13_chara,0.722313168338,,0.1148471748,12.8,1 ha worked,16_chara,1.47004383744,,0.3445415244,0.8550000000000001,1 ha worked,11_chara,0.29458300336200005,,0.1148471748,7.94,1 ha worked,12_chara,0.911886567912,,0.1148471748,6.409999999999999,1 ha worked,14_chara,0.7361703904679999,,0.0,3.44,1 ha worked,17_chara,0.0,,0.5758009297,0.235,1 ha worked,15_chara,0.13531321847949998,4.2703101859995
C2_2024,C2,2024,tonne,Acidification,mol H+ eq,,0.4208398683,0.253,1 ha worked,13_chara,0.10647248667989999,,0.1353179973,1.7899999999999998,1 ha worked,16_chara,0.24221921516699996,,0.4059539919,0.20199999999999999,1 ha worked,11_chara,0.08200270636379998,,0.1353179973,1.1,1 ha worked,12_chara,0.14884979703,,0.1353179973,0.5670000000000001,1 ha worked,14_chara,0.0767253044691,,0.0,0.116,1 ha worked,17_chara,0.0,,0.4311747916,0.0167,1 ha worked,15_chara,0.00720061901972,0.6634701287295199
C2_2024,C2,2024,tonne,Climate change,kg CO2 eq,,0.4208398683,26.88,1 ha worked,13_chara,11.312175659904,,0.1353179973,165.89,1 ha worked,16_chara,22.447902572096996,,0.4059539919,20.45,1 ha worked,11_chara,8.301759134354999,,0.1353179973,124.18,1 ha worked,12_chara,16.803788904714,,0.1353179973,69.64999999999999,1 ha worked,14_chara,9.424898511944999,,0.0,28.27,1 ha worked,17_chara,0.0,,0.4311747916,1.93,1 ha worked,15_chara,0.832167347788,69.12269213080299
C2_2024,C2,2024,tonne,Climate change - Biogenic,kg CO2 eq,,0.4208398683,0.0373,1 ha worked,13_chara,0.015697327087589998,,0.1353179973,0.17600000000000002,1 ha worked,16_chara,0.023815967524800002,,0.4059539919,0.028499999999999998,1 ha worked,11_chara,0.011569688769149999,,0.1353179973,0.145,1 ha worked,12_chara,0.019621109608499998,,0.1353179973,0.0992,1 ha worked,14_chara,0.01342354533216,,0.0,0.0452,1 ha worked,17_chara,0.0,,0.4311747916,0.0211,1 ha worked,15_chara,0.009097788102760001,0.09322542642496001
C2_2024,C2,2024,tonne,Climate change - Fossil,kg CO2 eq,,0.4208398683,26.830000000000002,1 ha worked,13_chara,11.291133666489,,0.1353179973,165.57999999999998,1 ha worked,16_chara,22.405953992934,,0.4059539919,20.41,1 ha worked,11_chara,8.285520974678999,,0.1353179973,123.97,1 ha worked,12_chara,16.775372125281,,0.1353179973,69.50999999999999,1 ha worked,14_chara,9.405953992323,,0.0,28.180000000000003,1 ha worked,17_chara,0.0,,0.4311747916,1.9100000000000001,1 ha worked,15_chara,0.8235438519560001,68.987478603662
C2_2024,C2,2024,tonne,Climate change - Land use and LU change,kg CO2 eq,,0.4208398683,0.0178,1 ha worked,13_chara,0.00749094965574,,0.1353179973,0.131,1 ha worked,16_chara,0.0177266576463,,0.4059539919,0.00673,1 ha worked,11_chara,0.0027320703654869997,,0.1353179973,0.05789999999999999,1 ha worked,12_chara,0.00783491204367,,0.1353179973,0.0494,1 ha worked,14_chara,0.00668470906662,,0.0,0.0434,1 ha worked,17_chara,0.0,,0.4311747916,0.00132,1 ha worked,15_chara,0.000569150724912,0.043038449502729
C2_2024,C2,2024,tonne,"Ecotoxicity, freshwater",CTUe,,0.4208398683,409.06,1 ha worked,13_chara,172.148756526798,,0.1353179973,2729.37,1 ha worked,16_chara,369.332882290701,,0.4059539919,235.92,1 ha worked,11_chara,95.77266576904799,,0.1353179973,1587.99,1 ha worked,12_chara,214.883626532427,,0.1353179973,1134.53,1 ha worked,14_chara,153.522327476769,,0.0,588.66,1 ha worked,17_chara,0.0,,0.4311747916,32.26,1 ha worked,15_chara,13.909698777015999,1019.569957372759
C2_2024,C2,2024,tonne,"Ecotoxicity, freshwater - inorganics",CTUe,,0.4208398683,66.27,1 ha worked,13_chara,27.889058072240996,,0.1353179973,419.04999999999995,1 ha worked,16_chara,56.70500676856499,,0.4059539919,48.84,1 ha worked,11_chara,19.826792964396,,0.1353179973,268.34,1 ha worked,12_chara,36.311231395482,,0.1353179973,140.05,1 ha worked,14_chara,18.951285521865,,0.0,58.77,1 ha worked,17_chara,0.0,,0.4311747916,4.59,1 ha worked,15_chara,1.9790922934439998,161.662467015993
C2_2024,C2,2024,tonne,"Ecotoxicity, freshwater - metals",CTUe,,0.4208398683,322.83,1 ha worked,13_chara,135.859734683289,,0.1353179973,2187.8900000000003,1 ha worked,16_chara,296.06089311269704,,0.4059539919,170.45000000000002,1 ha worked,11_chara,69.194857919355,,0.1353179973,1234.5,1 ha worked,12_chara,167.05006766685,,0.1353179973,954.07,1 ha worked,14_chara,129.102841684011,,0.0,515.3100000000001,1 ha worked,17_chara,0.0,,0.4311747916,26.36,1 ha worked,15_chara,11.365767506575999,808.6341625727781
C2_2024,C2,2024,tonne,"Ecotoxicity, freshwater - organics",CTUe,,0.4208398683,19.96,1 ha worked,13_chara,8.399963771268,,0.1353179973,122.43,1 ha worked,16_chara,16.566982409439,,0.4059539919,16.64,1 ha worked,11_chara,6.755074425216,,0.1353179973,85.15,1 ha worked,12_chara,11.522327470095,,0.1353179973,40.410000000000004,1 ha worked,14_chara,5.468200270893,,0.0,14.58,1 ha worked,17_chara,0.0,,0.4311747916,1.31,1 ha worked,15_chara,0.564838976996,49.277387323907
C2_2024,C2,2024,tonne,"Eutrophication, freshwater",kg P eq,,0.4208398683,0.00346,1 ha worked,13_chara,0.001456105944318,,0.1353179973,0.0236,1 ha worked,16_chara,0.00319350473628,,0.4059539919,0.0014600000000000001,1 ha worked,11_chara,0.000592692828174,,0.1353179973,0.0129,1 ha worked,12_chara,0.0017456021651699998,,0.1353179973,0.0116,1 ha worked,14_chara,0.0015696887686799997,,0.0,0.00685,1 ha worked,17_chara,0.0,,0.4311747916,0.000272,1 ha worked,15_chara,0.0001172795433152,0.0086748739859372
C2_2024,C2,2024,tonne,"Eutrophication, marine",kg N eq,,0.4208398683,0.1,1 ha worked,13_chara,0.04208398683,,0.1353179973,0.729,1 ha worked,16_chara,0.09864682003169999,,0.4059539919,0.08460000000000001,1 ha worked,11_chara,0.034343707714740004,,0.1353179973,0.444,1 ha worked,12_chara,0.060081190801199995,,0.1353179973,0.213,1 ha worked,14_chara,0.028822733424899997,,0.0,0.0206,1 ha worked,17_chara,0.0,,0.4311747916,0.0064600000000000005,1 ha worked,15_chara,0.002785389153736,0.26676382795627596
C2_2024,C2,2024,tonne,"Eutrophication, terrestrial",mol N eq,,0.4208398683,1.1,1 ha worked,13_chara,0.46292385513,,0.1353179973,7.97,1 ha worked,16_chara,1.078484438481,,0.4059539919,0.927,1 ha worked,11_chara,0.3763193504913,,0.1353179973,4.86,1 ha worked,12_chara,0.657645466878,,0.1353179973,2.33,1 ha worked,14_chara,0.31529093370899997,,0.0,0.21800000000000003,1 ha worked,17_chara,0.0,,0.4311747916,0.0704,1 ha worked,15_chara,0.03035470532864,2.92101875001794
C2_2024,C2,2024,tonne,"Human toxicity, cancer",CTUh,,0.4208398683,1.96e-08,1 ha worked,13_chara,8.24846141868e-09,,0.1353179973,1.34e-07,1 ha worked,16_chara,1.81326116382e-08,,0.4059539919,1.13e-08,1 ha worked,11_chara,4.58728010847e-09,,0.1353179973,1.03e-07,1 ha worked,12_chara,1.3937753721899999e-08,,0.1353179973,1.14e-07,1 ha worked,14_chara,1.54262516922e-08,,0.0,5.54e-08,1 ha worked,17_chara,0.0,,0.4311747916,1.91e-09,1 ha worked,15_chara,8.235438519559999e-10,6.1155902431406e-08
C2_2024,C2,2024,tonne,"Human toxicity, cancer - inorganics",CTUh,,0.4208398683,3.85e-17,1 ha worked,13_chara,1.620233492955e-17,,0.1353179973,2.22e-16,1 ha worked,16_chara,3.00405954006e-17,,0.4059539919,1.8099999999999998e-17,1 ha worked,11_chara,7.347767253389999e-18,,0.1353179973,1.5199999999999998e-16,1 ha worked,12_chara,2.0568335589599995e-17,,0.1353179973,1.3300000000000002e-16,1 ha worked,14_chara,1.79972936409e-17,,0.0,7.46e-17,1 ha worked,17_chara,0.0,,0.4311747916,2.89e-18,1 ha worked,15_chara,1.246095147724e-18,9.3402421961764e-17
C2_2024,C2,2024,tonne,"Human toxicity, cancer - metals",CTUh,,0.4208398683,1.23e-08,1 ha worked,13_chara,5.176330380089999e-09,,0.1353179973,8.47e-08,1 ha worked,16_chara,1.1461434371309999e-08,,0.4059539919,7.91e-09,1 ha worked,11_chara,3.2110960759289997e-09,,0.1353179973,6.970000000000001e-08,1 ha worked,12_chara,9.43166441181e-09,,0.1353179973,8.050000000000001e-08,1 ha worked,14_chara,1.0893098782650001e-08,,0.0,3.55e-08,1 ha worked,17_chara,0.0,,0.4311747916,1.23e-09,1 ha worked,15_chara,5.30344993668e-10,4.070396901545699e-08
C2_2024,C2,2024,tonne,"Human toxicity, cancer - organics",CTUh,,0.4208398683,7.2800000000000005e-09,1 ha worked,13_chara,3.063714241224e-09,,0.1353179973,4.98e-08,1 ha worked,16_chara,6.73883626554e-09,,0.4059539919,3.4000000000000003e-09,1 ha worked,11_chara,1.38024357246e-09,,0.1353179973,3.3e-08,1 ha worked,12_chara,4.4654939109e-09,,0.1353179973,3.34e-08,1 ha worked,14_chara,4.51962110982e-09,,0.0,2e-08,1 ha worked,17_chara,0.0,,0.4311747916,6.829999999999999e-10,1 ha worked,15_chara,2.9449238266279995e-10,2.0462401482606803e-08
C2_2024,C2,2024,tonne,"Human toxicity, non-cancer",CTUh,,0.4208398683,5.989999999999999e-07,1 ha worked,13_chara,2.5208308111169995e-07,,0.1353179973,3.46e-06,1 ha worked,16_chara,4.6820027065799997e-07,,0.4059539919,8.92e-07,1 ha worked,11_chara,3.621109607748e-07,,0.1353179973,2e-06,1 ha worked,12_chara,2.706359946e-07,,0.1353179973,1.37e-06,1 ha worked,14_chara,1.85385656301e-07,,0.0,1.0700000000000001e-06,1 ha worked,17_chara,0.0,,0.4311747916,1.27e-07,1 ha worked,15_chara,5.4759198533200005e-08,1.5931751619786996e-06
C2_2024,C2,2024,tonne,"Human toxicity, non-cancer - inorganics",CTUh,,0.4208398683,1.6900000000000002e-07,1 ha worked,13_chara,7.11219377427e-08,,0.1353179973,1.12e-06,1 ha worked,16_chara,1.51556156976e-07,,0.4059539919,8.97e-08,1 ha worked,11_chara,3.641407307343e-08,,0.1353179973,8.100000000000001e-07,1 ha worked,12_chara,1.0960757781300001e-07,,0.1353179973,6.54e-07,1 ha worked,14_chara,8.849797023419999e-08,,0.0,3.12e-07,1 ha worked,17_chara,0.0,,0.4311747916,1.02e-08,1 ha worked,15_chara,4.39798287432e-09,4.6159569871365e-07
C2_2024,C2,2024,tonne,"Human toxicity, non-cancer - metals",CTUh,,0.4208398683,4.1999999999999995e-07,1 ha worked,13_chara,1.7675274468599996e-07,,0.1353179973,2.26e-06,1 ha worked,16_chara,3.05818673898e-07,,0.4059539919,7.98e-07,1 ha worked,11_chara,3.239512855362e-07,,0.1353179973,1.16e-06,1 ha worked,12_chara,1.5696887686799998e-07,,0.1353179973,6.99e-07,1 ha worked,14_chara,9.458728011269999e-08,,0.0,7.47e-07,1 ha worked,17_chara,0.0,,0.4311747916,1.16e-07,1 ha worked,15_chara,5.0016275825600004e-08,1.1080951369265e-06
C2_2024,C2,2024,tonne,"Human toxicity, non-cancer - organics",CTUh,,0.4208398683,1.16e-08,1 ha worked,13_chara,4.88174247228e-09,,0.1353179973,8.660000000000001e-08,1 ha worked,16_chara,1.171853856618e-08,,0.4059539919,5.48e-09,1 ha worked,11_chara,2.224627875612e-09,,0.1353179973,3.8200000000000005e-08,1 ha worked,12_chara,5.169147496860001e-09,,0.1353179973,2.67e-08,1 ha worked,14_chara,3.61299052791e-09,,0.0,1.5299999999999998e-08,1 ha worked,17_chara,0.0,,0.4311747916,1.08e-09,1 ha worked,15_chara,4.65668774928e-10,2.807271571377e-08
C2_2024,C2,2024,tonne,Ionising radiation,kBq U-235 eq,,0.4208398683,1.72,1 ha worked,13_chara,0.723844573476,,0.1353179973,10.49,1 ha worked,16_chara,1.4194857916769998,,0.4059539919,1.27,1 ha worked,11_chara,0.5155615697129999,,0.1353179973,7.89,1 ha worked,12_chara,1.067658998697,,0.1353179973,4.319999999999999,1 ha worked,14_chara,0.5845737483359998,,0.0,1.75,1 ha worked,17_chara,0.0,,0.4311747916,0.115,1 ha worked,15_chara,0.049585101034000004,4.360709782933
C2_2024,C2,2024,tonne,Land use,Pt,,0.4208398683,145.23,1 ha worked,13_chara,61.11857407320899,,0.1353179973,800.14,1 ha worked,16_chara,108.27334235962199,,0.4059539919,137.54,1 ha worked,11_chara,55.834912045925996,,0.1353179973,641.1899999999999,1 ha worked,12_chara,86.764546688787,,0.1353179973,418.1,1 ha worked,14_chara,56.57645467113,,0.0,168.95000000000002,1 ha worked,17_chara,0.0,,0.4311747916,100.13,1 ha worked,15_chara,43.173531882907994,411.741361721582
C2_2024,C2,2024,tonne,Ozone depletion,kg CFC11 eq,,0.4208398683,4.960000000000001e-06,1 ha worked,13_chara,2.0873657467680003e-06,,0.1353179973,3.03e-05,1 ha worked,16_chara,4.10013531819e-06,,0.4059539919,4.17e-06,1 ha worked,11_chara,1.6928281462229998e-06,,0.1353179973,2.13e-05,1 ha worked,12_chara,2.8822733424899997e-06,,0.1353179973,9.97e-06,1 ha worked,14_chara,1.3491204330809999e-06,,0.0,3.52e-06,1 ha worked,17_chara,0.0,,0.4311747916,3.2200000000000005e-07,1 ha worked,15_chara,1.388382828952e-07,1.22505612696472e-05
C2_2024,C2,2024,tonne,Particulate matter,disease inc.,,0.4208398683,8.429999999999999e-07,1 ha worked,13_chara,3.5476800897689995e-07,,0.1353179973,5.39e-06,1 ha worked,16_chara,7.29364005447e-07,,0.4059539919,6.229999999999999e-07,1 ha worked,11_chara,2.5290933695369994e-07,,0.1353179973,3.6599999999999997e-06,1 ha worked,12_chara,4.952638701179999e-07,,0.1353179973,2.78e-06,1 ha worked,14_chara,3.76184032494e-07,,0.0,1.42e-06,1 ha worked,17_chara,0.0,,0.4311747916,1.22e-07,1 ha worked,15_chara,5.2603324575200006e-08,2.2610925785647997e-06
C2_2024,C2,2024,tonne,Photochemical ozone formation,kg NMVOC eq,,0.4208398683,0.305,1 ha worked,13_chara,0.12835615983149998,,0.1353179973,2.2,1 ha worked,16_chara,0.29769959406,,0.4059539919,0.249,1 ha worked,11_chara,0.10108254398309999,,0.1353179973,1.33,1 ha worked,12_chara,0.179972936409,,0.1353179973,0.67,1 ha worked,14_chara,0.090663058191,,0.0,0.107,1 ha worked,17_chara,0.0,,0.4311747916,0.0194,1 ha worked,15_chara,0.00836479095704,0.80613908343164
C2_2024,C2,2024,tonne,"Resource use, fossils",MJ,,0.4208398683,357.29999999999995,1 ha worked,13_chara,150.36608494358998,,0.1353179973,2174.67,1 ha worked,16_chara,294.271989188391,,0.4059539919,273.81,1 ha worked,11_chara,111.15426252213899,,0.1353179973,1630.72,1 ha worked,12_chara,220.66576455705598,,0.1353179973,863.0400000000001,1 ha worked,14_chara,116.784844389792,,0.0,337.64000000000004,1 ha worked,17_chara,0.0,,0.4311747916,23.53,1 ha worked,15_chara,10.145542846348,903.3884884473159
C2_2024,C2,2024,tonne,"Resource use, minerals and metals",kg Sb eq,,0.4208398683,0.00031400000000000004,1 ha worked,13_chara,0.00013214371864620002,,0.1353179973,0.0025800000000000003,1 ha worked,16_chara,0.000349120433034,,0.4059539919,0.000127,1 ha worked,11_chara,5.15561569713e-05,,0.1353179973,0.000917,1 ha worked,12_chara,0.00012408660352409998,,0.1353179973,0.00062,1 ha worked,14_chara,8.3897158326e-05,,0.0,0.00037,1 ha worked,17_chara,0.0,,0.4311747916,2.91e-05,1 ha worked,15_chara,1.2547186435559999e-05,0.00075335125693716
C2_2024,C2,2024,tonne,Water use,m3 depriv.,,0.4208398683,2.11,1 ha worked,13_chara,0.8879721221129999,,0.1353179973,12.8,1 ha worked,16_chara,1.73207036544,,0.4059539919,0.8550000000000001,1 ha worked,11_chara,0.34709066307450004,,0.1353179973,7.94,1 ha worked,12_chara,1.074424898562,,0.1353179973,6.409999999999999,1 ha worked,14_chara,0.8673883626929999,,0.0,3.44,1 ha worked,17_chara,0.0,,0.4311747916,0.235,1 ha worked,15_chara,0.101326076026,5.0102724879085
C3_2022,C3,2022,tonne,Acidification,mol H+ eq,,0.9232765193,0.253,1 ha worked,13_chara,0.2335889593829,,0.2308191298,1.7899999999999998,1 ha worked,16_chara,0.41316624234199995,,0.6924573894,0.20199999999999999,1 ha worked,11_chara,0.1398763926588,,0.2308191298,1.1,1 ha worked,12_chara,0.25390104278000003,,0.2308191298,0.5670000000000001,1 ha worked,14_chara,0.1308744465966,,0.0,0.116,1 ha worked,17_chara,0.0,,1.0401571682,0.0167,1 ha worked,15_chara,0.017370624708939998,1.1887777084692401
C3_2022,C3,2022,tonne,Climate change,kg CO2 eq,,0.9232765193,26.88,1 ha worked,13_chara,24.817672838784,,0.2308191298,165.89,1 ha worked,16_chara,38.290585442521994,,0.6924573894,20.45,1 ha worked,11_chara,14.16075361323,,0.2308191298,124.18,1 ha worked,12_chara,28.663119538564,,0.2308191298,69.64999999999999,1 ha worked,14_chara,16.076552390569997,,0.0,28.27,1 ha worked,17_chara,0.0,,1.0401571682,1.93,1 ha worked,15_chara,2.0075033346259996,124.01618715829599
C3_2022,C3,2022,tonne,Climate change - Biogenic,kg CO2 eq,,0.9232765193,0.0373,1 ha worked,13_chara,0.03443821416989,,0.2308191298,0.17600000000000002,1 ha worked,16_chara,0.040624166844800004,,0.6924573894,0.028499999999999998,1 ha worked,11_chara,0.0197350355979,,0.2308191298,0.145,1 ha worked,12_chara,0.033468773821,,0.2308191298,0.0992,1 ha worked,14_chara,0.02289725767616,,0.0,0.0452,1 ha worked,17_chara,0.0,,1.0401571682,0.0211,1 ha worked,15_chara,0.02194731624902,0.17311076435877
C3_2022,C3,2022,tonne,Climate change - Fossil,kg CO2 eq,,0.9232765193,26.830000000000002,1 ha worked,13_chara,24.771509012819003,,0.2308191298,165.57999999999998,1 ha worked,16_chara,38.219031512284,,0.6924573894,20.41,1 ha worked,11_chara,14.133055317654,,0.2308191298,123.97,1 ha worked,12_chara,28.614647521306,,0.2308191298,69.50999999999999,1 ha worked,14_chara,16.044237712397997,,0.0,28.180000000000003,1 ha worked,17_chara,0.0,,1.0401571682,1.9100000000000001,1 ha worked,15_chara,1.986700191262,123.769181267723
C3_2022,C3,2022,tonne,Climate change - Land use and LU change,kg CO2 eq,,0.9232765193,0.0178,1 ha worked,13_chara,0.01643432204354,,0.2308191298,0.131,1 ha worked,16_chara,0.0302373060038,,0.6924573894,0.00673,1 ha worked,11_chara,0.004660238230662,,0.2308191298,0.05789999999999999,1 ha worked,12_chara,0.013364427615419998,,0.2308191298,0.0494,1 ha worked,14_chara,0.01140246501212,,0.0,0.0434,1 ha worked,17_chara,0.0,,1.0401571682,0.00132,1 ha worked,15_chara,0.0013730074620239999,0.07747176636756599
C3_2022,C3,2022,tonne,"Ecotoxicity, freshwater",CTUe,,0.9232765193,409.06,1 ha worked,13_chara,377.675492984858,,0.2308191298,2729.37,1 ha worked,16_chara,629.990808302226,,0.6924573894,235.92,1 ha worked,11_chara,163.364547307248,,0.2308191298,1587.99,1 ha worked,12_chara,366.538469931102,,0.2308191298,1134.53,1 ha worked,14_chara,261.87122733199396,,0.0,588.66,1 ha worked,17_chara,0.0,,1.0401571682,32.26,1 ha worked,15_chara,33.555470246131996,1832.99601610356
C3_2022,C3,2022,tonne,"Ecotoxicity, freshwater - inorganics",CTUe,,0.9232765193,66.27,1 ha worked,13_chara,61.185534934010995,,0.2308191298,419.04999999999995,1 ha worked,16_chara,96.72475634268999,,0.6924573894,48.84,1 ha worked,11_chara,33.819618898296,,0.2308191298,268.34,1 ha worked,12_chara,61.93800529053199,,0.2308191298,140.05,1 ha worked,14_chara,32.32621912849,,0.0,58.77,1 ha worked,17_chara,0.0,,1.0401571682,4.59,1 ha worked,15_chara,4.774321402038,290.76845599605696
C3_2022,C3,2022,tonne,"Ecotoxicity, freshwater - metals",CTUe,,0.9232765193,322.83,1 ha worked,13_chara,298.06135872561896,,0.2308191298,2187.8900000000003,1 ha worked,16_chara,505.00686589812204,,0.6924573894,170.45000000000002,1 ha worked,11_chara,118.02936202323001,,0.2308191298,1234.5,1 ha worked,12_chara,284.94621573809997,,0.2308191298,954.07,1 ha worked,14_chara,220.217607168286,,0.0,515.3100000000001,1 ha worked,17_chara,0.0,,1.0401571682,26.36,1 ha worked,15_chara,27.418542953752,1453.6799525071087
C3_2022,C3,2022,tonne,"Ecotoxicity, freshwater - organics",CTUe,,0.9232765193,19.96,1 ha worked,13_chara,18.428599325228,,0.2308191298,122.43,1 ha worked,16_chara,28.259186061414002,,0.6924573894,16.64,1 ha worked,11_chara,11.522490959616,,0.2308191298,85.15,1 ha worked,12_chara,19.654248902470002,,0.2308191298,40.410000000000004,1 ha worked,14_chara,9.327401035218001,,0.0,14.58,1 ha worked,17_chara,0.0,,1.0401571682,1.31,1 ha worked,15_chara,1.362605890342,88.554532174288
C3_2022,C3,2022,tonne,"Eutrophication, freshwater",kg P eq,,0.9232765193,0.00346,1 ha worked,13_chara,0.003194536756778,,0.2308191298,0.0236,1 ha worked,16_chara,0.00544733146328,,0.6924573894,0.0014600000000000001,1 ha worked,11_chara,0.001010987788524,,0.2308191298,0.0129,1 ha worked,12_chara,0.00297756677442,,0.2308191298,0.0116,1 ha worked,14_chara,0.00267750190568,,0.0,0.00685,1 ha worked,17_chara,0.0,,1.0401571682,0.000272,1 ha worked,15_chara,0.00028292274975039996,0.015590847438432401
C3_2022,C3,2022,tonne,"Eutrophication, marine",kg N eq,,0.9232765193,0.1,1 ha worked,13_chara,0.09232765193,,0.2308191298,0.729,1 ha worked,16_chara,0.1682671456242,,0.6924573894,0.08460000000000001,1 ha worked,11_chara,0.058581895143240005,,0.2308191298,0.444,1 ha worked,12_chara,0.1024836936312,,0.2308191298,0.213,1 ha worked,14_chara,0.049164474647399994,,0.0,0.0206,1 ha worked,17_chara,0.0,,1.0401571682,0.0064600000000000005,1 ha worked,15_chara,0.006719415306572,0.477544276282612
C3_2022,C3,2022,tonne,"Eutrophication, terrestrial",mol N eq,,0.9232765193,1.1,1 ha worked,13_chara,1.0156041712300001,,0.2308191298,7.97,1 ha worked,16_chara,1.839628464506,,0.6924573894,0.927,1 ha worked,11_chara,0.6419079999738,,0.2308191298,4.86,1 ha worked,12_chara,1.121780970828,,0.2308191298,2.33,1 ha worked,14_chara,0.537808572434,,0.0,0.21800000000000003,1 ha worked,17_chara,0.0,,1.0401571682,0.0704,1 ha worked,15_chara,0.07322706464128,5.22995724361308
C3_2022,C3,2022,tonne,"Human toxicity, cancer",CTUh,,0.9232765193,1.96e-08,1 ha worked,13_chara,1.809621977828e-08,,0.2308191298,1.34e-07,1 ha worked,16_chara,3.09297633932e-08,,0.6924573894,1.13e-08,1 ha worked,11_chara,7.82476850022e-09,,0.2308191298,1.03e-07,1 ha worked,12_chara,2.37743703694e-08,,0.2308191298,1.14e-07,1 ha worked,14_chara,2.63133807972e-08,,0.0,5.54e-08,1 ha worked,17_chara,0.0,,1.0401571682,1.91e-09,1 ha worked,15_chara,1.9867001912619997e-09,1.08925203029562e-07
C3_2022,C3,2022,tonne,"Human toxicity, cancer - inorganics",CTUh,,0.9232765193,3.85e-17,1 ha worked,13_chara,3.554614599305e-17,,0.2308191298,2.22e-16,1 ha worked,16_chara,5.12418468156e-17,,0.6924573894,1.8099999999999998e-17,1 ha worked,11_chara,1.2533478748139998e-17,,0.2308191298,1.5199999999999998e-16,1 ha worked,12_chara,3.50845077296e-17,,0.2308191298,1.3300000000000002e-16,1 ha worked,14_chara,3.0698944263400005e-17,,0.0,7.46e-17,1 ha worked,17_chara,0.0,,1.0401571682,2.89e-18,1 ha worked,15_chara,3.0060542160979998e-18,1.68110977765888e-16
C3_2022,C3,2022,tonne,"Human toxicity, cancer - metals",CTUh,,0.9232765193,1.23e-08,1 ha worked,13_chara,1.135630118739e-08,,0.2308191298,8.47e-08,1 ha worked,16_chara,1.955038029406e-08,,0.6924573894,7.91e-09,1 ha worked,11_chara,5.477337950154e-09,,0.2308191298,6.970000000000001e-08,1 ha worked,12_chara,1.6088093347060002e-08,,0.2308191298,8.050000000000001e-08,1 ha worked,14_chara,1.85809399489e-08,,0.0,3.55e-08,1 ha worked,17_chara,0.0,,1.0401571682,1.23e-09,1 ha worked,15_chara,1.279393316886e-09,7.233244604445e-08
C3_2022,C3,2022,tonne,"Human toxicity, cancer - organics",CTUh,,0.9232765193,7.2800000000000005e-09,1 ha worked,13_chara,6.721453060504e-09,,0.2308191298,4.98e-08,1 ha worked,16_chara,1.149479266404e-08,,0.6924573894,3.4000000000000003e-09,1 ha worked,11_chara,2.35435512396e-09,,0.2308191298,3.3e-08,1 ha worked,12_chara,7.617031283399999e-09,,0.2308191298,3.34e-08,1 ha worked,14_chara,7.70935893532e-09,,0.0,2e-08,1 ha worked,17_chara,0.0,,1.0401571682,6.829999999999999e-10,1 ha worked,15_chara,7.104273458805999e-10,3.66074184131046e-08
C3_2022,C3,2022,tonne,"Human toxicity, non-cancer",CTUh,,0.9232765193,5.989999999999999e-07,1 ha worked,13_chara,5.530426350606999e-07,,0.2308191298,3.46e-06,1 ha worked,16_chara,7.98634189108e-07,,0.6924573894,8.92e-07,1 ha worked,11_chara,6.176719913448e-07,,0.2308191298,2e-06,1 ha worked,12_chara,4.6163825959999995e-07,,0.2308191298,1.37e-06,1 ha worked,14_chara,3.16222207826e-07,,0.0,1.0700000000000001e-06,1 ha worked,17_chara,0.0,,1.0401571682,1.27e-07,1 ha worked,15_chara,1.320999603614e-07,2.8793092433009e-06
C3_2022,C3,2022,tonne,"Human toxicity, non-cancer - inorganics",CTUh,,0.9232765193,1.6900000000000002e-07,1 ha worked,13_chara,1.5603373176170003e-07,,0.2308191298,1.12e-06,1 ha worked,16_chara,2.5851742537600003e-07,,0.6924573894,8.97e-08,1 ha worked,11_chara,6.211342782918e-08,,0.2308191298,8.100000000000001e-07,1 ha worked,12_chara,1.86963495138e-07,,0.2308191298,6.54e-07,1 ha worked,14_chara,1.509557108892e-07,,0.0,3.12e-07,1 ha worked,17_chara,0.0,,1.0401571682,1.02e-08,1 ha worked,15_chara,1.060960311564e-08,8.2519339410972e-07
C3_2022,C3,2022,tonne,"Human toxicity, non-cancer - metals",CTUh,,0.9232765193,4.1999999999999995e-07,1 ha worked,13_chara,3.8777613810599994e-07,,0.2308191298,2.26e-06,1 ha worked,16_chara,5.216512333479999e-07,,0.6924573894,7.98e-07,1 ha worked,11_chara,5.525809967412e-07,,0.2308191298,1.16e-06,1 ha worked,12_chara,2.6775019056799997e-07,,0.2308191298,6.99e-07,1 ha worked,14_chara,1.613425717302e-07,,0.0,7.47e-07,1 ha worked,17_chara,0.0,,1.0401571682,1.16e-07,1 ha worked,15_chara,1.2065823151119999e-07,2.0117593620046e-06
C3_2022,C3,2022,tonne,"Human toxicity, non-cancer - organics",CTUh,,0.9232765193,1.16e-08,1 ha worked,13_chara,1.071000762388e-08,,0.2308191298,8.660000000000001e-08,1 ha worked,16_chara,1.9988936640680002e-08,,0.6924573894,5.48e-09,1 ha worked,11_chara,3.794666493912e-09,,0.2308191298,3.8200000000000005e-08,1 ha worked,12_chara,8.817290758360001e-09,,0.2308191298,2.67e-08,1 ha worked,14_chara,6.16287076566e-09,,0.0,1.5299999999999998e-08,1 ha worked,17_chara,0.0,,1.0401571682,1.08e-09,1 ha worked,15_chara,1.123369741656e-09,5.059714202414801e-08
C3_2022,C3,2022,tonne,Ionising radiation,kBq U-235 eq,,0.9232765193,1.72,1 ha worked,13_chara,1.588035613196,,0.2308191298,10.49,1 ha worked,16_chara,2.421292671602,,0.6924573894,1.27,1 ha worked,11_chara,0.879420884538,,0.2308191298,7.89,1 ha worked,12_chara,1.821162934122,,0.2308191298,4.319999999999999,1 ha worked,14_chara,0.9971386407359999,,0.0,1.75,1 ha worked,17_chara,0.0,,1.0401571682,0.115,1 ha worked,15_chara,0.119618074343,7.826668818537001
C3_2022,C3,2022,tonne,Land use,Pt,,0.9232765193,145.23,1 ha worked,13_chara,134.087448897939,,0.2308191298,800.14,1 ha worked,16_chara,184.687618518172,,0.6924573894,137.54,1 ha worked,11_chara,95.24058933807599,,0.2308191298,641.1899999999999,1 ha worked,12_chara,147.99891783646197,,0.2308191298,418.1,1 ha worked,14_chara,96.50547816938,,0.0,168.95000000000002,1 ha worked,17_chara,0.0,,1.0401571682,100.13,1 ha worked,15_chara,104.15093725186598,762.670990011895
C3_2022,C3,2022,tonne,Ozone depletion,kg CFC11 eq,,0.9232765193,4.960000000000001e-06,1 ha worked,13_chara,4.579451535728e-06,,0.2308191298,3.03e-05,1 ha worked,16_chara,6.99381963294e-06,,0.6924573894,4.17e-06,1 ha worked,11_chara,2.8875473137979998e-06,,0.2308191298,2.13e-05,1 ha worked,12_chara,4.91644746474e-06,,0.2308191298,9.97e-06,1 ha worked,14_chara,2.3012667241059997e-06,,0.0,3.52e-06,1 ha worked,17_chara,0.0,,1.0401571682,3.2200000000000005e-07,1 ha worked,15_chara,3.349306081604e-07,2.20134632794724e-05
C3_2022,C3,2022,tonne,Particulate matter,disease inc.,,0.9232765193,8.429999999999999e-07,1 ha worked,13_chara,7.783221057698999e-07,,0.2308191298,5.39e-06,1 ha worked,16_chara,1.244115109622e-06,,0.6924573894,6.229999999999999e-07,1 ha worked,11_chara,4.3140095359619994e-07,,0.2308191298,3.6599999999999997e-06,1 ha worked,12_chara,8.44798015068e-07,,0.2308191298,2.78e-06,1 ha worked,14_chara,6.41677180844e-07,,0.0,1.42e-06,1 ha worked,17_chara,0.0,,1.0401571682,1.22e-07,1 ha worked,15_chara,1.268991745204e-07,4.0672125394205e-06
C3_2022,C3,2022,tonne,Photochemical ozone formation,kg NMVOC eq,,0.9232765193,0.305,1 ha worked,13_chara,0.2815993383865,,0.2308191298,2.2,1 ha worked,16_chara,0.5078020855600001,,0.6924573894,0.249,1 ha worked,11_chara,0.1724218899606,,0.2308191298,1.33,1 ha worked,12_chara,0.306989442634,,0.2308191298,0.67,1 ha worked,14_chara,0.154648816966,,0.0,0.107,1 ha worked,17_chara,0.0,,1.0401571682,0.0194,1 ha worked,15_chara,0.02017904906308,1.44364062257018
C3_2022,C3,2022,tonne,"Resource use, fossils",MJ,,0.9232765193,357.29999999999995,1 ha worked,13_chara,329.88670034588995,,0.2308191298,2174.67,1 ha worked,16_chara,501.955437002166,,0.6924573894,273.81,1 ha worked,11_chara,189.601757791614,,0.2308191298,1630.72,1 ha worked,12_chara,376.401371347456,,0.2308191298,863.0400000000001,1 ha worked,14_chara,199.20614178259203,,0.0,337.64000000000004,1 ha worked,17_chara,0.0,,1.0401571682,23.53,1 ha worked,15_chara,24.474898167745998,1621.5263064374642
C3_2022,C3,2022,tonne,"Resource use, minerals and metals",kg Sb eq,,0.9232765193,0.00031400000000000004,1 ha worked,13_chara,0.0002899088270602,,0.2308191298,0.0025800000000000003,1 ha worked,16_chara,0.000595513354884,,0.6924573894,0.000127,1 ha worked,11_chara,8.79420884538e-05,,0.2308191298,0.000917,1 ha worked,12_chara,0.00021166114202659999,,0.2308191298,0.00062,1 ha worked,14_chara,0.000143107860476,,0.0,0.00037,1 ha worked,17_chara,0.0,,1.0401571682,2.91e-05,1 ha worked,15_chara,3.026857359462e-05,0.00135840184649522
C3_2022,C3,2022,tonne,Water use,m3 depriv.,,0.9232765193,2.11,1 ha worked,13_chara,1.9481134557229998,,0.2308191298,12.8,1 ha worked,16_chara,2.95448486144,,0.6924573894,0.8550000000000001,1 ha worked,11_chara,0.592051067937,,0.2308191298,7.94,1 ha worked,12_chara,1.8327038906120001,,0.2308191298,6.409999999999999,1 ha worked,14_chara,1.4795506220179997,,0.0,3.44,1 ha worked,17_chara,0.0,,1.0401571682,0.235,1 ha worked,15_chara,0.24443693452699997,9.051340832256999
C3_2023,C3,2023,tonne,Acidification,mol H+ eq,,0.5261996442,0.253,1 ha worked,13_chara,0.1331285099826,,0.1753998814,1.7899999999999998,1 ha worked,16_chara,0.313965787706,,0.5261996442,0.20199999999999999,1 ha worked,11_chara,0.10629232812839999,,0.1753998814,1.1,1 ha worked,12_chara,0.19293986954000003,,0.1753998814,0.5670000000000001,1 ha worked,14_chara,0.09945173275380002,,0.0,0.116,1 ha worked,17_chara,0.0,,0.9519542169,0.0167,1 ha worked,15_chara,0.01589763542223,0.8616758635330299
C3_2023,C3,2023,tonne,Climate change,kg CO2 eq,,0.5261996442,26.88,1 ha worked,13_chara,14.144246436096,,0.1753998814,165.89,1 ha worked,16_chara,29.097086325446,,0.5261996442,20.45,1 ha worked,11_chara,10.76078272389,,0.1753998814,124.18,1 ha worked,12_chara,21.781157272252003,,0.1753998814,69.64999999999999,1 ha worked,14_chara,12.216601739509999,,0.0,28.27,1 ha worked,17_chara,0.0,,0.9519542169,1.93,1 ha worked,15_chara,1.837271638617,89.837146135811
C3_2023,C3,2023,tonne,Climate change - Biogenic,kg CO2 eq,,0.5261996442,0.0373,1 ha worked,13_chara,0.019627246728659998,,0.1753998814,0.17600000000000002,1 ha worked,16_chara,0.030870379126400005,,0.5261996442,0.028499999999999998,1 ha worked,11_chara,0.014996689859699998,,0.1753998814,0.145,1 ha worked,12_chara,0.025432982803,,0.1753998814,0.0992,1 ha worked,14_chara,0.01739966823488,,0.0,0.0452,1 ha worked,17_chara,0.0,,0.9519542169,0.0211,1 ha worked,15_chara,0.020086233976590002,0.12841320072923
C3_2023,C3,2023,tonne,Climate change - Fossil,kg CO2 eq,,0.5261996442,26.830000000000002,1 ha worked,13_chara,14.117936453886001,,0.1753998814,165.57999999999998,1 ha worked,16_chara,29.042712362212,,0.5261996442,20.41,1 ha worked,11_chara,10.739734738122,,0.1753998814,123.97,1 ha worked,12_chara,21.744323297158,,0.1753998814,69.50999999999999,1 ha worked,14_chara,12.192045756114,,0.0,28.180000000000003,1 ha worked,17_chara,0.0,,0.9519542169,1.9100000000000001,1 ha worked,15_chara,1.818232554279,89.65498516177101
C3_2023,C3,2023,tonne,Climate change - Land use and LU change,kg CO2 eq,,0.5261996442,0.0178,1 ha worked,13_chara,0.009366353666759999,,0.1753998814,0.131,1 ha worked,16_chara,0.022977384463400002,,0.5261996442,0.00673,1 ha worked,11_chara,0.0035413236054659997,,0.1753998814,0.05789999999999999,1 ha worked,12_chara,0.01015565313306,,0.1753998814,0.0494,1 ha worked,14_chara,0.00866475414116,,0.0,0.0434,1 ha worked,17_chara,0.0,,0.9519542169,0.00132,1 ha worked,15_chara,0.0012565795663080001,0.05596204857615401
C3_2023,C3,2023,tonne,"Ecotoxicity, freshwater",CTUe,,0.5261996442,409.06,1 ha worked,13_chara,215.24722645645198,,0.1753998814,2729.37,1 ha worked,16_chara,478.731174296718,,0.5261996442,235.92,1 ha worked,11_chara,124.14102005966399,,0.1753998814,1587.99,1 ha worked,12_chara,278.53325766438604,,0.1753998814,1134.53,1 ha worked,14_chara,198.996427444742,,0.0,588.66,1 ha worked,17_chara,0.0,,0.9519542169,32.26,1 ha worked,15_chara,30.710043037193998,1326.359148959156
C3_2023,C3,2023,tonne,"Ecotoxicity, freshwater - inorganics",CTUe,,0.5261996442,66.27,1 ha worked,13_chara,34.87125042113399,,0.1753998814,419.04999999999995,1 ha worked,16_chara,73.50132030067,,0.5261996442,48.84,1 ha worked,11_chara,25.699590622728,,0.1753998814,268.34,1 ha worked,12_chara,47.066804174876,,0.1753998814,140.05,1 ha worked,14_chara,24.564753390070003,,0.0,58.77,1 ha worked,17_chara,0.0,,0.9519542169,4.59,1 ha worked,15_chara,4.369469855571,210.07318876504897
C3_2023,C3,2023,tonne,"Ecotoxicity, freshwater - metals",CTUe,,0.5261996442,322.83,1 ha worked,13_chara,169.87303113708597,,0.1753998814,2187.8900000000003,1 ha worked,16_chara,383.7556465162461,,0.5261996442,170.45000000000002,1 ha worked,11_chara,89.69072935389,,0.1753998814,1234.5,1 ha worked,12_chara,216.53115358830001,,0.1753998814,954.07,1 ha worked,14_chara,167.34376484729802,,0.0,515.3100000000001,1 ha worked,17_chara,0.0,,0.9519542169,26.36,1 ha worked,15_chara,25.093513157484,1052.287838600304
C3_2023,C3,2023,tonne,"Ecotoxicity, freshwater - organics",CTUe,,0.5261996442,19.96,1 ha worked,13_chara,10.502944898232,,0.1753998814,122.43,1 ha worked,16_chara,21.474207479802004,,0.5261996442,16.64,1 ha worked,11_chara,8.755962079488,,0.1753998814,85.15,1 ha worked,12_chara,14.935299901210001,,0.1753998814,40.410000000000004,1 ha worked,14_chara,7.087909207374001,,0.0,14.58,1 ha worked,17_chara,0.0,,0.9519542169,1.31,1 ha worked,15_chara,1.2470600241390002,64.00338359024501
C3_2023,C3,2023,tonne,"Eutrophication, freshwater",kg P eq,,0.5261996442,0.00346,1 ha worked,13_chara,0.001820650768932,,0.1753998814,0.0236,1 ha worked,16_chara,0.00413943720104,,0.5261996442,0.0014600000000000001,1 ha worked,11_chara,0.000768251480532,,0.1753998814,0.0129,1 ha worked,12_chara,0.0022626584700600003,,0.1753998814,0.0116,1 ha worked,14_chara,0.00203463862424,,0.0,0.00685,1 ha worked,17_chara,0.0,,0.9519542169,0.000272,1 ha worked,15_chara,0.0002589315469968,0.011284568091800801
C3_2023,C3,2023,tonne,"Eutrophication, marine",kg N eq,,0.5261996442,0.1,1 ha worked,13_chara,0.05261996442,,0.1753998814,0.729,1 ha worked,16_chara,0.1278665135406,,0.5261996442,0.08460000000000001,1 ha worked,11_chara,0.04451648989932,,0.1753998814,0.444,1 ha worked,12_chara,0.0778775473416,,0.1753998814,0.213,1 ha worked,14_chara,0.037360174738200004,,0.0,0.0206,1 ha worked,17_chara,0.0,,0.9519542169,0.0064600000000000005,1 ha worked,15_chara,0.006149624241174,0.346390314180894
C3_2023,C3,2023,tonne,"Eutrophication, terrestrial",mol N eq,,0.5261996442,1.1,1 ha worked,13_chara,0.57881960862,,0.1753998814,7.97,1 ha worked,16_chara,1.3979370547580001,,0.5261996442,0.927,1 ha worked,11_chara,0.4877870701734,,0.1753998814,4.86,1 ha worked,12_chara,0.8524434236040002,,0.1753998814,2.33,1 ha worked,14_chara,0.40868172366200006,,0.0,0.21800000000000003,1 ha worked,17_chara,0.0,,0.9519542169,0.0704,1 ha worked,15_chara,0.06701757686976001,3.79268645768716
C3_2023,C3,2023,tonne,"Human toxicity, cancer",CTUh,,0.5261996442,1.96e-08,1 ha worked,13_chara,1.031351302632e-08,,0.1753998814,1.34e-07,1 ha worked,16_chara,2.3503584107600004e-08,,0.5261996442,1.13e-08,1 ha worked,11_chara,5.94605597946e-09,,0.1753998814,1.03e-07,1 ha worked,12_chara,1.80661877842e-08,,0.1753998814,1.14e-07,1 ha worked,14_chara,1.99955864796e-08,,0.0,5.54e-08,1 ha worked,17_chara,0.0,,0.9519542169,1.91e-09,1 ha worked,15_chara,1.818232554279e-09,7.964315993145901e-08
C3_2023,C3,2023,tonne,"Human toxicity, cancer - inorganics",CTUh,,0.5261996442,3.85e-17,1 ha worked,13_chara,2.0258686301699997e-17,,0.1753998814,2.22e-16,1 ha worked,16_chara,3.893877367080001e-17,,0.5261996442,1.8099999999999998e-17,1 ha worked,11_chara,9.524213560019999e-18,,0.1753998814,1.5199999999999998e-16,1 ha worked,12_chara,2.6660781972799998e-17,,0.1753998814,1.3300000000000002e-16,1 ha worked,14_chara,2.3328184226200004e-17,,0.0,7.46e-17,1 ha worked,17_chara,0.0,,0.9519542169,2.89e-18,1 ha worked,15_chara,2.751147686841e-18,1.21461787418361e-16
C3_2023,C3,2023,tonne,"Human toxicity, cancer - metals",CTUh,,0.5261996442,1.23e-08,1 ha worked,13_chara,6.47225562366e-09,,0.1753998814,8.47e-08,1 ha worked,16_chara,1.485636995458e-08,,0.5261996442,7.91e-09,1 ha worked,11_chara,4.162239185621999e-09,,0.1753998814,6.970000000000001e-08,1 ha worked,12_chara,1.2225371733580002e-08,,0.1753998814,8.050000000000001e-08,1 ha worked,14_chara,1.4119690452700003e-08,,0.0,3.55e-08,1 ha worked,17_chara,0.0,,0.9519542169,1.23e-09,1 ha worked,15_chara,1.1709036867870002e-09,5.300683063692901e-08
C3_2023,C3,2023,tonne,"Human toxicity, cancer - organics",CTUh,,0.5261996442,7.2800000000000005e-09,1 ha worked,13_chara,3.830733409776e-09,,0.1753998814,4.98e-08,1 ha worked,16_chara,8.734914093720001e-09,,0.5261996442,3.4000000000000003e-09,1 ha worked,11_chara,1.78907879028e-09,,0.1753998814,3.3e-08,1 ha worked,12_chara,5.7881960862e-09,,0.1753998814,3.34e-08,1 ha worked,14_chara,5.858356038760001e-09,,0.0,2e-08,1 ha worked,17_chara,0.0,,0.9519542169,6.829999999999999e-10,1 ha worked,15_chara,6.501847301426999e-10,2.6651463148878703e-08
C3_2023,C3,2023,tonne,"Human toxicity, non-cancer",CTUh,,0.5261996442,5.989999999999999e-07,1 ha worked,13_chara,3.151935868757999e-07,,0.1753998814,3.46e-06,1 ha worked,16_chara,6.06883589644e-07,,0.5261996442,8.92e-07,1 ha worked,11_chara,4.693700826264e-07,,0.1753998814,2e-06,1 ha worked,12_chara,3.507997628e-07,,0.1753998814,1.37e-06,1 ha worked,14_chara,2.40297837518e-07,,0.0,1.0700000000000001e-06,1 ha worked,17_chara,0.0,,0.9519542169,1.27e-07,1 ha worked,15_chara,1.2089818554630002e-07,2.1034430450105e-06
C3_2023,C3,2023,tonne,"Human toxicity, non-cancer - inorganics",CTUh,,0.5261996442,1.6900000000000002e-07,1 ha worked,13_chara,8.892773986980001e-08,,0.1753998814,1.12e-06,1 ha worked,16_chara,1.9644786716800002e-07,,0.5261996442,8.97e-08,1 ha worked,11_chara,4.720010808474e-08,,0.1753998814,8.100000000000001e-07,1 ha worked,12_chara,1.4207390393400001e-07,,0.1753998814,6.54e-07,1 ha worked,14_chara,1.1471152243560001e-07,,0.0,3.12e-07,1 ha worked,17_chara,0.0,,0.9519542169,1.02e-08,1 ha worked,15_chara,9.709933012380001e-09,5.990710745045201e-07
C3_2023,C3,2023,tonne,"Human toxicity, non-cancer - metals",CTUh,,0.5261996442,4.1999999999999995e-07,1 ha worked,13_chara,2.2100385056399996e-07,,0.1753998814,2.26e-06,1 ha worked,16_chara,3.96403731964e-07,,0.5261996442,7.98e-07,1 ha worked,11_chara,4.199073160716e-07,,0.1753998814,1.16e-06,1 ha worked,12_chara,2.03463862424e-07,,0.1753998814,6.99e-07,1 ha worked,14_chara,1.226045170986e-07,,0.0,7.47e-07,1 ha worked,17_chara,0.0,,0.9519542169,1.16e-07,1 ha worked,15_chara,1.104266891604e-07,1.4738099672826e-06
C3_2023,C3,2023,tonne,"Human toxicity, non-cancer - organics",CTUh,,0.5261996442,1.16e-08,1 ha worked,13_chara,6.1039158727199996e-09,,0.1753998814,8.660000000000001e-08,1 ha worked,16_chara,1.5189629729240003e-08,,0.5261996442,5.48e-09,1 ha worked,11_chara,2.883574050216e-09,,0.1753998814,3.8200000000000005e-08,1 ha worked,12_chara,6.7002754694800014e-09,,0.1753998814,2.67e-08,1 ha worked,14_chara,4.683176833380001e-09,,0.0,1.5299999999999998e-08,1 ha worked,17_chara,0.0,,0.9519542169,1.08e-09,1 ha worked,15_chara,1.028110554252e-09,3.6588682509288005e-08
C3_2023,C3,2023,tonne,Ionising radiation,kBq U-235 eq,,0.5261996442,1.72,1 ha worked,13_chara,0.905063388024,,0.1753998814,10.49,1 ha worked,16_chara,1.8399447558860003,,0.5261996442,1.27,1 ha worked,11_chara,0.668273548134,,0.1753998814,7.89,1 ha worked,12_chara,1.383905064246,,0.1753998814,4.319999999999999,1 ha worked,14_chara,0.7577274876479999,,0.0,1.75,1 ha worked,17_chara,0.0,,0.9519542169,0.115,1 ha worked,15_chara,0.1094747349435,5.664388978881501
C3_2023,C3,2023,tonne,Land use,Pt,,0.5261996442,145.23,1 ha worked,13_chara,76.41997432716599,,0.1753998814,800.14,1 ha worked,16_chara,140.34446110339601,,0.5261996442,137.54,1 ha worked,11_chara,72.373499063268,,0.1753998814,641.1899999999999,1 ha worked,12_chara,112.464649954866,,0.1753998814,418.1,1 ha worked,14_chara,73.33469041334001,,0.0,168.95000000000002,1 ha worked,17_chara,0.0,,0.9519542169,100.13,1 ha worked,15_chara,95.319175738197,570.256450600233
C3_2023,C3,2023,tonne,Ozone depletion,kg CFC11 eq,,0.5261996442,4.960000000000001e-06,1 ha worked,13_chara,2.609950235232e-06,,0.1753998814,3.03e-05,1 ha worked,16_chara,5.314616406420001e-06,,0.5261996442,4.17e-06,1 ha worked,11_chara,2.194252516314e-06,,0.1753998814,2.13e-05,1 ha worked,12_chara,3.73601747382e-06,,0.1753998814,9.97e-06,1 ha worked,14_chara,1.748736817558e-06,,0.0,3.52e-06,1 ha worked,17_chara,0.0,,0.9519542169,3.2200000000000005e-07,1 ha worked,15_chara,3.0652925784180007e-07,1.59101027071858e-05
C3_2023,C3,2023,tonne,Particulate matter,disease inc.,,0.5261996442,8.429999999999999e-07,1 ha worked,13_chara,4.4358630006059996e-07,,0.1753998814,5.39e-06,1 ha worked,16_chara,9.454053607460001e-07,,0.5261996442,6.229999999999999e-07,1 ha worked,11_chara,3.278223783365999e-07,,0.1753998814,3.6599999999999997e-06,1 ha worked,12_chara,6.41963565924e-07,,0.1753998814,2.78e-06,1 ha worked,14_chara,4.876116702920001e-07,,0.0,1.42e-06,1 ha worked,17_chara,0.0,,0.9519542169,1.22e-07,1 ha worked,15_chara,1.1613841446180002e-07,2.962527689821e-06
C3_2023,C3,2023,tonne,Photochemical ozone formation,kg NMVOC eq,,0.5261996442,0.305,1 ha worked,13_chara,0.160490891481,,0.1753998814,2.2,1 ha worked,16_chara,0.38587973908000006,,0.5261996442,0.249,1 ha worked,11_chara,0.1310237114058,,0.1753998814,1.33,1 ha worked,12_chara,0.23328184226200002,,0.1753998814,0.67,1 ha worked,14_chara,0.11751792053800002,,0.0,0.107,1 ha worked,17_chara,0.0,,0.9519542169,0.0194,1 ha worked,15_chara,0.01846791180786,1.0466620165746598
C3_2023,C3,2023,tonne,"Resource use, fossils",MJ,,0.5261996442,357.29999999999995,1 ha worked,13_chara,188.01113287265997,,0.1753998814,2174.67,1 ha worked,16_chara,381.43686008413806,,0.5261996442,273.81,1 ha worked,11_chara,144.078724578402,,0.1753998814,1630.72,1 ha worked,12_chara,286.028094596608,,0.1753998814,863.0400000000001,1 ha worked,14_chara,151.37711364345603,,0.0,337.64000000000004,1 ha worked,17_chara,0.0,,0.9519542169,23.53,1 ha worked,15_chara,22.399482723657,1173.331408498921
C3_2023,C3,2023,tonne,"Resource use, minerals and metals",kg Sb eq,,0.5261996442,0.00031400000000000004,1 ha worked,13_chara,0.0001652266882788,,0.1753998814,0.0025800000000000003,1 ha worked,16_chara,0.0004525316940120001,,0.5261996442,0.000127,1 ha worked,11_chara,6.682735481339999e-05,,0.1753998814,0.000917,1 ha worked,12_chara,0.0001608416912438,,0.1753998814,0.00062,1 ha worked,14_chara,0.00010874792646800001,,0.0,0.00037,1 ha worked,17_chara,0.0,,0.9519542169,2.91e-05,1 ha worked,15_chara,2.770186771179e-05,0.0009818772225277902
C3_2023,C3,2023,tonne,Water use,m3 depriv.,,0.5261996442,2.11,1 ha worked,13_chara,1.110281249262,,0.1753998814,12.8,1 ha worked,16_chara,2.24511848192,,0.5261996442,0.8550000000000001,1 ha worked,11_chara,0.44990069579100006,,0.1753998814,7.94,1 ha worked,12_chara,1.3926750583160001,,0.1753998814,6.409999999999999,1 ha worked,14_chara,1.1243132397739999,,0.0,3.44,1 ha worked,17_chara,0.0,,0.9519542169,0.235,1 ha worked,15_chara,0.2237092409715,6.545997966034499
C3_2024,C3,2024,tonne,Acidification,mol H+ eq,,0.4654133815,0.253,1 ha worked,13_chara,0.1177495855195,,0.1551377938,1.7899999999999998,1 ha worked,16_chara,0.27769665090199996,,0.4654133815,0.20199999999999999,1 ha worked,11_chara,0.09401350306299999,,0.1551377938,1.1,1 ha worked,12_chara,0.17065157318000002,,0.1551377938,0.5670000000000001,1 ha worked,14_chara,0.08796312908460001,,0.0,0.116,1 ha worked,17_chara,0.0,,0.5912183411,0.0167,1 ha worked,15_chara,0.009873346296370001,0.75794778804547
C3_2024,C3,2024,tonne,Climate change,kg CO2 eq,,0.4654133815,26.88,1 ha worked,13_chara,12.51031169472,,0.1551377938,165.89,1 ha worked,16_chara,25.735808613482,,0.4654133815,20.45,1 ha worked,11_chara,9.517703651675,,0.1551377938,124.18,1 ha worked,12_chara,19.265011234084003,,0.1551377938,69.64999999999999,1 ha worked,14_chara,10.80534733817,,0.0,28.27,1 ha worked,17_chara,0.0,,0.5912183411,1.93,1 ha worked,15_chara,1.141051398323,78.975233930454
C3_2024,C3,2024,tonne,Climate change - Biogenic,kg CO2 eq,,0.4654133815,0.0373,1 ha worked,13_chara,0.01735991912995,,0.1551377938,0.17600000000000002,1 ha worked,16_chara,0.027304251708800003,,0.4654133815,0.028499999999999998,1 ha worked,11_chara,0.013264281372749999,,0.1551377938,0.145,1 ha worked,12_chara,0.022494980100999998,,0.1551377938,0.0992,1 ha worked,14_chara,0.01538966914496,,0.0,0.0452,1 ha worked,17_chara,0.0,,0.5912183411,0.0211,1 ha worked,15_chara,0.01247470699721,0.10828780845467
C3_2024,C3,2024,tonne,Climate change - Fossil,kg CO2 eq,,0.4654133815,26.830000000000002,1 ha worked,13_chara,12.487041025645,,0.1551377938,165.57999999999998,1 ha worked,16_chara,25.687715897403997,,0.4654133815,20.41,1 ha worked,11_chara,9.499087116415,,0.1551377938,123.97,1 ha worked,12_chara,19.232432297386,,0.1551377938,69.50999999999999,1 ha worked,14_chara,10.783628047037999,,0.0,28.180000000000003,1 ha worked,17_chara,0.0,,0.5912183411,1.9100000000000001,1 ha worked,15_chara,1.1292270315010002,78.819131415389
C3_2024,C3,2024,tonne,Climate change - Land use and LU change,kg CO2 eq,,0.4654133815,0.0178,1 ha worked,13_chara,0.0082843581907,,0.1551377938,0.131,1 ha worked,16_chara,0.0203230509878,,0.4654133815,0.00673,1 ha worked,11_chara,0.003132232057495,,0.1551377938,0.05789999999999999,1 ha worked,12_chara,0.00898247826102,,0.1551377938,0.0494,1 ha worked,14_chara,0.00766380701372,,0.0,0.0434,1 ha worked,17_chara,0.0,,0.5912183411,0.00132,1 ha worked,15_chara,0.0007804082102520001,0.049166334720987
C3_2024,C3,2024,tonne,"Ecotoxicity, freshwater",CTUe,,0.4654133815,409.06,1 ha worked,13_chara,190.38199783639,,0.1551377938,2729.37,1 ha worked,16_chara,423.428440263906,,0.4654133815,235.92,1 ha worked,11_chara,109.80032496348,,0.1551377938,1587.99,1 ha worked,12_chara,246.35726517646202,,0.1551377938,1134.53,1 ha worked,14_chara,176.008481199914,,0.0,588.66,1 ha worked,17_chara,0.0,,0.5912183411,32.26,1 ha worked,15_chara,19.072703683886,1165.049213124038
C3_2024,C3,2024,tonne,"Ecotoxicity, freshwater - inorganics",CTUe,,0.4654133815,66.27,1 ha worked,13_chara,30.842944792005,,0.1551377938,419.04999999999995,1 ha worked,16_chara,65.01049249188999,,0.4654133815,48.84,1 ha worked,11_chara,22.730789552460003,,0.1551377938,268.34,1 ha worked,12_chara,41.629675588291995,,0.1551377938,140.05,1 ha worked,14_chara,21.727048021690003,,0.0,58.77,1 ha worked,17_chara,0.0,,0.5912183411,4.59,1 ha worked,15_chara,2.713692185649,184.65464263198598
C3_2024,C3,2024,tonne,"Ecotoxicity, freshwater - metals",CTUe,,0.4654133815,322.83,1 ha worked,13_chara,150.249401949645,,0.1551377938,2187.8900000000003,1 ha worked,16_chara,339.42442767708206,,0.4654133815,170.45000000000002,1 ha worked,11_chara,79.32971087667501,,0.1551377938,1234.5,1 ha worked,12_chara,191.51760644610002,,0.1551377938,954.07,1 ha worked,14_chara,148.01231493076602,,0.0,515.3100000000001,1 ha worked,17_chara,0.0,,0.5912183411,26.36,1 ha worked,15_chara,15.584515471396001,924.1179773516641
C3_2024,C3,2024,tonne,"Ecotoxicity, freshwater - organics",CTUe,,0.4654133815,19.96,1 ha worked,13_chara,9.28965109474,,0.1551377938,122.43,1 ha worked,16_chara,18.993520094934002,,0.4654133815,16.64,1 ha worked,11_chara,7.74447866816,,0.1551377938,85.15,1 ha worked,12_chara,13.209983142070001,,0.1551377938,40.410000000000004,1 ha worked,14_chara,6.2691182474580005,,0.0,14.58,1 ha worked,17_chara,0.0,,0.5912183411,1.31,1 ha worked,15_chara,0.774496026841,56.281247274203004
C3_2024,C3,2024,tonne,"Eutrophication, freshwater",kg P eq,,0.4654133815,0.00346,1 ha worked,13_chara,0.00161033029999,,0.1551377938,0.0236,1 ha worked,16_chara,0.00366125193368,,0.4654133815,0.0014600000000000001,1 ha worked,11_chara,0.00067950353699,,0.1551377938,0.0129,1 ha worked,12_chara,0.00200127754002,,0.1551377938,0.0116,1 ha worked,14_chara,0.00179959840808,,0.0,0.00685,1 ha worked,17_chara,0.0,,0.5912183411,0.000272,1 ha worked,15_chara,0.0001608113887792,0.0099127731075392
C3_2024,C3,2024,tonne,"Eutrophication, marine",kg N eq,,0.4654133815,0.1,1 ha worked,13_chara,0.04654133815,,0.1551377938,0.729,1 ha worked,16_chara,0.11309545168020001,,0.4654133815,0.08460000000000001,1 ha worked,11_chara,0.0393739720749,,0.1551377938,0.444,1 ha worked,12_chara,0.0688811804472,,0.1551377938,0.213,1 ha worked,14_chara,0.0330443500794,,0.0,0.0206,1 ha worked,17_chara,0.0,,0.5912183411,0.0064600000000000005,1 ha worked,15_chara,0.0038192704835060005,0.304755562915206
C3_2024,C3,2024,tonne,"Eutrophication, terrestrial",mol N eq,,0.4654133815,1.1,1 ha worked,13_chara,0.5119547196500001,,0.1551377938,7.97,1 ha worked,16_chara,1.236448216586,,0.4654133815,0.927,1 ha worked,11_chara,0.43143820465050003,,0.1551377938,4.86,1 ha worked,12_chara,0.7539696778680001,,0.1551377938,2.33,1 ha worked,14_chara,0.36147105955400005,,0.0,0.21800000000000003,1 ha worked,17_chara,0.0,,0.5912183411,0.0704,1 ha worked,15_chara,0.041621771213440004,3.3369036495219397
C3_2024,C3,2024,tonne,"Human toxicity, cancer",CTUh,,0.4654133815,1.96e-08,1 ha worked,13_chara,9.1221022774e-09,,0.1551377938,1.34e-07,1 ha worked,16_chara,2.0788464369200002e-08,,0.4654133815,1.13e-08,1 ha worked,11_chara,5.25917121095e-09,,0.1551377938,1.03e-07,1 ha worked,12_chara,1.59791927614e-08,,0.1551377938,1.14e-07,1 ha worked,14_chara,1.76857084932e-08,,0.0,5.54e-08,1 ha worked,17_chara,0.0,,0.5912183411,1.91e-09,1 ha worked,15_chara,1.129227031501e-09,6.9963866143651e-08
C3_2024,C3,2024,tonne,"Human toxicity, cancer - inorganics",CTUh,,0.4654133815,3.85e-17,1 ha worked,13_chara,1.7918415187749998e-17,,0.1551377938,2.22e-16,1 ha worked,16_chara,3.44405902236e-17,,0.4654133815,1.8099999999999998e-17,1 ha worked,11_chara,8.42398220515e-18,,0.1551377938,1.5199999999999998e-16,1 ha worked,12_chara,2.3580944657599998e-17,,0.1551377938,1.3300000000000002e-16,1 ha worked,14_chara,2.0633326575400003e-17,,0.0,7.46e-17,1 ha worked,17_chara,0.0,,0.5912183411,2.89e-18,1 ha worked,15_chara,1.7086210057790001e-18,1.06705879855279e-16
C3_2024,C3,2024,tonne,"Human toxicity, cancer - metals",CTUh,,0.4654133815,1.23e-08,1 ha worked,13_chara,5.72458459245e-09,,0.1551377938,8.47e-08,1 ha worked,16_chara,1.314017113486e-08,,0.4654133815,7.91e-09,1 ha worked,11_chara,3.6814198476649997e-09,,0.1551377938,6.970000000000001e-08,1 ha worked,12_chara,1.0813104227860001e-08,,0.1551377938,8.050000000000001e-08,1 ha worked,14_chara,1.2488592400900003e-08,,0.0,3.55e-08,1 ha worked,17_chara,0.0,,0.5912183411,1.23e-09,1 ha worked,15_chara,7.271985595530001e-10,4.6575070763288005e-08
C3_2024,C3,2024,tonne,"Human toxicity, cancer - organics",CTUh,,0.4654133815,7.2800000000000005e-09,1 ha worked,13_chara,3.3882094173200003e-09,,0.1551377938,4.98e-08,1 ha worked,16_chara,7.725862131240001e-09,,0.4654133815,3.4000000000000003e-09,1 ha worked,11_chara,1.5824054971e-09,,0.1551377938,3.3e-08,1 ha worked,12_chara,5.1195471954e-09,,0.1551377938,3.34e-08,1 ha worked,14_chara,5.181602312920001e-09,,0.0,2e-08,1 ha worked,17_chara,0.0,,0.5912183411,6.829999999999999e-10,1 ha worked,15_chara,4.0380212697129997e-10,2.34014286809513e-08
C3_2024,C3,2024,tonne,"Human toxicity, non-cancer",CTUh,,0.4654133815,5.989999999999999e-07,1 ha worked,13_chara,2.7878261551849996e-07,,0.1551377938,3.46e-06,1 ha worked,16_chara,5.36776766548e-07,,0.4654133815,8.92e-07,1 ha worked,11_chara,4.15148736298e-07,,0.1551377938,2e-06,1 ha worked,12_chara,3.102755876e-07,,0.1551377938,1.37e-06,1 ha worked,14_chara,2.1253877750600002e-07,,0.0,1.0700000000000001e-06,1 ha worked,17_chara,0.0,,0.5912183411,1.27e-07,1 ha worked,15_chara,7.508472931970001e-08,1.8286072127902e-06
C3_2024,C3,2024,tonne,"Human toxicity, non-cancer - inorganics",CTUh,,0.4654133815,1.6900000000000002e-07,1 ha worked,13_chara,7.86548614735e-08,,0.1551377938,1.12e-06,1 ha worked,16_chara,1.7375432905600003e-07,,0.4654133815,8.97e-08,1 ha worked,11_chara,4.174758032055e-08,,0.1551377938,8.100000000000001e-07,1 ha worked,12_chara,1.2566161297800002e-07,,0.1551377938,6.54e-07,1 ha worked,14_chara,1.014601171452e-07,,0.0,3.12e-07,1 ha worked,17_chara,0.0,,0.5912183411,1.02e-08,1 ha worked,15_chara,6.030427079220001e-09,5.273089280524701e-07
C3_2024,C3,2024,tonne,"Human toxicity, non-cancer - metals",CTUh,,0.4654133815,4.1999999999999995e-07,1 ha worked,13_chara,1.9547362022999998e-07,,0.1551377938,2.26e-06,1 ha worked,16_chara,3.50611413988e-07,,0.4654133815,7.98e-07,1 ha worked,11_chara,3.71399878437e-07,,0.1551377938,1.16e-06,1 ha worked,12_chara,1.7995984080799998e-07,,0.1551377938,6.99e-07,1 ha worked,14_chara,1.084413178662e-07,,0.0,7.47e-07,1 ha worked,17_chara,0.0,,0.5912183411,1.16e-07,1 ha worked,15_chara,6.858132756760001e-08,1.2744673988967999e-06
C3_2024,C3,2024,tonne,"Human toxicity, non-cancer - organics",CTUh,,0.4654133815,1.16e-08,1 ha worked,13_chara,5.3987952253999995e-09,,0.1551377938,8.660000000000001e-08,1 ha worked,16_chara,1.3434932943080002e-08,,0.4654133815,5.48e-09,1 ha worked,11_chara,2.55046533062e-09,,0.1551377938,3.8200000000000005e-08,1 ha worked,12_chara,5.926263723160001e-09,,0.1551377938,2.67e-08,1 ha worked,14_chara,4.14217909446e-09,,0.0,1.5299999999999998e-08,1 ha worked,17_chara,0.0,,0.5912183411,1.08e-09,1 ha worked,15_chara,6.385158083880001e-10,3.2091152125108005e-08
C3_2024,C3,2024,tonne,Ionising radiation,kBq U-235 eq,,0.4654133815,1.72,1 ha worked,13_chara,0.80051101618,,0.1551377938,10.49,1 ha worked,16_chara,1.6273954569620002,,0.4654133815,1.27,1 ha worked,11_chara,0.591074994505,,0.1551377938,7.89,1 ha worked,12_chara,1.224037193082,,0.1551377938,4.319999999999999,1 ha worked,14_chara,0.6701952692159999,,0.0,1.75,1 ha worked,17_chara,0.0,,0.5912183411,0.115,1 ha worked,15_chara,0.0679901092265,4.981204039171501
C3_2024,C3,2024,tonne,Land use,Pt,,0.4654133815,145.23,1 ha worked,13_chara,67.59198539524499,,0.1551377938,800.14,1 ha worked,16_chara,124.13195433113201,,0.4654133815,137.54,1 ha worked,11_chara,64.01295649151,,0.1551377938,641.1899999999999,1 ha worked,12_chara,99.47280200662199,,0.1551377938,418.1,1 ha worked,14_chara,64.86311158778001,,0.0,168.95000000000002,1 ha worked,17_chara,0.0,,0.5912183411,100.13,1 ha worked,15_chara,59.198692494343,479.271502306632
C3_2024,C3,2024,tonne,Ozone depletion,kg CFC11 eq,,0.4654133815,4.960000000000001e-06,1 ha worked,13_chara,2.3084503722400004e-06,,0.1551377938,3.03e-05,1 ha worked,16_chara,4.70067515214e-06,,0.4654133815,4.17e-06,1 ha worked,11_chara,1.940773800855e-06,,0.1551377938,2.13e-05,1 ha worked,12_chara,3.30443500794e-06,,0.1551377938,9.97e-06,1 ha worked,14_chara,1.546723804186e-06,,0.0,3.52e-06,1 ha worked,17_chara,0.0,,0.5912183411,3.2200000000000005e-07,1 ha worked,15_chara,1.9037230583420005e-07,1.39914304431952e-05
C3_2024,C3,2024,tonne,Particulate matter,disease inc.,,0.4654133815,8.429999999999999e-07,1 ha worked,13_chara,3.9234348060449994e-07,,0.1551377938,5.39e-06,1 ha worked,16_chara,8.361927085820001e-07,,0.4654133815,6.229999999999999e-07,1 ha worked,11_chara,2.8995253667449997e-07,,0.1551377938,3.6599999999999997e-06,1 ha worked,12_chara,5.678043253079999e-07,,0.1551377938,2.78e-06,1 ha worked,14_chara,4.3128306676400004e-07,,0.0,1.42e-06,1 ha worked,17_chara,0.0,,0.5912183411,1.22e-07,1 ha worked,15_chara,7.21286376142e-08,2.5897047555471997e-06
C3_2024,C3,2024,tonne,Photochemical ozone formation,kg NMVOC eq,,0.4654133815,0.305,1 ha worked,13_chara,0.1419510813575,,0.1551377938,2.2,1 ha worked,16_chara,0.34130314636000003,,0.4654133815,0.249,1 ha worked,11_chara,0.1158879319935,,0.1551377938,1.33,1 ha worked,12_chara,0.20633326575400002,,0.1551377938,0.67,1 ha worked,14_chara,0.10394232184600001,,0.0,0.107,1 ha worked,17_chara,0.0,,0.5912183411,0.0194,1 ha worked,15_chara,0.011469635817340002,0.9208873831283401
C3_2024,C3,2024,tonne,"Resource use, fossils",MJ,,0.4654133815,357.29999999999995,1 ha worked,13_chara,166.29220120994998,,0.1551377938,2174.67,1 ha worked,16_chara,337.373506043046,,0.4654133815,273.81,1 ha worked,11_chara,127.434837988515,,0.1551377938,1630.72,1 ha worked,12_chara,252.98630310553602,,0.1551377938,863.0400000000001,1 ha worked,14_chara,133.89012156115203,,0.0,337.64000000000004,1 ha worked,17_chara,0.0,,0.5912183411,23.53,1 ha worked,15_chara,13.911367566083001,1031.888337474282
C3_2024,C3,2024,tonne,"Resource use, minerals and metals",kg Sb eq,,0.4654133815,0.00031400000000000004,1 ha worked,13_chara,0.000146139801791,,0.1551377938,0.0025800000000000003,1 ha worked,16_chara,0.00040025550800400005,,0.4654133815,0.000127,1 ha worked,11_chara,5.9107499450499996e-05,,0.1551377938,0.000917,1 ha worked,12_chara,0.0001422613569146,,0.1551377938,0.00062,1 ha worked,14_chara,9.6185432156e-05,,0.0,0.00037,1 ha worked,17_chara,0.0,,0.5912183411,2.91e-05,1 ha worked,15_chara,1.720445372601e-05,0.0008611540520421102
C3_2024,C3,2024,tonne,Water use,m3 depriv.,,0.4654133815,2.11,1 ha worked,13_chara,0.982022234965,,0.1551377938,12.8,1 ha worked,16_chara,1.9857637606400003,,0.4654133815,0.8550000000000001,1 ha worked,11_chara,0.39792844118250004,,0.1551377938,7.94,1 ha worked,12_chara,1.2317940827720002,,0.1551377938,6.409999999999999,1 ha worked,14_chara,0.9944332582579999,,0.0,3.44,1 ha worked,17_chara,0.0,,0.5912183411,0.235,1 ha worked,15_chara,0.1389363101585,5.730878087976
C4_2022,C4,2022,tonne,Acidification,mol H+ eq,,0.7629832063,0.253,1 ha worked,13_chara,0.1930347511939,,0.2762430939,1.7899999999999998,1 ha worked,16_chara,0.49447513808099997,,0.8287292818,0.20199999999999999,1 ha worked,11_chara,0.1674033149236,,0.2762430939,1.1,1 ha worked,12_chara,0.30386740329000006,,0.2762430939,0.5670000000000001,1 ha worked,14_chara,0.15662983424130003,,0.0,0.116,1 ha worked,17_chara,0.0,,1.8944731657,0.0167,1 ha worked,15_chara,0.03163770186719,1.34704814359699
C4_2022,C4,2022,tonne,Climate change,kg CO2 eq,,0.7629832063,26.88,1 ha worked,13_chara,20.508988585344,,0.2762430939,165.89,1 ha worked,16_chara,45.825966847071,,0.8287292818,20.45,1 ha worked,11_chara,16.94751381281,,0.2762430939,124.18,1 ha worked,12_chara,34.30386740050201,,0.2762430939,69.64999999999999,1 ha worked,14_chara,19.240331490135,,0.0,28.27,1 ha worked,17_chara,0.0,,1.8944731657,1.93,1 ha worked,15_chara,3.6563332098009997,140.483001345663
C4_2022,C4,2022,tonne,Climate change - Biogenic,kg CO2 eq,,0.7629832063,0.0373,1 ha worked,13_chara,0.028459273594990002,,0.2762430939,0.17600000000000002,1 ha worked,16_chara,0.048618784526400005,,0.8287292818,0.028499999999999998,1 ha worked,11_chara,0.0236187845313,,0.2762430939,0.145,1 ha worked,12_chara,0.0400552486155,,0.2762430939,0.0992,1 ha worked,14_chara,0.02740331491488,,0.0,0.0452,1 ha worked,17_chara,0.0,,1.8944731657,0.0211,1 ha worked,15_chara,0.03997338379627,0.20812878997934
C4_2022,C4,2022,tonne,Climate change - Fossil,kg CO2 eq,,0.7629832063,26.830000000000002,1 ha worked,13_chara,20.470839425029002,,0.2762430939,165.57999999999998,1 ha worked,16_chara,45.740331487961996,,0.8287292818,20.41,1 ha worked,11_chara,16.914364641538,,0.2762430939,123.97,1 ha worked,12_chara,34.245856350783,,0.2762430939,69.50999999999999,1 ha worked,14_chara,19.201657456988997,,0.0,28.180000000000003,1 ha worked,17_chara,0.0,,1.8944731657,1.9100000000000001,1 ha worked,15_chara,3.6184437464870003,140.191493108788
C4_2022,C4,2022,tonne,Climate change - Land use and LU change,kg CO2 eq,,0.7629832063,0.0178,1 ha worked,13_chara,0.01358110107214,,0.2762430939,0.131,1 ha worked,16_chara,0.0361878453009,,0.8287292818,0.00673,1 ha worked,11_chara,0.005577348066514,,0.2762430939,0.05789999999999999,1 ha worked,12_chara,0.01599447513681,,0.2762430939,0.0494,1 ha worked,14_chara,0.013646408838660001,,0.0,0.0434,1 ha worked,17_chara,0.0,,1.8944731657,0.00132,1 ha worked,15_chara,0.002500704578724,0.087487882993748
C4_2022,C4,2022,tonne,"Ecotoxicity, freshwater",CTUe,,0.7629832063,409.06,1 ha worked,13_chara,312.105910369078,,0.2762430939,2729.37,1 ha worked,16_chara,753.969613197843,,0.8287292818,235.92,1 ha worked,11_chara,195.513812162256,,0.2762430939,1587.99,1 ha worked,12_chara,438.671270682261,,0.2762430939,1134.53,1 ha worked,14_chara,313.406077322367,,0.0,588.66,1 ha worked,17_chara,0.0,,1.8944731657,32.26,1 ha worked,15_chara,61.115704325482,2074.782388059287
C4_2022,C4,2022,tonne,"Ecotoxicity, freshwater - inorganics",CTUe,,0.7629832063,66.27,1 ha worked,13_chara,50.562897081501,,0.2762430939,419.04999999999995,1 ha worked,16_chara,115.759668498795,,0.8287292818,48.84,1 ha worked,11_chara,40.475138123112,,0.2762430939,268.34,1 ha worked,12_chara,74.127071817126,,0.2762430939,140.05,1 ha worked,14_chara,38.687845300695,,0.0,58.77,1 ha worked,17_chara,0.0,,1.8944731657,4.59,1 ha worked,15_chara,8.695631830563,328.30825265179203
C4_2022,C4,2022,tonne,"Ecotoxicity, freshwater - metals",CTUe,,0.7629832063,322.83,1 ha worked,13_chara,246.313868489829,,0.2762430939,2187.8900000000003,1 ha worked,16_chara,604.3895027128711,,0.8287292818,170.45000000000002,1 ha worked,11_chara,141.25690608281002,,0.2762430939,1234.5,1 ha worked,12_chara,341.02209941955005,,0.2762430939,954.07,1 ha worked,14_chara,263.55524859717303,,0.0,515.3100000000001,1 ha worked,17_chara,0.0,,1.8944731657,26.36,1 ha worked,15_chara,49.938312647852,1646.4759379500852
C4_2022,C4,2022,tonne,"Ecotoxicity, freshwater - organics",CTUe,,0.7629832063,19.96,1 ha worked,13_chara,15.229144797748,,0.2762430939,122.43,1 ha worked,16_chara,33.820441986177,,0.8287292818,16.64,1 ha worked,11_chara,13.790055249152001,,0.2762430939,85.15,1 ha worked,12_chara,23.522099445585003,,0.2762430939,40.410000000000004,1 ha worked,14_chara,11.162983424499002,,0.0,14.58,1 ha worked,17_chara,0.0,,1.8944731657,1.31,1 ha worked,15_chara,2.481759847067,100.006484750228
C4_2022,C4,2022,tonne,"Eutrophication, freshwater",kg P eq,,0.7629832063,0.00346,1 ha worked,13_chara,0.002639921893798,,0.2762430939,0.0236,1 ha worked,16_chara,0.00651933701604,,0.8287292818,0.0014600000000000001,1 ha worked,11_chara,0.0012099447514280002,,0.2762430939,0.0129,1 ha worked,12_chara,0.00356353591131,,0.2762430939,0.0116,1 ha worked,14_chara,0.00320441988924,,0.0,0.00685,1 ha worked,17_chara,0.0,,1.8944731657,0.000272,1 ha worked,15_chara,0.0005152967010704,0.017652456162886403
C4_2022,C4,2022,tonne,"Eutrophication, marine",kg N eq,,0.7629832063,0.1,1 ha worked,13_chara,0.07629832063000001,,0.2762430939,0.729,1 ha worked,16_chara,0.2013812154531,,0.8287292818,0.08460000000000001,1 ha worked,11_chara,0.07011049724028001,,0.2762430939,0.444,1 ha worked,12_chara,0.1226519336916,,0.2762430939,0.213,1 ha worked,14_chara,0.058839779000700004,,0.0,0.0206,1 ha worked,17_chara,0.0,,1.8944731657,0.0064600000000000005,1 ha worked,15_chara,0.012238296650422,0.541520042666102
C4_2022,C4,2022,tonne,"Eutrophication, terrestrial",mol N eq,,0.7629832063,1.1,1 ha worked,13_chara,0.8392815269300001,,0.2762430939,7.97,1 ha worked,16_chara,2.201657458383,,0.8287292818,0.927,1 ha worked,11_chara,0.7682320442286,,0.2762430939,4.86,1 ha worked,12_chara,1.3425414363540003,,0.2762430939,2.33,1 ha worked,14_chara,0.6436464087870001,,0.0,0.21800000000000003,1 ha worked,17_chara,0.0,,1.8944731657,0.0704,1 ha worked,15_chara,0.13337091086528,5.9287297855478815
C4_2022,C4,2022,tonne,"Human toxicity, cancer",CTUh,,0.7629832063,1.96e-08,1 ha worked,13_chara,1.4954470843480002e-08,,0.2762430939,1.34e-07,1 ha worked,16_chara,3.7016574582600004e-08,,0.8287292818,1.13e-08,1 ha worked,11_chara,9.364640884340001e-09,,0.2762430939,1.03e-07,1 ha worked,12_chara,2.84530386717e-08,,0.2762430939,1.14e-07,1 ha worked,14_chara,3.14917127046e-08,,0.0,5.54e-08,1 ha worked,17_chara,0.0,,1.8944731657,1.91e-09,1 ha worked,15_chara,3.6184437464869996e-09,1.24898881433207e-07
C4_2022,C4,2022,tonne,"Human toxicity, cancer - inorganics",CTUh,,0.7629832063,3.85e-17,1 ha worked,13_chara,2.937485344255e-17,,0.2762430939,2.22e-16,1 ha worked,16_chara,6.132596684580001e-17,,0.8287292818,1.8099999999999998e-17,1 ha worked,11_chara,1.5000000000579998e-17,,0.2762430939,1.5199999999999998e-16,1 ha worked,12_chara,4.19889502728e-17,,0.2762430939,1.3300000000000002e-16,1 ha worked,14_chara,3.6740331488700006e-17,,0.0,7.46e-17,1 ha worked,17_chara,0.0,,1.8944731657,2.89e-18,1 ha worked,15_chara,5.4750274488730005e-18,1.8990512949930303e-16
C4_2022,C4,2022,tonne,"Human toxicity, cancer - metals",CTUh,,0.7629832063,1.23e-08,1 ha worked,13_chara,9.38469343749e-09,,0.2762430939,8.47e-08,1 ha worked,16_chara,2.339779005333e-08,,0.8287292818,7.91e-09,1 ha worked,11_chara,6.555248619038e-09,,0.2762430939,6.970000000000001e-08,1 ha worked,12_chara,1.9254143644830004e-08,,0.2762430939,8.050000000000001e-08,1 ha worked,14_chara,2.2237569058950004e-08,,0.0,3.55e-08,1 ha worked,17_chara,0.0,,1.8944731657,1.23e-09,1 ha worked,15_chara,2.3302019938110002e-09,8.3159646807449e-08
C4_2022,C4,2022,tonne,"Human toxicity, cancer - organics",CTUh,,0.7629832063,7.2800000000000005e-09,1 ha worked,13_chara,5.5545177418640005e-09,,0.2762430939,4.98e-08,1 ha worked,16_chara,1.3756906076220002e-08,,0.8287292818,3.4000000000000003e-09,1 ha worked,11_chara,2.8176795581200003e-09,,0.2762430939,3.3e-08,1 ha worked,12_chara,9.1160220987e-09,,0.2762430939,3.34e-08,1 ha worked,14_chara,9.226519336260001e-09,,0.0,2e-08,1 ha worked,17_chara,0.0,,1.8944731657,6.829999999999999e-10,1 ha worked,15_chara,1.2939251721731e-09,4.17655699833371e-08
C4_2022,C4,2022,tonne,"Human toxicity, non-cancer",CTUh,,0.7629832063,5.989999999999999e-07,1 ha worked,13_chara,4.5702694057369994e-07,,0.2762430939,3.46e-06,1 ha worked,16_chara,9.55801104894e-07,,0.8287292818,8.92e-07,1 ha worked,11_chara,7.392265193656001e-07,,0.2762430939,2e-06,1 ha worked,12_chara,5.524861878e-07,,0.2762430939,1.37e-06,1 ha worked,14_chara,3.7845303864300003e-07,,0.0,1.0700000000000001e-06,1 ha worked,17_chara,0.0,,1.8944731657,1.27e-07,1 ha worked,15_chara,2.405980920439e-07,3.3235918833202e-06
C4_2022,C4,2022,tonne,"Human toxicity, non-cancer - inorganics",CTUh,,0.7629832063,1.6900000000000002e-07,1 ha worked,13_chara,1.289441618647e-07,,0.2762430939,1.12e-06,1 ha worked,16_chara,3.0939226516800004e-07,,0.8287292818,8.97e-08,1 ha worked,11_chara,7.433701657746e-08,,0.2762430939,8.100000000000001e-07,1 ha worked,12_chara,2.2375690605900004e-07,,0.2762430939,6.54e-07,1 ha worked,14_chara,1.8066298341060001e-07,,0.0,3.12e-07,1 ha worked,17_chara,0.0,,1.8944731657,1.02e-08,1 ha worked,15_chara,1.932362629014e-08,9.364169593699002e-07
C4_2022,C4,2022,tonne,"Human toxicity, non-cancer - metals",CTUh,,0.7629832063,4.1999999999999995e-07,1 ha worked,13_chara,3.20452946646e-07,,0.2762430939,2.26e-06,1 ha worked,16_chara,6.24309392214e-07,,0.8287292818,7.98e-07,1 ha worked,11_chara,6.613259668764001e-07,,0.2762430939,1.16e-06,1 ha worked,12_chara,3.20441988924e-07,,0.2762430939,6.99e-07,1 ha worked,14_chara,1.9309392263610002e-07,,0.0,7.47e-07,1 ha worked,17_chara,0.0,,1.8944731657,1.16e-07,1 ha worked,15_chara,2.1975888722120002e-07,2.3393831045177e-06
C4_2022,C4,2022,tonne,"Human toxicity, non-cancer - organics",CTUh,,0.7629832063,1.16e-08,1 ha worked,13_chara,8.85060519308e-09,,0.2762430939,8.660000000000001e-08,1 ha worked,16_chara,2.3922651931740004e-08,,0.8287292818,5.48e-09,1 ha worked,11_chara,4.541436464264e-09,,0.2762430939,3.8200000000000005e-08,1 ha worked,12_chara,1.0552486186980002e-08,,0.2762430939,2.67e-08,1 ha worked,14_chara,7.375690607130001e-09,,0.0,1.5299999999999998e-08,1 ha worked,17_chara,0.0,,1.8944731657,1.08e-09,1 ha worked,15_chara,2.046031018956e-09,5.7288901402150004e-08
C4_2022,C4,2022,tonne,Ionising radiation,kBq U-235 eq,,0.7629832063,1.72,1 ha worked,13_chara,1.312331114836,,0.2762430939,10.49,1 ha worked,16_chara,2.8977900550110003,,0.8287292818,1.27,1 ha worked,11_chara,1.0524861878860001,,0.2762430939,7.89,1 ha worked,12_chara,2.179558010871,,0.2762430939,4.319999999999999,1 ha worked,14_chara,1.1933701656479998,,0.0,1.75,1 ha worked,17_chara,0.0,,1.8944731657,0.115,1 ha worked,15_chara,0.2178644140555,8.8533999483075
C4_2022,C4,2022,tonne,Land use,Pt,,0.7629832063,145.23,1 ha worked,13_chara,110.808051050949,,0.2762430939,800.14,1 ha worked,16_chara,221.033149153146,,0.8287292818,137.54,1 ha worked,11_chara,113.983425418772,,0.2762430939,641.1899999999999,1 ha worked,12_chara,177.12430937774099,,0.2762430939,418.1,1 ha worked,14_chara,115.49723755959002,,0.0,168.95000000000002,1 ha worked,17_chara,0.0,,1.8944731657,100.13,1 ha worked,15_chara,189.69359808154098,928.139770641739
C4_2022,C4,2022,tonne,Ozone depletion,kg CFC11 eq,,0.7629832063,4.960000000000001e-06,1 ha worked,13_chara,3.784396703248001e-06,,0.2762430939,3.03e-05,1 ha worked,16_chara,8.370165745170001e-06,,0.8287292818,4.17e-06,1 ha worked,11_chara,3.455801105106e-06,,0.2762430939,2.13e-05,1 ha worked,12_chara,5.88397790007e-06,,0.2762430939,9.97e-06,1 ha worked,14_chara,2.754143646183e-06,,0.0,3.52e-06,1 ha worked,17_chara,0.0,,1.8944731657,3.2200000000000005e-07,1 ha worked,15_chara,6.100203593554001e-07,2.48585054591324e-05
C4_2022,C4,2022,tonne,Particulate matter,disease inc.,,0.7629832063,8.429999999999999e-07,1 ha worked,13_chara,6.431948429108999e-07,,0.2762430939,5.39e-06,1 ha worked,16_chara,1.488950276121e-06,,0.8287292818,6.229999999999999e-07,1 ha worked,11_chara,5.162983425613999e-07,,0.2762430939,3.6599999999999997e-06,1 ha worked,12_chara,1.011049723674e-06,,0.2762430939,2.78e-06,1 ha worked,14_chara,7.679558010420001e-07,,0.0,1.42e-06,1 ha worked,17_chara,0.0,,1.8944731657,1.22e-07,1 ha worked,15_chara,2.3112572621540002e-07,4.6585747125247e-06
C4_2022,C4,2022,tonne,Photochemical ozone formation,kg NMVOC eq,,0.7629832063,0.305,1 ha worked,13_chara,0.2327098779215,,0.2762430939,2.2,1 ha worked,16_chara,0.6077348065800001,,0.8287292818,0.249,1 ha worked,11_chara,0.2063535911682,,0.2762430939,1.33,1 ha worked,12_chara,0.36740331488700007,,0.2762430939,0.67,1 ha worked,14_chara,0.18508287291300002,,0.0,0.107,1 ha worked,17_chara,0.0,,1.8944731657,0.0194,1 ha worked,15_chara,0.03675277941458,1.6360372428842804
C4_2022,C4,2022,tonne,"Resource use, fossils",MJ,,0.7629832063,357.29999999999995,1 ha worked,13_chara,272.61389961098996,,0.2762430939,2174.67,1 ha worked,16_chara,600.7375690115131,,0.8287292818,273.81,1 ha worked,11_chara,226.914364649658,,0.2762430939,1630.72,1 ha worked,12_chara,450.47513808460803,,0.2762430939,863.0400000000001,1 ha worked,14_chara,238.40883975945604,,0.0,337.64000000000004,1 ha worked,17_chara,0.0,,1.8944731657,23.53,1 ha worked,15_chara,44.576953588921,1833.726764705146
C4_2022,C4,2022,tonne,"Resource use, minerals and metals",kg Sb eq,,0.7629832063,0.00031400000000000004,1 ha worked,13_chara,0.00023957672677820004,,0.2762430939,0.0025800000000000003,1 ha worked,16_chara,0.0007127071822620001,,0.8287292818,0.000127,1 ha worked,11_chara,0.00010524861878860001,,0.2762430939,0.000917,1 ha worked,12_chara,0.0002533149171063,,0.2762430939,0.00062,1 ha worked,14_chara,0.000171270718218,,0.0,0.00037,1 ha worked,17_chara,0.0,,1.8944731657,2.91e-05,1 ha worked,15_chara,5.512916912187e-05,0.0015372473322749702
C4_2022,C4,2022,tonne,Water use,m3 depriv.,,0.7629832063,2.11,1 ha worked,13_chara,1.609894565293,,0.2762430939,12.8,1 ha worked,16_chara,3.5359116019200005,,0.8287292818,0.8550000000000001,1 ha worked,11_chara,0.7085635359390001,,0.2762430939,7.94,1 ha worked,12_chara,2.1933701655660003,,0.2762430939,6.409999999999999,1 ha worked,14_chara,1.7707182318989998,,0.0,3.44,1 ha worked,17_chara,0.0,,1.8944731657,0.235,1 ha worked,15_chara,0.4452011939395,10.2636592945565
C4_2023,C4,2023,tonne,Acidification,mol H+ eq,,0.6660805555,0.253,1 ha worked,13_chara,0.1685183805415,,0.2220268518,1.7899999999999998,1 ha worked,16_chara,0.397428064722,,0.6660805555,0.20199999999999999,1 ha worked,11_chara,0.134548272211,,0.2220268518,1.1,1 ha worked,12_chara,0.24422953698000002,,0.2220268518,0.5670000000000001,1 ha worked,14_chara,0.1258892249706,,0.0,0.116,1 ha worked,17_chara,0.0,,0.65862999,0.0167,1 ha worked,15_chara,0.010999120833,1.0816126002581001
C4_2023,C4,2023,tonne,Climate change,kg CO2 eq,,0.6660805555,26.88,1 ha worked,13_chara,17.90424533184,,0.2220268518,165.89,1 ha worked,16_chara,36.832034445101996,,0.6660805555,20.45,1 ha worked,11_chara,13.621347359975,,0.2220268518,124.18,1 ha worked,12_chara,27.571294456524,,0.2220268518,69.64999999999999,1 ha worked,14_chara,15.46417022787,,0.0,28.27,1 ha worked,17_chara,0.0,,0.65862999,1.93,1 ha worked,15_chara,1.2711558806999999,112.664247702011
C4_2023,C4,2023,tonne,Climate change - Biogenic,kg CO2 eq,,0.6660805555,0.0373,1 ha worked,13_chara,0.02484480472015,,0.2220268518,0.17600000000000002,1 ha worked,16_chara,0.039076725916800004,,0.6660805555,0.028499999999999998,1 ha worked,11_chara,0.01898329583175,,0.2220268518,0.145,1 ha worked,12_chara,0.032193893511,,0.2220268518,0.0992,1 ha worked,14_chara,0.02202506369856,,0.0,0.0452,1 ha worked,17_chara,0.0,,0.65862999,0.0211,1 ha worked,15_chara,0.013897092789,0.15102087646726
C4_2023,C4,2023,tonne,Climate change - Fossil,kg CO2 eq,,0.6660805555,26.830000000000002,1 ha worked,13_chara,17.870941304065003,,0.2220268518,165.57999999999998,1 ha worked,16_chara,36.763206121044,,0.6660805555,20.41,1 ha worked,11_chara,13.594704137755,,0.2220268518,123.97,1 ha worked,12_chara,27.524668817646,,0.2220268518,69.50999999999999,1 ha worked,14_chara,15.433086468617999,,0.0,28.180000000000003,1 ha worked,17_chara,0.0,,0.65862999,1.9100000000000001,1 ha worked,15_chara,1.2579832809,112.44459013002802
C4_2023,C4,2023,tonne,Climate change - Land use and LU change,kg CO2 eq,,0.6660805555,0.0178,1 ha worked,13_chara,0.0118562338879,,0.2220268518,0.131,1 ha worked,16_chara,0.029085517585800004,,0.6660805555,0.00673,1 ha worked,11_chara,0.0044827221385149996,,0.2220268518,0.05789999999999999,1 ha worked,12_chara,0.012855354719219999,,0.2220268518,0.0494,1 ha worked,14_chara,0.01096812647892,,0.0,0.0434,1 ha worked,17_chara,0.0,,0.65862999,0.00132,1 ha worked,15_chara,0.0008693915868,0.070117346397155
C4_2023,C4,2023,tonne,"Ecotoxicity, freshwater",CTUe,,0.6660805555,409.06,1 ha worked,13_chara,272.46691203283,,0.2220268518,2729.37,1 ha worked,16_chara,605.993428497366,,0.6660805555,235.92,1 ha worked,11_chara,157.14172465356,,0.2220268518,1587.99,1 ha worked,12_chara,352.576420389882,,0.2220268518,1134.53,1 ha worked,14_chara,251.896124172654,,0.0,588.66,1 ha worked,17_chara,0.0,,0.65862999,32.26,1 ha worked,15_chara,21.2474034774,1661.3220132236922
C4_2023,C4,2023,tonne,"Ecotoxicity, freshwater - inorganics",CTUe,,0.6660805555,66.27,1 ha worked,13_chara,44.141158412985,,0.2220268518,419.04999999999995,1 ha worked,16_chara,93.04035224679,,0.6660805555,48.84,1 ha worked,11_chara,32.531374330620004,,0.2220268518,268.34,1 ha worked,12_chara,59.578685412012,,0.2220268518,140.05,1 ha worked,14_chara,31.094860594590003,,0.0,58.77,1 ha worked,17_chara,0.0,,0.65862999,4.59,1 ha worked,15_chara,3.0231116541,263.40954265109696
C4_2023,C4,2023,tonne,"Ecotoxicity, freshwater - metals",CTUe,,0.6660805555,322.83,1 ha worked,13_chara,215.030785732065,,0.2220268518,2187.8900000000003,1 ha worked,16_chara,485.7703287847021,,0.6660805555,170.45000000000002,1 ha worked,11_chara,113.53343068497502,,0.2220268518,1234.5,1 ha worked,12_chara,274.0921485471,,0.2220268518,954.07,1 ha worked,14_chara,211.829158496826,,0.0,515.3100000000001,1 ha worked,17_chara,0.0,,0.65862999,26.36,1 ha worked,15_chara,17.3614865364,1317.617338782068
C4_2023,C4,2023,tonne,"Ecotoxicity, freshwater - organics",CTUe,,0.6660805555,19.96,1 ha worked,13_chara,13.29496788778,,0.2220268518,122.43,1 ha worked,16_chara,27.182747465874,,0.6660805555,16.64,1 ha worked,11_chara,11.08358044352,,0.2220268518,85.15,1 ha worked,12_chara,18.90558643077,,0.2220268518,40.410000000000004,1 ha worked,14_chara,8.972105081238,,0.0,14.58,1 ha worked,17_chara,0.0,,0.65862999,1.31,1 ha worked,15_chara,0.8628052869,80.30179259608201
C4_2023,C4,2023,tonne,"Eutrophication, freshwater",kg P eq,,0.6660805555,0.00346,1 ha worked,13_chara,0.00230463872203,,0.2220268518,0.0236,1 ha worked,16_chara,0.00523983370248,,0.6660805555,0.0014600000000000001,1 ha worked,11_chara,0.0009724776110300001,,0.2220268518,0.0129,1 ha worked,12_chara,0.00286414638822,,0.2220268518,0.0116,1 ha worked,14_chara,0.00257551148088,,0.0,0.00685,1 ha worked,17_chara,0.0,,0.65862999,0.000272,1 ha worked,15_chara,0.00017914735728,0.01413575526192
C4_2023,C4,2023,tonne,"Eutrophication, marine",kg N eq,,0.6660805555,0.1,1 ha worked,13_chara,0.06660805555,,0.2220268518,0.729,1 ha worked,16_chara,0.1618575749622,,0.6660805555,0.08460000000000001,1 ha worked,11_chara,0.056350414995300004,,0.2220268518,0.444,1 ha worked,12_chara,0.0985799221992,,0.2220268518,0.213,1 ha worked,14_chara,0.0472917194334,,0.0,0.0206,1 ha worked,17_chara,0.0,,0.65862999,0.0064600000000000005,1 ha worked,15_chara,0.0042547497354,0.43494243687550005
C4_2023,C4,2023,tonne,"Eutrophication, terrestrial",mol N eq,,0.6660805555,1.1,1 ha worked,13_chara,0.73268861105,,0.2220268518,7.97,1 ha worked,16_chara,1.769554008846,,0.6660805555,0.927,1 ha worked,11_chara,0.6174566749485,,0.2220268518,4.86,1 ha worked,12_chara,1.0790504997480002,,0.2220268518,2.33,1 ha worked,14_chara,0.5173225646940001,,0.0,0.21800000000000003,1 ha worked,17_chara,0.0,,0.65862999,0.0704,1 ha worked,15_chara,0.046367551296,4.762439910582501
C4_2023,C4,2023,tonne,"Human toxicity, cancer",CTUh,,0.6660805555,1.96e-08,1 ha worked,13_chara,1.30551788878e-08,,0.2220268518,1.34e-07,1 ha worked,16_chara,2.9751598141200003e-08,,0.6660805555,1.13e-08,1 ha worked,11_chara,7.52671027715e-09,,0.2220268518,1.03e-07,1 ha worked,12_chara,2.28687657354e-08,,0.2220268518,1.14e-07,1 ha worked,14_chara,2.53110611052e-08,,0.0,5.54e-08,1 ha worked,17_chara,0.0,,0.65862999,1.91e-09,1 ha worked,15_chara,1.2579832809e-09,9.977129742765e-08
C4_2023,C4,2023,tonne,"Human toxicity, cancer - inorganics",CTUh,,0.6660805555,3.85e-17,1 ha worked,13_chara,2.564410138675e-17,,0.2220268518,2.22e-16,1 ha worked,16_chara,4.9289961099600004e-17,,0.6660805555,1.8099999999999998e-17,1 ha worked,11_chara,1.2056058054549999e-17,,0.2220268518,1.5199999999999998e-16,1 ha worked,12_chara,3.37480814736e-17,,0.2220268518,1.3300000000000002e-16,1 ha worked,14_chara,2.95295712894e-17,,0.0,7.46e-17,1 ha worked,17_chara,0.0,,0.65862999,2.89e-18,1 ha worked,15_chara,1.9034406711e-18,1.5217121397500004e-16
C4_2023,C4,2023,tonne,"Human toxicity, cancer - metals",CTUh,,0.6660805555,1.23e-08,1 ha worked,13_chara,8.192790832649999e-09,,0.2220268518,8.47e-08,1 ha worked,16_chara,1.880567434746e-08,,0.6660805555,7.91e-09,1 ha worked,11_chara,5.2686971940049996e-09,,0.2220268518,6.970000000000001e-08,1 ha worked,12_chara,1.5475271570460002e-08,,0.2220268518,8.050000000000001e-08,1 ha worked,14_chara,1.7873161569900002e-08,,0.0,3.55e-08,1 ha worked,17_chara,0.0,,0.65862999,1.23e-09,1 ha worked,15_chara,8.101148877000001e-10,6.6425710402175e-08
C4_2023,C4,2023,tonne,"Human toxicity, cancer - organics",CTUh,,0.6660805555,7.2800000000000005e-09,1 ha worked,13_chara,4.8490664440400005e-09,,0.2220268518,4.98e-08,1 ha worked,16_chara,1.1056937219640002e-08,,0.6660805555,3.4000000000000003e-09,1 ha worked,11_chara,2.2646738887e-09,,0.2220268518,3.3e-08,1 ha worked,12_chara,7.3268861093999995e-09,,0.2220268518,3.34e-08,1 ha worked,14_chara,7.415696850120001e-09,,0.0,2e-08,1 ha worked,17_chara,0.0,,0.65862999,6.829999999999999e-10,1 ha worked,15_chara,4.4984428316999993e-10,3.336310479507e-08
C4_2023,C4,2023,tonne,"Human toxicity, non-cancer",CTUh,,0.6660805555,5.989999999999999e-07,1 ha worked,13_chara,3.9898225274449993e-07,,0.2220268518,3.46e-06,1 ha worked,16_chara,7.68212907228e-07,,0.6660805555,8.92e-07,1 ha worked,11_chara,5.94143855506e-07,,0.2220268518,2e-06,1 ha worked,12_chara,4.440537036e-07,,0.2220268518,1.37e-06,1 ha worked,14_chara,3.04176786966e-07,,0.0,1.0700000000000001e-06,1 ha worked,17_chara,0.0,,0.65862999,1.27e-07,1 ha worked,15_chara,8.364600873e-08,2.5932155147745e-06
C4_2023,C4,2023,tonne,"Human toxicity, non-cancer - inorganics",CTUh,,0.6660805555,1.6900000000000002e-07,1 ha worked,13_chara,1.1256761387950002e-07,,0.2220268518,1.12e-06,1 ha worked,16_chara,2.4867007401600005e-07,,0.6660805555,8.97e-08,1 ha worked,11_chara,5.974742582835e-08,,0.2220268518,8.100000000000001e-07,1 ha worked,12_chara,1.7984174995800003e-07,,0.2220268518,6.54e-07,1 ha worked,14_chara,1.4520556107720002e-07,,0.0,3.12e-07,1 ha worked,17_chara,0.0,,0.65862999,1.02e-08,1 ha worked,15_chara,6.718025898e-09,7.527504506570501e-07
C4_2023,C4,2023,tonne,"Human toxicity, non-cancer - metals",CTUh,,0.6660805555,4.1999999999999995e-07,1 ha worked,13_chara,2.7975383330999996e-07,,0.2220268518,2.26e-06,1 ha worked,16_chara,5.01780685068e-07,,0.6660805555,7.98e-07,1 ha worked,11_chara,5.31532283289e-07,,0.2220268518,1.16e-06,1 ha worked,12_chara,2.57551148088e-07,,0.2220268518,6.99e-07,1 ha worked,14_chara,1.551967694082e-07,,0.0,7.47e-07,1 ha worked,17_chara,0.0,,0.65862999,1.16e-07,1 ha worked,15_chara,7.640107884000001e-08,1.8022157980032e-06
C4_2023,C4,2023,tonne,"Human toxicity, non-cancer - organics",CTUh,,0.6660805555,1.16e-08,1 ha worked,13_chara,7.7265344438e-09,,0.2220268518,8.660000000000001e-08,1 ha worked,16_chara,1.9227525365880004e-08,,0.6660805555,5.48e-09,1 ha worked,11_chara,3.65012144414e-09,,0.2220268518,3.8200000000000005e-08,1 ha worked,12_chara,8.481425738760001e-09,,0.2220268518,2.67e-08,1 ha worked,14_chara,5.9281169430600004e-09,,0.0,1.5299999999999998e-08,1 ha worked,17_chara,0.0,,0.65862999,1.08e-09,1 ha worked,15_chara,7.113203892e-10,4.572504432484001e-08
C4_2023,C4,2023,tonne,Ionising radiation,kBq U-235 eq,,0.6660805555,1.72,1 ha worked,13_chara,1.14565855546,,0.2220268518,10.49,1 ha worked,16_chara,2.329061675382,,0.6660805555,1.27,1 ha worked,11_chara,0.845922305485,,0.2220268518,7.89,1 ha worked,12_chara,1.751791860702,,0.2220268518,4.319999999999999,1 ha worked,14_chara,0.9591559997759999,,0.0,1.75,1 ha worked,17_chara,0.0,,0.65862999,0.115,1 ha worked,15_chara,0.07574244885,7.107332845655
C4_2023,C4,2023,tonne,Land use,Pt,,0.6660805555,145.23,1 ha worked,13_chara,96.734879075265,,0.2220268518,800.14,1 ha worked,16_chara,177.652565199252,,0.6660805555,137.54,1 ha worked,11_chara,91.61271960347,,0.2220268518,641.1899999999999,1 ha worked,12_chara,142.361397105642,,0.2220268518,418.1,1 ha worked,14_chara,92.82942673758001,,0.0,168.95000000000002,1 ha worked,17_chara,0.0,,0.65862999,100.13,1 ha worked,15_chara,65.9486208987,667.139608619909
C4_2023,C4,2023,tonne,Ozone depletion,kg CFC11 eq,,0.6660805555,4.960000000000001e-06,1 ha worked,13_chara,3.3037595552800007e-06,,0.2220268518,3.03e-05,1 ha worked,16_chara,6.72741360954e-06,,0.6660805555,4.17e-06,1 ha worked,11_chara,2.7775559164349998e-06,,0.2220268518,2.13e-05,1 ha worked,12_chara,4.72917194334e-06,,0.2220268518,9.97e-06,1 ha worked,14_chara,2.213607712446e-06,,0.0,3.52e-06,1 ha worked,17_chara,0.0,,0.65862999,3.2200000000000005e-07,1 ha worked,15_chara,2.1207885678000004e-07,1.9963587593821e-05
C4_2023,C4,2023,tonne,Particulate matter,disease inc.,,0.6660805555,8.429999999999999e-07,1 ha worked,13_chara,5.615059082865e-07,,0.2220268518,5.39e-06,1 ha worked,16_chara,1.1967247312020001e-06,,0.6660805555,6.229999999999999e-07,1 ha worked,11_chara,4.1496818607649994e-07,,0.2220268518,3.6599999999999997e-06,1 ha worked,12_chara,8.12618277588e-07,,0.2220268518,2.78e-06,1 ha worked,14_chara,6.17234648004e-07,,0.0,1.42e-06,1 ha worked,17_chara,0.0,,0.65862999,1.22e-07,1 ha worked,15_chara,8.035285878000001e-08,3.6834046099370004e-06
C4_2023,C4,2023,tonne,Photochemical ozone formation,kg NMVOC eq,,0.6660805555,0.305,1 ha worked,13_chara,0.2031545694275,,0.2220268518,2.2,1 ha worked,16_chara,0.48845907396000005,,0.6660805555,0.249,1 ha worked,11_chara,0.1658540583195,,0.2220268518,1.33,1 ha worked,12_chara,0.29529571289400003,,0.2220268518,0.67,1 ha worked,14_chara,0.14875799070600002,,0.0,0.107,1 ha worked,17_chara,0.0,,0.65862999,0.0194,1 ha worked,15_chara,0.012777421806,1.3142988271129998
C4_2023,C4,2023,tonne,"Resource use, fossils",MJ,,0.6660805555,357.29999999999995,1 ha worked,13_chara,237.99058248014998,,0.2220268518,2174.67,1 ha worked,16_chara,482.83513380390605,,0.6660805555,273.81,1 ha worked,11_chara,182.379516901455,,0.2220268518,1630.72,1 ha worked,12_chara,362.063627767296,,0.2220268518,863.0400000000001,1 ha worked,14_chara,191.61805417747203,,0.0,337.64000000000004,1 ha worked,17_chara,0.0,,0.65862999,23.53,1 ha worked,15_chara,15.497563664700001,1472.384478794979
C4_2023,C4,2023,tonne,"Resource use, minerals and metals",kg Sb eq,,0.6660805555,0.00031400000000000004,1 ha worked,13_chara,0.00020914929442700003,,0.2220268518,0.0025800000000000003,1 ha worked,16_chara,0.0005728292776440001,,0.6660805555,0.000127,1 ha worked,11_chara,8.45922305485e-05,,0.2220268518,0.000917,1 ha worked,12_chara,0.0002035986231006,,0.2220268518,0.00062,1 ha worked,14_chara,0.000137656648116,,0.0,0.00037,1 ha worked,17_chara,0.0,,0.65862999,2.91e-05,1 ha worked,15_chara,1.9166132709e-05,0.0012269922065451001
C4_2023,C4,2023,tonne,Water use,m3 depriv.,,0.6660805555,2.11,1 ha worked,13_chara,1.4054299721049999,,0.2220268518,12.8,1 ha worked,16_chara,2.84194370304,,0.6660805555,0.8550000000000001,1 ha worked,11_chara,0.5694988749525001,,0.2220268518,7.94,1 ha worked,12_chara,1.7628932032920002,,0.2220268518,6.409999999999999,1 ha worked,14_chara,1.4231921200379998,,0.0,3.44,1 ha worked,17_chara,0.0,,0.65862999,0.235,1 ha worked,15_chara,0.15477804765,8.1577359210775
C4_2024,C4,2024,tonne,Acidification,mol H+ eq,,0.3626467286,0.253,1 ha worked,13_chara,0.0917496223358,,0.1208822429,1.7899999999999998,1 ha worked,16_chara,0.216379214791,,0.3626467286,0.20199999999999999,1 ha worked,11_chara,0.0732546391772,,0.1208822429,1.1,1 ha worked,12_chara,0.13297046719000002,,0.2417644857,0.5670000000000001,1 ha worked,14_chara,0.13708046339190003,,0.0,0.116,1 ha worked,17_chara,0.0,,0.5950931026,0.0167,1 ha worked,15_chara,0.00993805481342,0.6613724616993201
C4_2024,C4,2024,tonne,Climate change,kg CO2 eq,,0.3626467286,26.88,1 ha worked,13_chara,9.747944064768001,,0.1208822429,165.89,1 ha worked,16_chara,20.053155274681,,0.3626467286,20.45,1 ha worked,11_chara,7.41612559987,,0.1208822429,124.18,1 ha worked,12_chara,15.011156923322002,,0.2417644857,69.64999999999999,1 ha worked,14_chara,16.838896429004997,,0.0,28.27,1 ha worked,17_chara,0.0,,0.5950931026,1.93,1 ha worked,15_chara,1.148529688018,70.215807979664
C4_2024,C4,2024,tonne,Climate change - Biogenic,kg CO2 eq,,0.3626467286,0.0373,1 ha worked,13_chara,0.01352672297678,,0.1208822429,0.17600000000000002,1 ha worked,16_chara,0.021275274750400003,,0.3626467286,0.028499999999999998,1 ha worked,11_chara,0.0103354317651,,0.1208822429,0.145,1 ha worked,12_chara,0.0175279252205,,0.2417644857,0.0992,1 ha worked,14_chara,0.023983036981439998,,0.0,0.0452,1 ha worked,17_chara,0.0,,0.5950931026,0.0211,1 ha worked,15_chara,0.012556464464860001,0.09920485615908001
C4_2024,C4,2024,tonne,Climate change - Fossil,kg CO2 eq,,0.3626467286,26.830000000000002,1 ha worked,13_chara,9.729811728338001,,0.1208822429,165.57999999999998,1 ha worked,16_chara,20.015681779382,,0.3626467286,20.41,1 ha worked,11_chara,7.401619730726001,,0.1208822429,123.97,1 ha worked,12_chara,14.985771652313,,0.2417644857,69.50999999999999,1 ha worked,14_chara,16.805049401006997,,0.0,28.180000000000003,1 ha worked,17_chara,0.0,,0.5950931026,1.9100000000000001,1 ha worked,15_chara,1.136627825966,70.074562117732
C4_2024,C4,2024,tonne,Climate change - Land use and LU change,kg CO2 eq,,0.3626467286,0.0178,1 ha worked,13_chara,0.0064551117690800006,,0.1208822429,0.131,1 ha worked,16_chara,0.0158355738199,,0.3626467286,0.00673,1 ha worked,11_chara,0.0024406124834780002,,0.1208822429,0.05789999999999999,1 ha worked,12_chara,0.00699908186391,,0.2417644857,0.0494,1 ha worked,14_chara,0.01194316559358,,0.0,0.0434,1 ha worked,17_chara,0.0,,0.5950931026,0.00132,1 ha worked,15_chara,0.000785522895432,0.04445906842538
C4_2024,C4,2024,tonne,"Ecotoxicity, freshwater",CTUe,,0.3626467286,409.06,1 ha worked,13_chara,148.344270801116,,0.1208822429,2729.37,1 ha worked,16_chara,329.932367303973,,0.3626467286,235.92,1 ha worked,11_chara,85.555616211312,,0.1208822429,1587.99,1 ha worked,12_chara,191.959792902771,,0.2417644857,1134.53,1 ha worked,14_chara,274.289061961221,,0.0,588.66,1 ha worked,17_chara,0.0,,0.5950931026,32.26,1 ha worked,15_chara,19.197703489875998,1049.278812670269
C4_2024,C4,2024,tonne,"Ecotoxicity, freshwater - inorganics",CTUe,,0.3626467286,66.27,1 ha worked,13_chara,24.032598704322,,0.1208822429,419.04999999999995,1 ha worked,16_chara,50.655703887245,,0.3626467286,48.84,1 ha worked,11_chara,17.711666224824004,,0.1208822429,268.34,1 ha worked,12_chara,32.437541059786,,0.2417644857,140.05,1 ha worked,14_chara,33.859116222285,,0.0,58.77,1 ha worked,17_chara,0.0,,0.5950931026,4.59,1 ha worked,15_chara,2.731477340934,161.42810343939598
C4_2024,C4,2024,tonne,"Ecotoxicity, freshwater - metals",CTUe,,0.3626467286,322.83,1 ha worked,13_chara,117.073243393938,,0.1208822429,2187.8900000000003,1 ha worked,16_chara,264.47705041848104,,0.3626467286,170.45000000000002,1 ha worked,11_chara,61.81313488987001,,0.1208822429,1234.5,1 ha worked,12_chara,149.22912886005,,0.2417644857,954.07,1 ha worked,14_chara,230.66024287179903,,0.0,515.3100000000001,1 ha worked,17_chara,0.0,,0.5950931026,26.36,1 ha worked,15_chara,15.686654184536,838.9394546186741
C4_2024,C4,2024,tonne,"Ecotoxicity, freshwater - organics",CTUe,,0.3626467286,19.96,1 ha worked,13_chara,7.238428702856001,,0.1208822429,122.43,1 ha worked,16_chara,14.799612998247001,,0.3626467286,16.64,1 ha worked,11_chara,6.034441563904001,,0.1208822429,85.15,1 ha worked,12_chara,10.293122982935001,,0.2417644857,40.410000000000004,1 ha worked,14_chara,9.769702867137001,,0.0,14.58,1 ha worked,17_chara,0.0,,0.5950931026,1.31,1 ha worked,15_chara,0.7795719644060001,48.914881079485006
C4_2024,C4,2024,tonne,"Eutrophication, freshwater",kg P eq,,0.3626467286,0.00346,1 ha worked,13_chara,0.0012547576809560001,,0.1208822429,0.0236,1 ha worked,16_chara,0.00285282093244,,0.3626467286,0.0014600000000000001,1 ha worked,11_chara,0.0005294642237560001,,0.1208822429,0.0129,1 ha worked,12_chara,0.00155938093341,,0.2417644857,0.0116,1 ha worked,14_chara,0.00280446803412,,0.0,0.00685,1 ha worked,17_chara,0.0,,0.5950931026,0.000272,1 ha worked,15_chara,0.00016186532390720002,0.0091627571285892
C4_2024,C4,2024,tonne,"Eutrophication, marine",kg N eq,,0.3626467286,0.1,1 ha worked,13_chara,0.036264672860000007,,0.1208822429,0.729,1 ha worked,16_chara,0.0881231550741,,0.3626467286,0.08460000000000001,1 ha worked,11_chara,0.030679913239560003,,0.1208822429,0.444,1 ha worked,12_chara,0.053671715847600006,,0.2417644857,0.213,1 ha worked,14_chara,0.0514958354541,,0.0,0.0206,1 ha worked,17_chara,0.0,,0.5950931026,0.0064600000000000005,1 ha worked,15_chara,0.0038443014427960004,0.26407959391815605
C4_2024,C4,2024,tonne,"Eutrophication, terrestrial",mol N eq,,0.3626467286,1.1,1 ha worked,13_chara,0.39891140146000004,,0.1208822429,7.97,1 ha worked,16_chara,0.963431475913,,0.3626467286,0.927,1 ha worked,11_chara,0.33617351741220003,,0.1208822429,4.86,1 ha worked,12_chara,0.5874877004940001,,0.2417644857,2.33,1 ha worked,14_chara,0.563311251681,,0.0,0.21800000000000003,1 ha worked,17_chara,0.0,,0.5950931026,0.0704,1 ha worked,15_chara,0.041894554423040006,2.8912099013832404
C4_2024,C4,2024,tonne,"Human toxicity, cancer",CTUh,,0.3626467286,1.96e-08,1 ha worked,13_chara,7.107875880560001e-09,,0.1208822429,1.34e-07,1 ha worked,16_chara,1.61982205486e-08,,0.3626467286,1.13e-08,1 ha worked,11_chara,4.09790803318e-09,,0.1208822429,1.03e-07,1 ha worked,12_chara,1.24508710187e-08,,0.2417644857,1.14e-07,1 ha worked,14_chara,2.75611513698e-08,,0.0,5.54e-08,1 ha worked,17_chara,0.0,,0.5950931026,1.91e-09,1 ha worked,15_chara,1.1366278259659999e-09,6.8552654676806e-08
C4_2024,C4,2024,tonne,"Human toxicity, cancer - inorganics",CTUh,,0.3626467286,3.85e-17,1 ha worked,13_chara,1.3961899051099998e-17,,0.1208822429,2.22e-16,1 ha worked,16_chara,2.6835857923800002e-17,,0.3626467286,1.8099999999999998e-17,1 ha worked,11_chara,6.563905787659999e-18,,0.1208822429,1.5199999999999998e-16,1 ha worked,12_chara,1.8374100920799998e-17,,0.2417644857,1.3300000000000002e-16,1 ha worked,14_chara,3.21546765981e-17,,0.0,7.46e-17,1 ha worked,17_chara,0.0,,0.5950931026,2.89e-18,1 ha worked,15_chara,1.7198190665140002e-18,9.961025934797399e-17
C4_2024,C4,2024,tonne,"Human toxicity, cancer - metals",CTUh,,0.3626467286,1.23e-08,1 ha worked,13_chara,4.4605547617800004e-09,,0.1208822429,8.47e-08,1 ha worked,16_chara,1.023872597363e-08,,0.3626467286,7.91e-09,1 ha worked,11_chara,2.868535623226e-09,,0.1208822429,6.970000000000001e-08,1 ha worked,12_chara,8.425492330130002e-09,,0.2417644857,8.050000000000001e-08,1 ha worked,14_chara,1.9462041098850005e-08,,0.0,3.55e-08,1 ha worked,17_chara,0.0,,0.5950931026,1.23e-09,1 ha worked,15_chara,7.319645161980001e-10,4.618731430381401e-08
C4_2024,C4,2024,tonne,"Human toxicity, cancer - organics",CTUh,,0.3626467286,7.2800000000000005e-09,1 ha worked,13_chara,2.6400681842080003e-09,,0.1208822429,4.98e-08,1 ha worked,16_chara,6.019935696420001e-09,,0.3626467286,3.4000000000000003e-09,1 ha worked,11_chara,1.2329988772400002e-09,,0.1208822429,3.3e-08,1 ha worked,12_chara,3.9891140157e-09,,0.2417644857,3.34e-08,1 ha worked,14_chara,8.07493382238e-09,,0.0,2e-08,1 ha worked,17_chara,0.0,,0.5950931026,6.829999999999999e-10,1 ha worked,15_chara,4.064485890758e-10,2.2363499185023802e-08
C4_2024,C4,2024,tonne,"Human toxicity, non-cancer",CTUh,,0.3626467286,5.989999999999999e-07,1 ha worked,13_chara,2.1722539043139997e-07,,0.1208822429,3.46e-06,1 ha worked,16_chara,4.18252560434e-07,,0.3626467286,8.92e-07,1 ha worked,11_chara,3.2348088191120004e-07,,0.1208822429,2e-06,1 ha worked,12_chara,2.417644858e-07,,0.2417644857,1.37e-06,1 ha worked,14_chara,3.31217345409e-07,,0.0,1.0700000000000001e-06,1 ha worked,17_chara,0.0,,0.5950931026,1.27e-07,1 ha worked,15_chara,7.55768240302e-08,1.6075174880158001e-06
C4_2024,C4,2024,tonne,"Human toxicity, non-cancer - inorganics",CTUh,,0.3626467286,1.6900000000000002e-07,1 ha worked,13_chara,6.128729713340002e-08,,0.1208822429,1.12e-06,1 ha worked,16_chara,1.35388112048e-07,,0.3626467286,8.97e-08,1 ha worked,11_chara,3.2529411555420006e-08,,0.1208822429,8.100000000000001e-07,1 ha worked,12_chara,9.791461674900001e-08,,0.2417644857,6.54e-07,1 ha worked,14_chara,1.5811397364780002e-07,,0.0,3.12e-07,1 ha worked,17_chara,0.0,,0.5950931026,1.02e-08,1 ha worked,15_chara,6.06994964652e-09,4.913033607801401e-07
C4_2024,C4,2024,tonne,"Human toxicity, non-cancer - metals",CTUh,,0.3626467286,4.1999999999999995e-07,1 ha worked,13_chara,1.5231162601199998e-07,,0.1208822429,2.26e-06,1 ha worked,16_chara,2.73193868954e-07,,0.3626467286,7.98e-07,1 ha worked,11_chara,2.893920894228e-07,,0.1208822429,1.16e-06,1 ha worked,12_chara,1.40223401764e-07,,0.2417644857,6.99e-07,1 ha worked,14_chara,1.689933755043e-07,,0.0,7.47e-07,1 ha worked,17_chara,0.0,,0.5950931026,1.16e-07,1 ha worked,15_chara,6.90307999016e-08,1.0931451615587002e-06
C4_2024,C4,2024,tonne,"Human toxicity, non-cancer - organics",CTUh,,0.3626467286,1.16e-08,1 ha worked,13_chara,4.20670205176e-09,,0.1208822429,8.660000000000001e-08,1 ha worked,16_chara,1.0468402235140001e-08,,0.3626467286,5.48e-09,1 ha worked,11_chara,1.987304072728e-09,,0.1208822429,3.8200000000000005e-08,1 ha worked,12_chara,4.617701678780001e-09,,0.2417644857,2.67e-08,1 ha worked,14_chara,6.45511176819e-09,,0.0,1.5299999999999998e-08,1 ha worked,17_chara,0.0,,0.5950931026,1.08e-09,1 ha worked,15_chara,6.42700550808e-10,2.8377922357406e-08
C4_2024,C4,2024,tonne,Ionising radiation,kBq U-235 eq,,0.3626467286,1.72,1 ha worked,13_chara,0.623752373192,,0.1208822429,10.49,1 ha worked,16_chara,1.2680547280210002,,0.3626467286,1.27,1 ha worked,11_chara,0.46056134532200005,,0.1208822429,7.89,1 ha worked,12_chara,0.953760896481,,0.2417644857,4.319999999999999,1 ha worked,14_chara,1.044422578224,,0.0,1.75,1 ha worked,17_chara,0.0,,0.5950931026,0.115,1 ha worked,15_chara,0.068435706799,4.418987628039
C4_2024,C4,2024,tonne,Land use,Pt,,0.3626467286,145.23,1 ha worked,13_chara,52.667184394578,,0.1208822429,800.14,1 ha worked,16_chara,96.722717834006,,0.3626467286,137.54,1 ha worked,11_chara,49.878431051644,,0.1208822429,641.1899999999999,1 ha worked,12_chara,77.508485325051,,0.2417644857,418.1,1 ha worked,14_chara,101.08173147117,,0.0,168.95000000000002,1 ha worked,17_chara,0.0,,0.5950931026,100.13,1 ha worked,15_chara,59.586672363338,437.44522243978696
C4_2024,C4,2024,tonne,Ozone depletion,kg CFC11 eq,,0.3626467286,4.960000000000001e-06,1 ha worked,13_chara,1.7987277738560004e-06,,0.1208822429,3.03e-05,1 ha worked,16_chara,3.6627319598700003e-06,,0.3626467286,4.17e-06,1 ha worked,11_chara,1.512236858262e-06,,0.1208822429,2.13e-05,1 ha worked,12_chara,2.57479177377e-06,,0.2417644857,9.97e-06,1 ha worked,14_chara,2.4103919224289997e-06,,0.0,3.52e-06,1 ha worked,17_chara,0.0,,0.5950931026,3.2200000000000005e-07,1 ha worked,15_chara,1.9161997903720004e-07,1.21505002672242e-05
C4_2024,C4,2024,tonne,Particulate matter,disease inc.,,0.3626467286,8.429999999999999e-07,1 ha worked,13_chara,3.057111922098e-07,,0.1208822429,5.39e-06,1 ha worked,16_chara,6.51555289231e-07,,0.3626467286,6.229999999999999e-07,1 ha worked,11_chara,2.259289119178e-07,,0.1208822429,3.6599999999999997e-06,1 ha worked,12_chara,4.42429009014e-07,,0.2417644857,2.78e-06,1 ha worked,14_chara,6.72105270246e-07,,0.0,1.42e-06,1 ha worked,17_chara,0.0,,0.5950931026,1.22e-07,1 ha worked,15_chara,7.26013585172e-08,2.3703310311358e-06
C4_2024,C4,2024,tonne,Photochemical ozone formation,kg NMVOC eq,,0.3626467286,0.305,1 ha worked,13_chara,0.11060725222300001,,0.1208822429,2.2,1 ha worked,16_chara,0.26594093438000005,,0.3626467286,0.249,1 ha worked,11_chara,0.09029903542140001,,0.1208822429,1.33,1 ha worked,12_chara,0.160773383057,,0.2417644857,0.67,1 ha worked,14_chara,0.16198220541900002,,0.0,0.107,1 ha worked,17_chara,0.0,,0.5950931026,0.0194,1 ha worked,15_chara,0.011544806190440002,0.80114761669084
C4_2024,C4,2024,tonne,"Resource use, fossils",MJ,,0.3626467286,357.29999999999995,1 ha worked,13_chara,129.57367612878,,0.1208822429,2174.67,1 ha worked,16_chara,262.87898716734304,,0.3626467286,273.81,1 ha worked,11_chara,99.29630075796601,,0.1208822429,1630.72,1 ha worked,12_chara,197.12509114188802,,0.2417644857,863.0400000000001,1 ha worked,14_chara,208.65242173852803,,0.0,337.64000000000004,1 ha worked,17_chara,0.0,,0.5950931026,23.53,1 ha worked,15_chara,14.002540704178001,911.5290176386831
C4_2024,C4,2024,tonne,"Resource use, minerals and metals",kg Sb eq,,0.3626467286,0.00031400000000000004,1 ha worked,13_chara,0.00011387107278040003,,0.1208822429,0.0025800000000000003,1 ha worked,16_chara,0.00031187618668200004,,0.3626467286,0.000127,1 ha worked,11_chara,4.6056134532200004e-05,,0.1208822429,0.000917,1 ha worked,12_chara,0.0001108490167393,,0.2417644857,0.00062,1 ha worked,14_chara,0.000149893981134,,0.0,0.00037,1 ha worked,17_chara,0.0,,0.5950931026,2.91e-05,1 ha worked,15_chara,1.731720928566e-05,0.00074986360115356
C4_2024,C4,2024,tonne,Water use,m3 depriv.,,0.3626467286,2.11,1 ha worked,13_chara,0.765184597346,,0.1208822429,12.8,1 ha worked,16_chara,1.5472927091200002,,0.3626467286,0.8550000000000001,1 ha worked,11_chara,0.31006295295300007,,0.1208822429,7.94,1 ha worked,12_chara,0.959805008626,,0.2417644857,6.409999999999999,1 ha worked,14_chara,1.5497103533369998,,0.0,3.44,1 ha worked,17_chara,0.0,,0.5950931026,0.235,1 ha worked,15_chara,0.139846879111,5.271902500493
C5_2022,C5,2022,tonne,Acidification,mol H+ eq,,0.5010628606,0.253,1 ha worked,13_chara,0.12676890373180003,,0.1670209535,1.7899999999999998,1 ha worked,16_chara,0.298967506765,,0.5010628606,0.20199999999999999,1 ha worked,11_chara,0.1012146978412,,0.1670209535,1.1,1 ha worked,12_chara,0.18372304885000004,,0.1670209535,0.5670000000000001,1 ha worked,14_chara,0.09470088063450002,,0.0,0.116,1 ha worked,17_chara,0.0,,0.6213646663,0.0167,1 ha worked,15_chara,0.010376789927209999,0.81575182774971
C5_2022,C5,2022,tonne,Climate change,kg CO2 eq,,0.5010628606,26.88,1 ha worked,13_chara,13.468569692928002,,0.1670209535,165.89,1 ha worked,16_chara,27.707105976115,,0.5010628606,20.45,1 ha worked,11_chara,10.24673549927,,0.1670209535,124.18,1 ha worked,12_chara,20.740662005630004,,0.1670209535,69.64999999999999,1 ha worked,14_chara,11.633009411275,,0.0,28.27,1 ha worked,17_chara,0.0,,0.6213646663,1.93,1 ha worked,15_chara,1.199233805959,84.995316391177
C5_2022,C5,2022,tonne,Climate change - Biogenic,kg CO2 eq,,0.5010628606,0.0373,1 ha worked,13_chara,0.018689644700380002,,0.1670209535,0.17600000000000002,1 ha worked,16_chara,0.029395687816000004,,0.5010628606,0.028499999999999998,1 ha worked,11_chara,0.0142802915271,,0.1670209535,0.145,1 ha worked,12_chara,0.0242180382575,,0.1670209535,0.0992,1 ha worked,14_chara,0.0165684785872,,0.0,0.0452,1 ha worked,17_chara,0.0,,0.6213646663,0.0211,1 ha worked,15_chara,0.01311079445893,0.11626293534711
C5_2022,C5,2022,tonne,Climate change - Fossil,kg CO2 eq,,0.5010628606,26.830000000000002,1 ha worked,13_chara,13.443516549898002,,0.1670209535,165.57999999999998,1 ha worked,16_chara,27.65532948053,,0.5010628606,20.41,1 ha worked,11_chara,10.226692984846,,0.1670209535,123.97,1 ha worked,12_chara,20.705587605395003,,0.1670209535,69.50999999999999,1 ha worked,14_chara,11.609626477785,,0.0,28.180000000000003,1 ha worked,17_chara,0.0,,0.6213646663,1.9100000000000001,1 ha worked,15_chara,1.186806512633,84.827559611087
C5_2022,C5,2022,tonne,Climate change - Land use and LU change,kg CO2 eq,,0.5010628606,0.0178,1 ha worked,13_chara,0.008918918918680002,,0.1670209535,0.131,1 ha worked,16_chara,0.021879744908500004,,0.5010628606,0.00673,1 ha worked,11_chara,0.003372153051838,,0.1670209535,0.05789999999999999,1 ha worked,12_chara,0.00967051320765,,0.1670209535,0.0494,1 ha worked,14_chara,0.0082508351029,,0.0,0.0434,1 ha worked,17_chara,0.0,,0.6213646663,0.00132,1 ha worked,15_chara,0.000820201359516,0.052912366549084
C5_2022,C5,2022,tonne,"Ecotoxicity, freshwater",CTUe,,0.5010628606,409.06,1 ha worked,13_chara,204.96477375703603,,0.1670209535,2729.37,1 ha worked,16_chara,455.86197985429504,,0.5010628606,235.92,1 ha worked,11_chara,118.210750072752,,0.1670209535,1587.99,1 ha worked,12_chara,265.227603948465,,0.1670209535,1134.53,1 ha worked,14_chara,189.49028237435502,,0.0,588.66,1 ha worked,17_chara,0.0,,0.6213646663,32.26,1 ha worked,15_chara,20.045224134837998,1253.800614141741
C5_2022,C5,2022,tonne,"Ecotoxicity, freshwater - inorganics",CTUe,,0.5010628606,66.27,1 ha worked,13_chara,33.205435771962,,0.1670209535,419.04999999999995,1 ha worked,16_chara,69.990130564175,,0.5010628606,48.84,1 ha worked,11_chara,24.471910111704005,,0.1670209535,268.34,1 ha worked,12_chara,44.818402662189996,,0.1670209535,140.05,1 ha worked,14_chara,23.391284537675002,,0.0,58.77,1 ha worked,17_chara,0.0,,0.6213646663,4.59,1 ha worked,15_chara,2.8520638183169997,198.72922746602302
C5_2022,C5,2022,tonne,"Ecotoxicity, freshwater - metals",CTUe,,0.5010628606,322.83,1 ha worked,13_chara,161.758123287498,,0.1670209535,2187.8900000000003,1 ha worked,16_chara,365.4234739531151,,0.5010628606,170.45000000000002,1 ha worked,11_chara,85.40616458927002,,0.1670209535,1234.5,1 ha worked,12_chara,206.18736709575,,0.1670209535,954.07,1 ha worked,14_chara,159.34968110574502,,0.0,515.3100000000001,1 ha worked,17_chara,0.0,,0.6213646663,26.36,1 ha worked,15_chara,16.379172603668,994.5039826350462
C5_2022,C5,2022,tonne,"Ecotoxicity, freshwater - organics",CTUe,,0.5010628606,19.96,1 ha worked,13_chara,10.001214697576001,,0.1670209535,122.43,1 ha worked,16_chara,20.448375337005004,,0.5010628606,16.64,1 ha worked,11_chara,8.337686000384002,,0.1670209535,85.15,1 ha worked,12_chara,14.221834190525001,,0.1670209535,40.410000000000004,1 ha worked,14_chara,6.749316730935001,,0.0,14.58,1 ha worked,17_chara,0.0,,0.6213646663,1.31,1 ha worked,15_chara,0.813987712853,60.57241466927801
C5_2022,C5,2022,tonne,"Eutrophication, freshwater",kg P eq,,0.5010628606,0.00346,1 ha worked,13_chara,0.0017336774976760001,,0.1670209535,0.0236,1 ha worked,16_chara,0.003941694502600001,,0.5010628606,0.0014600000000000001,1 ha worked,11_chara,0.0007315517764760001,,0.1670209535,0.0129,1 ha worked,12_chara,0.00215457030015,,0.1670209535,0.0116,1 ha worked,14_chara,0.0019374430606000001,,0.0,0.00685,1 ha worked,17_chara,0.0,,0.6213646663,0.000272,1 ha worked,15_chara,0.00016901118923359998,0.0106679483267356
C5_2022,C5,2022,tonne,"Eutrophication, marine",kg N eq,,0.5010628606,0.1,1 ha worked,13_chara,0.050106286060000005,,0.1670209535,0.729,1 ha worked,16_chara,0.1217582751015,,0.5010628606,0.08460000000000001,1 ha worked,11_chara,0.04238991800676001,,0.1670209535,0.444,1 ha worked,12_chara,0.074157303354,,0.1670209535,0.213,1 ha worked,14_chara,0.035575463095500005,,0.0,0.0206,1 ha worked,17_chara,0.0,,0.6213646663,0.0064600000000000005,1 ha worked,15_chara,0.004014015744298,0.32800126136205804
C5_2022,C5,2022,tonne,"Eutrophication, terrestrial",mol N eq,,0.5010628606,1.1,1 ha worked,13_chara,0.55116914666,,0.1670209535,7.97,1 ha worked,16_chara,1.331156999395,,0.5010628606,0.927,1 ha worked,11_chara,0.4644852717762001,,0.1670209535,4.86,1 ha worked,12_chara,0.8117218340100001,,0.1670209535,2.33,1 ha worked,14_chara,0.38915882165500004,,0.0,0.21800000000000003,1 ha worked,17_chara,0.0,,0.6213646663,0.0704,1 ha worked,15_chara,0.04374407250752,3.5914361460037205
C5_2022,C5,2022,tonne,"Human toxicity, cancer",CTUh,,0.5010628606,1.96e-08,1 ha worked,13_chara,9.82083206776e-09,,0.1670209535,1.34e-07,1 ha worked,16_chara,2.2380807769000002e-08,,0.5010628606,1.13e-08,1 ha worked,11_chara,5.662010324780001e-09,,0.1670209535,1.03e-07,1 ha worked,12_chara,1.7203158210500002e-08,,0.1670209535,1.14e-07,1 ha worked,14_chara,1.9040388699000002e-08,,0.0,5.54e-08,1 ha worked,17_chara,0.0,,0.6213646663,1.91e-09,1 ha worked,15_chara,1.1868065126329998e-09,7.5294003583673e-08
C5_2022,C5,2022,tonne,"Human toxicity, cancer - inorganics",CTUh,,0.5010628606,3.85e-17,1 ha worked,13_chara,1.92909201331e-17,,0.1670209535,2.22e-16,1 ha worked,16_chara,3.7078651677000004e-17,,0.5010628606,1.8099999999999998e-17,1 ha worked,11_chara,9.06923777686e-18,,0.1670209535,1.5199999999999998e-16,1 ha worked,12_chara,2.5387184932e-17,,0.1670209535,1.3300000000000002e-16,1 ha worked,14_chara,2.2213786815500003e-17,,0.0,7.46e-17,1 ha worked,17_chara,0.0,,0.6213646663,2.89e-18,1 ha worked,15_chara,1.795743885607e-18,1.14835525220067e-16
C5_2022,C5,2022,tonne,"Human toxicity, cancer - metals",CTUh,,0.5010628606,1.23e-08,1 ha worked,13_chara,6.16307318538e-09,,0.1670209535,8.47e-08,1 ha worked,16_chara,1.414667476145e-08,,0.5010628606,7.91e-09,1 ha worked,11_chara,3.963407227346e-09,,0.1670209535,6.970000000000001e-08,1 ha worked,12_chara,1.1641360458950003e-08,,0.1670209535,8.050000000000001e-08,1 ha worked,14_chara,1.3445186756750004e-08,,0.0,3.55e-08,1 ha worked,17_chara,0.0,,0.6213646663,1.23e-09,1 ha worked,15_chara,7.64278539549e-10,5.0123980929425006e-08
C5_2022,C5,2022,tonne,"Human toxicity, cancer - organics",CTUh,,0.5010628606,7.2800000000000005e-09,1 ha worked,13_chara,3.6477376251680005e-09,,0.1670209535,4.98e-08,1 ha worked,16_chara,8.3176434843e-09,,0.5010628606,3.4000000000000003e-09,1 ha worked,11_chara,1.7036137260400004e-09,,0.1670209535,3.3e-08,1 ha worked,12_chara,5.5116914655e-09,,0.1670209535,3.34e-08,1 ha worked,14_chara,5.578499846900001e-09,,0.0,2e-08,1 ha worked,17_chara,0.0,,0.6213646663,6.829999999999999e-10,1 ha worked,15_chara,4.2439206708289994e-10,2.5183578214990902e-08
C5_2022,C5,2022,tonne,"Human toxicity, non-cancer",CTUh,,0.5010628606,5.989999999999999e-07,1 ha worked,13_chara,3.0013665349939995e-07,,0.1670209535,3.46e-06,1 ha worked,16_chara,5.7789249911e-07,,0.5010628606,8.92e-07,1 ha worked,11_chara,4.4694807165520005e-07,,0.1670209535,2e-06,1 ha worked,12_chara,3.3404190700000003e-07,,0.1670209535,1.37e-06,1 ha worked,14_chara,2.2881870629500003e-07,,0.0,1.0700000000000001e-06,1 ha worked,17_chara,0.0,,0.6213646663,1.27e-07,1 ha worked,15_chara,7.89133126201e-08,1.9667511501797e-06
C5_2022,C5,2022,tonne,"Human toxicity, non-cancer - inorganics",CTUh,,0.5010628606,1.6900000000000002e-07,1 ha worked,13_chara,8.467962344140002e-08,,0.1670209535,1.12e-06,1 ha worked,16_chara,1.8706346792000003e-07,,0.5010628606,8.97e-08,1 ha worked,11_chara,4.494533859582001e-08,,0.1670209535,8.100000000000001e-07,1 ha worked,12_chara,1.35286972335e-07,,0.1670209535,6.54e-07,1 ha worked,14_chara,1.09231703589e-07,,0.0,3.12e-07,1 ha worked,17_chara,0.0,,0.6213646663,1.02e-08,1 ha worked,15_chara,6.33791959626e-09,5.675450254774801e-07
C5_2022,C5,2022,tonne,"Human toxicity, non-cancer - metals",CTUh,,0.5010628606,4.1999999999999995e-07,1 ha worked,13_chara,2.10446401452e-07,,0.1670209535,2.26e-06,1 ha worked,16_chara,3.7746735491000004e-07,,0.5010628606,7.98e-07,1 ha worked,11_chara,3.9984816275880004e-07,,0.1670209535,1.16e-06,1 ha worked,12_chara,1.9374430606e-07,,0.1670209535,6.99e-07,1 ha worked,14_chara,1.167476464965e-07,,0.0,7.47e-07,1 ha worked,17_chara,0.0,,0.6213646663,1.16e-07,1 ha worked,15_chara,7.20783012908e-08,1.3703321729681e-06
C5_2022,C5,2022,tonne,"Human toxicity, non-cancer - organics",CTUh,,0.5010628606,1.16e-08,1 ha worked,13_chara,5.81232918296e-09,,0.1670209535,8.660000000000001e-08,1 ha worked,16_chara,1.4464014573100003e-08,,0.5010628606,5.48e-09,1 ha worked,11_chara,2.7458244760880003e-09,,0.1670209535,3.8200000000000005e-08,1 ha worked,12_chara,6.380200423700001e-09,,0.1670209535,2.67e-08,1 ha worked,14_chara,4.45945945845e-09,,0.0,1.5299999999999998e-08,1 ha worked,17_chara,0.0,,0.6213646663,1.08e-09,1 ha worked,15_chara,6.71073839604e-10,3.4532901953902e-08
C5_2022,C5,2022,tonne,Ionising radiation,kBq U-235 eq,,0.5010628606,1.72,1 ha worked,13_chara,0.8618281202320001,,0.1670209535,10.49,1 ha worked,16_chara,1.7520498022150002,,0.5010628606,1.27,1 ha worked,11_chara,0.6363498329620001,,0.1670209535,7.89,1 ha worked,12_chara,1.3177953231150001,,0.1670209535,4.319999999999999,1 ha worked,14_chara,0.72153051912,,0.0,1.75,1 ha worked,17_chara,0.0,,0.6213646663,0.115,1 ha worked,15_chara,0.0714569366245,5.3610105342685
C5_2022,C5,2022,tonne,Land use,Pt,,0.5010628606,145.23,1 ha worked,13_chara,72.769359244938,,0.1670209535,800.14,1 ha worked,16_chara,133.64014573349002,,0.5010628606,137.54,1 ha worked,11_chara,68.91618584692401,,0.1670209535,641.1899999999999,1 ha worked,12_chara,107.092165174665,,0.1670209535,418.1,1 ha worked,14_chara,69.83146065835001,,0.0,168.95000000000002,1 ha worked,17_chara,0.0,,0.6213646663,100.13,1 ha worked,15_chara,62.21724403661899,514.466560694986
C5_2022,C5,2022,tonne,Ozone depletion,kg CFC11 eq,,0.5010628606,4.960000000000001e-06,1 ha worked,13_chara,2.4852717885760005e-06,,0.1670209535,3.03e-05,1 ha worked,16_chara,5.0607348910500005e-06,,0.5010628606,4.17e-06,1 ha worked,11_chara,2.089432128702e-06,,0.1670209535,2.13e-05,1 ha worked,12_chara,3.55754630955e-06,,0.1670209535,9.97e-06,1 ha worked,14_chara,1.665198906395e-06,,0.0,3.52e-06,1 ha worked,17_chara,0.0,,0.6213646663,3.2200000000000005e-07,1 ha worked,15_chara,2.0007942254860002e-07,1.50582634468216e-05
C5_2022,C5,2022,tonne,Particulate matter,disease inc.,,0.5010628606,8.429999999999999e-07,1 ha worked,13_chara,4.223959914858e-07,,0.1670209535,5.39e-06,1 ha worked,16_chara,9.00242939365e-07,,0.5010628606,6.229999999999999e-07,1 ha worked,11_chara,3.1216216215379997e-07,,0.1670209535,3.6599999999999997e-06,1 ha worked,12_chara,6.1129668981e-07,,0.1670209535,2.78e-06,1 ha worked,14_chara,4.6431825073000007e-07,,0.0,1.42e-06,1 ha worked,17_chara,0.0,,0.6213646663,1.22e-07,1 ha worked,15_chara,7.58064892886e-08,2.7862225228332e-06
C5_2022,C5,2022,tonne,Photochemical ozone formation,kg NMVOC eq,,0.5010628606,0.305,1 ha worked,13_chara,0.152824172483,,0.1670209535,2.2,1 ha worked,16_chara,0.3674460977000001,,0.5010628606,0.249,1 ha worked,11_chara,0.12476465228940001,,0.1670209535,1.33,1 ha worked,12_chara,0.22213786815500003,,0.1670209535,0.67,1 ha worked,14_chara,0.11190403884500001,,0.0,0.107,1 ha worked,17_chara,0.0,,0.6213646663,0.0194,1 ha worked,15_chara,0.01205447452622,0.9911313039986202
C5_2022,C5,2022,tonne,"Resource use, fossils",MJ,,0.5010628606,357.29999999999995,1 ha worked,13_chara,179.02976009238,,0.1670209535,2174.67,1 ha worked,16_chara,363.21545694784504,,0.5010628606,273.81,1 ha worked,11_chara,137.19602186088602,,0.1670209535,1630.72,1 ha worked,12_chara,272.36440929152,,0.1670209535,863.0400000000001,1 ha worked,14_chara,144.14576370864003,,0.0,337.64000000000004,1 ha worked,17_chara,0.0,,0.6213646663,23.53,1 ha worked,15_chara,14.620710598039,1110.5721224993101
C5_2022,C5,2022,tonne,"Resource use, minerals and metals",kg Sb eq,,0.5010628606,0.00031400000000000004,1 ha worked,13_chara,0.00015733373822840005,,0.1670209535,0.0025800000000000003,1 ha worked,16_chara,0.0004309140600300001,,0.5010628606,0.000127,1 ha worked,11_chara,6.36349832962e-05,,0.1670209535,0.000917,1 ha worked,12_chara,0.0001531582143595,,0.1670209535,0.00062,1 ha worked,14_chara,0.00010355299117000001,,0.0,0.00037,1 ha worked,17_chara,0.0,,0.6213646663,2.91e-05,1 ha worked,15_chara,1.808171178933e-05,0.0009266756988734302
C5_2022,C5,2022,tonne,Water use,m3 depriv.,,0.5010628606,2.11,1 ha worked,13_chara,1.057242635866,,0.1670209535,12.8,1 ha worked,16_chara,2.1378682048,,0.5010628606,0.8550000000000001,1 ha worked,11_chara,0.4284087458130001,,0.1670209535,7.94,1 ha worked,12_chara,1.32614637079,,0.1670209535,6.409999999999999,1 ha worked,14_chara,1.070604311935,,0.0,3.44,1 ha worked,17_chara,0.0,,0.6213646663,0.235,1 ha worked,15_chara,0.1460206965805,6.1662909657845
C5_2023,C5,2023,tonne,Acidification,mol H+ eq,,0.4888419705,0.253,1 ha worked,13_chara,0.1236770185365,,0.1629473235,1.7899999999999998,1 ha worked,16_chara,0.29167570906499996,,0.4888419705,0.20199999999999999,1 ha worked,11_chara,0.098746078041,,0.1629473235,1.1,1 ha worked,12_chara,0.17924205585,,0.1629473235,0.5670000000000001,1 ha worked,14_chara,0.0923911324245,,0.0,0.116,1 ha worked,17_chara,0.0,,0.8173114059,0.0167,1 ha worked,15_chara,0.01364910047853,0.79938109439553
C5_2023,C5,2023,tonne,Climate change,kg CO2 eq,,0.4888419705,26.88,1 ha worked,13_chara,13.14007216704,,0.1629473235,165.89,1 ha worked,16_chara,27.031331495414996,,0.4888419705,20.45,1 ha worked,11_chara,9.996818296725,,0.1629473235,124.18,1 ha worked,12_chara,20.23479863223,,0.1629473235,69.64999999999999,1 ha worked,14_chara,11.349281081774999,,0.0,28.27,1 ha worked,17_chara,0.0,,0.8173114059,1.93,1 ha worked,15_chara,1.5774110133869998,83.329712686572
C5_2023,C5,2023,tonne,Climate change - Biogenic,kg CO2 eq,,0.4888419705,0.0373,1 ha worked,13_chara,0.01823380549965,,0.1629473235,0.17600000000000002,1 ha worked,16_chara,0.028678728936,,0.4888419705,0.028499999999999998,1 ha worked,11_chara,0.013931996159249999,,0.1629473235,0.145,1 ha worked,12_chara,0.023627361907499998,,0.1629473235,0.0992,1 ha worked,14_chara,0.0161643744912,,0.0,0.0452,1 ha worked,17_chara,0.0,,0.8173114059,0.0211,1 ha worked,15_chara,0.01724527066449,0.11788153765809001
C5_2023,C5,2023,tonne,Climate change - Fossil,kg CO2 eq,,0.4888419705,26.830000000000002,1 ha worked,13_chara,13.115630068515001,,0.1629473235,165.57999999999998,1 ha worked,16_chara,26.980817825129996,,0.4888419705,20.41,1 ha worked,11_chara,9.977264617905,,0.1629473235,123.97,1 ha worked,12_chara,20.200579694294998,,0.1629473235,69.50999999999999,1 ha worked,14_chara,11.326468456484998,,0.0,28.180000000000003,1 ha worked,17_chara,0.0,,0.8173114059,1.9100000000000001,1 ha worked,15_chara,1.561064785269,83.161825447599
C5_2023,C5,2023,tonne,Climate change - Land use and LU change,kg CO2 eq,,0.4888419705,0.0178,1 ha worked,13_chara,0.0087013870749,,0.1629473235,0.131,1 ha worked,16_chara,0.0213460993785,,0.4888419705,0.00673,1 ha worked,11_chara,0.003289906461465,,0.1629473235,0.05789999999999999,1 ha worked,12_chara,0.00943465003065,,0.1629473235,0.0494,1 ha worked,14_chara,0.0080495977809,,0.0,0.0434,1 ha worked,17_chara,0.0,,0.8173114059,0.00132,1 ha worked,15_chara,0.001078851055788,0.051900491782203
C5_2023,C5,2023,tonne,"Ecotoxicity, freshwater",CTUe,,0.4888419705,409.06,1 ha worked,13_chara,199.96569645273001,,0.1629473235,2729.37,1 ha worked,16_chara,444.74353634119495,,0.4888419705,235.92,1 ha worked,11_chara,115.32759768036,,0.1629473235,1587.99,1 ha worked,12_chara,258.75872024476496,,0.1629473235,1134.53,1 ha worked,14_chara,184.86862693045498,,0.0,588.66,1 ha worked,17_chara,0.0,,0.8173114059,32.26,1 ha worked,15_chara,26.366465954333997,1230.0306436038388
C5_2023,C5,2023,tonne,"Ecotoxicity, freshwater - inorganics",CTUe,,0.4888419705,66.27,1 ha worked,13_chara,32.395557385035,,0.1629473235,419.04999999999995,1 ha worked,16_chara,68.28307591267499,,0.4888419705,48.84,1 ha worked,11_chara,23.875041839220003,,0.1629473235,268.34,1 ha worked,12_chara,43.72528478798999,,0.1629473235,140.05,1 ha worked,14_chara,22.820772656175002,,0.0,58.77,1 ha worked,17_chara,0.0,,0.8173114059,4.59,1 ha worked,15_chara,3.7514593530809996,194.85119193417597
C5_2023,C5,2023,tonne,"Ecotoxicity, freshwater - metals",CTUe,,0.4888419705,322.83,1 ha worked,13_chara,157.812853336515,,0.1629473235,2187.8900000000003,1 ha worked,16_chara,356.51081961241505,,0.4888419705,170.45000000000002,1 ha worked,11_chara,83.32311387172501,,0.1629473235,1234.5,1 ha worked,12_chara,201.15847086075,,0.1629473235,954.07,1 ha worked,14_chara,155.463152931645,,0.0,515.3100000000001,1 ha worked,17_chara,0.0,,0.8173114059,26.36,1 ha worked,15_chara,21.544328659524,975.812739272574
C5_2023,C5,2023,tonne,"Ecotoxicity, freshwater - organics",CTUe,,0.4888419705,19.96,1 ha worked,13_chara,9.75728573118,,0.1629473235,122.43,1 ha worked,16_chara,19.949640816105,,0.4888419705,16.64,1 ha worked,11_chara,8.13433038912,,0.1629473235,85.15,1 ha worked,12_chara,13.874964596025,,0.1629473235,40.410000000000004,1 ha worked,14_chara,6.584701342635,,0.0,14.58,1 ha worked,17_chara,0.0,,0.8173114059,1.31,1 ha worked,15_chara,1.070677941729,59.37160081679401
C5_2023,C5,2023,tonne,"Eutrophication, freshwater",kg P eq,,0.4888419705,0.00346,1 ha worked,13_chara,0.00169139321793,,0.1629473235,0.0236,1 ha worked,16_chara,0.0038455568345999998,,0.4888419705,0.0014600000000000001,1 ha worked,11_chara,0.0007137092769300001,,0.1629473235,0.0129,1 ha worked,12_chara,0.00210202047315,,0.1629473235,0.0116,1 ha worked,14_chara,0.0018901889525999999,,0.0,0.00685,1 ha worked,17_chara,0.0,,0.8173114059,0.000272,1 ha worked,15_chara,0.0002223087024048,0.0104651774576148
C5_2023,C5,2023,tonne,"Eutrophication, marine",kg N eq,,0.4888419705,0.1,1 ha worked,13_chara,0.04888419705,,0.1629473235,0.729,1 ha worked,16_chara,0.11878859883149999,,0.4888419705,0.08460000000000001,1 ha worked,11_chara,0.0413560307043,,0.1629473235,0.444,1 ha worked,12_chara,0.072348611634,,0.1629473235,0.213,1 ha worked,14_chara,0.034707779905499996,,0.0,0.0206,1 ha worked,17_chara,0.0,,0.8173114059,0.0064600000000000005,1 ha worked,15_chara,0.005279831682114,0.321365049807414
C5_2023,C5,2023,tonne,"Eutrophication, terrestrial",mol N eq,,0.4888419705,1.1,1 ha worked,13_chara,0.53772616755,,0.1629473235,7.97,1 ha worked,16_chara,1.2986901682949998,,0.4888419705,0.927,1 ha worked,11_chara,0.45315650665350005,,0.1629473235,4.86,1 ha worked,12_chara,0.79192399221,,0.1629473235,2.33,1 ha worked,14_chara,0.379667263755,,0.0,0.21800000000000003,1 ha worked,17_chara,0.0,,0.8173114059,0.0704,1 ha worked,15_chara,0.05753872297536,3.5187028214388603
C5_2023,C5,2023,tonne,"Human toxicity, cancer",CTUh,,0.4888419705,1.96e-08,1 ha worked,13_chara,9.5813026218e-09,,0.1629473235,1.34e-07,1 ha worked,16_chara,2.1834941349000002e-08,,0.4888419705,1.13e-08,1 ha worked,11_chara,5.52391426665e-09,,0.1629473235,1.03e-07,1 ha worked,12_chara,1.67835743205e-08,,0.1629473235,1.14e-07,1 ha worked,14_chara,1.8575994879e-08,,0.0,5.54e-08,1 ha worked,17_chara,0.0,,0.8173114059,1.91e-09,1 ha worked,15_chara,1.5610647852689999e-09,7.3860792222219e-08
C5_2023,C5,2023,tonne,"Human toxicity, cancer - inorganics",CTUh,,0.4888419705,3.85e-17,1 ha worked,13_chara,1.882041586425e-17,,0.1629473235,2.22e-16,1 ha worked,16_chara,3.6174305817e-17,,0.4888419705,1.8099999999999998e-17,1 ha worked,11_chara,8.848039666049998e-18,,0.1629473235,1.5199999999999998e-16,1 ha worked,12_chara,2.4767993171999994e-17,,0.1629473235,1.3300000000000002e-16,1 ha worked,14_chara,2.1671994025500002e-17,,0.0,7.46e-17,1 ha worked,17_chara,0.0,,0.8173114059,2.89e-18,1 ha worked,15_chara,2.362029963051e-18,1.12644778507851e-16
C5_2023,C5,2023,tonne,"Human toxicity, cancer - metals",CTUh,,0.4888419705,1.23e-08,1 ha worked,13_chara,6.01275623715e-09,,0.1629473235,8.47e-08,1 ha worked,16_chara,1.3801638300449998e-08,,0.4888419705,7.91e-09,1 ha worked,11_chara,3.866739986655e-09,,0.1629473235,6.970000000000001e-08,1 ha worked,12_chara,1.135742844795e-08,,0.1629473235,8.050000000000001e-08,1 ha worked,14_chara,1.3117259541750002e-08,,0.0,3.55e-08,1 ha worked,17_chara,0.0,,0.8173114059,1.23e-09,1 ha worked,15_chara,1.0052930292570001e-09,4.9161115543212e-08
C5_2023,C5,2023,tonne,"Human toxicity, cancer - organics",CTUh,,0.4888419705,7.2800000000000005e-09,1 ha worked,13_chara,3.5587695452400003e-09,,0.1629473235,4.98e-08,1 ha worked,16_chara,8.1147767103e-09,,0.4888419705,3.4000000000000003e-09,1 ha worked,11_chara,1.6620626997000002e-09,,0.1629473235,3.3e-08,1 ha worked,12_chara,5.3772616754999995e-09,,0.1629473235,3.34e-08,1 ha worked,14_chara,5.4424406049e-09,,0.0,2e-08,1 ha worked,17_chara,0.0,,0.8173114059,6.829999999999999e-10,1 ha worked,15_chara,5.582236902297e-10,2.47135349258697e-08
C5_2023,C5,2023,tonne,"Human toxicity, non-cancer",CTUh,,0.4888419705,5.989999999999999e-07,1 ha worked,13_chara,2.9281634032949995e-07,,0.1629473235,3.46e-06,1 ha worked,16_chara,5.637977393099999e-07,,0.4888419705,8.92e-07,1 ha worked,11_chara,4.36047037686e-07,,0.1629473235,2e-06,1 ha worked,12_chara,3.25894647e-07,,0.1629473235,1.37e-06,1 ha worked,14_chara,2.23237833195e-07,,0.0,1.0700000000000001e-06,1 ha worked,17_chara,0.0,,0.8173114059,1.27e-07,1 ha worked,15_chara,1.0379854854930001e-07,1.9455921460697995e-06
C5_2023,C5,2023,tonne,"Human toxicity, non-cancer - inorganics",CTUh,,0.4888419705,1.6900000000000002e-07,1 ha worked,13_chara,8.26142930145e-08,,0.1629473235,1.12e-06,1 ha worked,16_chara,1.8250100232e-07,,0.4888419705,8.97e-08,1 ha worked,11_chara,4.384912475385e-08,,0.1629473235,8.100000000000001e-07,1 ha worked,12_chara,1.31987332035e-07,,0.1629473235,6.54e-07,1 ha worked,14_chara,1.0656754956899999e-07,,0.0,3.12e-07,1 ha worked,17_chara,0.0,,0.8173114059,1.02e-08,1 ha worked,15_chara,8.33657634018e-09,5.5585587803253e-07
C5_2023,C5,2023,tonne,"Human toxicity, non-cancer - metals",CTUh,,0.4888419705,4.1999999999999995e-07,1 ha worked,13_chara,2.0531362760999997e-07,,0.1629473235,2.26e-06,1 ha worked,16_chara,3.6826095111e-07,,0.4888419705,7.98e-07,1 ha worked,11_chara,3.90095892459e-07,,0.1629473235,1.16e-06,1 ha worked,12_chara,1.8901889525999996e-07,,0.1629473235,6.99e-07,1 ha worked,14_chara,1.139001791265e-07,,0.0,7.47e-07,1 ha worked,17_chara,0.0,,0.8173114059,1.16e-07,1 ha worked,15_chara,9.48081230844e-08,1.3613976686498998e-06
C5_2023,C5,2023,tonne,"Human toxicity, non-cancer - organics",CTUh,,0.4888419705,1.16e-08,1 ha worked,13_chara,5.6705668578e-09,,0.1629473235,8.660000000000001e-08,1 ha worked,16_chara,1.41112382151e-08,,0.4888419705,5.48e-09,1 ha worked,11_chara,2.67885399834e-09,,0.1629473235,3.8200000000000005e-08,1 ha worked,12_chara,6.2245877577000006e-09,,0.1629473235,2.67e-08,1 ha worked,14_chara,4.3506935374499995e-09,,0.0,1.5299999999999998e-08,1 ha worked,17_chara,0.0,,0.8173114059,1.08e-09,1 ha worked,15_chara,8.82696318372e-10,3.3918636684762e-08
C5_2023,C5,2023,tonne,Ionising radiation,kBq U-235 eq,,0.4888419705,1.72,1 ha worked,13_chara,0.84080818926,,0.1629473235,10.49,1 ha worked,16_chara,1.709317423515,,0.4888419705,1.27,1 ha worked,11_chara,0.620829302535,,0.1629473235,7.89,1 ha worked,12_chara,1.285654382415,,0.1629473235,4.319999999999999,1 ha worked,14_chara,0.7039324375199999,,0.0,1.75,1 ha worked,17_chara,0.0,,0.8173114059,0.115,1 ha worked,15_chara,0.0939908116785,5.2545325469235005
C5_2023,C5,2023,tonne,Land use,Pt,,0.4888419705,145.23,1 ha worked,13_chara,70.994519375715,,0.1629473235,800.14,1 ha worked,16_chara,130.38067142529,,0.4888419705,137.54,1 ha worked,11_chara,67.23532462256999,,0.1629473235,641.1899999999999,1 ha worked,12_chara,104.48019435496498,,0.1629473235,418.1,1 ha worked,14_chara,68.12827595535,,0.0,168.95000000000002,1 ha worked,17_chara,0.0,,0.8173114059,100.13,1 ha worked,15_chara,81.83739107276699,523.0563768066569
C5_2023,C5,2023,tonne,Ozone depletion,kg CFC11 eq,,0.4888419705,4.960000000000001e-06,1 ha worked,13_chara,2.4246561736800006e-06,,0.1629473235,3.03e-05,1 ha worked,16_chara,4.93730390205e-06,,0.4888419705,4.17e-06,1 ha worked,11_chara,2.038471016985e-06,,0.1629473235,2.13e-05,1 ha worked,12_chara,3.4707779905499995e-06,,0.1629473235,9.97e-06,1 ha worked,14_chara,1.6245848152949997e-06,,0.0,3.52e-06,1 ha worked,17_chara,0.0,,0.8173114059,3.2200000000000005e-07,1 ha worked,15_chara,2.631742726998e-07,1.4758968171259799e-05
C5_2023,C5,2023,tonne,Particulate matter,disease inc.,,0.4888419705,8.429999999999999e-07,1 ha worked,13_chara,4.1209378113149994e-07,,0.1629473235,5.39e-06,1 ha worked,16_chara,8.78286073665e-07,,0.4888419705,6.229999999999999e-07,1 ha worked,11_chara,3.045485476215e-07,,0.1629473235,3.6599999999999997e-06,1 ha worked,12_chara,5.963872040099999e-07,,0.1629473235,2.78e-06,1 ha worked,14_chara,4.5299355933e-07,,0.0,1.42e-06,1 ha worked,17_chara,0.0,,0.8173114059,1.22e-07,1 ha worked,15_chara,9.97119915198e-08,2.7440211572777996e-06
C5_2023,C5,2023,tonne,Photochemical ozone formation,kg NMVOC eq,,0.4888419705,0.305,1 ha worked,13_chara,0.1490968010025,,0.1629473235,2.2,1 ha worked,16_chara,0.3584841117,,0.4888419705,0.249,1 ha worked,11_chara,0.1217216506545,,0.1629473235,1.33,1 ha worked,12_chara,0.216719940255,,0.1629473235,0.67,1 ha worked,14_chara,0.109174706745,,0.0,0.107,1 ha worked,17_chara,0.0,,0.8173114059,0.0194,1 ha worked,15_chara,0.01585584127446,0.9710530516314599
C5_2023,C5,2023,tonne,"Resource use, fossils",MJ,,0.4888419705,357.29999999999995,1 ha worked,13_chara,174.66323605965,,0.1629473235,2174.67,1 ha worked,16_chara,354.356655995745,,0.4888419705,273.81,1 ha worked,11_chara,133.849819942605,,0.1629473235,1630.72,1 ha worked,12_chara,265.72145937792,,0.1629473235,863.0400000000001,1 ha worked,14_chara,140.63005807344,,0.0,337.64000000000004,1 ha worked,17_chara,0.0,,0.8173114059,23.53,1 ha worked,15_chara,19.231337380827,1088.452566830187
C5_2023,C5,2023,tonne,"Resource use, minerals and metals",kg Sb eq,,0.4888419705,0.00031400000000000004,1 ha worked,13_chara,0.00015349637873700002,,0.1629473235,0.0025800000000000003,1 ha worked,16_chara,0.00042040409463,,0.4888419705,0.000127,1 ha worked,11_chara,6.20829302535e-05,,0.1629473235,0.000917,1 ha worked,12_chara,0.0001494226956495,,0.1629473235,0.00062,1 ha worked,14_chara,0.00010102734057,,0.0,0.00037,1 ha worked,17_chara,0.0,,0.8173114059,2.91e-05,1 ha worked,15_chara,2.378376191169e-05,0.00091021720175169
C5_2023,C5,2023,tonne,Water use,m3 depriv.,,0.4888419705,2.11,1 ha worked,13_chara,1.031456557755,,0.1629473235,12.8,1 ha worked,16_chara,2.0857257408,,0.4888419705,0.8550000000000001,1 ha worked,11_chara,0.41795988477750007,,0.1629473235,7.94,1 ha worked,12_chara,1.29380174859,,0.1629473235,6.409999999999999,1 ha worked,14_chara,1.0444923436349998,,0.0,3.44,1 ha worked,17_chara,0.0,,0.8173114059,0.235,1 ha worked,15_chara,0.19206818038649998,6.065504455944
C5_2024,C5,2024,tonne,Acidification,mol H+ eq,,0.4878476853,0.253,1 ha worked,13_chara,0.1234254643809,,0.1219619213,1.7899999999999998,1 ha worked,16_chara,0.21831183912699997,,0.3658857639,0.20199999999999999,1 ha worked,11_chara,0.0739089243078,,0.1219619213,1.1,1 ha worked,12_chara,0.13415811343,,0.2439238426,0.5670000000000001,1 ha worked,14_chara,0.1383048187542,,0.0,0.116,1 ha worked,17_chara,0.0,,0.6910946117,0.0167,1 ha worked,15_chara,0.01154128001539,0.69965044001529
C5_2024,C5,2024,tonne,Climate change,kg CO2 eq,,0.4878476853,26.88,1 ha worked,13_chara,13.113345780864,,0.1219619213,165.89,1 ha worked,16_chara,20.232263124457,,0.3658857639,20.45,1 ha worked,11_chara,7.482363871754999,,0.1219619213,124.18,1 ha worked,12_chara,15.145231387034,,0.2439238426,69.64999999999999,1 ha worked,14_chara,16.98929563709,,0.0,28.27,1 ha worked,17_chara,0.0,,0.6910946117,1.93,1 ha worked,15_chara,1.3338126005809998,74.296312401781
C5_2024,C5,2024,tonne,Climate change - Biogenic,kg CO2 eq,,0.4878476853,0.0373,1 ha worked,13_chara,0.01819671866169,,0.1219619213,0.17600000000000002,1 ha worked,16_chara,0.0214652981488,,0.3658857639,0.028499999999999998,1 ha worked,11_chara,0.01042774427115,,0.1219619213,0.145,1 ha worked,12_chara,0.0176844785885,,0.2439238426,0.0992,1 ha worked,14_chara,0.024197245185919997,,0.0,0.0452,1 ha worked,17_chara,0.0,,0.6910946117,0.0211,1 ha worked,15_chara,0.01458209630687,0.10655358116293
C5_2024,C5,2024,tonne,Climate change - Fossil,kg CO2 eq,,0.4878476853,26.830000000000002,1 ha worked,13_chara,13.088953396599,,0.1219619213,165.57999999999998,1 ha worked,16_chara,20.194454928853997,,0.3658857639,20.41,1 ha worked,11_chara,7.467728441199,,0.1219619213,123.97,1 ha worked,12_chara,15.119619383561,,0.2439238426,69.50999999999999,1 ha worked,14_chara,16.955146299125996,,0.0,28.180000000000003,1 ha worked,17_chara,0.0,,0.6910946117,1.9100000000000001,1 ha worked,15_chara,1.319990708347,74.145893157686
C5_2024,C5,2024,tonne,Climate change - Land use and LU change,kg CO2 eq,,0.4878476853,0.0178,1 ha worked,13_chara,0.00868368879834,,0.1219619213,0.131,1 ha worked,16_chara,0.0159770116903,,0.3658857639,0.00673,1 ha worked,11_chara,0.002462411191047,,0.1219619213,0.05789999999999999,1 ha worked,12_chara,0.007061595243269999,,0.2439238426,0.0494,1 ha worked,14_chara,0.01204983782444,,0.0,0.0434,1 ha worked,17_chara,0.0,,0.6910946117,0.00132,1 ha worked,15_chara,0.000912244887444,0.047146789634840994
C5_2024,C5,2024,tonne,"Ecotoxicity, freshwater",CTUe,,0.4878476853,409.06,1 ha worked,13_chara,199.558974148818,,0.1219619213,2729.37,1 ha worked,16_chara,332.87920913858096,,0.3658857639,235.92,1 ha worked,11_chara,86.319769419288,,0.1219619213,1587.99,1 ha worked,12_chara,193.67431140518698,,0.2439238426,1134.53,1 ha worked,14_chara,276.73891714497796,,0.0,588.66,1 ha worked,17_chara,0.0,,0.6910946117,32.26,1 ha worked,15_chara,22.294712173441997,1111.4658934302938
C5_2024,C5,2024,tonne,"Ecotoxicity, freshwater - inorganics",CTUe,,0.4878476853,66.27,1 ha worked,13_chara,32.329666104831,,0.1219619213,419.04999999999995,1 ha worked,16_chara,51.10814312076499,,0.3658857639,48.84,1 ha worked,11_chara,17.869860708876,,0.1219619213,268.34,1 ha worked,12_chara,32.72726196164199,,0.2439238426,140.05,1 ha worked,14_chara,34.16153415613,,0.0,58.77,1 ha worked,17_chara,0.0,,0.6910946117,4.59,1 ha worked,15_chara,3.172124267703,171.36859031994697
C5_2024,C5,2024,tonne,"Ecotoxicity, freshwater - metals",CTUe,,0.4878476853,322.83,1 ha worked,13_chara,157.491868245399,,0.1219619213,2187.8900000000003,1 ha worked,16_chara,266.83926799305704,,0.3658857639,170.45000000000002,1 ha worked,11_chara,62.365228456755005,,0.1219619213,1234.5,1 ha worked,12_chara,150.56199184484998,,0.2439238426,954.07,1 ha worked,14_chara,232.720420509382,,0.0,515.3100000000001,1 ha worked,17_chara,0.0,,0.6910946117,26.36,1 ha worked,15_chara,18.217253964412,888.1960310138548
C5_2024,C5,2024,tonne,"Ecotoxicity, freshwater - organics",CTUe,,0.4878476853,19.96,1 ha worked,13_chara,9.737439798588001,,0.1219619213,122.43,1 ha worked,16_chara,14.931798024759,,0.3658857639,16.64,1 ha worked,11_chara,6.088339111296,,0.1219619213,85.15,1 ha worked,12_chara,10.385057598695001,,0.2439238426,40.410000000000004,1 ha worked,14_chara,9.856962479466,,0.0,14.58,1 ha worked,17_chara,0.0,,0.6910946117,1.31,1 ha worked,15_chara,0.905333941327,51.904930954131004
C5_2024,C5,2024,tonne,"Eutrophication, freshwater",kg P eq,,0.4878476853,0.00346,1 ha worked,13_chara,0.001687952991138,,0.1219619213,0.0236,1 ha worked,16_chara,0.00287830134268,,0.3658857639,0.0014600000000000001,1 ha worked,11_chara,0.000534193215294,,0.1219619213,0.0129,1 ha worked,12_chara,0.00157330878477,,0.2439238426,0.0116,1 ha worked,14_chara,0.0028295165741599997,,0.0,0.00685,1 ha worked,17_chara,0.0,,0.6910946117,0.000272,1 ha worked,15_chara,0.0001879777343824,0.009691250642424399
C5_2024,C5,2024,tonne,"Eutrophication, marine",kg N eq,,0.4878476853,0.1,1 ha worked,13_chara,0.04878476853,,0.1219619213,0.729,1 ha worked,16_chara,0.08891024062769999,,0.3658857639,0.08460000000000001,1 ha worked,11_chara,0.030953935625940003,,0.1219619213,0.444,1 ha worked,12_chara,0.0541510930572,,0.2439238426,0.213,1 ha worked,14_chara,0.0519557784738,,0.0,0.0206,1 ha worked,17_chara,0.0,,0.6910946117,0.0064600000000000005,1 ha worked,15_chara,0.0044644711915820005,0.279220287506222
C5_2024,C5,2024,tonne,"Eutrophication, terrestrial",mol N eq,,0.4878476853,1.1,1 ha worked,13_chara,0.53663245383,,0.1219619213,7.97,1 ha worked,16_chara,0.972036512761,,0.3658857639,0.927,1 ha worked,11_chara,0.3391761031353,,0.1219619213,4.86,1 ha worked,12_chara,0.592734937518,,0.2439238426,2.33,1 ha worked,14_chara,0.568342553258,,0.0,0.21800000000000003,1 ha worked,17_chara,0.0,,0.6910946117,0.0704,1 ha worked,15_chara,0.04865306066368,3.05757562116598
C5_2024,C5,2024,tonne,"Human toxicity, cancer",CTUh,,0.4878476853,1.96e-08,1 ha worked,13_chara,9.56181463188e-09,,0.1219619213,1.34e-07,1 ha worked,16_chara,1.63428974542e-08,,0.3658857639,1.13e-08,1 ha worked,11_chara,4.13450913207e-09,,0.1219619213,1.03e-07,1 ha worked,12_chara,1.25620778939e-08,,0.2439238426,1.14e-07,1 ha worked,14_chara,2.78073180564e-08,,0.0,5.54e-08,1 ha worked,17_chara,0.0,,0.6910946117,1.91e-09,1 ha worked,15_chara,1.3199907083469999e-09,7.172860787679701e-08
C5_2024,C5,2024,tonne,"Human toxicity, cancer - inorganics",CTUh,,0.4878476853,3.85e-17,1 ha worked,13_chara,1.878213588405e-17,,0.1219619213,2.22e-16,1 ha worked,16_chara,2.70755465286e-17,,0.3658857639,1.8099999999999998e-17,1 ha worked,11_chara,6.622532326589999e-18,,0.1219619213,1.5199999999999998e-16,1 ha worked,12_chara,1.8538212037599997e-17,,0.2439238426,1.3300000000000002e-16,1 ha worked,14_chara,3.2441871065800004e-17,,0.0,7.46e-17,1 ha worked,17_chara,0.0,,0.6910946117,2.89e-18,1 ha worked,15_chara,1.997263427813e-18,1.05457561270453e-16
C5_2024,C5,2024,tonne,"Human toxicity, cancer - metals",CTUh,,0.4878476853,1.23e-08,1 ha worked,13_chara,6.000526529189999e-09,,0.1219619213,8.47e-08,1 ha worked,16_chara,1.033017473411e-08,,0.3658857639,7.91e-09,1 ha worked,11_chara,2.894156392449e-09,,0.1219619213,6.970000000000001e-08,1 ha worked,12_chara,8.500745914610001e-09,,0.2439238426,8.050000000000001e-08,1 ha worked,14_chara,1.9635869329300002e-08,,0.0,3.55e-08,1 ha worked,17_chara,0.0,,0.6910946117,1.23e-09,1 ha worked,15_chara,8.50046372391e-10,4.821151927205e-08
C5_2024,C5,2024,tonne,"Human toxicity, cancer - organics",CTUh,,0.4878476853,7.2800000000000005e-09,1 ha worked,13_chara,3.551531148984e-09,,0.1219619213,4.98e-08,1 ha worked,16_chara,6.07370368074e-09,,0.3658857639,3.4000000000000003e-09,1 ha worked,11_chara,1.24401159726e-09,,0.1219619213,3.3e-08,1 ha worked,12_chara,4.0247434029e-09,,0.2439238426,3.34e-08,1 ha worked,14_chara,8.14705634284e-09,,0.0,2e-08,1 ha worked,17_chara,0.0,,0.6910946117,6.829999999999999e-10,1 ha worked,15_chara,4.720176197910999e-10,2.35130637925151e-08
C5_2024,C5,2024,tonne,"Human toxicity, non-cancer",CTUh,,0.4878476853,5.989999999999999e-07,1 ha worked,13_chara,2.922207634946999e-07,,0.1219619213,3.46e-06,1 ha worked,16_chara,4.2198824769799996e-07,,0.3658857639,8.92e-07,1 ha worked,11_chara,3.2637010139879997e-07,,0.1219619213,2e-06,1 ha worked,12_chara,2.4392384259999996e-07,,0.2439238426,1.37e-06,1 ha worked,14_chara,3.34175664362e-07,,0.0,1.0700000000000001e-06,1 ha worked,17_chara,0.0,,0.6910946117,1.27e-07,1 ha worked,15_chara,8.77690156859e-08,1.7064476352393999e-06
C5_2024,C5,2024,tonne,"Human toxicity, non-cancer - inorganics",CTUh,,0.4878476853,1.6900000000000002e-07,1 ha worked,13_chara,8.244625881570001e-08,,0.1219619213,1.12e-06,1 ha worked,16_chara,1.36597351856e-07,,0.3658857639,8.97e-08,1 ha worked,11_chara,3.281995302183e-08,,0.1219619213,8.100000000000001e-07,1 ha worked,12_chara,9.8789156253e-08,,0.2439238426,6.54e-07,1 ha worked,14_chara,1.595261930604e-07,,0.0,3.12e-07,1 ha worked,17_chara,0.0,,0.6910946117,1.02e-08,1 ha worked,15_chara,7.04916503934e-09,5.1722807804627e-07
C5_2024,C5,2024,tonne,"Human toxicity, non-cancer - metals",CTUh,,0.4878476853,4.1999999999999995e-07,1 ha worked,13_chara,2.0489602782599998e-07,,0.1219619213,2.26e-06,1 ha worked,16_chara,2.75633942138e-07,,0.3658857639,7.98e-07,1 ha worked,11_chara,2.919768395922e-07,,0.1219619213,1.16e-06,1 ha worked,12_chara,1.4147582870799998e-07,,0.2439238426,6.99e-07,1 ha worked,14_chara,1.705027659774e-07,,0.0,7.47e-07,1 ha worked,17_chara,0.0,,0.6910946117,1.16e-07,1 ha worked,15_chara,8.01669749572e-08,1.1646523791988e-06
C5_2024,C5,2024,tonne,"Human toxicity, non-cancer - organics",CTUh,,0.4878476853,1.16e-08,1 ha worked,13_chara,5.65903314948e-09,,0.1219619213,8.660000000000001e-08,1 ha worked,16_chara,1.0561902384580001e-08,,0.3658857639,5.48e-09,1 ha worked,11_chara,2.005053986172e-09,,0.1219619213,3.8200000000000005e-08,1 ha worked,12_chara,4.65894539366e-09,,0.2439238426,2.67e-08,1 ha worked,14_chara,6.51276659742e-09,,0.0,1.5299999999999998e-08,1 ha worked,17_chara,0.0,,0.6910946117,1.08e-09,1 ha worked,15_chara,7.46382180636e-10,3.0144083691947996e-08
C5_2024,C5,2024,tonne,Ionising radiation,kBq U-235 eq,,0.4878476853,1.72,1 ha worked,13_chara,0.839098018716,,0.1219619213,10.49,1 ha worked,16_chara,1.279380554437,,0.3658857639,1.27,1 ha worked,11_chara,0.464674920153,,0.1219619213,7.89,1 ha worked,12_chara,0.9622795590569999,,0.2439238426,4.319999999999999,1 ha worked,14_chara,1.0537510000319998,,0.0,1.75,1 ha worked,17_chara,0.0,,0.6910946117,0.115,1 ha worked,15_chara,0.0794758803455,4.6786599327405
C5_2024,C5,2024,tonne,Land use,Pt,,0.4878476853,145.23,1 ha worked,13_chara,70.850119336119,,0.1219619213,800.14,1 ha worked,16_chara,97.58661170898199,,0.3658857639,137.54,1 ha worked,11_chara,50.323927966806,,0.1219619213,641.1899999999999,1 ha worked,12_chara,78.200764318347,,0.2439238426,418.1,1 ha worked,14_chara,101.98455859106001,,0.0,168.95000000000002,1 ha worked,17_chara,0.0,,0.6910946117,100.13,1 ha worked,15_chara,69.199303469521,468.145285390835
C5_2024,C5,2024,tonne,Ozone depletion,kg CFC11 eq,,0.4878476853,4.960000000000001e-06,1 ha worked,13_chara,2.4197245190880004e-06,,0.1219619213,3.03e-05,1 ha worked,16_chara,3.69544621539e-06,,0.3658857639,4.17e-06,1 ha worked,11_chara,1.525743635463e-06,,0.1219619213,2.13e-05,1 ha worked,12_chara,2.59778892369e-06,,0.2439238426,9.97e-06,1 ha worked,14_chara,2.4319207107219998e-06,,0.0,3.52e-06,1 ha worked,17_chara,0.0,,0.6910946117,3.2200000000000005e-07,1 ha worked,15_chara,2.2253246496740002e-07,1.28931564693204e-05
C5_2024,C5,2024,tonne,Particulate matter,disease inc.,,0.4878476853,8.429999999999999e-07,1 ha worked,13_chara,4.1125559870789996e-07,,0.1219619213,5.39e-06,1 ha worked,16_chara,6.57374755807e-07,,0.3658857639,6.229999999999999e-07,1 ha worked,11_chara,2.2794683090969995e-07,,0.1219619213,3.6599999999999997e-06,1 ha worked,12_chara,4.4638063195799994e-07,,0.2439238426,2.78e-06,1 ha worked,14_chara,6.78108282428e-07,,0.0,1.42e-06,1 ha worked,17_chara,0.0,,0.6910946117,1.22e-07,1 ha worked,15_chara,8.431354262740001e-08,2.5053796424379997e-06
C5_2024,C5,2024,tonne,Photochemical ozone formation,kg NMVOC eq,,0.4878476853,0.305,1 ha worked,13_chara,0.1487935440165,,0.1219619213,2.2,1 ha worked,16_chara,0.26831622686,,0.3658857639,0.249,1 ha worked,11_chara,0.0911055552111,,0.1219619213,1.33,1 ha worked,12_chara,0.162209355329,,0.2439238426,0.67,1 ha worked,14_chara,0.163428974542,,0.0,0.107,1 ha worked,17_chara,0.0,,0.6910946117,0.0194,1 ha worked,15_chara,0.01340723546698,0.8472608914255799
C5_2024,C5,2024,tonne,"Resource use, fossils",MJ,,0.4878476853,357.29999999999995,1 ha worked,13_chara,174.30797795768999,,0.1219619213,2174.67,1 ha worked,16_chara,265.226931393471,,0.3658857639,273.81,1 ha worked,11_chara,100.183181013459,,0.1219619213,1630.72,1 ha worked,12_chara,198.885744302336,,0.2439238426,863.0400000000001,1 ha worked,14_chara,210.516033117504,,0.0,337.64000000000004,1 ha worked,17_chara,0.0,,0.6910946117,23.53,1 ha worked,15_chara,16.261456213301,965.381323997761
C5_2024,C5,2024,tonne,"Resource use, minerals and metals",kg Sb eq,,0.4878476853,0.00031400000000000004,1 ha worked,13_chara,0.00015318417318420003,,0.1219619213,0.0025800000000000003,1 ha worked,16_chara,0.000314661756954,,0.3658857639,0.000127,1 ha worked,11_chara,4.64674920153e-05,,0.1219619213,0.000917,1 ha worked,12_chara,0.00011183908183209999,,0.2439238426,0.00062,1 ha worked,14_chara,0.000151232782412,,0.0,0.00037,1 ha worked,17_chara,0.0,,0.6910946117,2.91e-05,1 ha worked,15_chara,2.0110853200469997e-05,0.00079749613959807
C5_2024,C5,2024,tonne,Water use,m3 depriv.,,0.4878476853,2.11,1 ha worked,13_chara,1.029358615983,,0.1219619213,12.8,1 ha worked,16_chara,1.56111259264,,0.3658857639,0.8550000000000001,1 ha worked,11_chara,0.3128323281345,,0.1219619213,7.94,1 ha worked,12_chara,0.968377655122,,0.2439238426,6.409999999999999,1 ha worked,14_chara,1.5635518310659997,,0.0,3.44,1 ha worked,17_chara,0.0,,0.6910946117,0.235,1 ha worked,15_chara,0.16240723374949997,5.597640256695
C6_2022,C6,2022,tonne,Acidification,mol H+ eq,,1.7007185732,0.253,1 ha worked,13_chara,0.4302817990196,,0.4651162791,1.7899999999999998,1 ha worked,16_chara,0.8325581395889998,,0.9302325581,0.20199999999999999,1 ha worked,11_chara,0.1879069767362,,0.4651162791,1.1,1 ha worked,12_chara,0.51162790701,,0.4651162791,0.5670000000000001,1 ha worked,14_chara,0.2637209302497,,0.0,0.116,1 ha worked,17_chara,0.0,,2.2440222284,0.0167,1 ha worked,15_chara,0.03747517121428,2.26357092381878
C6_2022,C6,2022,tonne,Climate change,kg CO2 eq,,1.7007185732,26.88,1 ha worked,13_chara,45.715315247616,,0.4651162791,165.89,1 ha worked,16_chara,77.15813953989898,,0.9302325581,20.45,1 ha worked,11_chara,19.023255813145,,0.4651162791,124.18,1 ha worked,12_chara,57.758139538638,,0.4651162791,69.64999999999999,1 ha worked,14_chara,32.39534883931499,,0.0,28.27,1 ha worked,17_chara,0.0,,2.2440222284,1.93,1 ha worked,15_chara,4.330962900812,236.38116187942498
C6_2022,C6,2022,tonne,Climate change - Biogenic,kg CO2 eq,,1.7007185732,0.0373,1 ha worked,13_chara,0.06343680278036,,0.4651162791,0.17600000000000002,1 ha worked,16_chara,0.0818604651216,,0.9302325581,0.028499999999999998,1 ha worked,11_chara,0.02651162790585,,0.4651162791,0.145,1 ha worked,12_chara,0.06744186046949999,,0.4651162791,0.0992,1 ha worked,14_chara,0.04613953488672,,0.0,0.0452,1 ha worked,17_chara,0.0,,2.2440222284,0.0211,1 ha worked,15_chara,0.04734886901924,0.33273916018327
C6_2022,C6,2022,tonne,Climate change - Fossil,kg CO2 eq,,1.7007185732,26.830000000000002,1 ha worked,13_chara,45.630279318956006,,0.4651162791,165.57999999999998,1 ha worked,16_chara,77.01395349337798,,0.9302325581,20.41,1 ha worked,11_chara,18.986046510821,,0.4651162791,123.97,1 ha worked,12_chara,57.660465120027,,0.4651162791,69.50999999999999,1 ha worked,14_chara,32.330232560240994,,0.0,28.180000000000003,1 ha worked,17_chara,0.0,,2.2440222284,1.9100000000000001,1 ha worked,15_chara,4.286082456244,235.907059459667
C6_2022,C6,2022,tonne,Climate change - Land use and LU change,kg CO2 eq,,1.7007185732,0.0178,1 ha worked,13_chara,0.030272790602960002,,0.4651162791,0.131,1 ha worked,16_chara,0.0609302325621,,0.9302325581,0.00673,1 ha worked,11_chara,0.006260465116013,,0.4651162791,0.05789999999999999,1 ha worked,12_chara,0.026930232559889994,,0.4651162791,0.0494,1 ha worked,14_chara,0.022976744187539998,,0.0,0.0434,1 ha worked,17_chara,0.0,,2.2440222284,0.00132,1 ha worked,15_chara,0.002962109341488,0.15033257436999098
C6_2022,C6,2022,tonne,"Ecotoxicity, freshwater",CTUe,,1.7007185732,409.06,1 ha worked,13_chara,695.695939553192,,0.4651162791,2729.37,1 ha worked,16_chara,1269.474418687167,,0.9302325581,235.92,1 ha worked,11_chara,219.460465106952,,0.4651162791,1587.99,1 ha worked,12_chara,738.600000048009,,0.4651162791,1134.53,1 ha worked,14_chara,527.688372127323,,0.0,588.66,1 ha worked,17_chara,0.0,,2.2440222284,32.26,1 ha worked,15_chara,72.39215708818399,3523.311352610827
C6_2022,C6,2022,tonne,"Ecotoxicity, freshwater - inorganics",CTUe,,1.7007185732,66.27,1 ha worked,13_chara,112.706619845964,,0.4651162791,419.04999999999995,1 ha worked,16_chara,194.90697675685496,,0.9302325581,48.84,1 ha worked,11_chara,45.432558137604005,,0.4651162791,268.34,1 ha worked,12_chara,124.80930233369398,,0.4651162791,140.05,1 ha worked,14_chara,65.13953488795501,,0.0,58.77,1 ha worked,17_chara,0.0,,2.2440222284,4.59,1 ha worked,15_chara,10.300062028355999,553.2950539904281
C6_2022,C6,2022,tonne,"Ecotoxicity, freshwater - metals",CTUe,,1.7007185732,322.83,1 ha worked,13_chara,549.042976986156,,0.4651162791,2187.8900000000003,1 ha worked,16_chara,1017.6232558800991,,0.9302325581,170.45000000000002,1 ha worked,11_chara,158.55813952814503,,0.4651162791,1234.5,1 ha worked,12_chara,574.18604654895,,0.4651162791,954.07,1 ha worked,14_chara,443.753488400937,,0.0,515.3100000000001,1 ha worked,17_chara,0.0,,2.2440222284,26.36,1 ha worked,15_chara,59.152425940624,2802.3163332849113
C6_2022,C6,2022,tonne,"Ecotoxicity, freshwater - organics",CTUe,,1.7007185732,19.96,1 ha worked,13_chara,33.946342721072,,0.4651162791,122.43,1 ha worked,16_chara,56.944186050213,,0.9302325581,16.64,1 ha worked,11_chara,15.479069766784,,0.4651162791,85.15,1 ha worked,12_chara,39.604651165365,,0.4651162791,40.410000000000004,1 ha worked,14_chara,18.795348838431,,0.0,14.58,1 ha worked,17_chara,0.0,,2.2440222284,1.31,1 ha worked,15_chara,2.9396691192040003,167.70926766106902
C6_2022,C6,2022,tonne,"Eutrophication, freshwater",kg P eq,,1.7007185732,0.00346,1 ha worked,13_chara,0.005884486263272,,0.4651162791,0.0236,1 ha worked,16_chara,0.01097674418676,,0.9302325581,0.0014600000000000001,1 ha worked,11_chara,0.0013581395348260003,,0.4651162791,0.0129,1 ha worked,12_chara,0.00600000000039,,0.4651162791,0.0116,1 ha worked,14_chara,0.005395348837559999,,0.0,0.00685,1 ha worked,17_chara,0.0,,2.2440222284,0.000272,1 ha worked,15_chara,0.0006103740461248,0.030225092868932796
C6_2022,C6,2022,tonne,"Eutrophication, marine",kg N eq,,1.7007185732,0.1,1 ha worked,13_chara,0.17007185732000002,,0.4651162791,0.729,1 ha worked,16_chara,0.3390697674639,,0.9302325581,0.08460000000000001,1 ha worked,11_chara,0.07869767441526002,,0.4651162791,0.444,1 ha worked,12_chara,0.20651162792039998,,0.4651162791,0.213,1 ha worked,14_chara,0.0990697674483,,0.0,0.0206,1 ha worked,17_chara,0.0,,2.2440222284,0.0064600000000000005,1 ha worked,15_chara,0.014496383595464,0.907917078163324
C6_2022,C6,2022,tonne,"Eutrophication, terrestrial",mol N eq,,1.7007185732,1.1,1 ha worked,13_chara,1.8707904305200003,,0.4651162791,7.97,1 ha worked,16_chara,3.7069767444269996,,0.9302325581,0.927,1 ha worked,11_chara,0.8623255813587001,,0.4651162791,4.86,1 ha worked,12_chara,2.260465116426,,0.4651162791,2.33,1 ha worked,14_chara,1.083720930303,,0.0,0.21800000000000003,1 ha worked,17_chara,0.0,,2.2440222284,0.0704,1 ha worked,15_chara,0.15797916487936,9.94225796791406
C6_2022,C6,2022,tonne,"Human toxicity, cancer",CTUh,,1.7007185732,1.96e-08,1 ha worked,13_chara,3.333408403472e-08,,0.4651162791,1.34e-07,1 ha worked,16_chara,6.23255813994e-08,,0.9302325581,1.13e-08,1 ha worked,11_chara,1.0511627906530001e-08,,0.4651162791,1.03e-07,1 ha worked,12_chara,4.79069767473e-08,,0.4651162791,1.14e-07,1 ha worked,14_chara,5.30232558174e-08,,0.0,5.54e-08,1 ha worked,17_chara,0.0,,2.2440222284,1.91e-09,1 ha worked,15_chara,4.2860824562439994e-09,2.1138760836159402e-07
C6_2022,C6,2022,tonne,"Human toxicity, cancer - inorganics",CTUh,,1.7007185732,3.85e-17,1 ha worked,13_chara,6.54776650682e-17,,0.4651162791,2.22e-16,1 ha worked,16_chara,1.032558139602e-16,,0.9302325581,1.8099999999999998e-17,1 ha worked,11_chara,1.683720930161e-17,,0.4651162791,1.5199999999999998e-16,1 ha worked,12_chara,7.069767442319999e-17,,0.4651162791,1.3300000000000002e-16,1 ha worked,14_chara,6.18604651203e-17,,0.0,7.46e-17,1 ha worked,17_chara,0.0,,2.2440222284,2.89e-18,1 ha worked,15_chara,6.485224240076e-18,3.2461405211358597e-16
C6_2022,C6,2022,tonne,"Human toxicity, cancer - metals",CTUh,,1.7007185732,1.23e-08,1 ha worked,13_chara,2.091883845036e-08,,0.4651162791,8.47e-08,1 ha worked,16_chara,3.939534883977e-08,,0.9302325581,7.91e-09,1 ha worked,11_chara,7.358139534571e-09,,0.4651162791,6.970000000000001e-08,1 ha worked,12_chara,3.2418604653270005e-08,,0.4651162791,8.050000000000001e-08,1 ha worked,14_chara,3.7441860467550005e-08,,0.0,3.55e-08,1 ha worked,17_chara,0.0,,2.2440222284,1.23e-09,1 ha worked,15_chara,2.760147340932e-09,1.40292939286453e-07
C6_2022,C6,2022,tonne,"Human toxicity, cancer - organics",CTUh,,1.7007185732,7.2800000000000005e-09,1 ha worked,13_chara,1.2381231212896002e-08,,0.4651162791,4.98e-08,1 ha worked,16_chara,2.316279069918e-08,,0.9302325581,3.4000000000000003e-09,1 ha worked,11_chara,3.1627906975400002e-09,,0.4651162791,3.3e-08,1 ha worked,12_chara,1.53488372103e-08,,0.4651162791,3.34e-08,1 ha worked,14_chara,1.553488372194e-08,,0.0,2e-08,1 ha worked,17_chara,0.0,,2.2440222284,6.829999999999999e-10,1 ha worked,15_chara,1.5326671819971998e-09,7.11232007238532e-08
C6_2022,C6,2022,tonne,"Human toxicity, non-cancer",CTUh,,1.7007185732,5.989999999999999e-07,1 ha worked,13_chara,1.0187304253467999e-06,,0.4651162791,3.46e-06,1 ha worked,16_chara,1.6093023256859998e-06,,0.9302325581,8.92e-07,1 ha worked,11_chara,8.297674418252001e-07,,0.4651162791,2e-06,1 ha worked,12_chara,9.302325581999999e-07,,0.4651162791,1.37e-06,1 ha worked,14_chara,6.37209302367e-07,,0.0,1.0700000000000001e-06,1 ha worked,17_chara,0.0,,2.2440222284,1.27e-07,1 ha worked,15_chara,2.849908230068e-07,5.3102328764317994e-06
C6_2022,C6,2022,tonne,"Human toxicity, non-cancer - inorganics",CTUh,,1.7007185732,1.6900000000000002e-07,1 ha worked,13_chara,2.8742143887080005e-07,,0.4651162791,1.12e-06,1 ha worked,16_chara,5.20930232592e-07,,0.9302325581,8.97e-08,1 ha worked,11_chara,8.344186046157e-08,,0.4651162791,8.100000000000001e-07,1 ha worked,12_chara,3.76744186071e-07,,0.4651162791,6.54e-07,1 ha worked,14_chara,3.0418604653139997e-07,,0.0,3.12e-07,1 ha worked,17_chara,0.0,,2.2440222284,1.02e-08,1 ha worked,15_chara,2.288902672968e-08,1.5956127912564502e-06
C6_2022,C6,2022,tonne,"Human toxicity, non-cancer - metals",CTUh,,1.7007185732,4.1999999999999995e-07,1 ha worked,13_chara,7.143018007439999e-07,,0.4651162791,2.26e-06,1 ha worked,16_chara,1.051162790766e-06,,0.9302325581,7.98e-07,1 ha worked,11_chara,7.423255813638e-07,,0.4651162791,1.16e-06,1 ha worked,12_chara,5.395348837559999e-07,,0.4651162791,6.99e-07,1 ha worked,14_chara,3.2511627909089997e-07,,0.0,7.47e-07,1 ha worked,17_chara,0.0,,2.2440222284,1.16e-07,1 ha worked,15_chara,2.603065784944e-07,3.6327479142150997e-06
C6_2022,C6,2022,tonne,"Human toxicity, non-cancer - organics",CTUh,,1.7007185732,1.16e-08,1 ha worked,13_chara,1.972833544912e-08,,0.4651162791,8.660000000000001e-08,1 ha worked,16_chara,4.0279069770060004e-08,,0.9302325581,5.48e-09,1 ha worked,11_chara,5.097674418388e-09,,0.4651162791,3.8200000000000005e-08,1 ha worked,12_chara,1.776744186162e-08,,0.4651162791,2.67e-08,1 ha worked,14_chara,1.241860465197e-08,,0.0,1.5299999999999998e-08,1 ha worked,17_chara,0.0,,2.2440222284,1.08e-09,1 ha worked,15_chara,2.423544006672e-09,9.771467015783e-08
C6_2022,C6,2022,tonne,Ionising radiation,kBq U-235 eq,,1.7007185732,1.72,1 ha worked,13_chara,2.9252359459040003,,0.4651162791,10.49,1 ha worked,16_chara,4.879069767759,,0.9302325581,1.27,1 ha worked,11_chara,1.1813953487870001,,0.4651162791,7.89,1 ha worked,12_chara,3.669767442099,,0.4651162791,4.319999999999999,1 ha worked,14_chara,2.0093023257119995,,0.0,1.75,1 ha worked,17_chara,0.0,,2.2440222284,0.115,1 ha worked,15_chara,0.258062556266,14.922833386526998
C6_2022,C6,2022,tonne,Land use,Pt,,1.7007185732,145.23,1 ha worked,13_chara,246.995358385836,,0.4651162791,800.14,1 ha worked,16_chara,372.15813955907396,,0.9302325581,137.54,1 ha worked,11_chara,127.944186041074,,0.4651162791,641.1899999999999,1 ha worked,12_chara,298.227906996129,,0.4651162791,418.1,1 ha worked,14_chara,194.46511629171,,0.0,168.95000000000002,1 ha worked,17_chara,0.0,,2.2440222284,100.13,1 ha worked,15_chara,224.693945729692,1464.484653003515
C6_2022,C6,2022,tonne,Ozone depletion,kg CFC11 eq,,1.7007185732,4.960000000000001e-06,1 ha worked,13_chara,8.435564123072001e-06,,0.4651162791,3.03e-05,1 ha worked,16_chara,1.409302325673e-05,,0.9302325581,4.17e-06,1 ha worked,11_chara,3.879069767277e-06,,0.4651162791,2.13e-05,1 ha worked,12_chara,9.906976744829999e-06,,0.4651162791,9.97e-06,1 ha worked,14_chara,4.6372093026269995e-06,,0.0,3.52e-06,1 ha worked,17_chara,0.0,,2.2440222284,3.2200000000000005e-07,1 ha worked,15_chara,7.225751575448001e-07,4.1674418352080796e-05
C6_2022,C6,2022,tonne,Particulate matter,disease inc.,,1.7007185732,8.429999999999999e-07,1 ha worked,13_chara,1.4337057572075999e-06,,0.4651162791,5.39e-06,1 ha worked,16_chara,2.506976744349e-06,,0.9302325581,6.229999999999999e-07,1 ha worked,11_chara,5.795348836963e-07,,0.4651162791,3.6599999999999997e-06,1 ha worked,12_chara,1.7023255815059998e-06,,0.4651162791,2.78e-06,1 ha worked,14_chara,1.293023255898e-06,,0.0,1.42e-06,1 ha worked,17_chara,0.0,,2.2440222284,1.22e-07,1 ha worked,15_chara,2.7377071186480003e-07,7.7893369345217e-06
C6_2022,C6,2022,tonne,Photochemical ozone formation,kg NMVOC eq,,1.7007185732,0.305,1 ha worked,13_chara,0.518719164826,,0.4651162791,2.2,1 ha worked,16_chara,1.02325581402,,0.9302325581,0.249,1 ha worked,11_chara,0.2316279069669,,0.4651162791,1.33,1 ha worked,12_chara,0.618604651203,,0.4651162791,0.67,1 ha worked,14_chara,0.311627906997,,0.0,0.107,1 ha worked,17_chara,0.0,,2.2440222284,0.0194,1 ha worked,15_chara,0.04353403123096,2.74736947524386
C6_2022,C6,2022,tonne,"Resource use, fossils",MJ,,1.7007185732,357.29999999999995,1 ha worked,13_chara,607.6667462043599,,0.4651162791,2174.67,1 ha worked,16_chara,1011.474418670397,,0.9302325581,273.81,1 ha worked,11_chara,254.70697673336102,,0.4651162791,1630.72,1 ha worked,12_chara,758.474418653952,,0.4651162791,863.0400000000001,1 ha worked,14_chara,401.413953514464,,0.0,337.64000000000004,1 ha worked,17_chara,0.0,,2.2440222284,23.53,1 ha worked,15_chara,52.801843034252,3086.538356810786
C6_2022,C6,2022,tonne,"Resource use, minerals and metals",kg Sb eq,,1.7007185732,0.00031400000000000004,1 ha worked,13_chara,0.0005340256319848001,,0.4651162791,0.0025800000000000003,1 ha worked,16_chara,0.001200000000078,,0.9302325581,0.000127,1 ha worked,11_chara,0.00011813953487870001,,0.4651162791,0.000917,1 ha worked,12_chara,0.0004265116279347,,0.4651162791,0.00062,1 ha worked,14_chara,0.000288372093042,,0.0,0.00037,1 ha worked,17_chara,0.0,,2.2440222284,2.91e-05,1 ha worked,15_chara,6.530104684644e-05,0.0026323499347646407
C6_2022,C6,2022,tonne,Water use,m3 depriv.,,1.7007185732,2.11,1 ha worked,13_chara,3.588516189452,,0.4651162791,12.8,1 ha worked,16_chara,5.95348837248,,0.9302325581,0.8550000000000001,1 ha worked,11_chara,0.7953488371755001,,0.4651162791,7.94,1 ha worked,12_chara,3.693023256054,,0.4651162791,6.409999999999999,1 ha worked,14_chara,2.9813953490309997,,0.0,3.44,1 ha worked,17_chara,0.0,,2.2440222284,0.235,1 ha worked,15_chara,0.5273452236739999,17.539117227866498
C6_2023,C6,2023,tonne,Acidification,mol H+ eq,,1.0416666667,0.253,1 ha worked,13_chara,0.26354166667510004,,0.3472222222,1.7899999999999998,1 ha worked,16_chara,0.6215277777379999,,0.6944444444,0.20199999999999999,1 ha worked,11_chara,0.1402777777688,,0.3472222222,1.1,1 ha worked,12_chara,0.38194444442000003,,0.3472222222,0.5670000000000001,1 ha worked,14_chara,0.19687499998740002,,0.0,0.116,1 ha worked,17_chara,0.0,,2.3139193667,0.0167,1 ha worked,15_chara,0.03864245342389,1.64280912001319
C6_2023,C6,2023,tonne,Climate change,kg CO2 eq,,1.0416666667,26.88,1 ha worked,13_chara,28.000000000896,,0.3472222222,165.89,1 ha worked,16_chara,57.60069444075799,,0.6944444444,20.45,1 ha worked,11_chara,14.201388887979999,,0.3472222222,124.18,1 ha worked,12_chara,43.118055552796,,0.3472222222,69.64999999999999,1 ha worked,14_chara,24.184027776229996,,0.0,28.27,1 ha worked,17_chara,0.0,,2.3139193667,1.93,1 ha worked,15_chara,4.465864377731,171.57003103639101
C6_2023,C6,2023,tonne,Climate change - Biogenic,kg CO2 eq,,1.0416666667,0.0373,1 ha worked,13_chara,0.03885416666791,,0.3472222222,0.17600000000000002,1 ha worked,16_chara,0.0611111111072,,0.6944444444,0.028499999999999998,1 ha worked,11_chara,0.0197916666654,,0.3472222222,0.145,1 ha worked,12_chara,0.050347222218999996,,0.3472222222,0.0992,1 ha worked,14_chara,0.03444444444224,,0.0,0.0452,1 ha worked,17_chara,0.0,,2.3139193667,0.0211,1 ha worked,15_chara,0.04882369863737,0.25337230973912
C6_2023,C6,2023,tonne,Climate change - Fossil,kg CO2 eq,,1.0416666667,26.830000000000002,1 ha worked,13_chara,27.947916667561003,,0.3472222222,165.57999999999998,1 ha worked,16_chara,57.49305555187599,,0.6944444444,20.41,1 ha worked,11_chara,14.173611110204,,0.3472222222,123.97,1 ha worked,12_chara,43.045138886134,,0.3472222222,69.50999999999999,1 ha worked,14_chara,24.135416665121994,,0.0,28.180000000000003,1 ha worked,17_chara,0.0,,2.3139193667,1.9100000000000001,1 ha worked,15_chara,4.4195859903970005,171.21472487129398
C6_2023,C6,2023,tonne,Climate change - Land use and LU change,kg CO2 eq,,1.0416666667,0.0178,1 ha worked,13_chara,0.018541666667260003,,0.3472222222,0.131,1 ha worked,16_chara,0.0454861111082,,0.6944444444,0.00673,1 ha worked,11_chara,0.004673611110812,,0.3472222222,0.05789999999999999,1 ha worked,12_chara,0.020104166665379997,,0.3472222222,0.0494,1 ha worked,14_chara,0.01715277777668,,0.0,0.0434,1 ha worked,17_chara,0.0,,2.3139193667,0.00132,1 ha worked,15_chara,0.003054373564044,0.109012706892376
C6_2023,C6,2023,tonne,"Ecotoxicity, freshwater",CTUe,,1.0416666667,409.06,1 ha worked,13_chara,426.10416668030206,,0.3472222222,2729.37,1 ha worked,16_chara,947.6979166060139,,0.6944444444,235.92,1 ha worked,11_chara,163.83333332284798,,0.3472222222,1587.99,1 ha worked,12_chara,551.385416631378,,0.3472222222,1134.53,1 ha worked,14_chara,393.93402775256595,,0.0,588.66,1 ha worked,17_chara,0.0,,2.3139193667,32.26,1 ha worked,15_chara,74.647038769742,2557.60189976285
C6_2023,C6,2023,tonne,"Ecotoxicity, freshwater - inorganics",CTUe,,1.0416666667,66.27,1 ha worked,13_chara,69.031250002209,,0.3472222222,419.04999999999995,1 ha worked,16_chara,145.50347221290997,,0.6944444444,48.84,1 ha worked,11_chara,33.916666664496,,0.3472222222,268.34,1 ha worked,12_chara,93.17361110514798,,0.3472222222,140.05,1 ha worked,14_chara,48.62847221911,,0.0,58.77,1 ha worked,17_chara,0.0,,2.3139193667,4.59,1 ha worked,15_chara,10.620889893152999,400.87436209702594
C6_2023,C6,2023,tonne,"Ecotoxicity, freshwater - metals",CTUe,,1.0416666667,322.83,1 ha worked,13_chara,336.281250010761,,0.3472222222,2187.8900000000003,1 ha worked,16_chara,759.6840277291581,,0.6944444444,170.45000000000002,1 ha worked,11_chara,118.36805554798,,0.3472222222,1234.5,1 ha worked,12_chara,428.6458333059,,0.3472222222,954.07,1 ha worked,14_chara,331.274305534354,,0.0,515.3100000000001,1 ha worked,17_chara,0.0,,2.3139193667,26.36,1 ha worked,15_chara,60.994914506212,2035.248386634365
C6_2023,C6,2023,tonne,"Ecotoxicity, freshwater - organics",CTUe,,1.0416666667,19.96,1 ha worked,13_chara,20.791666667332002,,0.3472222222,122.43,1 ha worked,16_chara,42.510416663946,,0.6944444444,16.64,1 ha worked,11_chara,11.555555554816,,0.3472222222,85.15,1 ha worked,12_chara,29.56597222033,,0.3472222222,40.410000000000004,1 ha worked,14_chara,14.031249999102,,0.0,14.58,1 ha worked,17_chara,0.0,,2.3139193667,1.31,1 ha worked,15_chara,3.031234370377,121.48609547590301
C6_2023,C6,2023,tonne,"Eutrophication, freshwater",kg P eq,,1.0416666667,0.00346,1 ha worked,13_chara,0.003604166666782,,0.3472222222,0.0236,1 ha worked,16_chara,0.00819444444392,,0.6944444444,0.0014600000000000001,1 ha worked,11_chara,0.001013888888824,,0.3472222222,0.0129,1 ha worked,12_chara,0.0044791666663799995,,0.3472222222,0.0116,1 ha worked,14_chara,0.0040277777775199995,,0.0,0.00685,1 ha worked,17_chara,0.0,,2.3139193667,0.000272,1 ha worked,15_chara,0.0006293860677424,0.021948830511168402
C6_2023,C6,2023,tonne,"Eutrophication, marine",kg N eq,,1.0416666667,0.1,1 ha worked,13_chara,0.10416666667000002,,0.3472222222,0.729,1 ha worked,16_chara,0.2531249999838,,0.6944444444,0.08460000000000001,1 ha worked,11_chara,0.058749999996240004,,0.3472222222,0.444,1 ha worked,12_chara,0.15416666665679998,,0.3472222222,0.213,1 ha worked,14_chara,0.0739583333286,,0.0,0.0206,1 ha worked,17_chara,0.0,,2.3139193667,0.0064600000000000005,1 ha worked,15_chara,0.014947919108882001,0.6591145857443221
C6_2023,C6,2023,tonne,"Eutrophication, terrestrial",mol N eq,,1.0416666667,1.1,1 ha worked,13_chara,1.1458333333700002,,0.3472222222,7.97,1 ha worked,16_chara,2.767361110934,,0.6944444444,0.927,1 ha worked,11_chara,0.6437499999588,,0.3472222222,4.86,1 ha worked,12_chara,1.687499999892,,0.3472222222,2.33,1 ha worked,14_chara,0.809027777726,,0.0,0.21800000000000003,1 ha worked,17_chara,0.0,,2.3139193667,0.0704,1 ha worked,15_chara,0.16289992341568002,7.216372145296481
C6_2023,C6,2023,tonne,"Human toxicity, cancer",CTUh,,1.0416666667,1.96e-08,1 ha worked,13_chara,2.041666666732e-08,,0.3472222222,1.34e-07,1 ha worked,16_chara,4.65277777748e-08,,0.6944444444,1.13e-08,1 ha worked,11_chara,7.84722222172e-09,,0.3472222222,1.03e-07,1 ha worked,12_chara,3.57638888866e-08,,0.3472222222,1.14e-07,1 ha worked,14_chara,3.95833333308e-08,,0.0,5.54e-08,1 ha worked,17_chara,0.0,,2.3139193667,1.91e-09,1 ha worked,15_chara,4.419585990396999e-09,1.5455847487163698e-07
C6_2023,C6,2023,tonne,"Human toxicity, cancer - inorganics",CTUh,,1.0416666667,3.85e-17,1 ha worked,13_chara,4.010416666795e-17,,0.3472222222,2.22e-16,1 ha worked,16_chara,7.70833333284e-17,,0.6944444444,1.8099999999999998e-17,1 ha worked,11_chara,1.2569444443639998e-17,,0.3472222222,1.5199999999999998e-16,1 ha worked,12_chara,5.277777777439999e-17,,0.3472222222,1.3300000000000002e-16,1 ha worked,14_chara,4.61805555526e-17,,0.0,7.46e-17,1 ha worked,17_chara,0.0,,2.3139193667,2.89e-18,1 ha worked,15_chara,6.687226969763e-18,2.35402504736753e-16
C6_2023,C6,2023,tonne,"Human toxicity, cancer - metals",CTUh,,1.0416666667,1.23e-08,1 ha worked,13_chara,1.281250000041e-08,,0.3472222222,8.47e-08,1 ha worked,16_chara,2.9409722220339998e-08,,0.6944444444,7.91e-09,1 ha worked,11_chara,5.4930555552039995e-09,,0.3472222222,6.970000000000001e-08,1 ha worked,12_chara,2.4201388887340003e-08,,0.3472222222,8.050000000000001e-08,1 ha worked,14_chara,2.7951388887100002e-08,,0.0,3.55e-08,1 ha worked,17_chara,0.0,,2.3139193667,1.23e-09,1 ha worked,15_chara,2.8461208210410002e-09,1.02714176371435e-07
C6_2023,C6,2023,tonne,"Human toxicity, cancer - organics",CTUh,,1.0416666667,7.2800000000000005e-09,1 ha worked,13_chara,7.583333333576002e-09,,0.3472222222,4.98e-08,1 ha worked,16_chara,1.729166666556e-08,,0.6944444444,3.4000000000000003e-09,1 ha worked,11_chara,2.36111111096e-09,,0.3472222222,3.3e-08,1 ha worked,12_chara,1.1458333332599998e-08,,0.3472222222,3.34e-08,1 ha worked,14_chara,1.159722222148e-08,,0.0,2e-08,1 ha worked,17_chara,0.0,,2.3139193667,6.829999999999999e-10,1 ha worked,15_chara,1.5804069274560998e-09,5.1872073591632095e-08
C6_2023,C6,2023,tonne,"Human toxicity, non-cancer",CTUh,,1.0416666667,5.989999999999999e-07,1 ha worked,13_chara,6.239583333532999e-07,,0.3472222222,3.46e-06,1 ha worked,16_chara,1.2013888888119999e-06,,0.6944444444,8.92e-07,1 ha worked,11_chara,6.194444444047999e-07,,0.3472222222,2e-06,1 ha worked,12_chara,6.944444443999999e-07,,0.3472222222,1.37e-06,1 ha worked,14_chara,4.7569444441399997e-07,,0.0,1.0700000000000001e-06,1 ha worked,17_chara,0.0,,2.3139193667,1.27e-07,1 ha worked,15_chara,2.9386775957090004e-07,3.908798314954999e-06
C6_2023,C6,2023,tonne,"Human toxicity, non-cancer - inorganics",CTUh,,1.0416666667,1.6900000000000002e-07,1 ha worked,13_chara,1.7604166667230004e-07,,0.3472222222,1.12e-06,1 ha worked,16_chara,3.88888888864e-07,,0.6944444444,8.97e-08,1 ha worked,11_chara,6.229166666268e-08,,0.3472222222,8.100000000000001e-07,1 ha worked,12_chara,2.8124999998200003e-07,,0.3472222222,6.54e-07,1 ha worked,14_chara,2.270833333188e-07,,0.0,3.12e-07,1 ha worked,17_chara,0.0,,2.3139193667,1.02e-08,1 ha worked,15_chara,2.360197754034e-08,1.1591575330401202e-06
C6_2023,C6,2023,tonne,"Human toxicity, non-cancer - metals",CTUh,,1.0416666667,4.1999999999999995e-07,1 ha worked,13_chara,4.3750000001399997e-07,,0.3472222222,2.26e-06,1 ha worked,16_chara,7.847222221719999e-07,,0.6944444444,7.98e-07,1 ha worked,11_chara,5.541666666312e-07,,0.3472222222,1.16e-06,1 ha worked,12_chara,4.0277777775199997e-07,,0.3472222222,6.99e-07,1 ha worked,14_chara,2.427083333178e-07,,0.0,7.47e-07,1 ha worked,17_chara,0.0,,2.3139193667,1.16e-07,1 ha worked,15_chara,2.684146465372e-07,2.6902896464241994e-06
C6_2023,C6,2023,tonne,"Human toxicity, non-cancer - organics",CTUh,,1.0416666667,1.16e-08,1 ha worked,13_chara,1.2083333333720001e-08,,0.3472222222,8.660000000000001e-08,1 ha worked,16_chara,3.006944444252e-08,,0.6944444444,5.48e-09,1 ha worked,11_chara,3.805555555312e-09,,0.3472222222,3.8200000000000005e-08,1 ha worked,12_chara,1.326388888804e-08,,0.3472222222,2.67e-08,1 ha worked,14_chara,9.27083333274e-09,,0.0,1.5299999999999998e-08,1 ha worked,17_chara,0.0,,2.3139193667,1.08e-09,1 ha worked,15_chara,2.499032916036e-09,7.0992088468368e-08
C6_2023,C6,2023,tonne,Ionising radiation,kBq U-235 eq,,1.0416666667,1.72,1 ha worked,13_chara,1.7916666667240002,,0.3472222222,10.49,1 ha worked,16_chara,3.642361110878,,0.6944444444,1.27,1 ha worked,11_chara,0.881944444388,,0.3472222222,7.89,1 ha worked,12_chara,2.739583333158,,0.3472222222,4.319999999999999,1 ha worked,14_chara,1.4999999999039997,,0.0,1.75,1 ha worked,17_chara,0.0,,2.3139193667,0.115,1 ha worked,15_chara,0.2661007271705,10.8216562822225
C6_2023,C6,2023,tonne,Land use,Pt,,1.0416666667,145.23,1 ha worked,13_chara,151.281250004841,,0.3472222222,800.14,1 ha worked,16_chara,277.826388871108,,0.6944444444,137.54,1 ha worked,11_chara,95.51388888277599,,0.3472222222,641.1899999999999,1 ha worked,12_chara,222.63541665241797,,0.3472222222,418.1,1 ha worked,14_chara,145.17361110182,,0.0,168.95000000000002,1 ha worked,17_chara,0.0,,2.3139193667,100.13,1 ha worked,15_chara,231.692746187671,1124.1233017006339
C6_2023,C6,2023,tonne,Ozone depletion,kg CFC11 eq,,1.0416666667,4.960000000000001e-06,1 ha worked,13_chara,5.1666666668320015e-06,,0.3472222222,3.03e-05,1 ha worked,16_chara,1.052083333266e-05,,0.6944444444,4.17e-06,1 ha worked,11_chara,2.895833333148e-06,,0.3472222222,2.13e-05,1 ha worked,12_chara,7.395833332859999e-06,,0.3472222222,9.97e-06,1 ha worked,14_chara,3.4618055553339995e-06,,0.0,3.52e-06,1 ha worked,17_chara,0.0,,2.3139193667,3.2200000000000005e-07,1 ha worked,15_chara,7.450820360774001e-07,3.01860542569114e-05
C6_2023,C6,2023,tonne,Particulate matter,disease inc.,,1.0416666667,8.429999999999999e-07,1 ha worked,13_chara,8.781250000281e-07,,0.3472222222,5.39e-06,1 ha worked,16_chara,1.871527777658e-06,,0.6944444444,6.229999999999999e-07,1 ha worked,11_chara,4.326388888611999e-07,,0.3472222222,3.6599999999999997e-06,1 ha worked,12_chara,1.2708333332519998e-06,,0.3472222222,2.78e-06,1 ha worked,14_chara,9.65277777716e-07,,0.0,1.42e-06,1 ha worked,17_chara,0.0,,2.3139193667,1.22e-07,1 ha worked,15_chara,2.8229816273740003e-07,5.7007009402526995e-06
C6_2023,C6,2023,tonne,Photochemical ozone formation,kg NMVOC eq,,1.0416666667,0.305,1 ha worked,13_chara,0.3177083333435,,0.3472222222,2.2,1 ha worked,16_chara,0.7638888888400001,,0.6944444444,0.249,1 ha worked,11_chara,0.1729166666556,,0.3472222222,1.33,1 ha worked,12_chara,0.461805555526,,0.3472222222,0.67,1 ha worked,14_chara,0.232638888874,,0.0,0.107,1 ha worked,17_chara,0.0,,2.3139193667,0.0194,1 ha worked,15_chara,0.04489003571398,1.99384836895308
C6_2023,C6,2023,tonne,"Resource use, fossils",MJ,,1.0416666667,357.29999999999995,1 ha worked,13_chara,372.18750001191,,0.3472222222,2174.67,1 ha worked,16_chara,755.093749951674,,0.6944444444,273.81,1 ha worked,11_chara,190.145833321164,,0.3472222222,1630.72,1 ha worked,12_chara,566.222222185984,,0.3472222222,863.0400000000001,1 ha worked,14_chara,299.666666647488,,0.0,337.64000000000004,1 ha worked,17_chara,0.0,,2.3139193667,23.53,1 ha worked,15_chara,54.446522698451005,2237.7624948166713
C6_2023,C6,2023,tonne,"Resource use, minerals and metals",kg Sb eq,,1.0416666667,0.00031400000000000004,1 ha worked,13_chara,0.0003270833333438001,,0.3472222222,0.0025800000000000003,1 ha worked,16_chara,0.0008958333332760001,,0.6944444444,0.000127,1 ha worked,11_chara,8.819444443879999e-05,,0.3472222222,0.000917,1 ha worked,12_chara,0.00031840277775739995,,0.3472222222,0.00062,1 ha worked,14_chara,0.00021527777776399998,,0.0,0.00037,1 ha worked,17_chara,0.0,,2.3139193667,2.91e-05,1 ha worked,15_chara,6.733505357097e-05,0.0019121267201509702
C6_2023,C6,2023,tonne,Water use,m3 depriv.,,1.0416666667,2.11,1 ha worked,13_chara,2.197916666737,,0.3472222222,12.8,1 ha worked,16_chara,4.44444444416,,0.6944444444,0.8550000000000001,1 ha worked,11_chara,0.5937499999620001,,0.3472222222,7.94,1 ha worked,12_chara,2.756944444268,,0.3472222222,6.409999999999999,1 ha worked,14_chara,2.2256944443019995,,0.0,3.44,1 ha worked,17_chara,0.0,,2.3139193667,0.235,1 ha worked,15_chara,0.5437710511745,12.762521050603501
C6_2024,C6,2024,tonne,Acidification,mol H+ eq,,0.4137931034,0.253,1 ha worked,13_chara,0.1046896551602,,0.3187779036,1.7899999999999998,1 ha worked,16_chara,0.570612447444,,0.275862069,0.20199999999999999,1 ha worked,11_chara,0.05572413793799999,,0.1379310345,1.1,1 ha worked,12_chara,0.15172413795,,0.1379310345,0.5670000000000001,1 ha worked,14_chara,0.07820689656150001,,0.0,0.116,1 ha worked,17_chara,0.0,,0.8307660998,0.0167,1 ha worked,15_chara,0.01387379386666,0.97483106892036
C6_2024,C6,2024,tonne,Climate change,kg CO2 eq,,0.4137931034,26.88,1 ha worked,13_chara,11.122758619391998,,0.3187779036,165.89,1 ha worked,16_chara,52.882066428204,,0.275862069,20.45,1 ha worked,11_chara,5.64137931105,,0.1379310345,124.18,1 ha worked,12_chara,17.12827586421,,0.1379310345,69.64999999999999,1 ha worked,14_chara,9.606896552924999,,0.0,28.27,1 ha worked,17_chara,0.0,,0.8307660998,1.93,1 ha worked,15_chara,1.603378572614,97.984755348395
C6_2024,C6,2024,tonne,Climate change - Biogenic,kg CO2 eq,,0.4137931034,0.0373,1 ha worked,13_chara,0.015434482756819998,,0.3187779036,0.17600000000000002,1 ha worked,16_chara,0.05610491103360001,,0.275862069,0.028499999999999998,1 ha worked,11_chara,0.0078620689665,,0.1379310345,0.145,1 ha worked,12_chara,0.020000000002499997,,0.1379310345,0.0992,1 ha worked,14_chara,0.0136827586224,,0.0,0.0452,1 ha worked,17_chara,0.0,,0.8307660998,0.0211,1 ha worked,15_chara,0.01752916470578,0.1306133860876
C6_2024,C6,2024,tonne,Climate change - Fossil,kg CO2 eq,,0.4137931034,26.830000000000002,1 ha worked,13_chara,11.102068964222,,0.3187779036,165.57999999999998,1 ha worked,16_chara,52.783245278087996,,0.275862069,20.41,1 ha worked,11_chara,5.63034482829,,0.1379310345,123.97,1 ha worked,12_chara,17.099310346964998,,0.1379310345,69.50999999999999,1 ha worked,14_chara,9.587586208094999,,0.0,28.180000000000003,1 ha worked,17_chara,0.0,,0.8307660998,1.9100000000000001,1 ha worked,15_chara,1.5867632506180003,97.789318876278
C6_2024,C6,2024,tonne,Climate change - Land use and LU change,kg CO2 eq,,0.4137931034,0.0178,1 ha worked,13_chara,0.007365517240519999,,0.3187779036,0.131,1 ha worked,16_chara,0.04175990537160001,,0.275862069,0.00673,1 ha worked,11_chara,0.0018565517243699999,,0.1379310345,0.05789999999999999,1 ha worked,12_chara,0.007986206897549999,,0.1379310345,0.0494,1 ha worked,14_chara,0.0068137931042999995,,0.0,0.0434,1 ha worked,17_chara,0.0,,0.8307660998,0.00132,1 ha worked,15_chara,0.001096611251736,0.066878585590076
C6_2024,C6,2024,tonne,"Ecotoxicity, freshwater",CTUe,,0.4137931034,409.06,1 ha worked,13_chara,169.26620687680398,,0.3187779036,2729.37,1 ha worked,16_chara,870.062846748732,,0.275862069,235.92,1 ha worked,11_chara,65.08137931847999,,0.1379310345,1587.99,1 ha worked,12_chara,219.033103475655,,0.1379310345,1134.53,1 ha worked,14_chara,156.486896571285,,0.0,588.66,1 ha worked,17_chara,0.0,,0.8307660998,32.26,1 ha worked,15_chara,26.800514379547998,1506.730947370504
C6_2024,C6,2024,tonne,"Ecotoxicity, freshwater - inorganics",CTUe,,0.4137931034,66.27,1 ha worked,13_chara,27.422068962317997,,0.3187779036,419.04999999999995,1 ha worked,16_chara,133.58388050358,,0.275862069,48.84,1 ha worked,11_chara,13.47310344996,,0.1379310345,268.34,1 ha worked,12_chara,37.01241379773,,0.1379310345,140.05,1 ha worked,14_chara,19.317241381725,,0.0,58.77,1 ha worked,17_chara,0.0,,0.8307660998,4.59,1 ha worked,15_chara,3.813216398082,234.62192449339503
C6_2024,C6,2024,tonne,"Ecotoxicity, freshwater - metals",CTUe,,0.4137931034,322.83,1 ha worked,13_chara,133.584827570622,,0.3187779036,2187.8900000000003,1 ha worked,16_chara,697.4509875074042,,0.275862069,170.45000000000002,1 ha worked,11_chara,47.02068966105,,0.1379310345,1234.5,1 ha worked,12_chara,170.27586209025,,0.1379310345,954.07,1 ha worked,14_chara,131.595862085415,,0.0,515.3100000000001,1 ha worked,17_chara,0.0,,0.8307660998,26.36,1 ha worked,15_chara,21.898994390728,1201.8272233054693
C6_2024,C6,2024,tonne,"Ecotoxicity, freshwater - organics",CTUe,,0.4137931034,19.96,1 ha worked,13_chara,8.259310343864,,0.3187779036,122.43,1 ha worked,16_chara,39.02797873774801,,0.275862069,16.64,1 ha worked,11_chara,4.59034482816,,0.1379310345,85.15,1 ha worked,12_chara,11.744827587675001,,0.1379310345,40.410000000000004,1 ha worked,14_chara,5.573793104145,,0.0,14.58,1 ha worked,17_chara,0.0,,0.8307660998,1.31,1 ha worked,15_chara,1.088303590738,70.28455819233
C6_2024,C6,2024,tonne,"Eutrophication, freshwater",kg P eq,,0.4137931034,0.00346,1 ha worked,13_chara,0.001431724137764,,0.3187779036,0.0236,1 ha worked,16_chara,0.00752315852496,,0.275862069,0.0014600000000000001,1 ha worked,11_chara,0.00040275862074,,0.1379310345,0.0129,1 ha worked,12_chara,0.00177931034505,,0.1379310345,0.0116,1 ha worked,14_chara,0.0016000000001999998,,0.0,0.00685,1 ha worked,17_chara,0.0,,0.8307660998,0.000272,1 ha worked,15_chara,0.0002259683791456,0.012962920007859601
C6_2024,C6,2024,tonne,"Eutrophication, marine",kg N eq,,0.4137931034,0.1,1 ha worked,13_chara,0.04137931034,,0.3187779036,0.729,1 ha worked,16_chara,0.2323890917244,,0.275862069,0.08460000000000001,1 ha worked,11_chara,0.023337931037400002,,0.1379310345,0.444,1 ha worked,12_chara,0.061241379318,,0.1379310345,0.213,1 ha worked,14_chara,0.0293793103485,,0.0,0.0206,1 ha worked,17_chara,0.0,,0.8307660998,0.0064600000000000005,1 ha worked,15_chara,0.005366749004708001,0.393093771773008
C6_2024,C6,2024,tonne,"Eutrophication, terrestrial",mol N eq,,0.4137931034,1.1,1 ha worked,13_chara,0.45517241374,,0.3187779036,7.97,1 ha worked,16_chara,2.540659891692,,0.275862069,0.927,1 ha worked,11_chara,0.255724137963,,0.1379310345,4.86,1 ha worked,12_chara,0.67034482767,,0.1379310345,2.33,1 ha worked,14_chara,0.321379310385,,0.0,0.21800000000000003,1 ha worked,17_chara,0.0,,0.8307660998,0.0704,1 ha worked,15_chara,0.058485933425920004,4.30176651487592
C6_2024,C6,2024,tonne,"Human toxicity, cancer",CTUh,,0.4137931034,1.96e-08,1 ha worked,13_chara,8.110344826639999e-09,,0.3187779036,1.34e-07,1 ha worked,16_chara,4.2716239082400004e-08,,0.275862069,1.13e-08,1 ha worked,11_chara,3.1172413797e-09,,0.1379310345,1.03e-07,1 ha worked,12_chara,1.4206896553499998e-08,,0.1379310345,1.14e-07,1 ha worked,14_chara,1.5724137932999998e-08,,0.0,5.54e-08,1 ha worked,17_chara,0.0,,0.8307660998,1.91e-09,1 ha worked,15_chara,1.5867632506179999e-09,8.546162302585801e-08
C6_2024,C6,2024,tonne,"Human toxicity, cancer - inorganics",CTUh,,0.4137931034,3.85e-17,1 ha worked,13_chara,1.5931034480899997e-17,,0.3187779036,2.22e-16,1 ha worked,16_chara,7.07686945992e-17,,0.275862069,1.8099999999999998e-17,1 ha worked,11_chara,4.993103448899999e-18,,0.1379310345,1.5199999999999998e-16,1 ha worked,12_chara,2.0965517243999997e-17,,0.1379310345,1.3300000000000002e-16,1 ha worked,14_chara,1.8344827588500002e-17,,0.0,7.46e-17,1 ha worked,17_chara,0.0,,0.8307660998,2.89e-18,1 ha worked,15_chara,2.4009140284220003e-18,1.33404091389922e-16
C6_2024,C6,2024,tonne,"Human toxicity, cancer - metals",CTUh,,0.4137931034,1.23e-08,1 ha worked,13_chara,5.089655171819999e-09,,0.3187779036,8.47e-08,1 ha worked,16_chara,2.7000488434920002e-08,,0.275862069,7.91e-09,1 ha worked,11_chara,2.1820689657899996e-09,,0.1379310345,6.970000000000001e-08,1 ha worked,12_chara,9.61379310465e-09,,0.1379310345,8.050000000000001e-08,1 ha worked,14_chara,1.1103448277250001e-08,,0.0,3.55e-08,1 ha worked,17_chara,0.0,,0.8307660998,1.23e-09,1 ha worked,15_chara,1.0218423027540002e-09,5.6011296257184004e-08
C6_2024,C6,2024,tonne,"Human toxicity, cancer - organics",CTUh,,0.4137931034,7.2800000000000005e-09,1 ha worked,13_chara,3.012413792752e-09,,0.3187779036,4.98e-08,1 ha worked,16_chara,1.5875139599280002e-08,,0.275862069,3.4000000000000003e-09,1 ha worked,11_chara,9.379310346000001e-10,,0.1379310345,3.3e-08,1 ha worked,12_chara,4.5517241385e-09,,0.1379310345,3.34e-08,1 ha worked,14_chara,4.6068965523e-09,,0.0,2e-08,1 ha worked,17_chara,0.0,,0.8307660998,6.829999999999999e-10,1 ha worked,15_chara,5.674132461633999e-10,2.95515183635954e-08
C6_2024,C6,2024,tonne,"Human toxicity, non-cancer",CTUh,,0.4137931034,5.989999999999999e-07,1 ha worked,13_chara,2.4786206893659994e-07,,0.3187779036,3.46e-06,1 ha worked,16_chara,1.102971546456e-06,,0.275862069,8.92e-07,1 ha worked,11_chara,2.4606896554799997e-07,,0.1379310345,2e-06,1 ha worked,12_chara,2.7586206899999997e-07,,0.1379310345,1.37e-06,1 ha worked,14_chara,1.88965517265e-07,,0.0,1.0700000000000001e-06,1 ha worked,17_chara,0.0,,0.8307660998,1.27e-07,1 ha worked,15_chara,1.0550729467460002e-07,2.1672374618802e-06
C6_2024,C6,2024,tonne,"Human toxicity, non-cancer - inorganics",CTUh,,0.4137931034,1.6900000000000002e-07,1 ha worked,13_chara,6.993103447460001e-08,,0.3187779036,1.12e-06,1 ha worked,16_chara,3.5703125203200006e-07,,0.275862069,8.97e-08,1 ha worked,11_chara,2.47448275893e-08,,0.1379310345,8.100000000000001e-07,1 ha worked,12_chara,1.11724137945e-07,,0.1379310345,6.54e-07,1 ha worked,14_chara,9.0206896563e-08,,0.0,3.12e-07,1 ha worked,17_chara,0.0,,0.8307660998,1.02e-08,1 ha worked,15_chara,8.473814217960001e-09,6.6211196282186e-07
C6_2024,C6,2024,tonne,"Human toxicity, non-cancer - metals",CTUh,,0.4137931034,4.1999999999999995e-07,1 ha worked,13_chara,1.7379310342799998e-07,,0.3187779036,2.26e-06,1 ha worked,16_chara,7.204380621360001e-07,,0.275862069,7.98e-07,1 ha worked,11_chara,2.20137931062e-07,,0.1379310345,1.16e-06,1 ha worked,12_chara,1.6000000001999999e-07,,0.1379310345,6.99e-07,1 ha worked,14_chara,9.641379311549999e-08,,0.0,7.47e-07,1 ha worked,17_chara,0.0,,0.8307660998,1.16e-07,1 ha worked,15_chara,9.63688675768e-08,1.4671517573383e-06
C6_2024,C6,2024,tonne,"Human toxicity, non-cancer - organics",CTUh,,0.4137931034,1.16e-08,1 ha worked,13_chara,4.7999999994399995e-09,,0.3187779036,8.660000000000001e-08,1 ha worked,16_chara,2.7606166451760006e-08,,0.275862069,5.48e-09,1 ha worked,11_chara,1.5117241381199999e-09,,0.1379310345,3.8200000000000005e-08,1 ha worked,12_chara,5.2689655179e-09,,0.1379310345,2.67e-08,1 ha worked,14_chara,3.68275862115e-09,,0.0,1.5299999999999998e-08,1 ha worked,17_chara,0.0,,0.8307660998,1.08e-09,1 ha worked,15_chara,8.972273877840001e-10,4.3766842116154005e-08
C6_2024,C6,2024,tonne,Ionising radiation,kBq U-235 eq,,0.4137931034,1.72,1 ha worked,13_chara,0.7117241378479999,,0.3187779036,10.49,1 ha worked,16_chara,3.3439802087640005,,0.275862069,1.27,1 ha worked,11_chara,0.35034482762999997,,0.1379310345,7.89,1 ha worked,12_chara,1.088275862205,,0.1379310345,4.319999999999999,1 ha worked,14_chara,0.5958620690399999,,0.0,1.75,1 ha worked,17_chara,0.0,,0.8307660998,0.115,1 ha worked,15_chara,0.09553810147700001,6.185725206963999
C6_2024,C6,2024,tonne,Land use,Pt,,0.4137931034,145.23,1 ha worked,13_chara,60.09517240678199,,0.3187779036,800.14,1 ha worked,16_chara,255.066951786504,,0.275862069,137.54,1 ha worked,11_chara,37.942068970259996,,0.1379310345,641.1899999999999,1 ha worked,12_chara,88.44000001105499,,0.1379310345,418.1,1 ha worked,14_chara,57.66896552445,,0.0,168.95000000000002,1 ha worked,17_chara,0.0,,0.8307660998,100.13,1 ha worked,15_chara,83.184609572974,582.397768272025
C6_2024,C6,2024,tonne,Ozone depletion,kg CFC11 eq,,0.4137931034,4.960000000000001e-06,1 ha worked,13_chara,2.0524137928640004e-06,,0.3187779036,3.03e-05,1 ha worked,16_chara,9.658970479080002e-06,,0.275862069,4.17e-06,1 ha worked,11_chara,1.15034482773e-06,,0.1379310345,2.13e-05,1 ha worked,12_chara,2.9379310348499997e-06,,0.1379310345,9.97e-06,1 ha worked,14_chara,1.3751724139649998e-06,,0.0,3.52e-06,1 ha worked,17_chara,0.0,,0.8307660998,3.2200000000000005e-07,1 ha worked,15_chara,2.6750668413560005e-07,1.74423392326246e-05
C6_2024,C6,2024,tonne,Particulate matter,disease inc.,,0.4137931034,8.429999999999999e-07,1 ha worked,13_chara,3.4882758616619995e-07,,0.3187779036,5.39e-06,1 ha worked,16_chara,1.7182129004040001e-06,,0.275862069,6.229999999999999e-07,1 ha worked,11_chara,1.7186206898699997e-07,,0.1379310345,3.6599999999999997e-06,1 ha worked,12_chara,5.048275862699999e-07,,0.1379310345,2.78e-06,1 ha worked,14_chara,3.8344827591e-07,,0.0,1.42e-06,1 ha worked,17_chara,0.0,,0.8307660998,1.22e-07,1 ha worked,15_chara,1.0135346417560001e-07,3.2285318819128e-06
C6_2024,C6,2024,tonne,Photochemical ozone formation,kg NMVOC eq,,0.4137931034,0.305,1 ha worked,13_chara,0.12620689653699999,,0.3187779036,2.2,1 ha worked,16_chara,0.7013113879200001,,0.275862069,0.249,1 ha worked,11_chara,0.068689655181,,0.1379310345,1.33,1 ha worked,12_chara,0.183448275885,,0.1379310345,0.67,1 ha worked,14_chara,0.092413793115,,0.0,0.107,1 ha worked,17_chara,0.0,,0.8307660998,0.0194,1 ha worked,15_chara,0.016116862336120003,1.1881868709741203
C6_2024,C6,2024,tonne,"Resource use, fossils",MJ,,0.4137931034,357.29999999999995,1 ha worked,13_chara,147.84827584481997,,0.3187779036,2174.67,1 ha worked,16_chara,693.236743621812,,0.275862069,273.81,1 ha worked,11_chara,75.53379311289,,0.1379310345,1630.72,1 ha worked,12_chara,224.92689657984,,0.1379310345,863.0400000000001,1 ha worked,14_chara,119.04000001488001,,0.0,337.64000000000004,1 ha worked,17_chara,0.0,,0.8307660998,23.53,1 ha worked,15_chara,19.547926328294,1280.133635502536
C6_2024,C6,2024,tonne,"Resource use, minerals and metals",kg Sb eq,,0.4137931034,0.00031400000000000004,1 ha worked,13_chara,0.0001299310344676,,0.3187779036,0.0025800000000000003,1 ha worked,16_chara,0.0008224469912880002,,0.275862069,0.000127,1 ha worked,11_chara,3.5034482762999997e-05,,0.1379310345,0.000917,1 ha worked,12_chara,0.0001264827586365,,0.1379310345,0.00062,1 ha worked,14_chara,8.551724138999999e-05,,0.0,0.00037,1 ha worked,17_chara,0.0,,0.8307660998,2.91e-05,1 ha worked,15_chara,2.417529350418e-05,0.00122358780204928
C6_2024,C6,2024,tonne,Water use,m3 depriv.,,0.4137931034,2.11,1 ha worked,13_chara,0.8731034481739999,,0.3187779036,12.8,1 ha worked,16_chara,4.080357166080001,,0.275862069,0.8550000000000001,1 ha worked,11_chara,0.235862068995,,0.1379310345,7.94,1 ha worked,12_chara,1.09517241393,,0.1379310345,6.409999999999999,1 ha worked,14_chara,0.8841379311449998,,0.0,3.44,1 ha worked,17_chara,0.0,,0.8307660998,0.235,1 ha worked,15_chara,0.195230033453,7.363863061777001
C7_2023,C7,2023,tonne,Acidification,mol H+ eq,,0.3007311642,0.253,1 ha worked,13_chara,0.0760849845426,,0.1503655821,1.7899999999999998,1 ha worked,16_chara,0.269154391959,,0.4510967463,0.20199999999999999,1 ha worked,11_chara,0.0911215427526,,0.1503655821,1.1,1 ha worked,12_chara,0.16540214031000003,,0.1503655821,0.5670000000000001,1 ha worked,14_chara,0.08525728505070002,,0.1503655821,0.116,1 ha worked,17_chara,0.0174424075236,,1.2029246569,0.0167,1 ha worked,15_chara,0.02008884177023,0.7245515939087299
C7_2023,C7,2023,tonne,Climate change,kg CO2 eq,,0.3007311642,26.88,1 ha worked,13_chara,8.083653693696,,0.1503655821,165.89,1 ha worked,16_chara,24.944146414568998,,0.4510967463,20.45,1 ha worked,11_chara,9.224928461835,,0.1503655821,124.18,1 ha worked,12_chara,18.672397985178,,0.1503655821,69.64999999999999,1 ha worked,14_chara,10.472962793265,,0.1503655821,28.27,1 ha worked,17_chara,4.250835005967,,1.2029246569,1.93,1 ha worked,15_chara,2.321644587817,77.970568942327
C7_2023,C7,2023,tonne,Climate change - Biogenic,kg CO2 eq,,0.3007311642,0.0373,1 ha worked,13_chara,0.01121727242466,,0.1503655821,0.17600000000000002,1 ha worked,16_chara,0.026464342449600005,,0.4510967463,0.028499999999999998,1 ha worked,11_chara,0.01285625726955,,0.1503655821,0.145,1 ha worked,12_chara,0.021803009404499998,,0.1503655821,0.0992,1 ha worked,14_chara,0.01491626574432,,0.1503655821,0.0452,1 ha worked,17_chara,0.00679652431092,,1.2029246569,0.0211,1 ha worked,15_chara,0.025381710260590003,0.11943538186414002
C7_2023,C7,2023,tonne,Climate change - Fossil,kg CO2 eq,,0.3007311642,26.830000000000002,1 ha worked,13_chara,8.068617135486,,0.1503655821,165.57999999999998,1 ha worked,16_chara,24.897533084118,,0.4510967463,20.41,1 ha worked,11_chara,9.206884591983,,0.1503655821,123.97,1 ha worked,12_chara,18.640821212937002,,0.1503655821,69.50999999999999,1 ha worked,14_chara,10.451911611771,,0.1503655821,28.180000000000003,1 ha worked,17_chara,4.237302103578001,,1.2029246569,1.9100000000000001,1 ha worked,15_chara,2.297586094679,77.800655834552
C7_2023,C7,2023,tonne,Climate change - Land use and LU change,kg CO2 eq,,0.3007311642,0.0178,1 ha worked,13_chara,0.00535301472276,,0.1503655821,0.131,1 ha worked,16_chara,0.019697891255100002,,0.4510967463,0.00673,1 ha worked,11_chara,0.003035881102599,,0.1503655821,0.05789999999999999,1 ha worked,12_chara,0.00870616720359,,0.1503655821,0.0494,1 ha worked,14_chara,0.00742805975574,,0.1503655821,0.0434,1 ha worked,17_chara,0.00652586626314,,1.2029246569,0.00132,1 ha worked,15_chara,0.0015878605471080001,0.052334740850037004
C7_2023,C7,2023,tonne,"Ecotoxicity, freshwater",CTUe,,0.3007311642,409.06,1 ha worked,13_chara,123.017090027652,,0.1503655821,2729.37,1 ha worked,16_chara,410.403308816277,,0.4510967463,235.92,1 ha worked,11_chara,106.422744387096,,0.1503655821,1587.99,1 ha worked,12_chara,238.77904071897902,,0.1503655821,1134.53,1 ha worked,14_chara,170.594263859913,,0.1503655821,588.66,1 ha worked,17_chara,88.514203558986,,1.2029246569,32.26,1 ha worked,15_chara,38.806349431594,1176.5370008004973
C7_2023,C7,2023,tonne,"Ecotoxicity, freshwater - inorganics",CTUe,,0.3007311642,66.27,1 ha worked,13_chara,19.929454251534,,0.1503655821,419.04999999999995,1 ha worked,16_chara,63.01069717900499,,0.4510967463,48.84,1 ha worked,11_chara,22.031565089292002,,0.1503655821,268.34,1 ha worked,12_chara,40.349100300714,,0.1503655821,140.05,1 ha worked,14_chara,21.058699773105,,0.1503655821,58.77,1 ha worked,17_chara,8.836985260017,,1.2029246569,4.59,1 ha worked,15_chara,5.521424175171,180.737926028838
C7_2023,C7,2023,tonne,"Ecotoxicity, freshwater - metals",CTUe,,0.3007311642,322.83,1 ha worked,13_chara,97.085041738686,,0.1503655821,2187.8900000000003,1 ha worked,16_chara,328.98335342076905,,0.4510967463,170.45000000000002,1 ha worked,11_chara,76.889440406835,,0.1503655821,1234.5,1 ha worked,12_chara,185.62631110245002,,0.1503655821,954.07,1 ha worked,14_chara,143.459290914147,,0.1503655821,515.3100000000001,1 ha worked,17_chara,77.48488811195101,,1.2029246569,26.36,1 ha worked,15_chara,31.709093955884,941.2374196507221
C7_2023,C7,2023,tonne,"Ecotoxicity, freshwater - organics",CTUe,,0.3007311642,19.96,1 ha worked,13_chara,6.002594037432001,,0.1503655821,122.43,1 ha worked,16_chara,18.409258216503,,0.4510967463,16.64,1 ha worked,11_chara,7.5062498584320005,,0.1503655821,85.15,1 ha worked,12_chara,12.803629315815002,,0.1503655821,40.410000000000004,1 ha worked,14_chara,6.076273172661001,,0.1503655821,14.58,1 ha worked,17_chara,2.1923301870180003,,1.2029246569,1.31,1 ha worked,15_chara,1.5758313005390001,54.5661660884
C7_2023,C7,2023,tonne,"Eutrophication, freshwater",kg P eq,,0.3007311642,0.00346,1 ha worked,13_chara,0.001040529828132,,0.1503655821,0.0236,1 ha worked,16_chara,0.00354862773756,,0.4510967463,0.0014600000000000001,1 ha worked,11_chara,0.0006586012495980001,,0.1503655821,0.0129,1 ha worked,12_chara,0.00193971600909,,0.1503655821,0.0116,1 ha worked,14_chara,0.00174424075236,,0.1503655821,0.00685,1 ha worked,17_chara,0.001030004237385,,1.2029246569,0.000272,1 ha worked,15_chara,0.00032719550667680003,0.0102889153208018
C7_2023,C7,2023,tonne,"Eutrophication, marine",kg N eq,,0.3007311642,0.1,1 ha worked,13_chara,0.030073116420000004,,0.1503655821,0.729,1 ha worked,16_chara,0.1096165093509,,0.4510967463,0.08460000000000001,1 ha worked,11_chara,0.03816278473698,,0.1503655821,0.444,1 ha worked,12_chara,0.06676231845240001,,0.1503655821,0.213,1 ha worked,14_chara,0.0320278689873,,0.1503655821,0.0206,1 ha worked,17_chara,0.00309753099126,,1.2029246569,0.0064600000000000005,1 ha worked,15_chara,0.007770893283574001,0.287511022222414
C7_2023,C7,2023,tonne,"Eutrophication, terrestrial",mol N eq,,0.3007311642,1.1,1 ha worked,13_chara,0.33080428062000006,,0.1503655821,7.97,1 ha worked,16_chara,1.198413689337,,0.4510967463,0.927,1 ha worked,11_chara,0.4181666838201,,0.1503655821,4.86,1 ha worked,12_chara,0.7307767290060001,,0.1503655821,2.33,1 ha worked,14_chara,0.350351806293,,0.1503655821,0.21800000000000003,1 ha worked,17_chara,0.032779696897800005,,1.2029246569,0.0704,1 ha worked,15_chara,0.08468589584576001,3.14597878181966
C7_2023,C7,2023,tonne,"Human toxicity, cancer",CTUh,,0.3007311642,1.96e-08,1 ha worked,13_chara,5.89433081832e-09,,0.1503655821,1.34e-07,1 ha worked,16_chara,2.0148988001400003e-08,,0.4510967463,1.13e-08,1 ha worked,11_chara,5.0973932331900006e-09,,0.1503655821,1.03e-07,1 ha worked,12_chara,1.54876549563e-08,,0.1503655821,1.14e-07,1 ha worked,14_chara,1.7141676359400002e-08,,0.1503655821,5.54e-08,1 ha worked,17_chara,8.33025324834e-09,,1.2029246569,1.91e-09,1 ha worked,15_chara,2.297586094679e-09,7.439788271162902e-08
C7_2023,C7,2023,tonne,"Human toxicity, cancer - inorganics",CTUh,,0.3007311642,3.85e-17,1 ha worked,13_chara,1.1578149821699999e-17,,0.1503655821,2.22e-16,1 ha worked,16_chara,3.33811592262e-17,,0.4510967463,1.8099999999999998e-17,1 ha worked,11_chara,8.164851108029999e-18,,0.1503655821,1.5199999999999998e-16,1 ha worked,12_chara,2.2855568479199998e-17,,0.1503655821,1.3300000000000002e-16,1 ha worked,14_chara,1.9998622419300004e-17,,0.1503655821,7.46e-17,1 ha worked,17_chara,1.121727242466e-17,,1.2029246569,2.89e-18,1 ha worked,15_chara,3.476452258441e-18,1.10672075737531e-16
C7_2023,C7,2023,tonne,"Human toxicity, cancer - metals",CTUh,,0.3007311642,1.23e-08,1 ha worked,13_chara,3.69899331966e-09,,0.1503655821,8.47e-08,1 ha worked,16_chara,1.273596480387e-08,,0.4510967463,7.91e-09,1 ha worked,11_chara,3.568175263233e-09,,0.1503655821,6.970000000000001e-08,1 ha worked,12_chara,1.0480481072370002e-08,,0.1503655821,8.050000000000001e-08,1 ha worked,14_chara,1.2104429359050002e-08,,0.1503655821,3.55e-08,1 ha worked,17_chara,5.33797816455e-09,,1.2029246569,1.23e-09,1 ha worked,15_chara,1.4795973279870002e-09,4.940561931072e-08
C7_2023,C7,2023,tonne,"Human toxicity, cancer - organics",CTUh,,0.3007311642,7.2800000000000005e-09,1 ha worked,13_chara,2.189322875376e-09,,0.1503655821,4.98e-08,1 ha worked,16_chara,7.48820598858e-09,,0.4510967463,3.4000000000000003e-09,1 ha worked,11_chara,1.5337289374200002e-09,,0.1503655821,3.3e-08,1 ha worked,12_chara,4.9620642093e-09,,0.1503655821,3.34e-08,1 ha worked,14_chara,5.02221044214e-09,,0.1503655821,2e-08,1 ha worked,17_chara,3.007311642e-09,,1.2029246569,6.829999999999999e-10,1 ha worked,15_chara,8.215975406626999e-10,2.5024441635478704e-08
C7_2023,C7,2023,tonne,"Human toxicity, non-cancer",CTUh,,0.3007311642,5.989999999999999e-07,1 ha worked,13_chara,1.8013796735579998e-07,,0.1503655821,3.46e-06,1 ha worked,16_chara,5.20264914066e-07,,0.4510967463,8.92e-07,1 ha worked,11_chara,4.0237829769960003e-07,,0.1503655821,2e-06,1 ha worked,12_chara,3.007311642e-07,,0.1503655821,1.37e-06,1 ha worked,14_chara,2.06000847477e-07,,0.1503655821,1.0700000000000001e-06,1 ha worked,17_chara,1.6089117284700002e-07,,1.2029246569,1.27e-07,1 ha worked,15_chara,1.5277143142630002e-07,1.9231757950717e-06
C7_2023,C7,2023,tonne,"Human toxicity, non-cancer - inorganics",CTUh,,0.3007311642,1.6900000000000002e-07,1 ha worked,13_chara,5.082356674980001e-08,,0.1503655821,1.12e-06,1 ha worked,16_chara,1.6840945195200003e-07,,0.4510967463,8.97e-08,1 ha worked,11_chara,4.046337814311e-08,,0.1503655821,8.100000000000001e-07,1 ha worked,12_chara,1.21796121501e-07,,0.1503655821,6.54e-07,1 ha worked,14_chara,9.83390906934e-08,,0.1503655821,3.12e-07,1 ha worked,17_chara,4.69140616152e-08,,1.2029246569,1.02e-08,1 ha worked,15_chara,1.2269831500380001e-08,5.390155021548901e-07
C7_2023,C7,2023,tonne,"Human toxicity, non-cancer - metals",CTUh,,0.3007311642,4.1999999999999995e-07,1 ha worked,13_chara,1.26307088964e-07,,0.1503655821,2.26e-06,1 ha worked,16_chara,3.39826215546e-07,,0.4510967463,7.98e-07,1 ha worked,11_chara,3.599752035474e-07,,0.1503655821,1.16e-06,1 ha worked,12_chara,1.7442407523599998e-07,,0.1503655821,6.99e-07,1 ha worked,14_chara,1.051055418879e-07,,0.1503655821,7.47e-07,1 ha worked,17_chara,1.123230898287e-07,,1.2029246569,1.16e-07,1 ha worked,15_chara,1.395392602004e-07,1.3575004752103999e-06
C7_2023,C7,2023,tonne,"Human toxicity, non-cancer - organics",CTUh,,0.3007311642,1.16e-08,1 ha worked,13_chara,3.48848150472e-09,,0.1503655821,8.660000000000001e-08,1 ha worked,16_chara,1.3021659409860001e-08,,0.4510967463,5.48e-09,1 ha worked,11_chara,2.472010169724e-09,,0.1503655821,3.8200000000000005e-08,1 ha worked,12_chara,5.743965236220001e-09,,0.1503655821,2.67e-08,1 ha worked,14_chara,4.0147610420700004e-09,,0.1503655821,1.5299999999999998e-08,1 ha worked,17_chara,2.30059340613e-09,,1.2029246569,1.08e-09,1 ha worked,15_chara,1.299158629452e-09,3.2340629398176e-08
C7_2023,C7,2023,tonne,Ionising radiation,kBq U-235 eq,,0.3007311642,1.72,1 ha worked,13_chara,0.517257602424,,0.1503655821,10.49,1 ha worked,16_chara,1.577334956229,,0.4510967463,1.27,1 ha worked,11_chara,0.572892867801,,0.1503655821,7.89,1 ha worked,12_chara,1.186384442769,,0.1503655821,4.319999999999999,1 ha worked,14_chara,0.6495793146719999,,0.1503655821,1.75,1 ha worked,17_chara,0.263139768675,,1.2029246569,0.115,1 ha worked,15_chara,0.1383363355435,4.9049252881135
C7_2023,C7,2023,tonne,Land use,Pt,,0.3007311642,145.23,1 ha worked,13_chara,43.675186976766,,0.1503655821,800.14,1 ha worked,16_chara,120.31351686149401,,0.4510967463,137.54,1 ha worked,11_chara,62.043846486102,,0.1503655821,641.1899999999999,1 ha worked,12_chara,96.41290758669899,,0.1503655821,418.1,1 ha worked,14_chara,62.867849876010006,,0.1503655821,168.95000000000002,1 ha worked,17_chara,25.404265095795004,,1.2029246569,100.13,1 ha worked,15_chara,120.448845895397,531.1664187782629
C7_2023,C7,2023,tonne,Ozone depletion,kg CFC11 eq,,0.3007311642,4.960000000000001e-06,1 ha worked,13_chara,1.4916265744320002e-06,,0.1503655821,3.03e-05,1 ha worked,16_chara,4.55607713763e-06,,0.4510967463,4.17e-06,1 ha worked,11_chara,1.881073432071e-06,,0.1503655821,2.13e-05,1 ha worked,12_chara,3.20278689873e-06,,0.1503655821,9.97e-06,1 ha worked,14_chara,1.499144853537e-06,,0.1503655821,3.52e-06,1 ha worked,17_chara,5.292868489920001e-07,,1.2029246569,3.2200000000000005e-07,1 ha worked,15_chara,3.8734173952180007e-07,1.3547337484913804e-05
C7_2023,C7,2023,tonne,Particulate matter,disease inc.,,0.3007311642,8.429999999999999e-07,1 ha worked,13_chara,2.535163714206e-07,,0.1503655821,5.39e-06,1 ha worked,16_chara,8.104704875190001e-07,,0.4510967463,6.229999999999999e-07,1 ha worked,11_chara,2.8103327294489996e-07,,0.1503655821,3.6599999999999997e-06,1 ha worked,12_chara,5.50338030486e-07,,0.1503655821,2.78e-06,1 ha worked,14_chara,4.18016318238e-07,,0.1503655821,1.42e-06,1 ha worked,17_chara,2.13519126582e-07,,1.2029246569,1.22e-07,1 ha worked,15_chara,1.4675680814180003e-07,2.6736504153323e-06
C7_2023,C7,2023,tonne,Photochemical ozone formation,kg NMVOC eq,,0.3007311642,0.305,1 ha worked,13_chara,0.091723005081,,0.1503655821,2.2,1 ha worked,16_chara,0.33080428062000006,,0.4510967463,0.249,1 ha worked,11_chara,0.1123230898287,,0.1503655821,1.33,1 ha worked,12_chara,0.19998622419300002,,0.1503655821,0.67,1 ha worked,14_chara,0.10074494000700002,,0.1503655821,0.107,1 ha worked,17_chara,0.0160891172847,,1.2029246569,0.0194,1 ha worked,15_chara,0.023336738343860002,0.8750073953582601
C7_2023,C7,2023,tonne,"Resource use, fossils",MJ,,0.3007311642,357.29999999999995,1 ha worked,13_chara,107.45124496865999,,0.1503655821,2174.67,1 ha worked,16_chara,326.99552042540705,,0.4510967463,273.81,1 ha worked,11_chara,123.51480010440301,,0.1503655821,1630.72,1 ha worked,12_chara,245.20416204211202,,0.1503655821,863.0400000000001,1 ha worked,14_chara,129.77151197558402,,0.1503655821,337.64000000000004,1 ha worked,17_chara,50.769435140244006,,1.2029246569,23.53,1 ha worked,15_chara,28.304817176857004,1012.0114918332671
C7_2023,C7,2023,tonne,"Resource use, minerals and metals",kg Sb eq,,0.3007311642,0.00031400000000000004,1 ha worked,13_chara,9.442958555880002e-05,,0.1503655821,0.0025800000000000003,1 ha worked,16_chara,0.00038794320181800005,,0.4510967463,0.000127,1 ha worked,11_chara,5.72892867801e-05,,0.1503655821,0.000917,1 ha worked,12_chara,0.0001378852387857,,0.1503655821,0.00062,1 ha worked,14_chara,9.3226660902e-05,,0.1503655821,0.00037,1 ha worked,17_chara,5.5635265377e-05,,1.2029246569,2.91e-05,1 ha worked,15_chara,3.500510751579e-05,0.0008614143467373899
C7_2023,C7,2023,tonne,Water use,m3 depriv.,,0.3007311642,2.11,1 ha worked,13_chara,0.634542756462,,0.1503655821,12.8,1 ha worked,16_chara,1.9246794508800003,,0.4510967463,0.8550000000000001,1 ha worked,11_chara,0.38568771808650004,,0.1503655821,7.94,1 ha worked,12_chara,1.1939027218740002,,0.1503655821,6.409999999999999,1 ha worked,14_chara,0.9638433812609999,,0.1503655821,3.44,1 ha worked,17_chara,0.517257602424,,1.2029246569,0.235,1 ha worked,15_chara,0.2826872943715,5.902600925359
C7_2024,C7,2024,tonne,Acidification,mol H+ eq,,0.638206178,0.253,1 ha worked,13_chara,0.161466163034,,0.2367130164,1.7899999999999998,1 ha worked,16_chara,0.42371629935599997,,1.4202780982,0.20199999999999999,1 ha worked,11_chara,0.2868961758364,,0.4734260327,1.1,1 ha worked,12_chara,0.52076863597,,0.4734260327,0.5670000000000001,1 ha worked,14_chara,0.26843256054090003,,0.2367130164,0.116,1 ha worked,17_chara,0.027458709902400003,,1.27926432,0.0167,1 ha worked,15_chara,0.021363714144,1.7101022587837
C7_2024,C7,2024,tonne,Climate change,kg CO2 eq,,0.638206178,26.88,1 ha worked,13_chara,17.15498206464,,0.2367130164,165.89,1 ha worked,16_chara,39.268322290596,,1.4202780982,20.45,1 ha worked,11_chara,29.04468710819,,0.4734260327,124.18,1 ha worked,12_chara,58.790044740686,,0.4734260327,69.64999999999999,1 ha worked,14_chara,32.97412317755499,,0.2367130164,28.27,1 ha worked,17_chara,6.691876973628,,1.27926432,1.93,1 ha worked,15_chara,2.4689801376,186.393016492895
C7_2024,C7,2024,tonne,Climate change - Biogenic,kg CO2 eq,,0.638206178,0.0373,1 ha worked,13_chara,0.0238050904394,,0.2367130164,0.17600000000000002,1 ha worked,16_chara,0.041661490886400004,,1.4202780982,0.028499999999999998,1 ha worked,11_chara,0.0404779257987,,0.4734260327,0.145,1 ha worked,12_chara,0.0686467747415,,0.4734260327,0.0992,1 ha worked,14_chara,0.04696386244384,,0.2367130164,0.0452,1 ha worked,17_chara,0.01069942834128,,1.27926432,0.0211,1 ha worked,15_chara,0.026992477152,0.25924704980312
C7_2024,C7,2024,tonne,Climate change - Fossil,kg CO2 eq,,0.638206178,26.830000000000002,1 ha worked,13_chara,17.12307175574,,0.2367130164,165.57999999999998,1 ha worked,16_chara,39.194941255512,,1.4202780982,20.41,1 ha worked,11_chara,28.987875984262,,0.4734260327,123.97,1 ha worked,12_chara,58.690625273819,,0.4734260327,69.50999999999999,1 ha worked,14_chara,32.907843532977,,0.2367130164,28.180000000000003,1 ha worked,17_chara,6.670572802152001,,1.27926432,1.9100000000000001,1 ha worked,15_chara,2.4433948512000003,186.01832545566202
C7_2024,C7,2024,tonne,Climate change - Land use and LU change,kg CO2 eq,,0.638206178,0.0178,1 ha worked,13_chara,0.0113600699684,,0.2367130164,0.131,1 ha worked,16_chara,0.0310094051484,,1.4202780982,0.00673,1 ha worked,11_chara,0.009558471600886,,0.4734260327,0.05789999999999999,1 ha worked,12_chara,0.027411367293329998,,0.4734260327,0.0494,1 ha worked,14_chara,0.02338724601538,,0.2367130164,0.0434,1 ha worked,17_chara,0.010273344911760001,,1.27926432,0.00132,1 ha worked,15_chara,0.0016886289024,0.11468853384055601
C7_2024,C7,2024,tonne,"Ecotoxicity, freshwater",CTUe,,0.638206178,409.06,1 ha worked,13_chara,261.06461917268,,0.2367130164,2729.37,1 ha worked,16_chara,646.077405571668,,1.4202780982,235.92,1 ha worked,11_chara,335.072008927344,,0.4734260327,1587.99,1 ha worked,12_chara,751.795805667273,,0.4734260327,1134.53,1 ha worked,14_chara,537.116036879131,,0.2367130164,588.66,1 ha worked,17_chara,139.343484234024,,1.27926432,32.26,1 ha worked,15_chara,41.2690669632,2711.73842741532
C7_2024,C7,2024,tonne,"Ecotoxicity, freshwater - inorganics",CTUe,,0.638206178,66.27,1 ha worked,13_chara,42.29392341606,,0.2367130164,419.04999999999995,1 ha worked,16_chara,99.19458952241999,,1.4202780982,48.84,1 ha worked,11_chara,69.366382316088,,0.4734260327,268.34,1 ha worked,12_chara,127.03914161471799,,0.4734260327,140.05,1 ha worked,14_chara,66.30331587963501,,0.2367130164,58.77,1 ha worked,17_chara,13.911623973828,,1.27926432,4.59,1 ha worked,15_chara,5.8718232288,423.980799951549
C7_2024,C7,2024,tonne,"Ecotoxicity, freshwater - metals",CTUe,,0.638206178,322.83,1 ha worked,13_chara,206.03210044374,,0.2367130164,2187.8900000000003,1 ha worked,16_chara,517.902041451396,,1.4202780982,170.45000000000002,1 ha worked,11_chara,242.08640183819003,,0.4734260327,1234.5,1 ha worked,12_chara,584.44443736815,,0.4734260327,954.07,1 ha worked,14_chara,451.681575018089,,0.2367130164,515.3100000000001,1 ha worked,17_chara,121.98058448108402,,1.27926432,26.36,1 ha worked,15_chara,33.7214074752,2157.848548075849
C7_2024,C7,2024,tonne,"Ecotoxicity, freshwater - organics",CTUe,,0.638206178,19.96,1 ha worked,13_chara,12.738595312880001,,0.2367130164,122.43,1 ha worked,16_chara,28.980774597852,,1.4202780982,16.64,1 ha worked,11_chara,23.633427554048,,0.4734260327,85.15,1 ha worked,12_chara,40.312226684405005,,0.4734260327,40.410000000000004,1 ha worked,14_chara,19.131145981407002,,0.2367130164,14.58,1 ha worked,17_chara,3.451275779112,,1.27926432,1.31,1 ha worked,15_chara,1.6758362592,129.923282168904
C7_2024,C7,2024,tonne,"Eutrophication, freshwater",kg P eq,,0.638206178,0.00346,1 ha worked,13_chara,0.00220819337588,,0.2367130164,0.0236,1 ha worked,16_chara,0.00558642718704,,1.4202780982,0.0014600000000000001,1 ha worked,11_chara,0.0020736060233720005,,0.4734260327,0.0129,1 ha worked,12_chara,0.00610719582183,,0.4734260327,0.0116,1 ha worked,14_chara,0.00549174197932,,0.2367130164,0.00685,1 ha worked,17_chara,0.00162148416234,,1.27926432,0.000272,1 ha worked,15_chara,0.00034795989504,0.023436608444821996
C7_2024,C7,2024,tonne,"Eutrophication, marine",kg N eq,,0.638206178,0.1,1 ha worked,13_chara,0.0638206178,,0.2367130164,0.729,1 ha worked,16_chara,0.1725637889556,,1.4202780982,0.08460000000000001,1 ha worked,11_chara,0.12015552710772001,,0.4734260327,0.444,1 ha worked,12_chara,0.2102011585188,,0.4734260327,0.213,1 ha worked,14_chara,0.1008397449651,,0.2367130164,0.0206,1 ha worked,17_chara,0.00487628813784,,1.27926432,0.0064600000000000005,1 ha worked,15_chara,0.0082640475072,0.6807211729922601
C7_2024,C7,2024,tonne,"Eutrophication, terrestrial",mol N eq,,0.638206178,1.1,1 ha worked,13_chara,0.7020267958,,0.2367130164,7.97,1 ha worked,16_chara,1.886602740708,,1.4202780982,0.927,1 ha worked,11_chara,1.3165977970314002,,0.4734260327,4.86,1 ha worked,12_chara,2.300850518922,,0.4734260327,2.33,1 ha worked,14_chara,1.103082656191,,0.2367130164,0.21800000000000003,1 ha worked,17_chara,0.05160343757520001,,1.27926432,0.0704,1 ha worked,15_chara,0.090060208128,7.4508241543556
C7_2024,C7,2024,tonne,"Human toxicity, cancer",CTUh,,0.638206178,1.96e-08,1 ha worked,13_chara,1.25088410888e-08,,0.2367130164,1.34e-07,1 ha worked,16_chara,3.1719544197600004e-08,,1.4202780982,1.13e-08,1 ha worked,11_chara,1.604914250966e-08,,0.4734260327,1.03e-07,1 ha worked,12_chara,4.87628813681e-08,,0.4734260327,1.14e-07,1 ha worked,14_chara,5.39705677278e-08,,0.2367130164,5.54e-08,1 ha worked,17_chara,1.311390110856e-08,,1.27926432,1.91e-09,1 ha worked,15_chara,2.4433948511999997e-09,1.7856827285172e-07
C7_2024,C7,2024,tonne,"Human toxicity, cancer - inorganics",CTUh,,0.638206178,3.85e-17,1 ha worked,13_chara,2.4570937852999997e-17,,0.2367130164,2.22e-16,1 ha worked,16_chara,5.2550289640800003e-17,,1.4202780982,1.8099999999999998e-17,1 ha worked,11_chara,2.5707033577419997e-17,,0.4734260327,1.5199999999999998e-16,1 ha worked,12_chara,7.19607569704e-17,,0.4734260327,1.3300000000000002e-16,1 ha worked,14_chara,6.296566234910001e-17,,0.2367130164,7.46e-17,1 ha worked,17_chara,1.765879102344e-17,,1.27926432,2.89e-18,1 ha worked,15_chara,3.6970738848e-18,2.5911054529896e-16
C7_2024,C7,2024,tonne,"Human toxicity, cancer - metals",CTUh,,0.638206178,1.23e-08,1 ha worked,13_chara,7.8499359894e-09,,0.2367130164,8.47e-08,1 ha worked,16_chara,2.004959248908e-08,,1.4202780982,7.91e-09,1 ha worked,11_chara,1.1234399756761999e-08,,0.4734260327,6.970000000000001e-08,1 ha worked,12_chara,3.2997794479190006e-08,,0.4734260327,8.050000000000001e-08,1 ha worked,14_chara,3.8110795632350005e-08,,0.2367130164,3.55e-08,1 ha worked,17_chara,8.4033120822e-09,,1.27926432,1.23e-09,1 ha worked,15_chara,1.5734951136000002e-09,1.20219325542582e-07
C7_2024,C7,2024,tonne,"Human toxicity, cancer - organics",CTUh,,0.638206178,7.2800000000000005e-09,1 ha worked,13_chara,4.646140975840001e-09,,0.2367130164,4.98e-08,1 ha worked,16_chara,1.178830821672e-08,,1.4202780982,3.4000000000000003e-09,1 ha worked,11_chara,4.828945533880001e-09,,0.4734260327,3.3e-08,1 ha worked,12_chara,1.56230590791e-08,,0.4734260327,3.34e-08,1 ha worked,14_chara,1.581242949218e-08,,0.2367130164,2e-08,1 ha worked,17_chara,4.734260328e-09,,1.27926432,6.829999999999999e-10,1 ha worked,15_chara,8.737375305599999e-10,5.830688115628e-08
C7_2024,C7,2024,tonne,"Human toxicity, non-cancer",CTUh,,0.638206178,5.989999999999999e-07,1 ha worked,13_chara,3.8228550062199996e-07,,0.2367130164,3.46e-06,1 ha worked,16_chara,8.19027036744e-07,,1.4202780982,8.92e-07,1 ha worked,11_chara,1.2668880635944e-06,,0.4734260327,2e-06,1 ha worked,12_chara,9.468520653999999e-07,,0.4734260327,1.37e-06,1 ha worked,14_chara,6.485936647990001e-07,,0.2367130164,1.0700000000000001e-06,1 ha worked,17_chara,2.53282927548e-07,,1.27926432,1.27e-07,1 ha worked,15_chara,1.6246656864e-07,4.4793958273474e-06
C7_2024,C7,2024,tonne,"Human toxicity, non-cancer - inorganics",CTUh,,0.638206178,1.6900000000000002e-07,1 ha worked,13_chara,1.0785684408200002e-07,,0.2367130164,1.12e-06,1 ha worked,16_chara,2.6511857836800004e-07,,1.4202780982,8.97e-08,1 ha worked,11_chara,1.2739894540854e-07,,0.4734260327,8.100000000000001e-07,1 ha worked,12_chara,3.8347508648700006e-07,,0.4734260327,6.54e-07,1 ha worked,14_chara,3.096206253858e-07,,0.2367130164,3.12e-07,1 ha worked,17_chara,7.385446111679999e-08,,1.27926432,1.02e-08,1 ha worked,15_chara,1.3048496064000001e-08,1.2803730369121402e-06
C7_2024,C7,2024,tonne,"Human toxicity, non-cancer - metals",CTUh,,0.638206178,4.1999999999999995e-07,1 ha worked,13_chara,2.6804659476e-07,,0.2367130164,2.26e-06,1 ha worked,16_chara,5.34971417064e-07,,1.4202780982,7.98e-07,1 ha worked,11_chara,1.1333819223636e-06,,0.4734260327,1.16e-06,1 ha worked,12_chara,5.49174197932e-07,,0.4734260327,6.99e-07,1 ha worked,14_chara,3.309247968573e-07,,0.2367130164,7.47e-07,1 ha worked,17_chara,1.768246232508e-07,,1.27926432,1.16e-07,1 ha worked,15_chara,1.4839466112000002e-07,3.1417182133476996e-06
C7_2024,C7,2024,tonne,"Human toxicity, non-cancer - organics",CTUh,,0.638206178,1.16e-08,1 ha worked,13_chara,7.4031916648e-09,,0.2367130164,8.660000000000001e-08,1 ha worked,16_chara,2.0499347220240003e-08,,1.4202780982,5.48e-09,1 ha worked,11_chara,7.783123978136001e-09,,0.4734260327,3.8200000000000005e-08,1 ha worked,12_chara,1.8084874449140003e-08,,0.4734260327,2.67e-08,1 ha worked,14_chara,1.264047507309e-08,,0.2367130164,1.5299999999999998e-08,1 ha worked,17_chara,3.6217091509199994e-09,,1.27926432,1.08e-09,1 ha worked,15_chara,1.3816054656e-09,7.1414327001926e-08
C7_2024,C7,2024,tonne,Ionising radiation,kBq U-235 eq,,0.638206178,1.72,1 ha worked,13_chara,1.09771462616,,0.2367130164,10.49,1 ha worked,16_chara,2.483119542036,,1.4202780982,1.27,1 ha worked,11_chara,1.803753184714,,0.4734260327,7.89,1 ha worked,12_chara,3.735331398003,,0.4734260327,4.319999999999999,1 ha worked,14_chara,2.045200461264,,0.2367130164,1.75,1 ha worked,17_chara,0.4142477787,,1.27926432,0.115,1 ha worked,15_chara,0.14711539680000002,11.726482387677
C7_2024,C7,2024,tonne,Land use,Pt,,0.638206178,145.23,1 ha worked,13_chara,92.68668323093999,,0.2367130164,800.14,1 ha worked,16_chara,189.403552942296,,1.4202780982,137.54,1 ha worked,11_chara,195.345049626428,,0.4734260327,641.1899999999999,1 ha worked,12_chara,303.556037906913,,0.4734260327,418.1,1 ha worked,14_chara,197.93942427187002,,0.2367130164,168.95000000000002,1 ha worked,17_chara,39.992664120780006,,1.27926432,100.13,1 ha worked,15_chara,128.0927363616,1147.016148460827
C7_2024,C7,2024,tonne,Ozone depletion,kg CFC11 eq,,0.638206178,4.960000000000001e-06,1 ha worked,13_chara,3.1655026428800004e-06,,0.2367130164,3.03e-05,1 ha worked,16_chara,7.17240439692e-06,,1.4202780982,4.17e-06,1 ha worked,11_chara,5.922559669494e-06,,0.4734260327,2.13e-05,1 ha worked,12_chara,1.008397449651e-05,,0.4734260327,9.97e-06,1 ha worked,14_chara,4.720057546019e-06,,0.2367130164,3.52e-06,1 ha worked,17_chara,8.33229817728e-07,,1.27926432,3.2200000000000005e-07,1 ha worked,15_chara,4.119231110400001e-07,3.2309651680591e-05
C7_2024,C7,2024,tonne,Particulate matter,disease inc.,,0.638206178,8.429999999999999e-07,1 ha worked,13_chara,5.38007808054e-07,,0.2367130164,5.39e-06,1 ha worked,16_chara,1.275883158396e-06,,1.4202780982,6.229999999999999e-07,1 ha worked,11_chara,8.848332551785999e-07,,0.4734260327,3.6599999999999997e-06,1 ha worked,12_chara,1.7327392796819998e-06,,0.4734260327,2.78e-06,1 ha worked,14_chara,1.316124370906e-06,,0.2367130164,1.42e-06,1 ha worked,17_chara,3.36132483288e-07,,1.27926432,1.22e-07,1 ha worked,15_chara,1.5607024704e-07,6.239790602544599e-06
C7_2024,C7,2024,tonne,Photochemical ozone formation,kg NMVOC eq,,0.638206178,0.305,1 ha worked,13_chara,0.19465288429,,0.2367130164,2.2,1 ha worked,16_chara,0.52076863608,,1.4202780982,0.249,1 ha worked,11_chara,0.3536492464518,,0.4734260327,1.33,1 ha worked,12_chara,0.629656623491,,0.4734260327,0.67,1 ha worked,14_chara,0.317195441909,,0.2367130164,0.107,1 ha worked,17_chara,0.0253282927548,,1.27926432,0.0194,1 ha worked,15_chara,0.024817727808,2.0660688527846003
C7_2024,C7,2024,tonne,"Resource use, fossils",MJ,,0.638206178,357.29999999999995,1 ha worked,13_chara,228.03106739939997,,0.2367130164,2174.67,1 ha worked,16_chara,514.772695374588,,1.4202780982,273.81,1 ha worked,11_chara,388.886346068142,,0.4734260327,1630.72,1 ha worked,12_chara,772.025300044544,,0.4734260327,863.0400000000001,1 ha worked,14_chara,408.58560326140804,,0.2367130164,337.64000000000004,1 ha worked,17_chara,79.92378285729602,,1.27926432,23.53,1 ha worked,15_chara,30.101089449600003,2422.3258844549778
C7_2024,C7,2024,tonne,"Resource use, minerals and metals",kg Sb eq,,0.638206178,0.00031400000000000004,1 ha worked,13_chara,0.00020039673989200003,,0.2367130164,0.0025800000000000003,1 ha worked,16_chara,0.0006107195823120001,,1.4202780982,0.000127,1 ha worked,11_chara,0.0001803753184714,,0.4734260327,0.000917,1 ha worked,12_chara,0.00043413167198589996,,0.4734260327,0.00062,1 ha worked,14_chara,0.000293524140274,,0.2367130164,0.00037,1 ha worked,17_chara,8.7583816068e-05,,1.27926432,2.91e-05,1 ha worked,15_chara,3.7226591712e-05,0.0018439578607153
C7_2024,C7,2024,tonne,Water use,m3 depriv.,,0.638206178,2.11,1 ha worked,13_chara,1.34661503558,,0.2367130164,12.8,1 ha worked,16_chara,3.0299266099200004,,1.4202780982,0.8550000000000001,1 ha worked,11_chara,1.2143377739610002,,0.4734260327,7.94,1 ha worked,12_chara,3.759002699638,,0.4734260327,6.409999999999999,1 ha worked,14_chara,3.0346608696069994,,0.2367130164,3.44,1 ha worked,17_chara,0.814292776416,,1.27926432,0.235,1 ha worked,15_chara,0.30062711519999996,13.499462880321998
C8_2022,C8,2022,tonne,Acidification,mol H+ eq,,0.5787431524,0.253,1 ha worked,13_chara,0.1464220175572,,0.1800506809,1.7899999999999998,1 ha worked,16_chara,0.32229071881099997,,0.5401520428,0.20199999999999999,1 ha worked,11_chara,0.10911071264559999,,0.1800506809,1.1,1 ha worked,12_chara,0.19805574899000003,,0.0,0.5670000000000001,1 ha worked,14_chara,0.0,,0.0,0.116,1 ha worked,17_chara,0.0,,1.3170373883,0.0167,1 ha worked,15_chara,0.021994524384609998,0.79787372238841
C8_2022,C8,2022,tonne,Climate change,kg CO2 eq,,0.5787431524,26.88,1 ha worked,13_chara,15.556615936511998,,0.1800506809,165.89,1 ha worked,16_chara,29.868607454501,,0.5401520428,20.45,1 ha worked,11_chara,11.04610927526,,0.1800506809,124.18,1 ha worked,12_chara,22.358693554162002,,0.0,69.64999999999999,1 ha worked,14_chara,0.0,,0.0,28.27,1 ha worked,17_chara,0.0,,1.3170373883,1.93,1 ha worked,15_chara,2.541882159419,81.371908379854
C8_2022,C8,2022,tonne,Climate change - Biogenic,kg CO2 eq,,0.5787431524,0.0373,1 ha worked,13_chara,0.021587119584519997,,0.1800506809,0.17600000000000002,1 ha worked,16_chara,0.031688919838400005,,0.5401520428,0.028499999999999998,1 ha worked,11_chara,0.015394333219799997,,0.1800506809,0.145,1 ha worked,12_chara,0.0261073487305,,0.0,0.0992,1 ha worked,14_chara,0.0,,0.0,0.0452,1 ha worked,17_chara,0.0,,1.3170373883,0.0211,1 ha worked,15_chara,0.027789488893129998,0.12256721026635
C8_2022,C8,2022,tonne,Climate change - Fossil,kg CO2 eq,,0.5787431524,26.830000000000002,1 ha worked,13_chara,15.527678778892,,0.1800506809,165.57999999999998,1 ha worked,16_chara,29.812791743422,,0.5401520428,20.41,1 ha worked,11_chara,11.024503193548,,0.1800506809,123.97,1 ha worked,12_chara,22.320882911173,,0.0,69.50999999999999,1 ha worked,14_chara,0.0,,0.0,28.180000000000003,1 ha worked,17_chara,0.0,,1.3170373883,1.9100000000000001,1 ha worked,15_chara,2.515541411653,81.20139803868801
C8_2022,C8,2022,tonne,Climate change - Land use and LU change,kg CO2 eq,,0.5787431524,0.0178,1 ha worked,13_chara,0.010301628112719998,,0.1800506809,0.131,1 ha worked,16_chara,0.0235866391979,,0.5401520428,0.00673,1 ha worked,11_chara,0.0036352232480439998,,0.1800506809,0.05789999999999999,1 ha worked,12_chara,0.01042493442411,,0.0,0.0494,1 ha worked,14_chara,0.0,,0.0,0.0434,1 ha worked,17_chara,0.0,,1.3170373883,0.00132,1 ha worked,15_chara,0.001738489352556,0.049686914335330006
C8_2022,C8,2022,tonne,"Ecotoxicity, freshwater",CTUe,,0.5787431524,409.06,1 ha worked,13_chara,236.74067392074397,,0.1800506809,2729.37,1 ha worked,16_chara,491.424926928033,,0.5401520428,235.92,1 ha worked,11_chara,127.43266993737598,,0.1800506809,1587.99,1 ha worked,12_chara,285.91868076239103,,0.0,1134.53,1 ha worked,14_chara,0.0,,0.0,588.66,1 ha worked,17_chara,0.0,,1.3170373883,32.26,1 ha worked,15_chara,42.48762614655799,1184.004577695102
C8_2022,C8,2022,tonne,"Ecotoxicity, freshwater - inorganics",CTUe,,0.5787431524,66.27,1 ha worked,13_chara,38.353308709547996,,0.1800506809,419.04999999999995,1 ha worked,16_chara,75.45023783114499,,0.5401520428,48.84,1 ha worked,11_chara,26.381025770352,,0.1800506809,268.34,1 ha worked,12_chara,48.314799712706,,0.0,140.05,1 ha worked,14_chara,0.0,,0.0,58.77,1 ha worked,17_chara,0.0,,1.3170373883,4.59,1 ha worked,15_chara,6.045201612296999,194.544573636048
C8_2022,C8,2022,tonne,"Ecotoxicity, freshwater - metals",CTUe,,0.5787431524,322.83,1 ha worked,13_chara,186.83565188929197,,0.1800506809,2187.8900000000003,1 ha worked,16_chara,393.93108423430107,,0.5401520428,170.45000000000002,1 ha worked,11_chara,92.06891569526,,0.1800506809,1234.5,1 ha worked,12_chara,222.27256557105002,,0.0,954.07,1 ha worked,14_chara,0.0,,0.0,515.3100000000001,1 ha worked,17_chara,0.0,,1.3170373883,26.36,1 ha worked,15_chara,34.717105555588,929.825322945491
C8_2022,C8,2022,tonne,"Ecotoxicity, freshwater - organics",CTUe,,0.5787431524,19.96,1 ha worked,13_chara,11.551713321904,,0.1800506809,122.43,1 ha worked,16_chara,22.043604862587003,,0.5401520428,16.64,1 ha worked,11_chara,8.988129992192,,0.1800506809,85.15,1 ha worked,12_chara,15.331315478635002,,0.0,40.410000000000004,1 ha worked,14_chara,0.0,,0.0,14.58,1 ha worked,17_chara,0.0,,1.3170373883,1.31,1 ha worked,15_chara,1.725318978673,59.640082633991014
C8_2022,C8,2022,tonne,"Eutrophication, freshwater",kg P eq,,0.5787431524,0.00346,1 ha worked,13_chara,0.0020024513073039997,,0.1800506809,0.0236,1 ha worked,16_chara,0.00424919606924,,0.5401520428,0.0014600000000000001,1 ha worked,11_chara,0.000788621982488,,0.1800506809,0.0129,1 ha worked,12_chara,0.0023226537836100003,,0.0,0.0116,1 ha worked,14_chara,0.0,,0.0,0.00685,1 ha worked,17_chara,0.0,,1.3170373883,0.000272,1 ha worked,15_chara,0.0003582341696176,0.009721157312259601
C8_2022,C8,2022,tonne,"Eutrophication, marine",kg N eq,,0.5787431524,0.1,1 ha worked,13_chara,0.05787431524,,0.1800506809,0.729,1 ha worked,16_chara,0.1312569463761,,0.5401520428,0.08460000000000001,1 ha worked,11_chara,0.04569686282088,,0.1800506809,0.444,1 ha worked,12_chara,0.07994250231960001,,0.0,0.213,1 ha worked,14_chara,0.0,,0.0,0.0206,1 ha worked,17_chara,0.0,,1.3170373883,0.0064600000000000005,1 ha worked,15_chara,0.008508061528418001,0.323278688284998
C8_2022,C8,2022,tonne,"Eutrophication, terrestrial",mol N eq,,0.5787431524,1.1,1 ha worked,13_chara,0.63661746764,,0.1800506809,7.97,1 ha worked,16_chara,1.435003926773,,0.5401520428,0.927,1 ha worked,11_chara,0.5007209436755999,,0.1800506809,4.86,1 ha worked,12_chara,0.8750463091740001,,0.0,2.33,1 ha worked,14_chara,0.0,,0.0,0.21800000000000003,1 ha worked,17_chara,0.0,,1.3170373883,0.0704,1 ha worked,15_chara,0.09271943213632,3.5401080793989195
C8_2022,C8,2022,tonne,"Human toxicity, cancer",CTUh,,0.5787431524,1.96e-08,1 ha worked,13_chara,1.1343365787039999e-08,,0.1800506809,1.34e-07,1 ha worked,16_chara,2.4126791240600004e-08,,0.5401520428,1.13e-08,1 ha worked,11_chara,6.103718083639999e-09,,0.1800506809,1.03e-07,1 ha worked,12_chara,1.85452201327e-08,,0.0,1.14e-07,1 ha worked,14_chara,0.0,,0.0,5.54e-08,1 ha worked,17_chara,0.0,,1.3170373883,1.91e-09,1 ha worked,15_chara,2.5155414116529997e-09,6.2634636655633e-08
C8_2022,C8,2022,tonne,"Human toxicity, cancer - inorganics",CTUh,,0.5787431524,3.85e-17,1 ha worked,13_chara,2.2281611367399997e-17,,0.1800506809,2.22e-16,1 ha worked,16_chara,3.9971251159800007e-17,,0.5401520428,1.8099999999999998e-17,1 ha worked,11_chara,9.776751974679998e-18,,0.1800506809,1.5199999999999998e-16,1 ha worked,12_chara,2.7367703496799998e-17,,0.0,1.3300000000000002e-16,1 ha worked,14_chara,0.0,,0.0,7.46e-17,1 ha worked,17_chara,0.0,,1.3170373883,2.89e-18,1 ha worked,15_chara,3.806238052187e-18,1.03203556050867e-16
C8_2022,C8,2022,tonne,"Human toxicity, cancer - metals",CTUh,,0.5787431524,1.23e-08,1 ha worked,13_chara,7.118540774519999e-09,,0.1800506809,8.47e-08,1 ha worked,16_chara,1.525029267223e-08,,0.5401520428,7.91e-09,1 ha worked,11_chara,4.272602658548e-09,,0.1800506809,6.970000000000001e-08,1 ha worked,12_chara,1.2549532458730002e-08,,0.0,8.050000000000001e-08,1 ha worked,14_chara,0.0,,0.0,3.55e-08,1 ha worked,17_chara,0.0,,1.3170373883,1.23e-09,1 ha worked,15_chara,1.619955987609e-09,4.0810924551637006e-08
C8_2022,C8,2022,tonne,"Human toxicity, cancer - organics",CTUh,,0.5787431524,7.2800000000000005e-09,1 ha worked,13_chara,4.213250149472e-09,,0.1800506809,4.98e-08,1 ha worked,16_chara,8.96652390882e-09,,0.5401520428,3.4000000000000003e-09,1 ha worked,11_chara,1.83651694552e-09,,0.1800506809,3.3e-08,1 ha worked,12_chara,5.9416724697e-09,,0.0,3.34e-08,1 ha worked,14_chara,0.0,,0.0,2e-08,1 ha worked,17_chara,0.0,,1.3170373883,6.829999999999999e-10,1 ha worked,15_chara,8.995365362088998e-10,2.1857500009720897e-08
C8_2022,C8,2022,tonne,"Human toxicity, non-cancer",CTUh,,0.5787431524,5.989999999999999e-07,1 ha worked,13_chara,3.466671482875999e-07,,0.1800506809,3.46e-06,1 ha worked,16_chara,6.22975355914e-07,,0.5401520428,8.92e-07,1 ha worked,11_chara,4.818156221776e-07,,0.1800506809,2e-06,1 ha worked,12_chara,3.6010136180000003e-07,,0.0,1.37e-06,1 ha worked,14_chara,0.0,,0.0,1.0700000000000001e-06,1 ha worked,17_chara,0.0,,1.3170373883,1.27e-07,1 ha worked,15_chara,1.672637483141e-07,1.9788232364932997e-06
C8_2022,C8,2022,tonne,"Human toxicity, non-cancer - inorganics",CTUh,,0.5787431524,1.6900000000000002e-07,1 ha worked,13_chara,9.78075927556e-08,,0.1800506809,1.12e-06,1 ha worked,16_chara,2.01656762608e-07,,0.5401520428,8.97e-08,1 ha worked,11_chara,4.845163823916e-08,,0.1800506809,8.100000000000001e-07,1 ha worked,12_chara,1.4584105152900002e-07,,0.0,6.54e-07,1 ha worked,14_chara,0.0,,0.0,3.12e-07,1 ha worked,17_chara,0.0,,1.3170373883,1.02e-08,1 ha worked,15_chara,1.343378136066e-08,5.071908264924201e-07
C8_2022,C8,2022,tonne,"Human toxicity, non-cancer - metals",CTUh,,0.5787431524,4.1999999999999995e-07,1 ha worked,13_chara,2.4307212400799996e-07,,0.1800506809,2.26e-06,1 ha worked,16_chara,4.06914538834e-07,,0.5401520428,7.98e-07,1 ha worked,11_chara,4.3104133015439995e-07,,0.1800506809,1.16e-06,1 ha worked,12_chara,2.08858789844e-07,,0.0,6.99e-07,1 ha worked,14_chara,0.0,,0.0,7.47e-07,1 ha worked,17_chara,0.0,,1.3170373883,1.16e-07,1 ha worked,15_chara,1.5277633704280001e-07,1.4426631198831999e-06
C8_2022,C8,2022,tonne,"Human toxicity, non-cancer - organics",CTUh,,0.5787431524,1.16e-08,1 ha worked,13_chara,6.713420567839999e-09,,0.1800506809,8.660000000000001e-08,1 ha worked,16_chara,1.559238896594e-08,,0.5401520428,5.48e-09,1 ha worked,11_chara,2.9600331945439998e-09,,0.1800506809,3.8200000000000005e-08,1 ha worked,12_chara,6.8779360103800015e-09,,0.0,2.67e-08,1 ha worked,14_chara,0.0,,0.0,1.5299999999999998e-08,1 ha worked,17_chara,0.0,,1.3170373883,1.08e-09,1 ha worked,15_chara,1.4224003793639999e-09,3.3566179118068e-08
C8_2022,C8,2022,tonne,Ionising radiation,kBq U-235 eq,,0.5787431524,1.72,1 ha worked,13_chara,0.9954382221279999,,0.1800506809,10.49,1 ha worked,16_chara,1.8887316426410001,,0.5401520428,1.27,1 ha worked,11_chara,0.685993094356,,0.1800506809,7.89,1 ha worked,12_chara,1.420599872301,,0.0,4.319999999999999,1 ha worked,14_chara,0.0,,0.0,1.75,1 ha worked,17_chara,0.0,,1.3170373883,0.115,1 ha worked,15_chara,0.1514592996545,5.1422221310805005
C8_2022,C8,2022,tonne,Land use,Pt,,0.5787431524,145.23,1 ha worked,13_chara,84.05086802305199,,0.1800506809,800.14,1 ha worked,16_chara,144.065751815326,,0.5401520428,137.54,1 ha worked,11_chara,74.29251196671198,,0.1800506809,641.1899999999999,1 ha worked,12_chara,115.44669608627099,,0.0,418.1,1 ha worked,14_chara,0.0,,0.0,168.95000000000002,1 ha worked,17_chara,0.0,,1.3170373883,100.13,1 ha worked,15_chara,131.87495369047897,549.7307815818399
C8_2022,C8,2022,tonne,Ozone depletion,kg CFC11 eq,,0.5787431524,4.960000000000001e-06,1 ha worked,13_chara,2.8705660359040004e-06,,0.1800506809,3.03e-05,1 ha worked,16_chara,5.455535631270001e-06,,0.5401520428,4.17e-06,1 ha worked,11_chara,2.2524340184759997e-06,,0.1800506809,2.13e-05,1 ha worked,12_chara,3.83507950317e-06,,0.0,9.97e-06,1 ha worked,14_chara,0.0,,0.0,3.52e-06,1 ha worked,17_chara,0.0,,1.3170373883,3.2200000000000005e-07,1 ha worked,15_chara,4.2408603903260003e-07,1.48377012278526e-05
C8_2022,C8,2022,tonne,Particulate matter,disease inc.,,0.5787431524,8.429999999999999e-07,1 ha worked,13_chara,4.878804774732e-07,,0.1800506809,5.39e-06,1 ha worked,16_chara,9.70473170051e-07,,0.5401520428,6.229999999999999e-07,1 ha worked,11_chara,3.365147226643999e-07,,0.1800506809,3.6599999999999997e-06,1 ha worked,12_chara,6.58985492094e-07,,0.0,2.78e-06,1 ha worked,14_chara,0.0,,0.0,1.42e-06,1 ha worked,17_chara,0.0,,1.3170373883,1.22e-07,1 ha worked,15_chara,1.606785613726e-07,2.6145324236552e-06
C8_2022,C8,2022,tonne,Photochemical ozone formation,kg NMVOC eq,,0.5787431524,0.305,1 ha worked,13_chara,0.176516661482,,0.1800506809,2.2,1 ha worked,16_chara,0.39611149798000006,,0.5401520428,0.249,1 ha worked,11_chara,0.1344978586572,,0.1800506809,1.33,1 ha worked,12_chara,0.23946740559700003,,0.0,0.67,1 ha worked,14_chara,0.0,,0.0,0.107,1 ha worked,17_chara,0.0,,1.3170373883,0.0194,1 ha worked,15_chara,0.025550525333019998,0.9721439490492202
C8_2022,C8,2022,tonne,"Resource use, fossils",MJ,,0.5787431524,357.29999999999995,1 ha worked,13_chara,206.78492835251996,,0.1800506809,2174.67,1 ha worked,16_chara,391.550814232803,,0.5401520428,273.81,1 ha worked,11_chara,147.899030839068,,0.1800506809,1630.72,1 ha worked,12_chara,293.612246357248,,0.0,863.0400000000001,1 ha worked,14_chara,0.0,,0.0,337.64000000000004,1 ha worked,17_chara,0.0,,1.3170373883,23.53,1 ha worked,15_chara,30.989889746699,1070.836909528338
C8_2022,C8,2022,tonne,"Resource use, minerals and metals",kg Sb eq,,0.5787431524,0.00031400000000000004,1 ha worked,13_chara,0.00018172534985360001,,0.1800506809,0.0025800000000000003,1 ha worked,16_chara,0.00046453075672200006,,0.5401520428,0.000127,1 ha worked,11_chara,6.85993094356e-05,,0.1800506809,0.000917,1 ha worked,12_chara,0.0001651064743853,,0.0,0.00062,1 ha worked,14_chara,0.0,,0.0,0.00037,1 ha worked,17_chara,0.0,,1.3170373883,2.91e-05,1 ha worked,15_chara,3.832578799953e-05,0.00091828767839603
C8_2022,C8,2022,tonne,Water use,m3 depriv.,,0.5787431524,2.11,1 ha worked,13_chara,1.2211480515639999,,0.1800506809,12.8,1 ha worked,16_chara,2.3046487155200004,,0.5401520428,0.8550000000000001,1 ha worked,11_chara,0.46182999659400004,,0.1800506809,7.94,1 ha worked,12_chara,1.4296024063460002,,0.0,6.409999999999999,1 ha worked,14_chara,0.0,,0.0,3.44,1 ha worked,17_chara,0.0,,1.3170373883,0.235,1 ha worked,15_chara,0.30950378625049996,5.726732956274501
C8_2023,C8,2023,tonne,Acidification,mol H+ eq,,0.3471536867,0.253,1 ha worked,13_chara,0.0878298827351,,0.1735768433,1.7899999999999998,1 ha worked,16_chara,0.310702549507,,0.52073053,0.20199999999999999,1 ha worked,11_chara,0.10518756706,,0.1735768433,1.1,1 ha worked,12_chara,0.19093452763000002,,0.1735768433,0.5670000000000001,1 ha worked,14_chara,0.09841807015110002,,0.1735768433,0.116,1 ha worked,17_chara,0.020134913822800003,,1.3677400678,0.0167,1 ha worked,15_chara,0.02284125913226,0.8360487700382601
C8_2023,C8,2023,tonne,Climate change,kg CO2 eq,,0.3471536867,26.88,1 ha worked,13_chara,9.331491098496,,0.1735768433,165.89,1 ha worked,16_chara,28.794662535037,,0.52073053,20.45,1 ha worked,11_chara,10.6489393385,,0.1735768433,124.18,1 ha worked,12_chara,21.554772400994,,0.1735768433,69.64999999999999,1 ha worked,14_chara,12.089627135845,,0.1735768433,28.27,1 ha worked,17_chara,4.907017360091,,1.3677400678,1.93,1 ha worked,15_chara,2.639738330854,89.966248199817
C8_2023,C8,2023,tonne,Climate change - Biogenic,kg CO2 eq,,0.3471536867,0.0373,1 ha worked,13_chara,0.01294883251391,,0.1735768433,0.17600000000000002,1 ha worked,16_chara,0.030549524420800004,,0.52073053,0.028499999999999998,1 ha worked,11_chara,0.014840820105,,0.1735768433,0.145,1 ha worked,12_chara,0.0251686422785,,0.1735768433,0.0992,1 ha worked,14_chara,0.01721882285536,,0.1735768433,0.0452,1 ha worked,17_chara,0.00784567331716,,1.3677400678,0.0211,1 ha worked,15_chara,0.028859315430580002,0.13743163092131
C8_2023,C8,2023,tonne,Climate change - Fossil,kg CO2 eq,,0.3471536867,26.830000000000002,1 ha worked,13_chara,9.314133414161,,0.1735768433,165.57999999999998,1 ha worked,16_chara,28.740853713613998,,0.52073053,20.41,1 ha worked,11_chara,10.6281101173,,0.1735768433,123.97,1 ha worked,12_chara,21.518321263901,,0.1735768433,69.50999999999999,1 ha worked,14_chara,12.065326377782998,,0.1735768433,28.180000000000003,1 ha worked,17_chara,4.891395444194001,,1.3677400678,1.9100000000000001,1 ha worked,15_chara,2.612383529498,89.77052386045101
C8_2023,C8,2023,tonne,Climate change - Land use and LU change,kg CO2 eq,,0.3471536867,0.0178,1 ha worked,13_chara,0.00617933562326,,0.1735768433,0.131,1 ha worked,16_chara,0.022738566472300003,,0.52073053,0.00673,1 ha worked,11_chara,0.0035045164669,,0.1735768433,0.05789999999999999,1 ha worked,12_chara,0.01005009922707,,0.1735768433,0.0494,1 ha worked,14_chara,0.00857469605902,,0.1735768433,0.0434,1 ha worked,17_chara,0.007533234999220001,,1.3677400678,0.00132,1 ha worked,15_chara,0.001805416889496,0.060385865737266
C8_2023,C8,2023,tonne,"Ecotoxicity, freshwater",CTUe,,0.3471536867,409.06,1 ha worked,13_chara,142.006687081502,,0.1735768433,2729.37,1 ha worked,16_chara,473.755428797721,,0.52073053,235.92,1 ha worked,11_chara,122.8507466376,,0.1735768433,1587.99,1 ha worked,12_chara,275.638291391967,,0.1735768433,1134.53,1 ha worked,14_chara,196.928136029149,,0.1735768433,588.66,1 ha worked,17_chara,102.177744576978,,1.3677400678,32.26,1 ha worked,15_chara,44.123294587227996,1357.480329102145
C8_2023,C8,2023,tonne,"Ecotoxicity, freshwater - inorganics",CTUe,,0.3471536867,66.27,1 ha worked,13_chara,23.005874817609,,0.1735768433,419.04999999999995,1 ha worked,16_chara,72.737376184865,,0.52073053,48.84,1 ha worked,11_chara,25.432479085200004,,0.1735768433,268.34,1 ha worked,12_chara,46.577610131122,,0.1735768433,140.05,1 ha worked,14_chara,24.309436904165004,,0.1735768433,58.77,1 ha worked,17_chara,10.201111080741,,1.3677400678,4.59,1 ha worked,15_chara,6.277926911202,208.54181511490398
C8_2023,C8,2023,tonne,"Ecotoxicity, freshwater - metals",CTUe,,0.3471536867,322.83,1 ha worked,13_chara,112.071624677361,,0.1735768433,2187.8900000000003,1 ha worked,16_chara,379.76703968763707,,0.52073053,170.45000000000002,1 ha worked,11_chara,88.75851883850001,,0.1735768433,1234.5,1 ha worked,12_chara,214.28061305385,,0.1735768433,954.07,1 ha worked,14_chara,165.604458887231,,0.1735768433,515.3100000000001,1 ha worked,17_chara,89.44588312092301,,1.3677400678,26.36,1 ha worked,15_chara,36.053628187208,1085.9817664527102
C8_2023,C8,2023,tonne,"Ecotoxicity, freshwater - organics",CTUe,,0.3471536867,19.96,1 ha worked,13_chara,6.9291875865320005,,0.1735768433,122.43,1 ha worked,16_chara,21.251012925219,,0.52073053,16.64,1 ha worked,11_chara,8.6649560192,,0.1735768433,85.15,1 ha worked,12_chara,14.780068206995,,0.1735768433,40.410000000000004,1 ha worked,14_chara,7.014240237753,,0.1735768433,14.58,1 ha worked,17_chara,2.530750375314,,1.3677400678,1.31,1 ha worked,15_chara,1.791739488818,62.961954839831
C8_2023,C8,2023,tonne,"Eutrophication, freshwater",kg P eq,,0.3471536867,0.00346,1 ha worked,13_chara,0.001201151755982,,0.1735768433,0.0236,1 ha worked,16_chara,0.00409641350188,,0.52073053,0.0014600000000000001,1 ha worked,11_chara,0.0007602665738000001,,0.1735768433,0.0129,1 ha worked,12_chara,0.00223914127857,,0.1735768433,0.0116,1 ha worked,14_chara,0.00201349138228,,0.1735768433,0.00685,1 ha worked,17_chara,0.001189001376605,,1.3677400678,0.000272,1 ha worked,15_chara,0.0003720252984416,0.0118714911675586
C8_2023,C8,2023,tonne,"Eutrophication, marine",kg N eq,,0.3471536867,0.1,1 ha worked,13_chara,0.03471536867,,0.1735768433,0.729,1 ha worked,16_chara,0.1265375187657,,0.52073053,0.08460000000000001,1 ha worked,11_chara,0.044053802838000006,,0.1735768433,0.444,1 ha worked,12_chara,0.0770681184252,,0.1735768433,0.213,1 ha worked,14_chara,0.0369718676229,,0.1735768433,0.0206,1 ha worked,17_chara,0.00357568297198,,1.3677400678,0.0064600000000000005,1 ha worked,15_chara,0.008835600837988001,0.331757960131768
C8_2023,C8,2023,tonne,"Eutrophication, terrestrial",mol N eq,,0.3471536867,1.1,1 ha worked,13_chara,0.38186905537000004,,0.1735768433,7.97,1 ha worked,16_chara,1.383407441101,,0.52073053,0.927,1 ha worked,11_chara,0.48271720131000007,,0.1735768433,4.86,1 ha worked,12_chara,0.8435834584380001,,0.1735768433,2.33,1 ha worked,14_chara,0.40443404488900003,,0.1735768433,0.21800000000000003,1 ha worked,17_chara,0.037839751839400006,,1.3677400678,0.0704,1 ha worked,15_chara,0.09628890077312001,3.6301398537205207
C8_2023,C8,2023,tonne,"Human toxicity, cancer",CTUh,,0.3471536867,1.96e-08,1 ha worked,13_chara,6.80421225932e-09,,0.1735768433,1.34e-07,1 ha worked,16_chara,2.32592970022e-08,,0.52073053,1.13e-08,1 ha worked,11_chara,5.884254989e-09,,0.1735768433,1.03e-07,1 ha worked,12_chara,1.78784148599e-08,,0.1735768433,1.14e-07,1 ha worked,14_chara,1.97877601362e-08,,0.1735768433,5.54e-08,1 ha worked,17_chara,9.61615711882e-09,,1.3677400678,1.91e-09,1 ha worked,15_chara,2.6123835294979996e-09,8.584247989493799e-08
C8_2023,C8,2023,tonne,"Human toxicity, cancer - inorganics",CTUh,,0.3471536867,3.85e-17,1 ha worked,13_chara,1.336541693795e-17,,0.1735768433,2.22e-16,1 ha worked,16_chara,3.85340592126e-17,,0.52073053,1.8099999999999998e-17,1 ha worked,11_chara,9.425222592999999e-18,,0.1735768433,1.5199999999999998e-16,1 ha worked,12_chara,2.63836801816e-17,,0.1735768433,1.3300000000000002e-16,1 ha worked,14_chara,2.3085720158900002e-17,,0.1735768433,7.46e-17,1 ha worked,17_chara,1.2948832510179999e-17,,1.3677400678,2.89e-18,1 ha worked,15_chara,3.952768795942e-18,1.27695700390172e-16
C8_2023,C8,2023,tonne,"Human toxicity, cancer - metals",CTUh,,0.3471536867,1.23e-08,1 ha worked,13_chara,4.26999034641e-09,,0.1735768433,8.47e-08,1 ha worked,16_chara,1.470195862751e-08,,0.52073053,7.91e-09,1 ha worked,11_chara,4.1189784923e-09,,0.1735768433,6.970000000000001e-08,1 ha worked,12_chara,1.2098305978010002e-08,,0.1735768433,8.050000000000001e-08,1 ha worked,14_chara,1.3972935885650003e-08,,0.1735768433,3.55e-08,1 ha worked,17_chara,6.16197793715e-09,,1.3677400678,1.23e-09,1 ha worked,15_chara,1.682320283394e-09,5.700646755042401e-08
C8_2023,C8,2023,tonne,"Human toxicity, cancer - organics",CTUh,,0.3471536867,7.2800000000000005e-09,1 ha worked,13_chara,2.5272788391760005e-09,,0.1735768433,4.98e-08,1 ha worked,16_chara,8.64412679634e-09,,0.52073053,3.4000000000000003e-09,1 ha worked,11_chara,1.7704838020000001e-09,,0.1735768433,3.3e-08,1 ha worked,12_chara,5.7280358289e-09,,0.1735768433,3.34e-08,1 ha worked,14_chara,5.7974665662200006e-09,,0.1735768433,2e-08,1 ha worked,17_chara,3.4715368660000003e-09,,1.3677400678,6.829999999999999e-10,1 ha worked,15_chara,9.341664663073999e-10,2.8873095164943404e-08
C8_2023,C8,2023,tonne,"Human toxicity, non-cancer",CTUh,,0.3471536867,5.989999999999999e-07,1 ha worked,13_chara,2.0794505833329997e-07,,0.1735768433,3.46e-06,1 ha worked,16_chara,6.00575877818e-07,,0.52073053,8.92e-07,1 ha worked,11_chara,4.6449163276000004e-07,,0.1735768433,2e-06,1 ha worked,12_chara,3.471536866e-07,,0.1735768433,1.37e-06,1 ha worked,14_chara,2.3780027532100001e-07,,0.1735768433,1.0700000000000001e-06,1 ha worked,17_chara,1.8572722233100003e-07,,1.3677400678,1.27e-07,1 ha worked,15_chara,1.7370298861060002e-07,2.2173967417739e-06
C8_2023,C8,2023,tonne,"Human toxicity, non-cancer - inorganics",CTUh,,0.3471536867,1.6900000000000002e-07,1 ha worked,13_chara,5.866897305230001e-08,,0.1735768433,1.12e-06,1 ha worked,16_chara,1.9440606449600002e-07,,0.52073053,8.97e-08,1 ha worked,11_chara,4.6709528541000004e-08,,0.1735768433,8.100000000000001e-07,1 ha worked,12_chara,1.40597243073e-07,,0.1735768433,6.54e-07,1 ha worked,14_chara,1.1351925551820001e-07,,0.1735768433,3.12e-07,1 ha worked,17_chara,5.41559751096e-08,,1.3677400678,1.02e-08,1 ha worked,15_chara,1.395094869156e-08,6.220079884816601e-07
C8_2023,C8,2023,tonne,"Human toxicity, non-cancer - metals",CTUh,,0.3471536867,4.1999999999999995e-07,1 ha worked,13_chara,1.4580454841399998e-07,,0.1735768433,2.26e-06,1 ha worked,16_chara,3.92283665858e-07,,0.52073053,7.98e-07,1 ha worked,11_chara,4.1554296294e-07,,0.1735768433,1.16e-06,1 ha worked,12_chara,2.01349138228e-07,,0.1735768433,6.99e-07,1 ha worked,14_chara,1.213302134667e-07,,0.1735768433,7.47e-07,1 ha worked,17_chara,1.296619019451e-07,,1.3677400678,1.16e-07,1 ha worked,15_chara,1.586578478648e-07,1.5646302787166e-06
C8_2023,C8,2023,tonne,"Human toxicity, non-cancer - organics",CTUh,,0.3471536867,1.16e-08,1 ha worked,13_chara,4.02698276572e-09,,0.1735768433,8.660000000000001e-08,1 ha worked,16_chara,1.503175462978e-08,,0.52073053,5.48e-09,1 ha worked,11_chara,2.8536033044000003e-09,,0.1735768433,3.8200000000000005e-08,1 ha worked,12_chara,6.630635414060001e-09,,0.1735768433,2.67e-08,1 ha worked,14_chara,4.634501716110001e-09,,0.1735768433,1.5299999999999998e-08,1 ha worked,17_chara,2.65572570249e-09,,1.3677400678,1.08e-09,1 ha worked,15_chara,1.477159273224e-09,3.7310362805784e-08
C8_2023,C8,2023,tonne,Ionising radiation,kBq U-235 eq,,0.3471536867,1.72,1 ha worked,13_chara,0.597104341124,,0.1735768433,10.49,1 ha worked,16_chara,1.820821086217,,0.52073053,1.27,1 ha worked,11_chara,0.6613277731,,0.1735768433,7.89,1 ha worked,12_chara,1.369521293637,,0.1735768433,4.319999999999999,1 ha worked,14_chara,0.7498519630559999,,0.1735768433,1.75,1 ha worked,17_chara,0.303759475775,,1.3677400678,0.115,1 ha worked,15_chara,0.157290107797,5.6596760407060005
C8_2023,C8,2023,tonne,Land use,Pt,,0.3471536867,145.23,1 ha worked,13_chara,50.417129919441,,0.1735768433,800.14,1 ha worked,16_chara,138.885775398062,,0.52073053,137.54,1 ha worked,11_chara,71.6212770962,,0.1735768433,641.1899999999999,1 ha worked,12_chara,111.295736155527,,0.1735768433,418.1,1 ha worked,14_chara,72.57247818373001,,0.1735768433,168.95000000000002,1 ha worked,17_chara,29.325807675535003,,1.3677400678,100.13,1 ha worked,15_chara,136.951812988814,611.070017417309
C8_2023,C8,2023,tonne,Ozone depletion,kg CFC11 eq,,0.3471536867,4.960000000000001e-06,1 ha worked,13_chara,1.7218822860320004e-06,,0.1735768433,3.03e-05,1 ha worked,16_chara,5.25937835199e-06,,0.52073053,4.17e-06,1 ha worked,11_chara,2.1714463101e-06,,0.1735768433,2.13e-05,1 ha worked,12_chara,3.69718676229e-06,,0.1735768433,9.97e-06,1 ha worked,14_chara,1.730561127701e-06,,0.1735768433,3.52e-06,1 ha worked,17_chara,6.109904884160001e-07,,1.3677400678,3.2200000000000005e-07,1 ha worked,15_chara,4.4041230183160005e-07,1.56318576283606e-05
C8_2023,C8,2023,tonne,Particulate matter,disease inc.,,0.3471536867,8.429999999999999e-07,1 ha worked,13_chara,2.926505578881e-07,,0.1735768433,5.39e-06,1 ha worked,16_chara,9.35579185387e-07,,0.52073053,6.229999999999999e-07,1 ha worked,11_chara,3.2441512018999994e-07,,0.1735768433,3.6599999999999997e-06,1 ha worked,12_chara,6.35291246478e-07,,0.1735768433,2.78e-06,1 ha worked,14_chara,4.82543624374e-07,,0.1735768433,1.42e-06,1 ha worked,17_chara,2.46479117486e-07,,1.3677400678,1.22e-07,1 ha worked,15_chara,1.6686428827160002e-07,3.0838231400747e-06
C8_2023,C8,2023,tonne,Photochemical ozone formation,kg NMVOC eq,,0.3471536867,0.305,1 ha worked,13_chara,0.1058818744435,,0.1735768433,2.2,1 ha worked,16_chara,0.38186905526000003,,0.52073053,0.249,1 ha worked,11_chara,0.12966190197,,0.1735768433,1.33,1 ha worked,12_chara,0.23085720158900003,,0.1735768433,0.67,1 ha worked,14_chara,0.11629648501100001,,0.1735768433,0.107,1 ha worked,17_chara,0.0185727222331,,1.3677400678,0.0194,1 ha worked,15_chara,0.026534157315320002,1.0096733978219201
C8_2023,C8,2023,tonne,"Resource use, fossils",MJ,,0.3471536867,357.29999999999995,1 ha worked,13_chara,124.03801225791,,0.1735768433,2174.67,1 ha worked,16_chara,377.47235381921104,,0.52073053,273.81,1 ha worked,11_chara,142.5812264193,,0.1735768433,1630.72,1 ha worked,12_chara,283.055229906176,,0.1735768433,863.0400000000001,1 ha worked,14_chara,149.80375884163203,,0.1735768433,337.64000000000004,1 ha worked,17_chara,58.606485371812006,,1.3677400678,23.53,1 ha worked,15_chara,32.182923795334,1167.7399904113752
C8_2023,C8,2023,tonne,"Resource use, minerals and metals",kg Sb eq,,0.3471536867,0.00031400000000000004,1 ha worked,13_chara,0.00010900625762380003,,0.1735768433,0.0025800000000000003,1 ha worked,16_chara,0.00044782825571400005,,0.52073053,0.000127,1 ha worked,11_chara,6.613277731e-05,,0.1735768433,0.000917,1 ha worked,12_chara,0.0001591699653061,,0.1735768433,0.00062,1 ha worked,14_chara,0.00010761764284600001,,0.1735768433,0.00037,1 ha worked,17_chara,6.4223432021e-05,,1.3677400678,2.91e-05,1 ha worked,15_chara,3.980123597298e-05,0.00099377956679388
C8_2023,C8,2023,tonne,Water use,m3 depriv.,,0.3471536867,2.11,1 ha worked,13_chara,0.732494278937,,0.1735768433,12.8,1 ha worked,16_chara,2.22178359424,,0.52073053,0.8550000000000001,1 ha worked,11_chara,0.44522460315000006,,0.1735768433,7.94,1 ha worked,12_chara,1.3782001358020002,,0.1735768433,6.409999999999999,1 ha worked,14_chara,1.1126275655529998,,0.1735768433,3.44,1 ha worked,17_chara,0.597104340952,,1.3677400678,0.235,1 ha worked,15_chara,0.321418915933,6.808853434567
C8_2024,C8,2024,tonne,Acidification,mol H+ eq,,0.7591835267,0.253,1 ha worked,13_chara,0.1920734322551,,0.2530611756,1.7899999999999998,1 ha worked,16_chara,0.45297950432399997,,0.7591835267,0.20199999999999999,1 ha worked,11_chara,0.1533550723934,,0.2530611756,1.1,1 ha worked,12_chara,0.27836729316000003,,0.2530611756,0.5670000000000001,1 ha worked,14_chara,0.14348568656520003,,0.0,0.116,1 ha worked,17_chara,0.0,,0.7766478298,0.0167,1 ha worked,15_chara,0.01297001875766,1.23323100745536
C8_2024,C8,2024,tonne,Climate change,kg CO2 eq,,0.7591835267,26.88,1 ha worked,13_chara,20.406853197695998,,0.2530611756,165.89,1 ha worked,16_chara,41.980318420284,,0.7591835267,20.45,1 ha worked,11_chara,15.525303121015,,0.2530611756,124.18,1 ha worked,12_chara,31.425136786008004,,0.2530611756,69.64999999999999,1 ha worked,14_chara,17.625710880539998,,0.0,28.27,1 ha worked,17_chara,0.0,,0.7766478298,1.93,1 ha worked,15_chara,1.498930311514,128.462252717057
C8_2024,C8,2024,tonne,Climate change - Biogenic,kg CO2 eq,,0.7591835267,0.0373,1 ha worked,13_chara,0.02831754554591,,0.2530611756,0.17600000000000002,1 ha worked,16_chara,0.044538766905600005,,0.7591835267,0.028499999999999998,1 ha worked,11_chara,0.021636730510949997,,0.2530611756,0.145,1 ha worked,12_chara,0.036693870462,,0.2530611756,0.0992,1 ha worked,14_chara,0.02510366861952,,0.0,0.0452,1 ha worked,17_chara,0.0,,0.7766478298,0.0211,1 ha worked,15_chara,0.01638726920878,0.17267785125276
C8_2024,C8,2024,tonne,Climate change - Fossil,kg CO2 eq,,0.7591835267,26.830000000000002,1 ha worked,13_chara,20.368894021361,,0.2530611756,165.57999999999998,1 ha worked,16_chara,41.901869455848,,0.7591835267,20.41,1 ha worked,11_chara,15.494935779947,,0.2530611756,123.97,1 ha worked,12_chara,31.371993939132004,,0.2530611756,69.50999999999999,1 ha worked,14_chara,17.590282315956,,0.0,28.180000000000003,1 ha worked,17_chara,0.0,,0.7766478298,1.9100000000000001,1 ha worked,15_chara,1.4833973549180002,128.21137286716203
C8_2024,C8,2024,tonne,Climate change - Land use and LU change,kg CO2 eq,,0.7591835267,0.0178,1 ha worked,13_chara,0.01351346677526,,0.2530611756,0.131,1 ha worked,16_chara,0.0331510140036,,0.7591835267,0.00673,1 ha worked,11_chara,0.005109305134691,,0.2530611756,0.05789999999999999,1 ha worked,12_chara,0.01465224206724,,0.2530611756,0.0494,1 ha worked,14_chara,0.01250122207464,,0.0,0.0434,1 ha worked,17_chara,0.0,,0.7766478298,0.00132,1 ha worked,15_chara,0.001025175135336,0.07995242519076699
C8_2024,C8,2024,tonne,"Ecotoxicity, freshwater",CTUe,,0.7591835267,409.06,1 ha worked,13_chara,310.551613431902,,0.2530611756,2729.37,1 ha worked,16_chara,690.697580847372,,0.7591835267,235.92,1 ha worked,11_chara,179.10657761906398,,0.2530611756,1587.99,1 ha worked,12_chara,401.85861624104405,,0.2530611756,1134.53,1 ha worked,14_chara,287.105495553468,,0.0,588.66,1 ha worked,17_chara,0.0,,0.7766478298,32.26,1 ha worked,15_chara,25.054658989348,1894.374542682198
C8_2024,C8,2024,tonne,"Ecotoxicity, freshwater - inorganics",CTUe,,0.7591835267,66.27,1 ha worked,13_chara,50.311092314408995,,0.2530611756,419.04999999999995,1 ha worked,16_chara,106.04528563518,,0.7591835267,48.84,1 ha worked,11_chara,37.078523444028,,0.2530611756,268.34,1 ha worked,12_chara,67.906435860504,,0.2530611756,140.05,1 ha worked,14_chara,35.44121764278,,0.0,58.77,1 ha worked,17_chara,0.0,,0.7766478298,4.59,1 ha worked,15_chara,3.564813538782,300.34736843568305
C8_2024,C8,2024,tonne,"Ecotoxicity, freshwater - metals",CTUe,,0.7591835267,322.83,1 ha worked,13_chara,245.08721792456097,,0.2530611756,2187.8900000000003,1 ha worked,16_chara,553.6700154834841,,0.7591835267,170.45000000000002,1 ha worked,11_chara,129.402832126015,,0.2530611756,1234.5,1 ha worked,12_chara,312.40402127820005,,0.2530611756,954.07,1 ha worked,14_chara,241.43807580469203,,0.0,515.3100000000001,1 ha worked,17_chara,0.0,,0.7766478298,26.36,1 ha worked,15_chara,20.472436793528,1502.47459941048
C8_2024,C8,2024,tonne,"Ecotoxicity, freshwater - organics",CTUe,,0.7591835267,19.96,1 ha worked,13_chara,15.153303192932,,0.2530611756,122.43,1 ha worked,16_chara,30.982279728708004,,0.7591835267,16.64,1 ha worked,11_chara,12.632813884288,,0.2530611756,85.15,1 ha worked,12_chara,21.548159102340005,,0.2530611756,40.410000000000004,1 ha worked,14_chara,10.226202105996002,,0.0,14.58,1 ha worked,17_chara,0.0,,0.7766478298,1.31,1 ha worked,15_chara,1.017408657038,91.56016667130203
C8_2024,C8,2024,tonne,"Eutrophication, freshwater",kg P eq,,0.7591835267,0.00346,1 ha worked,13_chara,0.002626775002382,,0.2530611756,0.0236,1 ha worked,16_chara,0.0059722437441600005,,0.7591835267,0.0014600000000000001,1 ha worked,11_chara,0.001108407948982,,0.2530611756,0.0129,1 ha worked,12_chara,0.0032644891652400003,,0.2530611756,0.0116,1 ha worked,14_chara,0.00293550963696,,0.0,0.00685,1 ha worked,17_chara,0.0,,0.7766478298,0.000272,1 ha worked,15_chara,0.0002112482097056,0.0161186737074296
C8_2024,C8,2024,tonne,"Eutrophication, marine",kg N eq,,0.7591835267,0.1,1 ha worked,13_chara,0.07591835267000001,,0.2530611756,0.729,1 ha worked,16_chara,0.18448159701240002,,0.7591835267,0.08460000000000001,1 ha worked,11_chara,0.06422692635882,,0.2530611756,0.444,1 ha worked,12_chara,0.11235916196640001,,0.2530611756,0.213,1 ha worked,14_chara,0.053902030402800005,,0.0,0.0206,1 ha worked,17_chara,0.0,,0.7766478298,0.0064600000000000005,1 ha worked,15_chara,0.005017144980508001,0.495905213390928
C8_2024,C8,2024,tonne,"Eutrophication, terrestrial",mol N eq,,0.7591835267,1.1,1 ha worked,13_chara,0.83510187937,,0.2530611756,7.97,1 ha worked,16_chara,2.016897569532,,0.7591835267,0.927,1 ha worked,11_chara,0.7037631292509,,0.2530611756,4.86,1 ha worked,12_chara,1.2298773134160002,,0.2530611756,2.33,1 ha worked,14_chara,0.5896325391480001,,0.0,0.21800000000000003,1 ha worked,17_chara,0.0,,0.7766478298,0.0704,1 ha worked,15_chara,0.05467600721792001,5.42994843793482
C8_2024,C8,2024,tonne,"Human toxicity, cancer",CTUh,,0.7591835267,1.96e-08,1 ha worked,13_chara,1.487999712332e-08,,0.2530611756,1.34e-07,1 ha worked,16_chara,3.3910197530400005e-08,,0.7591835267,1.13e-08,1 ha worked,11_chara,8.578773851710001e-09,,0.2530611756,1.03e-07,1 ha worked,12_chara,2.60653010868e-08,,0.2530611756,1.14e-07,1 ha worked,14_chara,2.88489740184e-08,,0.0,5.54e-08,1 ha worked,17_chara,0.0,,0.7766478298,1.91e-09,1 ha worked,15_chara,1.483397354918e-09,1.13766640965548e-07
C8_2024,C8,2024,tonne,"Human toxicity, cancer - inorganics",CTUh,,0.7591835267,3.85e-17,1 ha worked,13_chara,2.922856577795e-17,,0.2530611756,2.22e-16,1 ha worked,16_chara,5.61795809832e-17,,0.7591835267,1.8099999999999998e-17,1 ha worked,11_chara,1.3741221833269999e-17,,0.2530611756,1.5199999999999998e-16,1 ha worked,12_chara,3.84652986912e-17,,0.2530611756,1.3300000000000002e-16,1 ha worked,14_chara,3.3657136354800004e-17,,0.0,7.46e-17,1 ha worked,17_chara,0.0,,0.7766478298,2.89e-18,1 ha worked,15_chara,2.2445122281220002e-18,1.7351631586854202e-16
C8_2024,C8,2024,tonne,"Human toxicity, cancer - metals",CTUh,,0.7591835267,1.23e-08,1 ha worked,13_chara,9.337957378409999e-09,,0.2530611756,8.47e-08,1 ha worked,16_chara,2.143428157332e-08,,0.7591835267,7.91e-09,1 ha worked,11_chara,6.0051416961969994e-09,,0.2530611756,6.970000000000001e-08,1 ha worked,12_chara,1.7638363939320005e-08,,0.2530611756,8.050000000000001e-08,1 ha worked,14_chara,2.0371424635800004e-08,,0.0,3.55e-08,1 ha worked,17_chara,0.0,,0.7766478298,1.23e-09,1 ha worked,15_chara,9.552768306540002e-10,7.574244605370101e-08
C8_2024,C8,2024,tonne,"Human toxicity, cancer - organics",CTUh,,0.7591835267,7.2800000000000005e-09,1 ha worked,13_chara,5.526856074376e-09,,0.2530611756,4.98e-08,1 ha worked,16_chara,1.2602446544880002e-08,,0.7591835267,3.4000000000000003e-09,1 ha worked,11_chara,2.5812239907800004e-09,,0.2530611756,3.3e-08,1 ha worked,12_chara,8.3510187948e-09,,0.2530611756,3.34e-08,1 ha worked,14_chara,8.45224326504e-09,,0.0,2e-08,1 ha worked,17_chara,0.0,,0.7766478298,6.829999999999999e-10,1 ha worked,15_chara,5.304504677534e-10,3.80442391376294e-08
C8_2024,C8,2024,tonne,"Human toxicity, non-cancer",CTUh,,0.7591835267,5.989999999999999e-07,1 ha worked,13_chara,4.5475093249329993e-07,,0.2530611756,3.46e-06,1 ha worked,16_chara,8.755916675760001e-07,,0.7591835267,8.92e-07,1 ha worked,11_chara,6.771917058164e-07,,0.2530611756,2e-06,1 ha worked,12_chara,5.061223512e-07,,0.2530611756,1.37e-06,1 ha worked,14_chara,3.46693810572e-07,,0.0,1.0700000000000001e-06,1 ha worked,17_chara,0.0,,0.7766478298,1.27e-07,1 ha worked,15_chara,9.863427438460002e-08,2.9589847420423003e-06
C8_2024,C8,2024,tonne,"Human toxicity, non-cancer - inorganics",CTUh,,0.7591835267,1.6900000000000002e-07,1 ha worked,13_chara,1.2830201601230002e-07,,0.2530611756,1.12e-06,1 ha worked,16_chara,2.8342851667200005e-07,,0.7591835267,8.97e-08,1 ha worked,11_chara,6.809876234499e-08,,0.2530611756,8.100000000000001e-07,1 ha worked,12_chara,2.0497955223600004e-07,,0.2530611756,6.54e-07,1 ha worked,14_chara,1.6550200884240002e-07,,0.0,3.12e-07,1 ha worked,17_chara,0.0,,0.7766478298,1.02e-08,1 ha worked,15_chara,7.92180786396e-09,8.582326639716501e-07
C8_2024,C8,2024,tonne,"Human toxicity, non-cancer - metals",CTUh,,0.7591835267,4.1999999999999995e-07,1 ha worked,13_chara,3.1885708121399995e-07,,0.2530611756,2.26e-06,1 ha worked,16_chara,5.719182568560001e-07,,0.7591835267,7.98e-07,1 ha worked,11_chara,6.058284543066001e-07,,0.2530611756,1.16e-06,1 ha worked,12_chara,2.93550963696e-07,,0.2530611756,6.99e-07,1 ha worked,14_chara,1.7688976174440003e-07,,0.0,7.47e-07,1 ha worked,17_chara,0.0,,0.7766478298,1.16e-07,1 ha worked,15_chara,9.009114825680001e-08,2.0571356660738e-06
C8_2024,C8,2024,tonne,"Human toxicity, non-cancer - organics",CTUh,,0.7591835267,1.16e-08,1 ha worked,13_chara,8.80652890972e-09,,0.2530611756,8.660000000000001e-08,1 ha worked,16_chara,2.1915097806960003e-08,,0.7591835267,5.48e-09,1 ha worked,11_chara,4.160325726316e-09,,0.2530611756,3.8200000000000005e-08,1 ha worked,12_chara,9.666936907920002e-09,,0.2530611756,2.67e-08,1 ha worked,14_chara,6.756733388520001e-09,,0.0,1.5299999999999998e-08,1 ha worked,17_chara,0.0,,0.7766478298,1.08e-09,1 ha worked,15_chara,8.38779656184e-10,5.214440239562001e-08
C8_2024,C8,2024,tonne,Ionising radiation,kBq U-235 eq,,0.7591835267,1.72,1 ha worked,13_chara,1.305795665924,,0.2530611756,10.49,1 ha worked,16_chara,2.654611732044,,0.7591835267,1.27,1 ha worked,11_chara,0.964163078909,,0.2530611756,7.89,1 ha worked,12_chara,1.9966526754840002,,0.2530611756,4.319999999999999,1 ha worked,14_chara,1.0932242785919999,,0.0,1.75,1 ha worked,17_chara,0.0,,0.7766478298,0.115,1 ha worked,15_chara,0.08931450042700001,8.10376193138
C8_2024,C8,2024,tonne,Land use,Pt,,0.7591835267,145.23,1 ha worked,13_chara,110.256223582641,,0.2530611756,800.14,1 ha worked,16_chara,202.484369044584,,0.7591835267,137.54,1 ha worked,11_chara,104.41810226231799,,0.2530611756,641.1899999999999,1 ha worked,12_chara,162.260295182964,,0.2530611756,418.1,1 ha worked,14_chara,105.80487751836002,,0.0,168.95000000000002,1 ha worked,17_chara,0.0,,0.7766478298,100.13,1 ha worked,15_chara,77.76574719787399,762.989614788741
C8_2024,C8,2024,tonne,Ozone depletion,kg CFC11 eq,,0.7591835267,4.960000000000001e-06,1 ha worked,13_chara,3.7655502924320005e-06,,0.2530611756,3.03e-05,1 ha worked,16_chara,7.66775362068e-06,,0.7591835267,4.17e-06,1 ha worked,11_chara,3.165795306339e-06,,0.2530611756,2.13e-05,1 ha worked,12_chara,5.39020304028e-06,,0.2530611756,9.97e-06,1 ha worked,14_chara,2.523019920732e-06,,0.0,3.52e-06,1 ha worked,17_chara,0.0,,0.7766478298,3.2200000000000005e-07,1 ha worked,15_chara,2.5008060119560006e-07,2.2762402781658605e-05
C8_2024,C8,2024,tonne,Particulate matter,disease inc.,,0.7591835267,8.429999999999999e-07,1 ha worked,13_chara,6.399917130080999e-07,,0.2530611756,5.39e-06,1 ha worked,16_chara,1.3639997364840002e-06,,0.7591835267,6.229999999999999e-07,1 ha worked,11_chara,4.7297133713409994e-07,,0.2530611756,3.6599999999999997e-06,1 ha worked,12_chara,9.26203902696e-07,,0.2530611756,2.78e-06,1 ha worked,14_chara,7.035100681680001e-07,,0.0,1.42e-06,1 ha worked,17_chara,0.0,,0.7766478298,1.22e-07,1 ha worked,15_chara,9.475103523560001e-08,4.201427792725801e-06
C8_2024,C8,2024,tonne,Photochemical ozone formation,kg NMVOC eq,,0.7591835267,0.305,1 ha worked,13_chara,0.2315509756435,,0.2530611756,2.2,1 ha worked,16_chara,0.5567345863200001,,0.7591835267,0.249,1 ha worked,11_chara,0.1890366981483,,0.2530611756,1.33,1 ha worked,12_chara,0.33657136354800005,,0.2530611756,0.67,1 ha worked,14_chara,0.16955098765200002,,0.0,0.107,1 ha worked,17_chara,0.0,,0.7766478298,0.0194,1 ha worked,15_chara,0.01506696789812,1.4985115792099202
C8_2024,C8,2024,tonne,"Resource use, fossils",MJ,,0.7591835267,357.29999999999995,1 ha worked,13_chara,271.25627408991,,0.2530611756,2174.67,1 ha worked,16_chara,550.3245467420521,,0.7591835267,273.81,1 ha worked,11_chara,207.872041445727,,0.2530611756,1630.72,1 ha worked,12_chara,412.67192027443207,,0.2530611756,863.0400000000001,1 ha worked,14_chara,218.40191698982403,,0.0,337.64000000000004,1 ha worked,17_chara,0.0,,0.7766478298,23.53,1 ha worked,15_chara,18.274523435194002,1678.801222977139
C8_2024,C8,2024,tonne,"Resource use, minerals and metals",kg Sb eq,,0.7591835267,0.00031400000000000004,1 ha worked,13_chara,0.00023838362738380002,,0.2530611756,0.0025800000000000003,1 ha worked,16_chara,0.0006528978330480001,,0.7591835267,0.000127,1 ha worked,11_chara,9.64163078909e-05,,0.2530611756,0.000917,1 ha worked,12_chara,0.0002320570980252,,0.2530611756,0.00062,1 ha worked,14_chara,0.000156897928872,,0.0,0.00037,1 ha worked,17_chara,0.0,,0.7766478298,2.91e-05,1 ha worked,15_chara,2.260045184718e-05,0.0013992532470670802
C8_2024,C8,2024,tonne,Water use,m3 depriv.,,0.7591835267,2.11,1 ha worked,13_chara,1.601877241337,,0.2530611756,12.8,1 ha worked,16_chara,3.2391830476800005,,0.7591835267,0.8550000000000001,1 ha worked,11_chara,0.6491019153285,,0.2530611756,7.94,1 ha worked,12_chara,2.009305734264,,0.2530611756,6.409999999999999,1 ha worked,14_chara,1.622122135596,,0.0,3.44,1 ha worked,17_chara,0.0,,0.7766478298,0.235,1 ha worked,15_chara,0.18251224000299998,9.3041023142085
D1_2022,D1,2022,tonne,Acidification,mol H+ eq,,1.131452581,0.253,1 ha worked,13_chara,0.286257502993,,0.7352941176,1.7899999999999998,1 ha worked,16_chara,1.3161764705039998,,2.2058823529,0.20199999999999999,1 ha worked,11_chara,0.44558823528579994,,0.7352941176,1.1,1 ha worked,12_chara,0.80882352936,,0.7352941176,0.5670000000000001,1 ha worked,14_chara,0.41691176467920005,,0.7352941176,0.116,1 ha worked,17_chara,0.0852941176416,,5.7142857143,0.0167,1 ha worked,15_chara,0.09542857142880999,3.4544801918924106
D1_2022,D1,2022,tonne,Climate change,kg CO2 eq,,1.131452581,26.88,1 ha worked,13_chara,30.41344537728,,0.7352941176,165.89,1 ha worked,16_chara,121.97794116866399,,2.2058823529,20.45,1 ha worked,11_chara,45.110294116804994,,0.7352941176,124.18,1 ha worked,12_chara,91.308823523568,,0.7352941176,69.64999999999999,1 ha worked,14_chara,51.21323529083999,,0.7352941176,28.27,1 ha worked,17_chara,20.786764704552,,5.7142857143,1.93,1 ha worked,15_chara,11.028571428599,371.83907561030793
D1_2022,D1,2022,tonne,Climate change - Biogenic,kg CO2 eq,,1.131452581,0.0373,1 ha worked,13_chara,0.0422031812713,,0.7352941176,0.17600000000000002,1 ha worked,16_chara,0.12941176469760002,,2.2058823529,0.028499999999999998,1 ha worked,11_chara,0.06286764705765,,0.7352941176,0.145,1 ha worked,12_chara,0.10661764705199998,,0.7352941176,0.0992,1 ha worked,14_chara,0.07294117646592,,0.7352941176,0.0452,1 ha worked,17_chara,0.033235294115519995,,5.7142857143,0.0211,1 ha worked,15_chara,0.12057142857173,0.5678481392317201
D1_2022,D1,2022,tonne,Climate change - Fossil,kg CO2 eq,,1.131452581,26.830000000000002,1 ha worked,13_chara,30.356872748230003,,0.7352941176,165.57999999999998,1 ha worked,16_chara,121.74999999220798,,2.2058823529,20.41,1 ha worked,11_chara,45.022058822689,,0.7352941176,123.97,1 ha worked,12_chara,91.154411758872,,0.7352941176,69.50999999999999,1 ha worked,14_chara,51.11029411437599,,0.7352941176,28.180000000000003,1 ha worked,17_chara,20.720588233968,,5.7142857143,1.9100000000000001,1 ha worked,15_chara,10.914285714313001,371.028511384656
D1_2022,D1,2022,tonne,Climate change - Land use and LU change,kg CO2 eq,,1.131452581,0.0178,1 ha worked,13_chara,0.0201398559418,,0.7352941176,0.131,1 ha worked,16_chara,0.0963235294056,,2.2058823529,0.00673,1 ha worked,11_chara,0.014845588235016999,,0.7352941176,0.05789999999999999,1 ha worked,12_chara,0.042573529409039995,,0.7352941176,0.0494,1 ha worked,14_chara,0.036323529409439996,,0.7352941176,0.0434,1 ha worked,17_chara,0.03191176470384,,5.7142857143,0.00132,1 ha worked,15_chara,0.007542857142876,0.249660654247613
D1_2022,D1,2022,tonne,"Ecotoxicity, freshwater",CTUe,,1.131452581,409.06,1 ha worked,13_chara,462.83199278386,,0.7352941176,2729.37,1 ha worked,16_chara,2006.8897057539118,,2.2058823529,235.92,1 ha worked,11_chara,520.4117646961679,,0.7352941176,1587.99,1 ha worked,12_chara,1167.6397058076238,,0.7352941176,1134.53,1 ha worked,14_chara,834.213235240728,,0.7352941176,588.66,1 ha worked,17_chara,432.83823526641595,,5.7142857143,32.26,1 ha worked,15_chara,184.34285714331799,5609.1674966920245
D1_2022,D1,2022,tonne,"Ecotoxicity, freshwater - inorganics",CTUe,,1.131452581,66.27,1 ha worked,13_chara,74.98136254287,,0.7352941176,419.04999999999995,1 ha worked,16_chara,308.12499998027994,,2.2058823529,48.84,1 ha worked,11_chara,107.735294115636,,0.7352941176,268.34,1 ha worked,12_chara,197.30882351678397,,0.7352941176,140.05,1 ha worked,14_chara,102.97794116988,,0.7352941176,58.77,1 ha worked,17_chara,43.213235291352,,5.7142857143,4.59,1 ha worked,15_chara,26.228571428637,860.5702280454389
D1_2022,D1,2022,tonne,"Ecotoxicity, freshwater - metals",CTUe,,1.131452581,322.83,1 ha worked,13_chara,365.26683672422996,,0.7352941176,2187.8900000000003,1 ha worked,16_chara,1608.742646955864,,2.2058823529,170.45000000000002,1 ha worked,11_chara,375.992647051805,,0.7352941176,1234.5,1 ha worked,12_chara,907.7205881771999,,0.7352941176,954.07,1 ha worked,14_chara,701.522058778632,,0.7352941176,515.3100000000001,1 ha worked,17_chara,378.904411740456,,5.7142857143,26.36,1 ha worked,15_chara,150.628571428948,4488.777760857135
D1_2022,D1,2022,tonne,"Ecotoxicity, freshwater - organics",CTUe,,1.131452581,19.96,1 ha worked,13_chara,22.58379351676,,0.7352941176,122.43,1 ha worked,16_chara,90.022058817768,,2.2058823529,16.64,1 ha worked,11_chara,36.705882352256,,0.7352941176,85.15,1 ha worked,12_chara,62.61029411364,,0.7352941176,40.410000000000004,1 ha worked,14_chara,29.713235292216,,0.7352941176,14.58,1 ha worked,17_chara,10.720588234608,,5.7142857143,1.31,1 ha worked,15_chara,7.485714285733001,259.841566612981
D1_2022,D1,2022,tonne,"Eutrophication, freshwater",kg P eq,,1.131452581,0.00346,1 ha worked,13_chara,0.00391482593026,,0.7352941176,0.0236,1 ha worked,16_chara,0.017352941175359998,,2.2058823529,0.0014600000000000001,1 ha worked,11_chara,0.003220588235234,,0.7352941176,0.0129,1 ha worked,12_chara,0.00948529411704,,0.7352941176,0.0116,1 ha worked,14_chara,0.00852941176416,,0.7352941176,0.00685,1 ha worked,17_chara,0.00503676470556,,5.7142857143,0.000272,1 ha worked,15_chara,0.0015542857142896,0.049094111641903596
D1_2022,D1,2022,tonne,"Eutrophication, marine",kg N eq,,1.131452581,0.1,1 ha worked,13_chara,0.1131452581,,0.7352941176,0.729,1 ha worked,16_chara,0.5360294117304,,2.2058823529,0.08460000000000001,1 ha worked,11_chara,0.18661764705534,,0.7352941176,0.444,1 ha worked,12_chara,0.3264705882144,,0.7352941176,0.213,1 ha worked,14_chara,0.1566176470488,,0.7352941176,0.0206,1 ha worked,17_chara,0.015147058822559999,,5.7142857143,0.0064600000000000005,1 ha worked,15_chara,0.036914285714378,1.370941896685878
D1_2022,D1,2022,tonne,"Eutrophication, terrestrial",mol N eq,,1.131452581,1.1,1 ha worked,13_chara,1.2445978391,,0.7352941176,7.97,1 ha worked,16_chara,5.860294117272,,2.2058823529,0.927,1 ha worked,11_chara,2.0448529411383,,0.7352941176,4.86,1 ha worked,12_chara,3.573529411536,,0.7352941176,2.33,1 ha worked,14_chara,1.713235294008,,0.7352941176,0.21800000000000003,1 ha worked,17_chara,0.16029411763680002,,5.7142857143,0.0704,1 ha worked,15_chara,0.40228571428672,14.999089434977819
D1_2022,D1,2022,tonne,"Human toxicity, cancer",CTUh,,1.131452581,1.96e-08,1 ha worked,13_chara,2.21764705876e-08,,0.7352941176,1.34e-07,1 ha worked,16_chara,9.85294117584e-08,,2.2058823529,1.13e-08,1 ha worked,11_chara,2.4926470587769998e-08,,0.7352941176,1.03e-07,1 ha worked,12_chara,7.573529411279999e-08,,0.7352941176,1.14e-07,1 ha worked,14_chara,8.38235294064e-08,,0.7352941176,5.54e-08,1 ha worked,17_chara,4.073529411504e-08,,5.7142857143,1.91e-09,1 ha worked,15_chara,1.0914285714312998e-08,3.56840756282323e-07
D1_2022,D1,2022,tonne,"Human toxicity, cancer - inorganics",CTUh,,1.131452581,3.85e-17,1 ha worked,13_chara,4.3560924368499995e-17,,0.7352941176,2.22e-16,1 ha worked,16_chara,1.632352941072e-16,,2.2058823529,1.8099999999999998e-17,1 ha worked,11_chara,3.9926470587489994e-17,,0.7352941176,1.5199999999999998e-16,1 ha worked,12_chara,1.1176470587519999e-16,,0.7352941176,1.3300000000000002e-16,1 ha worked,14_chara,9.77941176408e-17,,0.7352941176,7.46e-17,1 ha worked,17_chara,5.485294117295999e-17,,5.7142857143,2.89e-18,1 ha worked,15_chara,1.6514285714327e-17,5.27648739466477e-16
D1_2022,D1,2022,tonne,"Human toxicity, cancer - metals",CTUh,,1.131452581,1.23e-08,1 ha worked,13_chara,1.3916866746299999e-08,,0.7352941176,8.47e-08,1 ha worked,16_chara,6.227941176071999e-08,,2.2058823529,7.91e-09,1 ha worked,11_chara,1.7448529411438996e-08,,0.7352941176,6.970000000000001e-08,1 ha worked,12_chara,5.124999999672e-08,,0.7352941176,8.050000000000001e-08,1 ha worked,14_chara,5.919117646680001e-08,,0.7352941176,3.55e-08,1 ha worked,17_chara,2.61029411748e-08,,5.7142857143,1.23e-09,1 ha worked,15_chara,7.028571428589e-09,2.3721749698536798e-07
D1_2022,D1,2022,tonne,"Human toxicity, cancer - organics",CTUh,,1.131452581,7.2800000000000005e-09,1 ha worked,13_chara,8.23697478968e-09,,0.7352941176,4.98e-08,1 ha worked,16_chara,3.661764705648e-08,,2.2058823529,3.4000000000000003e-09,1 ha worked,11_chara,7.499999999859999e-09,,0.7352941176,3.3e-08,1 ha worked,12_chara,2.4264705880799996e-08,,0.7352941176,3.34e-08,1 ha worked,14_chara,2.455882352784e-08,,0.7352941176,2e-08,1 ha worked,17_chara,1.4705882352e-08,,5.7142857143,6.829999999999999e-10,1 ha worked,15_chara,3.902857142866899e-09,1.197868907495269e-07
D1_2022,D1,2022,tonne,"Human toxicity, non-cancer",CTUh,,1.131452581,5.989999999999999e-07,1 ha worked,13_chara,6.777400960189999e-07,,0.7352941176,3.46e-06,1 ha worked,16_chara,2.5441176468959997e-06,,2.2058823529,8.92e-07,1 ha worked,11_chara,1.9676470587868e-06,,0.7352941176,2e-06,1 ha worked,12_chara,1.4705882351999999e-06,,0.7352941176,1.37e-06,1 ha worked,14_chara,1.007352941112e-06,,0.7352941176,1.0700000000000001e-06,1 ha worked,17_chara,7.86764705832e-07,,5.7142857143,1.27e-07,1 ha worked,15_chara,7.257142857161e-07,9.1799249695619e-06
D1_2022,D1,2022,tonne,"Human toxicity, non-cancer - inorganics",CTUh,,1.131452581,1.6900000000000002e-07,1 ha worked,13_chara,1.9121548618900002e-07,,0.7352941176,1.12e-06,1 ha worked,16_chara,8.23529411712e-07,,2.2058823529,8.97e-08,1 ha worked,11_chara,1.9786764705512999e-07,,0.7352941176,8.100000000000001e-07,1 ha worked,12_chara,5.95588235256e-07,,0.7352941176,6.54e-07,1 ha worked,14_chara,4.808823529104e-07,,0.7352941176,3.12e-07,1 ha worked,17_chara,2.294117646912e-07,,5.7142857143,1.02e-08,1 ha worked,15_chara,5.828571428586e-08,2.5767806120995903e-06
D1_2022,D1,2022,tonne,"Human toxicity, non-cancer - metals",CTUh,,1.131452581,4.1999999999999995e-07,1 ha worked,13_chara,4.7521008401999995e-07,,0.7352941176,2.26e-06,1 ha worked,16_chara,1.6617647057759998e-06,,2.2058823529,7.98e-07,1 ha worked,11_chara,1.7602941176142e-06,,0.7352941176,1.16e-06,1 ha worked,12_chara,8.529411764159999e-07,,0.7352941176,6.99e-07,1 ha worked,14_chara,5.139705882024e-07,,0.7352941176,7.47e-07,1 ha worked,17_chara,5.492647058472e-07,,5.7142857143,1.16e-07,1 ha worked,15_chara,6.628571428588e-07,6.4763025207345995e-06
D1_2022,D1,2022,tonne,"Human toxicity, non-cancer - organics",CTUh,,1.131452581,1.16e-08,1 ha worked,13_chara,1.31248499396e-08,,0.7352941176,8.660000000000001e-08,1 ha worked,16_chara,6.367647058416001e-08,,2.2058823529,5.48e-09,1 ha worked,11_chara,1.2088235293891998e-08,,0.7352941176,3.8200000000000005e-08,1 ha worked,12_chara,2.8088235292320002e-08,,0.7352941176,2.67e-08,1 ha worked,14_chara,1.963235293992e-08,,0.7352941176,1.5299999999999998e-08,1 ha worked,17_chara,1.1249999999279999e-08,,5.7142857143,1.08e-09,1 ha worked,15_chara,6.171428571444e-09,1.54031572620616e-07
D1_2022,D1,2022,tonne,Ionising radiation,kBq U-235 eq,,1.131452581,1.72,1 ha worked,13_chara,1.94609843932,,0.7352941176,10.49,1 ha worked,16_chara,7.713235293624,,2.2058823529,1.27,1 ha worked,11_chara,2.8014705881829998,,0.7352941176,7.89,1 ha worked,12_chara,5.801470587863999,,0.7352941176,4.319999999999999,1 ha worked,14_chara,3.176470588031999,,0.7352941176,1.75,1 ha worked,17_chara,1.2867647058,,5.7142857143,0.115,1 ha worked,15_chara,0.6571428571445,23.382653059967495
D1_2022,D1,2022,tonne,Land use,Pt,,1.131452581,145.23,1 ha worked,13_chara,164.32085833863,,0.7352941176,800.14,1 ha worked,16_chara,588.3382352564639,,2.2058823529,137.54,1 ha worked,11_chara,303.39705881786597,,0.7352941176,641.1899999999999,1 ha worked,12_chara,471.46323526394394,,0.7352941176,418.1,1 ha worked,14_chara,307.42647056856,,0.7352941176,168.95000000000002,1 ha worked,17_chara,124.22794116852,,5.7142857143,100.13,1 ha worked,15_chara,572.171428572859,2531.3452279868425
D1_2022,D1,2022,tonne,Ozone depletion,kg CFC11 eq,,1.131452581,4.960000000000001e-06,1 ha worked,13_chara,5.612004801760001e-06,,0.7352941176,3.03e-05,1 ha worked,16_chara,2.227941176328e-05,,2.2058823529,4.17e-06,1 ha worked,11_chara,9.198529411592999e-06,,0.7352941176,2.13e-05,1 ha worked,12_chara,1.566176470488e-05,,0.7352941176,9.97e-06,1 ha worked,14_chara,7.330882352471999e-06,,0.7352941176,3.52e-06,1 ha worked,17_chara,2.588235293952e-06,,5.7142857143,3.2200000000000005e-07,1 ha worked,15_chara,1.8400000000046002e-06,6.45108283279416e-05
D1_2022,D1,2022,tonne,Particulate matter,disease inc.,,1.131452581,8.429999999999999e-07,1 ha worked,13_chara,9.53814525783e-07,,0.7352941176,5.39e-06,1 ha worked,16_chara,3.9632352938639995e-06,,2.2058823529,6.229999999999999e-07,1 ha worked,11_chara,1.3742647058566996e-06,,0.7352941176,3.6599999999999997e-06,1 ha worked,12_chara,2.6911764704159996e-06,,0.7352941176,2.78e-06,1 ha worked,14_chara,2.044117646928e-06,,0.7352941176,1.42e-06,1 ha worked,17_chara,1.0441176469919998e-06,,5.7142857143,1.22e-07,1 ha worked,15_chara,6.971428571446001e-07,1.27678691469843e-05
D1_2022,D1,2022,tonne,Photochemical ozone formation,kg NMVOC eq,,1.131452581,0.305,1 ha worked,13_chara,0.345093037205,,0.7352941176,2.2,1 ha worked,16_chara,1.61764705872,,2.2058823529,0.249,1 ha worked,11_chara,0.5492647058721,,0.7352941176,1.33,1 ha worked,12_chara,0.977941176408,,0.7352941176,0.67,1 ha worked,14_chara,0.492647058792,,0.7352941176,0.107,1 ha worked,17_chara,0.0786764705832,,5.7142857143,0.0194,1 ha worked,15_chara,0.11085714285742,4.17212665043772
D1_2022,D1,2022,tonne,"Resource use, fossils",MJ,,1.131452581,357.29999999999995,1 ha worked,13_chara,404.26800719129994,,0.7352941176,2174.67,1 ha worked,16_chara,1599.022058721192,,2.2058823529,273.81,1 ha worked,11_chara,603.992647047549,,0.7352941176,1630.72,1 ha worked,12_chara,1199.058823452672,,0.7352941176,863.0400000000001,1 ha worked,14_chara,634.5882352535041,,0.7352941176,337.64000000000004,1 ha worked,17_chara,248.26470586646403,,5.7142857143,23.53,1 ha worked,15_chara,134.457142857479,4823.65162039016
D1_2022,D1,2022,tonne,"Resource use, minerals and metals",kg Sb eq,,1.131452581,0.00031400000000000004,1 ha worked,13_chara,0.00035527611043400007,,0.7352941176,0.0025800000000000003,1 ha worked,16_chara,0.001897058823408,,2.2058823529,0.000127,1 ha worked,11_chara,0.00028014705881829996,,0.7352941176,0.000917,1 ha worked,12_chara,0.0006742647058392,,0.7352941176,0.00062,1 ha worked,14_chara,0.000455882352912,,0.7352941176,0.00037,1 ha worked,17_chara,0.000272058823512,,5.7142857143,2.91e-05,1 ha worked,15_chara,0.00016628571428612998,0.00410097358920963
D1_2022,D1,2022,tonne,Water use,m3 depriv.,,1.131452581,2.11,1 ha worked,13_chara,2.38736494591,,0.7352941176,12.8,1 ha worked,16_chara,9.41176470528,,2.2058823529,0.8550000000000001,1 ha worked,11_chara,1.8860294117295,,0.7352941176,7.94,1 ha worked,12_chara,5.838235293744,,0.7352941176,6.409999999999999,1 ha worked,14_chara,4.713235293815999,,0.7352941176,3.44,1 ha worked,17_chara,2.5294117645439997,,5.7142857143,0.235,1 ha worked,15_chara,1.3428571428604998,28.108898557883997
D1_2023,D1,2023,tonne,Acidification,mol H+ eq,,0.612244898,0.253,1 ha worked,13_chara,0.154897959194,,0.2040816327,1.7899999999999998,1 ha worked,16_chara,0.36530612253299993,,0.612244898,0.20199999999999999,1 ha worked,11_chara,0.123673469396,,0.2040816327,1.1,1 ha worked,12_chara,0.22448979597000002,,0.2040816327,0.5670000000000001,1 ha worked,14_chara,0.11571428574090001,,0.0,0.116,1 ha worked,17_chara,0.0,,1.6326530612,0.0167,1 ha worked,15_chara,0.02726530612204,1.01134693895594
D1_2023,D1,2023,tonne,Climate change,kg CO2 eq,,0.612244898,26.88,1 ha worked,13_chara,16.45714285824,,0.2040816327,165.89,1 ha worked,16_chara,33.855102048602994,,0.612244898,20.45,1 ha worked,11_chara,12.520408164100001,,0.2040816327,124.18,1 ha worked,12_chara,25.342857148686,,0.2040816327,69.64999999999999,1 ha worked,14_chara,14.214285717554997,,0.0,28.27,1 ha worked,17_chara,0.0,,1.6326530612,1.93,1 ha worked,15_chara,3.151020408116,105.54081634529999
D1_2023,D1,2023,tonne,Climate change - Biogenic,kg CO2 eq,,0.612244898,0.0373,1 ha worked,13_chara,0.022836734695400002,,0.2040816327,0.17600000000000002,1 ha worked,16_chara,0.0359183673552,,0.612244898,0.028499999999999998,1 ha worked,11_chara,0.017448979593,,0.2040816327,0.145,1 ha worked,12_chara,0.029591836741499997,,0.2040816327,0.0992,1 ha worked,14_chara,0.02024489796384,,0.0,0.0452,1 ha worked,17_chara,0.0,,1.6326530612,0.0211,1 ha worked,15_chara,0.034448979591320004,0.16048979594026
D1_2023,D1,2023,tonne,Climate change - Fossil,kg CO2 eq,,0.612244898,26.830000000000002,1 ha worked,13_chara,16.426530613340002,,0.2040816327,165.57999999999998,1 ha worked,16_chara,33.791836742465996,,0.612244898,20.41,1 ha worked,11_chara,12.495918368180002,,0.2040816327,123.97,1 ha worked,12_chara,25.300000005818998,,0.2040816327,69.50999999999999,1 ha worked,14_chara,14.185714288976998,,0.0,28.180000000000003,1 ha worked,17_chara,0.0,,1.6326530612,1.9100000000000001,1 ha worked,15_chara,3.1183673468920006,105.31836736567399
D1_2023,D1,2023,tonne,Climate change - Land use and LU change,kg CO2 eq,,0.612244898,0.0178,1 ha worked,13_chara,0.010897959184400001,,0.2040816327,0.131,1 ha worked,16_chara,0.0267346938837,,0.612244898,0.00673,1 ha worked,11_chara,0.00412040816354,,0.2040816327,0.05789999999999999,1 ha worked,12_chara,0.011816326533329998,,0.2040816327,0.0494,1 ha worked,14_chara,0.010081632655379999,,0.0,0.0434,1 ha worked,17_chara,0.0,,1.6326530612,0.00132,1 ha worked,15_chara,0.002155102040784,0.06580612246113399
D1_2023,D1,2023,tonne,"Ecotoxicity, freshwater",CTUe,,0.612244898,409.06,1 ha worked,13_chara,250.44489797588002,,0.2040816327,2729.37,1 ha worked,16_chara,557.014285842399,,0.612244898,235.92,1 ha worked,11_chara,144.44081633616,,0.2040816327,1587.99,1 ha worked,12_chara,324.079591911273,,0.2040816327,1134.53,1 ha worked,14_chara,231.536734747131,,0.0,588.66,1 ha worked,17_chara,0.0,,1.6326530612,32.26,1 ha worked,15_chara,52.669387754312,1560.1857145671552
D1_2023,D1,2023,tonne,"Ecotoxicity, freshwater - inorganics",CTUe,,0.612244898,66.27,1 ha worked,13_chara,40.57346939046,,0.2040816327,419.04999999999995,1 ha worked,16_chara,85.52040818293499,,0.612244898,48.84,1 ha worked,11_chara,29.902040818320003,,0.2040816327,268.34,1 ha worked,12_chara,54.76326531871799,,0.2040816327,140.05,1 ha worked,14_chara,28.581632659635,,0.0,58.77,1 ha worked,17_chara,0.0,,1.6326530612,4.59,1 ha worked,15_chara,7.4938775509080005,246.834693920976
D1_2023,D1,2023,tonne,"Ecotoxicity, freshwater - metals",CTUe,,0.612244898,322.83,1 ha worked,13_chara,197.65102042134,,0.2040816327,2187.8900000000003,1 ha worked,16_chara,446.50816336800307,,0.612244898,170.45000000000002,1 ha worked,11_chara,104.35714286410001,,0.2040816327,1234.5,1 ha worked,12_chara,251.93877556815,,0.2040816327,954.07,1 ha worked,14_chara,194.708163310089,,0.0,515.3100000000001,1 ha worked,17_chara,0.0,,1.6326530612,26.36,1 ha worked,15_chara,43.036734693232,1238.200000224914
D1_2023,D1,2023,tonne,"Ecotoxicity, freshwater - organics",CTUe,,0.612244898,19.96,1 ha worked,13_chara,12.220408164080002,,0.2040816327,122.43,1 ha worked,16_chara,24.985714291461,,0.612244898,16.64,1 ha worked,11_chara,10.18775510272,,0.2040816327,85.15,1 ha worked,12_chara,17.377551024405,,0.2040816327,40.410000000000004,1 ha worked,14_chara,8.246938777407001,,0.0,14.58,1 ha worked,17_chara,0.0,,1.6326530612,1.31,1 ha worked,15_chara,2.138775510172,75.157142870245
D1_2023,D1,2023,tonne,"Eutrophication, freshwater",kg P eq,,0.612244898,0.00346,1 ha worked,13_chara,0.00211836734708,,0.2040816327,0.0236,1 ha worked,16_chara,0.00481632653172,,0.612244898,0.0014600000000000001,1 ha worked,11_chara,0.0008938775510800002,,0.2040816327,0.0129,1 ha worked,12_chara,0.00263265306183,,0.2040816327,0.0116,1 ha worked,14_chara,0.0023673469393199996,,0.0,0.00685,1 ha worked,17_chara,0.0,,1.6326530612,0.000272,1 ha worked,15_chara,0.00044408163264640004,0.0132726530636764
D1_2023,D1,2023,tonne,"Eutrophication, marine",kg N eq,,0.612244898,0.1,1 ha worked,13_chara,0.061224489800000004,,0.2040816327,0.729,1 ha worked,16_chara,0.1487755102383,,0.612244898,0.08460000000000001,1 ha worked,11_chara,0.051795918370800005,,0.2040816327,0.444,1 ha worked,12_chara,0.09061224491879999,,0.2040816327,0.213,1 ha worked,14_chara,0.043469387765099995,,0.0,0.0206,1 ha worked,17_chara,0.0,,1.6326530612,0.0064600000000000005,1 ha worked,15_chara,0.010546938775352002,0.406424489868352
D1_2023,D1,2023,tonne,"Eutrophication, terrestrial",mol N eq,,0.612244898,1.1,1 ha worked,13_chara,0.6734693878000001,,0.2040816327,7.97,1 ha worked,16_chara,1.6265306126189998,,0.612244898,0.927,1 ha worked,11_chara,0.567551020446,,0.2040816327,4.86,1 ha worked,12_chara,0.991836734922,,0.2040816327,2.33,1 ha worked,14_chara,0.475510204191,,0.0,0.21800000000000003,1 ha worked,17_chara,0.0,,1.6326530612,0.0704,1 ha worked,15_chara,0.11493877550848002,4.449836735486479
D1_2023,D1,2023,tonne,"Human toxicity, cancer",CTUh,,0.612244898,1.96e-08,1 ha worked,13_chara,1.2000000000800001e-08,,0.2040816327,1.34e-07,1 ha worked,16_chara,2.73469387818e-08,,0.612244898,1.13e-08,1 ha worked,11_chara,6.918367347400001e-09,,0.2040816327,1.03e-07,1 ha worked,12_chara,2.1020408168099998e-08,,0.2040816327,1.14e-07,1 ha worked,14_chara,2.32653061278e-08,,0.0,5.54e-08,1 ha worked,17_chara,0.0,,1.6326530612,1.91e-09,1 ha worked,15_chara,3.1183673468919998e-09,9.3669387772792e-08
D1_2023,D1,2023,tonne,"Human toxicity, cancer - inorganics",CTUh,,0.612244898,3.85e-17,1 ha worked,13_chara,2.3571428573e-17,,0.2040816327,2.22e-16,1 ha worked,16_chara,4.5306122459399996e-17,,0.612244898,1.8099999999999998e-17,1 ha worked,11_chara,1.10816326538e-17,,0.2040816327,1.5199999999999998e-16,1 ha worked,12_chara,3.1020408170399996e-17,,0.2040816327,1.3300000000000002e-16,1 ha worked,14_chara,2.71428571491e-17,,0.0,7.46e-17,1 ha worked,17_chara,0.0,,1.6326530612,2.89e-18,1 ha worked,15_chara,4.7183673468680004e-18,1.42840816352568e-16
D1_2023,D1,2023,tonne,"Human toxicity, cancer - metals",CTUh,,0.612244898,1.23e-08,1 ha worked,13_chara,7.5306122454e-09,,0.2040816327,8.47e-08,1 ha worked,16_chara,1.7285714289689998e-08,,0.612244898,7.91e-09,1 ha worked,11_chara,4.84285714318e-09,,0.2040816327,6.970000000000001e-08,1 ha worked,12_chara,1.4224489799190001e-08,,0.2040816327,8.050000000000001e-08,1 ha worked,14_chara,1.642857143235e-08,,0.0,3.55e-08,1 ha worked,17_chara,0.0,,1.6326530612,1.23e-09,1 ha worked,15_chara,2.008163265276e-09,6.2320408175086e-08
D1_2023,D1,2023,tonne,"Human toxicity, cancer - organics",CTUh,,0.612244898,7.2800000000000005e-09,1 ha worked,13_chara,4.457142857440001e-09,,0.2040816327,4.98e-08,1 ha worked,16_chara,1.016326530846e-08,,0.612244898,3.4000000000000003e-09,1 ha worked,11_chara,2.0816326532000003e-09,,0.2040816327,3.3e-08,1 ha worked,12_chara,6.734693879099999e-09,,0.2040816327,3.34e-08,1 ha worked,14_chara,6.8163265321799996e-09,,0.0,2e-08,1 ha worked,17_chara,0.0,,1.6326530612,6.829999999999999e-10,1 ha worked,15_chara,1.1151020407996e-09,3.13681632711796e-08
D1_2023,D1,2023,tonne,"Human toxicity, non-cancer",CTUh,,0.612244898,5.989999999999999e-07,1 ha worked,13_chara,3.6673469390199997e-07,,0.2040816327,3.46e-06,1 ha worked,16_chara,7.061224491419999e-07,,0.612244898,8.92e-07,1 ha worked,11_chara,5.46122449016e-07,,0.2040816327,2e-06,1 ha worked,12_chara,4.0816326539999994e-07,,0.2040816327,1.37e-06,1 ha worked,14_chara,2.79591836799e-07,,0.0,1.0700000000000001e-06,1 ha worked,17_chara,0.0,,1.6326530612,1.27e-07,1 ha worked,15_chara,2.0734693877240002e-07,2.5140816330314e-06
D1_2023,D1,2023,tonne,"Human toxicity, non-cancer - inorganics",CTUh,,0.612244898,1.6900000000000002e-07,1 ha worked,13_chara,1.0346938776200002e-07,,0.2040816327,1.12e-06,1 ha worked,16_chara,2.28571428624e-07,,0.612244898,8.97e-08,1 ha worked,11_chara,5.4918367350600003e-08,,0.2040816327,8.100000000000001e-07,1 ha worked,12_chara,1.65306122487e-07,,0.2040816327,6.54e-07,1 ha worked,14_chara,1.334693877858e-07,,0.0,3.12e-07,1 ha worked,17_chara,0.0,,1.6326530612,1.02e-08,1 ha worked,15_chara,1.6653061224240002e-08,7.023877552336399e-07
D1_2023,D1,2023,tonne,"Human toxicity, non-cancer - metals",CTUh,,0.612244898,4.1999999999999995e-07,1 ha worked,13_chara,2.5714285716e-07,,0.2040816327,2.26e-06,1 ha worked,16_chara,4.6122448990199996e-07,,0.612244898,7.98e-07,1 ha worked,11_chara,4.88571428604e-07,,0.2040816327,1.16e-06,1 ha worked,12_chara,2.3673469393199997e-07,,0.2040816327,6.99e-07,1 ha worked,14_chara,1.4265306125729998e-07,,0.0,7.47e-07,1 ha worked,17_chara,0.0,,1.6326530612,1.16e-07,1 ha worked,15_chara,1.893877550992e-07,1.7757142859545e-06
D1_2023,D1,2023,tonne,"Human toxicity, non-cancer - organics",CTUh,,0.612244898,1.16e-08,1 ha worked,13_chara,7.1020408168000005e-09,,0.2040816327,8.660000000000001e-08,1 ha worked,16_chara,1.767346939182e-08,,0.612244898,5.48e-09,1 ha worked,11_chara,3.3551020410400002e-09,,0.2040816327,3.8200000000000005e-08,1 ha worked,12_chara,7.79591836914e-09,,0.2040816327,2.67e-08,1 ha worked,14_chara,5.44897959309e-09,,0.0,1.5299999999999998e-08,1 ha worked,17_chara,0.0,,1.6326530612,1.08e-09,1 ha worked,15_chara,1.7632653060960002e-09,4.3138775517986e-08
D1_2023,D1,2023,tonne,Ionising radiation,kBq U-235 eq,,0.612244898,1.72,1 ha worked,13_chara,1.05306122456,,0.2040816327,10.49,1 ha worked,16_chara,2.140816327023,,0.612244898,1.27,1 ha worked,11_chara,0.77755102046,,0.2040816327,7.89,1 ha worked,12_chara,1.610204082003,,0.2040816327,4.319999999999999,1 ha worked,14_chara,0.8816326532639999,,0.0,1.75,1 ha worked,17_chara,0.0,,1.6326530612,0.115,1 ha worked,15_chara,0.18775510203800003,6.651020409348001
D1_2023,D1,2023,tonne,Land use,Pt,,0.612244898,145.23,1 ha worked,13_chara,88.91632653654,,0.2040816327,800.14,1 ha worked,16_chara,163.293877588578,,0.612244898,137.54,1 ha worked,11_chara,84.20816327092,,0.2040816327,641.1899999999999,1 ha worked,12_chara,130.85510207091298,,0.2040816327,418.1,1 ha worked,14_chara,85.32653063187,,0.0,168.95000000000002,1 ha worked,17_chara,0.0,,1.6326530612,100.13,1 ha worked,15_chara,163.477551017956,716.0775511167769
D1_2023,D1,2023,tonne,Ozone depletion,kg CFC11 eq,,0.612244898,4.960000000000001e-06,1 ha worked,13_chara,3.0367346940800005e-06,,0.2040816327,3.03e-05,1 ha worked,16_chara,6.18367347081e-06,,0.612244898,4.17e-06,1 ha worked,11_chara,2.55306122466e-06,,0.2040816327,2.13e-05,1 ha worked,12_chara,4.346938776509999e-06,,0.2040816327,9.97e-06,1 ha worked,14_chara,2.0346938780189996e-06,,0.0,3.52e-06,1 ha worked,17_chara,0.0,,1.6326530612,3.2200000000000005e-07,1 ha worked,15_chara,5.257142857064001e-07,1.86808163297854e-05
D1_2023,D1,2023,tonne,Particulate matter,disease inc.,,0.612244898,8.429999999999999e-07,1 ha worked,13_chara,5.16122449014e-07,,0.2040816327,5.39e-06,1 ha worked,16_chara,1.100000000253e-06,,0.612244898,6.229999999999999e-07,1 ha worked,11_chara,3.8142857145399997e-07,,0.2040816327,3.6599999999999997e-06,1 ha worked,12_chara,7.469387756819998e-07,,0.2040816327,2.78e-06,1 ha worked,14_chara,5.67346938906e-07,,0.0,1.42e-06,1 ha worked,17_chara,0.0,,1.6326530612,1.22e-07,1 ha worked,15_chara,1.9918367346640003e-07,3.5110204087753996e-06
D1_2023,D1,2023,tonne,Photochemical ozone formation,kg NMVOC eq,,0.612244898,0.305,1 ha worked,13_chara,0.18673469389,,0.2040816327,2.2,1 ha worked,16_chara,0.44897959194000003,,0.612244898,0.249,1 ha worked,11_chara,0.15244897960200002,,0.2040816327,1.33,1 ha worked,12_chara,0.27142857149099997,,0.2040816327,0.67,1 ha worked,14_chara,0.136734693909,,0.0,0.107,1 ha worked,17_chara,0.0,,1.6326530612,0.0194,1 ha worked,15_chara,0.03167346938728,1.22800000021928
D1_2023,D1,2023,tonne,"Resource use, fossils",MJ,,0.612244898,357.29999999999995,1 ha worked,13_chara,218.7551020554,,0.2040816327,2174.67,1 ha worked,16_chara,443.810204183709,,0.612244898,273.81,1 ha worked,11_chara,167.63877552138,,0.2040816327,1630.72,1 ha worked,12_chara,332.800000076544,,0.2040816327,863.0400000000001,1 ha worked,14_chara,176.130612285408,,0.0,337.64000000000004,1 ha worked,17_chara,0.0,,1.6326530612,23.53,1 ha worked,15_chara,38.416326530036,1377.551020652477
D1_2023,D1,2023,tonne,"Resource use, minerals and metals",kg Sb eq,,0.612244898,0.00031400000000000004,1 ha worked,13_chara,0.00019224489797200003,,0.2040816327,0.0025800000000000003,1 ha worked,16_chara,0.000526530612366,,0.612244898,0.000127,1 ha worked,11_chara,7.7755102046e-05,,0.2040816327,0.000917,1 ha worked,12_chara,0.00018714285718589998,,0.2040816327,0.00062,1 ha worked,14_chara,0.000126530612274,,0.0,0.00037,1 ha worked,17_chara,0.0,,1.6326530612,2.91e-05,1 ha worked,15_chara,4.751020408092e-05,0.00115771428592482
D1_2023,D1,2023,tonne,Water use,m3 depriv.,,0.612244898,2.11,1 ha worked,13_chara,1.29183673478,,0.2040816327,12.8,1 ha worked,16_chara,2.61224489856,,0.612244898,0.8550000000000001,1 ha worked,11_chara,0.5234693877900001,,0.2040816327,7.94,1 ha worked,12_chara,1.6204081636379999,,0.2040816327,6.409999999999999,1 ha worked,14_chara,1.3081632656069997,,0.0,3.44,1 ha worked,17_chara,0.0,,1.6326530612,0.235,1 ha worked,15_chara,0.383673469382,7.739795919757
D1_2024,D1,2024,tonne,Acidification,mol H+ eq,,0.5416108555,0.253,1 ha worked,13_chara,0.1370275464415,,0.1805369518,1.7899999999999998,1 ha worked,16_chara,0.323161143722,,0.5416108555,0.20199999999999999,1 ha worked,11_chara,0.109405392811,,0.1805369518,1.1,1 ha worked,12_chara,0.19859064698000004,,0.1805369518,0.5670000000000001,1 ha worked,14_chara,0.10236445167060002,,0.0,0.116,1 ha worked,17_chara,0.0,,0.7326305981,0.0167,1 ha worked,15_chara,0.012234930988269999,0.8827841126133701
D1_2024,D1,2024,tonne,Climate change,kg CO2 eq,,0.5416108555,26.88,1 ha worked,13_chara,14.55849979584,,0.1805369518,165.89,1 ha worked,16_chara,29.949274934102,,0.5416108555,20.45,1 ha worked,11_chara,11.075941994974999,,0.1805369518,124.18,1 ha worked,12_chara,22.419078674524002,,0.1805369518,69.64999999999999,1 ha worked,14_chara,12.57439869287,,0.0,28.27,1 ha worked,17_chara,0.0,,0.7326305981,1.93,1 ha worked,15_chara,1.413977054333,91.991171146644
D1_2024,D1,2024,tonne,Climate change - Biogenic,kg CO2 eq,,0.5416108555,0.0373,1 ha worked,13_chara,0.02020208491015,,0.1805369518,0.17600000000000002,1 ha worked,16_chara,0.03177450351680001,,0.5416108555,0.028499999999999998,1 ha worked,11_chara,0.015435909381749999,,0.1805369518,0.145,1 ha worked,12_chara,0.026177858011,,0.1805369518,0.0992,1 ha worked,14_chara,0.01790926561856,,0.0,0.0452,1 ha worked,17_chara,0.0,,0.7326305981,0.0211,1 ha worked,15_chara,0.01545850561991,0.12695812705817003
D1_2024,D1,2024,tonne,Climate change - Fossil,kg CO2 eq,,0.5416108555,26.830000000000002,1 ha worked,13_chara,14.531419253065001,,0.1805369518,165.57999999999998,1 ha worked,16_chara,29.893308479044,,0.5416108555,20.41,1 ha worked,11_chara,11.054277560755,,0.1805369518,123.97,1 ha worked,12_chara,22.381165914646,,0.1805369518,69.50999999999999,1 ha worked,14_chara,12.549123519618,,0.0,28.180000000000003,1 ha worked,17_chara,0.0,,0.7326305981,1.9100000000000001,1 ha worked,15_chara,1.399324442371,91.80861916949901
D1_2024,D1,2024,tonne,Climate change - Land use and LU change,kg CO2 eq,,0.5416108555,0.0178,1 ha worked,13_chara,0.0096406732279,,0.1805369518,0.131,1 ha worked,16_chara,0.023650340685800002,,0.5416108555,0.00673,1 ha worked,11_chara,0.003645041057515,,0.1805369518,0.05789999999999999,1 ha worked,12_chara,0.01045308950922,,0.1805369518,0.0494,1 ha worked,14_chara,0.008918525418920001,,0.0,0.0434,1 ha worked,17_chara,0.0,,0.7326305981,0.00132,1 ha worked,15_chara,0.000967072389492,0.057274742288847
D1_2024,D1,2024,tonne,"Ecotoxicity, freshwater",CTUe,,0.5416108555,409.06,1 ha worked,13_chara,221.55133655083,,0.1805369518,2729.37,1 ha worked,16_chara,492.752140134366,,0.5416108555,235.92,1 ha worked,11_chara,127.77683302956,,0.1805369518,1587.99,1 ha worked,12_chara,286.690874088882,,0.1805369518,1134.53,1 ha worked,14_chara,204.82458792565401,,0.0,588.66,1 ha worked,17_chara,0.0,,0.7326305981,32.26,1 ha worked,15_chara,23.634663094706,1357.230434823998
D1_2024,D1,2024,tonne,"Ecotoxicity, freshwater - inorganics",CTUe,,0.5416108555,66.27,1 ha worked,13_chara,35.892551393984995,,0.1805369518,419.04999999999995,1 ha worked,16_chara,75.65400965178999,,0.5416108555,48.84,1 ha worked,11_chara,26.452274182620002,,0.1805369518,268.34,1 ha worked,12_chara,48.445285646011996,,0.1805369518,140.05,1 ha worked,14_chara,25.284200099590002,,0.0,58.77,1 ha worked,17_chara,0.0,,0.7326305981,4.59,1 ha worked,15_chara,3.362774445279,215.09109541927597
D1_2024,D1,2024,tonne,"Ecotoxicity, freshwater - metals",CTUe,,0.5416108555,322.83,1 ha worked,13_chara,174.848232481065,,0.1805369518,2187.8900000000003,1 ha worked,16_chara,394.9949914737021,,0.5416108555,170.45000000000002,1 ha worked,11_chara,92.317570319975,,0.1805369518,1234.5,1 ha worked,12_chara,222.8728669971,,0.1805369518,954.07,1 ha worked,14_chara,172.244889603826,,0.0,515.3100000000001,1 ha worked,17_chara,0.0,,0.7326305981,26.36,1 ha worked,15_chara,19.312142565915998,1076.590693441584
D1_2024,D1,2024,tonne,"Ecotoxicity, freshwater - organics",CTUe,,0.5416108555,19.96,1 ha worked,13_chara,10.81055267578,,0.1805369518,122.43,1 ha worked,16_chara,22.103139008874003,,0.5416108555,16.64,1 ha worked,11_chara,9.01240463552,,0.1805369518,85.15,1 ha worked,12_chara,15.372721445770003,,0.1805369518,40.410000000000004,1 ha worked,14_chara,7.295498222238001,,0.0,14.58,1 ha worked,17_chara,0.0,,0.7326305981,1.31,1 ha worked,15_chara,0.959746083511,65.55406207169301
D1_2024,D1,2024,tonne,"Eutrophication, freshwater",kg P eq,,0.5416108555,0.00346,1 ha worked,13_chara,0.00187397356003,,0.1805369518,0.0236,1 ha worked,16_chara,0.00426067206248,,0.5416108555,0.0014600000000000001,1 ha worked,11_chara,0.0007907518490300001,,0.1805369518,0.0129,1 ha worked,12_chara,0.00232892667822,,0.1805369518,0.0116,1 ha worked,14_chara,0.00209422864088,,0.0,0.00685,1 ha worked,17_chara,0.0,,0.7326305981,0.000272,1 ha worked,15_chara,0.0001992755226832,0.0115478283133232
D1_2024,D1,2024,tonne,"Eutrophication, marine",kg N eq,,0.5416108555,0.1,1 ha worked,13_chara,0.05416108555,,0.1805369518,0.729,1 ha worked,16_chara,0.1316114378622,,0.5416108555,0.08460000000000001,1 ha worked,11_chara,0.045820278375300005,,0.1805369518,0.444,1 ha worked,12_chara,0.08015840659920001,,0.1805369518,0.213,1 ha worked,14_chara,0.0384543707334,,0.0,0.0206,1 ha worked,17_chara,0.0,,0.7326305981,0.0064600000000000005,1 ha worked,15_chara,0.004732793663726,0.354938372783826
D1_2024,D1,2024,tonne,"Eutrophication, terrestrial",mol N eq,,0.5416108555,1.1,1 ha worked,13_chara,0.5957719410500001,,0.1805369518,7.97,1 ha worked,16_chara,1.438879505846,,0.5416108555,0.927,1 ha worked,11_chara,0.5020732630485,,0.1805369518,4.86,1 ha worked,12_chara,0.8774095857480001,,0.1805369518,2.33,1 ha worked,14_chara,0.42065109769400005,,0.0,0.21800000000000003,1 ha worked,17_chara,0.0,,0.7326305981,0.0704,1 ha worked,15_chara,0.05157719410624,3.88636258749274
D1_2024,D1,2024,tonne,"Human toxicity, cancer",CTUh,,0.5416108555,1.96e-08,1 ha worked,13_chara,1.06155727678e-08,,0.1805369518,1.34e-07,1 ha worked,16_chara,2.4191951541200002e-08,,0.5416108555,1.13e-08,1 ha worked,11_chara,6.12020266715e-09,,0.1805369518,1.03e-07,1 ha worked,12_chara,1.8595306035400002e-08,,0.1805369518,1.14e-07,1 ha worked,14_chara,2.0581212505200002e-08,,0.0,5.54e-08,1 ha worked,17_chara,0.0,,0.7326305981,1.91e-09,1 ha worked,15_chara,1.399324442371e-09,8.1503569959121e-08
D1_2024,D1,2024,tonne,"Human toxicity, cancer - inorganics",CTUh,,0.5416108555,3.85e-17,1 ha worked,13_chara,2.085201793675e-17,,0.1805369518,2.22e-16,1 ha worked,16_chara,4.0079203299600006e-17,,0.5416108555,1.8099999999999998e-17,1 ha worked,11_chara,9.803156484549998e-18,,0.1805369518,1.5199999999999998e-16,1 ha worked,12_chara,2.74416166736e-17,,0.1805369518,1.3300000000000002e-16,1 ha worked,14_chara,2.4011414589400005e-17,,0.0,7.46e-17,1 ha worked,17_chara,0.0,,0.7326305981,2.89e-18,1 ha worked,15_chara,2.117302428509e-18,1.2430471141240901e-16
D1_2024,D1,2024,tonne,"Human toxicity, cancer - metals",CTUh,,0.5416108555,1.23e-08,1 ha worked,13_chara,6.66181352265e-09,,0.1805369518,8.47e-08,1 ha worked,16_chara,1.529147981746e-08,,0.5416108555,7.91e-09,1 ha worked,11_chara,4.284141867005e-09,,0.1805369518,6.970000000000001e-08,1 ha worked,12_chara,1.2583425540460002e-08,,0.1805369518,8.050000000000001e-08,1 ha worked,14_chara,1.4533224619900002e-08,,0.0,3.55e-08,1 ha worked,17_chara,0.0,,0.7326305981,1.23e-09,1 ha worked,15_chara,9.01135635663e-10,5.4255221003138005e-08
D1_2024,D1,2024,tonne,"Human toxicity, cancer - organics",CTUh,,0.5416108555,7.2800000000000005e-09,1 ha worked,13_chara,3.94292702804e-09,,0.1805369518,4.98e-08,1 ha worked,16_chara,8.990740199640002e-09,,0.5416108555,3.4000000000000003e-09,1 ha worked,11_chara,1.8414769087e-09,,0.1805369518,3.3e-08,1 ha worked,12_chara,5.9577194094e-09,,0.1805369518,3.34e-08,1 ha worked,14_chara,6.029934190120001e-09,,0.0,2e-08,1 ha worked,17_chara,0.0,,0.7326305981,6.829999999999999e-10,1 ha worked,15_chara,5.003866985022999e-10,2.7263184434402303e-08
D1_2024,D1,2024,tonne,"Human toxicity, non-cancer",CTUh,,0.5416108555,5.989999999999999e-07,1 ha worked,13_chara,3.2442490244449995e-07,,0.1805369518,3.46e-06,1 ha worked,16_chara,6.24657853228e-07,,0.5416108555,8.92e-07,1 ha worked,11_chara,4.83116883106e-07,,0.1805369518,2e-06,1 ha worked,12_chara,3.610739036e-07,,0.1805369518,1.37e-06,1 ha worked,14_chara,2.4733562396600004e-07,,0.0,1.0700000000000001e-06,1 ha worked,17_chara,0.0,,0.7326305981,1.27e-07,1 ha worked,15_chara,9.30440859587e-08,2.1336532523032e-06
D1_2024,D1,2024,tonne,"Human toxicity, non-cancer - inorganics",CTUh,,0.5416108555,1.6900000000000002e-07,1 ha worked,13_chara,9.15322345795e-08,,0.1805369518,1.12e-06,1 ha worked,16_chara,2.0220138601600002e-07,,0.5416108555,8.97e-08,1 ha worked,11_chara,4.858249373835e-08,,0.1805369518,8.100000000000001e-07,1 ha worked,12_chara,1.4623493095800003e-07,,0.1805369518,6.54e-07,1 ha worked,14_chara,1.1807116647720001e-07,,0.0,3.12e-07,1 ha worked,17_chara,0.0,,0.7326305981,1.02e-08,1 ha worked,15_chara,7.47283210062e-09,6.140950438696702e-07
D1_2024,D1,2024,tonne,"Human toxicity, non-cancer - metals",CTUh,,0.5416108555,4.1999999999999995e-07,1 ha worked,13_chara,2.2747655930999996e-07,,0.1805369518,2.26e-06,1 ha worked,16_chara,4.08013511068e-07,,0.5416108555,7.98e-07,1 ha worked,11_chara,4.32205462689e-07,,0.1805369518,1.16e-06,1 ha worked,12_chara,2.09422864088e-07,,0.1805369518,6.99e-07,1 ha worked,14_chara,1.261953293082e-07,,0.0,7.47e-07,1 ha worked,17_chara,0.0,,0.7326305981,1.16e-07,1 ha worked,15_chara,8.49851493796e-08,1.4882988758428e-06
D1_2024,D1,2024,tonne,"Human toxicity, non-cancer - organics",CTUh,,0.5416108555,1.16e-08,1 ha worked,13_chara,6.2826859237999995e-09,,0.1805369518,8.660000000000001e-08,1 ha worked,16_chara,1.5634500025880003e-08,,0.5416108555,5.48e-09,1 ha worked,11_chara,2.96802748814e-09,,0.1805369518,3.8200000000000005e-08,1 ha worked,12_chara,6.896511558760001e-09,,0.1805369518,2.67e-08,1 ha worked,14_chara,4.820336613060001e-09,,0.0,1.5299999999999998e-08,1 ha worked,17_chara,0.0,,0.7326305981,1.08e-09,1 ha worked,15_chara,7.91241045948e-10,3.739330265558801e-08
D1_2024,D1,2024,tonne,Ionising radiation,kBq U-235 eq,,0.5416108555,1.72,1 ha worked,13_chara,0.9315706714599999,,0.1805369518,10.49,1 ha worked,16_chara,1.893832624382,,0.5416108555,1.27,1 ha worked,11_chara,0.6878457864849999,,0.1805369518,7.89,1 ha worked,12_chara,1.424436549702,,0.1805369518,4.319999999999999,1 ha worked,14_chara,0.779919631776,,0.0,1.75,1 ha worked,17_chara,0.0,,0.7326305981,0.115,1 ha worked,15_chara,0.0842525187815,5.8018577825865
D1_2024,D1,2024,tonne,Land use,Pt,,0.5416108555,145.23,1 ha worked,13_chara,78.658144544265,,0.1805369518,800.14,1 ha worked,16_chara,144.454836613252,,0.5416108555,137.54,1 ha worked,11_chara,74.49315706547,,0.1805369518,641.1899999999999,1 ha worked,12_chara,115.758488124642,,0.1805369518,418.1,1 ha worked,14_chara,75.48249954758,,0.0,168.95000000000002,1 ha worked,17_chara,0.0,,0.7326305981,100.13,1 ha worked,15_chara,73.35830178775299,562.2054276829621
D1_2024,D1,2024,tonne,Ozone depletion,kg CFC11 eq,,0.5416108555,4.960000000000001e-06,1 ha worked,13_chara,2.68638984328e-06,,0.1805369518,3.03e-05,1 ha worked,16_chara,5.470269639540001e-06,,0.5416108555,4.17e-06,1 ha worked,11_chara,2.258517267435e-06,,0.1805369518,2.13e-05,1 ha worked,12_chara,3.8454370733400005e-06,,0.1805369518,9.97e-06,1 ha worked,14_chara,1.7999534094460001e-06,,0.0,3.52e-06,1 ha worked,17_chara,0.0,,0.7326305981,3.2200000000000005e-07,1 ha worked,15_chara,2.3590705258820003e-07,1.6296474285629204e-05
D1_2024,D1,2024,tonne,Particulate matter,disease inc.,,0.5416108555,8.429999999999999e-07,1 ha worked,13_chara,4.5657795118649993e-07,,0.1805369518,5.39e-06,1 ha worked,16_chara,9.73094170202e-07,,0.5416108555,6.229999999999999e-07,1 ha worked,11_chara,3.3742356297649994e-07,,0.1805369518,3.6599999999999997e-06,1 ha worked,12_chara,6.60765243588e-07,,0.1805369518,2.78e-06,1 ha worked,14_chara,5.01892726004e-07,,0.0,1.42e-06,1 ha worked,17_chara,0.0,,0.7326305981,1.22e-07,1 ha worked,15_chara,8.938093296820001e-08,3.0191345869251996e-06
D1_2024,D1,2024,tonne,Photochemical ozone formation,kg NMVOC eq,,0.5416108555,0.305,1 ha worked,13_chara,0.1651913109275,,0.1805369518,2.2,1 ha worked,16_chara,0.39718129396000007,,0.5416108555,0.249,1 ha worked,11_chara,0.1348611030195,,0.1805369518,1.33,1 ha worked,12_chara,0.24011414589400004,,0.1805369518,0.67,1 ha worked,14_chara,0.12095975770600001,,0.0,0.107,1 ha worked,17_chara,0.0,,0.7326305981,0.0194,1 ha worked,15_chara,0.01421303360314,1.0725206451101403
D1_2024,D1,2024,tonne,"Resource use, fossils",MJ,,0.5416108555,357.29999999999995,1 ha worked,13_chara,193.51755867014998,,0.1805369518,2174.67,1 ha worked,16_chara,392.60829297090606,,0.5416108555,273.81,1 ha worked,11_chara,148.298468344455,,0.1805369518,1630.72,1 ha worked,12_chara,294.405218039296,,0.1805369518,863.0400000000001,1 ha worked,14_chara,155.81061088147203,,0.0,337.64000000000004,1 ha worked,17_chara,0.0,,0.7326305981,23.53,1 ha worked,15_chara,17.238797973293,1201.878946879572
D1_2024,D1,2024,tonne,"Resource use, minerals and metals",kg Sb eq,,0.5416108555,0.00031400000000000004,1 ha worked,13_chara,0.00017006580862700003,,0.1805369518,0.0025800000000000003,1 ha worked,16_chara,0.0004657853356440001,,0.5416108555,0.000127,1 ha worked,11_chara,6.87845786485e-05,,0.1805369518,0.000917,1 ha worked,12_chara,0.0001655523848006,,0.1805369518,0.00062,1 ha worked,14_chara,0.000111932910116,,0.0,0.00037,1 ha worked,17_chara,0.0,,0.7326305981,2.91e-05,1 ha worked,15_chara,2.131955040471e-05,0.00100344056824081
D1_2024,D1,2024,tonne,Water use,m3 depriv.,,0.5416108555,2.11,1 ha worked,13_chara,1.1427989051049998,,0.1805369518,12.8,1 ha worked,16_chara,2.3108729830400003,,0.5416108555,0.8550000000000001,1 ha worked,11_chara,0.46307728145250004,,0.1805369518,7.94,1 ha worked,12_chara,1.4334633972920001,,0.1805369518,6.409999999999999,1 ha worked,14_chara,1.157241861038,,0.0,3.44,1 ha worked,17_chara,0.0,,0.7326305981,0.235,1 ha worked,15_chara,0.1721681905535,6.679622618481001
D2_2022,D2,2022,tonne,Acidification,mol H+ eq,,1.6260162602,0.253,1 ha worked,13_chara,0.41138211383059997,,0.8130081301,1.7899999999999998,1 ha worked,16_chara,1.4552845528789997,,2.4390243902,0.20199999999999999,1 ha worked,11_chara,0.4926829268204,,0.8130081301,1.1,1 ha worked,12_chara,0.89430894311,,0.8130081301,0.5670000000000001,1 ha worked,14_chara,0.46097560976670005,,0.8130081301,0.116,1 ha worked,17_chara,0.0943089430916,,6.5040650407,0.0167,1 ha worked,15_chara,0.10861788617969,3.91756097567799
D2_2022,D2,2022,tonne,Climate change,kg CO2 eq,,1.6260162602,26.88,1 ha worked,13_chara,43.707317074176,,0.8130081301,165.89,1 ha worked,16_chara,134.86991870228897,,2.4390243902,20.45,1 ha worked,11_chara,49.87804877959,,0.8130081301,124.18,1 ha worked,12_chara,100.959349595818,,0.8130081301,69.64999999999999,1 ha worked,14_chara,56.62601626146499,,0.8130081301,28.27,1 ha worked,17_chara,22.983739837926997,,6.5040650407,1.93,1 ha worked,15_chara,12.552845528550998,421.57723577981596
D2_2022,D2,2022,tonne,Climate change - Biogenic,kg CO2 eq,,1.6260162602,0.0373,1 ha worked,13_chara,0.06065040650546,,0.8130081301,0.17600000000000002,1 ha worked,16_chara,0.1430894308976,,2.4390243902,0.028499999999999998,1 ha worked,11_chara,0.0695121951207,,0.8130081301,0.145,1 ha worked,12_chara,0.11788617886449998,,0.8130081301,0.0992,1 ha worked,14_chara,0.08065040650592,,0.8130081301,0.0452,1 ha worked,17_chara,0.03674796748052,,6.5040650407,0.0211,1 ha worked,15_chara,0.13723577235877,0.64577235773347
D2_2022,D2,2022,tonne,Climate change - Fossil,kg CO2 eq,,1.6260162602,26.830000000000002,1 ha worked,13_chara,43.626016261166,,0.8130081301,165.57999999999998,1 ha worked,16_chara,134.61788618195797,,2.4390243902,20.41,1 ha worked,11_chara,49.780487803982005,,0.8130081301,123.97,1 ha worked,12_chara,100.78861788849699,,0.8130081301,69.50999999999999,1 ha worked,14_chara,56.51219512325099,,0.8130081301,28.180000000000003,1 ha worked,17_chara,22.910569106218002,,6.5040650407,1.9100000000000001,1 ha worked,15_chara,12.422764227737,420.65853659280896
D2_2022,D2,2022,tonne,Climate change - Land use and LU change,kg CO2 eq,,1.6260162602,0.0178,1 ha worked,13_chara,0.028943089431559998,,0.8130081301,0.131,1 ha worked,16_chara,0.10650406504309999,,2.4390243902,0.00673,1 ha worked,11_chara,0.016414634146046003,,0.8130081301,0.05789999999999999,1 ha worked,12_chara,0.04707317073278999,,0.8130081301,0.0494,1 ha worked,14_chara,0.04016260162694,,0.8130081301,0.0434,1 ha worked,17_chara,0.03528455284634,,6.5040650407,0.00132,1 ha worked,15_chara,0.008585365853723999,0.28296747968049996
D2_2022,D2,2022,tonne,"Ecotoxicity, freshwater",CTUe,,1.6260162602,409.06,1 ha worked,13_chara,665.138211397412,,0.8130081301,2729.37,1 ha worked,16_chara,2219.0000000510367,,2.4390243902,235.92,1 ha worked,11_chara,575.414634135984,,0.8130081301,1587.99,1 ha worked,12_chara,1291.048780517499,,0.8130081301,1134.53,1 ha worked,14_chara,922.382113842353,,0.8130081301,588.66,1 ha worked,17_chara,478.58536586466596,,6.5040650407,32.26,1 ha worked,15_chara,209.82113821298196,6361.390244021932
D2_2022,D2,2022,tonne,"Ecotoxicity, freshwater - inorganics",CTUe,,1.6260162602,66.27,1 ha worked,13_chara,107.75609756345399,,0.8130081301,419.04999999999995,1 ha worked,16_chara,340.69105691840497,,2.4390243902,48.84,1 ha worked,11_chara,119.12195121736802,,0.8130081301,268.34,1 ha worked,12_chara,218.16260163103397,,0.8130081301,140.05,1 ha worked,14_chara,113.861788620505,,0.8130081301,58.77,1 ha worked,17_chara,47.780487805976996,,6.5040650407,4.59,1 ha worked,15_chara,29.853658536812997,977.2276422935558
D2_2022,D2,2022,tonne,"Ecotoxicity, freshwater - metals",CTUe,,1.6260162602,322.83,1 ha worked,13_chara,524.926829280366,,0.8130081301,2187.8900000000003,1 ha worked,16_chara,1778.7723577644892,,2.4390243902,170.45000000000002,1 ha worked,11_chara,415.7317073095901,,0.8130081301,1234.5,1 ha worked,12_chara,1003.6585366084499,,0.8130081301,954.07,1 ha worked,14_chara,775.6666666845069,,0.8130081301,515.3100000000001,1 ha worked,17_chara,418.95121952183104,,6.5040650407,26.36,1 ha worked,15_chara,171.447154472852,5089.154471642086
D2_2022,D2,2022,tonne,"Ecotoxicity, freshwater - organics",CTUe,,1.6260162602,19.96,1 ha worked,13_chara,32.455284553592,,0.8130081301,122.43,1 ha worked,16_chara,99.536585368143,,2.4390243902,16.64,1 ha worked,11_chara,40.58536585292801,,0.8130081301,85.15,1 ha worked,12_chara,69.227642278015,,0.8130081301,40.410000000000004,1 ha worked,14_chara,32.853658537341,,0.8130081301,14.58,1 ha worked,17_chara,11.853658536858,,6.5040650407,1.31,1 ha worked,15_chara,8.520325203317,295.03252033019396
D2_2022,D2,2022,tonne,"Eutrophication, freshwater",kg P eq,,1.6260162602,0.00346,1 ha worked,13_chara,0.005626016260292,,0.8130081301,0.0236,1 ha worked,16_chara,0.01918699187036,,2.4390243902,0.0014600000000000001,1 ha worked,11_chara,0.0035609756096920005,,0.8130081301,0.0129,1 ha worked,12_chara,0.01048780487829,,0.8130081301,0.0116,1 ha worked,14_chara,0.009430894309159998,,0.8130081301,0.00685,1 ha worked,17_chara,0.005569105691184999,,6.5040650407,0.000272,1 ha worked,15_chara,0.0017691056910703999,0.0556308943100494
D2_2022,D2,2022,tonne,"Eutrophication, marine",kg N eq,,1.6260162602,0.1,1 ha worked,13_chara,0.16260162602,,0.8130081301,0.729,1 ha worked,16_chara,0.5926829268428999,,2.4390243902,0.08460000000000001,1 ha worked,11_chara,0.20634146341092002,,0.8130081301,0.444,1 ha worked,12_chara,0.36097560976439996,,0.8130081301,0.213,1 ha worked,14_chara,0.17317073171129999,,0.8130081301,0.0206,1 ha worked,17_chara,0.016747967480059998,,6.5040650407,0.0064600000000000005,1 ha worked,15_chara,0.042016260162922,1.5545365853925017
D2_2022,D2,2022,tonne,"Eutrophication, terrestrial",mol N eq,,1.6260162602,1.1,1 ha worked,13_chara,1.78861788622,,0.8130081301,7.97,1 ha worked,16_chara,6.479674796896999,,2.4390243902,0.927,1 ha worked,11_chara,2.2609756097154,,0.8130081301,4.86,1 ha worked,12_chara,3.951219512286,,0.8130081301,2.33,1 ha worked,14_chara,1.894308943133,,0.8130081301,0.21800000000000003,1 ha worked,17_chara,0.17723577236180002,,6.5040650407,0.0704,1 ha worked,15_chara,0.45788617886528,17.009918699478483
D2_2022,D2,2022,tonne,"Human toxicity, cancer",CTUh,,1.6260162602,1.96e-08,1 ha worked,13_chara,3.186991869992e-08,,0.8130081301,1.34e-07,1 ha worked,16_chara,1.089430894334e-07,,2.4390243902,1.13e-08,1 ha worked,11_chara,2.7560975609260002e-08,,0.8130081301,1.03e-07,1 ha worked,12_chara,8.373983740029999e-08,,0.8130081301,1.14e-07,1 ha worked,14_chara,9.26829268314e-08,,0.8130081301,5.54e-08,1 ha worked,17_chara,4.5040650407539997e-08,,6.5040650407,1.91e-09,1 ha worked,15_chara,1.2422764227736998e-08,4.02260162609557e-07
D2_2022,D2,2022,tonne,"Human toxicity, cancer - inorganics",CTUh,,1.6260162602,3.85e-17,1 ha worked,13_chara,6.260162601769999e-17,,0.8130081301,2.22e-16,1 ha worked,16_chara,1.804878048822e-16,,2.4390243902,1.8099999999999998e-17,1 ha worked,11_chara,4.4146341462619997e-17,,0.8130081301,1.5199999999999998e-16,1 ha worked,12_chara,1.2357723577519999e-16,,0.8130081301,1.3300000000000002e-16,1 ha worked,14_chara,1.0813008130330001e-16,,0.8130081301,7.46e-17,1 ha worked,17_chara,6.065040650545999e-17,,6.5040650407,2.89e-18,1 ha worked,15_chara,1.8796747967623e-17,5.98390243914103e-16
D2_2022,D2,2022,tonne,"Human toxicity, cancer - metals",CTUh,,1.6260162602,1.23e-08,1 ha worked,13_chara,2.000000000046e-08,,0.8130081301,8.47e-08,1 ha worked,16_chara,6.886178861947e-08,,2.4390243902,7.91e-09,1 ha worked,11_chara,1.9292682926482e-08,,0.8130081301,6.970000000000001e-08,1 ha worked,12_chara,5.6666666667970003e-08,,0.8130081301,8.050000000000001e-08,1 ha worked,14_chara,6.544715447305e-08,,0.8130081301,3.55e-08,1 ha worked,17_chara,2.8861788618549998e-08,,6.5040650407,1.23e-09,1 ha worked,15_chara,8.000000000061e-09,2.6713008130604297e-07
D2_2022,D2,2022,tonne,"Human toxicity, cancer - organics",CTUh,,1.6260162602,7.2800000000000005e-09,1 ha worked,13_chara,1.1837398374256e-08,,0.8130081301,4.98e-08,1 ha worked,16_chara,4.048780487898e-08,,2.4390243902,3.4000000000000003e-09,1 ha worked,11_chara,8.292682926680001e-09,,0.8130081301,3.3e-08,1 ha worked,12_chara,2.6829268293299995e-08,,0.8130081301,3.34e-08,1 ha worked,14_chara,2.715447154534e-08,,0.8130081301,2e-08,1 ha worked,17_chara,1.6260162602e-08,,6.5040650407,6.829999999999999e-10,1 ha worked,15_chara,4.442276422798099e-09,1.353040650433541e-07
D2_2022,D2,2022,tonne,"Human toxicity, non-cancer",CTUh,,1.6260162602,5.989999999999999e-07,1 ha worked,13_chara,9.739837398597997e-07,,0.8130081301,3.46e-06,1 ha worked,16_chara,2.8130081301459997e-06,,2.4390243902,8.92e-07,1 ha worked,11_chara,2.1756097560584e-06,,0.8130081301,2e-06,1 ha worked,12_chara,1.6260162601999998e-06,,0.8130081301,1.37e-06,1 ha worked,14_chara,1.1138211382369999e-06,,0.8130081301,1.0700000000000001e-06,1 ha worked,17_chara,8.69918699207e-07,,6.5040650407,1.27e-07,1 ha worked,15_chara,8.260162601689e-07,1.03983739838771e-05
D2_2022,D2,2022,tonne,"Human toxicity, non-cancer - inorganics",CTUh,,1.6260162602,1.6900000000000002e-07,1 ha worked,13_chara,2.747967479738e-07,,0.8130081301,1.12e-06,1 ha worked,16_chara,9.10569105712e-07,,2.4390243902,8.97e-08,1 ha worked,11_chara,2.1878048780094003e-07,,0.8130081301,8.100000000000001e-07,1 ha worked,12_chara,6.58536585381e-07,,0.8130081301,6.54e-07,1 ha worked,14_chara,5.317073170854e-07,,0.8130081301,3.12e-07,1 ha worked,17_chara,2.536585365912e-07,,6.5040650407,1.02e-08,1 ha worked,15_chara,6.634146341514e-08,2.9143902439594802e-06
D2_2022,D2,2022,tonne,"Human toxicity, non-cancer - metals",CTUh,,1.6260162602,4.1999999999999995e-07,1 ha worked,13_chara,6.829268292839999e-07,,0.8130081301,2.26e-06,1 ha worked,16_chara,1.837398374026e-06,,2.4390243902,7.98e-07,1 ha worked,11_chara,1.9463414633796e-06,,0.8130081301,1.16e-06,1 ha worked,12_chara,9.430894309159999e-07,,0.8130081301,6.99e-07,1 ha worked,14_chara,5.682926829399e-07,,0.8130081301,7.47e-07,1 ha worked,17_chara,6.073170731847e-07,,6.5040650407,1.16e-07,1 ha worked,15_chara,7.544715447212e-07,7.3398373984514e-06
D2_2022,D2,2022,tonne,"Human toxicity, non-cancer - organics",CTUh,,1.6260162602,1.16e-08,1 ha worked,13_chara,1.886178861832e-08,,0.8130081301,8.660000000000001e-08,1 ha worked,16_chara,7.040650406666e-08,,2.4390243902,5.48e-09,1 ha worked,11_chara,1.3365853658296e-08,,0.8130081301,3.8200000000000005e-08,1 ha worked,12_chara,3.1056910569820004e-08,,0.8130081301,2.67e-08,1 ha worked,14_chara,2.1707317073669998e-08,,0.8130081301,1.5299999999999998e-08,1 ha worked,17_chara,1.2439024390529997e-08,,6.5040650407,1.08e-09,1 ha worked,15_chara,7.024390243956e-09,1.7486178862125202e-07
D2_2022,D2,2022,tonne,Ionising radiation,kBq U-235 eq,,1.6260162602,1.72,1 ha worked,13_chara,2.796747967544,,0.8130081301,10.49,1 ha worked,16_chara,8.528455284749,,2.4390243902,1.27,1 ha worked,11_chara,3.0975609755540003,,0.8130081301,7.89,1 ha worked,12_chara,6.414634146488999,,0.8130081301,4.319999999999999,1 ha worked,14_chara,3.5121951220319994,,0.8130081301,1.75,1 ha worked,17_chara,1.4227642276749999,,6.5040650407,0.115,1 ha worked,15_chara,0.7479674796805,26.5203252037235
D2_2022,D2,2022,tonne,Land use,Pt,,1.6260162602,145.23,1 ha worked,13_chara,236.14634146884597,,0.8130081301,800.14,1 ha worked,16_chara,650.520325218214,,2.4390243902,137.54,1 ha worked,11_chara,335.463414628108,,0.8130081301,641.1899999999999,1 ha worked,12_chara,521.2926829388189,,0.8130081301,418.1,1 ha worked,14_chara,339.91869919481,,0.8130081301,168.95000000000002,1 ha worked,17_chara,137.357723580395,,6.5040650407,100.13,1 ha worked,15_chara,651.2520325252909,2871.9512195544826
D2_2022,D2,2022,tonne,Ozone depletion,kg CFC11 eq,,1.6260162602,4.960000000000001e-06,1 ha worked,13_chara,8.065040650592001e-06,,0.8130081301,3.03e-05,1 ha worked,16_chara,2.463414634203e-05,,2.4390243902,4.17e-06,1 ha worked,11_chara,1.0170731707134001e-05,,0.8130081301,2.13e-05,1 ha worked,12_chara,1.731707317113e-05,,0.8130081301,9.97e-06,1 ha worked,14_chara,8.105691057096998e-06,,0.8130081301,3.52e-06,1 ha worked,17_chara,2.8617886179519998e-06,,6.5040650407,3.2200000000000005e-07,1 ha worked,15_chara,2.0943089431054e-06,7.324878048904041e-05
D2_2022,D2,2022,tonne,Particulate matter,disease inc.,,1.6260162602,8.429999999999999e-07,1 ha worked,13_chara,1.3707317073485998e-06,,0.8130081301,5.39e-06,1 ha worked,16_chara,4.382113821239e-06,,2.4390243902,6.229999999999999e-07,1 ha worked,11_chara,1.5195121950946e-06,,0.8130081301,3.6599999999999997e-06,1 ha worked,12_chara,2.9756097561659996e-06,,0.8130081301,2.78e-06,1 ha worked,14_chara,2.260162601678e-06,,0.8130081301,1.42e-06,1 ha worked,17_chara,1.1544715447419998e-06,,6.5040650407,1.22e-07,1 ha worked,15_chara,7.934959349654e-07,1.44560975612336e-05
D2_2022,D2,2022,tonne,Photochemical ozone formation,kg NMVOC eq,,1.6260162602,0.305,1 ha worked,13_chara,0.49593495936099996,,0.8130081301,2.2,1 ha worked,16_chara,1.78861788622,,2.4390243902,0.249,1 ha worked,11_chara,0.6073170731598,,0.8130081301,1.33,1 ha worked,12_chara,1.081300813033,,0.8130081301,0.67,1 ha worked,14_chara,0.544715447167,,0.8130081301,0.107,1 ha worked,17_chara,0.08699186992069999,,6.5040650407,0.0194,1 ha worked,15_chara,0.12617886178958,4.7310569106510805
D2_2022,D2,2022,tonne,"Resource use, fossils",MJ,,1.6260162602,357.29999999999995,1 ha worked,13_chara,580.9756097694599,,0.8130081301,2174.67,1 ha worked,16_chara,1768.0243902845668,,2.4390243902,273.81,1 ha worked,11_chara,667.8292682806621,,0.8130081301,1630.72,1 ha worked,12_chara,1325.788617916672,,0.8130081301,863.0400000000001,1 ha worked,14_chara,701.658536601504,,0.8130081301,337.64000000000004,1 ha worked,17_chara,274.504065046964,,6.5040650407,23.53,1 ha worked,15_chara,153.040650407671,5471.8211383074995
D2_2022,D2,2022,tonne,"Resource use, minerals and metals",kg Sb eq,,1.6260162602,0.00031400000000000004,1 ha worked,13_chara,0.0005105691057028,,0.8130081301,0.0025800000000000003,1 ha worked,16_chara,0.002097560975658,,2.4390243902,0.000127,1 ha worked,11_chara,0.0003097560975554,,0.8130081301,0.000917,1 ha worked,12_chara,0.0007455284553017,,0.8130081301,0.00062,1 ha worked,14_chara,0.000504065040662,,0.8130081301,0.00037,1 ha worked,17_chara,0.00030081300813699995,,6.5040650407,2.91e-05,1 ha worked,15_chara,0.00018926829268437,0.0046575609757012705
D2_2022,D2,2022,tonne,Water use,m3 depriv.,,1.6260162602,2.11,1 ha worked,13_chara,3.4308943090219994,,0.8130081301,12.8,1 ha worked,16_chara,10.40650406528,,2.4390243902,0.8550000000000001,1 ha worked,11_chara,2.0853658536210005,,0.8130081301,7.94,1 ha worked,12_chara,6.455284552994,,0.8130081301,6.409999999999999,1 ha worked,14_chara,5.211382113940999,,0.8130081301,3.44,1 ha worked,17_chara,2.796747967544,,6.5040650407,0.235,1 ha worked,15_chara,1.5284552845644999,31.9146341469665
D2_2023,D2,2023,tonne,Acidification,mol H+ eq,,0.6198347107,0.253,1 ha worked,13_chara,0.1568181818071,,0.2066115702,1.7899999999999998,1 ha worked,16_chara,0.369834710658,,0.6198347107,0.20199999999999999,1 ha worked,11_chara,0.12520661156139998,,0.2066115702,1.1,1 ha worked,12_chara,0.22727272722000003,,0.2066115702,0.5670000000000001,1 ha worked,14_chara,0.11714876030340002,,0.0,0.116,1 ha worked,17_chara,0.0,,2.0661157025,0.0167,1 ha worked,15_chara,0.034504132231749994,1.03078512378165
D2_2023,D2,2023,tonne,Climate change,kg CO2 eq,,0.6198347107,26.88,1 ha worked,13_chara,16.661157023616,,0.2066115702,165.89,1 ha worked,16_chara,34.274793380478,,0.6198347107,20.45,1 ha worked,11_chara,12.675619833814999,,0.2066115702,124.18,1 ha worked,12_chara,25.657024787436004,,0.2066115702,69.64999999999999,1 ha worked,14_chara,14.39049586443,,0.0,28.27,1 ha worked,17_chara,0.0,,2.0661157025,1.93,1 ha worked,15_chara,3.9876033058249996,107.6466941956
D2_2023,D2,2023,tonne,Climate change - Biogenic,kg CO2 eq,,0.6198347107,0.0373,1 ha worked,13_chara,0.02311983470911,,0.2066115702,0.17600000000000002,1 ha worked,16_chara,0.036363636355200006,,0.6198347107,0.028499999999999998,1 ha worked,11_chara,0.017665289254949996,,0.2066115702,0.145,1 ha worked,12_chara,0.029958677678999998,,0.2066115702,0.0992,1 ha worked,14_chara,0.02049586776384,,0.0,0.0452,1 ha worked,17_chara,0.0,,2.0661157025,0.0211,1 ha worked,15_chara,0.04359504132275,0.17119834708485
D2_2023,D2,2023,tonne,Climate change - Fossil,kg CO2 eq,,0.6198347107,26.830000000000002,1 ha worked,13_chara,16.630165288081,,0.2066115702,165.57999999999998,1 ha worked,16_chara,34.210743793716,,0.6198347107,20.41,1 ha worked,11_chara,12.650826445386999,,0.2066115702,123.97,1 ha worked,12_chara,25.613636357694002,,0.2066115702,69.50999999999999,1 ha worked,14_chara,14.361570244602,,0.0,28.180000000000003,1 ha worked,17_chara,0.0,,2.0661157025,1.9100000000000001,1 ha worked,15_chara,3.946280991775,107.413223121255
D2_2023,D2,2023,tonne,Climate change - Land use and LU change,kg CO2 eq,,0.6198347107,0.0178,1 ha worked,13_chara,0.01103305785046,,0.2066115702,0.131,1 ha worked,16_chara,0.027066115696200002,,0.6198347107,0.00673,1 ha worked,11_chara,0.004171487603010999,,0.2066115702,0.05789999999999999,1 ha worked,12_chara,0.01196280991458,,0.2066115702,0.0494,1 ha worked,14_chara,0.01020661156788,,0.0,0.0434,1 ha worked,17_chara,0.0,,2.0661157025,0.00132,1 ha worked,15_chara,0.0027272727273,0.067167355359431
D2_2023,D2,2023,tonne,"Ecotoxicity, freshwater",CTUe,,0.6198347107,409.06,1 ha worked,13_chara,253.54958675894198,,0.2066115702,2729.37,1 ha worked,16_chara,563.919421356774,,0.6198347107,235.92,1 ha worked,11_chara,146.231404948344,,0.2066115702,1587.99,1 ha worked,12_chara,328.097107361898,,0.2066115702,1134.53,1 ha worked,14_chara,234.407024739006,,0.0,588.66,1 ha worked,17_chara,0.0,,2.0661157025,32.26,1 ha worked,15_chara,66.65289256265,1592.8574377276138
D2_2023,D2,2023,tonne,"Ecotoxicity, freshwater - inorganics",CTUe,,0.6198347107,66.27,1 ha worked,13_chara,41.076446278088994,,0.2066115702,419.04999999999995,1 ha worked,16_chara,86.58057849231,,0.6198347107,48.84,1 ha worked,11_chara,30.272727270588,,0.2066115702,268.34,1 ha worked,12_chara,55.442148747467996,,0.2066115702,140.05,1 ha worked,14_chara,28.935950406510003,,0.0,58.77,1 ha worked,17_chara,0.0,,2.0661157025,4.59,1 ha worked,15_chara,9.483471074474998,251.79132226944
D2_2023,D2,2023,tonne,"Ecotoxicity, freshwater - metals",CTUe,,0.6198347107,322.83,1 ha worked,13_chara,200.10123965528098,,0.2066115702,2187.8900000000003,1 ha worked,16_chara,452.0433883248781,,0.6198347107,170.45000000000002,1 ha worked,11_chara,105.650826438815,,0.2066115702,1234.5,1 ha worked,12_chara,255.0619834119,,0.2066115702,954.07,1 ha worked,14_chara,197.12190078071401,,0.0,515.3100000000001,1 ha worked,17_chara,0.0,,2.0661157025,26.36,1 ha worked,15_chara,54.462809917899996,1264.442148529488
D2_2023,D2,2023,tonne,"Ecotoxicity, freshwater - organics",CTUe,,0.6198347107,19.96,1 ha worked,13_chara,12.371900825572,,0.2066115702,122.43,1 ha worked,16_chara,25.295454539586004,,0.6198347107,16.64,1 ha worked,11_chara,10.314049586048,,0.2066115702,85.15,1 ha worked,12_chara,17.592975202530003,,0.2066115702,40.410000000000004,1 ha worked,14_chara,8.349173551782002,,0.0,14.58,1 ha worked,17_chara,0.0,,2.0661157025,1.31,1 ha worked,15_chara,2.7066115702749998,76.630165275793
D2_2023,D2,2023,tonne,"Eutrophication, freshwater",kg P eq,,0.6198347107,0.00346,1 ha worked,13_chara,0.002144628099022,,0.2066115702,0.0236,1 ha worked,16_chara,0.00487603305672,,0.6198347107,0.0014600000000000001,1 ha worked,11_chara,0.000904958677622,,0.2066115702,0.0129,1 ha worked,12_chara,0.0026652892555800002,,0.2066115702,0.0116,1 ha worked,14_chara,0.00239669421432,,0.0,0.00685,1 ha worked,17_chara,0.0,,2.0661157025,0.000272,1 ha worked,15_chara,0.0005619834710799999,0.013549586774344001
D2_2023,D2,2023,tonne,"Eutrophication, marine",kg N eq,,0.6198347107,0.1,1 ha worked,13_chara,0.06198347107,,0.2066115702,0.729,1 ha worked,16_chara,0.1506198346758,,0.6198347107,0.08460000000000001,1 ha worked,11_chara,0.05243801652522,,0.2066115702,0.444,1 ha worked,12_chara,0.09173553716880001,,0.2066115702,0.213,1 ha worked,14_chara,0.044008264452600004,,0.0,0.0206,1 ha worked,17_chara,0.0,,2.0661157025,0.0064600000000000005,1 ha worked,15_chara,0.01334710743815,0.41413223133057003
D2_2023,D2,2023,tonne,"Eutrophication, terrestrial",mol N eq,,0.6198347107,1.1,1 ha worked,13_chara,0.68181818177,,0.2066115702,7.97,1 ha worked,16_chara,1.646694214494,,0.6198347107,0.927,1 ha worked,11_chara,0.5745867768189,,0.2066115702,4.86,1 ha worked,12_chara,1.004132231172,,0.2066115702,2.33,1 ha worked,14_chara,0.481404958566,,0.0,0.21800000000000003,1 ha worked,17_chara,0.0,,2.0661157025,0.0704,1 ha worked,15_chara,0.145454545456,4.534090908276901
D2_2023,D2,2023,tonne,"Human toxicity, cancer",CTUh,,0.6198347107,1.96e-08,1 ha worked,13_chara,1.2148760329719999e-08,,0.2066115702,1.34e-07,1 ha worked,16_chara,2.76859504068e-08,,0.6198347107,1.13e-08,1 ha worked,11_chara,7.00413223091e-09,,0.2066115702,1.03e-07,1 ha worked,12_chara,2.12809917306e-08,,0.2066115702,1.14e-07,1 ha worked,14_chara,2.3553719002800003e-08,,0.0,5.54e-08,1 ha worked,17_chara,0.0,,2.0661157025,1.91e-09,1 ha worked,15_chara,3.9462809917749995e-09,9.5619834692605e-08
D2_2023,D2,2023,tonne,"Human toxicity, cancer - inorganics",CTUh,,0.6198347107,3.85e-17,1 ha worked,13_chara,2.3863636361949996e-17,,0.2066115702,2.22e-16,1 ha worked,16_chara,4.58677685844e-17,,0.6198347107,1.8099999999999998e-17,1 ha worked,11_chara,1.1219008263669998e-17,,0.2066115702,1.5199999999999998e-16,1 ha worked,12_chara,3.14049586704e-17,,0.2066115702,1.3300000000000002e-16,1 ha worked,14_chara,2.7479338836600004e-17,,0.0,7.46e-17,1 ha worked,17_chara,0.0,,2.0661157025,2.89e-18,1 ha worked,15_chara,5.971074380225e-18,1.4580578509724497e-16
D2_2023,D2,2023,tonne,"Human toxicity, cancer - metals",CTUh,,0.6198347107,1.23e-08,1 ha worked,13_chara,7.62396694161e-09,,0.2066115702,8.47e-08,1 ha worked,16_chara,1.749999999594e-08,,0.6198347107,7.91e-09,1 ha worked,11_chara,4.902892561636999e-09,,0.2066115702,6.970000000000001e-08,1 ha worked,12_chara,1.4400826442940003e-08,,0.2066115702,8.050000000000001e-08,1 ha worked,14_chara,1.6632231401100002e-08,,0.0,3.55e-08,1 ha worked,17_chara,0.0,,2.0661157025,1.23e-09,1 ha worked,15_chara,2.541322314075e-09,6.360123965730201e-08
D2_2023,D2,2023,tonne,"Human toxicity, cancer - organics",CTUh,,0.6198347107,7.2800000000000005e-09,1 ha worked,13_chara,4.512396693896e-09,,0.2066115702,4.98e-08,1 ha worked,16_chara,1.0289256195960001e-08,,0.6198347107,3.4000000000000003e-09,1 ha worked,11_chara,2.10743801638e-09,,0.2066115702,3.3e-08,1 ha worked,12_chara,6.8181818166e-09,,0.2066115702,3.34e-08,1 ha worked,14_chara,6.9008264446800005e-09,,0.0,2e-08,1 ha worked,17_chara,0.0,,2.0661157025,6.829999999999999e-10,1 ha worked,15_chara,1.4111570248074998e-09,3.2039256192323505e-08
D2_2023,D2,2023,tonne,"Human toxicity, non-cancer",CTUh,,0.6198347107,5.989999999999999e-07,1 ha worked,13_chara,3.712809917092999e-07,,0.2066115702,3.46e-06,1 ha worked,16_chara,7.14876032892e-07,,0.6198347107,8.92e-07,1 ha worked,11_chara,5.528925619444e-07,,0.2066115702,2e-06,1 ha worked,12_chara,4.132231404e-07,,0.2066115702,1.37e-06,1 ha worked,14_chara,2.8305785117400003e-07,,0.0,1.0700000000000001e-06,1 ha worked,17_chara,0.0,,2.0661157025,1.27e-07,1 ha worked,15_chara,2.623966942175e-07,2.5977272723372004e-06
D2_2023,D2,2023,tonne,"Human toxicity, non-cancer - inorganics",CTUh,,0.6198347107,1.6900000000000002e-07,1 ha worked,13_chara,1.047520661083e-07,,0.2066115702,1.12e-06,1 ha worked,16_chara,2.3140495862400002e-07,,0.6198347107,8.97e-08,1 ha worked,11_chara,5.559917354979e-08,,0.2066115702,8.100000000000001e-07,1 ha worked,12_chara,1.6735537186200002e-07,,0.2066115702,6.54e-07,1 ha worked,14_chara,1.3512396691080002e-07,,0.0,3.12e-07,1 ha worked,17_chara,0.0,,2.0661157025,1.02e-08,1 ha worked,15_chara,2.10743801655e-08,7.153099172203901e-07
D2_2023,D2,2023,tonne,"Human toxicity, non-cancer - metals",CTUh,,0.6198347107,4.1999999999999995e-07,1 ha worked,13_chara,2.6033057849399997e-07,,0.2066115702,2.26e-06,1 ha worked,16_chara,4.66942148652e-07,,0.6198347107,7.98e-07,1 ha worked,11_chara,4.946280991386e-07,,0.2066115702,1.16e-06,1 ha worked,12_chara,2.39669421432e-07,,0.2066115702,6.99e-07,1 ha worked,14_chara,1.444214875698e-07,,0.0,7.47e-07,1 ha worked,17_chara,0.0,,2.0661157025,1.16e-07,1 ha worked,15_chara,2.3966942149e-07,1.8456611567764e-06
D2_2023,D2,2023,tonne,"Human toxicity, non-cancer - organics",CTUh,,0.6198347107,1.16e-08,1 ha worked,13_chara,7.190082644119999e-09,,0.2066115702,8.660000000000001e-08,1 ha worked,16_chara,1.789256197932e-08,,0.6198347107,5.48e-09,1 ha worked,11_chara,3.3966942146359996e-09,,0.2066115702,3.8200000000000005e-08,1 ha worked,12_chara,7.892561981640001e-09,,0.2066115702,2.67e-08,1 ha worked,14_chara,5.516528924340001e-09,,0.0,1.5299999999999998e-08,1 ha worked,17_chara,0.0,,2.0661157025,1.08e-09,1 ha worked,15_chara,2.2314049586999998e-09,4.4119834702756e-08
D2_2023,D2,2023,tonne,Ionising radiation,kBq U-235 eq,,0.6198347107,1.72,1 ha worked,13_chara,1.066115702404,,0.2066115702,10.49,1 ha worked,16_chara,2.167355371398,,0.6198347107,1.27,1 ha worked,11_chara,0.7871900825889999,,0.2066115702,7.89,1 ha worked,12_chara,1.630165288878,,0.2066115702,4.319999999999999,1 ha worked,14_chara,0.8925619832639999,,0.0,1.75,1 ha worked,17_chara,0.0,,2.0661157025,0.115,1 ha worked,15_chara,0.2376033057875,6.780991734320501
D2_2023,D2,2023,tonne,Land use,Pt,,0.6198347107,145.23,1 ha worked,13_chara,90.01859503496098,,0.2066115702,800.14,1 ha worked,16_chara,165.318181779828,,0.6198347107,137.54,1 ha worked,11_chara,85.25206610967798,,0.2066115702,641.1899999999999,1 ha worked,12_chara,132.477272696538,,0.2066115702,418.1,1 ha worked,14_chara,86.38429750062001,,0.0,168.95000000000002,1 ha worked,17_chara,0.0,,2.0661157025,100.13,1 ha worked,15_chara,206.88016529132497,766.33057841295
D2_2023,D2,2023,tonne,Ozone depletion,kg CFC11 eq,,0.6198347107,4.960000000000001e-06,1 ha worked,13_chara,3.0743801650720004e-06,,0.2066115702,3.03e-05,1 ha worked,16_chara,6.260330577060001e-06,,0.6198347107,4.17e-06,1 ha worked,11_chara,2.584710743619e-06,,0.2066115702,2.13e-05,1 ha worked,12_chara,4.40082644526e-06,,0.2066115702,9.97e-06,1 ha worked,14_chara,2.059917354894e-06,,0.0,3.52e-06,1 ha worked,17_chara,0.0,,2.0661157025,3.2200000000000005e-07,1 ha worked,15_chara,6.652892562050001e-07,1.9045454542110004e-05
D2_2023,D2,2023,tonne,Particulate matter,disease inc.,,0.6198347107,8.429999999999999e-07,1 ha worked,13_chara,5.225206611200999e-07,,0.2066115702,5.39e-06,1 ha worked,16_chara,1.113636363378e-06,,0.6198347107,6.229999999999999e-07,1 ha worked,11_chara,3.861570247660999e-07,,0.2066115702,3.6599999999999997e-06,1 ha worked,12_chara,7.56198346932e-07,,0.2066115702,2.78e-06,1 ha worked,14_chara,5.743801651560001e-07,,0.0,1.42e-06,1 ha worked,17_chara,0.0,,2.0661157025,1.22e-07,1 ha worked,15_chara,2.52066115705e-07,3.6049586770572e-06
D2_2023,D2,2023,tonne,Photochemical ozone formation,kg NMVOC eq,,0.6198347107,0.305,1 ha worked,13_chara,0.18904958676349998,,0.2066115702,2.2,1 ha worked,16_chara,0.45454545444000005,,0.6198347107,0.249,1 ha worked,11_chara,0.15433884296429998,,0.2066115702,1.33,1 ha worked,12_chara,0.27479338836600004,,0.2066115702,0.67,1 ha worked,14_chara,0.13842975203400001,,0.0,0.107,1 ha worked,17_chara,0.0,,2.0661157025,0.0194,1 ha worked,15_chara,0.040082644628499996,1.2512396691963004
D2_2023,D2,2023,tonne,"Resource use, fossils",MJ,,0.6198347107,357.29999999999995,1 ha worked,13_chara,221.46694213310997,,0.2066115702,2174.67,1 ha worked,16_chara,449.31198336683406,,0.6198347107,273.81,1 ha worked,11_chara,169.716942136767,,0.2066115702,1630.72,1 ha worked,12_chara,336.92561975654405,,0.2066115702,863.0400000000001,1 ha worked,14_chara,178.31404954540804,,0.0,337.64000000000004,1 ha worked,17_chara,0.0,,2.0661157025,23.53,1 ha worked,15_chara,48.615702479824996,1404.3512394184881
D2_2023,D2,2023,tonne,"Resource use, minerals and metals",kg Sb eq,,0.6198347107,0.00031400000000000004,1 ha worked,13_chara,0.00019462809915980002,,0.2066115702,0.0025800000000000003,1 ha worked,16_chara,0.0005330578511160001,,0.6198347107,0.000127,1 ha worked,11_chara,7.87190082589e-05,,0.2066115702,0.000917,1 ha worked,12_chara,0.0001894628098734,,0.2066115702,0.00062,1 ha worked,14_chara,0.000128099173524,,0.0,0.00037,1 ha worked,17_chara,0.0,,2.0661157025,2.91e-05,1 ha worked,15_chara,6.012396694275e-05,0.0011840909088748502
D2_2023,D2,2023,tonne,Water use,m3 depriv.,,0.6198347107,2.11,1 ha worked,13_chara,1.307851239577,,0.2066115702,12.8,1 ha worked,16_chara,2.64462809856,,0.6198347107,0.8550000000000001,1 ha worked,11_chara,0.5299586776485,,0.2066115702,7.94,1 ha worked,12_chara,1.6404958673880001,,0.2066115702,6.409999999999999,1 ha worked,14_chara,1.324380164982,,0.0,3.44,1 ha worked,17_chara,0.0,,2.0661157025,0.235,1 ha worked,15_chara,0.48553719008749996,7.932851238243001
D2_2024,D2,2024,tonne,Acidification,mol H+ eq,,0.4431314623,0.253,1 ha worked,13_chara,0.1121122599619,,0.1477104874,1.7899999999999998,1 ha worked,16_chara,0.264401772446,,0.4431314623,0.20199999999999999,1 ha worked,11_chara,0.0895125553846,,0.1477104874,1.1,1 ha worked,12_chara,0.16248153614000002,,0.1477104874,0.5670000000000001,1 ha worked,14_chara,0.08375184635580002,,0.0,0.116,1 ha worked,17_chara,0.0,,1.329394387,0.0167,1 ha worked,15_chara,0.0222008862629,0.7344608565512
D2_2024,D2,2024,tonne,Climate change,kg CO2 eq,,0.4431314623,26.88,1 ha worked,13_chara,11.911373706624,,0.1477104874,165.89,1 ha worked,16_chara,24.503692754785998,,0.4431314623,20.45,1 ha worked,11_chara,9.062038404035,,0.1477104874,124.18,1 ha worked,12_chara,18.342688325332002,,0.1477104874,69.64999999999999,1 ha worked,14_chara,10.28803544741,,0.0,28.27,1 ha worked,17_chara,0.0,,1.329394387,1.93,1 ha worked,15_chara,2.56573116691,76.673559805097
D2_2024,D2,2024,tonne,Climate change - Biogenic,kg CO2 eq,,0.4431314623,0.0373,1 ha worked,13_chara,0.01652880354379,,0.1477104874,0.17600000000000002,1 ha worked,16_chara,0.025997045782400002,,0.4431314623,0.028499999999999998,1 ha worked,11_chara,0.012629246675549998,,0.1477104874,0.145,1 ha worked,12_chara,0.021418020673,,0.1477104874,0.0992,1 ha worked,14_chara,0.01465288035008,,0.0,0.0452,1 ha worked,17_chara,0.0,,1.329394387,0.0211,1 ha worked,15_chara,0.0280502215657,0.11927621859052
D2_2024,D2,2024,tonne,Climate change - Fossil,kg CO2 eq,,0.4431314623,26.830000000000002,1 ha worked,13_chara,11.889217133509002,,0.1477104874,165.57999999999998,1 ha worked,16_chara,24.457902503691997,,0.4431314623,20.41,1 ha worked,11_chara,9.044313145543,,0.1477104874,123.97,1 ha worked,12_chara,18.311669122978,,0.1477104874,69.50999999999999,1 ha worked,14_chara,10.267355979173999,,0.0,28.180000000000003,1 ha worked,17_chara,0.0,,1.329394387,1.9100000000000001,1 ha worked,15_chara,2.53914327917,76.509601164066
D2_2024,D2,2024,tonne,Climate change - Land use and LU change,kg CO2 eq,,0.4431314623,0.0178,1 ha worked,13_chara,0.00788774002894,,0.1477104874,0.131,1 ha worked,16_chara,0.0193500738494,,0.4431314623,0.00673,1 ha worked,11_chara,0.002982274741279,,0.1477104874,0.05789999999999999,1 ha worked,12_chara,0.008552437220459999,,0.1477104874,0.0494,1 ha worked,14_chara,0.0072968980775600005,,0.0,0.0434,1 ha worked,17_chara,0.0,,1.329394387,0.00132,1 ha worked,15_chara,0.00175480059084,0.04782422450847901
D2_2024,D2,2024,tonne,"Ecotoxicity, freshwater",CTUe,,0.4431314623,409.06,1 ha worked,13_chara,181.267355968438,,0.1477104874,2729.37,1 ha worked,16_chara,403.156572994938,,0.4431314623,235.92,1 ha worked,11_chara,104.54357458581599,,0.1477104874,1587.99,1 ha worked,12_chara,234.56277688632602,,0.1477104874,1134.53,1 ha worked,14_chara,167.58197926992202,,0.0,588.66,1 ha worked,17_chara,0.0,,1.329394387,32.26,1 ha worked,15_chara,42.88626292462,1133.99852263006
D2_2024,D2,2024,tonne,"Ecotoxicity, freshwater - inorganics",CTUe,,0.4431314623,66.27,1 ha worked,13_chara,29.366322006620997,,0.1477104874,419.04999999999995,1 ha worked,16_chara,61.89807974497,,0.4431314623,48.84,1 ha worked,11_chara,21.642540618732003,,0.1477104874,268.34,1 ha worked,12_chara,39.636632188915996,,0.1477104874,140.05,1 ha worked,14_chara,20.686853760370003,,0.0,58.77,1 ha worked,17_chara,0.0,,1.329394387,4.59,1 ha worked,15_chara,6.10192023633,179.332348555939
D2_2024,D2,2024,tonne,"Ecotoxicity, freshwater - metals",CTUe,,0.4431314623,322.83,1 ha worked,13_chara,143.056129974309,,0.1477104874,2187.8900000000003,1 ha worked,16_chara,323.17429827758605,,0.4431314623,170.45000000000002,1 ha worked,11_chara,75.53175774903501,,0.1477104874,1234.5,1 ha worked,12_chara,182.34859669530002,,0.1477104874,954.07,1 ha worked,14_chara,140.926144713718,,0.0,515.3100000000001,1 ha worked,17_chara,0.0,,1.329394387,26.36,1 ha worked,15_chara,35.04283604132,900.079763451268
D2_2024,D2,2024,tonne,"Ecotoxicity, freshwater - organics",CTUe,,0.4431314623,19.96,1 ha worked,13_chara,8.844903987508001,,0.1477104874,122.43,1 ha worked,16_chara,18.084194972382,,0.4431314623,16.64,1 ha worked,11_chara,7.373707532672,,0.1477104874,85.15,1 ha worked,12_chara,12.577548002110001,,0.1477104874,40.410000000000004,1 ha worked,14_chara,5.968980795834001,,0.0,14.58,1 ha worked,17_chara,0.0,,1.329394387,1.31,1 ha worked,15_chara,1.74150664697,54.590841937476
D2_2024,D2,2024,tonne,"Eutrophication, freshwater",kg P eq,,0.4431314623,0.00346,1 ha worked,13_chara,0.001533234859558,,0.1477104874,0.0236,1 ha worked,16_chara,0.00348596750264,,0.4431314623,0.0014600000000000001,1 ha worked,11_chara,0.0006469719349580001,,0.1477104874,0.0129,1 ha worked,12_chara,0.00190546528746,,0.1477104874,0.0116,1 ha worked,14_chara,0.00171344165384,,0.0,0.00685,1 ha worked,17_chara,0.0,,1.329394387,0.000272,1 ha worked,15_chara,0.000361595273264,0.009646676511719998
D2_2024,D2,2024,tonne,"Eutrophication, marine",kg N eq,,0.4431314623,0.1,1 ha worked,13_chara,0.04431314623,,0.1477104874,0.729,1 ha worked,16_chara,0.1076809453146,,0.4431314623,0.08460000000000001,1 ha worked,11_chara,0.037488921710580006,,0.1477104874,0.444,1 ha worked,12_chara,0.06558345640560001,,0.1477104874,0.213,1 ha worked,14_chara,0.0314623338162,,0.0,0.0206,1 ha worked,17_chara,0.0,,1.329394387,0.0064600000000000005,1 ha worked,15_chara,0.00858788774002,0.29511669121700007
D2_2024,D2,2024,tonne,"Eutrophication, terrestrial",mol N eq,,0.4431314623,1.1,1 ha worked,13_chara,0.48744460853000005,,0.1477104874,7.97,1 ha worked,16_chara,1.177252584578,,0.4431314623,0.927,1 ha worked,11_chara,0.41078286555210003,,0.1477104874,4.86,1 ha worked,12_chara,0.7178729687640001,,0.1477104874,2.33,1 ha worked,14_chara,0.34416543564200003,,0.0,0.21800000000000003,1 ha worked,17_chara,0.0,,1.329394387,0.0704,1 ha worked,15_chara,0.0935893648448,3.2311078279109
D2_2024,D2,2024,tonne,"Human toxicity, cancer",CTUh,,0.4431314623,1.96e-08,1 ha worked,13_chara,8.68537666108e-09,,0.1477104874,1.34e-07,1 ha worked,16_chara,1.9793205311600002e-08,,0.4431314623,1.13e-08,1 ha worked,11_chara,5.00738552399e-09,,0.1477104874,1.03e-07,1 ha worked,12_chara,1.52141802022e-08,,0.1477104874,1.14e-07,1 ha worked,14_chara,1.68389955636e-08,,0.0,5.54e-08,1 ha worked,17_chara,0.0,,1.329394387,1.91e-09,1 ha worked,15_chara,2.5391432791699996e-09,6.807828654164001e-08
D2_2024,D2,2024,tonne,"Human toxicity, cancer - inorganics",CTUh,,0.4431314623,3.85e-17,1 ha worked,13_chara,1.7060561298549998e-17,,0.1477104874,2.22e-16,1 ha worked,16_chara,3.2791728202800004e-17,,0.4431314623,1.8099999999999998e-17,1 ha worked,11_chara,8.02067946763e-18,,0.1477104874,1.5199999999999998e-16,1 ha worked,12_chara,2.24519940848e-17,,0.1477104874,1.3300000000000002e-16,1 ha worked,14_chara,1.9645494824200002e-17,,0.0,7.46e-17,1 ha worked,17_chara,0.0,,1.329394387,2.89e-18,1 ha worked,15_chara,3.84194977843e-18,1.0381240765640999e-16
D2_2024,D2,2024,tonne,"Human toxicity, cancer - metals",CTUh,,0.4431314623,1.23e-08,1 ha worked,13_chara,5.450516986289999e-09,,0.1477104874,8.47e-08,1 ha worked,16_chara,1.2511078282780001e-08,,0.4431314623,7.91e-09,1 ha worked,11_chara,3.505169866793e-09,,0.1477104874,6.970000000000001e-08,1 ha worked,12_chara,1.0295420971780001e-08,,0.1477104874,8.050000000000001e-08,1 ha worked,14_chara,1.1890694235700002e-08,,0.0,3.55e-08,1 ha worked,17_chara,0.0,,1.329394387,1.23e-09,1 ha worked,15_chara,1.63515509601e-09,4.528803543935301e-08
D2_2024,D2,2024,tonne,"Human toxicity, cancer - organics",CTUh,,0.4431314623,7.2800000000000005e-09,1 ha worked,13_chara,3.225997045544e-09,,0.1477104874,4.98e-08,1 ha worked,16_chara,7.35598227252e-09,,0.4431314623,3.4000000000000003e-09,1 ha worked,11_chara,1.5066469718200001e-09,,0.1477104874,3.3e-08,1 ha worked,12_chara,4.8744460842e-09,,0.1477104874,3.34e-08,1 ha worked,14_chara,4.933530279160001e-09,,0.0,2e-08,1 ha worked,17_chara,0.0,,1.329394387,6.829999999999999e-10,1 ha worked,15_chara,9.079763663209999e-10,2.2804579019564998e-08
D2_2024,D2,2024,tonne,"Human toxicity, non-cancer",CTUh,,0.4431314623,5.989999999999999e-07,1 ha worked,13_chara,2.6543574591769995e-07,,0.1477104874,3.46e-06,1 ha worked,16_chara,5.11078286404e-07,,0.4431314623,8.92e-07,1 ha worked,11_chara,3.952732643716e-07,,0.1477104874,2e-06,1 ha worked,12_chara,2.954209748e-07,,0.1477104874,1.37e-06,1 ha worked,14_chara,2.02363367738e-07,,0.0,1.0700000000000001e-06,1 ha worked,17_chara,0.0,,1.329394387,1.27e-07,1 ha worked,15_chara,1.6883308714900002e-07,1.8384047263803e-06
D2_2024,D2,2024,tonne,"Human toxicity, non-cancer - inorganics",CTUh,,0.4431314623,1.6900000000000002e-07,1 ha worked,13_chara,7.488921712870001e-08,,0.1477104874,1.12e-06,1 ha worked,16_chara,1.6543574588800001e-07,,0.4431314623,8.97e-08,1 ha worked,11_chara,3.974889216831e-08,,0.1477104874,8.100000000000001e-07,1 ha worked,12_chara,1.19645494794e-07,,0.1477104874,6.54e-07,1 ha worked,14_chara,9.660265875960001e-08,,0.0,3.12e-07,1 ha worked,17_chara,0.0,,1.329394387,1.02e-08,1 ha worked,15_chara,1.35598227474e-08,5.0988183148601e-07
D2_2024,D2,2024,tonne,"Human toxicity, non-cancer - metals",CTUh,,0.4431314623,4.1999999999999995e-07,1 ha worked,13_chara,1.8611521416599999e-07,,0.1477104874,2.26e-06,1 ha worked,16_chara,3.3382570152400003e-07,,0.4431314623,7.98e-07,1 ha worked,11_chara,3.536189069154e-07,,0.1477104874,1.16e-06,1 ha worked,12_chara,1.71344165384e-07,,0.1477104874,6.99e-07,1 ha worked,14_chara,1.032496306926e-07,,0.0,7.47e-07,1 ha worked,17_chara,0.0,,1.329394387,1.16e-07,1 ha worked,15_chara,1.54209748892e-07,1.302363367574e-06
D2_2024,D2,2024,tonne,"Human toxicity, non-cancer - organics",CTUh,,0.4431314623,1.16e-08,1 ha worked,13_chara,5.14032496268e-09,,0.1477104874,8.660000000000001e-08,1 ha worked,16_chara,1.2791728208840002e-08,,0.4431314623,5.48e-09,1 ha worked,11_chara,2.428360413404e-09,,0.1477104874,3.8200000000000005e-08,1 ha worked,12_chara,5.642540618680001e-09,,0.1477104874,2.67e-08,1 ha worked,14_chara,3.943870013580001e-09,,0.0,1.5299999999999998e-08,1 ha worked,17_chara,0.0,,1.329394387,1.08e-09,1 ha worked,15_chara,1.43574593796e-09,3.1382570155144e-08
D2_2024,D2,2024,tonne,Ionising radiation,kBq U-235 eq,,0.4431314623,1.72,1 ha worked,13_chara,0.762186115156,,0.1477104874,10.49,1 ha worked,16_chara,1.5494830128260002,,0.4431314623,1.27,1 ha worked,11_chara,0.562776957121,,0.1477104874,7.89,1 ha worked,12_chara,1.165435745586,,0.1477104874,4.319999999999999,1 ha worked,14_chara,0.6381093055679999,,0.0,1.75,1 ha worked,17_chara,0.0,,1.329394387,0.115,1 ha worked,15_chara,0.152880354505,4.830871490762
D2_2024,D2,2024,tonne,Land use,Pt,,0.4431314623,145.23,1 ha worked,13_chara,64.355982269829,,0.1477104874,800.14,1 ha worked,16_chara,118.189069388236,,0.4431314623,137.54,1 ha worked,11_chara,60.948301324742,,0.1477104874,641.1899999999999,1 ha worked,12_chara,94.71048741600599,,0.1477104874,418.1,1 ha worked,14_chara,61.75775478194001,,0.0,168.95000000000002,1 ha worked,17_chara,0.0,,1.329394387,100.13,1 ha worked,15_chara,133.11225997031,533.073855151063
D2_2024,D2,2024,tonne,Ozone depletion,kg CFC11 eq,,0.4431314623,4.960000000000001e-06,1 ha worked,13_chara,2.1979320530080005e-06,,0.1477104874,3.03e-05,1 ha worked,16_chara,4.475627768220001e-06,,0.4431314623,4.17e-06,1 ha worked,11_chara,1.847858197791e-06,,0.1477104874,2.13e-05,1 ha worked,12_chara,3.14623338162e-06,,0.1477104874,9.97e-06,1 ha worked,14_chara,1.472673559378e-06,,0.0,3.52e-06,1 ha worked,17_chara,0.0,,1.329394387,3.2200000000000005e-07,1 ha worked,15_chara,4.280649926140001e-07,1.3568389952631003e-05
D2_2024,D2,2024,tonne,Particulate matter,disease inc.,,0.4431314623,8.429999999999999e-07,1 ha worked,13_chara,3.7355982271889995e-07,,0.1477104874,5.39e-06,1 ha worked,16_chara,7.96159527086e-07,,0.4431314623,6.229999999999999e-07,1 ha worked,11_chara,2.7607090101289994e-07,,0.1477104874,3.6599999999999997e-06,1 ha worked,12_chara,5.40620383884e-07,,0.1477104874,2.78e-06,1 ha worked,14_chara,4.1063515497200003e-07,,0.0,1.42e-06,1 ha worked,17_chara,0.0,,1.329394387,1.22e-07,1 ha worked,15_chara,1.62186115214e-07,2.5592319048878e-06
D2_2024,D2,2024,tonne,Photochemical ozone formation,kg NMVOC eq,,0.4431314623,0.305,1 ha worked,13_chara,0.1351550960015,,0.1477104874,2.2,1 ha worked,16_chara,0.32496307228000004,,0.4431314623,0.249,1 ha worked,11_chara,0.1103397341127,,0.1477104874,1.33,1 ha worked,12_chara,0.19645494824200002,,0.1477104874,0.67,1 ha worked,14_chara,0.098966026558,,0.0,0.107,1 ha worked,17_chara,0.0,,1.329394387,0.0194,1 ha worked,15_chara,0.0257902511078,0.8916691283020001
D2_2024,D2,2024,tonne,"Resource use, fossils",MJ,,0.4431314623,357.29999999999995,1 ha worked,13_chara,158.33087147978998,,0.1477104874,2174.67,1 ha worked,16_chara,321.221565634158,,0.4431314623,273.81,1 ha worked,11_chara,121.333825692363,,0.1477104874,1630.72,1 ha worked,12_chara,240.87444601292802,,0.1477104874,863.0400000000001,1 ha worked,14_chara,127.48005904569602,,0.0,337.64000000000004,1 ha worked,17_chara,0.0,,1.329394387,23.53,1 ha worked,15_chara,31.28064992611,1000.5214177910451
D2_2024,D2,2024,tonne,"Resource use, minerals and metals",kg Sb eq,,0.4431314623,0.00031400000000000004,1 ha worked,13_chara,0.00013914327916220002,,0.1477104874,0.0025800000000000003,1 ha worked,16_chara,0.00038109305749200003,,0.4431314623,0.000127,1 ha worked,11_chara,5.62776957121e-05,,0.1477104874,0.000917,1 ha worked,12_chara,0.0001354505169458,,0.1477104874,0.00062,1 ha worked,14_chara,9.1580502188e-05,,0.0,0.00037,1 ha worked,17_chara,0.0,,1.329394387,2.91e-05,1 ha worked,15_chara,3.86853766617e-05,0.0008422304281618001
D2_2024,D2,2024,tonne,Water use,m3 depriv.,,0.4431314623,2.11,1 ha worked,13_chara,0.935007385453,,0.1477104874,12.8,1 ha worked,16_chara,1.89069423872,,0.4431314623,0.8550000000000001,1 ha worked,11_chara,0.3788774002665,,0.1477104874,7.94,1 ha worked,12_chara,1.1728212699560001,,0.1477104874,6.409999999999999,1 ha worked,14_chara,0.9468242242339999,,0.0,3.44,1 ha worked,17_chara,0.0,,1.329394387,0.235,1 ha worked,15_chara,0.312407680945,5.6366321995745
NT1_2023,NT1,2023,tonne,Acidification,mol H+ eq,,0.3081664099,0.253,1 ha worked,13_chara,0.0779661017047,,0.1540832049,1.7899999999999998,1 ha worked,16_chara,0.27580893677099994,,0.0,0.20199999999999999,1 ha worked,11_chara,0.0,,0.0,1.1,1 ha worked,12_chara,0.0,,0.0,0.5670000000000001,1 ha worked,14_chara,0.0,,0.1540832049,0.116,1 ha worked,17_chara,0.0178736517684,,0.4622496148,0.0167,1 ha worked,15_chara,0.00771956856716,0.3793682588112599
NT1_2023,NT1,2023,tonne,Climate change,kg CO2 eq,,0.3081664099,26.88,1 ha worked,13_chara,8.283513098112,,0.1540832049,165.89,1 ha worked,16_chara,25.560862860860997,,0.0,20.45,1 ha worked,11_chara,0.0,,0.0,124.18,1 ha worked,12_chara,0.0,,0.0,69.64999999999999,1 ha worked,14_chara,0.0,,0.1540832049,28.27,1 ha worked,17_chara,4.355932202522999,,0.4622496148,1.93,1 ha worked,15_chara,0.892141756564,39.09244991806
NT1_2023,NT1,2023,tonne,Climate change - Biogenic,kg CO2 eq,,0.3081664099,0.0373,1 ha worked,13_chara,0.01149460708927,,0.1540832049,0.17600000000000002,1 ha worked,16_chara,0.027118644062400003,,0.0,0.028499999999999998,1 ha worked,11_chara,0.0,,0.0,0.145,1 ha worked,12_chara,0.0,,0.0,0.0992,1 ha worked,14_chara,0.0,,0.1540832049,0.0452,1 ha worked,17_chara,0.006964560861479999,,0.4622496148,0.0211,1 ha worked,15_chara,0.00975346687228,0.055331278885430005
NT1_2023,NT1,2023,tonne,Climate change - Fossil,kg CO2 eq,,0.3081664099,26.830000000000002,1 ha worked,13_chara,8.268104777617001,,0.1540832049,165.57999999999998,1 ha worked,16_chara,25.513097067341995,,0.0,20.41,1 ha worked,11_chara,0.0,,0.0,123.97,1 ha worked,12_chara,0.0,,0.0,69.50999999999999,1 ha worked,14_chara,0.0,,0.1540832049,28.180000000000003,1 ha worked,17_chara,4.342064714082,,0.4622496148,1.9100000000000001,1 ha worked,15_chara,0.882896764268,39.006163323308996
NT1_2023,NT1,2023,tonne,Climate change - Land use and LU change,kg CO2 eq,,0.3081664099,0.0178,1 ha worked,13_chara,0.0054853620962199996,,0.1540832049,0.131,1 ha worked,16_chara,0.0201848998419,,0.0,0.00673,1 ha worked,11_chara,0.0,,0.0,0.05789999999999999,1 ha worked,12_chara,0.0,,0.0,0.0494,1 ha worked,14_chara,0.0,,0.1540832049,0.0434,1 ha worked,17_chara,0.00668721109266,,0.4622496148,0.00132,1 ha worked,15_chara,0.000610169491536,0.032967642522316
NT1_2023,NT1,2023,tonne,"Ecotoxicity, freshwater",CTUe,,0.3081664099,409.06,1 ha worked,13_chara,126.058551633694,,0.1540832049,2729.37,1 ha worked,16_chara,420.55007695791295,,0.0,235.92,1 ha worked,11_chara,0.0,,0.0,1587.99,1 ha worked,12_chara,0.0,,0.0,1134.53,1 ha worked,14_chara,0.0,,0.1540832049,588.66,1 ha worked,17_chara,90.70261939643399,,0.4622496148,32.26,1 ha worked,15_chara,14.912172573447998,652.2234205614889
NT1_2023,NT1,2023,tonne,"Ecotoxicity, freshwater - inorganics",CTUe,,0.3081664099,66.27,1 ha worked,13_chara,20.422187984073,,0.1540832049,419.04999999999995,1 ha worked,16_chara,64.56856701334499,,0.0,48.84,1 ha worked,11_chara,0.0,,0.0,268.34,1 ha worked,12_chara,0.0,,0.0,140.05,1 ha worked,14_chara,0.0,,0.1540832049,58.77,1 ha worked,17_chara,9.055469951973,,0.4622496148,4.59,1 ha worked,15_chara,2.121725731932,96.16795068132298
NT1_2023,NT1,2023,tonne,"Ecotoxicity, freshwater - metals",CTUe,,0.3081664099,322.83,1 ha worked,13_chara,99.485362108017,,0.1540832049,2187.8900000000003,1 ha worked,16_chara,337.11710316866106,,0.0,170.45000000000002,1 ha worked,11_chara,0.0,,0.0,1234.5,1 ha worked,12_chara,0.0,,0.0,954.07,1 ha worked,14_chara,0.0,,0.1540832049,515.3100000000001,1 ha worked,17_chara,79.400616317019,,0.4622496148,26.36,1 ha worked,15_chara,12.184899846128,528.1879814398251
NT1_2023,NT1,2023,tonne,"Ecotoxicity, freshwater - organics",CTUe,,0.3081664099,19.96,1 ha worked,13_chara,6.151001541604,,0.1540832049,122.43,1 ha worked,16_chara,18.864406775907,,0.0,16.64,1 ha worked,11_chara,0.0,,0.0,85.15,1 ha worked,12_chara,0.0,,0.0,40.410000000000004,1 ha worked,14_chara,0.0,,0.1540832049,14.58,1 ha worked,17_chara,2.246533127442,,0.4622496148,1.31,1 ha worked,15_chara,0.605546995388,27.867488440341
NT1_2023,NT1,2023,tonne,"Eutrophication, freshwater",kg P eq,,0.3081664099,0.00346,1 ha worked,13_chara,0.001066255778254,,0.1540832049,0.0236,1 ha worked,16_chara,0.00363636363564,,0.0,0.0014600000000000001,1 ha worked,11_chara,0.0,,0.0,0.0129,1 ha worked,12_chara,0.0,,0.0,0.0116,1 ha worked,14_chara,0.0,,0.1540832049,0.00685,1 ha worked,17_chara,0.001055469953565,,0.4622496148,0.000272,1 ha worked,15_chara,0.0001257318952256,0.0058838212626846
NT1_2023,NT1,2023,tonne,"Eutrophication, marine",kg N eq,,0.3081664099,0.1,1 ha worked,13_chara,0.03081664099,,0.1540832049,0.729,1 ha worked,16_chara,0.11232665637209999,,0.0,0.08460000000000001,1 ha worked,11_chara,0.0,,0.0,0.444,1 ha worked,12_chara,0.0,,0.0,0.213,1 ha worked,14_chara,0.0,,0.1540832049,0.0206,1 ha worked,17_chara,0.0031741140209399997,,0.4622496148,0.0064600000000000005,1 ha worked,15_chara,0.002986132511608,0.149303543894648
NT1_2023,NT1,2023,tonne,"Eutrophication, terrestrial",mol N eq,,0.3081664099,1.1,1 ha worked,13_chara,0.33898305089,,0.1540832049,7.97,1 ha worked,16_chara,1.2280431430529999,,0.0,0.927,1 ha worked,11_chara,0.0,,0.0,4.86,1 ha worked,12_chara,0.0,,0.0,2.33,1 ha worked,14_chara,0.0,,0.1540832049,0.21800000000000003,1 ha worked,17_chara,0.0335901386682,,0.4622496148,0.0704,1 ha worked,15_chara,0.03254237288192,1.63315870549312
NT1_2023,NT1,2023,tonne,"Human toxicity, cancer",CTUh,,0.3081664099,1.96e-08,1 ha worked,13_chara,6.04006163404e-09,,0.1540832049,1.34e-07,1 ha worked,16_chara,2.06471494566e-08,,0.0,1.13e-08,1 ha worked,11_chara,0.0,,0.0,1.03e-07,1 ha worked,12_chara,0.0,,0.0,1.14e-07,1 ha worked,14_chara,0.0,,0.1540832049,5.54e-08,1 ha worked,17_chara,8.53620955146e-09,,0.4622496148,1.91e-09,1 ha worked,15_chara,8.828967642679998e-10,3.6106317406368e-08
NT1_2023,NT1,2023,tonne,"Human toxicity, cancer - inorganics",CTUh,,0.3081664099,3.85e-17,1 ha worked,13_chara,1.186440678115e-17,,0.1540832049,2.22e-16,1 ha worked,16_chara,3.42064714878e-17,,0.0,1.8099999999999998e-17,1 ha worked,11_chara,0.0,,0.0,1.5199999999999998e-16,1 ha worked,12_chara,0.0,,0.0,1.3300000000000002e-16,1 ha worked,14_chara,0.0,,0.1540832049,7.46e-17,1 ha worked,17_chara,1.1494607085539998e-17,,0.4622496148,2.89e-18,1 ha worked,15_chara,1.335901386772e-18,5.8901386741262e-17
NT1_2023,NT1,2023,tonne,"Human toxicity, cancer - metals",CTUh,,0.3081664099,1.23e-08,1 ha worked,13_chara,3.79044684177e-09,,0.1540832049,8.47e-08,1 ha worked,16_chara,1.3050847455029998e-08,,0.0,7.91e-09,1 ha worked,11_chara,0.0,,0.0,6.970000000000001e-08,1 ha worked,12_chara,0.0,,0.0,8.050000000000001e-08,1 ha worked,14_chara,0.0,,0.1540832049,3.55e-08,1 ha worked,17_chara,5.46995377395e-09,,0.4622496148,1.23e-09,1 ha worked,15_chara,5.685670262040001e-10,2.2879815096954003e-08
NT1_2023,NT1,2023,tonne,"Human toxicity, cancer - organics",CTUh,,0.3081664099,7.2800000000000005e-09,1 ha worked,13_chara,2.243451464072e-09,,0.1540832049,4.98e-08,1 ha worked,16_chara,7.67334360402e-09,,0.0,3.4000000000000003e-09,1 ha worked,11_chara,0.0,,0.0,3.3e-08,1 ha worked,12_chara,0.0,,0.0,3.34e-08,1 ha worked,14_chara,0.0,,0.1540832049,2e-08,1 ha worked,17_chara,3.081664098e-09,,0.4622496148,6.829999999999999e-10,1 ha worked,15_chara,3.1571648690839995e-10,1.3314175653000399e-08
NT1_2023,NT1,2023,tonne,"Human toxicity, non-cancer",CTUh,,0.3081664099,5.989999999999999e-07,1 ha worked,13_chara,1.8459167953009997e-07,,0.1540832049,3.46e-06,1 ha worked,16_chara,5.331278889539999e-07,,0.0,8.92e-07,1 ha worked,11_chara,0.0,,0.0,2e-06,1 ha worked,12_chara,0.0,,0.0,1.37e-06,1 ha worked,14_chara,0.0,,0.1540832049,1.0700000000000001e-06,1 ha worked,17_chara,1.64869029243e-07,,0.4622496148,1.27e-07,1 ha worked,15_chara,5.8705701079600004e-08,9.412942988066999e-07
NT1_2023,NT1,2023,tonne,"Human toxicity, non-cancer - inorganics",CTUh,,0.3081664099,1.6900000000000002e-07,1 ha worked,13_chara,5.20801232731e-08,,0.1540832049,1.12e-06,1 ha worked,16_chara,1.72573189488e-07,,0.0,8.97e-08,1 ha worked,11_chara,0.0,,0.0,8.100000000000001e-07,1 ha worked,12_chara,0.0,,0.0,6.54e-07,1 ha worked,14_chara,0.0,,0.1540832049,3.12e-07,1 ha worked,17_chara,4.8073959928799997e-08,,0.4622496148,1.02e-08,1 ha worked,15_chara,4.71494607096e-09,2.7744221876086e-07
NT1_2023,NT1,2023,tonne,"Human toxicity, non-cancer - metals",CTUh,,0.3081664099,4.1999999999999995e-07,1 ha worked,13_chara,1.29429892158e-07,,0.1540832049,2.26e-06,1 ha worked,16_chara,3.4822804307399996e-07,,0.0,7.98e-07,1 ha worked,11_chara,0.0,,0.0,1.16e-06,1 ha worked,12_chara,0.0,,0.0,6.99e-07,1 ha worked,14_chara,0.0,,0.1540832049,7.47e-07,1 ha worked,17_chara,1.1510015406029999e-07,,0.4622496148,1.16e-07,1 ha worked,15_chara,5.36209553168e-08,6.463790446090999e-07
NT1_2023,NT1,2023,tonne,"Human toxicity, non-cancer - organics",CTUh,,0.3081664099,1.16e-08,1 ha worked,13_chara,3.57473035484e-09,,0.1540832049,8.660000000000001e-08,1 ha worked,16_chara,1.3343605544340001e-08,,0.0,5.48e-09,1 ha worked,11_chara,0.0,,0.0,3.8200000000000005e-08,1 ha worked,12_chara,0.0,,0.0,2.67e-08,1 ha worked,14_chara,0.0,,0.1540832049,1.5299999999999998e-08,1 ha worked,17_chara,2.3574730349699995e-09,,0.4622496148,1.08e-09,1 ha worked,15_chara,4.99229583984e-10,1.9775038518134e-08
NT1_2023,NT1,2023,tonne,Ionising radiation,kBq U-235 eq,,0.3081664099,1.72,1 ha worked,13_chara,0.530046225028,,0.1540832049,10.49,1 ha worked,16_chara,1.616332819401,,0.0,1.27,1 ha worked,11_chara,0.0,,0.0,7.89,1 ha worked,12_chara,0.0,,0.0,4.319999999999999,1 ha worked,14_chara,0.0,,0.1540832049,1.75,1 ha worked,17_chara,0.269645608575,,0.4622496148,0.115,1 ha worked,15_chara,0.053158705702,2.469183358706
NT1_2023,NT1,2023,tonne,Land use,Pt,,0.3081664099,145.23,1 ha worked,13_chara,44.755007709777,,0.1540832049,800.14,1 ha worked,16_chara,123.28813556868599,,0.0,137.54,1 ha worked,11_chara,0.0,,0.0,641.1899999999999,1 ha worked,12_chara,0.0,,0.0,418.1,1 ha worked,14_chara,0.0,,0.1540832049,168.95000000000002,1 ha worked,17_chara,26.032357467855,,0.4622496148,100.13,1 ha worked,15_chara,46.285053929924,240.360554676242
NT1_2023,NT1,2023,tonne,Ozone depletion,kg CFC11 eq,,0.3081664099,4.960000000000001e-06,1 ha worked,13_chara,1.5285053931040002e-06,,0.1540832049,3.03e-05,1 ha worked,16_chara,4.66872110847e-06,,0.0,4.17e-06,1 ha worked,11_chara,0.0,,0.0,2.13e-05,1 ha worked,12_chara,0.0,,0.0,9.97e-06,1 ha worked,14_chara,0.0,,0.1540832049,3.52e-06,1 ha worked,17_chara,5.42372881248e-07,,0.4622496148,3.2200000000000005e-07,1 ha worked,15_chara,1.4884437596560003e-07,6.8884437587876e-06
NT1_2023,NT1,2023,tonne,Particulate matter,disease inc.,,0.3081664099,8.429999999999999e-07,1 ha worked,13_chara,2.5978428354569996e-07,,0.1540832049,5.39e-06,1 ha worked,16_chara,8.305084744109999e-07,,0.0,6.229999999999999e-07,1 ha worked,11_chara,0.0,,0.0,3.6599999999999997e-06,1 ha worked,12_chara,0.0,,0.0,2.78e-06,1 ha worked,14_chara,0.0,,0.1540832049,1.42e-06,1 ha worked,17_chara,2.18798150958e-07,,0.4622496148,1.22e-07,1 ha worked,15_chara,5.6394453005600004e-08,1.3654853619202999e-06
NT1_2023,NT1,2023,tonne,Photochemical ozone formation,kg NMVOC eq,,0.3081664099,0.305,1 ha worked,13_chara,0.0939907550195,,0.1540832049,2.2,1 ha worked,16_chara,0.33898305078,,0.0,0.249,1 ha worked,11_chara,0.0,,0.0,1.33,1 ha worked,12_chara,0.0,,0.0,0.67,1 ha worked,14_chara,0.0,,0.1540832049,0.107,1 ha worked,17_chara,0.0164869029243,,0.4622496148,0.0194,1 ha worked,15_chara,0.00896764252712,0.45842835125092
NT1_2023,NT1,2023,tonne,"Resource use, fossils",MJ,,0.3081664099,357.29999999999995,1 ha worked,13_chara,110.10785825726998,,0.1540832049,2174.67,1 ha worked,16_chara,335.080123199883,,0.0,273.81,1 ha worked,11_chara,0.0,,0.0,1630.72,1 ha worked,12_chara,0.0,,0.0,863.0400000000001,1 ha worked,14_chara,0.0,,0.1540832049,337.64000000000004,1 ha worked,17_chara,52.02465330243601,,0.4622496148,23.53,1 ha worked,15_chara,10.876733436244,508.08936819583306
NT1_2023,NT1,2023,tonne,"Resource use, minerals and metals",kg Sb eq,,0.3081664099,0.00031400000000000004,1 ha worked,13_chara,9.676425270860001e-05,,0.1540832049,0.0025800000000000003,1 ha worked,16_chara,0.000397534668642,,0.0,0.000127,1 ha worked,11_chara,0.0,,0.0,0.000917,1 ha worked,12_chara,0.0,,0.0,0.00062,1 ha worked,14_chara,0.0,,0.1540832049,0.00037,1 ha worked,17_chara,5.7010785812999996e-05,,0.4622496148,2.91e-05,1 ha worked,15_chara,1.345146379068e-05,0.0005647611709542799
NT1_2023,NT1,2023,tonne,Water use,m3 depriv.,,0.3081664099,2.11,1 ha worked,13_chara,0.6502311248889999,,0.1540832049,12.8,1 ha worked,16_chara,1.97226502272,,0.0,0.8550000000000001,1 ha worked,11_chara,0.0,,0.0,7.94,1 ha worked,12_chara,0.0,,0.0,6.409999999999999,1 ha worked,14_chara,0.0,,0.1540832049,3.44,1 ha worked,17_chara,0.530046224856,,0.4622496148,0.235,1 ha worked,15_chara,0.10862865947799999,3.2611710319430003
NT1_2024,NT1,2024,tonne,Acidification,mol H+ eq,,0.2812939522,0.253,1 ha worked,13_chara,0.0711673699066,,0.1406469761,1.7899999999999998,1 ha worked,16_chara,0.25175808721899995,,0.0,0.20199999999999999,1 ha worked,11_chara,0.0,,0.0,1.1,1 ha worked,12_chara,0.0,,0.0,0.5670000000000001,1 ha worked,14_chara,0.0,,0.1406469761,0.116,1 ha worked,17_chara,0.0163150492276,,0.7032348805,0.0167,1 ha worked,15_chara,0.01174402250435,0.35098452885755
NT1_2024,NT1,2024,tonne,Climate change,kg CO2 eq,,0.2812939522,26.88,1 ha worked,13_chara,7.561181435135999,,0.1406469761,165.89,1 ha worked,16_chara,23.331926865228997,,0.0,20.45,1 ha worked,11_chara,0.0,,0.0,124.18,1 ha worked,12_chara,0.0,,0.0,69.64999999999999,1 ha worked,14_chara,0.0,,0.1406469761,28.27,1 ha worked,17_chara,3.9760900143469997,,0.7032348805,1.93,1 ha worked,15_chara,1.357243319365,36.22644163407699
NT1_2024,NT1,2024,tonne,Climate change - Biogenic,kg CO2 eq,,0.2812939522,0.0373,1 ha worked,13_chara,0.010492264417059999,,0.1406469761,0.17600000000000002,1 ha worked,16_chara,0.0247538677936,,0.0,0.028499999999999998,1 ha worked,11_chara,0.0,,0.0,0.145,1 ha worked,12_chara,0.0,,0.0,0.0992,1 ha worked,14_chara,0.0,,0.1406469761,0.0452,1 ha worked,17_chara,0.006357243319719999,,0.7032348805,0.0211,1 ha worked,15_chara,0.014838255978550001,0.05644163150893
NT1_2024,NT1,2024,tonne,Climate change - Fossil,kg CO2 eq,,0.2812939522,26.830000000000002,1 ha worked,13_chara,7.547116737526,,0.1406469761,165.57999999999998,1 ha worked,16_chara,23.288326302637994,,0.0,20.41,1 ha worked,11_chara,0.0,,0.0,123.97,1 ha worked,12_chara,0.0,,0.0,69.50999999999999,1 ha worked,14_chara,0.0,,0.1406469761,28.180000000000003,1 ha worked,17_chara,3.963431786498,,0.7032348805,1.9100000000000001,1 ha worked,15_chara,1.3431786217550001,36.142053448416995
NT1_2024,NT1,2024,tonne,Climate change - Land use and LU change,kg CO2 eq,,0.2812939522,0.0178,1 ha worked,13_chara,0.005007032349159999,,0.1406469761,0.131,1 ha worked,16_chara,0.0184247538691,,0.0,0.00673,1 ha worked,11_chara,0.0,,0.0,0.05789999999999999,1 ha worked,12_chara,0.0,,0.0,0.0494,1 ha worked,14_chara,0.0,,0.1406469761,0.0434,1 ha worked,17_chara,0.006104078762739999,,0.7032348805,0.00132,1 ha worked,15_chara,0.0009282700422600001,0.030464135023259994
NT1_2024,NT1,2024,tonne,"Ecotoxicity, freshwater",CTUe,,0.2812939522,409.06,1 ha worked,13_chara,115.06610408693199,,0.1406469761,2729.37,1 ha worked,16_chara,383.8776371580569,,0.0,235.92,1 ha worked,11_chara,0.0,,0.0,1587.99,1 ha worked,12_chara,0.0,,0.0,1134.53,1 ha worked,14_chara,0.0,,0.1406469761,588.66,1 ha worked,17_chara,82.79324895102599,,0.7032348805,32.26,1 ha worked,15_chara,22.68635724493,604.4233474409449
NT1_2024,NT1,2024,tonne,"Ecotoxicity, freshwater - inorganics",CTUe,,0.2812939522,66.27,1 ha worked,13_chara,18.641350212293997,,0.1406469761,419.04999999999995,1 ha worked,16_chara,58.93811533470499,,0.0,48.84,1 ha worked,11_chara,0.0,,0.0,268.34,1 ha worked,12_chara,0.0,,0.0,140.05,1 ha worked,14_chara,0.0,,0.1406469761,58.77,1 ha worked,17_chara,8.265822785396999,,0.7032348805,4.59,1 ha worked,15_chara,3.2278481014950002,89.073136433891
NT1_2024,NT1,2024,tonne,"Ecotoxicity, freshwater - metals",CTUe,,0.2812939522,322.83,1 ha worked,13_chara,90.81012658872599,,0.1406469761,2187.8900000000003,1 ha worked,16_chara,307.720112539429,,0.0,170.45000000000002,1 ha worked,11_chara,0.0,,0.0,1234.5,1 ha worked,12_chara,0.0,,0.0,954.07,1 ha worked,14_chara,0.0,,0.1406469761,515.3100000000001,1 ha worked,17_chara,72.476793254091,,0.7032348805,26.36,1 ha worked,15_chara,18.53727144998,489.54430383222603
NT1_2024,NT1,2024,tonne,"Ecotoxicity, freshwater - organics",CTUe,,0.2812939522,19.96,1 ha worked,13_chara,5.614627285911999,,0.1406469761,122.43,1 ha worked,16_chara,17.219409283923,,0.0,16.64,1 ha worked,11_chara,0.0,,0.0,85.15,1 ha worked,12_chara,0.0,,0.0,40.410000000000004,1 ha worked,14_chara,0.0,,0.1406469761,14.58,1 ha worked,17_chara,2.050632911538,,0.7032348805,1.31,1 ha worked,15_chara,0.9212376934550001,25.805907174828
NT1_2024,NT1,2024,tonne,"Eutrophication, freshwater",kg P eq,,0.2812939522,0.00346,1 ha worked,13_chara,0.0009732770746119999,,0.1406469761,0.0236,1 ha worked,16_chara,0.0033192686359599997,,0.0,0.0014600000000000001,1 ha worked,11_chara,0.0,,0.0,0.0129,1 ha worked,12_chara,0.0,,0.0,0.0116,1 ha worked,14_chara,0.0,,0.1406469761,0.00685,1 ha worked,17_chara,0.0009634317862849999,,0.7032348805,0.000272,1 ha worked,15_chara,0.000191279887496,0.005447257384353
NT1_2024,NT1,2024,tonne,"Eutrophication, marine",kg N eq,,0.2812939522,0.1,1 ha worked,13_chara,0.02812939522,,0.1406469761,0.729,1 ha worked,16_chara,0.10253164557689999,,0.0,0.08460000000000001,1 ha worked,11_chara,0.0,,0.0,0.444,1 ha worked,12_chara,0.0,,0.0,0.213,1 ha worked,14_chara,0.0,,0.1406469761,0.0206,1 ha worked,17_chara,0.00289732770766,,0.7032348805,0.0064600000000000005,1 ha worked,15_chara,0.0045428973280300005,0.13810126583259
NT1_2024,NT1,2024,tonne,"Eutrophication, terrestrial",mol N eq,,0.2812939522,1.1,1 ha worked,13_chara,0.30942334742,,0.1406469761,7.97,1 ha worked,16_chara,1.1209563995169998,,0.0,0.927,1 ha worked,11_chara,0.0,,0.0,4.86,1 ha worked,12_chara,0.0,,0.0,2.33,1 ha worked,14_chara,0.0,,0.1406469761,0.21800000000000003,1 ha worked,17_chara,0.0306610407898,,0.7032348805,0.0704,1 ha worked,15_chara,0.04950773558720001,1.5105485233139997
NT1_2024,NT1,2024,tonne,"Human toxicity, cancer",CTUh,,0.2812939522,1.96e-08,1 ha worked,13_chara,5.51336146312e-09,,0.1406469761,1.34e-07,1 ha worked,16_chara,1.8846694797399998e-08,,0.0,1.13e-08,1 ha worked,11_chara,0.0,,0.0,1.03e-07,1 ha worked,12_chara,0.0,,0.0,1.14e-07,1 ha worked,14_chara,0.0,,0.1406469761,5.54e-08,1 ha worked,17_chara,7.79184247594e-09,,0.7032348805,1.91e-09,1 ha worked,15_chara,1.343178621755e-09,3.3495077358214996e-08
NT1_2024,NT1,2024,tonne,"Human toxicity, cancer - inorganics",CTUh,,0.2812939522,3.85e-17,1 ha worked,13_chara,1.0829817159699999e-17,,0.1406469761,2.22e-16,1 ha worked,16_chara,3.1223628694199997e-17,,0.0,1.8099999999999998e-17,1 ha worked,11_chara,0.0,,0.0,1.5199999999999998e-16,1 ha worked,12_chara,0.0,,0.0,1.3300000000000002e-16,1 ha worked,14_chara,0.0,,0.1406469761,7.46e-17,1 ha worked,17_chara,1.0492264417059998e-17,,0.7032348805,2.89e-18,1 ha worked,15_chara,2.032348804645e-18,5.457805907560499e-17
NT1_2024,NT1,2024,tonne,"Human toxicity, cancer - metals",CTUh,,0.2812939522,1.23e-08,1 ha worked,13_chara,3.4599156120599993e-09,,0.1406469761,8.47e-08,1 ha worked,16_chara,1.1912798875669999e-08,,0.0,7.91e-09,1 ha worked,11_chara,0.0,,0.0,6.970000000000001e-08,1 ha worked,12_chara,0.0,,0.0,8.050000000000001e-08,1 ha worked,14_chara,0.0,,0.1406469761,3.55e-08,1 ha worked,17_chara,4.992967651549999e-09,,0.7032348805,1.23e-09,1 ha worked,15_chara,8.649789030150001e-10,2.1230661042294997e-08
NT1_2024,NT1,2024,tonne,"Human toxicity, cancer - organics",CTUh,,0.2812939522,7.2800000000000005e-09,1 ha worked,13_chara,2.0478199720159998e-09,,0.1406469761,4.98e-08,1 ha worked,16_chara,7.0042194097799994e-09,,0.0,3.4000000000000003e-09,1 ha worked,11_chara,0.0,,0.0,3.3e-08,1 ha worked,12_chara,0.0,,0.0,3.34e-08,1 ha worked,14_chara,0.0,,0.1406469761,2e-08,1 ha worked,17_chara,2.812939522e-09,,0.7032348805,6.829999999999999e-10,1 ha worked,15_chara,4.803094233814999e-10,1.23452883271775e-08
NT1_2024,NT1,2024,tonne,"Human toxicity, non-cancer",CTUh,,0.2812939522,5.989999999999999e-07,1 ha worked,13_chara,1.6849507736779996e-07,,0.1406469761,3.46e-06,1 ha worked,16_chara,4.866385373059999e-07,,0.0,8.92e-07,1 ha worked,11_chara,0.0,,0.0,2e-06,1 ha worked,12_chara,0.0,,0.0,1.37e-06,1 ha worked,14_chara,0.0,,0.1406469761,1.0700000000000001e-06,1 ha worked,17_chara,1.50492264427e-07,,0.7032348805,1.27e-07,1 ha worked,15_chara,8.931082982350002e-08,8.949367089242999e-07
NT1_2024,NT1,2024,tonne,"Human toxicity, non-cancer - inorganics",CTUh,,0.2812939522,1.6900000000000002e-07,1 ha worked,13_chara,4.75386779218e-08,,0.1406469761,1.12e-06,1 ha worked,16_chara,1.57524613232e-07,,0.0,8.97e-08,1 ha worked,11_chara,0.0,,0.0,8.100000000000001e-07,1 ha worked,12_chara,0.0,,0.0,6.54e-07,1 ha worked,14_chara,0.0,,0.1406469761,3.12e-07,1 ha worked,17_chara,4.3881856543199995e-08,,0.7032348805,1.02e-08,1 ha worked,15_chara,7.172995781100001e-09,2.561181434781e-07
NT1_2024,NT1,2024,tonne,"Human toxicity, non-cancer - metals",CTUh,,0.2812939522,4.1999999999999995e-07,1 ha worked,13_chara,1.1814345992399997e-07,,0.1406469761,2.26e-06,1 ha worked,16_chara,3.1786216598599996e-07,,0.0,7.98e-07,1 ha worked,11_chara,0.0,,0.0,1.16e-06,1 ha worked,12_chara,0.0,,0.0,6.99e-07,1 ha worked,14_chara,0.0,,0.1406469761,7.47e-07,1 ha worked,17_chara,1.050632911467e-07,,0.7032348805,1.16e-07,1 ha worked,15_chara,8.1575246138e-08,6.226441631946998e-07
NT1_2024,NT1,2024,tonne,"Human toxicity, non-cancer - organics",CTUh,,0.2812939522,1.16e-08,1 ha worked,13_chara,3.2630098455199996e-09,,0.1406469761,8.660000000000001e-08,1 ha worked,16_chara,1.218002813026e-08,,0.0,5.48e-09,1 ha worked,11_chara,0.0,,0.0,3.8200000000000005e-08,1 ha worked,12_chara,0.0,,0.0,2.67e-08,1 ha worked,14_chara,0.0,,0.1406469761,1.5299999999999998e-08,1 ha worked,17_chara,2.1518987343299997e-09,,0.7032348805,1.08e-09,1 ha worked,15_chara,7.5949367094e-10,1.835443038105e-08
NT1_2024,NT1,2024,tonne,Ionising radiation,kBq U-235 eq,,0.2812939522,1.72,1 ha worked,13_chara,0.48382559778399997,,0.1406469761,10.49,1 ha worked,16_chara,1.4753867792889999,,0.0,1.27,1 ha worked,11_chara,0.0,,0.0,7.89,1 ha worked,12_chara,0.0,,0.0,4.319999999999999,1 ha worked,14_chara,0.0,,0.1406469761,1.75,1 ha worked,17_chara,0.24613220817499998,,0.7032348805,0.115,1 ha worked,15_chara,0.08087201125750001,2.2862165965055
NT1_2024,NT1,2024,tonne,Land use,Pt,,0.2812939522,145.23,1 ha worked,13_chara,40.852320678005995,,0.1406469761,800.14,1 ha worked,16_chara,112.53727145665398,,0.0,137.54,1 ha worked,11_chara,0.0,,0.0,641.1899999999999,1 ha worked,12_chara,0.0,,0.0,418.1,1 ha worked,14_chara,0.0,,0.1406469761,168.95000000000002,1 ha worked,17_chara,23.762306612095,,0.7032348805,100.13,1 ha worked,15_chara,70.414908584465,247.56680733121996
NT1_2024,NT1,2024,tonne,Ozone depletion,kg CFC11 eq,,0.2812939522,4.960000000000001e-06,1 ha worked,13_chara,1.395218002912e-06,,0.1406469761,3.03e-05,1 ha worked,16_chara,4.26160337583e-06,,0.0,4.17e-06,1 ha worked,11_chara,0.0,,0.0,2.13e-05,1 ha worked,12_chara,0.0,,0.0,9.97e-06,1 ha worked,14_chara,0.0,,0.1406469761,3.52e-06,1 ha worked,17_chara,4.950773558719999e-07,,0.7032348805,3.2200000000000005e-07,1 ha worked,15_chara,2.2644163152100006e-07,6.378340366135e-06
NT1_2024,NT1,2024,tonne,Particulate matter,disease inc.,,0.2812939522,8.429999999999999e-07,1 ha worked,13_chara,2.3713080170459996e-07,,0.1406469761,5.39e-06,1 ha worked,16_chara,7.580872011789999e-07,,0.0,6.229999999999999e-07,1 ha worked,11_chara,0.0,,0.0,3.6599999999999997e-06,1 ha worked,12_chara,0.0,,0.0,2.78e-06,1 ha worked,14_chara,0.0,,0.1406469761,1.42e-06,1 ha worked,17_chara,1.99718706062e-07,,0.7032348805,1.22e-07,1 ha worked,15_chara,8.5794655421e-08,1.2807313643665998e-06
NT1_2024,NT1,2024,tonne,Photochemical ozone formation,kg NMVOC eq,,0.2812939522,0.305,1 ha worked,13_chara,0.085794655421,,0.1406469761,2.2,1 ha worked,16_chara,0.30942334742,,0.0,0.249,1 ha worked,11_chara,0.0,,0.0,1.33,1 ha worked,12_chara,0.0,,0.0,0.67,1 ha worked,14_chara,0.0,,0.1406469761,0.107,1 ha worked,17_chara,0.015049226442699999,,0.7032348805,0.0194,1 ha worked,15_chara,0.013642756681700001,0.4239099859654
NT1_2024,NT1,2024,tonne,"Resource use, fossils",MJ,,0.2812939522,357.29999999999995,1 ha worked,13_chara,100.50632912105998,,0.1406469761,2174.67,1 ha worked,16_chara,305.860759515387,,0.0,273.81,1 ha worked,11_chara,0.0,,0.0,1630.72,1 ha worked,12_chara,0.0,,0.0,863.0400000000001,1 ha worked,14_chara,0.0,,0.1406469761,337.64000000000004,1 ha worked,17_chara,47.488045010404,,0.7032348805,23.53,1 ha worked,15_chara,16.547116738165002,470.402250385016
NT1_2024,NT1,2024,tonne,"Resource use, minerals and metals",kg Sb eq,,0.2812939522,0.00031400000000000004,1 ha worked,13_chara,8.83263009908e-05,,0.1406469761,0.0025800000000000003,1 ha worked,16_chara,0.000362869198338,,0.0,0.000127,1 ha worked,11_chara,0.0,,0.0,0.000917,1 ha worked,12_chara,0.0,,0.0,0.00062,1 ha worked,14_chara,0.0,,0.1406469761,0.00037,1 ha worked,17_chara,5.203938115699999e-05,,0.7032348805,2.91e-05,1 ha worked,15_chara,2.046413502255e-05,0.00052369901550835
NT1_2024,NT1,2024,tonne,Water use,m3 depriv.,,0.2812939522,2.11,1 ha worked,13_chara,0.5935302391419999,,0.1406469761,12.8,1 ha worked,16_chara,1.80028129408,,0.0,0.8550000000000001,1 ha worked,11_chara,0.0,,0.0,7.94,1 ha worked,12_chara,0.0,,0.0,6.409999999999999,1 ha worked,14_chara,0.0,,0.1406469761,3.44,1 ha worked,17_chara,0.48382559778399997,,0.7032348805,0.235,1 ha worked,15_chara,0.1652601969175,3.0428973279235
NT2_2022,NT2,2022,tonne,Acidification,mol H+ eq,,0.5274974913,0.253,1 ha worked,13_chara,0.1334568652989,,0.0,1.7899999999999998,1 ha worked,16_chara,0.0,,0.0,0.20199999999999999,1 ha worked,11_chara,0.0,,0.2457002457,1.1,1 ha worked,12_chara,0.27027027027,,0.2457002457,0.5670000000000001,1 ha worked,14_chara,0.1393120393119,,0.0,0.116,1 ha worked,17_chara,0.0,,1.4742014742,0.0167,1 ha worked,15_chara,0.02461916461914,0.56765833949994
NT2_2022,NT2,2022,tonne,Climate change,kg CO2 eq,,0.5274974913,26.88,1 ha worked,13_chara,14.179132566144,,0.0,165.89,1 ha worked,16_chara,0.0,,0.0,20.45,1 ha worked,11_chara,0.0,,0.2457002457,124.18,1 ha worked,12_chara,30.511056511026,,0.2457002457,69.64999999999999,1 ha worked,14_chara,17.113022113004998,,0.0,28.27,1 ha worked,17_chara,0.0,,1.4742014742,1.93,1 ha worked,15_chara,2.845208845206,64.648420035381
NT2_2022,NT2,2022,tonne,Climate change - Biogenic,kg CO2 eq,,0.5274974913,0.0373,1 ha worked,13_chara,0.01967565642549,,0.0,0.17600000000000002,1 ha worked,16_chara,0.0,,0.0,0.028499999999999998,1 ha worked,11_chara,0.0,,0.2457002457,0.145,1 ha worked,12_chara,0.0356265356265,,0.2457002457,0.0992,1 ha worked,14_chara,0.02437346437344,,0.0,0.0452,1 ha worked,17_chara,0.0,,1.4742014742,0.0211,1 ha worked,15_chara,0.03110565110562,0.11078130753104999
NT2_2022,NT2,2022,tonne,Climate change - Fossil,kg CO2 eq,,0.5274974913,26.830000000000002,1 ha worked,13_chara,14.152757691579001,,0.0,165.57999999999998,1 ha worked,16_chara,0.0,,0.0,20.41,1 ha worked,11_chara,0.0,,0.2457002457,123.97,1 ha worked,12_chara,30.459459459429,,0.2457002457,69.50999999999999,1 ha worked,14_chara,17.078624078606996,,0.0,28.180000000000003,1 ha worked,17_chara,0.0,,1.4742014742,1.9100000000000001,1 ha worked,15_chara,2.815724815722,64.506566045337
NT2_2022,NT2,2022,tonne,Climate change - Land use and LU change,kg CO2 eq,,0.5274974913,0.0178,1 ha worked,13_chara,0.00938945534514,,0.0,0.131,1 ha worked,16_chara,0.0,,0.0,0.00673,1 ha worked,11_chara,0.0,,0.2457002457,0.05789999999999999,1 ha worked,12_chara,0.014226044226029997,,0.2457002457,0.0494,1 ha worked,14_chara,0.012137592137579999,,0.0,0.0434,1 ha worked,17_chara,0.0,,1.4742014742,0.00132,1 ha worked,15_chara,0.001945945945944,0.037699037654694
NT2_2022,NT2,2022,tonne,"Ecotoxicity, freshwater",CTUe,,0.5274974913,409.06,1 ha worked,13_chara,215.77812379117802,,0.0,2729.37,1 ha worked,16_chara,0.0,,0.0,235.92,1 ha worked,11_chara,0.0,,0.2457002457,1587.99,1 ha worked,12_chara,390.169533169143,,0.2457002457,1134.53,1 ha worked,14_chara,278.75429975402096,,0.0,588.66,1 ha worked,17_chara,0.0,,1.4742014742,32.26,1 ha worked,15_chara,47.557739557691995,932.2596962720339
NT2_2022,NT2,2022,tonne,"Ecotoxicity, freshwater - inorganics",CTUe,,0.5274974913,66.27,1 ha worked,13_chara,34.957258748451,,0.0,419.04999999999995,1 ha worked,16_chara,0.0,,0.0,48.84,1 ha worked,11_chara,0.0,,0.2457002457,268.34,1 ha worked,12_chara,65.93120393113799,,0.2457002457,140.05,1 ha worked,14_chara,34.410319410285,,0.0,58.77,1 ha worked,17_chara,0.0,,1.4742014742,4.59,1 ha worked,15_chara,6.766584766578,142.065366856452
NT2_2022,NT2,2022,tonne,"Ecotoxicity, freshwater - metals",CTUe,,0.5274974913,322.83,1 ha worked,13_chara,170.292015116379,,0.0,2187.8900000000003,1 ha worked,16_chara,0.0,,0.0,170.45000000000002,1 ha worked,11_chara,0.0,,0.2457002457,1234.5,1 ha worked,12_chara,303.31695331665,,0.2457002457,954.07,1 ha worked,14_chara,234.415233414999,,0.0,515.3100000000001,1 ha worked,17_chara,0.0,,1.4742014742,26.36,1 ha worked,15_chara,38.859950859912,746.88415270794
NT2_2022,NT2,2022,tonne,"Ecotoxicity, freshwater - organics",CTUe,,0.5274974913,19.96,1 ha worked,13_chara,10.528849926348,,0.0,122.43,1 ha worked,16_chara,0.0,,0.0,16.64,1 ha worked,11_chara,0.0,,0.2457002457,85.15,1 ha worked,12_chara,20.921375921355,,0.2457002457,40.410000000000004,1 ha worked,14_chara,9.928746928737,,0.0,14.58,1 ha worked,17_chara,0.0,,1.4742014742,1.31,1 ha worked,15_chara,1.9312039312020002,43.310176707642
NT2_2022,NT2,2022,tonne,"Eutrophication, freshwater",kg P eq,,0.5274974913,0.00346,1 ha worked,13_chara,0.001825141319898,,0.0,0.0236,1 ha worked,16_chara,0.0,,0.0,0.0014600000000000001,1 ha worked,11_chara,0.0,,0.2457002457,0.0129,1 ha worked,12_chara,0.00316953316953,,0.2457002457,0.0116,1 ha worked,14_chara,0.0028501228501199996,,0.0,0.00685,1 ha worked,17_chara,0.0,,1.4742014742,0.000272,1 ha worked,15_chara,0.0004009828009824,0.0082457801405304
NT2_2022,NT2,2022,tonne,"Eutrophication, marine",kg N eq,,0.5274974913,0.1,1 ha worked,13_chara,0.05274974913,,0.0,0.729,1 ha worked,16_chara,0.0,,0.0,0.08460000000000001,1 ha worked,11_chara,0.0,,0.2457002457,0.444,1 ha worked,12_chara,0.10909090909079999,,0.2457002457,0.213,1 ha worked,14_chara,0.05233415233409999,,0.0,0.0206,1 ha worked,17_chara,0.0,,1.4742014742,0.0064600000000000005,1 ha worked,15_chara,0.009523341523332,0.223698152078232
NT2_2022,NT2,2022,tonne,"Eutrophication, terrestrial",mol N eq,,0.5274974913,1.1,1 ha worked,13_chara,0.5802472404300001,,0.0,7.97,1 ha worked,16_chara,0.0,,0.0,0.927,1 ha worked,11_chara,0.0,,0.2457002457,4.86,1 ha worked,12_chara,1.194103194102,,0.2457002457,2.33,1 ha worked,14_chara,0.572481572481,,0.0,0.21800000000000003,1 ha worked,17_chara,0.0,,1.4742014742,0.0704,1 ha worked,15_chara,0.10378378378368001,2.45061579079668
NT2_2022,NT2,2022,tonne,"Human toxicity, cancer",CTUh,,0.5274974913,1.96e-08,1 ha worked,13_chara,1.033895082948e-08,,0.0,1.34e-07,1 ha worked,16_chara,0.0,,0.0,1.13e-08,1 ha worked,11_chara,0.0,,0.2457002457,1.03e-07,1 ha worked,12_chara,2.5307125307099997e-08,,0.2457002457,1.14e-07,1 ha worked,14_chara,2.8009828009799998e-08,,0.0,5.54e-08,1 ha worked,17_chara,0.0,,1.4742014742,1.91e-09,1 ha worked,15_chara,2.815724815722e-09,6.647162896210199e-08
NT2_2022,NT2,2022,tonne,"Human toxicity, cancer - inorganics",CTUh,,0.5274974913,3.85e-17,1 ha worked,13_chara,2.0308653415049998e-17,,0.0,2.22e-16,1 ha worked,16_chara,0.0,,0.0,1.8099999999999998e-17,1 ha worked,11_chara,0.0,,0.2457002457,1.5199999999999998e-16,1 ha worked,12_chara,3.734643734639999e-17,,0.2457002457,1.3300000000000002e-16,1 ha worked,14_chara,3.2678132678100004e-17,,0.0,7.46e-17,1 ha worked,17_chara,0.0,,1.4742014742,2.89e-18,1 ha worked,15_chara,4.260442260438e-18,9.459366569998799e-17
NT2_2022,NT2,2022,tonne,"Human toxicity, cancer - metals",CTUh,,0.5274974913,1.23e-08,1 ha worked,13_chara,6.4882191429899995e-09,,0.0,8.47e-08,1 ha worked,16_chara,0.0,,0.0,7.91e-09,1 ha worked,11_chara,0.0,,0.2457002457,6.970000000000001e-08,1 ha worked,12_chara,1.712530712529e-08,,0.2457002457,8.050000000000001e-08,1 ha worked,14_chara,1.977886977885e-08,,0.0,3.55e-08,1 ha worked,17_chara,0.0,,1.4742014742,1.23e-09,1 ha worked,15_chara,1.8132678132660003e-09,4.5205663860396e-08
NT2_2022,NT2,2022,tonne,"Human toxicity, cancer - organics",CTUh,,0.5274974913,7.2800000000000005e-09,1 ha worked,13_chara,3.840181736664001e-09,,0.0,4.98e-08,1 ha worked,16_chara,0.0,,0.0,3.4000000000000003e-09,1 ha worked,11_chara,0.0,,0.2457002457,3.3e-08,1 ha worked,12_chara,8.1081081081e-09,,0.2457002457,3.34e-08,1 ha worked,14_chara,8.20638820638e-09,,0.0,2e-08,1 ha worked,17_chara,0.0,,1.4742014742,6.829999999999999e-10,1 ha worked,15_chara,1.0068796068786e-09,2.11615576580226e-08
NT2_2022,NT2,2022,tonne,"Human toxicity, non-cancer",CTUh,,0.5274974913,5.989999999999999e-07,1 ha worked,13_chara,3.1597099728869996e-07,,0.0,3.46e-06,1 ha worked,16_chara,0.0,,0.0,8.92e-07,1 ha worked,11_chara,0.0,,0.2457002457,2e-06,1 ha worked,12_chara,4.914004913999999e-07,,0.2457002457,1.37e-06,1 ha worked,14_chara,3.36609336609e-07,,0.0,1.0700000000000001e-06,1 ha worked,17_chara,0.0,,1.4742014742,1.27e-07,1 ha worked,15_chara,1.872235872234e-07,1.3312044125211e-06
NT2_2022,NT2,2022,tonne,"Human toxicity, non-cancer - inorganics",CTUh,,0.5274974913,1.6900000000000002e-07,1 ha worked,13_chara,8.914707602970001e-08,,0.0,1.12e-06,1 ha worked,16_chara,0.0,,0.0,8.97e-08,1 ha worked,11_chara,0.0,,0.2457002457,8.100000000000001e-07,1 ha worked,12_chara,1.99017199017e-07,,0.2457002457,6.54e-07,1 ha worked,14_chara,1.606879606878e-07,,0.0,3.12e-07,1 ha worked,17_chara,0.0,,1.4742014742,1.02e-08,1 ha worked,15_chara,1.5036855036840002e-08,4.6388909077133995e-07
NT2_2022,NT2,2022,tonne,"Human toxicity, non-cancer - metals",CTUh,,0.5274974913,4.1999999999999995e-07,1 ha worked,13_chara,2.2154894634599997e-07,,0.0,2.26e-06,1 ha worked,16_chara,0.0,,0.0,7.98e-07,1 ha worked,11_chara,0.0,,0.2457002457,1.16e-06,1 ha worked,12_chara,2.85012285012e-07,,0.2457002457,6.99e-07,1 ha worked,14_chara,1.717444717443e-07,,0.0,7.47e-07,1 ha worked,17_chara,0.0,,1.4742014742,1.16e-07,1 ha worked,15_chara,1.710073710072e-07,8.493130741094999e-07
NT2_2022,NT2,2022,tonne,"Human toxicity, non-cancer - organics",CTUh,,0.5274974913,1.16e-08,1 ha worked,13_chara,6.11897089908e-09,,0.0,8.660000000000001e-08,1 ha worked,16_chara,0.0,,0.0,5.48e-09,1 ha worked,11_chara,0.0,,0.2457002457,3.8200000000000005e-08,1 ha worked,12_chara,9.38574938574e-09,,0.2457002457,2.67e-08,1 ha worked,14_chara,6.56019656019e-09,,0.0,1.5299999999999998e-08,1 ha worked,17_chara,0.0,,1.4742014742,1.08e-09,1 ha worked,15_chara,1.592137592136e-09,2.3657054437146e-08
NT2_2022,NT2,2022,tonne,Ionising radiation,kBq U-235 eq,,0.5274974913,1.72,1 ha worked,13_chara,0.907295685036,,0.0,10.49,1 ha worked,16_chara,0.0,,0.0,1.27,1 ha worked,11_chara,0.0,,0.2457002457,7.89,1 ha worked,12_chara,1.9385749385729998,,0.2457002457,4.319999999999999,1 ha worked,14_chara,1.0614250614239997,,0.0,1.75,1 ha worked,17_chara,0.0,,1.4742014742,0.115,1 ha worked,15_chara,0.16953316953300002,4.076828854565999
NT2_2022,NT2,2022,tonne,Land use,Pt,,0.5274974913,145.23,1 ha worked,13_chara,76.608460661499,,0.0,800.14,1 ha worked,16_chara,0.0,,0.0,137.54,1 ha worked,11_chara,0.0,,0.2457002457,641.1899999999999,1 ha worked,12_chara,157.54054054038298,,0.2457002457,418.1,1 ha worked,14_chara,102.72727272717,,0.0,168.95000000000002,1 ha worked,17_chara,0.0,,1.4742014742,100.13,1 ha worked,15_chara,147.611793611646,484.488067540698
NT2_2022,NT2,2022,tonne,Ozone depletion,kg CFC11 eq,,0.5274974913,4.960000000000001e-06,1 ha worked,13_chara,2.6163875568480005e-06,,0.0,3.03e-05,1 ha worked,16_chara,0.0,,0.0,4.17e-06,1 ha worked,11_chara,0.0,,0.2457002457,2.13e-05,1 ha worked,12_chara,5.23341523341e-06,,0.2457002457,9.97e-06,1 ha worked,14_chara,2.4496314496289997e-06,,0.0,3.52e-06,1 ha worked,17_chara,0.0,,1.4742014742,3.2200000000000005e-07,1 ha worked,15_chara,4.7469287469240006e-07,1.07741271145794e-05
NT2_2022,NT2,2022,tonne,Particulate matter,disease inc.,,0.5274974913,8.429999999999999e-07,1 ha worked,13_chara,4.446803851659e-07,,0.0,5.39e-06,1 ha worked,16_chara,0.0,,0.0,6.229999999999999e-07,1 ha worked,11_chara,0.0,,0.2457002457,3.6599999999999997e-06,1 ha worked,12_chara,8.992628992619999e-07,,0.2457002457,2.78e-06,1 ha worked,14_chara,6.830466830459999e-07,,0.0,1.42e-06,1 ha worked,17_chara,0.0,,1.4742014742,1.22e-07,1 ha worked,15_chara,1.798525798524e-07,2.2068425473262996e-06
NT2_2022,NT2,2022,tonne,Photochemical ozone formation,kg NMVOC eq,,0.5274974913,0.305,1 ha worked,13_chara,0.1608867348465,,0.0,2.2,1 ha worked,16_chara,0.0,,0.0,0.249,1 ha worked,11_chara,0.0,,0.2457002457,1.33,1 ha worked,12_chara,0.326781326781,,0.2457002457,0.67,1 ha worked,14_chara,0.164619164619,,0.0,0.107,1 ha worked,17_chara,0.0,,1.4742014742,0.0194,1 ha worked,15_chara,0.028599508599480003,0.6808867348459801
NT2_2022,NT2,2022,tonne,"Resource use, fossils",MJ,,0.5274974913,357.29999999999995,1 ha worked,13_chara,188.47485364148997,,0.0,2174.67,1 ha worked,16_chara,0.0,,0.0,273.81,1 ha worked,11_chara,0.0,,0.2457002457,1630.72,1 ha worked,12_chara,400.668304667904,,0.2457002457,863.0400000000001,1 ha worked,14_chara,212.049140048928,,0.0,337.64000000000004,1 ha worked,17_chara,0.0,,1.4742014742,23.53,1 ha worked,15_chara,34.687960687926,835.8802590462479
NT2_2022,NT2,2022,tonne,"Resource use, minerals and metals",kg Sb eq,,0.5274974913,0.00031400000000000004,1 ha worked,13_chara,0.0001656342122682,,0.0,0.0025800000000000003,1 ha worked,16_chara,0.0,,0.0,0.000127,1 ha worked,11_chara,0.0,,0.2457002457,0.000917,1 ha worked,12_chara,0.00022530712530689998,,0.2457002457,0.00062,1 ha worked,14_chara,0.000152334152334,,0.0,0.00037,1 ha worked,17_chara,0.0,,1.4742014742,2.91e-05,1 ha worked,15_chara,4.289926289922e-05,0.00058617475280832
NT2_2022,NT2,2022,tonne,Water use,m3 depriv.,,0.5274974913,2.11,1 ha worked,13_chara,1.1130197066429999,,0.0,12.8,1 ha worked,16_chara,0.0,,0.0,0.8550000000000001,1 ha worked,11_chara,0.0,,0.2457002457,7.94,1 ha worked,12_chara,1.950859950858,,0.2457002457,6.409999999999999,1 ha worked,14_chara,1.5749385749369997,,0.0,3.44,1 ha worked,17_chara,0.0,,1.4742014742,0.235,1 ha worked,15_chara,0.34643734643699997,4.985255578875
NT2_2023,NT2,2023,tonne,Acidification,mol H+ eq,,0.2735978112,0.253,1 ha worked,13_chara,0.0692202462336,,0.1367989056,1.7899999999999998,1 ha worked,16_chara,0.24487004102399995,,0.0,0.20199999999999999,1 ha worked,11_chara,0.0,,0.0,1.1,1 ha worked,12_chara,0.0,,0.1367989056,0.5670000000000001,1 ha worked,14_chara,0.07756497947520001,,0.1367989056,0.116,1 ha worked,17_chara,0.0158686730496,,1.2311901505,0.0167,1 ha worked,15_chara,0.02056087551335,0.42808481529575
NT2_2023,NT2,2023,tonne,Climate change,kg CO2 eq,,0.2735978112,26.88,1 ha worked,13_chara,7.354309165056,,0.1367989056,165.89,1 ha worked,16_chara,22.693570449983998,,0.0,20.45,1 ha worked,11_chara,0.0,,0.0,124.18,1 ha worked,12_chara,0.0,,0.1367989056,69.64999999999999,1 ha worked,14_chara,9.528043775039999,,0.1367989056,28.27,1 ha worked,17_chara,3.867305061312,,1.2311901505,1.93,1 ha worked,15_chara,2.376196990465,45.81942544185699
NT2_2023,NT2,2023,tonne,Climate change - Biogenic,kg CO2 eq,,0.2735978112,0.0373,1 ha worked,13_chara,0.010205198357759999,,0.1367989056,0.17600000000000002,1 ha worked,16_chara,0.0240766073856,,0.0,0.028499999999999998,1 ha worked,11_chara,0.0,,0.0,0.145,1 ha worked,12_chara,0.0,,0.1367989056,0.0992,1 ha worked,14_chara,0.01357045143552,,0.1367989056,0.0452,1 ha worked,17_chara,0.0061833105331199996,,1.2311901505,0.0211,1 ha worked,15_chara,0.025978112175550003,0.08001367988755
NT2_2023,NT2,2023,tonne,Climate change - Fossil,kg CO2 eq,,0.2735978112,26.830000000000002,1 ha worked,13_chara,7.340629274496,,0.1367989056,165.57999999999998,1 ha worked,16_chara,22.651162789247998,,0.0,20.41,1 ha worked,11_chara,0.0,,0.0,123.97,1 ha worked,12_chara,0.0,,0.1367989056,69.50999999999999,1 ha worked,14_chara,9.508891928255998,,0.1367989056,28.180000000000003,1 ha worked,17_chara,3.854993159808,,1.2311901505,1.9100000000000001,1 ha worked,15_chara,2.351573187455,45.707250339263
NT2_2023,NT2,2023,tonne,Climate change - Land use and LU change,kg CO2 eq,,0.2735978112,0.0178,1 ha worked,13_chara,0.00487004103936,,0.1367989056,0.131,1 ha worked,16_chara,0.0179206566336,,0.0,0.00673,1 ha worked,11_chara,0.0,,0.0,0.05789999999999999,1 ha worked,12_chara,0.0,,0.1367989056,0.0494,1 ha worked,14_chara,0.00675786593664,,0.1367989056,0.0434,1 ha worked,17_chara,0.00593707250304,,1.2311901505,0.00132,1 ha worked,15_chara,0.00162517099866,0.03711080711129999
NT2_2023,NT2,2023,tonne,"Ecotoxicity, freshwater",CTUe,,0.2735978112,409.06,1 ha worked,13_chara,111.917920649472,,0.1367989056,2729.37,1 ha worked,16_chara,373.37482897747196,,0.0,235.92,1 ha worked,11_chara,0.0,,0.0,1587.99,1 ha worked,12_chara,0.0,,0.1367989056,1134.53,1 ha worked,14_chara,155.20246237036798,,0.1367989056,588.66,1 ha worked,17_chara,80.528043770496,,1.2311901505,32.26,1 ha worked,15_chara,39.71819425513,760.741450022938
NT2_2023,NT2,2023,tonne,"Ecotoxicity, freshwater - inorganics",CTUe,,0.2735978112,66.27,1 ha worked,13_chara,18.131326948223997,,0.1367989056,419.04999999999995,1 ha worked,16_chara,57.32558139167999,,0.0,48.84,1 ha worked,11_chara,0.0,,0.0,268.34,1 ha worked,12_chara,0.0,,0.1367989056,140.05,1 ha worked,14_chara,19.15868672928,,0.1367989056,58.77,1 ha worked,17_chara,8.039671682112,,1.2311901505,4.59,1 ha worked,15_chara,5.6511627907949995,108.306429542091
NT2_2023,NT2,2023,tonne,"Ecotoxicity, freshwater - metals",CTUe,,0.2735978112,322.83,1 ha worked,13_chara,88.325581389696,,0.1367989056,2187.8900000000003,1 ha worked,16_chara,299.300957573184,,0.0,170.45000000000002,1 ha worked,11_chara,0.0,,0.0,1234.5,1 ha worked,12_chara,0.0,,0.1367989056,954.07,1 ha worked,14_chara,130.515731865792,,0.1367989056,515.3100000000001,1 ha worked,17_chara,70.49384404473601,,1.2311901505,26.36,1 ha worked,15_chara,32.45417236718,621.0902872405879
NT2_2023,NT2,2023,tonne,"Ecotoxicity, freshwater - organics",CTUe,,0.2735978112,19.96,1 ha worked,13_chara,5.4610123115519995,,0.1367989056,122.43,1 ha worked,16_chara,16.748290012608,,0.0,16.64,1 ha worked,11_chara,0.0,,0.0,85.15,1 ha worked,12_chara,0.0,,0.1367989056,40.410000000000004,1 ha worked,14_chara,5.528043775296,,0.1367989056,14.58,1 ha worked,17_chara,1.994528043648,,1.2311901505,1.31,1 ha worked,15_chara,1.612859097155,31.344733240258996
NT2_2023,NT2,2023,tonne,"Eutrophication, freshwater",kg P eq,,0.2735978112,0.00346,1 ha worked,13_chara,0.000946648426752,,0.1367989056,0.0236,1 ha worked,16_chara,0.0032284541721599998,,0.0,0.0014600000000000001,1 ha worked,11_chara,0.0,,0.0,0.0129,1 ha worked,12_chara,0.0,,0.1367989056,0.0116,1 ha worked,14_chara,0.0015868673049599998,,0.1367989056,0.00685,1 ha worked,17_chara,0.00093707250336,,1.2311901505,0.000272,1 ha worked,15_chara,0.000334883720936,0.007033926128168
NT2_2023,NT2,2023,tonne,"Eutrophication, marine",kg N eq,,0.2735978112,0.1,1 ha worked,13_chara,0.02735978112,,0.1367989056,0.729,1 ha worked,16_chara,0.09972640218239999,,0.0,0.08460000000000001,1 ha worked,11_chara,0.0,,0.0,0.444,1 ha worked,12_chara,0.0,,0.1367989056,0.213,1 ha worked,14_chara,0.029138166892799997,,0.1367989056,0.0206,1 ha worked,17_chara,0.00281805745536,,1.2311901505,0.0064600000000000005,1 ha worked,15_chara,0.00795348837223,0.16699589602279
NT2_2023,NT2,2023,tonne,"Eutrophication, terrestrial",mol N eq,,0.2735978112,1.1,1 ha worked,13_chara,0.30095759232,,0.1367989056,7.97,1 ha worked,16_chara,1.0902872776319998,,0.0,0.927,1 ha worked,11_chara,0.0,,0.0,4.86,1 ha worked,12_chara,0.0,,0.1367989056,2.33,1 ha worked,14_chara,0.318741450048,,0.1367989056,0.21800000000000003,1 ha worked,17_chara,0.029822161420800002,,1.2311901505,0.0704,1 ha worked,15_chara,0.0866757865952,1.8264842680159998
NT2_2023,NT2,2023,tonne,"Human toxicity, cancer",CTUh,,0.2735978112,1.96e-08,1 ha worked,13_chara,5.36251709952e-09,,0.1367989056,1.34e-07,1 ha worked,16_chara,1.83310533504e-08,,0.0,1.13e-08,1 ha worked,11_chara,0.0,,0.0,1.03e-07,1 ha worked,12_chara,0.0,,0.1367989056,1.14e-07,1 ha worked,14_chara,1.55950752384e-08,,0.1367989056,5.54e-08,1 ha worked,17_chara,7.578659370239999e-09,,1.2311901505,1.91e-09,1 ha worked,15_chara,2.3515731874549997e-09,4.9218878246015e-08
NT2_2023,NT2,2023,tonne,"Human toxicity, cancer - inorganics",CTUh,,0.2735978112,3.85e-17,1 ha worked,13_chara,1.05335157312e-17,,0.1367989056,2.22e-16,1 ha worked,16_chara,3.03693570432e-17,,0.0,1.8099999999999998e-17,1 ha worked,11_chara,0.0,,0.0,1.5199999999999998e-16,1 ha worked,12_chara,0.0,,0.1367989056,1.3300000000000002e-16,1 ha worked,14_chara,1.81942544448e-17,,0.1367989056,7.46e-17,1 ha worked,17_chara,1.0205198357759999e-17,,1.2311901505,2.89e-18,1 ha worked,15_chara,3.558139534945e-18,7.2860465111905e-17
NT2_2023,NT2,2023,tonne,"Human toxicity, cancer - metals",CTUh,,0.2735978112,1.23e-08,1 ha worked,13_chara,3.3652530777599997e-09,,0.1367989056,8.47e-08,1 ha worked,16_chara,1.158686730432e-08,,0.0,7.91e-09,1 ha worked,11_chara,0.0,,0.0,6.970000000000001e-08,1 ha worked,12_chara,0.0,,0.1367989056,8.050000000000001e-08,1 ha worked,14_chara,1.1012311900800001e-08,,0.1367989056,3.55e-08,1 ha worked,17_chara,4.8563611488e-09,,1.2311901505,1.23e-09,1 ha worked,15_chara,1.5143638851150002e-09,3.2335157316795e-08
NT2_2023,NT2,2023,tonne,"Human toxicity, cancer - organics",CTUh,,0.2735978112,7.2800000000000005e-09,1 ha worked,13_chara,1.991792065536e-09,,0.1367989056,4.98e-08,1 ha worked,16_chara,6.81258549888e-09,,0.0,3.4000000000000003e-09,1 ha worked,11_chara,0.0,,0.0,3.3e-08,1 ha worked,12_chara,0.0,,0.1367989056,3.34e-08,1 ha worked,14_chara,4.56908344704e-09,,0.1367989056,2e-08,1 ha worked,17_chara,2.735978112e-09,,1.2311901505,6.829999999999999e-10,1 ha worked,15_chara,8.409028727914999e-10,1.6950341996247498e-08
NT2_2023,NT2,2023,tonne,"Human toxicity, non-cancer",CTUh,,0.2735978112,5.989999999999999e-07,1 ha worked,13_chara,1.6388508890879996e-07,,0.1367989056,3.46e-06,1 ha worked,16_chara,4.73324213376e-07,,0.0,8.92e-07,1 ha worked,11_chara,0.0,,0.0,2e-06,1 ha worked,12_chara,0.0,,0.1367989056,1.37e-06,1 ha worked,14_chara,1.87414500672e-07,,0.1367989056,1.0700000000000001e-06,1 ha worked,17_chara,1.46374828992e-07,,1.2311901505,1.27e-07,1 ha worked,15_chara,1.5636114911350002e-07,1.1273597810622998e-06
NT2_2023,NT2,2023,tonne,"Human toxicity, non-cancer - inorganics",CTUh,,0.2735978112,1.6900000000000002e-07,1 ha worked,13_chara,4.62380300928e-08,,0.1367989056,1.12e-06,1 ha worked,16_chara,1.53214774272e-07,,0.0,8.97e-08,1 ha worked,11_chara,0.0,,0.0,8.100000000000001e-07,1 ha worked,12_chara,0.0,,0.1367989056,6.54e-07,1 ha worked,14_chara,8.946648426239999e-08,,0.1367989056,3.12e-07,1 ha worked,17_chara,4.26812585472e-08,,1.2311901505,1.02e-08,1 ha worked,15_chara,1.25581395351e-08,3.4415868670949997e-07
NT2_2023,NT2,2023,tonne,"Human toxicity, non-cancer - metals",CTUh,,0.2735978112,4.1999999999999995e-07,1 ha worked,13_chara,1.1491108070399997e-07,,0.1367989056,2.26e-06,1 ha worked,16_chara,3.09165526656e-07,,0.0,7.98e-07,1 ha worked,11_chara,0.0,,0.0,1.16e-06,1 ha worked,12_chara,0.0,,0.1367989056,6.99e-07,1 ha worked,14_chara,9.56224350144e-08,,0.1367989056,7.47e-07,1 ha worked,17_chara,1.021887824832e-07,,1.2311901505,1.16e-07,1 ha worked,15_chara,1.42818057458e-07,7.647058823156e-07
NT2_2023,NT2,2023,tonne,"Human toxicity, non-cancer - organics",CTUh,,0.2735978112,1.16e-08,1 ha worked,13_chara,3.1737346099199997e-09,,0.1367989056,8.660000000000001e-08,1 ha worked,16_chara,1.184678522496e-08,,0.0,5.48e-09,1 ha worked,11_chara,0.0,,0.0,3.8200000000000005e-08,1 ha worked,12_chara,0.0,,0.1367989056,2.67e-08,1 ha worked,14_chara,3.65253077952e-09,,0.1367989056,1.5299999999999998e-08,1 ha worked,17_chara,2.0930232556799995e-09,,1.2311901505,1.08e-09,1 ha worked,15_chara,1.32968536254e-09,2.209575923262e-08
NT2_2023,NT2,2023,tonne,Ionising radiation,kBq U-235 eq,,0.2735978112,1.72,1 ha worked,13_chara,0.47058823526399995,,0.1367989056,10.49,1 ha worked,16_chara,1.435020519744,,0.0,1.27,1 ha worked,11_chara,0.0,,0.0,7.89,1 ha worked,12_chara,0.0,,0.1367989056,4.319999999999999,1 ha worked,14_chara,0.5909712721919999,,0.1367989056,1.75,1 ha worked,17_chara,0.2393980848,,1.2311901505,0.115,1 ha worked,15_chara,0.1415868673075,2.8775649793074995
NT2_2023,NT2,2023,tonne,Land use,Pt,,0.2735978112,145.23,1 ha worked,13_chara,39.734610120575994,,0.1367989056,800.14,1 ha worked,16_chara,109.45827632678399,,0.0,137.54,1 ha worked,11_chara,0.0,,0.0,641.1899999999999,1 ha worked,12_chara,0.0,,0.1367989056,418.1,1 ha worked,14_chara,57.19562243136,,0.1367989056,168.95000000000002,1 ha worked,17_chara,23.112175101120002,,1.2311901505,100.13,1 ha worked,15_chara,123.279069769565,352.77975374940496
NT2_2023,NT2,2023,tonne,Ozone depletion,kg CFC11 eq,,0.2735978112,4.960000000000001e-06,1 ha worked,13_chara,1.3570451435520002e-06,,0.1367989056,3.03e-05,1 ha worked,16_chara,4.14500683968e-06,,0.0,4.17e-06,1 ha worked,11_chara,0.0,,0.0,2.13e-05,1 ha worked,12_chara,0.0,,0.1367989056,9.97e-06,1 ha worked,14_chara,1.363885088832e-06,,0.1367989056,3.52e-06,1 ha worked,17_chara,4.81532147712e-07,,1.2311901505,3.2200000000000005e-07,1 ha worked,15_chara,3.964432284610001e-07,7.743912448237e-06
NT2_2023,NT2,2023,tonne,Particulate matter,disease inc.,,0.2735978112,8.429999999999999e-07,1 ha worked,13_chara,2.3064295484159997e-07,,0.1367989056,5.39e-06,1 ha worked,16_chara,7.37346101184e-07,,0.0,6.229999999999999e-07,1 ha worked,11_chara,0.0,,0.0,3.6599999999999997e-06,1 ha worked,12_chara,0.0,,0.1367989056,2.78e-06,1 ha worked,14_chara,3.80300957568e-07,,0.1367989056,1.42e-06,1 ha worked,17_chara,1.9425444595199998e-07,,1.2311901505,1.22e-07,1 ha worked,15_chara,1.50205198361e-07,1.6927496579065998e-06
NT2_2023,NT2,2023,tonne,Photochemical ozone formation,kg NMVOC eq,,0.2735978112,0.305,1 ha worked,13_chara,0.083447332416,,0.1367989056,2.2,1 ha worked,16_chara,0.30095759232,,0.0,0.249,1 ha worked,11_chara,0.0,,0.0,1.33,1 ha worked,12_chara,0.0,,0.1367989056,0.67,1 ha worked,14_chara,0.091655266752,,0.1367989056,0.107,1 ha worked,17_chara,0.0146374828992,,1.2311901505,0.0194,1 ha worked,15_chara,0.023885088919700002,0.5145827633069
NT2_2023,NT2,2023,tonne,"Resource use, fossils",MJ,,0.2735978112,357.29999999999995,1 ha worked,13_chara,97.75649794175999,,0.1367989056,2174.67,1 ha worked,16_chara,297.492476041152,,0.0,273.81,1 ha worked,11_chara,0.0,,0.0,1630.72,1 ha worked,12_chara,0.0,,0.1367989056,863.0400000000001,1 ha worked,14_chara,118.062927489024,,0.1367989056,337.64000000000004,1 ha worked,17_chara,46.18878248678401,,1.2311901505,23.53,1 ha worked,15_chara,28.969904241265002,588.470588199985
NT2_2023,NT2,2023,tonne,"Resource use, minerals and metals",kg Sb eq,,0.2735978112,0.00031400000000000004,1 ha worked,13_chara,8.590971271680001e-05,,0.1367989056,0.0025800000000000003,1 ha worked,16_chara,0.000352941176448,,0.0,0.000127,1 ha worked,11_chara,0.0,,0.0,0.000917,1 ha worked,12_chara,0.0,,0.1367989056,0.00062,1 ha worked,14_chara,8.4815321472e-05,,0.1367989056,0.00037,1 ha worked,17_chara,5.0615595072e-05,,1.2311901505,2.91e-05,1 ha worked,15_chara,3.582763337955e-05,0.0006101094390883499
NT2_2023,NT2,2023,tonne,Water use,m3 depriv.,,0.2735978112,2.11,1 ha worked,13_chara,0.5772913816319999,,0.1367989056,12.8,1 ha worked,16_chara,1.75102599168,,0.0,0.8550000000000001,1 ha worked,11_chara,0.0,,0.0,7.94,1 ha worked,12_chara,0.0,,0.1367989056,6.409999999999999,1 ha worked,14_chara,0.8768809848959999,,0.1367989056,3.44,1 ha worked,17_chara,0.47058823526399995,,1.2311901505,0.235,1 ha worked,15_chara,0.2893296853675,3.9651162788394996
NT2_2024,NT2,2024,tonne,Acidification,mol H+ eq,,0.4192872117,0.253,1 ha worked,13_chara,0.1060796645601,,0.2096436059,1.7899999999999998,1 ha worked,16_chara,0.375262054561,,0.0,0.20199999999999999,1 ha worked,11_chara,0.0,,0.0,1.1,1 ha worked,12_chara,0.0,,0.2096436059,0.5670000000000001,1 ha worked,14_chara,0.11886792454530001,,0.2096436059,0.116,1 ha worked,17_chara,0.0243186582844,,1.2578616352,0.0167,1 ha worked,15_chara,0.02100628930784,0.64553459125864
NT2_2024,NT2,2024,tonne,Climate change,kg CO2 eq,,0.4192872117,26.88,1 ha worked,13_chara,11.270440250496,,0.2096436059,165.89,1 ha worked,16_chara,34.777777782750995,,0.0,20.45,1 ha worked,11_chara,0.0,,0.0,124.18,1 ha worked,12_chara,0.0,,0.2096436059,69.64999999999999,1 ha worked,14_chara,14.601677150934998,,0.2096436059,28.27,1 ha worked,17_chara,5.926624738793,,1.2578616352,1.93,1 ha worked,15_chara,2.427672955936,69.004192878911
NT2_2024,NT2,2024,tonne,Climate change - Biogenic,kg CO2 eq,,0.4192872117,0.0373,1 ha worked,13_chara,0.01563941299641,,0.2096436059,0.17600000000000002,1 ha worked,16_chara,0.03689727463840001,,0.0,0.028499999999999998,1 ha worked,11_chara,0.0,,0.0,0.145,1 ha worked,12_chara,0.0,,0.2096436059,0.0992,1 ha worked,14_chara,0.02079664570528,,0.2096436059,0.0452,1 ha worked,17_chara,0.009475890986679999,,1.2578616352,0.0211,1 ha worked,15_chara,0.02654088050272,0.10935010482949001
NT2_2024,NT2,2024,tonne,Climate change - Fossil,kg CO2 eq,,0.4192872117,26.830000000000002,1 ha worked,13_chara,11.249475889911,,0.2096436059,165.57999999999998,1 ha worked,16_chara,34.712788264922,,0.0,20.41,1 ha worked,11_chara,0.0,,0.0,123.97,1 ha worked,12_chara,0.0,,0.2096436059,69.50999999999999,1 ha worked,14_chara,14.572327046108999,,0.2096436059,28.180000000000003,1 ha worked,17_chara,5.907756814262001,,1.2578616352,1.9100000000000001,1 ha worked,15_chara,2.4025157232320002,68.84486373843599
NT2_2024,NT2,2024,tonne,Climate change - Land use and LU change,kg CO2 eq,,0.4192872117,0.0178,1 ha worked,13_chara,0.0074633123682599995,,0.2096436059,0.131,1 ha worked,16_chara,0.027463312372900003,,0.0,0.00673,1 ha worked,11_chara,0.0,,0.0,0.05789999999999999,1 ha worked,12_chara,0.0,,0.2096436059,0.0494,1 ha worked,14_chara,0.01035639413146,,0.2096436059,0.0434,1 ha worked,17_chara,0.00909853249606,,1.2578616352,0.00132,1 ha worked,15_chara,0.001660377358464,0.056041928727144
NT2_2024,NT2,2024,tonne,"Ecotoxicity, freshwater",CTUe,,0.4192872117,409.06,1 ha worked,13_chara,171.513626818002,,0.2096436059,2729.37,1 ha worked,16_chara,572.194968635283,,0.0,235.92,1 ha worked,11_chara,0.0,,0.0,1587.99,1 ha worked,12_chara,0.0,,0.2096436059,1134.53,1 ha worked,14_chara,237.846960201727,,0.2096436059,588.66,1 ha worked,17_chara,123.408805049094,,1.2578616352,32.26,1 ha worked,15_chara,40.578616351552,1145.542977055658
NT2_2024,NT2,2024,tonne,"Ecotoxicity, freshwater - inorganics",CTUe,,0.4192872117,66.27,1 ha worked,13_chara,27.786163519358997,,0.2096436059,419.04999999999995,1 ha worked,16_chara,87.85115305239499,,0.0,48.84,1 ha worked,11_chara,0.0,,0.0,268.34,1 ha worked,12_chara,0.0,,0.2096436059,140.05,1 ha worked,14_chara,29.360587006295003,,0.2096436059,58.77,1 ha worked,17_chara,12.320754718743,,1.2578616352,4.59,1 ha worked,15_chara,5.773584905568,163.09224320235995
NT2_2024,NT2,2024,tonne,"Ecotoxicity, freshwater - metals",CTUe,,0.4192872117,322.83,1 ha worked,13_chara,135.35849055311098,,0.2096436059,2187.8900000000003,1 ha worked,16_chara,458.67714891255105,,0.0,170.45000000000002,1 ha worked,11_chara,0.0,,0.0,1234.5,1 ha worked,12_chara,0.0,,0.2096436059,954.07,1 ha worked,14_chara,200.01467508101302,,0.2096436059,515.3100000000001,1 ha worked,17_chara,108.03144655632902,,1.2578616352,26.36,1 ha worked,15_chara,33.157232703872,935.238993806876
NT2_2024,NT2,2024,tonne,"Ecotoxicity, freshwater - organics",CTUe,,0.4192872117,19.96,1 ha worked,13_chara,8.368972745532,,0.2096436059,122.43,1 ha worked,16_chara,25.666666670337,,0.0,16.64,1 ha worked,11_chara,0.0,,0.0,85.15,1 ha worked,12_chara,0.0,,0.2096436059,40.410000000000004,1 ha worked,14_chara,8.471698114419,,0.2096436059,14.58,1 ha worked,17_chara,3.0566037740220002,,1.2578616352,1.31,1 ha worked,15_chara,1.6477987421120002,47.211740046422
NT2_2024,NT2,2024,tonne,"Eutrophication, freshwater",kg P eq,,0.4192872117,0.00346,1 ha worked,13_chara,0.001450733752482,,0.2096436059,0.0236,1 ha worked,16_chara,0.0049475890992399995,,0.0,0.0014600000000000001,1 ha worked,11_chara,0.0,,0.0,0.0129,1 ha worked,12_chara,0.0,,0.2096436059,0.0116,1 ha worked,14_chara,0.00243186582844,,0.2096436059,0.00685,1 ha worked,17_chara,0.0014360587004150001,,1.2578616352,0.000272,1 ha worked,15_chara,0.0003421383647744,0.0106083857453514
NT2_2024,NT2,2024,tonne,"Eutrophication, marine",kg N eq,,0.4192872117,0.1,1 ha worked,13_chara,0.04192872117,,0.2096436059,0.729,1 ha worked,16_chara,0.1528301887011,,0.0,0.08460000000000001,1 ha worked,11_chara,0.0,,0.0,0.444,1 ha worked,12_chara,0.0,,0.2096436059,0.213,1 ha worked,14_chara,0.0446540880567,,0.2096436059,0.0206,1 ha worked,17_chara,0.00431865828154,,1.2578616352,0.0064600000000000005,1 ha worked,15_chara,0.008125786163392,0.251857442372732
NT2_2024,NT2,2024,tonne,"Eutrophication, terrestrial",mol N eq,,0.4192872117,1.1,1 ha worked,13_chara,0.46121593287,,0.2096436059,7.97,1 ha worked,16_chara,1.6708595390229999,,0.0,0.927,1 ha worked,11_chara,0.0,,0.0,4.86,1 ha worked,12_chara,0.0,,0.2096436059,2.33,1 ha worked,14_chara,0.488469601747,,0.2096436059,0.21800000000000003,1 ha worked,17_chara,0.045702306086200004,,1.2578616352,0.0704,1 ha worked,15_chara,0.08855345911808,2.7548008388442797
NT2_2024,NT2,2024,tonne,"Human toxicity, cancer",CTUh,,0.4192872117,1.96e-08,1 ha worked,13_chara,8.21802934932e-09,,0.2096436059,1.34e-07,1 ha worked,16_chara,2.80922431906e-08,,0.0,1.13e-08,1 ha worked,11_chara,0.0,,0.0,1.03e-07,1 ha worked,12_chara,0.0,,0.2096436059,1.14e-07,1 ha worked,14_chara,2.38993710726e-08,,0.2096436059,5.54e-08,1 ha worked,17_chara,1.1614255766860001e-08,,1.2578616352,1.91e-09,1 ha worked,15_chara,2.402515723232e-09,7.4226415102612e-08
NT2_2024,NT2,2024,tonne,"Human toxicity, cancer - inorganics",CTUh,,0.4192872117,3.85e-17,1 ha worked,13_chara,1.614255765045e-17,,0.2096436059,2.22e-16,1 ha worked,16_chara,4.65408805098e-17,,0.0,1.8099999999999998e-17,1 ha worked,11_chara,0.0,,0.0,1.5199999999999998e-16,1 ha worked,12_chara,0.0,,0.2096436059,1.3300000000000002e-16,1 ha worked,14_chara,2.78825995847e-17,,0.2096436059,7.46e-17,1 ha worked,17_chara,1.563941300014e-17,,1.2578616352,2.89e-18,1 ha worked,15_chara,3.635220125728e-18,1.09840670870818e-16
NT2_2024,NT2,2024,tonne,"Human toxicity, cancer - metals",CTUh,,0.4192872117,1.23e-08,1 ha worked,13_chara,5.15723270391e-09,,0.2096436059,8.47e-08,1 ha worked,16_chara,1.775681341973e-08,,0.0,7.91e-09,1 ha worked,11_chara,0.0,,0.0,6.970000000000001e-08,1 ha worked,12_chara,0.0,,0.2096436059,8.050000000000001e-08,1 ha worked,14_chara,1.6876310274950003e-08,,0.2096436059,3.55e-08,1 ha worked,17_chara,7.44234800945e-09,,1.2578616352,1.23e-09,1 ha worked,15_chara,1.5471698112960002e-09,4.877987421933601e-08
NT2_2024,NT2,2024,tonne,"Human toxicity, cancer - organics",CTUh,,0.4192872117,7.2800000000000005e-09,1 ha worked,13_chara,3.0524109011760003e-09,,0.2096436059,4.98e-08,1 ha worked,16_chara,1.044025157382e-08,,0.0,3.4000000000000003e-09,1 ha worked,11_chara,0.0,,0.0,3.3e-08,1 ha worked,12_chara,0.0,,0.2096436059,3.34e-08,1 ha worked,14_chara,7.002096437060001e-09,,0.2096436059,2e-08,1 ha worked,17_chara,4.192872118e-09,,1.2578616352,6.829999999999999e-10,1 ha worked,15_chara,8.591194968415999e-10,2.5546750526897603e-08
NT2_2024,NT2,2024,tonne,"Human toxicity, non-cancer",CTUh,,0.4192872117,5.989999999999999e-07,1 ha worked,13_chara,2.5115303980829997e-07,,0.2096436059,3.46e-06,1 ha worked,16_chara,7.253668764139999e-07,,0.0,8.92e-07,1 ha worked,11_chara,0.0,,0.0,2e-06,1 ha worked,12_chara,0.0,,0.2096436059,1.37e-06,1 ha worked,14_chara,2.87211740083e-07,,0.2096436059,1.0700000000000001e-06,1 ha worked,17_chara,2.2431865831300002e-07,,1.2578616352,1.27e-07,1 ha worked,15_chara,1.5974842767040002e-07,1.6477987422887e-06
NT2_2024,NT2,2024,tonne,"Human toxicity, non-cancer - inorganics",CTUh,,0.4192872117,1.6900000000000002e-07,1 ha worked,13_chara,7.085953877730001e-08,,0.2096436059,1.12e-06,1 ha worked,16_chara,2.3480083860800002e-07,,0.0,8.97e-08,1 ha worked,11_chara,0.0,,0.0,8.100000000000001e-07,1 ha worked,12_chara,0.0,,0.2096436059,6.54e-07,1 ha worked,14_chara,1.371069182586e-07,,0.2096436059,3.12e-07,1 ha worked,17_chara,6.54088050408e-08,,1.2578616352,1.02e-08,1 ha worked,15_chara,1.2830188679040001e-08,5.2100628936374e-07
NT2_2024,NT2,2024,tonne,"Human toxicity, non-cancer - metals",CTUh,,0.4192872117,4.1999999999999995e-07,1 ha worked,13_chara,1.7610062891399998e-07,,0.2096436059,2.26e-06,1 ha worked,16_chara,4.73794549334e-07,,0.0,7.98e-07,1 ha worked,11_chara,0.0,,0.0,1.16e-06,1 ha worked,12_chara,0.0,,0.2096436059,6.99e-07,1 ha worked,14_chara,1.465408805241e-07,,0.2096436059,7.47e-07,1 ha worked,17_chara,1.566037736073e-07,,1.2578616352,1.16e-07,1 ha worked,15_chara,1.459119496832e-07,1.0989517820626e-06
NT2_2024,NT2,2024,tonne,"Human toxicity, non-cancer - organics",CTUh,,0.4192872117,1.16e-08,1 ha worked,13_chara,4.86373165572e-09,,0.2096436059,8.660000000000001e-08,1 ha worked,16_chara,1.8155136270940002e-08,,0.0,5.48e-09,1 ha worked,11_chara,0.0,,0.0,3.8200000000000005e-08,1 ha worked,12_chara,0.0,,0.2096436059,2.67e-08,1 ha worked,14_chara,5.59748427753e-09,,0.2096436059,1.5299999999999998e-08,1 ha worked,17_chara,3.2075471702699998e-09,,1.2578616352,1.08e-09,1 ha worked,15_chara,1.358490566016e-09,3.3182389940476e-08
NT2_2024,NT2,2024,tonne,Ionising radiation,kBq U-235 eq,,0.4192872117,1.72,1 ha worked,13_chara,0.721174004124,,0.2096436059,10.49,1 ha worked,16_chara,2.199161425891,,0.0,1.27,1 ha worked,11_chara,0.0,,0.0,7.89,1 ha worked,12_chara,0.0,,0.2096436059,4.319999999999999,1 ha worked,14_chara,0.9056603774879999,,0.2096436059,1.75,1 ha worked,17_chara,0.366876310325,,1.2578616352,0.115,1 ha worked,15_chara,0.144654088048,4.337526205876
NT2_2024,NT2,2024,tonne,Land use,Pt,,0.4192872117,145.23,1 ha worked,13_chara,60.893081755191,,0.2096436059,800.14,1 ha worked,16_chara,167.744234824826,,0.0,137.54,1 ha worked,11_chara,0.0,,0.0,641.1899999999999,1 ha worked,12_chara,0.0,,0.2096436059,418.1,1 ha worked,14_chara,87.65199162679001,,0.2096436059,168.95000000000002,1 ha worked,17_chara,35.419287216805,,1.2578616352,100.13,1 ha worked,15_chara,125.949685532576,477.658280956188
NT2_2024,NT2,2024,tonne,Ozone depletion,kg CFC11 eq,,0.4192872117,4.960000000000001e-06,1 ha worked,13_chara,2.0796645700320003e-06,,0.2096436059,3.03e-05,1 ha worked,16_chara,6.3522012587700004e-06,,0.0,4.17e-06,1 ha worked,11_chara,0.0,,0.0,2.13e-05,1 ha worked,12_chara,0.0,,0.2096436059,9.97e-06,1 ha worked,14_chara,2.0901467508229997e-06,,0.2096436059,3.52e-06,1 ha worked,17_chara,7.37945492768e-07,,1.2578616352,3.2200000000000005e-07,1 ha worked,15_chara,4.050314465344001e-07,1.1664989518927399e-05
NT2_2024,NT2,2024,tonne,Particulate matter,disease inc.,,0.4192872117,8.429999999999999e-07,1 ha worked,13_chara,3.5345911946309993e-07,,0.2096436059,5.39e-06,1 ha worked,16_chara,1.129979035801e-06,,0.0,6.229999999999999e-07,1 ha worked,11_chara,0.0,,0.0,3.6599999999999997e-06,1 ha worked,12_chara,0.0,,0.2096436059,2.78e-06,1 ha worked,14_chara,5.82809224402e-07,,0.2096436059,1.42e-06,1 ha worked,17_chara,2.97693920378e-07,,1.2578616352,1.22e-07,1 ha worked,15_chara,1.534591194944e-07,2.5174004195384997e-06
NT2_2024,NT2,2024,tonne,Photochemical ozone formation,kg NMVOC eq,,0.4192872117,0.305,1 ha worked,13_chara,0.12788259956849998,,0.2096436059,2.2,1 ha worked,16_chara,0.46121593298,,0.0,0.249,1 ha worked,11_chara,0.0,,0.0,1.33,1 ha worked,12_chara,0.0,,0.2096436059,0.67,1 ha worked,14_chara,0.140461215953,,0.2096436059,0.107,1 ha worked,17_chara,0.0224318658313,,1.2578616352,0.0194,1 ha worked,15_chara,0.024402515722880002,0.7763941300556799
NT2_2024,NT2,2024,tonne,"Resource use, fossils",MJ,,0.4192872117,357.29999999999995,1 ha worked,13_chara,149.81132074040997,,0.2096436059,2174.67,1 ha worked,16_chara,455.905660442553,,0.0,273.81,1 ha worked,11_chara,0.0,,0.0,1630.72,1 ha worked,12_chara,0.0,,0.2096436059,863.0400000000001,1 ha worked,14_chara,180.93081763593602,,0.2096436059,337.64000000000004,1 ha worked,17_chara,70.78406709607601,,1.2578616352,23.53,1 ha worked,15_chara,29.597484276256,887.029350191231
NT2_2024,NT2,2024,tonne,"Resource use, minerals and metals",kg Sb eq,,0.4192872117,0.00031400000000000004,1 ha worked,13_chara,0.00013165618447380002,,0.2096436059,0.0025800000000000003,1 ha worked,16_chara,0.0005408805032220001,,0.0,0.000127,1 ha worked,11_chara,0.0,,0.0,0.000917,1 ha worked,12_chara,0.0,,0.2096436059,0.00062,1 ha worked,14_chara,0.000129979035658,,0.2096436059,0.00037,1 ha worked,17_chara,7.7568134183e-05,,1.2578616352,2.91e-05,1 ha worked,15_chara,3.660377358432e-05,0.0009166876311211201
NT2_2024,NT2,2024,tonne,Water use,m3 depriv.,,0.4192872117,2.11,1 ha worked,13_chara,0.8846960166869999,,0.2096436059,12.8,1 ha worked,16_chara,2.68343815552,,0.0,0.8550000000000001,1 ha worked,11_chara,0.0,,0.0,7.94,1 ha worked,12_chara,0.0,,0.2096436059,6.409999999999999,1 ha worked,14_chara,1.3438155138189998,,0.2096436059,3.44,1 ha worked,17_chara,0.721174004296,,1.2578616352,0.235,1 ha worked,15_chara,0.295597484272,5.928721174594
