dmu_id,farmer_id,year,basis,impact_category,impact_unit,centrifugal_spreader_ha_worked_per_ha,centrifugal_spreader_ha_worked_per_tonne,centrifugal_spreader_factor_per_ha_worked,centrifugal_spreader_factor_unit,centrifugal_spreader_characterisation_sheet,centrifugal_spreader_impact,combine_harvester_ha_worked_per_ha,combine_harvester_ha_worked_per_tonne,combine_harvester_factor_per_ha_worked,combine_harvester_factor_unit,combine_harvester_characterisation_sheet,combine_harvester_impact,disk_harrow_ha_worked_per_ha,disk_harrow_ha_worked_per_tonne,disk_harrow_factor_per_ha_worked,disk_harrow_factor_unit,disk_harrow_characterisation_sheet,disk_harrow_impact,laser_leveler_ha_worked_per_ha,laser_leveler_ha_worked_per_tonne,laser_leveler_factor_per_ha_worked,laser_leveler_factor_unit,laser_leveler_characterisation_sheet,laser_leveler_impact,rotary_tiller_ha_worked_per_ha,rotary_tiller_ha_worked_per_tonne,rotary_tiller_factor_per_ha_worked,rotary_tiller_factor_unit,rotary_tiller_characterisation_sheet,rotary_tiller_impact,seeder_ha_worked_per_ha,seeder_ha_worked_per_tonne,seeder_factor_per_ha_worked,seeder_factor_unit,seeder_characterisation_sheet,seeder_impact,sprayer_ha_worked_per_ha,sprayer_ha_worked_per_tonne,sprayer_factor_per_ha_worked,sprayer_factor_unit,sprayer_characterisation_sheet,sprayer_impact,machines_total_impact
C1_2022,C1,2022,ha,Acidification,mol H+ eq,4.0,,0.253,1 ha worked,13_chara,1.012,1.0,,1.7899999999999998,1 ha worked,16_chara,1.7899999999999998,3.0,,0.20199999999999999,1 ha worked,11_chara,0.606,1.0,,1.1,1 ha worked,12_chara,1.1,1.0,,0.5670000000000001,1 ha worked,14_chara,0.5670000000000001,0.0,,0.116,1 ha worked,17_chara,0.0,5.1615853659,,0.0167,1 ha worked,15_chara,0.08619847561053,5.161198475610529
C1_2022,C1,2022,ha,Climate change,kg CO2 eq,4.0,,26.88,1 ha worked,13_chara,107.52,1.0,,165.89,1 ha worked,16_chara,165.89,3.0,,20.45,1 ha worked,11_chara,61.349999999999994,1.0,,124.18,1 ha worked,12_chara,124.18,1.0,,69.64999999999999,1 ha worked,14_chara,69.64999999999999,0.0,,28.27,1 ha worked,17_chara,0.0,5.1615853659,,1.93,1 ha worked,15_chara,9.961859756187,538.551859756187
C1_2022,C1,2022,ha,Climate change - Biogenic,kg CO2 eq,4.0,,0.0373,1 ha worked,13_chara,0.1492,1.0,,0.17600000000000002,1 ha worked,16_chara,0.17600000000000002,3.0,,0.028499999999999998,1 ha worked,11_chara,0.08549999999999999,1.0,,0.145,1 ha worked,12_chara,0.145,1.0,,0.0992,1 ha worked,14_chara,0.0992,0.0,,0.0452,1 ha worked,17_chara,0.0,5.1615853659,,0.0211,1 ha worked,15_chara,0.10890945122048999,0.76380945122049
C1_2022,C1,2022,ha,Climate change - Fossil,kg CO2 eq,4.0,,26.830000000000002,1 ha worked,13_chara,107.32000000000001,1.0,,165.57999999999998,1 ha worked,16_chara,165.57999999999998,3.0,,20.41,1 ha worked,11_chara,61.230000000000004,1.0,,123.97,1 ha worked,12_chara,123.97,1.0,,69.50999999999999,1 ha worked,14_chara,69.50999999999999,0.0,,28.180000000000003,1 ha worked,17_chara,0.0,5.1615853659,,1.9100000000000001,1 ha worked,15_chara,9.858628048869,537.468628048869
C1_2022,C1,2022,ha,Climate change - Land use and LU change,kg CO2 eq,4.0,,0.0178,1 ha worked,13_chara,0.0712,1.0,,0.131,1 ha worked,16_chara,0.131,3.0,,0.00673,1 ha worked,11_chara,0.02019,1.0,,0.05789999999999999,1 ha worked,12_chara,0.05789999999999999,1.0,,0.0494,1 ha worked,14_chara,0.0494,0.0,,0.0434,1 ha worked,17_chara,0.0,5.1615853659,,0.00132,1 ha worked,15_chara,0.006813292682988,0.336503292682988
C1_2022,C1,2022,ha,"Ecotoxicity, freshwater",CTUe,4.0,,409.06,1 ha worked,13_chara,1636.24,1.0,,2729.37,1 ha worked,16_chara,2729.37,3.0,,235.92,1 ha worked,11_chara,707.76,1.0,,1587.99,1 ha worked,12_chara,1587.99,1.0,,1134.53,1 ha worked,14_chara,1134.53,0.0,,588.66,1 ha worked,17_chara,0.0,5.1615853659,,32.26,1 ha worked,15_chara,166.512743903934,7962.402743903934
C1_2022,C1,2022,ha,"Ecotoxicity, freshwater - inorganics",CTUe,4.0,,66.27,1 ha worked,13_chara,265.08,1.0,,419.04999999999995,1 ha worked,16_chara,419.04999999999995,3.0,,48.84,1 ha worked,11_chara,146.52,1.0,,268.34,1 ha worked,12_chara,268.34,1.0,,140.05,1 ha worked,14_chara,140.05,0.0,,58.77,1 ha worked,17_chara,0.0,5.1615853659,,4.59,1 ha worked,15_chara,23.691676829480997,1262.7316768294806
C1_2022,C1,2022,ha,"Ecotoxicity, freshwater - metals",CTUe,4.0,,322.83,1 ha worked,13_chara,1291.32,1.0,,2187.8900000000003,1 ha worked,16_chara,2187.8900000000003,3.0,,170.45000000000002,1 ha worked,11_chara,511.35,1.0,,1234.5,1 ha worked,12_chara,1234.5,1.0,,954.07,1 ha worked,14_chara,954.07,0.0,,515.3100000000001,1 ha worked,17_chara,0.0,5.1615853659,,26.36,1 ha worked,15_chara,136.05939024512398,6315.189390245123
C1_2022,C1,2022,ha,"Ecotoxicity, freshwater - organics",CTUe,4.0,,19.96,1 ha worked,13_chara,79.84,1.0,,122.43,1 ha worked,16_chara,122.43,3.0,,16.64,1 ha worked,11_chara,49.92,1.0,,85.15,1 ha worked,12_chara,85.15,1.0,,40.410000000000004,1 ha worked,14_chara,40.410000000000004,0.0,,14.58,1 ha worked,17_chara,0.0,5.1615853659,,1.31,1 ha worked,15_chara,6.761676829329,384.5116768293291
C1_2022,C1,2022,ha,"Eutrophication, freshwater",kg P eq,4.0,,0.00346,1 ha worked,13_chara,0.01384,1.0,,0.0236,1 ha worked,16_chara,0.0236,3.0,,0.0014600000000000001,1 ha worked,11_chara,0.00438,1.0,,0.0129,1 ha worked,12_chara,0.0129,1.0,,0.0116,1 ha worked,14_chara,0.0116,0.0,,0.00685,1 ha worked,17_chara,0.0,5.1615853659,,0.000272,1 ha worked,15_chara,0.0014039512195247999,0.0677239512195248
C1_2022,C1,2022,ha,"Eutrophication, marine",kg N eq,4.0,,0.1,1 ha worked,13_chara,0.4,1.0,,0.729,1 ha worked,16_chara,0.729,3.0,,0.08460000000000001,1 ha worked,11_chara,0.2538,1.0,,0.444,1 ha worked,12_chara,0.444,1.0,,0.213,1 ha worked,14_chara,0.213,0.0,,0.0206,1 ha worked,17_chara,0.0,5.1615853659,,0.0064600000000000005,1 ha worked,15_chara,0.033343841463714004,2.073143841463714
C1_2022,C1,2022,ha,"Eutrophication, terrestrial",mol N eq,4.0,,1.1,1 ha worked,13_chara,4.4,1.0,,7.97,1 ha worked,16_chara,7.97,3.0,,0.927,1 ha worked,11_chara,2.781,1.0,,4.86,1 ha worked,12_chara,4.86,1.0,,2.33,1 ha worked,14_chara,2.33,0.0,,0.21800000000000003,1 ha worked,17_chara,0.0,5.1615853659,,0.0704,1 ha worked,15_chara,0.36337560975936,22.70437560975936
C1_2022,C1,2022,ha,"Human toxicity, cancer",CTUh,4.0,,1.96e-08,1 ha worked,13_chara,7.84e-08,1.0,,1.34e-07,1 ha worked,16_chara,1.34e-07,3.0,,1.13e-08,1 ha worked,11_chara,3.39e-08,1.0,,1.03e-07,1 ha worked,12_chara,1.03e-07,1.0,,1.14e-07,1 ha worked,14_chara,1.14e-07,0.0,,5.54e-08,1 ha worked,17_chara,0.0,5.1615853659,,1.91e-09,1 ha worked,15_chara,9.858628048868998e-09,4.73158628048869e-07
C1_2022,C1,2022,ha,"Human toxicity, cancer - inorganics",CTUh,4.0,,3.85e-17,1 ha worked,13_chara,1.54e-16,1.0,,2.22e-16,1 ha worked,16_chara,2.22e-16,3.0,,1.8099999999999998e-17,1 ha worked,11_chara,5.429999999999999e-17,1.0,,1.5199999999999998e-16,1 ha worked,12_chara,1.5199999999999998e-16,1.0,,1.3300000000000002e-16,1 ha worked,14_chara,1.3300000000000002e-16,0.0,,7.46e-17,1 ha worked,17_chara,0.0,5.1615853659,,2.89e-18,1 ha worked,15_chara,1.4916981707451e-17,7.30216981707451e-16
C1_2022,C1,2022,ha,"Human toxicity, cancer - metals",CTUh,4.0,,1.23e-08,1 ha worked,13_chara,4.92e-08,1.0,,8.47e-08,1 ha worked,16_chara,8.47e-08,3.0,,7.91e-09,1 ha worked,11_chara,2.3729999999999998e-08,1.0,,6.970000000000001e-08,1 ha worked,12_chara,6.970000000000001e-08,1.0,,8.050000000000001e-08,1 ha worked,14_chara,8.050000000000001e-08,0.0,,3.55e-08,1 ha worked,17_chara,0.0,5.1615853659,,1.23e-09,1 ha worked,15_chara,6.348750000057e-09,3.14178750000057e-07
C1_2022,C1,2022,ha,"Human toxicity, cancer - organics",CTUh,4.0,,7.2800000000000005e-09,1 ha worked,13_chara,2.9120000000000002e-08,1.0,,4.98e-08,1 ha worked,16_chara,4.98e-08,3.0,,3.4000000000000003e-09,1 ha worked,11_chara,1.02e-08,1.0,,3.3e-08,1 ha worked,12_chara,3.3e-08,1.0,,3.34e-08,1 ha worked,14_chara,3.34e-08,0.0,,2e-08,1 ha worked,17_chara,0.0,5.1615853659,,6.829999999999999e-10,1 ha worked,15_chara,3.5253628049096995e-09,1.590453628049097e-07
C1_2022,C1,2022,ha,"Human toxicity, non-cancer",CTUh,4.0,,5.989999999999999e-07,1 ha worked,13_chara,2.3959999999999996e-06,1.0,,3.46e-06,1 ha worked,16_chara,3.46e-06,3.0,,8.92e-07,1 ha worked,11_chara,2.676e-06,1.0,,2e-06,1 ha worked,12_chara,2e-06,1.0,,1.37e-06,1 ha worked,14_chara,1.37e-06,0.0,,1.0700000000000001e-06,1 ha worked,17_chara,0.0,5.1615853659,,1.27e-07,1 ha worked,15_chara,6.555213414693e-07,1.2557521341469298e-05
C1_2022,C1,2022,ha,"Human toxicity, non-cancer - inorganics",CTUh,4.0,,1.6900000000000002e-07,1 ha worked,13_chara,6.760000000000001e-07,1.0,,1.12e-06,1 ha worked,16_chara,1.12e-06,3.0,,8.97e-08,1 ha worked,11_chara,2.691e-07,1.0,,8.100000000000001e-07,1 ha worked,12_chara,8.100000000000001e-07,1.0,,6.54e-07,1 ha worked,14_chara,6.54e-07,0.0,,3.12e-07,1 ha worked,17_chara,0.0,5.1615853659,,1.02e-08,1 ha worked,15_chara,5.264817073218e-08,3.5817481707321808e-06
C1_2022,C1,2022,ha,"Human toxicity, non-cancer - metals",CTUh,4.0,,4.1999999999999995e-07,1 ha worked,13_chara,1.6799999999999998e-06,1.0,,2.26e-06,1 ha worked,16_chara,2.26e-06,3.0,,7.98e-07,1 ha worked,11_chara,2.3940000000000003e-06,1.0,,1.16e-06,1 ha worked,12_chara,1.16e-06,1.0,,6.99e-07,1 ha worked,14_chara,6.99e-07,0.0,,7.47e-07,1 ha worked,17_chara,0.0,5.1615853659,,1.16e-07,1 ha worked,15_chara,5.987439024444e-07,8.7917439024444e-06
C1_2022,C1,2022,ha,"Human toxicity, non-cancer - organics",CTUh,4.0,,1.16e-08,1 ha worked,13_chara,4.64e-08,1.0,,8.660000000000001e-08,1 ha worked,16_chara,8.660000000000001e-08,3.0,,5.48e-09,1 ha worked,11_chara,1.644e-08,1.0,,3.8200000000000005e-08,1 ha worked,12_chara,3.8200000000000005e-08,1.0,,2.67e-08,1 ha worked,14_chara,2.67e-08,0.0,,1.5299999999999998e-08,1 ha worked,17_chara,0.0,5.1615853659,,1.08e-09,1 ha worked,15_chara,5.574512195171999e-09,2.1991451219517203e-07
C1_2022,C1,2022,ha,Ionising radiation,kBq U-235 eq,4.0,,1.72,1 ha worked,13_chara,6.88,1.0,,10.49,1 ha worked,16_chara,10.49,3.0,,1.27,1 ha worked,11_chara,3.81,1.0,,7.89,1 ha worked,12_chara,7.89,1.0,,4.319999999999999,1 ha worked,14_chara,4.319999999999999,0.0,,1.75,1 ha worked,17_chara,0.0,5.1615853659,,0.115,1 ha worked,15_chara,0.5935823170785,33.9835823170785
C1_2022,C1,2022,ha,Land use,Pt,4.0,,145.23,1 ha worked,13_chara,580.92,1.0,,800.14,1 ha worked,16_chara,800.14,3.0,,137.54,1 ha worked,11_chara,412.62,1.0,,641.1899999999999,1 ha worked,12_chara,641.1899999999999,1.0,,418.1,1 ha worked,14_chara,418.1,0.0,,168.95000000000002,1 ha worked,17_chara,0.0,5.1615853659,,100.13,1 ha worked,15_chara,516.8295426875669,3369.799542687567
C1_2022,C1,2022,ha,Ozone depletion,kg CFC11 eq,4.0,,4.960000000000001e-06,1 ha worked,13_chara,1.9840000000000003e-05,1.0,,3.03e-05,1 ha worked,16_chara,3.03e-05,3.0,,4.17e-06,1 ha worked,11_chara,1.251e-05,1.0,,2.13e-05,1 ha worked,12_chara,2.13e-05,1.0,,9.97e-06,1 ha worked,14_chara,9.97e-06,0.0,,3.52e-06,1 ha worked,17_chara,0.0,5.1615853659,,3.2200000000000005e-07,1 ha worked,15_chara,1.6620304878198e-06,9.558203048781981e-05
C1_2022,C1,2022,ha,Particulate matter,disease inc.,4.0,,8.429999999999999e-07,1 ha worked,13_chara,3.3719999999999996e-06,1.0,,5.39e-06,1 ha worked,16_chara,5.39e-06,3.0,,6.229999999999999e-07,1 ha worked,11_chara,1.8689999999999998e-06,1.0,,3.6599999999999997e-06,1 ha worked,12_chara,3.6599999999999997e-06,1.0,,2.78e-06,1 ha worked,14_chara,2.78e-06,0.0,,1.42e-06,1 ha worked,17_chara,0.0,5.1615853659,,1.22e-07,1 ha worked,15_chara,6.297134146398e-07,1.77007134146398e-05
C1_2022,C1,2022,ha,Photochemical ozone formation,kg NMVOC eq,4.0,,0.305,1 ha worked,13_chara,1.22,1.0,,2.2,1 ha worked,16_chara,2.2,3.0,,0.249,1 ha worked,11_chara,0.747,1.0,,1.33,1 ha worked,12_chara,1.33,1.0,,0.67,1 ha worked,14_chara,0.67,0.0,,0.107,1 ha worked,17_chara,0.0,5.1615853659,,0.0194,1 ha worked,15_chara,0.10013475609846,6.26713475609846
C1_2022,C1,2022,ha,"Resource use, fossils",MJ,4.0,,357.29999999999995,1 ha worked,13_chara,1429.1999999999998,1.0,,2174.67,1 ha worked,16_chara,2174.67,3.0,,273.81,1 ha worked,11_chara,821.4300000000001,1.0,,1630.72,1 ha worked,12_chara,1630.72,1.0,,863.0400000000001,1 ha worked,14_chara,863.0400000000001,0.0,,337.64000000000004,1 ha worked,17_chara,0.0,5.1615853659,,23.53,1 ha worked,15_chara,121.452103659627,7040.512103659627
C1_2022,C1,2022,ha,"Resource use, minerals and metals",kg Sb eq,4.0,,0.00031400000000000004,1 ha worked,13_chara,0.0012560000000000002,1.0,,0.0025800000000000003,1 ha worked,16_chara,0.0025800000000000003,3.0,,0.000127,1 ha worked,11_chara,0.000381,1.0,,0.000917,1 ha worked,12_chara,0.000917,1.0,,0.00062,1 ha worked,14_chara,0.00062,0.0,,0.00037,1 ha worked,17_chara,0.0,5.1615853659,,2.91e-05,1 ha worked,15_chara,0.00015020213414769,0.00590420213414769
C1_2022,C1,2022,ha,Water use,m3 depriv.,4.0,,2.11,1 ha worked,13_chara,8.44,1.0,,12.8,1 ha worked,16_chara,12.8,3.0,,0.8550000000000001,1 ha worked,11_chara,2.5650000000000004,1.0,,7.94,1 ha worked,12_chara,7.94,1.0,,6.409999999999999,1 ha worked,14_chara,6.409999999999999,0.0,,3.44,1 ha worked,17_chara,0.0,5.1615853659,,0.235,1 ha worked,15_chara,1.2129725609864999,39.3679725609865
C1_2023,C1,2023,ha,Acidification,mol H+ eq,3.0,,0.253,1 ha worked,13_chara,0.759,1.0,,1.7899999999999998,1 ha worked,16_chara,1.7899999999999998,3.0,,0.20199999999999999,1 ha worked,11_chara,0.606,1.0,,1.1,1 ha worked,12_chara,1.1,1.0,,0.5670000000000001,1 ha worked,14_chara,0.5670000000000001,0.0,,0.116,1 ha worked,17_chara,0.0,5.7336849044,,0.0167,1 ha worked,15_chara,0.09575253790347998,4.91775253790348
C1_2023,C1,2023,ha,Climate change,kg CO2 eq,3.0,,26.88,1 ha worked,13_chara,80.64,1.0,,165.89,1 ha worked,16_chara,165.89,3.0,,20.45,1 ha worked,11_chara,61.349999999999994,1.0,,124.18,1 ha worked,12_chara,124.18,1.0,,69.64999999999999,1 ha worked,14_chara,69.64999999999999,0.0,,28.27,1 ha worked,17_chara,0.0,5.7336849044,,1.93,1 ha worked,15_chara,11.066011865492,512.776011865492
C1_2023,C1,2023,ha,Climate change - Biogenic,kg CO2 eq,3.0,,0.0373,1 ha worked,13_chara,0.1119,1.0,,0.17600000000000002,1 ha worked,16_chara,0.17600000000000002,3.0,,0.028499999999999998,1 ha worked,11_chara,0.08549999999999999,1.0,,0.145,1 ha worked,12_chara,0.145,1.0,,0.0992,1 ha worked,14_chara,0.0992,0.0,,0.0452,1 ha worked,17_chara,0.0,5.7336849044,,0.0211,1 ha worked,15_chara,0.12098075148284,0.7385807514828401
C1_2023,C1,2023,ha,Climate change - Fossil,kg CO2 eq,3.0,,26.830000000000002,1 ha worked,13_chara,80.49000000000001,1.0,,165.57999999999998,1 ha worked,16_chara,165.57999999999998,3.0,,20.41,1 ha worked,11_chara,61.230000000000004,1.0,,123.97,1 ha worked,12_chara,123.97,1.0,,69.50999999999999,1 ha worked,14_chara,69.50999999999999,0.0,,28.180000000000003,1 ha worked,17_chara,0.0,5.7336849044,,1.9100000000000001,1 ha worked,15_chara,10.951338167404,511.731338167404
C1_2023,C1,2023,ha,Climate change - Land use and LU change,kg CO2 eq,3.0,,0.0178,1 ha worked,13_chara,0.0534,1.0,,0.131,1 ha worked,16_chara,0.131,3.0,,0.00673,1 ha worked,11_chara,0.02019,1.0,,0.05789999999999999,1 ha worked,12_chara,0.05789999999999999,1.0,,0.0494,1 ha worked,14_chara,0.0494,0.0,,0.0434,1 ha worked,17_chara,0.0,5.7336849044,,0.00132,1 ha worked,15_chara,0.007568464073807999,0.319458464073808
C1_2023,C1,2023,ha,"Ecotoxicity, freshwater",CTUe,3.0,,409.06,1 ha worked,13_chara,1227.18,1.0,,2729.37,1 ha worked,16_chara,2729.37,3.0,,235.92,1 ha worked,11_chara,707.76,1.0,,1587.99,1 ha worked,12_chara,1587.99,1.0,,1134.53,1 ha worked,14_chara,1134.53,0.0,,588.66,1 ha worked,17_chara,0.0,5.7336849044,,32.26,1 ha worked,15_chara,184.96867501594397,7571.798675015943
C1_2023,C1,2023,ha,"Ecotoxicity, freshwater - inorganics",CTUe,3.0,,66.27,1 ha worked,13_chara,198.81,1.0,,419.04999999999995,1 ha worked,16_chara,419.04999999999995,3.0,,48.84,1 ha worked,11_chara,146.52,1.0,,268.34,1 ha worked,12_chara,268.34,1.0,,140.05,1 ha worked,14_chara,140.05,0.0,,58.77,1 ha worked,17_chara,0.0,5.7336849044,,4.59,1 ha worked,15_chara,26.317613711195996,1199.0876137111957
C1_2023,C1,2023,ha,"Ecotoxicity, freshwater - metals",CTUe,3.0,,322.83,1 ha worked,13_chara,968.49,1.0,,2187.8900000000003,1 ha worked,16_chara,2187.8900000000003,3.0,,170.45000000000002,1 ha worked,11_chara,511.35,1.0,,1234.5,1 ha worked,12_chara,1234.5,1.0,,954.07,1 ha worked,14_chara,954.07,0.0,,515.3100000000001,1 ha worked,17_chara,0.0,5.7336849044,,26.36,1 ha worked,15_chara,151.139934079984,6007.439934079984
C1_2023,C1,2023,ha,"Ecotoxicity, freshwater - organics",CTUe,3.0,,19.96,1 ha worked,13_chara,59.88,1.0,,122.43,1 ha worked,16_chara,122.43,3.0,,16.64,1 ha worked,11_chara,49.92,1.0,,85.15,1 ha worked,12_chara,85.15,1.0,,40.410000000000004,1 ha worked,14_chara,40.410000000000004,0.0,,14.58,1 ha worked,17_chara,0.0,5.7336849044,,1.31,1 ha worked,15_chara,7.5111272247639995,365.301127224764
C1_2023,C1,2023,ha,"Eutrophication, freshwater",kg P eq,3.0,,0.00346,1 ha worked,13_chara,0.01038,1.0,,0.0236,1 ha worked,16_chara,0.0236,3.0,,0.0014600000000000001,1 ha worked,11_chara,0.00438,1.0,,0.0129,1 ha worked,12_chara,0.0129,1.0,,0.0116,1 ha worked,14_chara,0.0116,0.0,,0.00685,1 ha worked,17_chara,0.0,5.7336849044,,0.000272,1 ha worked,15_chara,0.0015595622939967998,0.0644195622939968
C1_2023,C1,2023,ha,"Eutrophication, marine",kg N eq,3.0,,0.1,1 ha worked,13_chara,0.30000000000000004,1.0,,0.729,1 ha worked,16_chara,0.729,3.0,,0.08460000000000001,1 ha worked,11_chara,0.2538,1.0,,0.444,1 ha worked,12_chara,0.444,1.0,,0.213,1 ha worked,14_chara,0.213,0.0,,0.0206,1 ha worked,17_chara,0.0,5.7336849044,,0.0064600000000000005,1 ha worked,15_chara,0.037039604482424,1.976839604482424
C1_2023,C1,2023,ha,"Eutrophication, terrestrial",mol N eq,3.0,,1.1,1 ha worked,13_chara,3.3000000000000003,1.0,,7.97,1 ha worked,16_chara,7.97,3.0,,0.927,1 ha worked,11_chara,2.781,1.0,,4.86,1 ha worked,12_chara,4.86,1.0,,2.33,1 ha worked,14_chara,2.33,0.0,,0.21800000000000003,1 ha worked,17_chara,0.0,5.7336849044,,0.0704,1 ha worked,15_chara,0.40365141726976,21.64465141726976
C1_2023,C1,2023,ha,"Human toxicity, cancer",CTUh,3.0,,1.96e-08,1 ha worked,13_chara,5.88e-08,1.0,,1.34e-07,1 ha worked,16_chara,1.34e-07,3.0,,1.13e-08,1 ha worked,11_chara,3.39e-08,1.0,,1.03e-07,1 ha worked,12_chara,1.03e-07,1.0,,1.14e-07,1 ha worked,14_chara,1.14e-07,0.0,,5.54e-08,1 ha worked,17_chara,0.0,5.7336849044,,1.91e-09,1 ha worked,15_chara,1.0951338167403999e-08,4.54651338167404e-07
C1_2023,C1,2023,ha,"Human toxicity, cancer - inorganics",CTUh,3.0,,3.85e-17,1 ha worked,13_chara,1.155e-16,1.0,,2.22e-16,1 ha worked,16_chara,2.22e-16,3.0,,1.8099999999999998e-17,1 ha worked,11_chara,5.429999999999999e-17,1.0,,1.5199999999999998e-16,1 ha worked,12_chara,1.5199999999999998e-16,1.0,,1.3300000000000002e-16,1 ha worked,14_chara,1.3300000000000002e-16,0.0,,7.46e-17,1 ha worked,17_chara,0.0,5.7336849044,,2.89e-18,1 ha worked,15_chara,1.6570349373716e-17,6.933703493737159e-16
C1_2023,C1,2023,ha,"Human toxicity, cancer - metals",CTUh,3.0,,1.23e-08,1 ha worked,13_chara,3.69e-08,1.0,,8.47e-08,1 ha worked,16_chara,8.47e-08,3.0,,7.91e-09,1 ha worked,11_chara,2.3729999999999998e-08,1.0,,6.970000000000001e-08,1 ha worked,12_chara,6.970000000000001e-08,1.0,,8.050000000000001e-08,1 ha worked,14_chara,8.050000000000001e-08,0.0,,3.55e-08,1 ha worked,17_chara,0.0,5.7336849044,,1.23e-09,1 ha worked,15_chara,7.052432432412e-09,3.02582432432412e-07
C1_2023,C1,2023,ha,"Human toxicity, cancer - organics",CTUh,3.0,,7.2800000000000005e-09,1 ha worked,13_chara,2.1840000000000002e-08,1.0,,4.98e-08,1 ha worked,16_chara,4.98e-08,3.0,,3.4000000000000003e-09,1 ha worked,11_chara,1.02e-08,1.0,,3.3e-08,1 ha worked,12_chara,3.3e-08,1.0,,3.34e-08,1 ha worked,14_chara,3.34e-08,0.0,,2e-08,1 ha worked,17_chara,0.0,5.7336849044,,6.829999999999999e-10,1 ha worked,15_chara,3.916106789705199e-09,1.521561067897052e-07
C1_2023,C1,2023,ha,"Human toxicity, non-cancer",CTUh,3.0,,5.989999999999999e-07,1 ha worked,13_chara,1.7969999999999997e-06,1.0,,3.46e-06,1 ha worked,16_chara,3.46e-06,3.0,,8.92e-07,1 ha worked,11_chara,2.676e-06,1.0,,2e-06,1 ha worked,12_chara,2e-06,1.0,,1.37e-06,1 ha worked,14_chara,1.37e-06,0.0,,1.0700000000000001e-06,1 ha worked,17_chara,0.0,5.7336849044,,1.27e-07,1 ha worked,15_chara,7.281779828588e-07,1.20311779828588e-05
C1_2023,C1,2023,ha,"Human toxicity, non-cancer - inorganics",CTUh,3.0,,1.6900000000000002e-07,1 ha worked,13_chara,5.070000000000001e-07,1.0,,1.12e-06,1 ha worked,16_chara,1.12e-06,3.0,,8.97e-08,1 ha worked,11_chara,2.691e-07,1.0,,8.100000000000001e-07,1 ha worked,12_chara,8.100000000000001e-07,1.0,,6.54e-07,1 ha worked,14_chara,6.54e-07,0.0,,3.12e-07,1 ha worked,17_chara,0.0,5.7336849044,,1.02e-08,1 ha worked,15_chara,5.8483586024879995e-08,3.41858358602488e-06
C1_2023,C1,2023,ha,"Human toxicity, non-cancer - metals",CTUh,3.0,,4.1999999999999995e-07,1 ha worked,13_chara,1.2599999999999998e-06,1.0,,2.26e-06,1 ha worked,16_chara,2.26e-06,3.0,,7.98e-07,1 ha worked,11_chara,2.3940000000000003e-06,1.0,,1.16e-06,1 ha worked,12_chara,1.16e-06,1.0,,6.99e-07,1 ha worked,14_chara,6.99e-07,0.0,,7.47e-07,1 ha worked,17_chara,0.0,5.7336849044,,1.16e-07,1 ha worked,15_chara,6.651074489104e-07,8.4381074489104e-06
C1_2023,C1,2023,ha,"Human toxicity, non-cancer - organics",CTUh,3.0,,1.16e-08,1 ha worked,13_chara,3.48e-08,1.0,,8.660000000000001e-08,1 ha worked,16_chara,8.660000000000001e-08,3.0,,5.48e-09,1 ha worked,11_chara,1.644e-08,1.0,,3.8200000000000005e-08,1 ha worked,12_chara,3.8200000000000005e-08,1.0,,2.67e-08,1 ha worked,14_chara,2.67e-08,0.0,,1.5299999999999998e-08,1 ha worked,17_chara,0.0,5.7336849044,,1.08e-09,1 ha worked,15_chara,6.192379696752e-09,2.0893237969675202e-07
C1_2023,C1,2023,ha,Ionising radiation,kBq U-235 eq,3.0,,1.72,1 ha worked,13_chara,5.16,1.0,,10.49,1 ha worked,16_chara,10.49,3.0,,1.27,1 ha worked,11_chara,3.81,1.0,,7.89,1 ha worked,12_chara,7.89,1.0,,4.319999999999999,1 ha worked,14_chara,4.319999999999999,0.0,,1.75,1 ha worked,17_chara,0.0,5.7336849044,,0.115,1 ha worked,15_chara,0.659373764006,32.329373764006
C1_2023,C1,2023,ha,Land use,Pt,3.0,,145.23,1 ha worked,13_chara,435.68999999999994,1.0,,800.14,1 ha worked,16_chara,800.14,3.0,,137.54,1 ha worked,11_chara,412.62,1.0,,641.1899999999999,1 ha worked,12_chara,641.1899999999999,1.0,,418.1,1 ha worked,14_chara,418.1,0.0,,168.95000000000002,1 ha worked,17_chara,0.0,5.7336849044,,100.13,1 ha worked,15_chara,574.1138694775719,3281.8538694775716
C1_2023,C1,2023,ha,Ozone depletion,kg CFC11 eq,3.0,,4.960000000000001e-06,1 ha worked,13_chara,1.4880000000000003e-05,1.0,,3.03e-05,1 ha worked,16_chara,3.03e-05,3.0,,4.17e-06,1 ha worked,11_chara,1.251e-05,1.0,,2.13e-05,1 ha worked,12_chara,2.13e-05,1.0,,9.97e-06,1 ha worked,14_chara,9.97e-06,0.0,,3.52e-06,1 ha worked,17_chara,0.0,5.7336849044,,3.2200000000000005e-07,1 ha worked,15_chara,1.8462465392168001e-06,9.08062465392168e-05
C1_2023,C1,2023,ha,Particulate matter,disease inc.,3.0,,8.429999999999999e-07,1 ha worked,13_chara,2.529e-06,1.0,,5.39e-06,1 ha worked,16_chara,5.39e-06,3.0,,6.229999999999999e-07,1 ha worked,11_chara,1.8689999999999998e-06,1.0,,3.6599999999999997e-06,1 ha worked,12_chara,3.6599999999999997e-06,1.0,,2.78e-06,1 ha worked,14_chara,2.78e-06,0.0,,1.42e-06,1 ha worked,17_chara,0.0,5.7336849044,,1.22e-07,1 ha worked,15_chara,6.995095583368e-07,1.6927509558336802e-05
C1_2023,C1,2023,ha,Photochemical ozone formation,kg NMVOC eq,3.0,,0.305,1 ha worked,13_chara,0.915,1.0,,2.2,1 ha worked,16_chara,2.2,3.0,,0.249,1 ha worked,11_chara,0.747,1.0,,1.33,1 ha worked,12_chara,1.33,1.0,,0.67,1 ha worked,14_chara,0.67,0.0,,0.107,1 ha worked,17_chara,0.0,5.7336849044,,0.0194,1 ha worked,15_chara,0.11123348714536,5.97323348714536
C1_2023,C1,2023,ha,"Resource use, fossils",MJ,3.0,,357.29999999999995,1 ha worked,13_chara,1071.8999999999999,1.0,,2174.67,1 ha worked,16_chara,2174.67,3.0,,273.81,1 ha worked,11_chara,821.4300000000001,1.0,,1630.72,1 ha worked,12_chara,1630.72,1.0,,863.0400000000001,1 ha worked,14_chara,863.0400000000001,0.0,,337.64000000000004,1 ha worked,17_chara,0.0,5.7336849044,,23.53,1 ha worked,15_chara,134.913605800532,6696.673605800533
C1_2023,C1,2023,ha,"Resource use, minerals and metals",kg Sb eq,3.0,,0.00031400000000000004,1 ha worked,13_chara,0.0009420000000000001,1.0,,0.0025800000000000003,1 ha worked,16_chara,0.0025800000000000003,3.0,,0.000127,1 ha worked,11_chara,0.000381,1.0,,0.000917,1 ha worked,12_chara,0.000917,1.0,,0.00062,1 ha worked,14_chara,0.00062,0.0,,0.00037,1 ha worked,17_chara,0.0,5.7336849044,,2.91e-05,1 ha worked,15_chara,0.00016685023071803999,0.00560685023071804
C1_2023,C1,2023,ha,Water use,m3 depriv.,3.0,,2.11,1 ha worked,13_chara,6.33,1.0,,12.8,1 ha worked,16_chara,12.8,3.0,,0.8550000000000001,1 ha worked,11_chara,2.5650000000000004,1.0,,7.94,1 ha worked,12_chara,7.94,1.0,,6.409999999999999,1 ha worked,14_chara,6.409999999999999,0.0,,3.44,1 ha worked,17_chara,0.0,5.7336849044,,0.235,1 ha worked,15_chara,1.347415952534,37.392415952534
C1_2024,C1,2024,ha,Acidification,mol H+ eq,3.0,,0.253,1 ha worked,13_chara,0.759,1.0,,1.7899999999999998,1 ha worked,16_chara,1.7899999999999998,6.0,,0.20199999999999999,1 ha worked,11_chara,1.212,1.0,,1.1,1 ha worked,12_chara,1.1,1.0,,0.5670000000000001,1 ha worked,14_chara,0.5670000000000001,0.0,,0.116,1 ha worked,17_chara,0.0,5.3287189629,,0.0167,1 ha worked,15_chara,0.08898960668043,5.516989606680431
C1_2024,C1,2024,ha,Climate change,kg CO2 eq,3.0,,26.88,1 ha worked,13_chara,80.64,1.0,,165.89,1 ha worked,16_chara,165.89,6.0,,20.45,1 ha worked,11_chara,122.69999999999999,1.0,,124.18,1 ha worked,12_chara,124.18,1.0,,69.64999999999999,1 ha worked,14_chara,69.64999999999999,0.0,,28.27,1 ha worked,17_chara,0.0,5.3287189629,,1.93,1 ha worked,15_chara,10.284427598397,573.3444275983969
C1_2024,C1,2024,ha,Climate change - Biogenic,kg CO2 eq,3.0,,0.0373,1 ha worked,13_chara,0.1119,1.0,,0.17600000000000002,1 ha worked,16_chara,0.17600000000000002,6.0,,0.028499999999999998,1 ha worked,11_chara,0.17099999999999999,1.0,,0.145,1 ha worked,12_chara,0.145,1.0,,0.0992,1 ha worked,14_chara,0.0992,0.0,,0.0452,1 ha worked,17_chara,0.0,5.3287189629,,0.0211,1 ha worked,15_chara,0.11243597011719,0.8155359701171899
C1_2024,C1,2024,ha,Climate change - Fossil,kg CO2 eq,3.0,,26.830000000000002,1 ha worked,13_chara,80.49000000000001,1.0,,165.57999999999998,1 ha worked,16_chara,165.57999999999998,6.0,,20.41,1 ha worked,11_chara,122.46000000000001,1.0,,123.97,1 ha worked,12_chara,123.97,1.0,,69.50999999999999,1 ha worked,14_chara,69.50999999999999,0.0,,28.180000000000003,1 ha worked,17_chara,0.0,5.3287189629,,1.9100000000000001,1 ha worked,15_chara,10.177853219139001,572.187853219139
C1_2024,C1,2024,ha,Climate change - Land use and LU change,kg CO2 eq,3.0,,0.0178,1 ha worked,13_chara,0.0534,1.0,,0.131,1 ha worked,16_chara,0.131,6.0,,0.00673,1 ha worked,11_chara,0.04038,1.0,,0.05789999999999999,1 ha worked,12_chara,0.05789999999999999,1.0,,0.0494,1 ha worked,14_chara,0.0494,0.0,,0.0434,1 ha worked,17_chara,0.0,5.3287189629,,0.00132,1 ha worked,15_chara,0.007033909031028,0.339113909031028
C1_2024,C1,2024,ha,"Ecotoxicity, freshwater",CTUe,3.0,,409.06,1 ha worked,13_chara,1227.18,1.0,,2729.37,1 ha worked,16_chara,2729.37,6.0,,235.92,1 ha worked,11_chara,1415.52,1.0,,1587.99,1 ha worked,12_chara,1587.99,1.0,,1134.53,1 ha worked,14_chara,1134.53,0.0,,588.66,1 ha worked,17_chara,0.0,5.3287189629,,32.26,1 ha worked,15_chara,171.904473743154,8266.494473743152
C1_2024,C1,2024,ha,"Ecotoxicity, freshwater - inorganics",CTUe,3.0,,66.27,1 ha worked,13_chara,198.81,1.0,,419.04999999999995,1 ha worked,16_chara,419.04999999999995,6.0,,48.84,1 ha worked,11_chara,293.04,1.0,,268.34,1 ha worked,12_chara,268.34,1.0,,140.05,1 ha worked,14_chara,140.05,0.0,,58.77,1 ha worked,17_chara,0.0,5.3287189629,,4.59,1 ha worked,15_chara,24.458820039711,1343.7488200397108
C1_2024,C1,2024,ha,"Ecotoxicity, freshwater - metals",CTUe,3.0,,322.83,1 ha worked,13_chara,968.49,1.0,,2187.8900000000003,1 ha worked,16_chara,2187.8900000000003,6.0,,170.45000000000002,1 ha worked,11_chara,1022.7,1.0,,1234.5,1 ha worked,12_chara,1234.5,1.0,,954.07,1 ha worked,14_chara,954.07,0.0,,515.3100000000001,1 ha worked,17_chara,0.0,5.3287189629,,26.36,1 ha worked,15_chara,140.465031862044,6508.115031862044
C1_2024,C1,2024,ha,"Ecotoxicity, freshwater - organics",CTUe,3.0,,19.96,1 ha worked,13_chara,59.88,1.0,,122.43,1 ha worked,16_chara,122.43,6.0,,16.64,1 ha worked,11_chara,99.84,1.0,,85.15,1 ha worked,12_chara,85.15,1.0,,40.410000000000004,1 ha worked,14_chara,40.410000000000004,0.0,,14.58,1 ha worked,17_chara,0.0,5.3287189629,,1.31,1 ha worked,15_chara,6.980621841399,414.690621841399
C1_2024,C1,2024,ha,"Eutrophication, freshwater",kg P eq,3.0,,0.00346,1 ha worked,13_chara,0.01038,1.0,,0.0236,1 ha worked,16_chara,0.0236,6.0,,0.0014600000000000001,1 ha worked,11_chara,0.00876,1.0,,0.0129,1 ha worked,12_chara,0.0129,1.0,,0.0116,1 ha worked,14_chara,0.0116,0.0,,0.00685,1 ha worked,17_chara,0.0,5.3287189629,,0.000272,1 ha worked,15_chara,0.0014494115579088,0.0686894115579088
C1_2024,C1,2024,ha,"Eutrophication, marine",kg N eq,3.0,,0.1,1 ha worked,13_chara,0.30000000000000004,1.0,,0.729,1 ha worked,16_chara,0.729,6.0,,0.08460000000000001,1 ha worked,11_chara,0.5076,1.0,,0.444,1 ha worked,12_chara,0.444,1.0,,0.213,1 ha worked,14_chara,0.213,0.0,,0.0206,1 ha worked,17_chara,0.0,5.3287189629,,0.0064600000000000005,1 ha worked,15_chara,0.034423524500334,2.228023524500334
C1_2024,C1,2024,ha,"Eutrophication, terrestrial",mol N eq,3.0,,1.1,1 ha worked,13_chara,3.3000000000000003,1.0,,7.97,1 ha worked,16_chara,7.97,6.0,,0.927,1 ha worked,11_chara,5.562,1.0,,4.86,1 ha worked,12_chara,4.86,1.0,,2.33,1 ha worked,14_chara,2.33,0.0,,0.21800000000000003,1 ha worked,17_chara,0.0,5.3287189629,,0.0704,1 ha worked,15_chara,0.37514181498816,24.39714181498816
C1_2024,C1,2024,ha,"Human toxicity, cancer",CTUh,3.0,,1.96e-08,1 ha worked,13_chara,5.88e-08,1.0,,1.34e-07,1 ha worked,16_chara,1.34e-07,6.0,,1.13e-08,1 ha worked,11_chara,6.78e-08,1.0,,1.03e-07,1 ha worked,12_chara,1.03e-07,1.0,,1.14e-07,1 ha worked,14_chara,1.14e-07,0.0,,5.54e-08,1 ha worked,17_chara,0.0,5.3287189629,,1.91e-09,1 ha worked,15_chara,1.0177853219138999e-08,4.87777853219139e-07
C1_2024,C1,2024,ha,"Human toxicity, cancer - inorganics",CTUh,3.0,,3.85e-17,1 ha worked,13_chara,1.155e-16,1.0,,2.22e-16,1 ha worked,16_chara,2.22e-16,6.0,,1.8099999999999998e-17,1 ha worked,11_chara,1.0859999999999998e-16,1.0,,1.5199999999999998e-16,1 ha worked,12_chara,1.5199999999999998e-16,1.0,,1.3300000000000002e-16,1 ha worked,14_chara,1.3300000000000002e-16,0.0,,7.46e-17,1 ha worked,17_chara,0.0,5.3287189629,,2.89e-18,1 ha worked,15_chara,1.5399997802781e-17,7.46499997802781e-16
C1_2024,C1,2024,ha,"Human toxicity, cancer - metals",CTUh,3.0,,1.23e-08,1 ha worked,13_chara,3.69e-08,1.0,,8.47e-08,1 ha worked,16_chara,8.47e-08,6.0,,7.91e-09,1 ha worked,11_chara,4.7459999999999996e-08,1.0,,6.970000000000001e-08,1 ha worked,12_chara,6.970000000000001e-08,1.0,,8.050000000000001e-08,1 ha worked,14_chara,8.050000000000001e-08,0.0,,3.55e-08,1 ha worked,17_chara,0.0,5.3287189629,,1.23e-09,1 ha worked,15_chara,6.554324324367001e-09,3.25814324324367e-07
C1_2024,C1,2024,ha,"Human toxicity, cancer - organics",CTUh,3.0,,7.2800000000000005e-09,1 ha worked,13_chara,2.1840000000000002e-08,1.0,,4.98e-08,1 ha worked,16_chara,4.98e-08,6.0,,3.4000000000000003e-09,1 ha worked,11_chara,2.04e-08,1.0,,3.3e-08,1 ha worked,12_chara,3.3e-08,1.0,,3.34e-08,1 ha worked,14_chara,3.34e-08,0.0,,2e-08,1 ha worked,17_chara,0.0,5.3287189629,,6.829999999999999e-10,1 ha worked,15_chara,3.6395150516606994e-09,1.620795150516607e-07
C1_2024,C1,2024,ha,"Human toxicity, non-cancer",CTUh,3.0,,5.989999999999999e-07,1 ha worked,13_chara,1.7969999999999997e-06,1.0,,3.46e-06,1 ha worked,16_chara,3.46e-06,6.0,,8.92e-07,1 ha worked,11_chara,5.352e-06,1.0,,2e-06,1 ha worked,12_chara,2e-06,1.0,,1.37e-06,1 ha worked,14_chara,1.37e-06,0.0,,1.0700000000000001e-06,1 ha worked,17_chara,0.0,5.3287189629,,1.27e-07,1 ha worked,15_chara,6.767473082883e-07,1.46557473082883e-05
C1_2024,C1,2024,ha,"Human toxicity, non-cancer - inorganics",CTUh,3.0,,1.6900000000000002e-07,1 ha worked,13_chara,5.070000000000001e-07,1.0,,1.12e-06,1 ha worked,16_chara,1.12e-06,6.0,,8.97e-08,1 ha worked,11_chara,5.382e-07,1.0,,8.100000000000001e-07,1 ha worked,12_chara,8.100000000000001e-07,1.0,,6.54e-07,1 ha worked,14_chara,6.54e-07,0.0,,3.12e-07,1 ha worked,17_chara,0.0,5.3287189629,,1.02e-08,1 ha worked,15_chara,5.435293342158e-08,3.6835529334215798e-06
C1_2024,C1,2024,ha,"Human toxicity, non-cancer - metals",CTUh,3.0,,4.1999999999999995e-07,1 ha worked,13_chara,1.2599999999999998e-06,1.0,,2.26e-06,1 ha worked,16_chara,2.26e-06,6.0,,7.98e-07,1 ha worked,11_chara,4.7880000000000006e-06,1.0,,1.16e-06,1 ha worked,12_chara,1.16e-06,1.0,,6.99e-07,1 ha worked,14_chara,6.99e-07,0.0,,7.47e-07,1 ha worked,17_chara,0.0,5.3287189629,,1.16e-07,1 ha worked,15_chara,6.181313996964e-07,1.07851313996964e-05
C1_2024,C1,2024,ha,"Human toxicity, non-cancer - organics",CTUh,3.0,,1.16e-08,1 ha worked,13_chara,3.48e-08,1.0,,8.660000000000001e-08,1 ha worked,16_chara,8.660000000000001e-08,6.0,,5.48e-09,1 ha worked,11_chara,3.288e-08,1.0,,3.8200000000000005e-08,1 ha worked,12_chara,3.8200000000000005e-08,1.0,,2.67e-08,1 ha worked,14_chara,2.67e-08,0.0,,1.5299999999999998e-08,1 ha worked,17_chara,0.0,5.3287189629,,1.08e-09,1 ha worked,15_chara,5.755016479932e-09,2.2493501647993204e-07
C1_2024,C1,2024,ha,Ionising radiation,kBq U-235 eq,3.0,,1.72,1 ha worked,13_chara,5.16,1.0,,10.49,1 ha worked,16_chara,10.49,6.0,,1.27,1 ha worked,11_chara,7.62,1.0,,7.89,1 ha worked,12_chara,7.89,1.0,,4.319999999999999,1 ha worked,14_chara,4.319999999999999,0.0,,1.75,1 ha worked,17_chara,0.0,5.3287189629,,0.115,1 ha worked,15_chara,0.6128026807335001,36.0928026807335
C1_2024,C1,2024,ha,Land use,Pt,3.0,,145.23,1 ha worked,13_chara,435.68999999999994,1.0,,800.14,1 ha worked,16_chara,800.14,6.0,,137.54,1 ha worked,11_chara,825.24,1.0,,641.1899999999999,1 ha worked,12_chara,641.1899999999999,1.0,,418.1,1 ha worked,14_chara,418.1,0.0,,168.95000000000002,1 ha worked,17_chara,0.0,5.3287189629,,100.13,1 ha worked,15_chara,533.564629755177,3653.9246297551767
C1_2024,C1,2024,ha,Ozone depletion,kg CFC11 eq,3.0,,4.960000000000001e-06,1 ha worked,13_chara,1.4880000000000003e-05,1.0,,3.03e-05,1 ha worked,16_chara,3.03e-05,6.0,,4.17e-06,1 ha worked,11_chara,2.502e-05,1.0,,2.13e-05,1 ha worked,12_chara,2.13e-05,1.0,,9.97e-06,1 ha worked,14_chara,9.97e-06,0.0,,3.52e-06,1 ha worked,17_chara,0.0,5.3287189629,,3.2200000000000005e-07,1 ha worked,15_chara,1.7158475060538003e-06,0.0001031858475060538
C1_2024,C1,2024,ha,Particulate matter,disease inc.,3.0,,8.429999999999999e-07,1 ha worked,13_chara,2.529e-06,1.0,,5.39e-06,1 ha worked,16_chara,5.39e-06,6.0,,6.229999999999999e-07,1 ha worked,11_chara,3.7379999999999996e-06,1.0,,3.6599999999999997e-06,1 ha worked,12_chara,3.6599999999999997e-06,1.0,,2.78e-06,1 ha worked,14_chara,2.78e-06,0.0,,1.42e-06,1 ha worked,17_chara,0.0,5.3287189629,,1.22e-07,1 ha worked,15_chara,6.501037134738e-07,1.87471037134738e-05
C1_2024,C1,2024,ha,Photochemical ozone formation,kg NMVOC eq,3.0,,0.305,1 ha worked,13_chara,0.915,1.0,,2.2,1 ha worked,16_chara,2.2,6.0,,0.249,1 ha worked,11_chara,1.494,1.0,,1.33,1 ha worked,12_chara,1.33,1.0,,0.67,1 ha worked,14_chara,0.67,0.0,,0.107,1 ha worked,17_chara,0.0,5.3287189629,,0.0194,1 ha worked,15_chara,0.10337714788026,6.71237714788026
C1_2024,C1,2024,ha,"Resource use, fossils",MJ,3.0,,357.29999999999995,1 ha worked,13_chara,1071.8999999999999,1.0,,2174.67,1 ha worked,16_chara,2174.67,6.0,,273.81,1 ha worked,11_chara,1642.8600000000001,1.0,,1630.72,1 ha worked,12_chara,1630.72,1.0,,863.0400000000001,1 ha worked,14_chara,863.0400000000001,0.0,,337.64000000000004,1 ha worked,17_chara,0.0,5.3287189629,,23.53,1 ha worked,15_chara,125.384757197037,7508.574757197038
C1_2024,C1,2024,ha,"Resource use, minerals and metals",kg Sb eq,3.0,,0.00031400000000000004,1 ha worked,13_chara,0.0009420000000000001,1.0,,0.0025800000000000003,1 ha worked,16_chara,0.0025800000000000003,6.0,,0.000127,1 ha worked,11_chara,0.000762,1.0,,0.000917,1 ha worked,12_chara,0.000917,1.0,,0.00062,1 ha worked,14_chara,0.00062,0.0,,0.00037,1 ha worked,17_chara,0.0,5.3287189629,,2.91e-05,1 ha worked,15_chara,0.00015506572182039,0.005976065721820391
C1_2024,C1,2024,ha,Water use,m3 depriv.,3.0,,2.11,1 ha worked,13_chara,6.33,1.0,,12.8,1 ha worked,16_chara,12.8,6.0,,0.8550000000000001,1 ha worked,11_chara,5.130000000000001,1.0,,7.94,1 ha worked,12_chara,7.94,1.0,,6.409999999999999,1 ha worked,14_chara,6.409999999999999,0.0,,3.44,1 ha worked,17_chara,0.0,5.3287189629,,0.235,1 ha worked,15_chara,1.2522489562815,39.8622489562815
C2_2022,C2,2022,ha,Acidification,mol H+ eq,3.0,,0.253,1 ha worked,13_chara,0.759,1.0,,1.7899999999999998,1 ha worked,16_chara,1.7899999999999998,2.0,,0.20199999999999999,1 ha worked,11_chara,0.40399999999999997,1.0,,1.1,1 ha worked,12_chara,1.1,1.0,,0.5670000000000001,1 ha worked,14_chara,0.5670000000000001,0.0,,0.116,1 ha worked,17_chara,0.0,4.2244568145,,0.0167,1 ha worked,15_chara,0.07054842880215,4.69054842880215
C2_2022,C2,2022,ha,Climate change,kg CO2 eq,3.0,,26.88,1 ha worked,13_chara,80.64,1.0,,165.89,1 ha worked,16_chara,165.89,2.0,,20.45,1 ha worked,11_chara,40.9,1.0,,124.18,1 ha worked,12_chara,124.18,1.0,,69.64999999999999,1 ha worked,14_chara,69.64999999999999,0.0,,28.27,1 ha worked,17_chara,0.0,4.2244568145,,1.93,1 ha worked,15_chara,8.153201651985,489.41320165198493
C2_2022,C2,2022,ha,Climate change - Biogenic,kg CO2 eq,3.0,,0.0373,1 ha worked,13_chara,0.1119,1.0,,0.17600000000000002,1 ha worked,16_chara,0.17600000000000002,2.0,,0.028499999999999998,1 ha worked,11_chara,0.056999999999999995,1.0,,0.145,1 ha worked,12_chara,0.145,1.0,,0.0992,1 ha worked,14_chara,0.0992,0.0,,0.0452,1 ha worked,17_chara,0.0,4.2244568145,,0.0211,1 ha worked,15_chara,0.08913603878595,0.67823603878595
C2_2022,C2,2022,ha,Climate change - Fossil,kg CO2 eq,3.0,,26.830000000000002,1 ha worked,13_chara,80.49000000000001,1.0,,165.57999999999998,1 ha worked,16_chara,165.57999999999998,2.0,,20.41,1 ha worked,11_chara,40.82,1.0,,123.97,1 ha worked,12_chara,123.97,1.0,,69.50999999999999,1 ha worked,14_chara,69.50999999999999,0.0,,28.180000000000003,1 ha worked,17_chara,0.0,4.2244568145,,1.9100000000000001,1 ha worked,15_chara,8.068712515695001,488.438712515695
C2_2022,C2,2022,ha,Climate change - Land use and LU change,kg CO2 eq,3.0,,0.0178,1 ha worked,13_chara,0.0534,1.0,,0.131,1 ha worked,16_chara,0.131,2.0,,0.00673,1 ha worked,11_chara,0.01346,1.0,,0.05789999999999999,1 ha worked,12_chara,0.05789999999999999,1.0,,0.0494,1 ha worked,14_chara,0.0494,0.0,,0.0434,1 ha worked,17_chara,0.0,4.2244568145,,0.00132,1 ha worked,15_chara,0.00557628299514,0.31073628299514
C2_2022,C2,2022,ha,"Ecotoxicity, freshwater",CTUe,3.0,,409.06,1 ha worked,13_chara,1227.18,1.0,,2729.37,1 ha worked,16_chara,2729.37,2.0,,235.92,1 ha worked,11_chara,471.84,1.0,,1587.99,1 ha worked,12_chara,1587.99,1.0,,1134.53,1 ha worked,14_chara,1134.53,0.0,,588.66,1 ha worked,17_chara,0.0,4.2244568145,,32.26,1 ha worked,15_chara,136.28097683577,7287.19097683577
C2_2022,C2,2022,ha,"Ecotoxicity, freshwater - inorganics",CTUe,3.0,,66.27,1 ha worked,13_chara,198.81,1.0,,419.04999999999995,1 ha worked,16_chara,419.04999999999995,2.0,,48.84,1 ha worked,11_chara,97.68,1.0,,268.34,1 ha worked,12_chara,268.34,1.0,,140.05,1 ha worked,14_chara,140.05,0.0,,58.77,1 ha worked,17_chara,0.0,4.2244568145,,4.59,1 ha worked,15_chara,19.390256778555,1143.3202567785547
C2_2022,C2,2022,ha,"Ecotoxicity, freshwater - metals",CTUe,3.0,,322.83,1 ha worked,13_chara,968.49,1.0,,2187.8900000000003,1 ha worked,16_chara,2187.8900000000003,2.0,,170.45000000000002,1 ha worked,11_chara,340.90000000000003,1.0,,1234.5,1 ha worked,12_chara,1234.5,1.0,,954.07,1 ha worked,14_chara,954.07,0.0,,515.3100000000001,1 ha worked,17_chara,0.0,4.2244568145,,26.36,1 ha worked,15_chara,111.35668163022,5797.20668163022
C2_2022,C2,2022,ha,"Ecotoxicity, freshwater - organics",CTUe,3.0,,19.96,1 ha worked,13_chara,59.88,1.0,,122.43,1 ha worked,16_chara,122.43,2.0,,16.64,1 ha worked,11_chara,33.28,1.0,,85.15,1 ha worked,12_chara,85.15,1.0,,40.410000000000004,1 ha worked,14_chara,40.410000000000004,0.0,,14.58,1 ha worked,17_chara,0.0,4.2244568145,,1.31,1 ha worked,15_chara,5.534038426995,346.684038426995
C2_2022,C2,2022,ha,"Eutrophication, freshwater",kg P eq,3.0,,0.00346,1 ha worked,13_chara,0.01038,1.0,,0.0236,1 ha worked,16_chara,0.0236,2.0,,0.0014600000000000001,1 ha worked,11_chara,0.0029200000000000003,1.0,,0.0129,1 ha worked,12_chara,0.0129,1.0,,0.0116,1 ha worked,14_chara,0.0116,0.0,,0.00685,1 ha worked,17_chara,0.0,4.2244568145,,0.000272,1 ha worked,15_chara,0.001149052253544,0.062549052253544
C2_2022,C2,2022,ha,"Eutrophication, marine",kg N eq,3.0,,0.1,1 ha worked,13_chara,0.30000000000000004,1.0,,0.729,1 ha worked,16_chara,0.729,2.0,,0.08460000000000001,1 ha worked,11_chara,0.16920000000000002,1.0,,0.444,1 ha worked,12_chara,0.444,1.0,,0.213,1 ha worked,14_chara,0.213,0.0,,0.0206,1 ha worked,17_chara,0.0,4.2244568145,,0.0064600000000000005,1 ha worked,15_chara,0.027289991021670002,1.88248999102167
C2_2022,C2,2022,ha,"Eutrophication, terrestrial",mol N eq,3.0,,1.1,1 ha worked,13_chara,3.3000000000000003,1.0,,7.97,1 ha worked,16_chara,7.97,2.0,,0.927,1 ha worked,11_chara,1.854,1.0,,4.86,1 ha worked,12_chara,4.86,1.0,,2.33,1 ha worked,14_chara,2.33,0.0,,0.21800000000000003,1 ha worked,17_chara,0.0,4.2244568145,,0.0704,1 ha worked,15_chara,0.2974017597408,20.6114017597408
C2_2022,C2,2022,ha,"Human toxicity, cancer",CTUh,3.0,,1.96e-08,1 ha worked,13_chara,5.88e-08,1.0,,1.34e-07,1 ha worked,16_chara,1.34e-07,2.0,,1.13e-08,1 ha worked,11_chara,2.26e-08,1.0,,1.03e-07,1 ha worked,12_chara,1.03e-07,1.0,,1.14e-07,1 ha worked,14_chara,1.14e-07,0.0,,5.54e-08,1 ha worked,17_chara,0.0,4.2244568145,,1.91e-09,1 ha worked,15_chara,8.068712515695e-09,4.40468712515695e-07
C2_2022,C2,2022,ha,"Human toxicity, cancer - inorganics",CTUh,3.0,,3.85e-17,1 ha worked,13_chara,1.155e-16,1.0,,2.22e-16,1 ha worked,16_chara,2.22e-16,2.0,,1.8099999999999998e-17,1 ha worked,11_chara,3.6199999999999995e-17,1.0,,1.5199999999999998e-16,1 ha worked,12_chara,1.5199999999999998e-16,1.0,,1.3300000000000002e-16,1 ha worked,14_chara,1.3300000000000002e-16,0.0,,7.46e-17,1 ha worked,17_chara,0.0,4.2244568145,,2.89e-18,1 ha worked,15_chara,1.2208680193905e-17,6.709086801939049e-16
C2_2022,C2,2022,ha,"Human toxicity, cancer - metals",CTUh,3.0,,1.23e-08,1 ha worked,13_chara,3.69e-08,1.0,,8.47e-08,1 ha worked,16_chara,8.47e-08,2.0,,7.91e-09,1 ha worked,11_chara,1.582e-08,1.0,,6.970000000000001e-08,1 ha worked,12_chara,6.970000000000001e-08,1.0,,8.050000000000001e-08,1 ha worked,14_chara,8.050000000000001e-08,0.0,,3.55e-08,1 ha worked,17_chara,0.0,4.2244568145,,1.23e-09,1 ha worked,15_chara,5.196081881835e-09,2.92816081881835e-07
C2_2022,C2,2022,ha,"Human toxicity, cancer - organics",CTUh,3.0,,7.2800000000000005e-09,1 ha worked,13_chara,2.1840000000000002e-08,1.0,,4.98e-08,1 ha worked,16_chara,4.98e-08,2.0,,3.4000000000000003e-09,1 ha worked,11_chara,6.8000000000000005e-09,1.0,,3.3e-08,1 ha worked,12_chara,3.3e-08,1.0,,3.34e-08,1 ha worked,14_chara,3.34e-08,0.0,,2e-08,1 ha worked,17_chara,0.0,4.2244568145,,6.829999999999999e-10,1 ha worked,15_chara,2.8853040043034998e-09,1.4772530400430348e-07
C2_2022,C2,2022,ha,"Human toxicity, non-cancer",CTUh,3.0,,5.989999999999999e-07,1 ha worked,13_chara,1.7969999999999997e-06,1.0,,3.46e-06,1 ha worked,16_chara,3.46e-06,2.0,,8.92e-07,1 ha worked,11_chara,1.784e-06,1.0,,2e-06,1 ha worked,12_chara,2e-06,1.0,,1.37e-06,1 ha worked,14_chara,1.37e-06,0.0,,1.0700000000000001e-06,1 ha worked,17_chara,0.0,4.2244568145,,1.27e-07,1 ha worked,15_chara,5.365060154415e-07,1.0947506015441502e-05
C2_2022,C2,2022,ha,"Human toxicity, non-cancer - inorganics",CTUh,3.0,,1.6900000000000002e-07,1 ha worked,13_chara,5.070000000000001e-07,1.0,,1.12e-06,1 ha worked,16_chara,1.12e-06,2.0,,8.97e-08,1 ha worked,11_chara,1.794e-07,1.0,,8.100000000000001e-07,1 ha worked,12_chara,8.100000000000001e-07,1.0,,6.54e-07,1 ha worked,14_chara,6.54e-07,0.0,,3.12e-07,1 ha worked,17_chara,0.0,4.2244568145,,1.02e-08,1 ha worked,15_chara,4.30894595079e-08,3.3134894595079e-06
C2_2022,C2,2022,ha,"Human toxicity, non-cancer - metals",CTUh,3.0,,4.1999999999999995e-07,1 ha worked,13_chara,1.2599999999999998e-06,1.0,,2.26e-06,1 ha worked,16_chara,2.26e-06,2.0,,7.98e-07,1 ha worked,11_chara,1.596e-06,1.0,,1.16e-06,1 ha worked,12_chara,1.16e-06,1.0,,6.99e-07,1 ha worked,14_chara,6.99e-07,0.0,,7.47e-07,1 ha worked,17_chara,0.0,4.2244568145,,1.16e-07,1 ha worked,15_chara,4.90036990482e-07,7.465036990482e-06
C2_2022,C2,2022,ha,"Human toxicity, non-cancer - organics",CTUh,3.0,,1.16e-08,1 ha worked,13_chara,3.48e-08,1.0,,8.660000000000001e-08,1 ha worked,16_chara,8.660000000000001e-08,2.0,,5.48e-09,1 ha worked,11_chara,1.096e-08,1.0,,3.8200000000000005e-08,1 ha worked,12_chara,3.8200000000000005e-08,1.0,,2.67e-08,1 ha worked,14_chara,2.67e-08,0.0,,1.5299999999999998e-08,1 ha worked,17_chara,0.0,4.2244568145,,1.08e-09,1 ha worked,15_chara,4.56241335966e-09,2.0182241335966002e-07
C2_2022,C2,2022,ha,Ionising radiation,kBq U-235 eq,3.0,,1.72,1 ha worked,13_chara,5.16,1.0,,10.49,1 ha worked,16_chara,10.49,2.0,,1.27,1 ha worked,11_chara,2.54,1.0,,7.89,1 ha worked,12_chara,7.89,1.0,,4.319999999999999,1 ha worked,14_chara,4.319999999999999,0.0,,1.75,1 ha worked,17_chara,0.0,4.2244568145,,0.115,1 ha worked,15_chara,0.4858125336675,30.8858125336675
C2_2022,C2,2022,ha,Land use,Pt,3.0,,145.23,1 ha worked,13_chara,435.68999999999994,1.0,,800.14,1 ha worked,16_chara,800.14,2.0,,137.54,1 ha worked,11_chara,275.08,1.0,,641.1899999999999,1 ha worked,12_chara,641.1899999999999,1.0,,418.1,1 ha worked,14_chara,418.1,0.0,,168.95000000000002,1 ha worked,17_chara,0.0,4.2244568145,,100.13,1 ha worked,15_chara,422.994860835885,2993.194860835885
C2_2022,C2,2022,ha,Ozone depletion,kg CFC11 eq,3.0,,4.960000000000001e-06,1 ha worked,13_chara,1.4880000000000003e-05,1.0,,3.03e-05,1 ha worked,16_chara,3.03e-05,2.0,,4.17e-06,1 ha worked,11_chara,8.34e-06,1.0,,2.13e-05,1 ha worked,12_chara,2.13e-05,1.0,,9.97e-06,1 ha worked,14_chara,9.97e-06,0.0,,3.52e-06,1 ha worked,17_chara,0.0,4.2244568145,,3.2200000000000005e-07,1 ha worked,15_chara,1.360275094269e-06,8.615027509426901e-05
C2_2022,C2,2022,ha,Particulate matter,disease inc.,3.0,,8.429999999999999e-07,1 ha worked,13_chara,2.529e-06,1.0,,5.39e-06,1 ha worked,16_chara,5.39e-06,2.0,,6.229999999999999e-07,1 ha worked,11_chara,1.2459999999999998e-06,1.0,,3.6599999999999997e-06,1 ha worked,12_chara,3.6599999999999997e-06,1.0,,2.78e-06,1 ha worked,14_chara,2.78e-06,0.0,,1.42e-06,1 ha worked,17_chara,0.0,4.2244568145,,1.22e-07,1 ha worked,15_chara,5.15383731369e-07,1.6120383731369e-05
C2_2022,C2,2022,ha,Photochemical ozone formation,kg NMVOC eq,3.0,,0.305,1 ha worked,13_chara,0.915,1.0,,2.2,1 ha worked,16_chara,2.2,2.0,,0.249,1 ha worked,11_chara,0.498,1.0,,1.33,1 ha worked,12_chara,1.33,1.0,,0.67,1 ha worked,14_chara,0.67,0.0,,0.107,1 ha worked,17_chara,0.0,4.2244568145,,0.0194,1 ha worked,15_chara,0.0819544622013,5.6949544622013
C2_2022,C2,2022,ha,"Resource use, fossils",MJ,3.0,,357.29999999999995,1 ha worked,13_chara,1071.8999999999999,1.0,,2174.67,1 ha worked,16_chara,2174.67,2.0,,273.81,1 ha worked,11_chara,547.62,1.0,,1630.72,1 ha worked,12_chara,1630.72,1.0,,863.0400000000001,1 ha worked,14_chara,863.0400000000001,0.0,,337.64000000000004,1 ha worked,17_chara,0.0,4.2244568145,,23.53,1 ha worked,15_chara,99.40146884518501,6387.351468845185
C2_2022,C2,2022,ha,"Resource use, minerals and metals",kg Sb eq,3.0,,0.00031400000000000004,1 ha worked,13_chara,0.0009420000000000001,1.0,,0.0025800000000000003,1 ha worked,16_chara,0.0025800000000000003,2.0,,0.000127,1 ha worked,11_chara,0.000254,1.0,,0.000917,1 ha worked,12_chara,0.000917,1.0,,0.00062,1 ha worked,14_chara,0.00062,0.0,,0.00037,1 ha worked,17_chara,0.0,4.2244568145,,2.91e-05,1 ha worked,15_chara,0.00012293169330194998,0.00543593169330195
C2_2022,C2,2022,ha,Water use,m3 depriv.,3.0,,2.11,1 ha worked,13_chara,6.33,1.0,,12.8,1 ha worked,16_chara,12.8,2.0,,0.8550000000000001,1 ha worked,11_chara,1.7100000000000002,1.0,,7.94,1 ha worked,12_chara,7.94,1.0,,6.409999999999999,1 ha worked,14_chara,6.409999999999999,0.0,,3.44,1 ha worked,17_chara,0.0,4.2244568145,,0.235,1 ha worked,15_chara,0.9927473514074999,36.18274735140751
C2_2023,C2,2023,ha,Acidification,mol H+ eq,2.9807308393,,0.253,1 ha worked,13_chara,0.7541249023429,1.0,,1.7899999999999998,1 ha worked,16_chara,1.7899999999999998,3.0,,0.20199999999999999,1 ha worked,11_chara,0.606,1.0,,1.1,1 ha worked,12_chara,1.1,1.0,,0.5670000000000001,1 ha worked,14_chara,0.5670000000000001,0.0,,0.116,1 ha worked,17_chara,0.0,5.0136272893,,0.0167,1 ha worked,15_chara,0.08372757573131,4.900852478074211
C2_2023,C2,2023,ha,Climate change,kg CO2 eq,2.9807308393,,26.88,1 ha worked,13_chara,80.122044960384,1.0,,165.89,1 ha worked,16_chara,165.89,3.0,,20.45,1 ha worked,11_chara,61.349999999999994,1.0,,124.18,1 ha worked,12_chara,124.18,1.0,,69.64999999999999,1 ha worked,14_chara,69.64999999999999,0.0,,28.27,1 ha worked,17_chara,0.0,5.0136272893,,1.93,1 ha worked,15_chara,9.676300668348999,510.8683456287329
C2_2023,C2,2023,ha,Climate change - Biogenic,kg CO2 eq,2.9807308393,,0.0373,1 ha worked,13_chara,0.11118126030589,1.0,,0.17600000000000002,1 ha worked,16_chara,0.17600000000000002,3.0,,0.028499999999999998,1 ha worked,11_chara,0.08549999999999999,1.0,,0.145,1 ha worked,12_chara,0.145,1.0,,0.0992,1 ha worked,14_chara,0.0992,0.0,,0.0452,1 ha worked,17_chara,0.0,5.0136272893,,0.0211,1 ha worked,15_chara,0.10578753580422999,0.7226687961101199
C2_2023,C2,2023,ha,Climate change - Fossil,kg CO2 eq,2.9807308393,,26.830000000000002,1 ha worked,13_chara,79.97300841841901,1.0,,165.57999999999998,1 ha worked,16_chara,165.57999999999998,3.0,,20.41,1 ha worked,11_chara,61.230000000000004,1.0,,123.97,1 ha worked,12_chara,123.97,1.0,,69.50999999999999,1 ha worked,14_chara,69.50999999999999,0.0,,28.180000000000003,1 ha worked,17_chara,0.0,5.0136272893,,1.9100000000000001,1 ha worked,15_chara,9.576028122563,509.83903654098197
C2_2023,C2,2023,ha,Climate change - Land use and LU change,kg CO2 eq,2.9807308393,,0.0178,1 ha worked,13_chara,0.05305700893954,1.0,,0.131,1 ha worked,16_chara,0.131,3.0,,0.00673,1 ha worked,11_chara,0.02019,1.0,,0.05789999999999999,1 ha worked,12_chara,0.05789999999999999,1.0,,0.0494,1 ha worked,14_chara,0.0494,0.0,,0.0434,1 ha worked,17_chara,0.0,5.0136272893,,0.00132,1 ha worked,15_chara,0.006617988021875999,0.31816499696141604
C2_2023,C2,2023,ha,"Ecotoxicity, freshwater",CTUe,2.9807308393,,409.06,1 ha worked,13_chara,1219.297757124058,1.0,,2729.37,1 ha worked,16_chara,2729.37,3.0,,235.92,1 ha worked,11_chara,707.76,1.0,,1587.99,1 ha worked,12_chara,1587.99,1.0,,1134.53,1 ha worked,14_chara,1134.53,0.0,,588.66,1 ha worked,17_chara,0.0,5.0136272893,,32.26,1 ha worked,15_chara,161.739616352818,7540.687373476876
C2_2023,C2,2023,ha,"Ecotoxicity, freshwater - inorganics",CTUe,2.9807308393,,66.27,1 ha worked,13_chara,197.533032720411,1.0,,419.04999999999995,1 ha worked,16_chara,419.04999999999995,3.0,,48.84,1 ha worked,11_chara,146.52,1.0,,268.34,1 ha worked,12_chara,268.34,1.0,,140.05,1 ha worked,14_chara,140.05,0.0,,58.77,1 ha worked,17_chara,0.0,5.0136272893,,4.59,1 ha worked,15_chara,23.012549257887,1194.5055819782979
C2_2023,C2,2023,ha,"Ecotoxicity, freshwater - metals",CTUe,2.9807308393,,322.83,1 ha worked,13_chara,962.269336851219,1.0,,2187.8900000000003,1 ha worked,16_chara,2187.8900000000003,3.0,,170.45000000000002,1 ha worked,11_chara,511.35,1.0,,1234.5,1 ha worked,12_chara,1234.5,1.0,,954.07,1 ha worked,14_chara,954.07,0.0,,515.3100000000001,1 ha worked,17_chara,0.0,5.0136272893,,26.36,1 ha worked,15_chara,132.15921534594798,5982.238552197166
C2_2023,C2,2023,ha,"Ecotoxicity, freshwater - organics",CTUe,2.9807308393,,19.96,1 ha worked,13_chara,59.49538755242801,1.0,,122.43,1 ha worked,16_chara,122.43,3.0,,16.64,1 ha worked,11_chara,49.92,1.0,,85.15,1 ha worked,12_chara,85.15,1.0,,40.410000000000004,1 ha worked,14_chara,40.410000000000004,0.0,,14.58,1 ha worked,17_chara,0.0,5.0136272893,,1.31,1 ha worked,15_chara,6.567851748982999,363.97323930141107
C2_2023,C2,2023,ha,"Eutrophication, freshwater",kg P eq,2.9807308393,,0.00346,1 ha worked,13_chara,0.010313328703978,1.0,,0.0236,1 ha worked,16_chara,0.0236,3.0,,0.0014600000000000001,1 ha worked,11_chara,0.00438,1.0,,0.0129,1 ha worked,12_chara,0.0129,1.0,,0.0116,1 ha worked,14_chara,0.0116,0.0,,0.00685,1 ha worked,17_chara,0.0,5.0136272893,,0.000272,1 ha worked,15_chara,0.0013637066226895999,0.0641570353266676
C2_2023,C2,2023,ha,"Eutrophication, marine",kg N eq,2.9807308393,,0.1,1 ha worked,13_chara,0.29807308393000004,1.0,,0.729,1 ha worked,16_chara,0.729,3.0,,0.08460000000000001,1 ha worked,11_chara,0.2538,1.0,,0.444,1 ha worked,12_chara,0.444,1.0,,0.213,1 ha worked,14_chara,0.213,0.0,,0.0206,1 ha worked,17_chara,0.0,5.0136272893,,0.0064600000000000005,1 ha worked,15_chara,0.032388032288878,1.9702611162188781
C2_2023,C2,2023,ha,"Eutrophication, terrestrial",mol N eq,2.9807308393,,1.1,1 ha worked,13_chara,3.2788039232300004,1.0,,7.97,1 ha worked,16_chara,7.97,3.0,,0.927,1 ha worked,11_chara,2.781,1.0,,4.86,1 ha worked,12_chara,4.86,1.0,,2.33,1 ha worked,14_chara,2.33,0.0,,0.21800000000000003,1 ha worked,17_chara,0.0,5.0136272893,,0.0704,1 ha worked,15_chara,0.35295936116672,21.572763284396725
C2_2023,C2,2023,ha,"Human toxicity, cancer",CTUh,2.9807308393,,1.96e-08,1 ha worked,13_chara,5.8422324450280004e-08,1.0,,1.34e-07,1 ha worked,16_chara,1.34e-07,3.0,,1.13e-08,1 ha worked,11_chara,3.39e-08,1.0,,1.03e-07,1 ha worked,12_chara,1.03e-07,1.0,,1.14e-07,1 ha worked,14_chara,1.14e-07,0.0,,5.54e-08,1 ha worked,17_chara,0.0,5.0136272893,,1.91e-09,1 ha worked,15_chara,9.576028122562999e-09,4.52898352572843e-07
C2_2023,C2,2023,ha,"Human toxicity, cancer - inorganics",CTUh,2.9807308393,,3.85e-17,1 ha worked,13_chara,1.1475813731305e-16,1.0,,2.22e-16,1 ha worked,16_chara,2.22e-16,3.0,,1.8099999999999998e-17,1 ha worked,11_chara,5.429999999999999e-17,1.0,,1.5199999999999998e-16,1 ha worked,12_chara,1.5199999999999998e-16,1.0,,1.3300000000000002e-16,1 ha worked,14_chara,1.3300000000000002e-16,0.0,,7.46e-17,1 ha worked,17_chara,0.0,5.0136272893,,2.89e-18,1 ha worked,15_chara,1.4489382866076998e-17,6.90547520179127e-16
C2_2023,C2,2023,ha,"Human toxicity, cancer - metals",CTUh,2.9807308393,,1.23e-08,1 ha worked,13_chara,3.666298932339e-08,1.0,,8.47e-08,1 ha worked,16_chara,8.47e-08,3.0,,7.91e-09,1 ha worked,11_chara,2.3729999999999998e-08,1.0,,6.970000000000001e-08,1 ha worked,12_chara,6.970000000000001e-08,1.0,,8.050000000000001e-08,1 ha worked,14_chara,8.050000000000001e-08,0.0,,3.55e-08,1 ha worked,17_chara,0.0,5.0136272893,,1.23e-09,1 ha worked,15_chara,6.166761565839e-09,3.01459750889229e-07
C2_2023,C2,2023,ha,"Human toxicity, cancer - organics",CTUh,2.9807308393,,7.2800000000000005e-09,1 ha worked,13_chara,2.1699720510104002e-08,1.0,,4.98e-08,1 ha worked,16_chara,4.98e-08,3.0,,3.4000000000000003e-09,1 ha worked,11_chara,1.02e-08,1.0,,3.3e-08,1 ha worked,12_chara,3.3e-08,1.0,,3.34e-08,1 ha worked,14_chara,3.34e-08,0.0,,2e-08,1 ha worked,17_chara,0.0,5.0136272893,,6.829999999999999e-10,1 ha worked,15_chara,3.4243074385918994e-09,1.515240279486959e-07
C2_2023,C2,2023,ha,"Human toxicity, non-cancer",CTUh,2.9807308393,,5.989999999999999e-07,1 ha worked,13_chara,1.7854577727406996e-06,1.0,,3.46e-06,1 ha worked,16_chara,3.46e-06,3.0,,8.92e-07,1 ha worked,11_chara,2.676e-06,1.0,,2e-06,1 ha worked,12_chara,2e-06,1.0,,1.37e-06,1 ha worked,14_chara,1.37e-06,0.0,,1.0700000000000001e-06,1 ha worked,17_chara,0.0,5.0136272893,,1.27e-07,1 ha worked,15_chara,6.367306657411e-07,1.19281884384818e-05
C2_2023,C2,2023,ha,"Human toxicity, non-cancer - inorganics",CTUh,2.9807308393,,1.6900000000000002e-07,1 ha worked,13_chara,5.037435118417e-07,1.0,,1.12e-06,1 ha worked,16_chara,1.12e-06,3.0,,8.97e-08,1 ha worked,11_chara,2.691e-07,1.0,,8.100000000000001e-07,1 ha worked,12_chara,8.100000000000001e-07,1.0,,6.54e-07,1 ha worked,14_chara,6.54e-07,0.0,,3.12e-07,1 ha worked,17_chara,0.0,5.0136272893,,1.02e-08,1 ha worked,15_chara,5.113899835086e-08,3.4079825101925608e-06
C2_2023,C2,2023,ha,"Human toxicity, non-cancer - metals",CTUh,2.9807308393,,4.1999999999999995e-07,1 ha worked,13_chara,1.251906952506e-06,1.0,,2.26e-06,1 ha worked,16_chara,2.26e-06,3.0,,7.98e-07,1 ha worked,11_chara,2.3940000000000003e-06,1.0,,1.16e-06,1 ha worked,12_chara,1.16e-06,1.0,,6.99e-07,1 ha worked,14_chara,6.99e-07,0.0,,7.47e-07,1 ha worked,17_chara,0.0,5.0136272893,,1.16e-07,1 ha worked,15_chara,5.815807655588e-07,8.3464877180648e-06
C2_2023,C2,2023,ha,"Human toxicity, non-cancer - organics",CTUh,2.9807308393,,1.16e-08,1 ha worked,13_chara,3.457647773588e-08,1.0,,8.660000000000001e-08,1 ha worked,16_chara,8.660000000000001e-08,3.0,,5.48e-09,1 ha worked,11_chara,1.644e-08,1.0,,3.8200000000000005e-08,1 ha worked,12_chara,3.8200000000000005e-08,1.0,,2.67e-08,1 ha worked,14_chara,2.67e-08,0.0,,1.5299999999999998e-08,1 ha worked,17_chara,0.0,5.0136272893,,1.08e-09,1 ha worked,15_chara,5.414717472443999e-09,2.07931195208324e-07
C2_2023,C2,2023,ha,Ionising radiation,kBq U-235 eq,2.9807308393,,1.72,1 ha worked,13_chara,5.126857043596,1.0,,10.49,1 ha worked,16_chara,10.49,3.0,,1.27,1 ha worked,11_chara,3.81,1.0,,7.89,1 ha worked,12_chara,7.89,1.0,,4.319999999999999,1 ha worked,14_chara,4.319999999999999,0.0,,1.75,1 ha worked,17_chara,0.0,5.0136272893,,0.115,1 ha worked,15_chara,0.5765671382695,32.2134241818655
C2_2023,C2,2023,ha,Land use,Pt,2.9807308393,,145.23,1 ha worked,13_chara,432.891539791539,1.0,,800.14,1 ha worked,16_chara,800.14,3.0,,137.54,1 ha worked,11_chara,412.62,1.0,,641.1899999999999,1 ha worked,12_chara,641.1899999999999,1.0,,418.1,1 ha worked,14_chara,418.1,0.0,,168.95000000000002,1 ha worked,17_chara,0.0,5.0136272893,,100.13,1 ha worked,15_chara,502.0145004776089,3206.956040269148
C2_2023,C2,2023,ha,Ozone depletion,kg CFC11 eq,2.9807308393,,4.960000000000001e-06,1 ha worked,13_chara,1.4784424962928003e-05,1.0,,3.03e-05,1 ha worked,16_chara,3.03e-05,3.0,,4.17e-06,1 ha worked,11_chara,1.251e-05,1.0,,2.13e-05,1 ha worked,12_chara,2.13e-05,1.0,,9.97e-06,1 ha worked,14_chara,9.97e-06,0.0,,3.52e-06,1 ha worked,17_chara,0.0,5.0136272893,,3.2200000000000005e-07,1 ha worked,15_chara,1.6143879871546001e-06,9.04788129500826e-05
C2_2023,C2,2023,ha,Particulate matter,disease inc.,2.9807308393,,8.429999999999999e-07,1 ha worked,13_chara,2.5127560975298998e-06,1.0,,5.39e-06,1 ha worked,16_chara,5.39e-06,3.0,,6.229999999999999e-07,1 ha worked,11_chara,1.8689999999999998e-06,1.0,,3.6599999999999997e-06,1 ha worked,12_chara,3.6599999999999997e-06,1.0,,2.78e-06,1 ha worked,14_chara,2.78e-06,0.0,,1.42e-06,1 ha worked,17_chara,0.0,5.0136272893,,1.22e-07,1 ha worked,15_chara,6.116625292946e-07,1.68234186268245e-05
C2_2023,C2,2023,ha,Photochemical ozone formation,kg NMVOC eq,2.9807308393,,0.305,1 ha worked,13_chara,0.9091229059865,1.0,,2.2,1 ha worked,16_chara,2.2,3.0,,0.249,1 ha worked,11_chara,0.747,1.0,,1.33,1 ha worked,12_chara,1.33,1.0,,0.67,1 ha worked,14_chara,0.67,0.0,,0.107,1 ha worked,17_chara,0.0,5.0136272893,,0.0194,1 ha worked,15_chara,0.09726436941241999,5.95338727539892
C2_2023,C2,2023,ha,"Resource use, fossils",MJ,2.9807308393,,357.29999999999995,1 ha worked,13_chara,1065.01512888189,1.0,,2174.67,1 ha worked,16_chara,2174.67,3.0,,273.81,1 ha worked,11_chara,821.4300000000001,1.0,,1630.72,1 ha worked,12_chara,1630.72,1.0,,863.0400000000001,1 ha worked,14_chara,863.0400000000001,0.0,,337.64000000000004,1 ha worked,17_chara,0.0,5.0136272893,,23.53,1 ha worked,15_chara,117.970650117229,6672.845778999119
C2_2023,C2,2023,ha,"Resource use, minerals and metals",kg Sb eq,2.9807308393,,0.00031400000000000004,1 ha worked,13_chara,0.0009359494835402001,1.0,,0.0025800000000000003,1 ha worked,16_chara,0.0025800000000000003,3.0,,0.000127,1 ha worked,11_chara,0.000381,1.0,,0.000917,1 ha worked,12_chara,0.000917,1.0,,0.00062,1 ha worked,14_chara,0.00062,0.0,,0.00037,1 ha worked,17_chara,0.0,5.0136272893,,2.91e-05,1 ha worked,15_chara,0.00014589655411862998,0.00557984603765883
C2_2023,C2,2023,ha,Water use,m3 depriv.,2.9807308393,,2.11,1 ha worked,13_chara,6.2893420709229995,1.0,,12.8,1 ha worked,16_chara,12.8,3.0,,0.8550000000000001,1 ha worked,11_chara,2.5650000000000004,1.0,,7.94,1 ha worked,12_chara,7.94,1.0,,6.409999999999999,1 ha worked,14_chara,6.409999999999999,0.0,,3.44,1 ha worked,17_chara,0.0,5.0136272893,,0.235,1 ha worked,15_chara,1.1782024129854998,37.1825444839085
C2_2024,C2,2024,ha,Acidification,mol H+ eq,3.1100066269,,0.253,1 ha worked,13_chara,0.7868316766057001,1.0,,1.7899999999999998,1 ha worked,16_chara,1.7899999999999998,3.0,,0.20199999999999999,1 ha worked,11_chara,0.606,1.0,,1.1,1 ha worked,12_chara,1.1,1.0,,0.5670000000000001,1 ha worked,14_chara,0.5670000000000001,0.0,,0.116,1 ha worked,17_chara,0.0,3.1863817097,,0.0167,1 ha worked,15_chara,0.05321257455199,4.90304425115769
C2_2024,C2,2024,ha,Climate change,kg CO2 eq,3.1100066269,,26.88,1 ha worked,13_chara,83.596978131072,1.0,,165.89,1 ha worked,16_chara,165.89,3.0,,20.45,1 ha worked,11_chara,61.349999999999994,1.0,,124.18,1 ha worked,12_chara,124.18,1.0,,69.64999999999999,1 ha worked,14_chara,69.64999999999999,0.0,,28.27,1 ha worked,17_chara,0.0,3.1863817097,,1.93,1 ha worked,15_chara,6.149716699721,510.816694830793
C2_2024,C2,2024,ha,Climate change - Biogenic,kg CO2 eq,3.1100066269,,0.0373,1 ha worked,13_chara,0.11600324718337,1.0,,0.17600000000000002,1 ha worked,16_chara,0.17600000000000002,3.0,,0.028499999999999998,1 ha worked,11_chara,0.08549999999999999,1.0,,0.145,1 ha worked,12_chara,0.145,1.0,,0.0992,1 ha worked,14_chara,0.0992,0.0,,0.0452,1 ha worked,17_chara,0.0,3.1863817097,,0.0211,1 ha worked,15_chara,0.06723265407467001,0.68893590125804
C2_2024,C2,2024,ha,Climate change - Fossil,kg CO2 eq,3.1100066269,,26.830000000000002,1 ha worked,13_chara,83.44147779972701,1.0,,165.57999999999998,1 ha worked,16_chara,165.57999999999998,3.0,,20.41,1 ha worked,11_chara,61.230000000000004,1.0,,123.97,1 ha worked,12_chara,123.97,1.0,,69.50999999999999,1 ha worked,14_chara,69.50999999999999,0.0,,28.180000000000003,1 ha worked,17_chara,0.0,3.1863817097,,1.9100000000000001,1 ha worked,15_chara,6.085989065527,509.817466865254
C2_2024,C2,2024,ha,Climate change - Land use and LU change,kg CO2 eq,3.1100066269,,0.0178,1 ha worked,13_chara,0.05535811795882,1.0,,0.131,1 ha worked,16_chara,0.131,3.0,,0.00673,1 ha worked,11_chara,0.02019,1.0,,0.05789999999999999,1 ha worked,12_chara,0.05789999999999999,1.0,,0.0494,1 ha worked,14_chara,0.0494,0.0,,0.0434,1 ha worked,17_chara,0.0,3.1863817097,,0.00132,1 ha worked,15_chara,0.004206023856804,0.318054141815624
C2_2024,C2,2024,ha,"Ecotoxicity, freshwater",CTUe,3.1100066269,,409.06,1 ha worked,13_chara,1272.1793107997141,1.0,,2729.37,1 ha worked,16_chara,2729.37,3.0,,235.92,1 ha worked,11_chara,707.76,1.0,,1587.99,1 ha worked,12_chara,1587.99,1.0,,1134.53,1 ha worked,14_chara,1134.53,0.0,,588.66,1 ha worked,17_chara,0.0,3.1863817097,,32.26,1 ha worked,15_chara,102.792673954922,7534.621984754635
C2_2024,C2,2024,ha,"Ecotoxicity, freshwater - inorganics",CTUe,3.1100066269,,66.27,1 ha worked,13_chara,206.100139164663,1.0,,419.04999999999995,1 ha worked,16_chara,419.04999999999995,3.0,,48.84,1 ha worked,11_chara,146.52,1.0,,268.34,1 ha worked,12_chara,268.34,1.0,,140.05,1 ha worked,14_chara,140.05,0.0,,58.77,1 ha worked,17_chara,0.0,3.1863817097,,4.59,1 ha worked,15_chara,14.625492047523,1194.6856312121859
C2_2024,C2,2024,ha,"Ecotoxicity, freshwater - metals",CTUe,3.1100066269,,322.83,1 ha worked,13_chara,1004.003439362127,1.0,,2187.8900000000003,1 ha worked,16_chara,2187.8900000000003,3.0,,170.45000000000002,1 ha worked,11_chara,511.35,1.0,,1234.5,1 ha worked,12_chara,1234.5,1.0,,954.07,1 ha worked,14_chara,954.07,0.0,,515.3100000000001,1 ha worked,17_chara,0.0,3.1863817097,,26.36,1 ha worked,15_chara,83.993021867692,5975.806461229819
C2_2024,C2,2024,ha,"Ecotoxicity, freshwater - organics",CTUe,3.1100066269,,19.96,1 ha worked,13_chara,62.07573227292401,1.0,,122.43,1 ha worked,16_chara,122.43,3.0,,16.64,1 ha worked,11_chara,49.92,1.0,,85.15,1 ha worked,12_chara,85.15,1.0,,40.410000000000004,1 ha worked,14_chara,40.410000000000004,0.0,,14.58,1 ha worked,17_chara,0.0,3.1863817097,,1.31,1 ha worked,15_chara,4.174160039707,364.15989231263103
C2_2024,C2,2024,ha,"Eutrophication, freshwater",kg P eq,3.1100066269,,0.00346,1 ha worked,13_chara,0.010760622929074001,1.0,,0.0236,1 ha worked,16_chara,0.0236,3.0,,0.0014600000000000001,1 ha worked,11_chara,0.00438,1.0,,0.0129,1 ha worked,12_chara,0.0129,1.0,,0.0116,1 ha worked,14_chara,0.0116,0.0,,0.00685,1 ha worked,17_chara,0.0,3.1863817097,,0.000272,1 ha worked,15_chara,0.0008666958250384,0.06410731875411241
C2_2024,C2,2024,ha,"Eutrophication, marine",kg N eq,3.1100066269,,0.1,1 ha worked,13_chara,0.31100066269000004,1.0,,0.729,1 ha worked,16_chara,0.729,3.0,,0.08460000000000001,1 ha worked,11_chara,0.2538,1.0,,0.444,1 ha worked,12_chara,0.444,1.0,,0.213,1 ha worked,14_chara,0.213,0.0,,0.0206,1 ha worked,17_chara,0.0,3.1863817097,,0.0064600000000000005,1 ha worked,15_chara,0.020584025844662002,1.971384688534662
C2_2024,C2,2024,ha,"Eutrophication, terrestrial",mol N eq,3.1100066269,,1.1,1 ha worked,13_chara,3.4210072895900003,1.0,,7.97,1 ha worked,16_chara,7.97,3.0,,0.927,1 ha worked,11_chara,2.781,1.0,,4.86,1 ha worked,12_chara,4.86,1.0,,2.33,1 ha worked,14_chara,2.33,0.0,,0.21800000000000003,1 ha worked,17_chara,0.0,3.1863817097,,0.0704,1 ha worked,15_chara,0.22432127236288002,21.586328561952882
C2_2024,C2,2024,ha,"Human toxicity, cancer",CTUh,3.1100066269,,1.96e-08,1 ha worked,13_chara,6.095612988724e-08,1.0,,1.34e-07,1 ha worked,16_chara,1.34e-07,3.0,,1.13e-08,1 ha worked,11_chara,3.39e-08,1.0,,1.03e-07,1 ha worked,12_chara,1.03e-07,1.0,,1.14e-07,1 ha worked,14_chara,1.14e-07,0.0,,5.54e-08,1 ha worked,17_chara,0.0,3.1863817097,,1.91e-09,1 ha worked,15_chara,6.0859890655269995e-09,4.51942118952767e-07
C2_2024,C2,2024,ha,"Human toxicity, cancer - inorganics",CTUh,3.1100066269,,3.85e-17,1 ha worked,13_chara,1.1973525513565e-16,1.0,,2.22e-16,1 ha worked,16_chara,2.22e-16,3.0,,1.8099999999999998e-17,1 ha worked,11_chara,5.429999999999999e-17,1.0,,1.5199999999999998e-16,1 ha worked,12_chara,1.5199999999999998e-16,1.0,,1.3300000000000002e-16,1 ha worked,14_chara,1.3300000000000002e-16,0.0,,7.46e-17,1 ha worked,17_chara,0.0,3.1863817097,,2.89e-18,1 ha worked,15_chara,9.208643141033e-18,6.90243898276683e-16
C2_2024,C2,2024,ha,"Human toxicity, cancer - metals",CTUh,3.1100066269,,1.23e-08,1 ha worked,13_chara,3.825308151087e-08,1.0,,8.47e-08,1 ha worked,16_chara,8.47e-08,3.0,,7.91e-09,1 ha worked,11_chara,2.3729999999999998e-08,1.0,,6.970000000000001e-08,1 ha worked,12_chara,6.970000000000001e-08,1.0,,8.050000000000001e-08,1 ha worked,14_chara,8.050000000000001e-08,0.0,,3.55e-08,1 ha worked,17_chara,0.0,3.1863817097,,1.23e-09,1 ha worked,15_chara,3.919249502931001e-09,3.0080233101380106e-07
C2_2024,C2,2024,ha,"Human toxicity, cancer - organics",CTUh,3.1100066269,,7.2800000000000005e-09,1 ha worked,13_chara,2.2640848243832e-08,1.0,,4.98e-08,1 ha worked,16_chara,4.98e-08,3.0,,3.4000000000000003e-09,1 ha worked,11_chara,1.02e-08,1.0,,3.3e-08,1 ha worked,12_chara,3.3e-08,1.0,,3.34e-08,1 ha worked,14_chara,3.34e-08,0.0,,2e-08,1 ha worked,17_chara,0.0,3.1863817097,,6.829999999999999e-10,1 ha worked,15_chara,2.1762987077250997e-09,1.5121714695155707e-07
C2_2024,C2,2024,ha,"Human toxicity, non-cancer",CTUh,3.1100066269,,5.989999999999999e-07,1 ha worked,13_chara,1.8628939695130998e-06,1.0,,3.46e-06,1 ha worked,16_chara,3.46e-06,3.0,,8.92e-07,1 ha worked,11_chara,2.676e-06,1.0,,2e-06,1 ha worked,12_chara,2e-06,1.0,,1.37e-06,1 ha worked,14_chara,1.37e-06,0.0,,1.0700000000000001e-06,1 ha worked,17_chara,0.0,3.1863817097,,1.27e-07,1 ha worked,15_chara,4.0467047713190004e-07,1.1773564446645e-05
C2_2024,C2,2024,ha,"Human toxicity, non-cancer - inorganics",CTUh,3.1100066269,,1.6900000000000002e-07,1 ha worked,13_chara,5.255911199461001e-07,1.0,,1.12e-06,1 ha worked,16_chara,1.12e-06,3.0,,8.97e-08,1 ha worked,11_chara,2.691e-07,1.0,,8.100000000000001e-07,1 ha worked,12_chara,8.100000000000001e-07,1.0,,6.54e-07,1 ha worked,14_chara,6.54e-07,0.0,,3.12e-07,1 ha worked,17_chara,0.0,3.1863817097,,1.02e-08,1 ha worked,15_chara,3.250109343894e-08,3.41119221338504e-06
C2_2024,C2,2024,ha,"Human toxicity, non-cancer - metals",CTUh,3.1100066269,,4.1999999999999995e-07,1 ha worked,13_chara,1.3062027832979999e-06,1.0,,2.26e-06,1 ha worked,16_chara,2.26e-06,3.0,,7.98e-07,1 ha worked,11_chara,2.3940000000000003e-06,1.0,,1.16e-06,1 ha worked,12_chara,1.16e-06,1.0,,6.99e-07,1 ha worked,14_chara,6.99e-07,0.0,,7.47e-07,1 ha worked,17_chara,0.0,3.1863817097,,1.16e-07,1 ha worked,15_chara,3.6962027832520004e-07,8.1888230616232e-06
C2_2024,C2,2024,ha,"Human toxicity, non-cancer - organics",CTUh,3.1100066269,,1.16e-08,1 ha worked,13_chara,3.607607687204e-08,1.0,,8.660000000000001e-08,1 ha worked,16_chara,8.660000000000001e-08,3.0,,5.48e-09,1 ha worked,11_chara,1.644e-08,1.0,,3.8200000000000005e-08,1 ha worked,12_chara,3.8200000000000005e-08,1.0,,2.67e-08,1 ha worked,14_chara,2.67e-08,0.0,,1.5299999999999998e-08,1 ha worked,17_chara,0.0,3.1863817097,,1.08e-09,1 ha worked,15_chara,3.441292246476e-09,2.0745736911851602e-07
C2_2024,C2,2024,ha,Ionising radiation,kBq U-235 eq,3.1100066269,,1.72,1 ha worked,13_chara,5.349211398268,1.0,,10.49,1 ha worked,16_chara,10.49,3.0,,1.27,1 ha worked,11_chara,3.81,1.0,,7.89,1 ha worked,12_chara,7.89,1.0,,4.319999999999999,1 ha worked,14_chara,4.319999999999999,0.0,,1.75,1 ha worked,17_chara,0.0,3.1863817097,,0.115,1 ha worked,15_chara,0.3664338966155,32.2256452948835
C2_2024,C2,2024,ha,Land use,Pt,3.1100066269,,145.23,1 ha worked,13_chara,451.666262424687,1.0,,800.14,1 ha worked,16_chara,800.14,3.0,,137.54,1 ha worked,11_chara,412.62,1.0,,641.1899999999999,1 ha worked,12_chara,641.1899999999999,1.0,,418.1,1 ha worked,14_chara,418.1,0.0,,168.95000000000002,1 ha worked,17_chara,0.0,3.1863817097,,100.13,1 ha worked,15_chara,319.052400592261,3042.7686630169483
C2_2024,C2,2024,ha,Ozone depletion,kg CFC11 eq,3.1100066269,,4.960000000000001e-06,1 ha worked,13_chara,1.5425632869424003e-05,1.0,,3.03e-05,1 ha worked,16_chara,3.03e-05,3.0,,4.17e-06,1 ha worked,11_chara,1.251e-05,1.0,,2.13e-05,1 ha worked,12_chara,2.13e-05,1.0,,9.97e-06,1 ha worked,14_chara,9.97e-06,0.0,,3.52e-06,1 ha worked,17_chara,0.0,3.1863817097,,3.2200000000000005e-07,1 ha worked,15_chara,1.0260149105234002e-06,9.053164777994742e-05
C2_2024,C2,2024,ha,Particulate matter,disease inc.,3.1100066269,,8.429999999999999e-07,1 ha worked,13_chara,2.6217355864767e-06,1.0,,5.39e-06,1 ha worked,16_chara,5.39e-06,3.0,,6.229999999999999e-07,1 ha worked,11_chara,1.8689999999999998e-06,1.0,,3.6599999999999997e-06,1 ha worked,12_chara,3.6599999999999997e-06,1.0,,2.78e-06,1 ha worked,14_chara,2.78e-06,0.0,,1.42e-06,1 ha worked,17_chara,0.0,3.1863817097,,1.22e-07,1 ha worked,15_chara,3.8873856858340005e-07,1.6709474155060103e-05
C2_2024,C2,2024,ha,Photochemical ozone formation,kg NMVOC eq,3.1100066269,,0.305,1 ha worked,13_chara,0.9485520212045,1.0,,2.2,1 ha worked,16_chara,2.2,3.0,,0.249,1 ha worked,11_chara,0.747,1.0,,1.33,1 ha worked,12_chara,1.33,1.0,,0.67,1 ha worked,14_chara,0.67,0.0,,0.107,1 ha worked,17_chara,0.0,3.1863817097,,0.0194,1 ha worked,15_chara,0.06181580516818,5.95736782637268
C2_2024,C2,2024,ha,"Resource use, fossils",MJ,3.1100066269,,357.29999999999995,1 ha worked,13_chara,1111.20536779137,1.0,,2174.67,1 ha worked,16_chara,2174.67,3.0,,273.81,1 ha worked,11_chara,821.4300000000001,1.0,,1630.72,1 ha worked,12_chara,1630.72,1.0,,863.0400000000001,1 ha worked,14_chara,863.0400000000001,0.0,,337.64000000000004,1 ha worked,17_chara,0.0,3.1863817097,,23.53,1 ha worked,15_chara,74.975561629241,6676.040929420612
C2_2024,C2,2024,ha,"Resource use, minerals and metals",kg Sb eq,3.1100066269,,0.00031400000000000004,1 ha worked,13_chara,0.0009765420808466002,1.0,,0.0025800000000000003,1 ha worked,16_chara,0.0025800000000000003,3.0,,0.000127,1 ha worked,11_chara,0.000381,1.0,,0.000917,1 ha worked,12_chara,0.000917,1.0,,0.00062,1 ha worked,14_chara,0.00062,0.0,,0.00037,1 ha worked,17_chara,0.0,3.1863817097,,2.91e-05,1 ha worked,15_chara,9.272370775227e-05,0.005567265788598871
C2_2024,C2,2024,ha,Water use,m3 depriv.,3.1100066269,,2.11,1 ha worked,13_chara,6.562113982759,1.0,,12.8,1 ha worked,16_chara,12.8,3.0,,0.8550000000000001,1 ha worked,11_chara,2.5650000000000004,1.0,,7.94,1 ha worked,12_chara,7.94,1.0,,6.409999999999999,1 ha worked,14_chara,6.409999999999999,0.0,,3.44,1 ha worked,17_chara,0.0,3.1863817097,,0.235,1 ha worked,15_chara,0.7487997017795,37.025913684538494
C3_2022,C3,2022,ha,Acidification,mol H+ eq,4.0,,0.253,1 ha worked,13_chara,1.012,1.0,,1.7899999999999998,1 ha worked,16_chara,1.7899999999999998,3.0,,0.20199999999999999,1 ha worked,11_chara,0.606,1.0,,1.1,1 ha worked,12_chara,1.1,1.0,,0.5670000000000001,1 ha worked,14_chara,0.5670000000000001,0.0,,0.116,1 ha worked,17_chara,0.0,4.5063733194,,0.0167,1 ha worked,15_chara,0.07525643443397999,5.150256434433979
C3_2022,C3,2022,ha,Climate change,kg CO2 eq,4.0,,26.88,1 ha worked,13_chara,107.52,1.0,,165.89,1 ha worked,16_chara,165.89,3.0,,20.45,1 ha worked,11_chara,61.349999999999994,1.0,,124.18,1 ha worked,12_chara,124.18,1.0,,69.64999999999999,1 ha worked,14_chara,69.64999999999999,0.0,,28.27,1 ha worked,17_chara,0.0,4.5063733194,,1.93,1 ha worked,15_chara,8.697300506442,537.2873005064421
C3_2022,C3,2022,ha,Climate change - Biogenic,kg CO2 eq,4.0,,0.0373,1 ha worked,13_chara,0.1492,1.0,,0.17600000000000002,1 ha worked,16_chara,0.17600000000000002,3.0,,0.028499999999999998,1 ha worked,11_chara,0.08549999999999999,1.0,,0.145,1 ha worked,12_chara,0.145,1.0,,0.0992,1 ha worked,14_chara,0.0992,0.0,,0.0452,1 ha worked,17_chara,0.0,4.5063733194,,0.0211,1 ha worked,15_chara,0.09508447703934,0.74998447703934
C3_2022,C3,2022,ha,Climate change - Fossil,kg CO2 eq,4.0,,26.830000000000002,1 ha worked,13_chara,107.32000000000001,1.0,,165.57999999999998,1 ha worked,16_chara,165.57999999999998,3.0,,20.41,1 ha worked,11_chara,61.230000000000004,1.0,,123.97,1 ha worked,12_chara,123.97,1.0,,69.50999999999999,1 ha worked,14_chara,69.50999999999999,0.0,,28.180000000000003,1 ha worked,17_chara,0.0,4.5063733194,,1.9100000000000001,1 ha worked,15_chara,8.607173040054,536.217173040054
C3_2022,C3,2022,ha,Climate change - Land use and LU change,kg CO2 eq,4.0,,0.0178,1 ha worked,13_chara,0.0712,1.0,,0.131,1 ha worked,16_chara,0.131,3.0,,0.00673,1 ha worked,11_chara,0.02019,1.0,,0.05789999999999999,1 ha worked,12_chara,0.05789999999999999,1.0,,0.0494,1 ha worked,14_chara,0.0494,0.0,,0.0434,1 ha worked,17_chara,0.0,4.5063733194,,0.00132,1 ha worked,15_chara,0.005948412781608,0.335638412781608
C3_2022,C3,2022,ha,"Ecotoxicity, freshwater",CTUe,4.0,,409.06,1 ha worked,13_chara,1636.24,1.0,,2729.37,1 ha worked,16_chara,2729.37,3.0,,235.92,1 ha worked,11_chara,707.76,1.0,,1587.99,1 ha worked,12_chara,1587.99,1.0,,1134.53,1 ha worked,14_chara,1134.53,0.0,,588.66,1 ha worked,17_chara,0.0,4.5063733194,,32.26,1 ha worked,15_chara,145.375603283844,7941.265603283843
C3_2022,C3,2022,ha,"Ecotoxicity, freshwater - inorganics",CTUe,4.0,,66.27,1 ha worked,13_chara,265.08,1.0,,419.04999999999995,1 ha worked,16_chara,419.04999999999995,3.0,,48.84,1 ha worked,11_chara,146.52,1.0,,268.34,1 ha worked,12_chara,268.34,1.0,,140.05,1 ha worked,14_chara,140.05,0.0,,58.77,1 ha worked,17_chara,0.0,4.5063733194,,4.59,1 ha worked,15_chara,20.684253536045997,1259.7242535360458
C3_2022,C3,2022,ha,"Ecotoxicity, freshwater - metals",CTUe,4.0,,322.83,1 ha worked,13_chara,1291.32,1.0,,2187.8900000000003,1 ha worked,16_chara,2187.8900000000003,3.0,,170.45000000000002,1 ha worked,11_chara,511.35,1.0,,1234.5,1 ha worked,12_chara,1234.5,1.0,,954.07,1 ha worked,14_chara,954.07,0.0,,515.3100000000001,1 ha worked,17_chara,0.0,4.5063733194,,26.36,1 ha worked,15_chara,118.78800069938399,6297.918000699383
C3_2022,C3,2022,ha,"Ecotoxicity, freshwater - organics",CTUe,4.0,,19.96,1 ha worked,13_chara,79.84,1.0,,122.43,1 ha worked,16_chara,122.43,3.0,,16.64,1 ha worked,11_chara,49.92,1.0,,85.15,1 ha worked,12_chara,85.15,1.0,,40.410000000000004,1 ha worked,14_chara,40.410000000000004,0.0,,14.58,1 ha worked,17_chara,0.0,4.5063733194,,1.31,1 ha worked,15_chara,5.903349048414,383.65334904841404
C3_2022,C3,2022,ha,"Eutrophication, freshwater",kg P eq,4.0,,0.00346,1 ha worked,13_chara,0.01384,1.0,,0.0236,1 ha worked,16_chara,0.0236,3.0,,0.0014600000000000001,1 ha worked,11_chara,0.00438,1.0,,0.0129,1 ha worked,12_chara,0.0129,1.0,,0.0116,1 ha worked,14_chara,0.0116,0.0,,0.00685,1 ha worked,17_chara,0.0,4.5063733194,,0.000272,1 ha worked,15_chara,0.0012257335428767998,0.06754573354287681
C3_2022,C3,2022,ha,"Eutrophication, marine",kg N eq,4.0,,0.1,1 ha worked,13_chara,0.4,1.0,,0.729,1 ha worked,16_chara,0.729,3.0,,0.08460000000000001,1 ha worked,11_chara,0.2538,1.0,,0.444,1 ha worked,12_chara,0.444,1.0,,0.213,1 ha worked,14_chara,0.213,0.0,,0.0206,1 ha worked,17_chara,0.0,4.5063733194,,0.0064600000000000005,1 ha worked,15_chara,0.029111171643324,2.068911171643324
C3_2022,C3,2022,ha,"Eutrophication, terrestrial",mol N eq,4.0,,1.1,1 ha worked,13_chara,4.4,1.0,,7.97,1 ha worked,16_chara,7.97,3.0,,0.927,1 ha worked,11_chara,2.781,1.0,,4.86,1 ha worked,12_chara,4.86,1.0,,2.33,1 ha worked,14_chara,2.33,0.0,,0.21800000000000003,1 ha worked,17_chara,0.0,4.5063733194,,0.0704,1 ha worked,15_chara,0.31724868168576,22.658248681685762
C3_2022,C3,2022,ha,"Human toxicity, cancer",CTUh,4.0,,1.96e-08,1 ha worked,13_chara,7.84e-08,1.0,,1.34e-07,1 ha worked,16_chara,1.34e-07,3.0,,1.13e-08,1 ha worked,11_chara,3.39e-08,1.0,,1.03e-07,1 ha worked,12_chara,1.03e-07,1.0,,1.14e-07,1 ha worked,14_chara,1.14e-07,0.0,,5.54e-08,1 ha worked,17_chara,0.0,4.5063733194,,1.91e-09,1 ha worked,15_chara,8.607173040053999e-09,4.7190717304005403e-07
C3_2022,C3,2022,ha,"Human toxicity, cancer - inorganics",CTUh,4.0,,3.85e-17,1 ha worked,13_chara,1.54e-16,1.0,,2.22e-16,1 ha worked,16_chara,2.22e-16,3.0,,1.8099999999999998e-17,1 ha worked,11_chara,5.429999999999999e-17,1.0,,1.5199999999999998e-16,1 ha worked,12_chara,1.5199999999999998e-16,1.0,,1.3300000000000002e-16,1 ha worked,14_chara,1.3300000000000002e-16,0.0,,7.46e-17,1 ha worked,17_chara,0.0,4.5063733194,,2.89e-18,1 ha worked,15_chara,1.3023418893066e-17,7.28323418893066e-16
C3_2022,C3,2022,ha,"Human toxicity, cancer - metals",CTUh,4.0,,1.23e-08,1 ha worked,13_chara,4.92e-08,1.0,,8.47e-08,1 ha worked,16_chara,8.47e-08,3.0,,7.91e-09,1 ha worked,11_chara,2.3729999999999998e-08,1.0,,6.970000000000001e-08,1 ha worked,12_chara,6.970000000000001e-08,1.0,,8.050000000000001e-08,1 ha worked,14_chara,8.050000000000001e-08,0.0,,3.55e-08,1 ha worked,17_chara,0.0,4.5063733194,,1.23e-09,1 ha worked,15_chara,5.542839182862e-09,3.13372839182862e-07
C3_2022,C3,2022,ha,"Human toxicity, cancer - organics",CTUh,4.0,,7.2800000000000005e-09,1 ha worked,13_chara,2.9120000000000002e-08,1.0,,4.98e-08,1 ha worked,16_chara,4.98e-08,3.0,,3.4000000000000003e-09,1 ha worked,11_chara,1.02e-08,1.0,,3.3e-08,1 ha worked,12_chara,3.3e-08,1.0,,3.34e-08,1 ha worked,14_chara,3.34e-08,0.0,,2e-08,1 ha worked,17_chara,0.0,4.5063733194,,6.829999999999999e-10,1 ha worked,15_chara,3.0778529771501995e-09,1.585978529771502e-07
C3_2022,C3,2022,ha,"Human toxicity, non-cancer",CTUh,4.0,,5.989999999999999e-07,1 ha worked,13_chara,2.3959999999999996e-06,1.0,,3.46e-06,1 ha worked,16_chara,3.46e-06,3.0,,8.92e-07,1 ha worked,11_chara,2.676e-06,1.0,,2e-06,1 ha worked,12_chara,2e-06,1.0,,1.37e-06,1 ha worked,14_chara,1.37e-06,0.0,,1.0700000000000001e-06,1 ha worked,17_chara,0.0,4.5063733194,,1.27e-07,1 ha worked,15_chara,5.723094115638e-07,1.2474309411563798e-05
C3_2022,C3,2022,ha,"Human toxicity, non-cancer - inorganics",CTUh,4.0,,1.6900000000000002e-07,1 ha worked,13_chara,6.760000000000001e-07,1.0,,1.12e-06,1 ha worked,16_chara,1.12e-06,3.0,,8.97e-08,1 ha worked,11_chara,2.691e-07,1.0,,8.100000000000001e-07,1 ha worked,12_chara,8.100000000000001e-07,1.0,,6.54e-07,1 ha worked,14_chara,6.54e-07,0.0,,3.12e-07,1 ha worked,17_chara,0.0,4.5063733194,,1.02e-08,1 ha worked,15_chara,4.596500785788e-08,3.5750650078578806e-06
C3_2022,C3,2022,ha,"Human toxicity, non-cancer - metals",CTUh,4.0,,4.1999999999999995e-07,1 ha worked,13_chara,1.6799999999999998e-06,1.0,,2.26e-06,1 ha worked,16_chara,2.26e-06,3.0,,7.98e-07,1 ha worked,11_chara,2.3940000000000003e-06,1.0,,1.16e-06,1 ha worked,12_chara,1.16e-06,1.0,,6.99e-07,1 ha worked,14_chara,6.99e-07,0.0,,7.47e-07,1 ha worked,17_chara,0.0,4.5063733194,,1.16e-07,1 ha worked,15_chara,5.227393050504e-07,8.7157393050504e-06
C3_2022,C3,2022,ha,"Human toxicity, non-cancer - organics",CTUh,4.0,,1.16e-08,1 ha worked,13_chara,4.64e-08,1.0,,8.660000000000001e-08,1 ha worked,16_chara,8.660000000000001e-08,3.0,,5.48e-09,1 ha worked,11_chara,1.644e-08,1.0,,3.8200000000000005e-08,1 ha worked,12_chara,3.8200000000000005e-08,1.0,,2.67e-08,1 ha worked,14_chara,2.67e-08,0.0,,1.5299999999999998e-08,1 ha worked,17_chara,0.0,4.5063733194,,1.08e-09,1 ha worked,15_chara,4.866883184952e-09,2.1920688318495204e-07
C3_2022,C3,2022,ha,Ionising radiation,kBq U-235 eq,4.0,,1.72,1 ha worked,13_chara,6.88,1.0,,10.49,1 ha worked,16_chara,10.49,3.0,,1.27,1 ha worked,11_chara,3.81,1.0,,7.89,1 ha worked,12_chara,7.89,1.0,,4.319999999999999,1 ha worked,14_chara,4.319999999999999,0.0,,1.75,1 ha worked,17_chara,0.0,4.5063733194,,0.115,1 ha worked,15_chara,0.518232931731,33.908232931731
C3_2022,C3,2022,ha,Land use,Pt,4.0,,145.23,1 ha worked,13_chara,580.92,1.0,,800.14,1 ha worked,16_chara,800.14,3.0,,137.54,1 ha worked,11_chara,412.62,1.0,,641.1899999999999,1 ha worked,12_chara,641.1899999999999,1.0,,418.1,1 ha worked,14_chara,418.1,0.0,,168.95000000000002,1 ha worked,17_chara,0.0,4.5063733194,,100.13,1 ha worked,15_chara,451.22316047152196,3304.193160471522
C3_2022,C3,2022,ha,Ozone depletion,kg CFC11 eq,4.0,,4.960000000000001e-06,1 ha worked,13_chara,1.9840000000000003e-05,1.0,,3.03e-05,1 ha worked,16_chara,3.03e-05,3.0,,4.17e-06,1 ha worked,11_chara,1.251e-05,1.0,,2.13e-05,1 ha worked,12_chara,2.13e-05,1.0,,9.97e-06,1 ha worked,14_chara,9.97e-06,0.0,,3.52e-06,1 ha worked,17_chara,0.0,4.5063733194,,3.2200000000000005e-07,1 ha worked,15_chara,1.4510522088468e-06,9.53710522088468e-05
C3_2022,C3,2022,ha,Particulate matter,disease inc.,4.0,,8.429999999999999e-07,1 ha worked,13_chara,3.3719999999999996e-06,1.0,,5.39e-06,1 ha worked,16_chara,5.39e-06,3.0,,6.229999999999999e-07,1 ha worked,11_chara,1.8689999999999998e-06,1.0,,3.6599999999999997e-06,1 ha worked,12_chara,3.6599999999999997e-06,1.0,,2.78e-06,1 ha worked,14_chara,2.78e-06,0.0,,1.42e-06,1 ha worked,17_chara,0.0,4.5063733194,,1.22e-07,1 ha worked,15_chara,5.497775449668e-07,1.7620777544966798e-05
C3_2022,C3,2022,ha,Photochemical ozone formation,kg NMVOC eq,4.0,,0.305,1 ha worked,13_chara,1.22,1.0,,2.2,1 ha worked,16_chara,2.2,3.0,,0.249,1 ha worked,11_chara,0.747,1.0,,1.33,1 ha worked,12_chara,1.33,1.0,,0.67,1 ha worked,14_chara,0.67,0.0,,0.107,1 ha worked,17_chara,0.0,4.5063733194,,0.0194,1 ha worked,15_chara,0.08742364239636,6.25442364239636
C3_2022,C3,2022,ha,"Resource use, fossils",MJ,4.0,,357.29999999999995,1 ha worked,13_chara,1429.1999999999998,1.0,,2174.67,1 ha worked,16_chara,2174.67,3.0,,273.81,1 ha worked,11_chara,821.4300000000001,1.0,,1630.72,1 ha worked,12_chara,1630.72,1.0,,863.0400000000001,1 ha worked,14_chara,863.0400000000001,0.0,,337.64000000000004,1 ha worked,17_chara,0.0,4.5063733194,,23.53,1 ha worked,15_chara,106.034964205482,7025.094964205482
C3_2022,C3,2022,ha,"Resource use, minerals and metals",kg Sb eq,4.0,,0.00031400000000000004,1 ha worked,13_chara,0.0012560000000000002,1.0,,0.0025800000000000003,1 ha worked,16_chara,0.0025800000000000003,3.0,,0.000127,1 ha worked,11_chara,0.000381,1.0,,0.000917,1 ha worked,12_chara,0.000917,1.0,,0.00062,1 ha worked,14_chara,0.00062,0.0,,0.00037,1 ha worked,17_chara,0.0,4.5063733194,,2.91e-05,1 ha worked,15_chara,0.00013113546359453998,0.00588513546359454
C3_2022,C3,2022,ha,Water use,m3 depriv.,4.0,,2.11,1 ha worked,13_chara,8.44,1.0,,12.8,1 ha worked,16_chara,12.8,3.0,,0.8550000000000001,1 ha worked,11_chara,2.5650000000000004,1.0,,7.94,1 ha worked,12_chara,7.94,1.0,,6.409999999999999,1 ha worked,14_chara,6.409999999999999,0.0,,3.44,1 ha worked,17_chara,0.0,4.5063733194,,0.235,1 ha worked,15_chara,1.0589977300589999,39.213997730059
C3_2023,C3,2023,ha,Acidification,mol H+ eq,3.0,,0.253,1 ha worked,13_chara,0.759,1.0,,1.7899999999999998,1 ha worked,16_chara,1.7899999999999998,3.0,,0.20199999999999999,1 ha worked,11_chara,0.606,1.0,,1.1,1 ha worked,12_chara,1.1,1.0,,0.5670000000000001,1 ha worked,14_chara,0.5670000000000001,0.0,,0.116,1 ha worked,17_chara,0.0,5.4273367192,,0.0167,1 ha worked,15_chara,0.09063652321064,4.91263652321064
C3_2023,C3,2023,ha,Climate change,kg CO2 eq,3.0,,26.88,1 ha worked,13_chara,80.64,1.0,,165.89,1 ha worked,16_chara,165.89,3.0,,20.45,1 ha worked,11_chara,61.349999999999994,1.0,,124.18,1 ha worked,12_chara,124.18,1.0,,69.64999999999999,1 ha worked,14_chara,69.64999999999999,0.0,,28.27,1 ha worked,17_chara,0.0,5.4273367192,,1.93,1 ha worked,15_chara,10.474759868056001,512.184759868056
C3_2023,C3,2023,ha,Climate change - Biogenic,kg CO2 eq,3.0,,0.0373,1 ha worked,13_chara,0.1119,1.0,,0.17600000000000002,1 ha worked,16_chara,0.17600000000000002,3.0,,0.028499999999999998,1 ha worked,11_chara,0.08549999999999999,1.0,,0.145,1 ha worked,12_chara,0.145,1.0,,0.0992,1 ha worked,14_chara,0.0992,0.0,,0.0452,1 ha worked,17_chara,0.0,5.4273367192,,0.0211,1 ha worked,15_chara,0.11451680477512001,0.7321168047751201
C3_2023,C3,2023,ha,Climate change - Fossil,kg CO2 eq,3.0,,26.830000000000002,1 ha worked,13_chara,80.49000000000001,1.0,,165.57999999999998,1 ha worked,16_chara,165.57999999999998,3.0,,20.41,1 ha worked,11_chara,61.230000000000004,1.0,,123.97,1 ha worked,12_chara,123.97,1.0,,69.50999999999999,1 ha worked,14_chara,69.50999999999999,0.0,,28.180000000000003,1 ha worked,17_chara,0.0,5.4273367192,,1.9100000000000001,1 ha worked,15_chara,10.366213133672002,511.14621313367195
C3_2023,C3,2023,ha,Climate change - Land use and LU change,kg CO2 eq,3.0,,0.0178,1 ha worked,13_chara,0.0534,1.0,,0.131,1 ha worked,16_chara,0.131,3.0,,0.00673,1 ha worked,11_chara,0.02019,1.0,,0.05789999999999999,1 ha worked,12_chara,0.05789999999999999,1.0,,0.0494,1 ha worked,14_chara,0.0494,0.0,,0.0434,1 ha worked,17_chara,0.0,5.4273367192,,0.00132,1 ha worked,15_chara,0.0071640844693440005,0.319054084469344
C3_2023,C3,2023,ha,"Ecotoxicity, freshwater",CTUe,3.0,,409.06,1 ha worked,13_chara,1227.18,1.0,,2729.37,1 ha worked,16_chara,2729.37,3.0,,235.92,1 ha worked,11_chara,707.76,1.0,,1587.99,1 ha worked,12_chara,1587.99,1.0,,1134.53,1 ha worked,14_chara,1134.53,0.0,,588.66,1 ha worked,17_chara,0.0,5.4273367192,,32.26,1 ha worked,15_chara,175.085882561392,7561.915882561392
C3_2023,C3,2023,ha,"Ecotoxicity, freshwater - inorganics",CTUe,3.0,,66.27,1 ha worked,13_chara,198.81,1.0,,419.04999999999995,1 ha worked,16_chara,419.04999999999995,3.0,,48.84,1 ha worked,11_chara,146.52,1.0,,268.34,1 ha worked,12_chara,268.34,1.0,,140.05,1 ha worked,14_chara,140.05,0.0,,58.77,1 ha worked,17_chara,0.0,5.4273367192,,4.59,1 ha worked,15_chara,24.911475541128002,1197.6814755411278
C3_2023,C3,2023,ha,"Ecotoxicity, freshwater - metals",CTUe,3.0,,322.83,1 ha worked,13_chara,968.49,1.0,,2187.8900000000003,1 ha worked,16_chara,2187.8900000000003,3.0,,170.45000000000002,1 ha worked,11_chara,511.35,1.0,,1234.5,1 ha worked,12_chara,1234.5,1.0,,954.07,1 ha worked,14_chara,954.07,0.0,,515.3100000000001,1 ha worked,17_chara,0.0,5.4273367192,,26.36,1 ha worked,15_chara,143.06459591811202,5999.364595918111
C3_2023,C3,2023,ha,"Ecotoxicity, freshwater - organics",CTUe,3.0,,19.96,1 ha worked,13_chara,59.88,1.0,,122.43,1 ha worked,16_chara,122.43,3.0,,16.64,1 ha worked,11_chara,49.92,1.0,,85.15,1 ha worked,12_chara,85.15,1.0,,40.410000000000004,1 ha worked,14_chara,40.410000000000004,0.0,,14.58,1 ha worked,17_chara,0.0,5.4273367192,,1.31,1 ha worked,15_chara,7.109811102152001,364.899811102152
C3_2023,C3,2023,ha,"Eutrophication, freshwater",kg P eq,3.0,,0.00346,1 ha worked,13_chara,0.01038,1.0,,0.0236,1 ha worked,16_chara,0.0236,3.0,,0.0014600000000000001,1 ha worked,11_chara,0.00438,1.0,,0.0129,1 ha worked,12_chara,0.0129,1.0,,0.0116,1 ha worked,14_chara,0.0116,0.0,,0.00685,1 ha worked,17_chara,0.0,5.4273367192,,0.000272,1 ha worked,15_chara,0.0014762355876224002,0.0643362355876224
C3_2023,C3,2023,ha,"Eutrophication, marine",kg N eq,3.0,,0.1,1 ha worked,13_chara,0.30000000000000004,1.0,,0.729,1 ha worked,16_chara,0.729,3.0,,0.08460000000000001,1 ha worked,11_chara,0.2538,1.0,,0.444,1 ha worked,12_chara,0.444,1.0,,0.213,1 ha worked,14_chara,0.213,0.0,,0.0206,1 ha worked,17_chara,0.0,5.4273367192,,0.0064600000000000005,1 ha worked,15_chara,0.035060595206032004,1.974860595206032
C3_2023,C3,2023,ha,"Eutrophication, terrestrial",mol N eq,3.0,,1.1,1 ha worked,13_chara,3.3000000000000003,1.0,,7.97,1 ha worked,16_chara,7.97,3.0,,0.927,1 ha worked,11_chara,2.781,1.0,,4.86,1 ha worked,12_chara,4.86,1.0,,2.33,1 ha worked,14_chara,2.33,0.0,,0.21800000000000003,1 ha worked,17_chara,0.0,5.4273367192,,0.0704,1 ha worked,15_chara,0.38208450503168007,21.62308450503168
C3_2023,C3,2023,ha,"Human toxicity, cancer",CTUh,3.0,,1.96e-08,1 ha worked,13_chara,5.88e-08,1.0,,1.34e-07,1 ha worked,16_chara,1.34e-07,3.0,,1.13e-08,1 ha worked,11_chara,3.39e-08,1.0,,1.03e-07,1 ha worked,12_chara,1.03e-07,1.0,,1.14e-07,1 ha worked,14_chara,1.14e-07,0.0,,5.54e-08,1 ha worked,17_chara,0.0,5.4273367192,,1.91e-09,1 ha worked,15_chara,1.0366213133672e-08,4.54066213133672e-07
C3_2023,C3,2023,ha,"Human toxicity, cancer - inorganics",CTUh,3.0,,3.85e-17,1 ha worked,13_chara,1.155e-16,1.0,,2.22e-16,1 ha worked,16_chara,2.22e-16,3.0,,1.8099999999999998e-17,1 ha worked,11_chara,5.429999999999999e-17,1.0,,1.5199999999999998e-16,1 ha worked,12_chara,1.5199999999999998e-16,1.0,,1.3300000000000002e-16,1 ha worked,14_chara,1.3300000000000002e-16,0.0,,7.46e-17,1 ha worked,17_chara,0.0,5.4273367192,,2.89e-18,1 ha worked,15_chara,1.5685003118488e-17,6.92485003118488e-16
C3_2023,C3,2023,ha,"Human toxicity, cancer - metals",CTUh,3.0,,1.23e-08,1 ha worked,13_chara,3.69e-08,1.0,,8.47e-08,1 ha worked,16_chara,8.47e-08,3.0,,7.91e-09,1 ha worked,11_chara,2.3729999999999998e-08,1.0,,6.970000000000001e-08,1 ha worked,12_chara,6.970000000000001e-08,1.0,,8.050000000000001e-08,1 ha worked,14_chara,8.050000000000001e-08,0.0,,3.55e-08,1 ha worked,17_chara,0.0,5.4273367192,,1.23e-09,1 ha worked,15_chara,6.675624164616001e-09,3.02205624164616e-07
C3_2023,C3,2023,ha,"Human toxicity, cancer - organics",CTUh,3.0,,7.2800000000000005e-09,1 ha worked,13_chara,2.1840000000000002e-08,1.0,,4.98e-08,1 ha worked,16_chara,4.98e-08,3.0,,3.4000000000000003e-09,1 ha worked,11_chara,1.02e-08,1.0,,3.3e-08,1 ha worked,12_chara,3.3e-08,1.0,,3.34e-08,1 ha worked,14_chara,3.34e-08,0.0,,2e-08,1 ha worked,17_chara,0.0,5.4273367192,,6.829999999999999e-10,1 ha worked,15_chara,3.7068709792135997e-09,1.5194687097921359e-07
C3_2023,C3,2023,ha,"Human toxicity, non-cancer",CTUh,3.0,,5.989999999999999e-07,1 ha worked,13_chara,1.7969999999999997e-06,1.0,,3.46e-06,1 ha worked,16_chara,3.46e-06,3.0,,8.92e-07,1 ha worked,11_chara,2.676e-06,1.0,,2e-06,1 ha worked,12_chara,2e-06,1.0,,1.37e-06,1 ha worked,14_chara,1.37e-06,0.0,,1.0700000000000001e-06,1 ha worked,17_chara,0.0,5.4273367192,,1.27e-07,1 ha worked,15_chara,6.892717633384001e-07,1.19922717633384e-05
C3_2023,C3,2023,ha,"Human toxicity, non-cancer - inorganics",CTUh,3.0,,1.6900000000000002e-07,1 ha worked,13_chara,5.070000000000001e-07,1.0,,1.12e-06,1 ha worked,16_chara,1.12e-06,3.0,,8.97e-08,1 ha worked,11_chara,2.691e-07,1.0,,8.100000000000001e-07,1 ha worked,12_chara,8.100000000000001e-07,1.0,,6.54e-07,1 ha worked,14_chara,6.54e-07,0.0,,3.12e-07,1 ha worked,17_chara,0.0,5.4273367192,,1.02e-08,1 ha worked,15_chara,5.5358834535840004e-08,3.4154588345358404e-06
C3_2023,C3,2023,ha,"Human toxicity, non-cancer - metals",CTUh,3.0,,4.1999999999999995e-07,1 ha worked,13_chara,1.2599999999999998e-06,1.0,,2.26e-06,1 ha worked,16_chara,2.26e-06,3.0,,7.98e-07,1 ha worked,11_chara,2.3940000000000003e-06,1.0,,1.16e-06,1 ha worked,12_chara,1.16e-06,1.0,,6.99e-07,1 ha worked,14_chara,6.99e-07,0.0,,7.47e-07,1 ha worked,17_chara,0.0,5.4273367192,,1.16e-07,1 ha worked,15_chara,6.295710594272e-07,8.4025710594272e-06
C3_2023,C3,2023,ha,"Human toxicity, non-cancer - organics",CTUh,3.0,,1.16e-08,1 ha worked,13_chara,3.48e-08,1.0,,8.660000000000001e-08,1 ha worked,16_chara,8.660000000000001e-08,3.0,,5.48e-09,1 ha worked,11_chara,1.644e-08,1.0,,3.8200000000000005e-08,1 ha worked,12_chara,3.8200000000000005e-08,1.0,,2.67e-08,1 ha worked,14_chara,2.67e-08,0.0,,1.5299999999999998e-08,1 ha worked,17_chara,0.0,5.4273367192,,1.08e-09,1 ha worked,15_chara,5.861523656736001e-09,2.0860152365673603e-07
C3_2023,C3,2023,ha,Ionising radiation,kBq U-235 eq,3.0,,1.72,1 ha worked,13_chara,5.16,1.0,,10.49,1 ha worked,16_chara,10.49,3.0,,1.27,1 ha worked,11_chara,3.81,1.0,,7.89,1 ha worked,12_chara,7.89,1.0,,4.319999999999999,1 ha worked,14_chara,4.319999999999999,0.0,,1.75,1 ha worked,17_chara,0.0,5.4273367192,,0.115,1 ha worked,15_chara,0.6241437227080001,32.294143722708
C3_2023,C3,2023,ha,Land use,Pt,3.0,,145.23,1 ha worked,13_chara,435.68999999999994,1.0,,800.14,1 ha worked,16_chara,800.14,3.0,,137.54,1 ha worked,11_chara,412.62,1.0,,641.1899999999999,1 ha worked,12_chara,641.1899999999999,1.0,,418.1,1 ha worked,14_chara,418.1,0.0,,168.95000000000002,1 ha worked,17_chara,0.0,5.4273367192,,100.13,1 ha worked,15_chara,543.439225693496,3251.179225693496
C3_2023,C3,2023,ha,Ozone depletion,kg CFC11 eq,3.0,,4.960000000000001e-06,1 ha worked,13_chara,1.4880000000000003e-05,1.0,,3.03e-05,1 ha worked,16_chara,3.03e-05,3.0,,4.17e-06,1 ha worked,11_chara,1.251e-05,1.0,,2.13e-05,1 ha worked,12_chara,2.13e-05,1.0,,9.97e-06,1 ha worked,14_chara,9.97e-06,0.0,,3.52e-06,1 ha worked,17_chara,0.0,5.4273367192,,3.2200000000000005e-07,1 ha worked,15_chara,1.7476024235824004e-06,9.07076024235824e-05
C3_2023,C3,2023,ha,Particulate matter,disease inc.,3.0,,8.429999999999999e-07,1 ha worked,13_chara,2.529e-06,1.0,,5.39e-06,1 ha worked,16_chara,5.39e-06,3.0,,6.229999999999999e-07,1 ha worked,11_chara,1.8689999999999998e-06,1.0,,3.6599999999999997e-06,1 ha worked,12_chara,3.6599999999999997e-06,1.0,,2.78e-06,1 ha worked,14_chara,2.78e-06,0.0,,1.42e-06,1 ha worked,17_chara,0.0,5.4273367192,,1.22e-07,1 ha worked,15_chara,6.621350797424001e-07,1.68901350797424e-05
C3_2023,C3,2023,ha,Photochemical ozone formation,kg NMVOC eq,3.0,,0.305,1 ha worked,13_chara,0.915,1.0,,2.2,1 ha worked,16_chara,2.2,3.0,,0.249,1 ha worked,11_chara,0.747,1.0,,1.33,1 ha worked,12_chara,1.33,1.0,,0.67,1 ha worked,14_chara,0.67,0.0,,0.107,1 ha worked,17_chara,0.0,5.4273367192,,0.0194,1 ha worked,15_chara,0.10529033235248,5.96729033235248
C3_2023,C3,2023,ha,"Resource use, fossils",MJ,3.0,,357.29999999999995,1 ha worked,13_chara,1071.8999999999999,1.0,,2174.67,1 ha worked,16_chara,2174.67,3.0,,273.81,1 ha worked,11_chara,821.4300000000001,1.0,,1630.72,1 ha worked,12_chara,1630.72,1.0,,863.0400000000001,1 ha worked,14_chara,863.0400000000001,0.0,,337.64000000000004,1 ha worked,17_chara,0.0,5.4273367192,,23.53,1 ha worked,15_chara,127.70523300277601,6689.465233002777
C3_2023,C3,2023,ha,"Resource use, minerals and metals",kg Sb eq,3.0,,0.00031400000000000004,1 ha worked,13_chara,0.0009420000000000001,1.0,,0.0025800000000000003,1 ha worked,16_chara,0.0025800000000000003,3.0,,0.000127,1 ha worked,11_chara,0.000381,1.0,,0.000917,1 ha worked,12_chara,0.000917,1.0,,0.00062,1 ha worked,14_chara,0.00062,0.0,,0.00037,1 ha worked,17_chara,0.0,5.4273367192,,2.91e-05,1 ha worked,15_chara,0.00015793549852872,0.00559793549852872
C3_2023,C3,2023,ha,Water use,m3 depriv.,3.0,,2.11,1 ha worked,13_chara,6.33,1.0,,12.8,1 ha worked,16_chara,12.8,3.0,,0.8550000000000001,1 ha worked,11_chara,2.5650000000000004,1.0,,7.94,1 ha worked,12_chara,7.94,1.0,,6.409999999999999,1 ha worked,14_chara,6.409999999999999,0.0,,3.44,1 ha worked,17_chara,0.0,5.4273367192,,0.235,1 ha worked,15_chara,1.275424129012,37.320424129012004
C3_2024,C3,2024,ha,Acidification,mol H+ eq,3.0,,0.253,1 ha worked,13_chara,0.759,1.0,,1.7899999999999998,1 ha worked,16_chara,1.7899999999999998,3.0,,0.20199999999999999,1 ha worked,11_chara,0.606,1.0,,1.1,1 ha worked,12_chara,1.1,1.0,,0.5670000000000001,1 ha worked,14_chara,0.5670000000000001,0.0,,0.116,1 ha worked,17_chara,0.0,3.8109239954,,0.0167,1 ha worked,15_chara,0.06364243072318,4.8856424307231805
C3_2024,C3,2024,ha,Climate change,kg CO2 eq,3.0,,26.88,1 ha worked,13_chara,80.64,1.0,,165.89,1 ha worked,16_chara,165.89,3.0,,20.45,1 ha worked,11_chara,61.349999999999994,1.0,,124.18,1 ha worked,12_chara,124.18,1.0,,69.64999999999999,1 ha worked,14_chara,69.64999999999999,0.0,,28.27,1 ha worked,17_chara,0.0,3.8109239954,,1.93,1 ha worked,15_chara,7.355083311122,509.06508331112195
C3_2024,C3,2024,ha,Climate change - Biogenic,kg CO2 eq,3.0,,0.0373,1 ha worked,13_chara,0.1119,1.0,,0.17600000000000002,1 ha worked,16_chara,0.17600000000000002,3.0,,0.028499999999999998,1 ha worked,11_chara,0.08549999999999999,1.0,,0.145,1 ha worked,12_chara,0.145,1.0,,0.0992,1 ha worked,14_chara,0.0992,0.0,,0.0452,1 ha worked,17_chara,0.0,3.8109239954,,0.0211,1 ha worked,15_chara,0.08041049630294,0.6980104963029401
C3_2024,C3,2024,ha,Climate change - Fossil,kg CO2 eq,3.0,,26.830000000000002,1 ha worked,13_chara,80.49000000000001,1.0,,165.57999999999998,1 ha worked,16_chara,165.57999999999998,3.0,,20.41,1 ha worked,11_chara,61.230000000000004,1.0,,123.97,1 ha worked,12_chara,123.97,1.0,,69.50999999999999,1 ha worked,14_chara,69.50999999999999,0.0,,28.180000000000003,1 ha worked,17_chara,0.0,3.8109239954,,1.9100000000000001,1 ha worked,15_chara,7.278864831214,508.05886483121395
C3_2024,C3,2024,ha,Climate change - Land use and LU change,kg CO2 eq,3.0,,0.0178,1 ha worked,13_chara,0.0534,1.0,,0.131,1 ha worked,16_chara,0.131,3.0,,0.00673,1 ha worked,11_chara,0.02019,1.0,,0.05789999999999999,1 ha worked,12_chara,0.05789999999999999,1.0,,0.0494,1 ha worked,14_chara,0.0494,0.0,,0.0434,1 ha worked,17_chara,0.0,3.8109239954,,0.00132,1 ha worked,15_chara,0.005030419673928,0.316920419673928
C3_2024,C3,2024,ha,"Ecotoxicity, freshwater",CTUe,3.0,,409.06,1 ha worked,13_chara,1227.18,1.0,,2729.37,1 ha worked,16_chara,2729.37,3.0,,235.92,1 ha worked,11_chara,707.76,1.0,,1587.99,1 ha worked,12_chara,1587.99,1.0,,1134.53,1 ha worked,14_chara,1134.53,0.0,,588.66,1 ha worked,17_chara,0.0,3.8109239954,,32.26,1 ha worked,15_chara,122.940408091604,7509.770408091604
C3_2024,C3,2024,ha,"Ecotoxicity, freshwater - inorganics",CTUe,3.0,,66.27,1 ha worked,13_chara,198.81,1.0,,419.04999999999995,1 ha worked,16_chara,419.04999999999995,3.0,,48.84,1 ha worked,11_chara,146.52,1.0,,268.34,1 ha worked,12_chara,268.34,1.0,,140.05,1 ha worked,14_chara,140.05,0.0,,58.77,1 ha worked,17_chara,0.0,3.8109239954,,4.59,1 ha worked,15_chara,17.492141138885998,1190.2621411388857
C3_2024,C3,2024,ha,"Ecotoxicity, freshwater - metals",CTUe,3.0,,322.83,1 ha worked,13_chara,968.49,1.0,,2187.8900000000003,1 ha worked,16_chara,2187.8900000000003,3.0,,170.45000000000002,1 ha worked,11_chara,511.35,1.0,,1234.5,1 ha worked,12_chara,1234.5,1.0,,954.07,1 ha worked,14_chara,954.07,0.0,,515.3100000000001,1 ha worked,17_chara,0.0,3.8109239954,,26.36,1 ha worked,15_chara,100.455956518744,5956.755956518743
C3_2024,C3,2024,ha,"Ecotoxicity, freshwater - organics",CTUe,3.0,,19.96,1 ha worked,13_chara,59.88,1.0,,122.43,1 ha worked,16_chara,122.43,3.0,,16.64,1 ha worked,11_chara,49.92,1.0,,85.15,1 ha worked,12_chara,85.15,1.0,,40.410000000000004,1 ha worked,14_chara,40.410000000000004,0.0,,14.58,1 ha worked,17_chara,0.0,3.8109239954,,1.31,1 ha worked,15_chara,4.9923104339740005,362.78231043397403
C3_2024,C3,2024,ha,"Eutrophication, freshwater",kg P eq,3.0,,0.00346,1 ha worked,13_chara,0.01038,1.0,,0.0236,1 ha worked,16_chara,0.0236,3.0,,0.0014600000000000001,1 ha worked,11_chara,0.00438,1.0,,0.0129,1 ha worked,12_chara,0.0129,1.0,,0.0116,1 ha worked,14_chara,0.0116,0.0,,0.00685,1 ha worked,17_chara,0.0,3.8109239954,,0.000272,1 ha worked,15_chara,0.0010365713267488,0.0638965713267488
C3_2024,C3,2024,ha,"Eutrophication, marine",kg N eq,3.0,,0.1,1 ha worked,13_chara,0.30000000000000004,1.0,,0.729,1 ha worked,16_chara,0.729,3.0,,0.08460000000000001,1 ha worked,11_chara,0.2538,1.0,,0.444,1 ha worked,12_chara,0.444,1.0,,0.213,1 ha worked,14_chara,0.213,0.0,,0.0206,1 ha worked,17_chara,0.0,3.8109239954,,0.0064600000000000005,1 ha worked,15_chara,0.024618569010284003,1.964418569010284
C3_2024,C3,2024,ha,"Eutrophication, terrestrial",mol N eq,3.0,,1.1,1 ha worked,13_chara,3.3000000000000003,1.0,,7.97,1 ha worked,16_chara,7.97,3.0,,0.927,1 ha worked,11_chara,2.781,1.0,,4.86,1 ha worked,12_chara,4.86,1.0,,2.33,1 ha worked,14_chara,2.33,0.0,,0.21800000000000003,1 ha worked,17_chara,0.0,3.8109239954,,0.0704,1 ha worked,15_chara,0.26828904927616004,21.50928904927616
C3_2024,C3,2024,ha,"Human toxicity, cancer",CTUh,3.0,,1.96e-08,1 ha worked,13_chara,5.88e-08,1.0,,1.34e-07,1 ha worked,16_chara,1.34e-07,3.0,,1.13e-08,1 ha worked,11_chara,3.39e-08,1.0,,1.03e-07,1 ha worked,12_chara,1.03e-07,1.0,,1.14e-07,1 ha worked,14_chara,1.14e-07,0.0,,5.54e-08,1 ha worked,17_chara,0.0,3.8109239954,,1.91e-09,1 ha worked,15_chara,7.278864831214e-09,4.5097886483121396e-07
C3_2024,C3,2024,ha,"Human toxicity, cancer - inorganics",CTUh,3.0,,3.85e-17,1 ha worked,13_chara,1.155e-16,1.0,,2.22e-16,1 ha worked,16_chara,2.22e-16,3.0,,1.8099999999999998e-17,1 ha worked,11_chara,5.429999999999999e-17,1.0,,1.5199999999999998e-16,1 ha worked,12_chara,1.5199999999999998e-16,1.0,,1.3300000000000002e-16,1 ha worked,14_chara,1.3300000000000002e-16,0.0,,7.46e-17,1 ha worked,17_chara,0.0,3.8109239954,,2.89e-18,1 ha worked,15_chara,1.1013570346706e-17,6.87813570346706e-16
C3_2024,C3,2024,ha,"Human toxicity, cancer - metals",CTUh,3.0,,1.23e-08,1 ha worked,13_chara,3.69e-08,1.0,,8.47e-08,1 ha worked,16_chara,8.47e-08,3.0,,7.91e-09,1 ha worked,11_chara,2.3729999999999998e-08,1.0,,6.970000000000001e-08,1 ha worked,12_chara,6.970000000000001e-08,1.0,,8.050000000000001e-08,1 ha worked,14_chara,8.050000000000001e-08,0.0,,3.55e-08,1 ha worked,17_chara,0.0,3.8109239954,,1.23e-09,1 ha worked,15_chara,4.687436514342e-09,3.00217436514342e-07
C3_2024,C3,2024,ha,"Human toxicity, cancer - organics",CTUh,3.0,,7.2800000000000005e-09,1 ha worked,13_chara,2.1840000000000002e-08,1.0,,4.98e-08,1 ha worked,16_chara,4.98e-08,3.0,,3.4000000000000003e-09,1 ha worked,11_chara,1.02e-08,1.0,,3.3e-08,1 ha worked,12_chara,3.3e-08,1.0,,3.34e-08,1 ha worked,14_chara,3.34e-08,0.0,,2e-08,1 ha worked,17_chara,0.0,3.8109239954,,6.829999999999999e-10,1 ha worked,15_chara,2.6028610888581995e-09,1.5084286108885817e-07
C3_2024,C3,2024,ha,"Human toxicity, non-cancer",CTUh,3.0,,5.989999999999999e-07,1 ha worked,13_chara,1.7969999999999997e-06,1.0,,3.46e-06,1 ha worked,16_chara,3.46e-06,3.0,,8.92e-07,1 ha worked,11_chara,2.676e-06,1.0,,2e-06,1 ha worked,12_chara,2e-06,1.0,,1.37e-06,1 ha worked,14_chara,1.37e-06,0.0,,1.0700000000000001e-06,1 ha worked,17_chara,0.0,3.8109239954,,1.27e-07,1 ha worked,15_chara,4.839873474158001e-07,1.17869873474158e-05
C3_2024,C3,2024,ha,"Human toxicity, non-cancer - inorganics",CTUh,3.0,,1.6900000000000002e-07,1 ha worked,13_chara,5.070000000000001e-07,1.0,,1.12e-06,1 ha worked,16_chara,1.12e-06,3.0,,8.97e-08,1 ha worked,11_chara,2.691e-07,1.0,,8.100000000000001e-07,1 ha worked,12_chara,8.100000000000001e-07,1.0,,6.54e-07,1 ha worked,14_chara,6.54e-07,0.0,,3.12e-07,1 ha worked,17_chara,0.0,3.8109239954,,1.02e-08,1 ha worked,15_chara,3.887142475308e-08,3.39897142475308e-06
C3_2024,C3,2024,ha,"Human toxicity, non-cancer - metals",CTUh,3.0,,4.1999999999999995e-07,1 ha worked,13_chara,1.2599999999999998e-06,1.0,,2.26e-06,1 ha worked,16_chara,2.26e-06,3.0,,7.98e-07,1 ha worked,11_chara,2.3940000000000003e-06,1.0,,1.16e-06,1 ha worked,12_chara,1.16e-06,1.0,,6.99e-07,1 ha worked,14_chara,6.99e-07,0.0,,7.47e-07,1 ha worked,17_chara,0.0,3.8109239954,,1.16e-07,1 ha worked,15_chara,4.4206718346640004e-07,8.2150671834664e-06
C3_2024,C3,2024,ha,"Human toxicity, non-cancer - organics",CTUh,3.0,,1.16e-08,1 ha worked,13_chara,3.48e-08,1.0,,8.660000000000001e-08,1 ha worked,16_chara,8.660000000000001e-08,3.0,,5.48e-09,1 ha worked,11_chara,1.644e-08,1.0,,3.8200000000000005e-08,1 ha worked,12_chara,3.8200000000000005e-08,1.0,,2.67e-08,1 ha worked,14_chara,2.67e-08,0.0,,1.5299999999999998e-08,1 ha worked,17_chara,0.0,3.8109239954,,1.08e-09,1 ha worked,15_chara,4.1157979150320004e-09,2.0685579791503203e-07
C3_2024,C3,2024,ha,Ionising radiation,kBq U-235 eq,3.0,,1.72,1 ha worked,13_chara,5.16,1.0,,10.49,1 ha worked,16_chara,10.49,3.0,,1.27,1 ha worked,11_chara,3.81,1.0,,7.89,1 ha worked,12_chara,7.89,1.0,,4.319999999999999,1 ha worked,14_chara,4.319999999999999,0.0,,1.75,1 ha worked,17_chara,0.0,3.8109239954,,0.115,1 ha worked,15_chara,0.438256259471,32.108256259471
C3_2024,C3,2024,ha,Land use,Pt,3.0,,145.23,1 ha worked,13_chara,435.68999999999994,1.0,,800.14,1 ha worked,16_chara,800.14,3.0,,137.54,1 ha worked,11_chara,412.62,1.0,,641.1899999999999,1 ha worked,12_chara,641.1899999999999,1.0,,418.1,1 ha worked,14_chara,418.1,0.0,,168.95000000000002,1 ha worked,17_chara,0.0,3.8109239954,,100.13,1 ha worked,15_chara,381.587819659402,3089.327819659402
C3_2024,C3,2024,ha,Ozone depletion,kg CFC11 eq,3.0,,4.960000000000001e-06,1 ha worked,13_chara,1.4880000000000003e-05,1.0,,3.03e-05,1 ha worked,16_chara,3.03e-05,3.0,,4.17e-06,1 ha worked,11_chara,1.251e-05,1.0,,2.13e-05,1 ha worked,12_chara,2.13e-05,1.0,,9.97e-06,1 ha worked,14_chara,9.97e-06,0.0,,3.52e-06,1 ha worked,17_chara,0.0,3.8109239954,,3.2200000000000005e-07,1 ha worked,15_chara,1.2271175265188002e-06,9.01871175265188e-05
C3_2024,C3,2024,ha,Particulate matter,disease inc.,3.0,,8.429999999999999e-07,1 ha worked,13_chara,2.529e-06,1.0,,5.39e-06,1 ha worked,16_chara,5.39e-06,3.0,,6.229999999999999e-07,1 ha worked,11_chara,1.8689999999999998e-06,1.0,,3.6599999999999997e-06,1 ha worked,12_chara,3.6599999999999997e-06,1.0,,2.78e-06,1 ha worked,14_chara,2.78e-06,0.0,,1.42e-06,1 ha worked,17_chara,0.0,3.8109239954,,1.22e-07,1 ha worked,15_chara,4.6493272743880003e-07,1.6692932727438802e-05
C3_2024,C3,2024,ha,Photochemical ozone formation,kg NMVOC eq,3.0,,0.305,1 ha worked,13_chara,0.915,1.0,,2.2,1 ha worked,16_chara,2.2,3.0,,0.249,1 ha worked,11_chara,0.747,1.0,,1.33,1 ha worked,12_chara,1.33,1.0,,0.67,1 ha worked,14_chara,0.67,0.0,,0.107,1 ha worked,17_chara,0.0,3.8109239954,,0.0194,1 ha worked,15_chara,0.07393192551076,5.93593192551076
C3_2024,C3,2024,ha,"Resource use, fossils",MJ,3.0,,357.29999999999995,1 ha worked,13_chara,1071.8999999999999,1.0,,2174.67,1 ha worked,16_chara,2174.67,3.0,,273.81,1 ha worked,11_chara,821.4300000000001,1.0,,1630.72,1 ha worked,12_chara,1630.72,1.0,,863.0400000000001,1 ha worked,14_chara,863.0400000000001,0.0,,337.64000000000004,1 ha worked,17_chara,0.0,3.8109239954,,23.53,1 ha worked,15_chara,89.671041611762,6651.431041611762
C3_2024,C3,2024,ha,"Resource use, minerals and metals",kg Sb eq,3.0,,0.00031400000000000004,1 ha worked,13_chara,0.0009420000000000001,1.0,,0.0025800000000000003,1 ha worked,16_chara,0.0025800000000000003,3.0,,0.000127,1 ha worked,11_chara,0.000381,1.0,,0.000917,1 ha worked,12_chara,0.000917,1.0,,0.00062,1 ha worked,14_chara,0.00062,0.0,,0.00037,1 ha worked,17_chara,0.0,3.8109239954,,2.91e-05,1 ha worked,15_chara,0.00011089788826614,0.00555089788826614
C3_2024,C3,2024,ha,Water use,m3 depriv.,3.0,,2.11,1 ha worked,13_chara,6.33,1.0,,12.8,1 ha worked,16_chara,12.8,3.0,,0.8550000000000001,1 ha worked,11_chara,2.5650000000000004,1.0,,7.94,1 ha worked,12_chara,7.94,1.0,,6.409999999999999,1 ha worked,14_chara,6.409999999999999,0.0,,3.44,1 ha worked,17_chara,0.0,3.8109239954,,0.235,1 ha worked,15_chara,0.895567138919,36.940567138919
C4_2022,C4,2022,ha,Acidification,mol H+ eq,2.7619992067,,0.253,1 ha worked,13_chara,0.6987857992951,1.0,,1.7899999999999998,1 ha worked,16_chara,1.7899999999999998,3.0,,0.20199999999999999,1 ha worked,11_chara,0.606,1.0,,1.1,1 ha worked,12_chara,1.1,1.0,,0.5670000000000001,1 ha worked,14_chara,0.5670000000000001,0.0,,0.116,1 ha worked,17_chara,0.0,6.85799286,,0.0167,1 ha worked,15_chara,0.114528480762,4.8763142800571
C4_2022,C4,2022,ha,Climate change,kg CO2 eq,2.7619992067,,26.88,1 ha worked,13_chara,74.242538676096,1.0,,165.89,1 ha worked,16_chara,165.89,3.0,,20.45,1 ha worked,11_chara,61.349999999999994,1.0,,124.18,1 ha worked,12_chara,124.18,1.0,,69.64999999999999,1 ha worked,14_chara,69.64999999999999,0.0,,28.27,1 ha worked,17_chara,0.0,6.85799286,,1.93,1 ha worked,15_chara,13.2359262198,508.5484648958959
C4_2022,C4,2022,ha,Climate change - Biogenic,kg CO2 eq,2.7619992067,,0.0373,1 ha worked,13_chara,0.10302257040991,1.0,,0.17600000000000002,1 ha worked,16_chara,0.17600000000000002,3.0,,0.028499999999999998,1 ha worked,11_chara,0.08549999999999999,1.0,,0.145,1 ha worked,12_chara,0.145,1.0,,0.0992,1 ha worked,14_chara,0.0992,0.0,,0.0452,1 ha worked,17_chara,0.0,6.85799286,,0.0211,1 ha worked,15_chara,0.14470364934600002,0.75342621975591
C4_2022,C4,2022,ha,Climate change - Fossil,kg CO2 eq,2.7619992067,,26.830000000000002,1 ha worked,13_chara,74.104438715761,1.0,,165.57999999999998,1 ha worked,16_chara,165.57999999999998,3.0,,20.41,1 ha worked,11_chara,61.230000000000004,1.0,,123.97,1 ha worked,12_chara,123.97,1.0,,69.50999999999999,1 ha worked,14_chara,69.50999999999999,0.0,,28.180000000000003,1 ha worked,17_chara,0.0,6.85799286,,1.9100000000000001,1 ha worked,15_chara,13.098766362600001,507.493205078361
C4_2022,C4,2022,ha,Climate change - Land use and LU change,kg CO2 eq,2.7619992067,,0.0178,1 ha worked,13_chara,0.04916358587926,1.0,,0.131,1 ha worked,16_chara,0.131,3.0,,0.00673,1 ha worked,11_chara,0.02019,1.0,,0.05789999999999999,1 ha worked,12_chara,0.05789999999999999,1.0,,0.0494,1 ha worked,14_chara,0.0494,0.0,,0.0434,1 ha worked,17_chara,0.0,6.85799286,,0.00132,1 ha worked,15_chara,0.0090525505752,0.31670613645446
C4_2022,C4,2022,ha,"Ecotoxicity, freshwater",CTUe,2.7619992067,,409.06,1 ha worked,13_chara,1129.823395492702,1.0,,2729.37,1 ha worked,16_chara,2729.37,3.0,,235.92,1 ha worked,11_chara,707.76,1.0,,1587.99,1 ha worked,12_chara,1587.99,1.0,,1134.53,1 ha worked,14_chara,1134.53,0.0,,588.66,1 ha worked,17_chara,0.0,6.85799286,,32.26,1 ha worked,15_chara,221.2388496636,7510.712245156302
C4_2022,C4,2022,ha,"Ecotoxicity, freshwater - inorganics",CTUe,2.7619992067,,66.27,1 ha worked,13_chara,183.037687428009,1.0,,419.04999999999995,1 ha worked,16_chara,419.04999999999995,3.0,,48.84,1 ha worked,11_chara,146.52,1.0,,268.34,1 ha worked,12_chara,268.34,1.0,,140.05,1 ha worked,14_chara,140.05,0.0,,58.77,1 ha worked,17_chara,0.0,6.85799286,,4.59,1 ha worked,15_chara,31.4781872274,1188.475874655409
C4_2022,C4,2022,ha,"Ecotoxicity, freshwater - metals",CTUe,2.7619992067,,322.83,1 ha worked,13_chara,891.6562038989609,1.0,,2187.8900000000003,1 ha worked,16_chara,2187.8900000000003,3.0,,170.45000000000002,1 ha worked,11_chara,511.35,1.0,,1234.5,1 ha worked,12_chara,1234.5,1.0,,954.07,1 ha worked,14_chara,954.07,0.0,,515.3100000000001,1 ha worked,17_chara,0.0,6.85799286,,26.36,1 ha worked,15_chara,180.7766917896,5960.242895688561
C4_2022,C4,2022,ha,"Ecotoxicity, freshwater - organics",CTUe,2.7619992067,,19.96,1 ha worked,13_chara,55.129504165732,1.0,,122.43,1 ha worked,16_chara,122.43,3.0,,16.64,1 ha worked,11_chara,49.92,1.0,,85.15,1 ha worked,12_chara,85.15,1.0,,40.410000000000004,1 ha worked,14_chara,40.410000000000004,0.0,,14.58,1 ha worked,17_chara,0.0,6.85799286,,1.31,1 ha worked,15_chara,8.983970646600001,362.02347481233204
C4_2022,C4,2022,ha,"Eutrophication, freshwater",kg P eq,2.7619992067,,0.00346,1 ha worked,13_chara,0.009556517255182001,1.0,,0.0236,1 ha worked,16_chara,0.0236,3.0,,0.0014600000000000001,1 ha worked,11_chara,0.00438,1.0,,0.0129,1 ha worked,12_chara,0.0129,1.0,,0.0116,1 ha worked,14_chara,0.0116,0.0,,0.00685,1 ha worked,17_chara,0.0,6.85799286,,0.000272,1 ha worked,15_chara,0.0018653740579200001,0.063901891313102
C4_2022,C4,2022,ha,"Eutrophication, marine",kg N eq,2.7619992067,,0.1,1 ha worked,13_chara,0.27619992067000004,1.0,,0.729,1 ha worked,16_chara,0.729,3.0,,0.08460000000000001,1 ha worked,11_chara,0.2538,1.0,,0.444,1 ha worked,12_chara,0.444,1.0,,0.213,1 ha worked,14_chara,0.213,0.0,,0.0206,1 ha worked,17_chara,0.0,6.85799286,,0.0064600000000000005,1 ha worked,15_chara,0.0443026338756,1.9603025545456
C4_2022,C4,2022,ha,"Eutrophication, terrestrial",mol N eq,2.7619992067,,1.1,1 ha worked,13_chara,3.0381991273700004,1.0,,7.97,1 ha worked,16_chara,7.97,3.0,,0.927,1 ha worked,11_chara,2.781,1.0,,4.86,1 ha worked,12_chara,4.86,1.0,,2.33,1 ha worked,14_chara,2.33,0.0,,0.21800000000000003,1 ha worked,17_chara,0.0,6.85799286,,0.0704,1 ha worked,15_chara,0.48280269734400005,21.462001824714
C4_2022,C4,2022,ha,"Human toxicity, cancer",CTUh,2.7619992067,,1.96e-08,1 ha worked,13_chara,5.413518445132e-08,1.0,,1.34e-07,1 ha worked,16_chara,1.34e-07,3.0,,1.13e-08,1 ha worked,11_chara,3.39e-08,1.0,,1.03e-07,1 ha worked,12_chara,1.03e-07,1.0,,1.14e-07,1 ha worked,14_chara,1.14e-07,0.0,,5.54e-08,1 ha worked,17_chara,0.0,6.85799286,,1.91e-09,1 ha worked,15_chara,1.30987663626e-08,4.5213395081392e-07
C4_2022,C4,2022,ha,"Human toxicity, cancer - inorganics",CTUh,2.7619992067,,3.85e-17,1 ha worked,13_chara,1.0633696945794999e-16,1.0,,2.22e-16,1 ha worked,16_chara,2.22e-16,3.0,,1.8099999999999998e-17,1 ha worked,11_chara,5.429999999999999e-17,1.0,,1.5199999999999998e-16,1 ha worked,12_chara,1.5199999999999998e-16,1.0,,1.3300000000000002e-16,1 ha worked,14_chara,1.3300000000000002e-16,0.0,,7.46e-17,1 ha worked,17_chara,0.0,6.85799286,,2.89e-18,1 ha worked,15_chara,1.9819599365400002e-17,6.8745656882335e-16
C4_2022,C4,2022,ha,"Human toxicity, cancer - metals",CTUh,2.7619992067,,1.23e-08,1 ha worked,13_chara,3.397259024241e-08,1.0,,8.47e-08,1 ha worked,16_chara,8.47e-08,3.0,,7.91e-09,1 ha worked,11_chara,2.3729999999999998e-08,1.0,,6.970000000000001e-08,1 ha worked,12_chara,6.970000000000001e-08,1.0,,8.050000000000001e-08,1 ha worked,14_chara,8.050000000000001e-08,0.0,,3.55e-08,1 ha worked,17_chara,0.0,6.85799286,,1.23e-09,1 ha worked,15_chara,8.4353312178e-09,3.0103792146021e-07
C4_2022,C4,2022,ha,"Human toxicity, cancer - organics",CTUh,2.7619992067,,7.2800000000000005e-09,1 ha worked,13_chara,2.0107354224776e-08,1.0,,4.98e-08,1 ha worked,16_chara,4.98e-08,3.0,,3.4000000000000003e-09,1 ha worked,11_chara,1.02e-08,1.0,,3.3e-08,1 ha worked,12_chara,3.3e-08,1.0,,3.34e-08,1 ha worked,14_chara,3.34e-08,0.0,,2e-08,1 ha worked,17_chara,0.0,6.85799286,,6.829999999999999e-10,1 ha worked,15_chara,4.68400912338e-09,1.51191363348156e-07
C4_2022,C4,2022,ha,"Human toxicity, non-cancer",CTUh,2.7619992067,,5.989999999999999e-07,1 ha worked,13_chara,1.6544375248132998e-06,1.0,,3.46e-06,1 ha worked,16_chara,3.46e-06,3.0,,8.92e-07,1 ha worked,11_chara,2.676e-06,1.0,,2e-06,1 ha worked,12_chara,2e-06,1.0,,1.37e-06,1 ha worked,14_chara,1.37e-06,0.0,,1.0700000000000001e-06,1 ha worked,17_chara,0.0,6.85799286,,1.27e-07,1 ha worked,15_chara,8.709650932200001e-07,1.20314026180333e-05
C4_2022,C4,2022,ha,"Human toxicity, non-cancer - inorganics",CTUh,2.7619992067,,1.6900000000000002e-07,1 ha worked,13_chara,4.667778659323001e-07,1.0,,1.12e-06,1 ha worked,16_chara,1.12e-06,3.0,,8.97e-08,1 ha worked,11_chara,2.691e-07,1.0,,8.100000000000001e-07,1 ha worked,12_chara,8.100000000000001e-07,1.0,,6.54e-07,1 ha worked,14_chara,6.54e-07,0.0,,3.12e-07,1 ha worked,17_chara,0.0,6.85799286,,1.02e-08,1 ha worked,15_chara,6.9951527172e-08,3.3898293931043e-06
C4_2022,C4,2022,ha,"Human toxicity, non-cancer - metals",CTUh,2.7619992067,,4.1999999999999995e-07,1 ha worked,13_chara,1.160039666814e-06,1.0,,2.26e-06,1 ha worked,16_chara,2.26e-06,3.0,,7.98e-07,1 ha worked,11_chara,2.3940000000000003e-06,1.0,,1.16e-06,1 ha worked,12_chara,1.16e-06,1.0,,6.99e-07,1 ha worked,14_chara,6.99e-07,0.0,,7.47e-07,1 ha worked,17_chara,0.0,6.85799286,,1.16e-07,1 ha worked,15_chara,7.955271717600001e-07,8.468566838574001e-06
C4_2022,C4,2022,ha,"Human toxicity, non-cancer - organics",CTUh,2.7619992067,,1.16e-08,1 ha worked,13_chara,3.203919079772e-08,1.0,,8.660000000000001e-08,1 ha worked,16_chara,8.660000000000001e-08,3.0,,5.48e-09,1 ha worked,11_chara,1.644e-08,1.0,,3.8200000000000005e-08,1 ha worked,12_chara,3.8200000000000005e-08,1.0,,2.67e-08,1 ha worked,14_chara,2.67e-08,0.0,,1.5299999999999998e-08,1 ha worked,17_chara,0.0,6.85799286,,1.08e-09,1 ha worked,15_chara,7.4066322888e-09,2.0738582308652002e-07
C4_2022,C4,2022,ha,Ionising radiation,kBq U-235 eq,2.7619992067,,1.72,1 ha worked,13_chara,4.750638635524,1.0,,10.49,1 ha worked,16_chara,10.49,3.0,,1.27,1 ha worked,11_chara,3.81,1.0,,7.89,1 ha worked,12_chara,7.89,1.0,,4.319999999999999,1 ha worked,14_chara,4.319999999999999,0.0,,1.75,1 ha worked,17_chara,0.0,6.85799286,,0.115,1 ha worked,15_chara,0.7886691789000001,32.049307814424
C4_2022,C4,2022,ha,Land use,Pt,2.7619992067,,145.23,1 ha worked,13_chara,401.125144789041,1.0,,800.14,1 ha worked,16_chara,800.14,3.0,,137.54,1 ha worked,11_chara,412.62,1.0,,641.1899999999999,1 ha worked,12_chara,641.1899999999999,1.0,,418.1,1 ha worked,14_chara,418.1,0.0,,168.95000000000002,1 ha worked,17_chara,0.0,6.85799286,,100.13,1 ha worked,15_chara,686.6908250718,3359.865969860841
C4_2022,C4,2022,ha,Ozone depletion,kg CFC11 eq,2.7619992067,,4.960000000000001e-06,1 ha worked,13_chara,1.3699516065232003e-05,1.0,,3.03e-05,1 ha worked,16_chara,3.03e-05,3.0,,4.17e-06,1 ha worked,11_chara,1.251e-05,1.0,,2.13e-05,1 ha worked,12_chara,2.13e-05,1.0,,9.97e-06,1 ha worked,14_chara,9.97e-06,0.0,,3.52e-06,1 ha worked,17_chara,0.0,6.85799286,,3.2200000000000005e-07,1 ha worked,15_chara,2.2082737009200006e-06,8.998778976615202e-05
C4_2022,C4,2022,ha,Particulate matter,disease inc.,2.7619992067,,8.429999999999999e-07,1 ha worked,13_chara,2.3283653312481e-06,1.0,,5.39e-06,1 ha worked,16_chara,5.39e-06,3.0,,6.229999999999999e-07,1 ha worked,11_chara,1.8689999999999998e-06,1.0,,3.6599999999999997e-06,1 ha worked,12_chara,3.6599999999999997e-06,1.0,,2.78e-06,1 ha worked,14_chara,2.78e-06,0.0,,1.42e-06,1 ha worked,17_chara,0.0,6.85799286,,1.22e-07,1 ha worked,15_chara,8.366751289200001e-07,1.68640404601681e-05
C4_2022,C4,2022,ha,Photochemical ozone formation,kg NMVOC eq,2.7619992067,,0.305,1 ha worked,13_chara,0.8424097580435,1.0,,2.2,1 ha worked,16_chara,2.2,3.0,,0.249,1 ha worked,11_chara,0.747,1.0,,1.33,1 ha worked,12_chara,1.33,1.0,,0.67,1 ha worked,14_chara,0.67,0.0,,0.107,1 ha worked,17_chara,0.0,6.85799286,,0.0194,1 ha worked,15_chara,0.133045061484,5.9224548195275
C4_2022,C4,2022,ha,"Resource use, fossils",MJ,2.7619992067,,357.29999999999995,1 ha worked,13_chara,986.8623165539099,1.0,,2174.67,1 ha worked,16_chara,2174.67,3.0,,273.81,1 ha worked,11_chara,821.4300000000001,1.0,,1630.72,1 ha worked,12_chara,1630.72,1.0,,863.0400000000001,1 ha worked,14_chara,863.0400000000001,0.0,,337.64000000000004,1 ha worked,17_chara,0.0,6.85799286,,23.53,1 ha worked,15_chara,161.3685719958,6638.09088854971
C4_2022,C4,2022,ha,"Resource use, minerals and metals",kg Sb eq,2.7619992067,,0.00031400000000000004,1 ha worked,13_chara,0.0008672677509038002,1.0,,0.0025800000000000003,1 ha worked,16_chara,0.0025800000000000003,3.0,,0.000127,1 ha worked,11_chara,0.000381,1.0,,0.000917,1 ha worked,12_chara,0.000917,1.0,,0.00062,1 ha worked,14_chara,0.00062,0.0,,0.00037,1 ha worked,17_chara,0.0,6.85799286,,2.91e-05,1 ha worked,15_chara,0.000199567592226,0.0055648353431298
C4_2022,C4,2022,ha,Water use,m3 depriv.,2.7619992067,,2.11,1 ha worked,13_chara,5.827818326137,1.0,,12.8,1 ha worked,16_chara,12.8,3.0,,0.8550000000000001,1 ha worked,11_chara,2.5650000000000004,1.0,,7.94,1 ha worked,12_chara,7.94,1.0,,6.409999999999999,1 ha worked,14_chara,6.409999999999999,0.0,,3.44,1 ha worked,17_chara,0.0,6.85799286,,0.235,1 ha worked,15_chara,1.6116283221,37.154446648237005
C4_2023,C4,2023,ha,Acidification,mol H+ eq,3.0,,0.253,1 ha worked,13_chara,0.759,1.0,,1.7899999999999998,1 ha worked,16_chara,1.7899999999999998,3.0,,0.20199999999999999,1 ha worked,11_chara,0.606,1.0,,1.1,1 ha worked,12_chara,1.1,1.0,,0.5670000000000001,1 ha worked,14_chara,0.5670000000000001,0.0,,0.116,1 ha worked,17_chara,0.0,2.966442953,,0.0167,1 ha worked,15_chara,0.0495395973151,4.8715395973151
C4_2023,C4,2023,ha,Climate change,kg CO2 eq,3.0,,26.88,1 ha worked,13_chara,80.64,1.0,,165.89,1 ha worked,16_chara,165.89,3.0,,20.45,1 ha worked,11_chara,61.349999999999994,1.0,,124.18,1 ha worked,12_chara,124.18,1.0,,69.64999999999999,1 ha worked,14_chara,69.64999999999999,0.0,,28.27,1 ha worked,17_chara,0.0,2.966442953,,1.93,1 ha worked,15_chara,5.72523489929,507.43523489929
C4_2023,C4,2023,ha,Climate change - Biogenic,kg CO2 eq,3.0,,0.0373,1 ha worked,13_chara,0.1119,1.0,,0.17600000000000002,1 ha worked,16_chara,0.17600000000000002,3.0,,0.028499999999999998,1 ha worked,11_chara,0.08549999999999999,1.0,,0.145,1 ha worked,12_chara,0.145,1.0,,0.0992,1 ha worked,14_chara,0.0992,0.0,,0.0452,1 ha worked,17_chara,0.0,2.966442953,,0.0211,1 ha worked,15_chara,0.0625919463083,0.6801919463083
C4_2023,C4,2023,ha,Climate change - Fossil,kg CO2 eq,3.0,,26.830000000000002,1 ha worked,13_chara,80.49000000000001,1.0,,165.57999999999998,1 ha worked,16_chara,165.57999999999998,3.0,,20.41,1 ha worked,11_chara,61.230000000000004,1.0,,123.97,1 ha worked,12_chara,123.97,1.0,,69.50999999999999,1 ha worked,14_chara,69.50999999999999,0.0,,28.180000000000003,1 ha worked,17_chara,0.0,2.966442953,,1.9100000000000001,1 ha worked,15_chara,5.66590604023,506.44590604023
C4_2023,C4,2023,ha,Climate change - Land use and LU change,kg CO2 eq,3.0,,0.0178,1 ha worked,13_chara,0.0534,1.0,,0.131,1 ha worked,16_chara,0.131,3.0,,0.00673,1 ha worked,11_chara,0.02019,1.0,,0.05789999999999999,1 ha worked,12_chara,0.05789999999999999,1.0,,0.0494,1 ha worked,14_chara,0.0494,0.0,,0.0434,1 ha worked,17_chara,0.0,2.966442953,,0.00132,1 ha worked,15_chara,0.0039157046979600004,0.31580570469796
C4_2023,C4,2023,ha,"Ecotoxicity, freshwater",CTUe,3.0,,409.06,1 ha worked,13_chara,1227.18,1.0,,2729.37,1 ha worked,16_chara,2729.37,3.0,,235.92,1 ha worked,11_chara,707.76,1.0,,1587.99,1 ha worked,12_chara,1587.99,1.0,,1134.53,1 ha worked,14_chara,1134.53,0.0,,588.66,1 ha worked,17_chara,0.0,2.966442953,,32.26,1 ha worked,15_chara,95.69744966377999,7482.52744966378
C4_2023,C4,2023,ha,"Ecotoxicity, freshwater - inorganics",CTUe,3.0,,66.27,1 ha worked,13_chara,198.81,1.0,,419.04999999999995,1 ha worked,16_chara,419.04999999999995,3.0,,48.84,1 ha worked,11_chara,146.52,1.0,,268.34,1 ha worked,12_chara,268.34,1.0,,140.05,1 ha worked,14_chara,140.05,0.0,,58.77,1 ha worked,17_chara,0.0,2.966442953,,4.59,1 ha worked,15_chara,13.61597315427,1186.3859731542698
C4_2023,C4,2023,ha,"Ecotoxicity, freshwater - metals",CTUe,3.0,,322.83,1 ha worked,13_chara,968.49,1.0,,2187.8900000000003,1 ha worked,16_chara,2187.8900000000003,3.0,,170.45000000000002,1 ha worked,11_chara,511.35,1.0,,1234.5,1 ha worked,12_chara,1234.5,1.0,,954.07,1 ha worked,14_chara,954.07,0.0,,515.3100000000001,1 ha worked,17_chara,0.0,2.966442953,,26.36,1 ha worked,15_chara,78.19543624108,5934.495436241079
C4_2023,C4,2023,ha,"Ecotoxicity, freshwater - organics",CTUe,3.0,,19.96,1 ha worked,13_chara,59.88,1.0,,122.43,1 ha worked,16_chara,122.43,3.0,,16.64,1 ha worked,11_chara,49.92,1.0,,85.15,1 ha worked,12_chara,85.15,1.0,,40.410000000000004,1 ha worked,14_chara,40.410000000000004,0.0,,14.58,1 ha worked,17_chara,0.0,2.966442953,,1.31,1 ha worked,15_chara,3.8860402684300004,361.67604026843003
C4_2023,C4,2023,ha,"Eutrophication, freshwater",kg P eq,3.0,,0.00346,1 ha worked,13_chara,0.01038,1.0,,0.0236,1 ha worked,16_chara,0.0236,3.0,,0.0014600000000000001,1 ha worked,11_chara,0.00438,1.0,,0.0129,1 ha worked,12_chara,0.0129,1.0,,0.0116,1 ha worked,14_chara,0.0116,0.0,,0.00685,1 ha worked,17_chara,0.0,2.966442953,,0.000272,1 ha worked,15_chara,0.000806872483216,0.063666872483216
C4_2023,C4,2023,ha,"Eutrophication, marine",kg N eq,3.0,,0.1,1 ha worked,13_chara,0.30000000000000004,1.0,,0.729,1 ha worked,16_chara,0.729,3.0,,0.08460000000000001,1 ha worked,11_chara,0.2538,1.0,,0.444,1 ha worked,12_chara,0.444,1.0,,0.213,1 ha worked,14_chara,0.213,0.0,,0.0206,1 ha worked,17_chara,0.0,2.966442953,,0.0064600000000000005,1 ha worked,15_chara,0.019163221476380003,1.95896322147638
C4_2023,C4,2023,ha,"Eutrophication, terrestrial",mol N eq,3.0,,1.1,1 ha worked,13_chara,3.3000000000000003,1.0,,7.97,1 ha worked,16_chara,7.97,3.0,,0.927,1 ha worked,11_chara,2.781,1.0,,4.86,1 ha worked,12_chara,4.86,1.0,,2.33,1 ha worked,14_chara,2.33,0.0,,0.21800000000000003,1 ha worked,17_chara,0.0,2.966442953,,0.0704,1 ha worked,15_chara,0.20883758389120002,21.4498375838912
C4_2023,C4,2023,ha,"Human toxicity, cancer",CTUh,3.0,,1.96e-08,1 ha worked,13_chara,5.88e-08,1.0,,1.34e-07,1 ha worked,16_chara,1.34e-07,3.0,,1.13e-08,1 ha worked,11_chara,3.39e-08,1.0,,1.03e-07,1 ha worked,12_chara,1.03e-07,1.0,,1.14e-07,1 ha worked,14_chara,1.14e-07,0.0,,5.54e-08,1 ha worked,17_chara,0.0,2.966442953,,1.91e-09,1 ha worked,15_chara,5.665906040229999e-09,4.4936590604022997e-07
C4_2023,C4,2023,ha,"Human toxicity, cancer - inorganics",CTUh,3.0,,3.85e-17,1 ha worked,13_chara,1.155e-16,1.0,,2.22e-16,1 ha worked,16_chara,2.22e-16,3.0,,1.8099999999999998e-17,1 ha worked,11_chara,5.429999999999999e-17,1.0,,1.5199999999999998e-16,1 ha worked,12_chara,1.5199999999999998e-16,1.0,,1.3300000000000002e-16,1 ha worked,14_chara,1.3300000000000002e-16,0.0,,7.46e-17,1 ha worked,17_chara,0.0,2.966442953,,2.89e-18,1 ha worked,15_chara,8.57302013417e-18,6.853730201341699e-16
C4_2023,C4,2023,ha,"Human toxicity, cancer - metals",CTUh,3.0,,1.23e-08,1 ha worked,13_chara,3.69e-08,1.0,,8.47e-08,1 ha worked,16_chara,8.47e-08,3.0,,7.91e-09,1 ha worked,11_chara,2.3729999999999998e-08,1.0,,6.970000000000001e-08,1 ha worked,12_chara,6.970000000000001e-08,1.0,,8.050000000000001e-08,1 ha worked,14_chara,8.050000000000001e-08,0.0,,3.55e-08,1 ha worked,17_chara,0.0,2.966442953,,1.23e-09,1 ha worked,15_chara,3.6487248321900004e-09,2.9917872483219e-07
C4_2023,C4,2023,ha,"Human toxicity, cancer - organics",CTUh,3.0,,7.2800000000000005e-09,1 ha worked,13_chara,2.1840000000000002e-08,1.0,,4.98e-08,1 ha worked,16_chara,4.98e-08,3.0,,3.4000000000000003e-09,1 ha worked,11_chara,1.02e-08,1.0,,3.3e-08,1 ha worked,12_chara,3.3e-08,1.0,,3.34e-08,1 ha worked,14_chara,3.34e-08,0.0,,2e-08,1 ha worked,17_chara,0.0,2.966442953,,6.829999999999999e-10,1 ha worked,15_chara,2.0260805368989996e-09,1.5026608053689898e-07
C4_2023,C4,2023,ha,"Human toxicity, non-cancer",CTUh,3.0,,5.989999999999999e-07,1 ha worked,13_chara,1.7969999999999997e-06,1.0,,3.46e-06,1 ha worked,16_chara,3.46e-06,3.0,,8.92e-07,1 ha worked,11_chara,2.676e-06,1.0,,2e-06,1 ha worked,12_chara,2e-06,1.0,,1.37e-06,1 ha worked,14_chara,1.37e-06,0.0,,1.0700000000000001e-06,1 ha worked,17_chara,0.0,2.966442953,,1.27e-07,1 ha worked,15_chara,3.76738255031e-07,1.1679738255031e-05
C4_2023,C4,2023,ha,"Human toxicity, non-cancer - inorganics",CTUh,3.0,,1.6900000000000002e-07,1 ha worked,13_chara,5.070000000000001e-07,1.0,,1.12e-06,1 ha worked,16_chara,1.12e-06,3.0,,8.97e-08,1 ha worked,11_chara,2.691e-07,1.0,,8.100000000000001e-07,1 ha worked,12_chara,8.100000000000001e-07,1.0,,6.54e-07,1 ha worked,14_chara,6.54e-07,0.0,,3.12e-07,1 ha worked,17_chara,0.0,2.966442953,,1.02e-08,1 ha worked,15_chara,3.02577181206e-08,3.3903577181206e-06
C4_2023,C4,2023,ha,"Human toxicity, non-cancer - metals",CTUh,3.0,,4.1999999999999995e-07,1 ha worked,13_chara,1.2599999999999998e-06,1.0,,2.26e-06,1 ha worked,16_chara,2.26e-06,3.0,,7.98e-07,1 ha worked,11_chara,2.3940000000000003e-06,1.0,,1.16e-06,1 ha worked,12_chara,1.16e-06,1.0,,6.99e-07,1 ha worked,14_chara,6.99e-07,0.0,,7.47e-07,1 ha worked,17_chara,0.0,2.966442953,,1.16e-07,1 ha worked,15_chara,3.4410738254800004e-07,8.117107382548e-06
C4_2023,C4,2023,ha,"Human toxicity, non-cancer - organics",CTUh,3.0,,1.16e-08,1 ha worked,13_chara,3.48e-08,1.0,,8.660000000000001e-08,1 ha worked,16_chara,8.660000000000001e-08,3.0,,5.48e-09,1 ha worked,11_chara,1.644e-08,1.0,,3.8200000000000005e-08,1 ha worked,12_chara,3.8200000000000005e-08,1.0,,2.67e-08,1 ha worked,14_chara,2.67e-08,0.0,,1.5299999999999998e-08,1 ha worked,17_chara,0.0,2.966442953,,1.08e-09,1 ha worked,15_chara,3.20375838924e-09,2.0594375838924002e-07
C4_2023,C4,2023,ha,Ionising radiation,kBq U-235 eq,3.0,,1.72,1 ha worked,13_chara,5.16,1.0,,10.49,1 ha worked,16_chara,10.49,3.0,,1.27,1 ha worked,11_chara,3.81,1.0,,7.89,1 ha worked,12_chara,7.89,1.0,,4.319999999999999,1 ha worked,14_chara,4.319999999999999,0.0,,1.75,1 ha worked,17_chara,0.0,2.966442953,,0.115,1 ha worked,15_chara,0.341140939595,32.011140939595
C4_2023,C4,2023,ha,Land use,Pt,3.0,,145.23,1 ha worked,13_chara,435.68999999999994,1.0,,800.14,1 ha worked,16_chara,800.14,3.0,,137.54,1 ha worked,11_chara,412.62,1.0,,641.1899999999999,1 ha worked,12_chara,641.1899999999999,1.0,,418.1,1 ha worked,14_chara,418.1,0.0,,168.95000000000002,1 ha worked,17_chara,0.0,2.966442953,,100.13,1 ha worked,15_chara,297.02993288389,3004.76993288389
C4_2023,C4,2023,ha,Ozone depletion,kg CFC11 eq,3.0,,4.960000000000001e-06,1 ha worked,13_chara,1.4880000000000003e-05,1.0,,3.03e-05,1 ha worked,16_chara,3.03e-05,3.0,,4.17e-06,1 ha worked,11_chara,1.251e-05,1.0,,2.13e-05,1 ha worked,12_chara,2.13e-05,1.0,,9.97e-06,1 ha worked,14_chara,9.97e-06,0.0,,3.52e-06,1 ha worked,17_chara,0.0,2.966442953,,3.2200000000000005e-07,1 ha worked,15_chara,9.551946308660001e-07,8.9915194630866e-05
C4_2023,C4,2023,ha,Particulate matter,disease inc.,3.0,,8.429999999999999e-07,1 ha worked,13_chara,2.529e-06,1.0,,5.39e-06,1 ha worked,16_chara,5.39e-06,3.0,,6.229999999999999e-07,1 ha worked,11_chara,1.8689999999999998e-06,1.0,,3.6599999999999997e-06,1 ha worked,12_chara,3.6599999999999997e-06,1.0,,2.78e-06,1 ha worked,14_chara,2.78e-06,0.0,,1.42e-06,1 ha worked,17_chara,0.0,2.966442953,,1.22e-07,1 ha worked,15_chara,3.6190604026600003e-07,1.6589906040266e-05
C4_2023,C4,2023,ha,Photochemical ozone formation,kg NMVOC eq,3.0,,0.305,1 ha worked,13_chara,0.915,1.0,,2.2,1 ha worked,16_chara,2.2,3.0,,0.249,1 ha worked,11_chara,0.747,1.0,,1.33,1 ha worked,12_chara,1.33,1.0,,0.67,1 ha worked,14_chara,0.67,0.0,,0.107,1 ha worked,17_chara,0.0,2.966442953,,0.0194,1 ha worked,15_chara,0.057548993288200005,5.9195489932882
C4_2023,C4,2023,ha,"Resource use, fossils",MJ,3.0,,357.29999999999995,1 ha worked,13_chara,1071.8999999999999,1.0,,2174.67,1 ha worked,16_chara,2174.67,3.0,,273.81,1 ha worked,11_chara,821.4300000000001,1.0,,1630.72,1 ha worked,12_chara,1630.72,1.0,,863.0400000000001,1 ha worked,14_chara,863.0400000000001,0.0,,337.64000000000004,1 ha worked,17_chara,0.0,2.966442953,,23.53,1 ha worked,15_chara,69.80040268409,6631.56040268409
C4_2023,C4,2023,ha,"Resource use, minerals and metals",kg Sb eq,3.0,,0.00031400000000000004,1 ha worked,13_chara,0.0009420000000000001,1.0,,0.0025800000000000003,1 ha worked,16_chara,0.0025800000000000003,3.0,,0.000127,1 ha worked,11_chara,0.000381,1.0,,0.000917,1 ha worked,12_chara,0.000917,1.0,,0.00062,1 ha worked,14_chara,0.00062,0.0,,0.00037,1 ha worked,17_chara,0.0,2.966442953,,2.91e-05,1 ha worked,15_chara,8.63234899323e-05,0.0055263234899323
C4_2023,C4,2023,ha,Water use,m3 depriv.,3.0,,2.11,1 ha worked,13_chara,6.33,1.0,,12.8,1 ha worked,16_chara,12.8,3.0,,0.8550000000000001,1 ha worked,11_chara,2.5650000000000004,1.0,,7.94,1 ha worked,12_chara,7.94,1.0,,6.409999999999999,1 ha worked,14_chara,6.409999999999999,0.0,,3.44,1 ha worked,17_chara,0.0,2.966442953,,0.235,1 ha worked,15_chara,0.697114093955,36.742114093955
C4_2024,C4,2024,ha,Acidification,mol H+ eq,3.0,,0.253,1 ha worked,13_chara,0.759,1.0,,1.7899999999999998,1 ha worked,16_chara,1.7899999999999998,3.0,,0.20199999999999999,1 ha worked,11_chara,0.606,1.0,,1.1,1 ha worked,12_chara,1.1,2.0,,0.5670000000000001,1 ha worked,14_chara,1.1340000000000001,0.0,,0.116,1 ha worked,17_chara,0.0,4.9229157939,,0.0167,1 ha worked,15_chara,0.08221269375812999,5.4712126937581305
C4_2024,C4,2024,ha,Climate change,kg CO2 eq,3.0,,26.88,1 ha worked,13_chara,80.64,1.0,,165.89,1 ha worked,16_chara,165.89,3.0,,20.45,1 ha worked,11_chara,61.349999999999994,1.0,,124.18,1 ha worked,12_chara,124.18,2.0,,69.64999999999999,1 ha worked,14_chara,139.29999999999998,0.0,,28.27,1 ha worked,17_chara,0.0,4.9229157939,,1.93,1 ha worked,15_chara,9.501227482227,580.861227482227
C4_2024,C4,2024,ha,Climate change - Biogenic,kg CO2 eq,3.0,,0.0373,1 ha worked,13_chara,0.1119,1.0,,0.17600000000000002,1 ha worked,16_chara,0.17600000000000002,3.0,,0.028499999999999998,1 ha worked,11_chara,0.08549999999999999,1.0,,0.145,1 ha worked,12_chara,0.145,2.0,,0.0992,1 ha worked,14_chara,0.1984,0.0,,0.0452,1 ha worked,17_chara,0.0,4.9229157939,,0.0211,1 ha worked,15_chara,0.10387352325129,0.8206735232512901
C4_2024,C4,2024,ha,Climate change - Fossil,kg CO2 eq,3.0,,26.830000000000002,1 ha worked,13_chara,80.49000000000001,1.0,,165.57999999999998,1 ha worked,16_chara,165.57999999999998,3.0,,20.41,1 ha worked,11_chara,61.230000000000004,1.0,,123.97,1 ha worked,12_chara,123.97,2.0,,69.50999999999999,1 ha worked,14_chara,139.01999999999998,0.0,,28.180000000000003,1 ha worked,17_chara,0.0,4.9229157939,,1.9100000000000001,1 ha worked,15_chara,9.402769166349,579.692769166349
C4_2024,C4,2024,ha,Climate change - Land use and LU change,kg CO2 eq,3.0,,0.0178,1 ha worked,13_chara,0.0534,1.0,,0.131,1 ha worked,16_chara,0.131,3.0,,0.00673,1 ha worked,11_chara,0.02019,1.0,,0.05789999999999999,1 ha worked,12_chara,0.05789999999999999,2.0,,0.0494,1 ha worked,14_chara,0.0988,0.0,,0.0434,1 ha worked,17_chara,0.0,4.9229157939,,0.00132,1 ha worked,15_chara,0.006498248847948,0.367788248847948
C4_2024,C4,2024,ha,"Ecotoxicity, freshwater",CTUe,3.0,,409.06,1 ha worked,13_chara,1227.18,1.0,,2729.37,1 ha worked,16_chara,2729.37,3.0,,235.92,1 ha worked,11_chara,707.76,1.0,,1587.99,1 ha worked,12_chara,1587.99,2.0,,1134.53,1 ha worked,14_chara,2269.06,0.0,,588.66,1 ha worked,17_chara,0.0,4.9229157939,,32.26,1 ha worked,15_chara,158.813263511214,8680.173263511215
C4_2024,C4,2024,ha,"Ecotoxicity, freshwater - inorganics",CTUe,3.0,,66.27,1 ha worked,13_chara,198.81,1.0,,419.04999999999995,1 ha worked,16_chara,419.04999999999995,3.0,,48.84,1 ha worked,11_chara,146.52,1.0,,268.34,1 ha worked,12_chara,268.34,2.0,,140.05,1 ha worked,14_chara,280.1,0.0,,58.77,1 ha worked,17_chara,0.0,4.9229157939,,4.59,1 ha worked,15_chara,22.596183494000996,1335.4161834940007
C4_2024,C4,2024,ha,"Ecotoxicity, freshwater - metals",CTUe,3.0,,322.83,1 ha worked,13_chara,968.49,1.0,,2187.8900000000003,1 ha worked,16_chara,2187.8900000000003,3.0,,170.45000000000002,1 ha worked,11_chara,511.35,1.0,,1234.5,1 ha worked,12_chara,1234.5,2.0,,954.07,1 ha worked,14_chara,1908.14,0.0,,515.3100000000001,1 ha worked,17_chara,0.0,4.9229157939,,26.36,1 ha worked,15_chara,129.76806032720398,6940.138060327204
C4_2024,C4,2024,ha,"Ecotoxicity, freshwater - organics",CTUe,3.0,,19.96,1 ha worked,13_chara,59.88,1.0,,122.43,1 ha worked,16_chara,122.43,3.0,,16.64,1 ha worked,11_chara,49.92,1.0,,85.15,1 ha worked,12_chara,85.15,2.0,,40.410000000000004,1 ha worked,14_chara,80.82000000000001,0.0,,14.58,1 ha worked,17_chara,0.0,4.9229157939,,1.31,1 ha worked,15_chara,6.449019690009,404.64901969000897
C4_2024,C4,2024,ha,"Eutrophication, freshwater",kg P eq,3.0,,0.00346,1 ha worked,13_chara,0.01038,1.0,,0.0236,1 ha worked,16_chara,0.0236,3.0,,0.0014600000000000001,1 ha worked,11_chara,0.00438,1.0,,0.0129,1 ha worked,12_chara,0.0129,2.0,,0.0116,1 ha worked,14_chara,0.0232,0.0,,0.00685,1 ha worked,17_chara,0.0,4.9229157939,,0.000272,1 ha worked,15_chara,0.0013390330959408,0.0757990330959408
C4_2024,C4,2024,ha,"Eutrophication, marine",kg N eq,3.0,,0.1,1 ha worked,13_chara,0.30000000000000004,1.0,,0.729,1 ha worked,16_chara,0.729,3.0,,0.08460000000000001,1 ha worked,11_chara,0.2538,1.0,,0.444,1 ha worked,12_chara,0.444,2.0,,0.213,1 ha worked,14_chara,0.426,0.0,,0.0206,1 ha worked,17_chara,0.0,4.9229157939,,0.0064600000000000005,1 ha worked,15_chara,0.031802036028594,2.1846020360285943
C4_2024,C4,2024,ha,"Eutrophication, terrestrial",mol N eq,3.0,,1.1,1 ha worked,13_chara,3.3000000000000003,1.0,,7.97,1 ha worked,16_chara,7.97,3.0,,0.927,1 ha worked,11_chara,2.781,1.0,,4.86,1 ha worked,12_chara,4.86,2.0,,2.33,1 ha worked,14_chara,4.66,0.0,,0.21800000000000003,1 ha worked,17_chara,0.0,4.9229157939,,0.0704,1 ha worked,15_chara,0.34657327189056,23.91757327189056
C4_2024,C4,2024,ha,"Human toxicity, cancer",CTUh,3.0,,1.96e-08,1 ha worked,13_chara,5.88e-08,1.0,,1.34e-07,1 ha worked,16_chara,1.34e-07,3.0,,1.13e-08,1 ha worked,11_chara,3.39e-08,1.0,,1.03e-07,1 ha worked,12_chara,1.03e-07,2.0,,1.14e-07,1 ha worked,14_chara,2.28e-07,0.0,,5.54e-08,1 ha worked,17_chara,0.0,4.9229157939,,1.91e-09,1 ha worked,15_chara,9.402769166348998e-09,5.671027691663489e-07
C4_2024,C4,2024,ha,"Human toxicity, cancer - inorganics",CTUh,3.0,,3.85e-17,1 ha worked,13_chara,1.155e-16,1.0,,2.22e-16,1 ha worked,16_chara,2.22e-16,3.0,,1.8099999999999998e-17,1 ha worked,11_chara,5.429999999999999e-17,1.0,,1.5199999999999998e-16,1 ha worked,12_chara,1.5199999999999998e-16,2.0,,1.3300000000000002e-16,1 ha worked,14_chara,2.6600000000000003e-16,0.0,,7.46e-17,1 ha worked,17_chara,0.0,4.9229157939,,2.89e-18,1 ha worked,15_chara,1.4227226644371e-17,8.240272266443711e-16
C4_2024,C4,2024,ha,"Human toxicity, cancer - metals",CTUh,3.0,,1.23e-08,1 ha worked,13_chara,3.69e-08,1.0,,8.47e-08,1 ha worked,16_chara,8.47e-08,3.0,,7.91e-09,1 ha worked,11_chara,2.3729999999999998e-08,1.0,,6.970000000000001e-08,1 ha worked,12_chara,6.970000000000001e-08,2.0,,8.050000000000001e-08,1 ha worked,14_chara,1.6100000000000003e-07,0.0,,3.55e-08,1 ha worked,17_chara,0.0,4.9229157939,,1.23e-09,1 ha worked,15_chara,6.055186426497e-09,3.8208518642649703e-07
C4_2024,C4,2024,ha,"Human toxicity, cancer - organics",CTUh,3.0,,7.2800000000000005e-09,1 ha worked,13_chara,2.1840000000000002e-08,1.0,,4.98e-08,1 ha worked,16_chara,4.98e-08,3.0,,3.4000000000000003e-09,1 ha worked,11_chara,1.02e-08,1.0,,3.3e-08,1 ha worked,12_chara,3.3e-08,2.0,,3.34e-08,1 ha worked,14_chara,6.68e-08,0.0,,2e-08,1 ha worked,17_chara,0.0,4.9229157939,,6.829999999999999e-10,1 ha worked,15_chara,3.3623514872336995e-09,1.850023514872337e-07
C4_2024,C4,2024,ha,"Human toxicity, non-cancer",CTUh,3.0,,5.989999999999999e-07,1 ha worked,13_chara,1.7969999999999997e-06,1.0,,3.46e-06,1 ha worked,16_chara,3.46e-06,3.0,,8.92e-07,1 ha worked,11_chara,2.676e-06,1.0,,2e-06,1 ha worked,12_chara,2e-06,2.0,,1.37e-06,1 ha worked,14_chara,2.74e-06,0.0,,1.0700000000000001e-06,1 ha worked,17_chara,0.0,4.9229157939,,1.27e-07,1 ha worked,15_chara,6.252103058253001e-07,1.32982103058253e-05
C4_2024,C4,2024,ha,"Human toxicity, non-cancer - inorganics",CTUh,3.0,,1.6900000000000002e-07,1 ha worked,13_chara,5.070000000000001e-07,1.0,,1.12e-06,1 ha worked,16_chara,1.12e-06,3.0,,8.97e-08,1 ha worked,11_chara,2.691e-07,1.0,,8.100000000000001e-07,1 ha worked,12_chara,8.100000000000001e-07,2.0,,6.54e-07,1 ha worked,14_chara,1.308e-06,0.0,,3.12e-07,1 ha worked,17_chara,0.0,4.9229157939,,1.02e-08,1 ha worked,15_chara,5.021374109778e-08,4.064313741097781e-06
C4_2024,C4,2024,ha,"Human toxicity, non-cancer - metals",CTUh,3.0,,4.1999999999999995e-07,1 ha worked,13_chara,1.2599999999999998e-06,1.0,,2.26e-06,1 ha worked,16_chara,2.26e-06,3.0,,7.98e-07,1 ha worked,11_chara,2.3940000000000003e-06,1.0,,1.16e-06,1 ha worked,12_chara,1.16e-06,2.0,,6.99e-07,1 ha worked,14_chara,1.398e-06,0.0,,7.47e-07,1 ha worked,17_chara,0.0,4.9229157939,,1.16e-07,1 ha worked,15_chara,5.710582320924e-07,9.0430582320924e-06
C4_2024,C4,2024,ha,"Human toxicity, non-cancer - organics",CTUh,3.0,,1.16e-08,1 ha worked,13_chara,3.48e-08,1.0,,8.660000000000001e-08,1 ha worked,16_chara,8.660000000000001e-08,3.0,,5.48e-09,1 ha worked,11_chara,1.644e-08,1.0,,3.8200000000000005e-08,1 ha worked,12_chara,3.8200000000000005e-08,2.0,,2.67e-08,1 ha worked,14_chara,5.34e-08,0.0,,1.5299999999999998e-08,1 ha worked,17_chara,0.0,4.9229157939,,1.08e-09,1 ha worked,15_chara,5.316749057412e-09,2.3475674905741203e-07
C4_2024,C4,2024,ha,Ionising radiation,kBq U-235 eq,3.0,,1.72,1 ha worked,13_chara,5.16,1.0,,10.49,1 ha worked,16_chara,10.49,3.0,,1.27,1 ha worked,11_chara,3.81,1.0,,7.89,1 ha worked,12_chara,7.89,2.0,,4.319999999999999,1 ha worked,14_chara,8.639999999999999,0.0,,1.75,1 ha worked,17_chara,0.0,4.9229157939,,0.115,1 ha worked,15_chara,0.5661353162985,36.5561353162985
C4_2024,C4,2024,ha,Land use,Pt,3.0,,145.23,1 ha worked,13_chara,435.68999999999994,1.0,,800.14,1 ha worked,16_chara,800.14,3.0,,137.54,1 ha worked,11_chara,412.62,1.0,,641.1899999999999,1 ha worked,12_chara,641.1899999999999,2.0,,418.1,1 ha worked,14_chara,836.2,0.0,,168.95000000000002,1 ha worked,17_chara,0.0,4.9229157939,,100.13,1 ha worked,15_chara,492.93155844320694,3618.771558443207
C4_2024,C4,2024,ha,Ozone depletion,kg CFC11 eq,3.0,,4.960000000000001e-06,1 ha worked,13_chara,1.4880000000000003e-05,1.0,,3.03e-05,1 ha worked,16_chara,3.03e-05,3.0,,4.17e-06,1 ha worked,11_chara,1.251e-05,1.0,,2.13e-05,1 ha worked,12_chara,2.13e-05,2.0,,9.97e-06,1 ha worked,14_chara,1.994e-05,0.0,,3.52e-06,1 ha worked,17_chara,0.0,4.9229157939,,3.2200000000000005e-07,1 ha worked,15_chara,1.5851788856358001e-06,0.0001005151788856358
C4_2024,C4,2024,ha,Particulate matter,disease inc.,3.0,,8.429999999999999e-07,1 ha worked,13_chara,2.529e-06,1.0,,5.39e-06,1 ha worked,16_chara,5.39e-06,3.0,,6.229999999999999e-07,1 ha worked,11_chara,1.8689999999999998e-06,1.0,,3.6599999999999997e-06,1 ha worked,12_chara,3.6599999999999997e-06,2.0,,2.78e-06,1 ha worked,14_chara,5.56e-06,0.0,,1.42e-06,1 ha worked,17_chara,0.0,4.9229157939,,1.22e-07,1 ha worked,15_chara,6.005957268558e-07,1.96085957268558e-05
C4_2024,C4,2024,ha,Photochemical ozone formation,kg NMVOC eq,3.0,,0.305,1 ha worked,13_chara,0.915,1.0,,2.2,1 ha worked,16_chara,2.2,3.0,,0.249,1 ha worked,11_chara,0.747,1.0,,1.33,1 ha worked,12_chara,1.33,2.0,,0.67,1 ha worked,14_chara,1.34,0.0,,0.107,1 ha worked,17_chara,0.0,4.9229157939,,0.0194,1 ha worked,15_chara,0.09550456640166,6.62750456640166
C4_2024,C4,2024,ha,"Resource use, fossils",MJ,3.0,,357.29999999999995,1 ha worked,13_chara,1071.8999999999999,1.0,,2174.67,1 ha worked,16_chara,2174.67,3.0,,273.81,1 ha worked,11_chara,821.4300000000001,1.0,,1630.72,1 ha worked,12_chara,1630.72,2.0,,863.0400000000001,1 ha worked,14_chara,1726.0800000000002,0.0,,337.64000000000004,1 ha worked,17_chara,0.0,4.9229157939,,23.53,1 ha worked,15_chara,115.836208630467,7540.636208630467
C4_2024,C4,2024,ha,"Resource use, minerals and metals",kg Sb eq,3.0,,0.00031400000000000004,1 ha worked,13_chara,0.0009420000000000001,1.0,,0.0025800000000000003,1 ha worked,16_chara,0.0025800000000000003,3.0,,0.000127,1 ha worked,11_chara,0.000381,1.0,,0.000917,1 ha worked,12_chara,0.000917,2.0,,0.00062,1 ha worked,14_chara,0.00124,0.0,,0.00037,1 ha worked,17_chara,0.0,4.9229157939,,2.91e-05,1 ha worked,15_chara,0.00014325684960248998,0.006203256849602491
C4_2024,C4,2024,ha,Water use,m3 depriv.,3.0,,2.11,1 ha worked,13_chara,6.33,1.0,,12.8,1 ha worked,16_chara,12.8,3.0,,0.8550000000000001,1 ha worked,11_chara,2.5650000000000004,1.0,,7.94,1 ha worked,12_chara,7.94,2.0,,6.409999999999999,1 ha worked,14_chara,12.819999999999999,0.0,,3.44,1 ha worked,17_chara,0.0,4.9229157939,,0.235,1 ha worked,15_chara,1.1568852115664998,43.6118852115665
C5_2022,C5,2022,ha,Acidification,mol H+ eq,3.0,,0.253,1 ha worked,13_chara,0.759,1.0,,1.7899999999999998,1 ha worked,16_chara,1.7899999999999998,3.0,,0.20199999999999999,1 ha worked,11_chara,0.606,1.0,,1.1,1 ha worked,12_chara,1.1,1.0,,0.5670000000000001,1 ha worked,14_chara,0.5670000000000001,0.0,,0.116,1 ha worked,17_chara,0.0,3.7202797203,,0.0167,1 ha worked,15_chara,0.06212867132901,4.88412867132901
C5_2022,C5,2022,ha,Climate change,kg CO2 eq,3.0,,26.88,1 ha worked,13_chara,80.64,1.0,,165.89,1 ha worked,16_chara,165.89,3.0,,20.45,1 ha worked,11_chara,61.349999999999994,1.0,,124.18,1 ha worked,12_chara,124.18,1.0,,69.64999999999999,1 ha worked,14_chara,69.64999999999999,0.0,,28.27,1 ha worked,17_chara,0.0,3.7202797203,,1.93,1 ha worked,15_chara,7.1801398601790005,508.890139860179
C5_2022,C5,2022,ha,Climate change - Biogenic,kg CO2 eq,3.0,,0.0373,1 ha worked,13_chara,0.1119,1.0,,0.17600000000000002,1 ha worked,16_chara,0.17600000000000002,3.0,,0.028499999999999998,1 ha worked,11_chara,0.08549999999999999,1.0,,0.145,1 ha worked,12_chara,0.145,1.0,,0.0992,1 ha worked,14_chara,0.0992,0.0,,0.0452,1 ha worked,17_chara,0.0,3.7202797203,,0.0211,1 ha worked,15_chara,0.07849790209833,0.69609790209833
C5_2022,C5,2022,ha,Climate change - Fossil,kg CO2 eq,3.0,,26.830000000000002,1 ha worked,13_chara,80.49000000000001,1.0,,165.57999999999998,1 ha worked,16_chara,165.57999999999998,3.0,,20.41,1 ha worked,11_chara,61.230000000000004,1.0,,123.97,1 ha worked,12_chara,123.97,1.0,,69.50999999999999,1 ha worked,14_chara,69.50999999999999,0.0,,28.180000000000003,1 ha worked,17_chara,0.0,3.7202797203,,1.9100000000000001,1 ha worked,15_chara,7.105734265773001,507.88573426577295
C5_2022,C5,2022,ha,Climate change - Land use and LU change,kg CO2 eq,3.0,,0.0178,1 ha worked,13_chara,0.0534,1.0,,0.131,1 ha worked,16_chara,0.131,3.0,,0.00673,1 ha worked,11_chara,0.02019,1.0,,0.05789999999999999,1 ha worked,12_chara,0.05789999999999999,1.0,,0.0494,1 ha worked,14_chara,0.0494,0.0,,0.0434,1 ha worked,17_chara,0.0,3.7202797203,,0.00132,1 ha worked,15_chara,0.004910769230796,0.316800769230796
C5_2022,C5,2022,ha,"Ecotoxicity, freshwater",CTUe,3.0,,409.06,1 ha worked,13_chara,1227.18,1.0,,2729.37,1 ha worked,16_chara,2729.37,3.0,,235.92,1 ha worked,11_chara,707.76,1.0,,1587.99,1 ha worked,12_chara,1587.99,1.0,,1134.53,1 ha worked,14_chara,1134.53,0.0,,588.66,1 ha worked,17_chara,0.0,3.7202797203,,32.26,1 ha worked,15_chara,120.016223776878,7506.846223776878
C5_2022,C5,2022,ha,"Ecotoxicity, freshwater - inorganics",CTUe,3.0,,66.27,1 ha worked,13_chara,198.81,1.0,,419.04999999999995,1 ha worked,16_chara,419.04999999999995,3.0,,48.84,1 ha worked,11_chara,146.52,1.0,,268.34,1 ha worked,12_chara,268.34,1.0,,140.05,1 ha worked,14_chara,140.05,0.0,,58.77,1 ha worked,17_chara,0.0,3.7202797203,,4.59,1 ha worked,15_chara,17.076083916177,1189.8460839161767
C5_2022,C5,2022,ha,"Ecotoxicity, freshwater - metals",CTUe,3.0,,322.83,1 ha worked,13_chara,968.49,1.0,,2187.8900000000003,1 ha worked,16_chara,2187.8900000000003,3.0,,170.45000000000002,1 ha worked,11_chara,511.35,1.0,,1234.5,1 ha worked,12_chara,1234.5,1.0,,954.07,1 ha worked,14_chara,954.07,0.0,,515.3100000000001,1 ha worked,17_chara,0.0,3.7202797203,,26.36,1 ha worked,15_chara,98.066573427108,5954.366573427107
C5_2022,C5,2022,ha,"Ecotoxicity, freshwater - organics",CTUe,3.0,,19.96,1 ha worked,13_chara,59.88,1.0,,122.43,1 ha worked,16_chara,122.43,3.0,,16.64,1 ha worked,11_chara,49.92,1.0,,85.15,1 ha worked,12_chara,85.15,1.0,,40.410000000000004,1 ha worked,14_chara,40.410000000000004,0.0,,14.58,1 ha worked,17_chara,0.0,3.7202797203,,1.31,1 ha worked,15_chara,4.873566433593001,362.663566433593
C5_2022,C5,2022,ha,"Eutrophication, freshwater",kg P eq,3.0,,0.00346,1 ha worked,13_chara,0.01038,1.0,,0.0236,1 ha worked,16_chara,0.0236,3.0,,0.0014600000000000001,1 ha worked,11_chara,0.00438,1.0,,0.0129,1 ha worked,12_chara,0.0129,1.0,,0.0116,1 ha worked,14_chara,0.0116,0.0,,0.00685,1 ha worked,17_chara,0.0,3.7202797203,,0.000272,1 ha worked,15_chara,0.0010119160839216,0.06387191608392159
C5_2022,C5,2022,ha,"Eutrophication, marine",kg N eq,3.0,,0.1,1 ha worked,13_chara,0.30000000000000004,1.0,,0.729,1 ha worked,16_chara,0.729,3.0,,0.08460000000000001,1 ha worked,11_chara,0.2538,1.0,,0.444,1 ha worked,12_chara,0.444,1.0,,0.213,1 ha worked,14_chara,0.213,0.0,,0.0206,1 ha worked,17_chara,0.0,3.7202797203,,0.0064600000000000005,1 ha worked,15_chara,0.024033006993138,1.963833006993138
C5_2022,C5,2022,ha,"Eutrophication, terrestrial",mol N eq,3.0,,1.1,1 ha worked,13_chara,3.3000000000000003,1.0,,7.97,1 ha worked,16_chara,7.97,3.0,,0.927,1 ha worked,11_chara,2.781,1.0,,4.86,1 ha worked,12_chara,4.86,1.0,,2.33,1 ha worked,14_chara,2.33,0.0,,0.21800000000000003,1 ha worked,17_chara,0.0,3.7202797203,,0.0704,1 ha worked,15_chara,0.26190769230912003,21.50290769230912
C5_2022,C5,2022,ha,"Human toxicity, cancer",CTUh,3.0,,1.96e-08,1 ha worked,13_chara,5.88e-08,1.0,,1.34e-07,1 ha worked,16_chara,1.34e-07,3.0,,1.13e-08,1 ha worked,11_chara,3.39e-08,1.0,,1.03e-07,1 ha worked,12_chara,1.03e-07,1.0,,1.14e-07,1 ha worked,14_chara,1.14e-07,0.0,,5.54e-08,1 ha worked,17_chara,0.0,3.7202797203,,1.91e-09,1 ha worked,15_chara,7.105734265773e-09,4.50805734265773e-07
C5_2022,C5,2022,ha,"Human toxicity, cancer - inorganics",CTUh,3.0,,3.85e-17,1 ha worked,13_chara,1.155e-16,1.0,,2.22e-16,1 ha worked,16_chara,2.22e-16,3.0,,1.8099999999999998e-17,1 ha worked,11_chara,5.429999999999999e-17,1.0,,1.5199999999999998e-16,1 ha worked,12_chara,1.5199999999999998e-16,1.0,,1.3300000000000002e-16,1 ha worked,14_chara,1.3300000000000002e-16,0.0,,7.46e-17,1 ha worked,17_chara,0.0,3.7202797203,,2.89e-18,1 ha worked,15_chara,1.0751608391667e-17,6.875516083916669e-16
C5_2022,C5,2022,ha,"Human toxicity, cancer - metals",CTUh,3.0,,1.23e-08,1 ha worked,13_chara,3.69e-08,1.0,,8.47e-08,1 ha worked,16_chara,8.47e-08,3.0,,7.91e-09,1 ha worked,11_chara,2.3729999999999998e-08,1.0,,6.970000000000001e-08,1 ha worked,12_chara,6.970000000000001e-08,1.0,,8.050000000000001e-08,1 ha worked,14_chara,8.050000000000001e-08,0.0,,3.55e-08,1 ha worked,17_chara,0.0,3.7202797203,,1.23e-09,1 ha worked,15_chara,4.575944055969001e-09,3.00105944055969e-07
C5_2022,C5,2022,ha,"Human toxicity, cancer - organics",CTUh,3.0,,7.2800000000000005e-09,1 ha worked,13_chara,2.1840000000000002e-08,1.0,,4.98e-08,1 ha worked,16_chara,4.98e-08,3.0,,3.4000000000000003e-09,1 ha worked,11_chara,1.02e-08,1.0,,3.3e-08,1 ha worked,12_chara,3.3e-08,1.0,,3.34e-08,1 ha worked,14_chara,3.34e-08,0.0,,2e-08,1 ha worked,17_chara,0.0,3.7202797203,,6.829999999999999e-10,1 ha worked,15_chara,2.5409510489649e-09,1.5078095104896487e-07
C5_2022,C5,2022,ha,"Human toxicity, non-cancer",CTUh,3.0,,5.989999999999999e-07,1 ha worked,13_chara,1.7969999999999997e-06,1.0,,3.46e-06,1 ha worked,16_chara,3.46e-06,3.0,,8.92e-07,1 ha worked,11_chara,2.676e-06,1.0,,2e-06,1 ha worked,12_chara,2e-06,1.0,,1.37e-06,1 ha worked,14_chara,1.37e-06,0.0,,1.0700000000000001e-06,1 ha worked,17_chara,0.0,3.7202797203,,1.27e-07,1 ha worked,15_chara,4.724755244781001e-07,1.1775475524478101e-05
C5_2022,C5,2022,ha,"Human toxicity, non-cancer - inorganics",CTUh,3.0,,1.6900000000000002e-07,1 ha worked,13_chara,5.070000000000001e-07,1.0,,1.12e-06,1 ha worked,16_chara,1.12e-06,3.0,,8.97e-08,1 ha worked,11_chara,2.691e-07,1.0,,8.100000000000001e-07,1 ha worked,12_chara,8.100000000000001e-07,1.0,,6.54e-07,1 ha worked,14_chara,6.54e-07,0.0,,3.12e-07,1 ha worked,17_chara,0.0,3.7202797203,,1.02e-08,1 ha worked,15_chara,3.7946853147060006e-08,3.39804685314706e-06
C5_2022,C5,2022,ha,"Human toxicity, non-cancer - metals",CTUh,3.0,,4.1999999999999995e-07,1 ha worked,13_chara,1.2599999999999998e-06,1.0,,2.26e-06,1 ha worked,16_chara,2.26e-06,3.0,,7.98e-07,1 ha worked,11_chara,2.3940000000000003e-06,1.0,,1.16e-06,1 ha worked,12_chara,1.16e-06,1.0,,6.99e-07,1 ha worked,14_chara,6.99e-07,0.0,,7.47e-07,1 ha worked,17_chara,0.0,3.7202797203,,1.16e-07,1 ha worked,15_chara,4.315524475548e-07,8.204552447554799e-06
C5_2022,C5,2022,ha,"Human toxicity, non-cancer - organics",CTUh,3.0,,1.16e-08,1 ha worked,13_chara,3.48e-08,1.0,,8.660000000000001e-08,1 ha worked,16_chara,8.660000000000001e-08,3.0,,5.48e-09,1 ha worked,11_chara,1.644e-08,1.0,,3.8200000000000005e-08,1 ha worked,12_chara,3.8200000000000005e-08,1.0,,2.67e-08,1 ha worked,14_chara,2.67e-08,0.0,,1.5299999999999998e-08,1 ha worked,17_chara,0.0,3.7202797203,,1.08e-09,1 ha worked,15_chara,4.017902097924e-09,2.0675790209792402e-07
C5_2022,C5,2022,ha,Ionising radiation,kBq U-235 eq,3.0,,1.72,1 ha worked,13_chara,5.16,1.0,,10.49,1 ha worked,16_chara,10.49,3.0,,1.27,1 ha worked,11_chara,3.81,1.0,,7.89,1 ha worked,12_chara,7.89,1.0,,4.319999999999999,1 ha worked,14_chara,4.319999999999999,0.0,,1.75,1 ha worked,17_chara,0.0,3.7202797203,,0.115,1 ha worked,15_chara,0.42783216783450007,32.097832167834504
C5_2022,C5,2022,ha,Land use,Pt,3.0,,145.23,1 ha worked,13_chara,435.68999999999994,1.0,,800.14,1 ha worked,16_chara,800.14,3.0,,137.54,1 ha worked,11_chara,412.62,1.0,,641.1899999999999,1 ha worked,12_chara,641.1899999999999,1.0,,418.1,1 ha worked,14_chara,418.1,0.0,,168.95000000000002,1 ha worked,17_chara,0.0,3.7202797203,,100.13,1 ha worked,15_chara,372.511608393639,3080.251608393639
C5_2022,C5,2022,ha,Ozone depletion,kg CFC11 eq,3.0,,4.960000000000001e-06,1 ha worked,13_chara,1.4880000000000003e-05,1.0,,3.03e-05,1 ha worked,16_chara,3.03e-05,3.0,,4.17e-06,1 ha worked,11_chara,1.251e-05,1.0,,2.13e-05,1 ha worked,12_chara,2.13e-05,1.0,,9.97e-06,1 ha worked,14_chara,9.97e-06,0.0,,3.52e-06,1 ha worked,17_chara,0.0,3.7202797203,,3.2200000000000005e-07,1 ha worked,15_chara,1.1979300699366002e-06,9.01579300699366e-05
C5_2022,C5,2022,ha,Particulate matter,disease inc.,3.0,,8.429999999999999e-07,1 ha worked,13_chara,2.529e-06,1.0,,5.39e-06,1 ha worked,16_chara,5.39e-06,3.0,,6.229999999999999e-07,1 ha worked,11_chara,1.8689999999999998e-06,1.0,,3.6599999999999997e-06,1 ha worked,12_chara,3.6599999999999997e-06,1.0,,2.78e-06,1 ha worked,14_chara,2.78e-06,0.0,,1.42e-06,1 ha worked,17_chara,0.0,3.7202797203,,1.22e-07,1 ha worked,15_chara,4.5387412587660007e-07,1.66818741258766e-05
C5_2022,C5,2022,ha,Photochemical ozone formation,kg NMVOC eq,3.0,,0.305,1 ha worked,13_chara,0.915,1.0,,2.2,1 ha worked,16_chara,2.2,3.0,,0.249,1 ha worked,11_chara,0.747,1.0,,1.33,1 ha worked,12_chara,1.33,1.0,,0.67,1 ha worked,14_chara,0.67,0.0,,0.107,1 ha worked,17_chara,0.0,3.7202797203,,0.0194,1 ha worked,15_chara,0.07217342657382,5.93417342657382
C5_2022,C5,2022,ha,"Resource use, fossils",MJ,3.0,,357.29999999999995,1 ha worked,13_chara,1071.8999999999999,1.0,,2174.67,1 ha worked,16_chara,2174.67,3.0,,273.81,1 ha worked,11_chara,821.4300000000001,1.0,,1630.72,1 ha worked,12_chara,1630.72,1.0,,863.0400000000001,1 ha worked,14_chara,863.0400000000001,0.0,,337.64000000000004,1 ha worked,17_chara,0.0,3.7202797203,,23.53,1 ha worked,15_chara,87.53818181865901,6649.298181818659
C5_2022,C5,2022,ha,"Resource use, minerals and metals",kg Sb eq,3.0,,0.00031400000000000004,1 ha worked,13_chara,0.0009420000000000001,1.0,,0.0025800000000000003,1 ha worked,16_chara,0.0025800000000000003,3.0,,0.000127,1 ha worked,11_chara,0.000381,1.0,,0.000917,1 ha worked,12_chara,0.000917,1.0,,0.00062,1 ha worked,14_chara,0.00062,0.0,,0.00037,1 ha worked,17_chara,0.0,3.7202797203,,2.91e-05,1 ha worked,15_chara,0.00010826013986073001,0.005548260139860731
C5_2022,C5,2022,ha,Water use,m3 depriv.,3.0,,2.11,1 ha worked,13_chara,6.33,1.0,,12.8,1 ha worked,16_chara,12.8,3.0,,0.8550000000000001,1 ha worked,11_chara,2.5650000000000004,1.0,,7.94,1 ha worked,12_chara,7.94,1.0,,6.409999999999999,1 ha worked,14_chara,6.409999999999999,0.0,,3.44,1 ha worked,17_chara,0.0,3.7202797203,,0.235,1 ha worked,15_chara,0.8742657342705,36.9192657342705
C5_2023,C5,2023,ha,Acidification,mol H+ eq,3.0,,0.253,1 ha worked,13_chara,0.759,1.0,,1.7899999999999998,1 ha worked,16_chara,1.7899999999999998,3.0,,0.20199999999999999,1 ha worked,11_chara,0.606,1.0,,1.1,1 ha worked,12_chara,1.1,1.0,,0.5670000000000001,1 ha worked,14_chara,0.5670000000000001,0.0,,0.116,1 ha worked,17_chara,0.0,5.0158013544,,0.0167,1 ha worked,15_chara,0.08376388261847999,4.90576388261848
C5_2023,C5,2023,ha,Climate change,kg CO2 eq,3.0,,26.88,1 ha worked,13_chara,80.64,1.0,,165.89,1 ha worked,16_chara,165.89,3.0,,20.45,1 ha worked,11_chara,61.349999999999994,1.0,,124.18,1 ha worked,12_chara,124.18,1.0,,69.64999999999999,1 ha worked,14_chara,69.64999999999999,0.0,,28.27,1 ha worked,17_chara,0.0,5.0158013544,,1.93,1 ha worked,15_chara,9.680496613991998,511.39049661399196
C5_2023,C5,2023,ha,Climate change - Biogenic,kg CO2 eq,3.0,,0.0373,1 ha worked,13_chara,0.1119,1.0,,0.17600000000000002,1 ha worked,16_chara,0.17600000000000002,3.0,,0.028499999999999998,1 ha worked,11_chara,0.08549999999999999,1.0,,0.145,1 ha worked,12_chara,0.145,1.0,,0.0992,1 ha worked,14_chara,0.0992,0.0,,0.0452,1 ha worked,17_chara,0.0,5.0158013544,,0.0211,1 ha worked,15_chara,0.10583340857784,0.72343340857784
C5_2023,C5,2023,ha,Climate change - Fossil,kg CO2 eq,3.0,,26.830000000000002,1 ha worked,13_chara,80.49000000000001,1.0,,165.57999999999998,1 ha worked,16_chara,165.57999999999998,3.0,,20.41,1 ha worked,11_chara,61.230000000000004,1.0,,123.97,1 ha worked,12_chara,123.97,1.0,,69.50999999999999,1 ha worked,14_chara,69.50999999999999,0.0,,28.180000000000003,1 ha worked,17_chara,0.0,5.0158013544,,1.9100000000000001,1 ha worked,15_chara,9.580180586904,510.360180586904
C5_2023,C5,2023,ha,Climate change - Land use and LU change,kg CO2 eq,3.0,,0.0178,1 ha worked,13_chara,0.0534,1.0,,0.131,1 ha worked,16_chara,0.131,3.0,,0.00673,1 ha worked,11_chara,0.02019,1.0,,0.05789999999999999,1 ha worked,12_chara,0.05789999999999999,1.0,,0.0494,1 ha worked,14_chara,0.0494,0.0,,0.0434,1 ha worked,17_chara,0.0,5.0158013544,,0.00132,1 ha worked,15_chara,0.006620857787807999,0.318510857787808
C5_2023,C5,2023,ha,"Ecotoxicity, freshwater",CTUe,3.0,,409.06,1 ha worked,13_chara,1227.18,1.0,,2729.37,1 ha worked,16_chara,2729.37,3.0,,235.92,1 ha worked,11_chara,707.76,1.0,,1587.99,1 ha worked,12_chara,1587.99,1.0,,1134.53,1 ha worked,14_chara,1134.53,0.0,,588.66,1 ha worked,17_chara,0.0,5.0158013544,,32.26,1 ha worked,15_chara,161.809751692944,7548.639751692944
C5_2023,C5,2023,ha,"Ecotoxicity, freshwater - inorganics",CTUe,3.0,,66.27,1 ha worked,13_chara,198.81,1.0,,419.04999999999995,1 ha worked,16_chara,419.04999999999995,3.0,,48.84,1 ha worked,11_chara,146.52,1.0,,268.34,1 ha worked,12_chara,268.34,1.0,,140.05,1 ha worked,14_chara,140.05,0.0,,58.77,1 ha worked,17_chara,0.0,5.0158013544,,4.59,1 ha worked,15_chara,23.022528216696,1195.7925282166957
C5_2023,C5,2023,ha,"Ecotoxicity, freshwater - metals",CTUe,3.0,,322.83,1 ha worked,13_chara,968.49,1.0,,2187.8900000000003,1 ha worked,16_chara,2187.8900000000003,3.0,,170.45000000000002,1 ha worked,11_chara,511.35,1.0,,1234.5,1 ha worked,12_chara,1234.5,1.0,,954.07,1 ha worked,14_chara,954.07,0.0,,515.3100000000001,1 ha worked,17_chara,0.0,5.0158013544,,26.36,1 ha worked,15_chara,132.216523701984,5988.516523701983
C5_2023,C5,2023,ha,"Ecotoxicity, freshwater - organics",CTUe,3.0,,19.96,1 ha worked,13_chara,59.88,1.0,,122.43,1 ha worked,16_chara,122.43,3.0,,16.64,1 ha worked,11_chara,49.92,1.0,,85.15,1 ha worked,12_chara,85.15,1.0,,40.410000000000004,1 ha worked,14_chara,40.410000000000004,0.0,,14.58,1 ha worked,17_chara,0.0,5.0158013544,,1.31,1 ha worked,15_chara,6.570699774264,364.36069977426405
C5_2023,C5,2023,ha,"Eutrophication, freshwater",kg P eq,3.0,,0.00346,1 ha worked,13_chara,0.01038,1.0,,0.0236,1 ha worked,16_chara,0.0236,3.0,,0.0014600000000000001,1 ha worked,11_chara,0.00438,1.0,,0.0129,1 ha worked,12_chara,0.0129,1.0,,0.0116,1 ha worked,14_chara,0.0116,0.0,,0.00685,1 ha worked,17_chara,0.0,5.0158013544,,0.000272,1 ha worked,15_chara,0.0013642979683968,0.06422429796839679
C5_2023,C5,2023,ha,"Eutrophication, marine",kg N eq,3.0,,0.1,1 ha worked,13_chara,0.30000000000000004,1.0,,0.729,1 ha worked,16_chara,0.729,3.0,,0.08460000000000001,1 ha worked,11_chara,0.2538,1.0,,0.444,1 ha worked,12_chara,0.444,1.0,,0.213,1 ha worked,14_chara,0.213,0.0,,0.0206,1 ha worked,17_chara,0.0,5.0158013544,,0.0064600000000000005,1 ha worked,15_chara,0.032402076749424004,1.972202076749424
C5_2023,C5,2023,ha,"Eutrophication, terrestrial",mol N eq,3.0,,1.1,1 ha worked,13_chara,3.3000000000000003,1.0,,7.97,1 ha worked,16_chara,7.97,3.0,,0.927,1 ha worked,11_chara,2.781,1.0,,4.86,1 ha worked,12_chara,4.86,1.0,,2.33,1 ha worked,14_chara,2.33,0.0,,0.21800000000000003,1 ha worked,17_chara,0.0,5.0158013544,,0.0704,1 ha worked,15_chara,0.35311241534976,21.59411241534976
C5_2023,C5,2023,ha,"Human toxicity, cancer",CTUh,3.0,,1.96e-08,1 ha worked,13_chara,5.88e-08,1.0,,1.34e-07,1 ha worked,16_chara,1.34e-07,3.0,,1.13e-08,1 ha worked,11_chara,3.39e-08,1.0,,1.03e-07,1 ha worked,12_chara,1.03e-07,1.0,,1.14e-07,1 ha worked,14_chara,1.14e-07,0.0,,5.54e-08,1 ha worked,17_chara,0.0,5.0158013544,,1.91e-09,1 ha worked,15_chara,9.580180586903999e-09,4.53280180586904e-07
C5_2023,C5,2023,ha,"Human toxicity, cancer - inorganics",CTUh,3.0,,3.85e-17,1 ha worked,13_chara,1.155e-16,1.0,,2.22e-16,1 ha worked,16_chara,2.22e-16,3.0,,1.8099999999999998e-17,1 ha worked,11_chara,5.429999999999999e-17,1.0,,1.5199999999999998e-16,1 ha worked,12_chara,1.5199999999999998e-16,1.0,,1.3300000000000002e-16,1 ha worked,14_chara,1.3300000000000002e-16,0.0,,7.46e-17,1 ha worked,17_chara,0.0,5.0158013544,,2.89e-18,1 ha worked,15_chara,1.4495665914216e-17,6.912956659142159e-16
C5_2023,C5,2023,ha,"Human toxicity, cancer - metals",CTUh,3.0,,1.23e-08,1 ha worked,13_chara,3.69e-08,1.0,,8.47e-08,1 ha worked,16_chara,8.47e-08,3.0,,7.91e-09,1 ha worked,11_chara,2.3729999999999998e-08,1.0,,6.970000000000001e-08,1 ha worked,12_chara,6.970000000000001e-08,1.0,,8.050000000000001e-08,1 ha worked,14_chara,8.050000000000001e-08,0.0,,3.55e-08,1 ha worked,17_chara,0.0,5.0158013544,,1.23e-09,1 ha worked,15_chara,6.169435665912e-09,3.01699435665912e-07
C5_2023,C5,2023,ha,"Human toxicity, cancer - organics",CTUh,3.0,,7.2800000000000005e-09,1 ha worked,13_chara,2.1840000000000002e-08,1.0,,4.98e-08,1 ha worked,16_chara,4.98e-08,3.0,,3.4000000000000003e-09,1 ha worked,11_chara,1.02e-08,1.0,,3.3e-08,1 ha worked,12_chara,3.3e-08,1.0,,3.34e-08,1 ha worked,14_chara,3.34e-08,0.0,,2e-08,1 ha worked,17_chara,0.0,5.0158013544,,6.829999999999999e-10,1 ha worked,15_chara,3.4257923250551993e-09,1.5166579232505518e-07
C5_2023,C5,2023,ha,"Human toxicity, non-cancer",CTUh,3.0,,5.989999999999999e-07,1 ha worked,13_chara,1.7969999999999997e-06,1.0,,3.46e-06,1 ha worked,16_chara,3.46e-06,3.0,,8.92e-07,1 ha worked,11_chara,2.676e-06,1.0,,2e-06,1 ha worked,12_chara,2e-06,1.0,,1.37e-06,1 ha worked,14_chara,1.37e-06,0.0,,1.0700000000000001e-06,1 ha worked,17_chara,0.0,5.0158013544,,1.27e-07,1 ha worked,15_chara,6.370067720088e-07,1.19400067720088e-05
C5_2023,C5,2023,ha,"Human toxicity, non-cancer - inorganics",CTUh,3.0,,1.6900000000000002e-07,1 ha worked,13_chara,5.070000000000001e-07,1.0,,1.12e-06,1 ha worked,16_chara,1.12e-06,3.0,,8.97e-08,1 ha worked,11_chara,2.691e-07,1.0,,8.100000000000001e-07,1 ha worked,12_chara,8.100000000000001e-07,1.0,,6.54e-07,1 ha worked,14_chara,6.54e-07,0.0,,3.12e-07,1 ha worked,17_chara,0.0,5.0158013544,,1.02e-08,1 ha worked,15_chara,5.1161173814879996e-08,3.4112611738148804e-06
C5_2023,C5,2023,ha,"Human toxicity, non-cancer - metals",CTUh,3.0,,4.1999999999999995e-07,1 ha worked,13_chara,1.2599999999999998e-06,1.0,,2.26e-06,1 ha worked,16_chara,2.26e-06,3.0,,7.98e-07,1 ha worked,11_chara,2.3940000000000003e-06,1.0,,1.16e-06,1 ha worked,12_chara,1.16e-06,1.0,,6.99e-07,1 ha worked,14_chara,6.99e-07,0.0,,7.47e-07,1 ha worked,17_chara,0.0,5.0158013544,,1.16e-07,1 ha worked,15_chara,5.818329571104e-07,8.3548329571104e-06
C5_2023,C5,2023,ha,"Human toxicity, non-cancer - organics",CTUh,3.0,,1.16e-08,1 ha worked,13_chara,3.48e-08,1.0,,8.660000000000001e-08,1 ha worked,16_chara,8.660000000000001e-08,3.0,,5.48e-09,1 ha worked,11_chara,1.644e-08,1.0,,3.8200000000000005e-08,1 ha worked,12_chara,3.8200000000000005e-08,1.0,,2.67e-08,1 ha worked,14_chara,2.67e-08,0.0,,1.5299999999999998e-08,1 ha worked,17_chara,0.0,5.0158013544,,1.08e-09,1 ha worked,15_chara,5.417065462752e-09,2.0815706546275202e-07
C5_2023,C5,2023,ha,Ionising radiation,kBq U-235 eq,3.0,,1.72,1 ha worked,13_chara,5.16,1.0,,10.49,1 ha worked,16_chara,10.49,3.0,,1.27,1 ha worked,11_chara,3.81,1.0,,7.89,1 ha worked,12_chara,7.89,1.0,,4.319999999999999,1 ha worked,14_chara,4.319999999999999,0.0,,1.75,1 ha worked,17_chara,0.0,5.0158013544,,0.115,1 ha worked,15_chara,0.576817155756,32.246817155756
C5_2023,C5,2023,ha,Land use,Pt,3.0,,145.23,1 ha worked,13_chara,435.68999999999994,1.0,,800.14,1 ha worked,16_chara,800.14,3.0,,137.54,1 ha worked,11_chara,412.62,1.0,,641.1899999999999,1 ha worked,12_chara,641.1899999999999,1.0,,418.1,1 ha worked,14_chara,418.1,0.0,,168.95000000000002,1 ha worked,17_chara,0.0,5.0158013544,,100.13,1 ha worked,15_chara,502.23218961607193,3209.972189616072
C5_2023,C5,2023,ha,Ozone depletion,kg CFC11 eq,3.0,,4.960000000000001e-06,1 ha worked,13_chara,1.4880000000000003e-05,1.0,,3.03e-05,1 ha worked,16_chara,3.03e-05,3.0,,4.17e-06,1 ha worked,11_chara,1.251e-05,1.0,,2.13e-05,1 ha worked,12_chara,2.13e-05,1.0,,9.97e-06,1 ha worked,14_chara,9.97e-06,0.0,,3.52e-06,1 ha worked,17_chara,0.0,5.0158013544,,3.2200000000000005e-07,1 ha worked,15_chara,1.6150880361168001e-06,9.05750880361168e-05
C5_2023,C5,2023,ha,Particulate matter,disease inc.,3.0,,8.429999999999999e-07,1 ha worked,13_chara,2.529e-06,1.0,,5.39e-06,1 ha worked,16_chara,5.39e-06,3.0,,6.229999999999999e-07,1 ha worked,11_chara,1.8689999999999998e-06,1.0,,3.6599999999999997e-06,1 ha worked,12_chara,3.6599999999999997e-06,1.0,,2.78e-06,1 ha worked,14_chara,2.78e-06,0.0,,1.42e-06,1 ha worked,17_chara,0.0,5.0158013544,,1.22e-07,1 ha worked,15_chara,6.119277652368e-07,1.68399277652368e-05
C5_2023,C5,2023,ha,Photochemical ozone formation,kg NMVOC eq,3.0,,0.305,1 ha worked,13_chara,0.915,1.0,,2.2,1 ha worked,16_chara,2.2,3.0,,0.249,1 ha worked,11_chara,0.747,1.0,,1.33,1 ha worked,12_chara,1.33,1.0,,0.67,1 ha worked,14_chara,0.67,0.0,,0.107,1 ha worked,17_chara,0.0,5.0158013544,,0.0194,1 ha worked,15_chara,0.09730654627535999,5.95930654627536
C5_2023,C5,2023,ha,"Resource use, fossils",MJ,3.0,,357.29999999999995,1 ha worked,13_chara,1071.8999999999999,1.0,,2174.67,1 ha worked,16_chara,2174.67,3.0,,273.81,1 ha worked,11_chara,821.4300000000001,1.0,,1630.72,1 ha worked,12_chara,1630.72,1.0,,863.0400000000001,1 ha worked,14_chara,863.0400000000001,0.0,,337.64000000000004,1 ha worked,17_chara,0.0,5.0158013544,,23.53,1 ha worked,15_chara,118.021805869032,6679.781805869032
C5_2023,C5,2023,ha,"Resource use, minerals and metals",kg Sb eq,3.0,,0.00031400000000000004,1 ha worked,13_chara,0.0009420000000000001,1.0,,0.0025800000000000003,1 ha worked,16_chara,0.0025800000000000003,3.0,,0.000127,1 ha worked,11_chara,0.000381,1.0,,0.000917,1 ha worked,12_chara,0.000917,1.0,,0.00062,1 ha worked,14_chara,0.00062,0.0,,0.00037,1 ha worked,17_chara,0.0,5.0158013544,,2.91e-05,1 ha worked,15_chara,0.00014595981941304,0.005585959819413041
C5_2023,C5,2023,ha,Water use,m3 depriv.,3.0,,2.11,1 ha worked,13_chara,6.33,1.0,,12.8,1 ha worked,16_chara,12.8,3.0,,0.8550000000000001,1 ha worked,11_chara,2.5650000000000004,1.0,,7.94,1 ha worked,12_chara,7.94,1.0,,6.409999999999999,1 ha worked,14_chara,6.409999999999999,0.0,,3.44,1 ha worked,17_chara,0.0,5.0158013544,,0.235,1 ha worked,15_chara,1.178713318284,37.223713318284
C5_2024,C5,2024,ha,Acidification,mol H+ eq,4.0,,0.253,1 ha worked,13_chara,1.012,1.0,,1.7899999999999998,1 ha worked,16_chara,1.7899999999999998,3.0,,0.20199999999999999,1 ha worked,11_chara,0.606,1.0,,1.1,1 ha worked,12_chara,1.1,2.0,,0.5670000000000001,1 ha worked,14_chara,1.1340000000000001,0.0,,0.116,1 ha worked,17_chara,0.0,5.6664785553,,0.0167,1 ha worked,15_chara,0.09463019187351,5.73663019187351
C5_2024,C5,2024,ha,Climate change,kg CO2 eq,4.0,,26.88,1 ha worked,13_chara,107.52,1.0,,165.89,1 ha worked,16_chara,165.89,3.0,,20.45,1 ha worked,11_chara,61.349999999999994,1.0,,124.18,1 ha worked,12_chara,124.18,2.0,,69.64999999999999,1 ha worked,14_chara,139.29999999999998,0.0,,28.27,1 ha worked,17_chara,0.0,5.6664785553,,1.93,1 ha worked,15_chara,10.936303611729,609.176303611729
C5_2024,C5,2024,ha,Climate change - Biogenic,kg CO2 eq,4.0,,0.0373,1 ha worked,13_chara,0.1492,1.0,,0.17600000000000002,1 ha worked,16_chara,0.17600000000000002,3.0,,0.028499999999999998,1 ha worked,11_chara,0.08549999999999999,1.0,,0.145,1 ha worked,12_chara,0.145,2.0,,0.0992,1 ha worked,14_chara,0.1984,0.0,,0.0452,1 ha worked,17_chara,0.0,5.6664785553,,0.0211,1 ha worked,15_chara,0.11956269751683,0.8736626975168301
C5_2024,C5,2024,ha,Climate change - Fossil,kg CO2 eq,4.0,,26.830000000000002,1 ha worked,13_chara,107.32000000000001,1.0,,165.57999999999998,1 ha worked,16_chara,165.57999999999998,3.0,,20.41,1 ha worked,11_chara,61.230000000000004,1.0,,123.97,1 ha worked,12_chara,123.97,2.0,,69.50999999999999,1 ha worked,14_chara,139.01999999999998,0.0,,28.180000000000003,1 ha worked,17_chara,0.0,5.6664785553,,1.9100000000000001,1 ha worked,15_chara,10.822974040623002,607.942974040623
C5_2024,C5,2024,ha,Climate change - Land use and LU change,kg CO2 eq,4.0,,0.0178,1 ha worked,13_chara,0.0712,1.0,,0.131,1 ha worked,16_chara,0.131,3.0,,0.00673,1 ha worked,11_chara,0.02019,1.0,,0.05789999999999999,1 ha worked,12_chara,0.05789999999999999,2.0,,0.0494,1 ha worked,14_chara,0.0988,0.0,,0.0434,1 ha worked,17_chara,0.0,5.6664785553,,0.00132,1 ha worked,15_chara,0.007479751692996001,0.386569751692996
C5_2024,C5,2024,ha,"Ecotoxicity, freshwater",CTUe,4.0,,409.06,1 ha worked,13_chara,1636.24,1.0,,2729.37,1 ha worked,16_chara,2729.37,3.0,,235.92,1 ha worked,11_chara,707.76,1.0,,1587.99,1 ha worked,12_chara,1587.99,2.0,,1134.53,1 ha worked,14_chara,2269.06,0.0,,588.66,1 ha worked,17_chara,0.0,5.6664785553,,32.26,1 ha worked,15_chara,182.800598193978,9113.220598193979
C5_2024,C5,2024,ha,"Ecotoxicity, freshwater - inorganics",CTUe,4.0,,66.27,1 ha worked,13_chara,265.08,1.0,,419.04999999999995,1 ha worked,16_chara,419.04999999999995,3.0,,48.84,1 ha worked,11_chara,146.52,1.0,,268.34,1 ha worked,12_chara,268.34,2.0,,140.05,1 ha worked,14_chara,280.1,0.0,,58.77,1 ha worked,17_chara,0.0,5.6664785553,,4.59,1 ha worked,15_chara,26.009136568827,1405.0991365688267
C5_2024,C5,2024,ha,"Ecotoxicity, freshwater - metals",CTUe,4.0,,322.83,1 ha worked,13_chara,1291.32,1.0,,2187.8900000000003,1 ha worked,16_chara,2187.8900000000003,3.0,,170.45000000000002,1 ha worked,11_chara,511.35,1.0,,1234.5,1 ha worked,12_chara,1234.5,2.0,,954.07,1 ha worked,14_chara,1908.14,0.0,,515.3100000000001,1 ha worked,17_chara,0.0,5.6664785553,,26.36,1 ha worked,15_chara,149.368374717708,7282.568374717708
C5_2024,C5,2024,ha,"Ecotoxicity, freshwater - organics",CTUe,4.0,,19.96,1 ha worked,13_chara,79.84,1.0,,122.43,1 ha worked,16_chara,122.43,3.0,,16.64,1 ha worked,11_chara,49.92,1.0,,85.15,1 ha worked,12_chara,85.15,2.0,,40.410000000000004,1 ha worked,14_chara,80.82000000000001,0.0,,14.58,1 ha worked,17_chara,0.0,5.6664785553,,1.31,1 ha worked,15_chara,7.423086907443,425.58308690744303
C5_2024,C5,2024,ha,"Eutrophication, freshwater",kg P eq,4.0,,0.00346,1 ha worked,13_chara,0.01384,1.0,,0.0236,1 ha worked,16_chara,0.0236,3.0,,0.0014600000000000001,1 ha worked,11_chara,0.00438,1.0,,0.0129,1 ha worked,12_chara,0.0129,2.0,,0.0116,1 ha worked,14_chara,0.0232,0.0,,0.00685,1 ha worked,17_chara,0.0,5.6664785553,,0.000272,1 ha worked,15_chara,0.0015412821670416001,0.0794612821670416
C5_2024,C5,2024,ha,"Eutrophication, marine",kg N eq,4.0,,0.1,1 ha worked,13_chara,0.4,1.0,,0.729,1 ha worked,16_chara,0.729,3.0,,0.08460000000000001,1 ha worked,11_chara,0.2538,1.0,,0.444,1 ha worked,12_chara,0.444,2.0,,0.213,1 ha worked,14_chara,0.426,0.0,,0.0206,1 ha worked,17_chara,0.0,5.6664785553,,0.0064600000000000005,1 ha worked,15_chara,0.036605451467238,2.289405451467238
C5_2024,C5,2024,ha,"Eutrophication, terrestrial",mol N eq,4.0,,1.1,1 ha worked,13_chara,4.4,1.0,,7.97,1 ha worked,16_chara,7.97,3.0,,0.927,1 ha worked,11_chara,2.781,1.0,,4.86,1 ha worked,12_chara,4.86,2.0,,2.33,1 ha worked,14_chara,4.66,0.0,,0.21800000000000003,1 ha worked,17_chara,0.0,5.6664785553,,0.0704,1 ha worked,15_chara,0.39892009029312003,25.069920090293124
C5_2024,C5,2024,ha,"Human toxicity, cancer",CTUh,4.0,,1.96e-08,1 ha worked,13_chara,7.84e-08,1.0,,1.34e-07,1 ha worked,16_chara,1.34e-07,3.0,,1.13e-08,1 ha worked,11_chara,3.39e-08,1.0,,1.03e-07,1 ha worked,12_chara,1.03e-07,2.0,,1.14e-07,1 ha worked,14_chara,2.28e-07,0.0,,5.54e-08,1 ha worked,17_chara,0.0,5.6664785553,,1.91e-09,1 ha worked,15_chara,1.0822974040622999e-08,5.881229740406231e-07
C5_2024,C5,2024,ha,"Human toxicity, cancer - inorganics",CTUh,4.0,,3.85e-17,1 ha worked,13_chara,1.54e-16,1.0,,2.22e-16,1 ha worked,16_chara,2.22e-16,3.0,,1.8099999999999998e-17,1 ha worked,11_chara,5.429999999999999e-17,1.0,,1.5199999999999998e-16,1 ha worked,12_chara,1.5199999999999998e-16,2.0,,1.3300000000000002e-16,1 ha worked,14_chara,2.6600000000000003e-16,0.0,,7.46e-17,1 ha worked,17_chara,0.0,5.6664785553,,2.89e-18,1 ha worked,15_chara,1.6376123024817e-17,8.64676123024817e-16
C5_2024,C5,2024,ha,"Human toxicity, cancer - metals",CTUh,4.0,,1.23e-08,1 ha worked,13_chara,4.92e-08,1.0,,8.47e-08,1 ha worked,16_chara,8.47e-08,3.0,,7.91e-09,1 ha worked,11_chara,2.3729999999999998e-08,1.0,,6.970000000000001e-08,1 ha worked,12_chara,6.970000000000001e-08,2.0,,8.050000000000001e-08,1 ha worked,14_chara,1.6100000000000003e-07,0.0,,3.55e-08,1 ha worked,17_chara,0.0,5.6664785553,,1.23e-09,1 ha worked,15_chara,6.969768623019001e-09,3.9529976862301905e-07
C5_2024,C5,2024,ha,"Human toxicity, cancer - organics",CTUh,4.0,,7.2800000000000005e-09,1 ha worked,13_chara,2.9120000000000002e-08,1.0,,4.98e-08,1 ha worked,16_chara,4.98e-08,3.0,,3.4000000000000003e-09,1 ha worked,11_chara,1.02e-08,1.0,,3.3e-08,1 ha worked,12_chara,3.3e-08,2.0,,3.34e-08,1 ha worked,14_chara,6.68e-08,0.0,,2e-08,1 ha worked,17_chara,0.0,5.6664785553,,6.829999999999999e-10,1 ha worked,15_chara,3.8702048532698996e-09,1.9279020485326994e-07
C5_2024,C5,2024,ha,"Human toxicity, non-cancer",CTUh,4.0,,5.989999999999999e-07,1 ha worked,13_chara,2.3959999999999996e-06,1.0,,3.46e-06,1 ha worked,16_chara,3.46e-06,3.0,,8.92e-07,1 ha worked,11_chara,2.676e-06,1.0,,2e-06,1 ha worked,12_chara,2e-06,2.0,,1.37e-06,1 ha worked,14_chara,2.74e-06,0.0,,1.0700000000000001e-06,1 ha worked,17_chara,0.0,5.6664785553,,1.27e-07,1 ha worked,15_chara,7.196427765231001e-07,1.3991642776523097e-05
C5_2024,C5,2024,ha,"Human toxicity, non-cancer - inorganics",CTUh,4.0,,1.6900000000000002e-07,1 ha worked,13_chara,6.760000000000001e-07,1.0,,1.12e-06,1 ha worked,16_chara,1.12e-06,3.0,,8.97e-08,1 ha worked,11_chara,2.691e-07,1.0,,8.100000000000001e-07,1 ha worked,12_chara,8.100000000000001e-07,2.0,,6.54e-07,1 ha worked,14_chara,1.308e-06,0.0,,3.12e-07,1 ha worked,17_chara,0.0,5.6664785553,,1.02e-08,1 ha worked,15_chara,5.779808126406001e-08,4.2408980812640605e-06
C5_2024,C5,2024,ha,"Human toxicity, non-cancer - metals",CTUh,4.0,,4.1999999999999995e-07,1 ha worked,13_chara,1.6799999999999998e-06,1.0,,2.26e-06,1 ha worked,16_chara,2.26e-06,3.0,,7.98e-07,1 ha worked,11_chara,2.3940000000000003e-06,1.0,,1.16e-06,1 ha worked,12_chara,1.16e-06,2.0,,6.99e-07,1 ha worked,14_chara,1.398e-06,0.0,,7.47e-07,1 ha worked,17_chara,0.0,5.6664785553,,1.16e-07,1 ha worked,15_chara,6.573115124148001e-07,9.5493115124148e-06
C5_2024,C5,2024,ha,"Human toxicity, non-cancer - organics",CTUh,4.0,,1.16e-08,1 ha worked,13_chara,4.64e-08,1.0,,8.660000000000001e-08,1 ha worked,16_chara,8.660000000000001e-08,3.0,,5.48e-09,1 ha worked,11_chara,1.644e-08,1.0,,3.8200000000000005e-08,1 ha worked,12_chara,3.8200000000000005e-08,2.0,,2.67e-08,1 ha worked,14_chara,5.34e-08,0.0,,1.5299999999999998e-08,1 ha worked,17_chara,0.0,5.6664785553,,1.08e-09,1 ha worked,15_chara,6.119796839724e-09,2.4715979683972406e-07
C5_2024,C5,2024,ha,Ionising radiation,kBq U-235 eq,4.0,,1.72,1 ha worked,13_chara,6.88,1.0,,10.49,1 ha worked,16_chara,10.49,3.0,,1.27,1 ha worked,11_chara,3.81,1.0,,7.89,1 ha worked,12_chara,7.89,2.0,,4.319999999999999,1 ha worked,14_chara,8.639999999999999,0.0,,1.75,1 ha worked,17_chara,0.0,5.6664785553,,0.115,1 ha worked,15_chara,0.6516450338595,38.3616450338595
C5_2024,C5,2024,ha,Land use,Pt,4.0,,145.23,1 ha worked,13_chara,580.92,1.0,,800.14,1 ha worked,16_chara,800.14,3.0,,137.54,1 ha worked,11_chara,412.62,1.0,,641.1899999999999,1 ha worked,12_chara,641.1899999999999,2.0,,418.1,1 ha worked,14_chara,836.2,0.0,,168.95000000000002,1 ha worked,17_chara,0.0,5.6664785553,,100.13,1 ha worked,15_chara,567.384497742189,3838.454497742189
C5_2024,C5,2024,ha,Ozone depletion,kg CFC11 eq,4.0,,4.960000000000001e-06,1 ha worked,13_chara,1.9840000000000003e-05,1.0,,3.03e-05,1 ha worked,16_chara,3.03e-05,3.0,,4.17e-06,1 ha worked,11_chara,1.251e-05,1.0,,2.13e-05,1 ha worked,12_chara,2.13e-05,2.0,,9.97e-06,1 ha worked,14_chara,1.994e-05,0.0,,3.52e-06,1 ha worked,17_chara,0.0,5.6664785553,,3.2200000000000005e-07,1 ha worked,15_chara,1.8246060948066004e-06,0.00010571460609480661
C5_2024,C5,2024,ha,Particulate matter,disease inc.,4.0,,8.429999999999999e-07,1 ha worked,13_chara,3.3719999999999996e-06,1.0,,5.39e-06,1 ha worked,16_chara,5.39e-06,3.0,,6.229999999999999e-07,1 ha worked,11_chara,1.8689999999999998e-06,1.0,,3.6599999999999997e-06,1 ha worked,12_chara,3.6599999999999997e-06,2.0,,2.78e-06,1 ha worked,14_chara,5.56e-06,0.0,,1.42e-06,1 ha worked,17_chara,0.0,5.6664785553,,1.22e-07,1 ha worked,15_chara,6.913103837466001e-07,2.0542310383746602e-05
C5_2024,C5,2024,ha,Photochemical ozone formation,kg NMVOC eq,4.0,,0.305,1 ha worked,13_chara,1.22,1.0,,2.2,1 ha worked,16_chara,2.2,3.0,,0.249,1 ha worked,11_chara,0.747,1.0,,1.33,1 ha worked,12_chara,1.33,2.0,,0.67,1 ha worked,14_chara,1.34,0.0,,0.107,1 ha worked,17_chara,0.0,5.6664785553,,0.0194,1 ha worked,15_chara,0.10992968397282,6.94692968397282
C5_2024,C5,2024,ha,"Resource use, fossils",MJ,4.0,,357.29999999999995,1 ha worked,13_chara,1429.1999999999998,1.0,,2174.67,1 ha worked,16_chara,2174.67,3.0,,273.81,1 ha worked,11_chara,821.4300000000001,1.0,,1630.72,1 ha worked,12_chara,1630.72,2.0,,863.0400000000001,1 ha worked,14_chara,1726.0800000000002,0.0,,337.64000000000004,1 ha worked,17_chara,0.0,5.6664785553,,23.53,1 ha worked,15_chara,133.33224040620902,7915.4322404062095
C5_2024,C5,2024,ha,"Resource use, minerals and metals",kg Sb eq,4.0,,0.00031400000000000004,1 ha worked,13_chara,0.0012560000000000002,1.0,,0.0025800000000000003,1 ha worked,16_chara,0.0025800000000000003,3.0,,0.000127,1 ha worked,11_chara,0.000381,1.0,,0.000917,1 ha worked,12_chara,0.000917,2.0,,0.00062,1 ha worked,14_chara,0.00124,0.0,,0.00037,1 ha worked,17_chara,0.0,5.6664785553,,2.91e-05,1 ha worked,15_chara,0.00016489452595923,0.00653889452595923
C5_2024,C5,2024,ha,Water use,m3 depriv.,4.0,,2.11,1 ha worked,13_chara,8.44,1.0,,12.8,1 ha worked,16_chara,12.8,3.0,,0.8550000000000001,1 ha worked,11_chara,2.5650000000000004,1.0,,7.94,1 ha worked,12_chara,7.94,2.0,,6.409999999999999,1 ha worked,14_chara,12.819999999999999,0.0,,3.44,1 ha worked,17_chara,0.0,5.6664785553,,0.235,1 ha worked,15_chara,1.3316224604955,45.89662246049551
C6_2022,C6,2022,ha,Acidification,mol H+ eq,3.6565449323,,0.253,1 ha worked,13_chara,0.9251058678719001,1.0,,1.7899999999999998,1 ha worked,16_chara,1.7899999999999998,2.0,,0.20199999999999999,1 ha worked,11_chara,0.40399999999999997,1.0,,1.1,1 ha worked,12_chara,1.1,1.0,,0.5670000000000001,1 ha worked,14_chara,0.5670000000000001,0.0,,0.116,1 ha worked,17_chara,0.0,4.824647791,,0.0167,1 ha worked,15_chara,0.0805716181097,4.8666774859816
C6_2022,C6,2022,ha,Climate change,kg CO2 eq,3.6565449323,,26.88,1 ha worked,13_chara,98.287927780224,1.0,,165.89,1 ha worked,16_chara,165.89,2.0,,20.45,1 ha worked,11_chara,40.9,1.0,,124.18,1 ha worked,12_chara,124.18,1.0,,69.64999999999999,1 ha worked,14_chara,69.64999999999999,0.0,,28.27,1 ha worked,17_chara,0.0,4.824647791,,1.93,1 ha worked,15_chara,9.31157023663,508.21949801685395
C6_2022,C6,2022,ha,Climate change - Biogenic,kg CO2 eq,3.6565449323,,0.0373,1 ha worked,13_chara,0.13638912597479,1.0,,0.17600000000000002,1 ha worked,16_chara,0.17600000000000002,2.0,,0.028499999999999998,1 ha worked,11_chara,0.056999999999999995,1.0,,0.145,1 ha worked,12_chara,0.145,1.0,,0.0992,1 ha worked,14_chara,0.0992,0.0,,0.0452,1 ha worked,17_chara,0.0,4.824647791,,0.0211,1 ha worked,15_chara,0.10180006839010002,0.71538919436489
C6_2022,C6,2022,ha,Climate change - Fossil,kg CO2 eq,3.6565449323,,26.830000000000002,1 ha worked,13_chara,98.105100533609,1.0,,165.57999999999998,1 ha worked,16_chara,165.57999999999998,2.0,,20.41,1 ha worked,11_chara,40.82,1.0,,123.97,1 ha worked,12_chara,123.97,1.0,,69.50999999999999,1 ha worked,14_chara,69.50999999999999,0.0,,28.180000000000003,1 ha worked,17_chara,0.0,4.824647791,,1.9100000000000001,1 ha worked,15_chara,9.215077280810002,507.20017781441896
C6_2022,C6,2022,ha,Climate change - Land use and LU change,kg CO2 eq,3.6565449323,,0.0178,1 ha worked,13_chara,0.06508649979494,1.0,,0.131,1 ha worked,16_chara,0.131,2.0,,0.00673,1 ha worked,11_chara,0.01346,1.0,,0.05789999999999999,1 ha worked,12_chara,0.05789999999999999,1.0,,0.0494,1 ha worked,14_chara,0.0494,0.0,,0.0434,1 ha worked,17_chara,0.0,4.824647791,,0.00132,1 ha worked,15_chara,0.006368535084120001,0.32321503487906
C6_2022,C6,2022,ha,"Ecotoxicity, freshwater",CTUe,3.6565449323,,409.06,1 ha worked,13_chara,1495.746270006638,1.0,,2729.37,1 ha worked,16_chara,2729.37,2.0,,235.92,1 ha worked,11_chara,471.84,1.0,,1587.99,1 ha worked,12_chara,1587.99,1.0,,1134.53,1 ha worked,14_chara,1134.53,0.0,,588.66,1 ha worked,17_chara,0.0,4.824647791,,32.26,1 ha worked,15_chara,155.64313773766,7575.119407744298
C6_2022,C6,2022,ha,"Ecotoxicity, freshwater - inorganics",CTUe,3.6565449323,,66.27,1 ha worked,13_chara,242.319232663521,1.0,,419.04999999999995,1 ha worked,16_chara,419.04999999999995,2.0,,48.84,1 ha worked,11_chara,97.68,1.0,,268.34,1 ha worked,12_chara,268.34,1.0,,140.05,1 ha worked,14_chara,140.05,0.0,,58.77,1 ha worked,17_chara,0.0,4.824647791,,4.59,1 ha worked,15_chara,22.14513336069,1189.5843660242108
C6_2022,C6,2022,ha,"Ecotoxicity, freshwater - metals",CTUe,3.6565449323,,322.83,1 ha worked,13_chara,1180.442400494409,1.0,,2187.8900000000003,1 ha worked,16_chara,2187.8900000000003,2.0,,170.45000000000002,1 ha worked,11_chara,340.90000000000003,1.0,,1234.5,1 ha worked,12_chara,1234.5,1.0,,954.07,1 ha worked,14_chara,954.07,0.0,,515.3100000000001,1 ha worked,17_chara,0.0,4.824647791,,26.36,1 ha worked,15_chara,127.17771577076,6024.980116265169
C6_2022,C6,2022,ha,"Ecotoxicity, freshwater - organics",CTUe,3.6565449323,,19.96,1 ha worked,13_chara,72.984636848708,1.0,,122.43,1 ha worked,16_chara,122.43,2.0,,16.64,1 ha worked,11_chara,33.28,1.0,,85.15,1 ha worked,12_chara,85.15,1.0,,40.410000000000004,1 ha worked,14_chara,40.410000000000004,0.0,,14.58,1 ha worked,17_chara,0.0,4.824647791,,1.31,1 ha worked,15_chara,6.320288606210001,360.57492545491806
C6_2022,C6,2022,ha,"Eutrophication, freshwater",kg P eq,3.6565449323,,0.00346,1 ha worked,13_chara,0.012651645465758,1.0,,0.0236,1 ha worked,16_chara,0.0236,2.0,,0.0014600000000000001,1 ha worked,11_chara,0.0029200000000000003,1.0,,0.0129,1 ha worked,12_chara,0.0129,1.0,,0.0116,1 ha worked,14_chara,0.0116,0.0,,0.00685,1 ha worked,17_chara,0.0,4.824647791,,0.000272,1 ha worked,15_chara,0.001312304199152,0.06498394966491
C6_2022,C6,2022,ha,"Eutrophication, marine",kg N eq,3.6565449323,,0.1,1 ha worked,13_chara,0.36565449323000004,1.0,,0.729,1 ha worked,16_chara,0.729,2.0,,0.08460000000000001,1 ha worked,11_chara,0.16920000000000002,1.0,,0.444,1 ha worked,12_chara,0.444,1.0,,0.213,1 ha worked,14_chara,0.213,0.0,,0.0206,1 ha worked,17_chara,0.0,4.824647791,,0.0064600000000000005,1 ha worked,15_chara,0.031167224729860003,1.95202171795986
C6_2022,C6,2022,ha,"Eutrophication, terrestrial",mol N eq,3.6565449323,,1.1,1 ha worked,13_chara,4.02219942553,1.0,,7.97,1 ha worked,16_chara,7.97,2.0,,0.927,1 ha worked,11_chara,1.854,1.0,,4.86,1 ha worked,12_chara,4.86,1.0,,2.33,1 ha worked,14_chara,2.33,0.0,,0.21800000000000003,1 ha worked,17_chara,0.0,4.824647791,,0.0704,1 ha worked,15_chara,0.3396552044864,21.375854630016402
C6_2022,C6,2022,ha,"Human toxicity, cancer",CTUh,3.6565449323,,1.96e-08,1 ha worked,13_chara,7.166828067308e-08,1.0,,1.34e-07,1 ha worked,16_chara,1.34e-07,2.0,,1.13e-08,1 ha worked,11_chara,2.26e-08,1.0,,1.03e-07,1 ha worked,12_chara,1.03e-07,1.0,,1.14e-07,1 ha worked,14_chara,1.14e-07,0.0,,5.54e-08,1 ha worked,17_chara,0.0,4.824647791,,1.91e-09,1 ha worked,15_chara,9.21507728081e-09,4.5448335795389e-07
C6_2022,C6,2022,ha,"Human toxicity, cancer - inorganics",CTUh,3.6565449323,,3.85e-17,1 ha worked,13_chara,1.4077697989355e-16,1.0,,2.22e-16,1 ha worked,16_chara,2.22e-16,2.0,,1.8099999999999998e-17,1 ha worked,11_chara,3.6199999999999995e-17,1.0,,1.5199999999999998e-16,1 ha worked,12_chara,1.5199999999999998e-16,1.0,,1.3300000000000002e-16,1 ha worked,14_chara,1.3300000000000002e-16,0.0,,7.46e-17,1 ha worked,17_chara,0.0,4.824647791,,2.89e-18,1 ha worked,15_chara,1.394323211599e-17,6.9792021200954e-16
C6_2022,C6,2022,ha,"Human toxicity, cancer - metals",CTUh,3.6565449323,,1.23e-08,1 ha worked,13_chara,4.497550266729e-08,1.0,,8.47e-08,1 ha worked,16_chara,8.47e-08,2.0,,7.91e-09,1 ha worked,11_chara,1.582e-08,1.0,,6.970000000000001e-08,1 ha worked,12_chara,6.970000000000001e-08,1.0,,8.050000000000001e-08,1 ha worked,14_chara,8.050000000000001e-08,0.0,,3.55e-08,1 ha worked,17_chara,0.0,4.824647791,,1.23e-09,1 ha worked,15_chara,5.934316782930001e-09,3.0162981945022e-07
C6_2022,C6,2022,ha,"Human toxicity, cancer - organics",CTUh,3.6565449323,,7.2800000000000005e-09,1 ha worked,13_chara,2.6619647107144003e-08,1.0,,4.98e-08,1 ha worked,16_chara,4.98e-08,2.0,,3.4000000000000003e-09,1 ha worked,11_chara,6.8000000000000005e-09,1.0,,3.3e-08,1 ha worked,12_chara,3.3e-08,1.0,,3.34e-08,1 ha worked,14_chara,3.34e-08,0.0,,2e-08,1 ha worked,17_chara,0.0,4.824647791,,6.829999999999999e-10,1 ha worked,15_chara,3.295234441253e-09,1.52914881548397e-07
C6_2022,C6,2022,ha,"Human toxicity, non-cancer",CTUh,3.6565449323,,5.989999999999999e-07,1 ha worked,13_chara,2.1902704144476997e-06,1.0,,3.46e-06,1 ha worked,16_chara,3.46e-06,2.0,,8.92e-07,1 ha worked,11_chara,1.784e-06,1.0,,2e-06,1 ha worked,12_chara,2e-06,1.0,,1.37e-06,1 ha worked,14_chara,1.37e-06,0.0,,1.0700000000000001e-06,1 ha worked,17_chara,0.0,4.824647791,,1.27e-07,1 ha worked,15_chara,6.127302694570001e-07,1.14170006839047e-05
C6_2022,C6,2022,ha,"Human toxicity, non-cancer - inorganics",CTUh,3.6565449323,,1.6900000000000002e-07,1 ha worked,13_chara,6.179560935587001e-07,1.0,,1.12e-06,1 ha worked,16_chara,1.12e-06,2.0,,8.97e-08,1 ha worked,11_chara,1.794e-07,1.0,,8.100000000000001e-07,1 ha worked,12_chara,8.100000000000001e-07,1.0,,6.54e-07,1 ha worked,14_chara,6.54e-07,0.0,,3.12e-07,1 ha worked,17_chara,0.0,4.824647791,,1.02e-08,1 ha worked,15_chara,4.9211407468200006e-08,3.4305675010269005e-06
C6_2022,C6,2022,ha,"Human toxicity, non-cancer - metals",CTUh,3.6565449323,,4.1999999999999995e-07,1 ha worked,13_chara,1.5357488715659998e-06,1.0,,2.26e-06,1 ha worked,16_chara,2.26e-06,2.0,,7.98e-07,1 ha worked,11_chara,1.596e-06,1.0,,1.16e-06,1 ha worked,12_chara,1.16e-06,1.0,,6.99e-07,1 ha worked,14_chara,6.99e-07,0.0,,7.47e-07,1 ha worked,17_chara,0.0,4.824647791,,1.16e-07,1 ha worked,15_chara,5.59659143756e-07,7.810408015322e-06
C6_2022,C6,2022,ha,"Human toxicity, non-cancer - organics",CTUh,3.6565449323,,1.16e-08,1 ha worked,13_chara,4.241592121468e-08,1.0,,8.660000000000001e-08,1 ha worked,16_chara,8.660000000000001e-08,2.0,,5.48e-09,1 ha worked,11_chara,1.096e-08,1.0,,3.8200000000000005e-08,1 ha worked,12_chara,3.8200000000000005e-08,1.0,,2.67e-08,1 ha worked,14_chara,2.67e-08,0.0,,1.5299999999999998e-08,1 ha worked,17_chara,0.0,4.824647791,,1.08e-09,1 ha worked,15_chara,5.21061961428e-09,2.1008654082896e-07
C6_2022,C6,2022,ha,Ionising radiation,kBq U-235 eq,3.6565449323,,1.72,1 ha worked,13_chara,6.289257283556,1.0,,10.49,1 ha worked,16_chara,10.49,2.0,,1.27,1 ha worked,11_chara,2.54,1.0,,7.89,1 ha worked,12_chara,7.89,1.0,,4.319999999999999,1 ha worked,14_chara,4.319999999999999,0.0,,1.75,1 ha worked,17_chara,0.0,4.824647791,,0.115,1 ha worked,15_chara,0.554834495965,32.084091779520996
C6_2022,C6,2022,ha,Land use,Pt,3.6565449323,,145.23,1 ha worked,13_chara,531.040020517929,1.0,,800.14,1 ha worked,16_chara,800.14,2.0,,137.54,1 ha worked,11_chara,275.08,1.0,,641.1899999999999,1 ha worked,12_chara,641.1899999999999,1.0,,418.1,1 ha worked,14_chara,418.1,0.0,,168.95000000000002,1 ha worked,17_chara,0.0,4.824647791,,100.13,1 ha worked,15_chara,483.09198331283,3148.6420038307588
C6_2022,C6,2022,ha,Ozone depletion,kg CFC11 eq,3.6565449323,,4.960000000000001e-06,1 ha worked,13_chara,1.8136462864208005e-05,1.0,,3.03e-05,1 ha worked,16_chara,3.03e-05,2.0,,4.17e-06,1 ha worked,11_chara,8.34e-06,1.0,,2.13e-05,1 ha worked,12_chara,2.13e-05,1.0,,9.97e-06,1 ha worked,14_chara,9.97e-06,0.0,,3.52e-06,1 ha worked,17_chara,0.0,4.824647791,,3.2200000000000005e-07,1 ha worked,15_chara,1.5535365887020004e-06,8.959999945291e-05
C6_2022,C6,2022,ha,Particulate matter,disease inc.,3.6565449323,,8.429999999999999e-07,1 ha worked,13_chara,3.0824673779289e-06,1.0,,5.39e-06,1 ha worked,16_chara,5.39e-06,2.0,,6.229999999999999e-07,1 ha worked,11_chara,1.2459999999999998e-06,1.0,,3.6599999999999997e-06,1 ha worked,12_chara,3.6599999999999997e-06,1.0,,2.78e-06,1 ha worked,14_chara,2.78e-06,0.0,,1.42e-06,1 ha worked,17_chara,0.0,4.824647791,,1.22e-07,1 ha worked,15_chara,5.886070305020001e-07,1.67470744084309e-05
C6_2022,C6,2022,ha,Photochemical ozone formation,kg NMVOC eq,3.6565449323,,0.305,1 ha worked,13_chara,1.1152462043515,1.0,,2.2,1 ha worked,16_chara,2.2,2.0,,0.249,1 ha worked,11_chara,0.498,1.0,,1.33,1 ha worked,12_chara,1.33,1.0,,0.67,1 ha worked,14_chara,0.67,0.0,,0.107,1 ha worked,17_chara,0.0,4.824647791,,0.0194,1 ha worked,15_chara,0.09359816714540001,5.9068443714969
C6_2022,C6,2022,ha,"Resource use, fossils",MJ,3.6565449323,,357.29999999999995,1 ha worked,13_chara,1306.4835043107898,1.0,,2174.67,1 ha worked,16_chara,2174.67,2.0,,273.81,1 ha worked,11_chara,547.62,1.0,,1630.72,1 ha worked,12_chara,1630.72,1.0,,863.0400000000001,1 ha worked,14_chara,863.0400000000001,0.0,,337.64000000000004,1 ha worked,17_chara,0.0,4.824647791,,23.53,1 ha worked,15_chara,113.52396252223001,6636.05746683302
C6_2022,C6,2022,ha,"Resource use, minerals and metals",kg Sb eq,3.6565449323,,0.00031400000000000004,1 ha worked,13_chara,0.0011481551087422002,1.0,,0.0025800000000000003,1 ha worked,16_chara,0.0025800000000000003,2.0,,0.000127,1 ha worked,11_chara,0.000254,1.0,,0.000917,1 ha worked,12_chara,0.000917,1.0,,0.00062,1 ha worked,14_chara,0.00062,0.0,,0.00037,1 ha worked,17_chara,0.0,4.824647791,,2.91e-05,1 ha worked,15_chara,0.0001403972507181,0.005659552359460301
C6_2022,C6,2022,ha,Water use,m3 depriv.,3.6565449323,,2.11,1 ha worked,13_chara,7.715309807153,1.0,,12.8,1 ha worked,16_chara,12.8,2.0,,0.8550000000000001,1 ha worked,11_chara,1.7100000000000002,1.0,,7.94,1 ha worked,12_chara,7.94,1.0,,6.409999999999999,1 ha worked,14_chara,6.409999999999999,0.0,,3.44,1 ha worked,17_chara,0.0,4.824647791,,0.235,1 ha worked,15_chara,1.133792230885,37.709102038038004
C6_2023,C6,2023,ha,Acidification,mol H+ eq,3.0,,0.253,1 ha worked,13_chara,0.759,1.0,,1.7899999999999998,1 ha worked,16_chara,1.7899999999999998,2.0,,0.20199999999999999,1 ha worked,11_chara,0.40399999999999997,1.0,,1.1,1 ha worked,12_chara,1.1,1.0,,0.5670000000000001,1 ha worked,14_chara,0.5670000000000001,0.0,,0.116,1 ha worked,17_chara,0.0,6.6640877761,,0.0167,1 ha worked,15_chara,0.11129026586086999,4.73129026586087
C6_2023,C6,2023,ha,Climate change,kg CO2 eq,3.0,,26.88,1 ha worked,13_chara,80.64,1.0,,165.89,1 ha worked,16_chara,165.89,2.0,,20.45,1 ha worked,11_chara,40.9,1.0,,124.18,1 ha worked,12_chara,124.18,1.0,,69.64999999999999,1 ha worked,14_chara,69.64999999999999,0.0,,28.27,1 ha worked,17_chara,0.0,6.6640877761,,1.93,1 ha worked,15_chara,12.861689407873,494.1216894078729
C6_2023,C6,2023,ha,Climate change - Biogenic,kg CO2 eq,3.0,,0.0373,1 ha worked,13_chara,0.1119,1.0,,0.17600000000000002,1 ha worked,16_chara,0.17600000000000002,2.0,,0.028499999999999998,1 ha worked,11_chara,0.056999999999999995,1.0,,0.145,1 ha worked,12_chara,0.145,1.0,,0.0992,1 ha worked,14_chara,0.0992,0.0,,0.0452,1 ha worked,17_chara,0.0,6.6640877761,,0.0211,1 ha worked,15_chara,0.14061225207571,0.72971225207571
C6_2023,C6,2023,ha,Climate change - Fossil,kg CO2 eq,3.0,,26.830000000000002,1 ha worked,13_chara,80.49000000000001,1.0,,165.57999999999998,1 ha worked,16_chara,165.57999999999998,2.0,,20.41,1 ha worked,11_chara,40.82,1.0,,123.97,1 ha worked,12_chara,123.97,1.0,,69.50999999999999,1 ha worked,14_chara,69.50999999999999,0.0,,28.180000000000003,1 ha worked,17_chara,0.0,6.6640877761,,1.9100000000000001,1 ha worked,15_chara,12.728407652351,493.098407652351
C6_2023,C6,2023,ha,Climate change - Land use and LU change,kg CO2 eq,3.0,,0.0178,1 ha worked,13_chara,0.0534,1.0,,0.131,1 ha worked,16_chara,0.131,2.0,,0.00673,1 ha worked,11_chara,0.01346,1.0,,0.05789999999999999,1 ha worked,12_chara,0.05789999999999999,1.0,,0.0494,1 ha worked,14_chara,0.0494,0.0,,0.0434,1 ha worked,17_chara,0.0,6.6640877761,,0.00132,1 ha worked,15_chara,0.008796595864452,0.313956595864452
C6_2023,C6,2023,ha,"Ecotoxicity, freshwater",CTUe,3.0,,409.06,1 ha worked,13_chara,1227.18,1.0,,2729.37,1 ha worked,16_chara,2729.37,2.0,,235.92,1 ha worked,11_chara,471.84,1.0,,1587.99,1 ha worked,12_chara,1587.99,1.0,,1134.53,1 ha worked,14_chara,1134.53,0.0,,588.66,1 ha worked,17_chara,0.0,6.6640877761,,32.26,1 ha worked,15_chara,214.98347165698598,7365.893471656986
C6_2023,C6,2023,ha,"Ecotoxicity, freshwater - inorganics",CTUe,3.0,,66.27,1 ha worked,13_chara,198.81,1.0,,419.04999999999995,1 ha worked,16_chara,419.04999999999995,2.0,,48.84,1 ha worked,11_chara,97.68,1.0,,268.34,1 ha worked,12_chara,268.34,1.0,,140.05,1 ha worked,14_chara,140.05,0.0,,58.77,1 ha worked,17_chara,0.0,6.6640877761,,4.59,1 ha worked,15_chara,30.588162892298996,1154.5181628922987
C6_2023,C6,2023,ha,"Ecotoxicity, freshwater - metals",CTUe,3.0,,322.83,1 ha worked,13_chara,968.49,1.0,,2187.8900000000003,1 ha worked,16_chara,2187.8900000000003,2.0,,170.45000000000002,1 ha worked,11_chara,340.90000000000003,1.0,,1234.5,1 ha worked,12_chara,1234.5,1.0,,954.07,1 ha worked,14_chara,954.07,0.0,,515.3100000000001,1 ha worked,17_chara,0.0,6.6640877761,,26.36,1 ha worked,15_chara,175.665353777996,5861.515353777996
C6_2023,C6,2023,ha,"Ecotoxicity, freshwater - organics",CTUe,3.0,,19.96,1 ha worked,13_chara,59.88,1.0,,122.43,1 ha worked,16_chara,122.43,2.0,,16.64,1 ha worked,11_chara,33.28,1.0,,85.15,1 ha worked,12_chara,85.15,1.0,,40.410000000000004,1 ha worked,14_chara,40.410000000000004,0.0,,14.58,1 ha worked,17_chara,0.0,6.6640877761,,1.31,1 ha worked,15_chara,8.729954986691,349.879954986691
C6_2023,C6,2023,ha,"Eutrophication, freshwater",kg P eq,3.0,,0.00346,1 ha worked,13_chara,0.01038,1.0,,0.0236,1 ha worked,16_chara,0.0236,2.0,,0.0014600000000000001,1 ha worked,11_chara,0.0029200000000000003,1.0,,0.0129,1 ha worked,12_chara,0.0129,1.0,,0.0116,1 ha worked,14_chara,0.0116,0.0,,0.00685,1 ha worked,17_chara,0.0,6.6640877761,,0.000272,1 ha worked,15_chara,0.0018126318750991998,0.06321263187509919
C6_2023,C6,2023,ha,"Eutrophication, marine",kg N eq,3.0,,0.1,1 ha worked,13_chara,0.30000000000000004,1.0,,0.729,1 ha worked,16_chara,0.729,2.0,,0.08460000000000001,1 ha worked,11_chara,0.16920000000000002,1.0,,0.444,1 ha worked,12_chara,0.444,1.0,,0.213,1 ha worked,14_chara,0.213,0.0,,0.0206,1 ha worked,17_chara,0.0,6.6640877761,,0.0064600000000000005,1 ha worked,15_chara,0.043050007033606,1.898250007033606
C6_2023,C6,2023,ha,"Eutrophication, terrestrial",mol N eq,3.0,,1.1,1 ha worked,13_chara,3.3000000000000003,1.0,,7.97,1 ha worked,16_chara,7.97,2.0,,0.927,1 ha worked,11_chara,1.854,1.0,,4.86,1 ha worked,12_chara,4.86,1.0,,2.33,1 ha worked,14_chara,2.33,0.0,,0.21800000000000003,1 ha worked,17_chara,0.0,6.6640877761,,0.0704,1 ha worked,15_chara,0.46915177943744,20.78315177943744
C6_2023,C6,2023,ha,"Human toxicity, cancer",CTUh,3.0,,1.96e-08,1 ha worked,13_chara,5.88e-08,1.0,,1.34e-07,1 ha worked,16_chara,1.34e-07,2.0,,1.13e-08,1 ha worked,11_chara,2.26e-08,1.0,,1.03e-07,1 ha worked,12_chara,1.03e-07,1.0,,1.14e-07,1 ha worked,14_chara,1.14e-07,0.0,,5.54e-08,1 ha worked,17_chara,0.0,6.6640877761,,1.91e-09,1 ha worked,15_chara,1.2728407652350998e-08,4.4512840765235096e-07
C6_2023,C6,2023,ha,"Human toxicity, cancer - inorganics",CTUh,3.0,,3.85e-17,1 ha worked,13_chara,1.155e-16,1.0,,2.22e-16,1 ha worked,16_chara,2.22e-16,2.0,,1.8099999999999998e-17,1 ha worked,11_chara,3.6199999999999995e-17,1.0,,1.5199999999999998e-16,1 ha worked,12_chara,1.5199999999999998e-16,1.0,,1.3300000000000002e-16,1 ha worked,14_chara,1.3300000000000002e-16,0.0,,7.46e-17,1 ha worked,17_chara,0.0,6.6640877761,,2.89e-18,1 ha worked,15_chara,1.9259213672929e-17,6.779592136729289e-16
C6_2023,C6,2023,ha,"Human toxicity, cancer - metals",CTUh,3.0,,1.23e-08,1 ha worked,13_chara,3.69e-08,1.0,,8.47e-08,1 ha worked,16_chara,8.47e-08,2.0,,7.91e-09,1 ha worked,11_chara,1.582e-08,1.0,,6.970000000000001e-08,1 ha worked,12_chara,6.970000000000001e-08,1.0,,8.050000000000001e-08,1 ha worked,14_chara,8.050000000000001e-08,0.0,,3.55e-08,1 ha worked,17_chara,0.0,6.6640877761,,1.23e-09,1 ha worked,15_chara,8.196827964603e-09,2.95816827964603e-07
C6_2023,C6,2023,ha,"Human toxicity, cancer - organics",CTUh,3.0,,7.2800000000000005e-09,1 ha worked,13_chara,2.1840000000000002e-08,1.0,,4.98e-08,1 ha worked,16_chara,4.98e-08,2.0,,3.4000000000000003e-09,1 ha worked,11_chara,6.8000000000000005e-09,1.0,,3.3e-08,1 ha worked,12_chara,3.3e-08,1.0,,3.34e-08,1 ha worked,14_chara,3.34e-08,0.0,,2e-08,1 ha worked,17_chara,0.0,6.6640877761,,6.829999999999999e-10,1 ha worked,15_chara,4.551571951076299e-09,1.493915719510763e-07
C6_2023,C6,2023,ha,"Human toxicity, non-cancer",CTUh,3.0,,5.989999999999999e-07,1 ha worked,13_chara,1.7969999999999997e-06,1.0,,3.46e-06,1 ha worked,16_chara,3.46e-06,2.0,,8.92e-07,1 ha worked,11_chara,1.784e-06,1.0,,2e-06,1 ha worked,12_chara,2e-06,1.0,,1.37e-06,1 ha worked,14_chara,1.37e-06,0.0,,1.0700000000000001e-06,1 ha worked,17_chara,0.0,6.6640877761,,1.27e-07,1 ha worked,15_chara,8.463391475647e-07,1.1257339147564701e-05
C6_2023,C6,2023,ha,"Human toxicity, non-cancer - inorganics",CTUh,3.0,,1.6900000000000002e-07,1 ha worked,13_chara,5.070000000000001e-07,1.0,,1.12e-06,1 ha worked,16_chara,1.12e-06,2.0,,8.97e-08,1 ha worked,11_chara,1.794e-07,1.0,,8.100000000000001e-07,1 ha worked,12_chara,8.100000000000001e-07,1.0,,6.54e-07,1 ha worked,14_chara,6.54e-07,0.0,,3.12e-07,1 ha worked,17_chara,0.0,6.6640877761,,1.02e-08,1 ha worked,15_chara,6.797369531622e-08,3.33837369531622e-06
C6_2023,C6,2023,ha,"Human toxicity, non-cancer - metals",CTUh,3.0,,4.1999999999999995e-07,1 ha worked,13_chara,1.2599999999999998e-06,1.0,,2.26e-06,1 ha worked,16_chara,2.26e-06,2.0,,7.98e-07,1 ha worked,11_chara,1.596e-06,1.0,,1.16e-06,1 ha worked,12_chara,1.16e-06,1.0,,6.99e-07,1 ha worked,14_chara,6.99e-07,0.0,,7.47e-07,1 ha worked,17_chara,0.0,6.6640877761,,1.16e-07,1 ha worked,15_chara,7.730341820276e-07,7.7480341820276e-06
C6_2023,C6,2023,ha,"Human toxicity, non-cancer - organics",CTUh,3.0,,1.16e-08,1 ha worked,13_chara,3.48e-08,1.0,,8.660000000000001e-08,1 ha worked,16_chara,8.660000000000001e-08,2.0,,5.48e-09,1 ha worked,11_chara,1.096e-08,1.0,,3.8200000000000005e-08,1 ha worked,12_chara,3.8200000000000005e-08,1.0,,2.67e-08,1 ha worked,14_chara,2.67e-08,0.0,,1.5299999999999998e-08,1 ha worked,17_chara,0.0,6.6640877761,,1.08e-09,1 ha worked,15_chara,7.197214798187999e-09,2.04457214798188e-07
C6_2023,C6,2023,ha,Ionising radiation,kBq U-235 eq,3.0,,1.72,1 ha worked,13_chara,5.16,1.0,,10.49,1 ha worked,16_chara,10.49,2.0,,1.27,1 ha worked,11_chara,2.54,1.0,,7.89,1 ha worked,12_chara,7.89,1.0,,4.319999999999999,1 ha worked,14_chara,4.319999999999999,0.0,,1.75,1 ha worked,17_chara,0.0,6.6640877761,,0.115,1 ha worked,15_chara,0.7663700942515,31.1663700942515
C6_2023,C6,2023,ha,Land use,Pt,3.0,,145.23,1 ha worked,13_chara,435.68999999999994,1.0,,800.14,1 ha worked,16_chara,800.14,2.0,,137.54,1 ha worked,11_chara,275.08,1.0,,641.1899999999999,1 ha worked,12_chara,641.1899999999999,1.0,,418.1,1 ha worked,14_chara,418.1,0.0,,168.95000000000002,1 ha worked,17_chara,0.0,6.6640877761,,100.13,1 ha worked,15_chara,667.275109020893,3237.475109020893
C6_2023,C6,2023,ha,Ozone depletion,kg CFC11 eq,3.0,,4.960000000000001e-06,1 ha worked,13_chara,1.4880000000000003e-05,1.0,,3.03e-05,1 ha worked,16_chara,3.03e-05,2.0,,4.17e-06,1 ha worked,11_chara,8.34e-06,1.0,,2.13e-05,1 ha worked,12_chara,2.13e-05,1.0,,9.97e-06,1 ha worked,14_chara,9.97e-06,0.0,,3.52e-06,1 ha worked,17_chara,0.0,6.6640877761,,3.2200000000000005e-07,1 ha worked,15_chara,2.1458362639042003e-06,8.69358362639042e-05
C6_2023,C6,2023,ha,Particulate matter,disease inc.,3.0,,8.429999999999999e-07,1 ha worked,13_chara,2.529e-06,1.0,,5.39e-06,1 ha worked,16_chara,5.39e-06,2.0,,6.229999999999999e-07,1 ha worked,11_chara,1.2459999999999998e-06,1.0,,3.6599999999999997e-06,1 ha worked,12_chara,3.6599999999999997e-06,1.0,,2.78e-06,1 ha worked,14_chara,2.78e-06,0.0,,1.42e-06,1 ha worked,17_chara,0.0,6.6640877761,,1.22e-07,1 ha worked,15_chara,8.130187086842001e-07,1.64180187086842e-05
C6_2023,C6,2023,ha,Photochemical ozone formation,kg NMVOC eq,3.0,,0.305,1 ha worked,13_chara,0.915,1.0,,2.2,1 ha worked,16_chara,2.2,2.0,,0.249,1 ha worked,11_chara,0.498,1.0,,1.33,1 ha worked,12_chara,1.33,1.0,,0.67,1 ha worked,14_chara,0.67,0.0,,0.107,1 ha worked,17_chara,0.0,6.6640877761,,0.0194,1 ha worked,15_chara,0.12928330285634,5.7422833028563405
C6_2023,C6,2023,ha,"Resource use, fossils",MJ,3.0,,357.29999999999995,1 ha worked,13_chara,1071.8999999999999,1.0,,2174.67,1 ha worked,16_chara,2174.67,2.0,,273.81,1 ha worked,11_chara,547.62,1.0,,1630.72,1 ha worked,12_chara,1630.72,1.0,,863.0400000000001,1 ha worked,14_chara,863.0400000000001,0.0,,337.64000000000004,1 ha worked,17_chara,0.0,6.6640877761,,23.53,1 ha worked,15_chara,156.805985371633,6444.755985371633
C6_2023,C6,2023,ha,"Resource use, minerals and metals",kg Sb eq,3.0,,0.00031400000000000004,1 ha worked,13_chara,0.0009420000000000001,1.0,,0.0025800000000000003,1 ha worked,16_chara,0.0025800000000000003,2.0,,0.000127,1 ha worked,11_chara,0.000254,1.0,,0.000917,1 ha worked,12_chara,0.000917,1.0,,0.00062,1 ha worked,14_chara,0.00062,0.0,,0.00037,1 ha worked,17_chara,0.0,6.6640877761,,2.91e-05,1 ha worked,15_chara,0.00019392495428451,0.00550692495428451
C6_2023,C6,2023,ha,Water use,m3 depriv.,3.0,,2.11,1 ha worked,13_chara,6.33,1.0,,12.8,1 ha worked,16_chara,12.8,2.0,,0.8550000000000001,1 ha worked,11_chara,1.7100000000000002,1.0,,7.94,1 ha worked,12_chara,7.94,1.0,,6.409999999999999,1 ha worked,14_chara,6.409999999999999,0.0,,3.44,1 ha worked,17_chara,0.0,6.6640877761,,0.235,1 ha worked,15_chara,1.5660606273834998,36.756060627383505
C6_2024,C6,2024,ha,Acidification,mol H+ eq,3.0,,0.253,1 ha worked,13_chara,0.759,2.3111398008,,1.7899999999999998,1 ha worked,16_chara,4.136940243431999,2.0,,0.20199999999999999,1 ha worked,11_chara,0.40399999999999997,1.0,,1.1,1 ha worked,12_chara,1.1,1.0,,0.5670000000000001,1 ha worked,14_chara,0.5670000000000001,0.0,,0.116,1 ha worked,17_chara,0.0,6.0230542235,,0.0167,1 ha worked,15_chara,0.10058500553244999,7.067525248964449
C6_2024,C6,2024,ha,Climate change,kg CO2 eq,3.0,,26.88,1 ha worked,13_chara,80.64,2.3111398008,,165.89,1 ha worked,16_chara,383.39498155471193,2.0,,20.45,1 ha worked,11_chara,40.9,1.0,,124.18,1 ha worked,12_chara,124.18,1.0,,69.64999999999999,1 ha worked,14_chara,69.64999999999999,0.0,,28.27,1 ha worked,17_chara,0.0,6.0230542235,,1.93,1 ha worked,15_chara,11.624494651354999,710.3894762060669
C6_2024,C6,2024,ha,Climate change - Biogenic,kg CO2 eq,3.0,,0.0373,1 ha worked,13_chara,0.1119,2.3111398008,,0.17600000000000002,1 ha worked,16_chara,0.4067606049408,2.0,,0.028499999999999998,1 ha worked,11_chara,0.056999999999999995,1.0,,0.145,1 ha worked,12_chara,0.145,1.0,,0.0992,1 ha worked,14_chara,0.0992,0.0,,0.0452,1 ha worked,17_chara,0.0,6.0230542235,,0.0211,1 ha worked,15_chara,0.12708644411585002,0.94694704905665
C6_2024,C6,2024,ha,Climate change - Fossil,kg CO2 eq,3.0,,26.830000000000002,1 ha worked,13_chara,80.49000000000001,2.3111398008,,165.57999999999998,1 ha worked,16_chara,382.678528216464,2.0,,20.41,1 ha worked,11_chara,40.82,1.0,,123.97,1 ha worked,12_chara,123.97,1.0,,69.50999999999999,1 ha worked,14_chara,69.50999999999999,0.0,,28.180000000000003,1 ha worked,17_chara,0.0,6.0230542235,,1.9100000000000001,1 ha worked,15_chara,11.504033566885001,708.972561783349
C6_2024,C6,2024,ha,Climate change - Land use and LU change,kg CO2 eq,3.0,,0.0178,1 ha worked,13_chara,0.0534,2.3111398008,,0.131,1 ha worked,16_chara,0.3027593139048,2.0,,0.00673,1 ha worked,11_chara,0.01346,1.0,,0.05789999999999999,1 ha worked,12_chara,0.05789999999999999,1.0,,0.0494,1 ha worked,14_chara,0.0494,0.0,,0.0434,1 ha worked,17_chara,0.0,6.0230542235,,0.00132,1 ha worked,15_chara,0.00795043157502,0.48486974547982
C6_2024,C6,2024,ha,"Ecotoxicity, freshwater",CTUe,3.0,,409.06,1 ha worked,13_chara,1227.18,2.3111398008,,2729.37,1 ha worked,16_chara,6307.955638109495,2.0,,235.92,1 ha worked,11_chara,471.84,1.0,,1587.99,1 ha worked,12_chara,1587.99,1.0,,1134.53,1 ha worked,14_chara,1134.53,0.0,,588.66,1 ha worked,17_chara,0.0,6.0230542235,,32.26,1 ha worked,15_chara,194.30372925011,10923.799367359607
C6_2024,C6,2024,ha,"Ecotoxicity, freshwater - inorganics",CTUe,3.0,,66.27,1 ha worked,13_chara,198.81,2.3111398008,,419.04999999999995,1 ha worked,16_chara,968.4831335252399,2.0,,48.84,1 ha worked,11_chara,97.68,1.0,,268.34,1 ha worked,12_chara,268.34,1.0,,140.05,1 ha worked,14_chara,140.05,0.0,,58.77,1 ha worked,17_chara,0.0,6.0230542235,,4.59,1 ha worked,15_chara,27.645818885864998,1701.008952411105
C6_2024,C6,2024,ha,"Ecotoxicity, freshwater - metals",CTUe,3.0,,322.83,1 ha worked,13_chara,968.49,2.3111398008,,2187.8900000000003,1 ha worked,16_chara,5056.519658772312,2.0,,170.45000000000002,1 ha worked,11_chara,340.90000000000003,1.0,,1234.5,1 ha worked,12_chara,1234.5,1.0,,954.07,1 ha worked,14_chara,954.07,0.0,,515.3100000000001,1 ha worked,17_chara,0.0,6.0230542235,,26.36,1 ha worked,15_chara,158.76770933146,8713.247368103772
C6_2024,C6,2024,ha,"Ecotoxicity, freshwater - organics",CTUe,3.0,,19.96,1 ha worked,13_chara,59.88,2.3111398008,,122.43,1 ha worked,16_chara,282.95284581194403,2.0,,16.64,1 ha worked,11_chara,33.28,1.0,,85.15,1 ha worked,12_chara,85.15,1.0,,40.410000000000004,1 ha worked,14_chara,40.410000000000004,0.0,,14.58,1 ha worked,17_chara,0.0,6.0230542235,,1.31,1 ha worked,15_chara,7.890201032785,509.563046844729
C6_2024,C6,2024,ha,"Eutrophication, freshwater",kg P eq,3.0,,0.00346,1 ha worked,13_chara,0.01038,2.3111398008,,0.0236,1 ha worked,16_chara,0.054542899298879996,2.0,,0.0014600000000000001,1 ha worked,11_chara,0.0029200000000000003,1.0,,0.0129,1 ha worked,12_chara,0.0129,1.0,,0.0116,1 ha worked,14_chara,0.0116,0.0,,0.00685,1 ha worked,17_chara,0.0,6.0230542235,,0.000272,1 ha worked,15_chara,0.001638270748792,0.093981170047672
C6_2024,C6,2024,ha,"Eutrophication, marine",kg N eq,3.0,,0.1,1 ha worked,13_chara,0.30000000000000004,2.3111398008,,0.729,1 ha worked,16_chara,1.6848209147831998,2.0,,0.08460000000000001,1 ha worked,11_chara,0.16920000000000002,1.0,,0.444,1 ha worked,12_chara,0.444,1.0,,0.213,1 ha worked,14_chara,0.213,0.0,,0.0206,1 ha worked,17_chara,0.0,6.0230542235,,0.0064600000000000005,1 ha worked,15_chara,0.038908930283810005,2.84992984506701
C6_2024,C6,2024,ha,"Eutrophication, terrestrial",mol N eq,3.0,,1.1,1 ha worked,13_chara,3.3000000000000003,2.3111398008,,7.97,1 ha worked,16_chara,18.419784212375998,2.0,,0.927,1 ha worked,11_chara,1.854,1.0,,4.86,1 ha worked,12_chara,4.86,1.0,,2.33,1 ha worked,14_chara,2.33,0.0,,0.21800000000000003,1 ha worked,17_chara,0.0,6.0230542235,,0.0704,1 ha worked,15_chara,0.4240230173344,31.187807229710394
C6_2024,C6,2024,ha,"Human toxicity, cancer",CTUh,3.0,,1.96e-08,1 ha worked,13_chara,5.88e-08,2.3111398008,,1.34e-07,1 ha worked,16_chara,3.0969273330720003e-07,2.0,,1.13e-08,1 ha worked,11_chara,2.26e-08,1.0,,1.03e-07,1 ha worked,12_chara,1.03e-07,1.0,,1.14e-07,1 ha worked,14_chara,1.14e-07,0.0,,5.54e-08,1 ha worked,17_chara,0.0,6.0230542235,,1.91e-09,1 ha worked,15_chara,1.1504033566885e-08,6.19596766874085e-07
C6_2024,C6,2024,ha,"Human toxicity, cancer - inorganics",CTUh,3.0,,3.85e-17,1 ha worked,13_chara,1.155e-16,2.3111398008,,2.22e-16,1 ha worked,16_chara,5.130730357776e-16,2.0,,1.8099999999999998e-17,1 ha worked,11_chara,3.6199999999999995e-17,1.0,,1.5199999999999998e-16,1 ha worked,12_chara,1.5199999999999998e-16,1.0,,1.3300000000000002e-16,1 ha worked,14_chara,1.3300000000000002e-16,0.0,,7.46e-17,1 ha worked,17_chara,0.0,6.0230542235,,2.89e-18,1 ha worked,15_chara,1.7406626705915e-17,9.671796624835151e-16
C6_2024,C6,2024,ha,"Human toxicity, cancer - metals",CTUh,3.0,,1.23e-08,1 ha worked,13_chara,3.69e-08,2.3111398008,,8.47e-08,1 ha worked,16_chara,1.9575354112776e-07,2.0,,7.91e-09,1 ha worked,11_chara,1.582e-08,1.0,,6.970000000000001e-08,1 ha worked,12_chara,6.970000000000001e-08,1.0,,8.050000000000001e-08,1 ha worked,14_chara,8.050000000000001e-08,0.0,,3.55e-08,1 ha worked,17_chara,0.0,6.0230542235,,1.23e-09,1 ha worked,15_chara,7.4083566949050005e-09,4.0608189782266497e-07
C6_2024,C6,2024,ha,"Human toxicity, cancer - organics",CTUh,3.0,,7.2800000000000005e-09,1 ha worked,13_chara,2.1840000000000002e-08,2.3111398008,,4.98e-08,1 ha worked,16_chara,1.1509476207984e-07,2.0,,3.4000000000000003e-09,1 ha worked,11_chara,6.8000000000000005e-09,1.0,,3.3e-08,1 ha worked,12_chara,3.3e-08,1.0,,3.34e-08,1 ha worked,14_chara,3.34e-08,0.0,,2e-08,1 ha worked,17_chara,0.0,6.0230542235,,6.829999999999999e-10,1 ha worked,15_chara,4.1137460346505e-09,2.142485081144905e-07
C6_2024,C6,2024,ha,"Human toxicity, non-cancer",CTUh,3.0,,5.989999999999999e-07,1 ha worked,13_chara,1.7969999999999997e-06,2.3111398008,,3.46e-06,1 ha worked,16_chara,7.996543710767999e-06,2.0,,8.92e-07,1 ha worked,11_chara,1.784e-06,1.0,,2e-06,1 ha worked,12_chara,2e-06,1.0,,1.37e-06,1 ha worked,14_chara,1.37e-06,0.0,,1.0700000000000001e-06,1 ha worked,17_chara,0.0,6.0230542235,,1.27e-07,1 ha worked,15_chara,7.649278863845e-07,1.5712471597152498e-05
C6_2024,C6,2024,ha,"Human toxicity, non-cancer - inorganics",CTUh,3.0,,1.6900000000000002e-07,1 ha worked,13_chara,5.070000000000001e-07,2.3111398008,,1.12e-06,1 ha worked,16_chara,2.588476576896e-06,2.0,,8.97e-08,1 ha worked,11_chara,1.794e-07,1.0,,8.100000000000001e-07,1 ha worked,12_chara,8.100000000000001e-07,1.0,,6.54e-07,1 ha worked,14_chara,6.54e-07,0.0,,3.12e-07,1 ha worked,17_chara,0.0,6.0230542235,,1.02e-08,1 ha worked,15_chara,6.14351530797e-08,4.8003117299757e-06
C6_2024,C6,2024,ha,"Human toxicity, non-cancer - metals",CTUh,3.0,,4.1999999999999995e-07,1 ha worked,13_chara,1.2599999999999998e-06,2.3111398008,,2.26e-06,1 ha worked,16_chara,5.223175949808e-06,2.0,,7.98e-07,1 ha worked,11_chara,1.596e-06,1.0,,1.16e-06,1 ha worked,12_chara,1.16e-06,1.0,,6.99e-07,1 ha worked,14_chara,6.99e-07,0.0,,7.47e-07,1 ha worked,17_chara,0.0,6.0230542235,,1.16e-07,1 ha worked,15_chara,6.98674289926e-07,1.0636850239734e-05
C6_2024,C6,2024,ha,"Human toxicity, non-cancer - organics",CTUh,3.0,,1.16e-08,1 ha worked,13_chara,3.48e-08,2.3111398008,,8.660000000000001e-08,1 ha worked,16_chara,2.0014470674928001e-07,2.0,,5.48e-09,1 ha worked,11_chara,1.096e-08,1.0,,3.8200000000000005e-08,1 ha worked,12_chara,3.8200000000000005e-08,1.0,,2.67e-08,1 ha worked,14_chara,2.67e-08,0.0,,1.5299999999999998e-08,1 ha worked,17_chara,0.0,6.0230542235,,1.08e-09,1 ha worked,15_chara,6.50489856138e-09,3.1730960531066005e-07
C6_2024,C6,2024,ha,Ionising radiation,kBq U-235 eq,3.0,,1.72,1 ha worked,13_chara,5.16,2.3111398008,,10.49,1 ha worked,16_chara,24.243856510392,2.0,,1.27,1 ha worked,11_chara,2.54,1.0,,7.89,1 ha worked,12_chara,7.89,1.0,,4.319999999999999,1 ha worked,14_chara,4.319999999999999,0.0,,1.75,1 ha worked,17_chara,0.0,6.0230542235,,0.115,1 ha worked,15_chara,0.6926512357025,44.846507746094495
C6_2024,C6,2024,ha,Land use,Pt,3.0,,145.23,1 ha worked,13_chara,435.68999999999994,2.3111398008,,800.14,1 ha worked,16_chara,1849.235400212112,2.0,,137.54,1 ha worked,11_chara,275.08,1.0,,641.1899999999999,1 ha worked,12_chara,641.1899999999999,1.0,,418.1,1 ha worked,14_chara,418.1,0.0,,168.95000000000002,1 ha worked,17_chara,0.0,6.0230542235,,100.13,1 ha worked,15_chara,603.0884193990549,4222.3838196111665
C6_2024,C6,2024,ha,Ozone depletion,kg CFC11 eq,3.0,,4.960000000000001e-06,1 ha worked,13_chara,1.4880000000000003e-05,2.3111398008,,3.03e-05,1 ha worked,16_chara,7.002753596424e-05,2.0,,4.17e-06,1 ha worked,11_chara,8.34e-06,1.0,,2.13e-05,1 ha worked,12_chara,2.13e-05,1.0,,9.97e-06,1 ha worked,14_chara,9.97e-06,0.0,,3.52e-06,1 ha worked,17_chara,0.0,6.0230542235,,3.2200000000000005e-07,1 ha worked,15_chara,1.9394234599670004e-06,0.00012645695942420702
C6_2024,C6,2024,ha,Particulate matter,disease inc.,3.0,,8.429999999999999e-07,1 ha worked,13_chara,2.529e-06,2.3111398008,,5.39e-06,1 ha worked,16_chara,1.2457043526312e-05,2.0,,6.229999999999999e-07,1 ha worked,11_chara,1.2459999999999998e-06,1.0,,3.6599999999999997e-06,1 ha worked,12_chara,3.6599999999999997e-06,1.0,,2.78e-06,1 ha worked,14_chara,2.78e-06,0.0,,1.42e-06,1 ha worked,17_chara,0.0,6.0230542235,,1.22e-07,1 ha worked,15_chara,7.34812615267e-07,2.3406856141579e-05
C6_2024,C6,2024,ha,Photochemical ozone formation,kg NMVOC eq,3.0,,0.305,1 ha worked,13_chara,0.915,2.3111398008,,2.2,1 ha worked,16_chara,5.084507561760001,2.0,,0.249,1 ha worked,11_chara,0.498,1.0,,1.33,1 ha worked,12_chara,1.33,1.0,,0.67,1 ha worked,14_chara,0.67,0.0,,0.107,1 ha worked,17_chara,0.0,6.0230542235,,0.0194,1 ha worked,15_chara,0.11684725193590001,8.6143548136959
C6_2024,C6,2024,ha,"Resource use, fossils",MJ,3.0,,357.29999999999995,1 ha worked,13_chara,1071.8999999999999,2.3111398008,,2174.67,1 ha worked,16_chara,5025.966390605736,2.0,,273.81,1 ha worked,11_chara,547.62,1.0,,1630.72,1 ha worked,12_chara,1630.72,1.0,,863.0400000000001,1 ha worked,14_chara,863.0400000000001,0.0,,337.64000000000004,1 ha worked,17_chara,0.0,6.0230542235,,23.53,1 ha worked,15_chara,141.722465878955,9280.968856484691
C6_2024,C6,2024,ha,"Resource use, minerals and metals",kg Sb eq,3.0,,0.00031400000000000004,1 ha worked,13_chara,0.0009420000000000001,2.3111398008,,0.0025800000000000003,1 ha worked,16_chara,0.005962740686064,2.0,,0.000127,1 ha worked,11_chara,0.000254,1.0,,0.000917,1 ha worked,12_chara,0.000917,1.0,,0.00062,1 ha worked,14_chara,0.00062,0.0,,0.00037,1 ha worked,17_chara,0.0,6.0230542235,,2.91e-05,1 ha worked,15_chara,0.00017527087790385,0.008871011563967851
C6_2024,C6,2024,ha,Water use,m3 depriv.,3.0,,2.11,1 ha worked,13_chara,6.33,2.3111398008,,12.8,1 ha worked,16_chara,29.58258945024,2.0,,0.8550000000000001,1 ha worked,11_chara,1.7100000000000002,1.0,,7.94,1 ha worked,12_chara,7.94,1.0,,6.409999999999999,1 ha worked,14_chara,6.409999999999999,0.0,,3.44,1 ha worked,17_chara,0.0,6.0230542235,,0.235,1 ha worked,15_chara,1.4154177425224999,53.388007192762494
C7_2023,C7,2023,ha,Acidification,mol H+ eq,2.0,,0.253,1 ha worked,13_chara,0.506,1.0,,1.7899999999999998,1 ha worked,16_chara,1.7899999999999998,3.0,,0.20199999999999999,1 ha worked,11_chara,0.606,1.0,,1.1,1 ha worked,12_chara,1.1,1.0,,0.5670000000000001,1 ha worked,14_chara,0.5670000000000001,1.0,,0.116,1 ha worked,17_chara,0.116,8.0,,0.0167,1 ha worked,15_chara,0.1336,4.8186
C7_2023,C7,2023,ha,Climate change,kg CO2 eq,2.0,,26.88,1 ha worked,13_chara,53.76,1.0,,165.89,1 ha worked,16_chara,165.89,3.0,,20.45,1 ha worked,11_chara,61.349999999999994,1.0,,124.18,1 ha worked,12_chara,124.18,1.0,,69.64999999999999,1 ha worked,14_chara,69.64999999999999,1.0,,28.27,1 ha worked,17_chara,28.27,8.0,,1.93,1 ha worked,15_chara,15.44,518.54
C7_2023,C7,2023,ha,Climate change - Biogenic,kg CO2 eq,2.0,,0.0373,1 ha worked,13_chara,0.0746,1.0,,0.17600000000000002,1 ha worked,16_chara,0.17600000000000002,3.0,,0.028499999999999998,1 ha worked,11_chara,0.08549999999999999,1.0,,0.145,1 ha worked,12_chara,0.145,1.0,,0.0992,1 ha worked,14_chara,0.0992,1.0,,0.0452,1 ha worked,17_chara,0.0452,8.0,,0.0211,1 ha worked,15_chara,0.1688,0.7943
C7_2023,C7,2023,ha,Climate change - Fossil,kg CO2 eq,2.0,,26.830000000000002,1 ha worked,13_chara,53.660000000000004,1.0,,165.57999999999998,1 ha worked,16_chara,165.57999999999998,3.0,,20.41,1 ha worked,11_chara,61.230000000000004,1.0,,123.97,1 ha worked,12_chara,123.97,1.0,,69.50999999999999,1 ha worked,14_chara,69.50999999999999,1.0,,28.180000000000003,1 ha worked,17_chara,28.180000000000003,8.0,,1.9100000000000001,1 ha worked,15_chara,15.280000000000001,517.41
C7_2023,C7,2023,ha,Climate change - Land use and LU change,kg CO2 eq,2.0,,0.0178,1 ha worked,13_chara,0.0356,1.0,,0.131,1 ha worked,16_chara,0.131,3.0,,0.00673,1 ha worked,11_chara,0.02019,1.0,,0.05789999999999999,1 ha worked,12_chara,0.05789999999999999,1.0,,0.0494,1 ha worked,14_chara,0.0494,1.0,,0.0434,1 ha worked,17_chara,0.0434,8.0,,0.00132,1 ha worked,15_chara,0.01056,0.34805
C7_2023,C7,2023,ha,"Ecotoxicity, freshwater",CTUe,2.0,,409.06,1 ha worked,13_chara,818.12,1.0,,2729.37,1 ha worked,16_chara,2729.37,3.0,,235.92,1 ha worked,11_chara,707.76,1.0,,1587.99,1 ha worked,12_chara,1587.99,1.0,,1134.53,1 ha worked,14_chara,1134.53,1.0,,588.66,1 ha worked,17_chara,588.66,8.0,,32.26,1 ha worked,15_chara,258.08,7824.509999999999
C7_2023,C7,2023,ha,"Ecotoxicity, freshwater - inorganics",CTUe,2.0,,66.27,1 ha worked,13_chara,132.54,1.0,,419.04999999999995,1 ha worked,16_chara,419.04999999999995,3.0,,48.84,1 ha worked,11_chara,146.52,1.0,,268.34,1 ha worked,12_chara,268.34,1.0,,140.05,1 ha worked,14_chara,140.05,1.0,,58.77,1 ha worked,17_chara,58.77,8.0,,4.59,1 ha worked,15_chara,36.72,1201.9899999999998
C7_2023,C7,2023,ha,"Ecotoxicity, freshwater - metals",CTUe,2.0,,322.83,1 ha worked,13_chara,645.66,1.0,,2187.8900000000003,1 ha worked,16_chara,2187.8900000000003,3.0,,170.45000000000002,1 ha worked,11_chara,511.35,1.0,,1234.5,1 ha worked,12_chara,1234.5,1.0,,954.07,1 ha worked,14_chara,954.07,1.0,,515.3100000000001,1 ha worked,17_chara,515.3100000000001,8.0,,26.36,1 ha worked,15_chara,210.88,6259.66
C7_2023,C7,2023,ha,"Ecotoxicity, freshwater - organics",CTUe,2.0,,19.96,1 ha worked,13_chara,39.92,1.0,,122.43,1 ha worked,16_chara,122.43,3.0,,16.64,1 ha worked,11_chara,49.92,1.0,,85.15,1 ha worked,12_chara,85.15,1.0,,40.410000000000004,1 ha worked,14_chara,40.410000000000004,1.0,,14.58,1 ha worked,17_chara,14.58,8.0,,1.31,1 ha worked,15_chara,10.48,362.8900000000001
C7_2023,C7,2023,ha,"Eutrophication, freshwater",kg P eq,2.0,,0.00346,1 ha worked,13_chara,0.00692,1.0,,0.0236,1 ha worked,16_chara,0.0236,3.0,,0.0014600000000000001,1 ha worked,11_chara,0.00438,1.0,,0.0129,1 ha worked,12_chara,0.0129,1.0,,0.0116,1 ha worked,14_chara,0.0116,1.0,,0.00685,1 ha worked,17_chara,0.00685,8.0,,0.000272,1 ha worked,15_chara,0.002176,0.068426
C7_2023,C7,2023,ha,"Eutrophication, marine",kg N eq,2.0,,0.1,1 ha worked,13_chara,0.2,1.0,,0.729,1 ha worked,16_chara,0.729,3.0,,0.08460000000000001,1 ha worked,11_chara,0.2538,1.0,,0.444,1 ha worked,12_chara,0.444,1.0,,0.213,1 ha worked,14_chara,0.213,1.0,,0.0206,1 ha worked,17_chara,0.0206,8.0,,0.0064600000000000005,1 ha worked,15_chara,0.051680000000000004,1.91208
C7_2023,C7,2023,ha,"Eutrophication, terrestrial",mol N eq,2.0,,1.1,1 ha worked,13_chara,2.2,1.0,,7.97,1 ha worked,16_chara,7.97,3.0,,0.927,1 ha worked,11_chara,2.781,1.0,,4.86,1 ha worked,12_chara,4.86,1.0,,2.33,1 ha worked,14_chara,2.33,1.0,,0.21800000000000003,1 ha worked,17_chara,0.21800000000000003,8.0,,0.0704,1 ha worked,15_chara,0.5632,20.922199999999997
C7_2023,C7,2023,ha,"Human toxicity, cancer",CTUh,2.0,,1.96e-08,1 ha worked,13_chara,3.92e-08,1.0,,1.34e-07,1 ha worked,16_chara,1.34e-07,3.0,,1.13e-08,1 ha worked,11_chara,3.39e-08,1.0,,1.03e-07,1 ha worked,12_chara,1.03e-07,1.0,,1.14e-07,1 ha worked,14_chara,1.14e-07,1.0,,5.54e-08,1 ha worked,17_chara,5.54e-08,8.0,,1.91e-09,1 ha worked,15_chara,1.528e-08,4.9478e-07
C7_2023,C7,2023,ha,"Human toxicity, cancer - inorganics",CTUh,2.0,,3.85e-17,1 ha worked,13_chara,7.7e-17,1.0,,2.22e-16,1 ha worked,16_chara,2.22e-16,3.0,,1.8099999999999998e-17,1 ha worked,11_chara,5.429999999999999e-17,1.0,,1.5199999999999998e-16,1 ha worked,12_chara,1.5199999999999998e-16,1.0,,1.3300000000000002e-16,1 ha worked,14_chara,1.3300000000000002e-16,1.0,,7.46e-17,1 ha worked,17_chara,7.46e-17,8.0,,2.89e-18,1 ha worked,15_chara,2.312e-17,7.3602e-16
C7_2023,C7,2023,ha,"Human toxicity, cancer - metals",CTUh,2.0,,1.23e-08,1 ha worked,13_chara,2.46e-08,1.0,,8.47e-08,1 ha worked,16_chara,8.47e-08,3.0,,7.91e-09,1 ha worked,11_chara,2.3729999999999998e-08,1.0,,6.970000000000001e-08,1 ha worked,12_chara,6.970000000000001e-08,1.0,,8.050000000000001e-08,1 ha worked,14_chara,8.050000000000001e-08,1.0,,3.55e-08,1 ha worked,17_chara,3.55e-08,8.0,,1.23e-09,1 ha worked,15_chara,9.84e-09,3.2857000000000004e-07
C7_2023,C7,2023,ha,"Human toxicity, cancer - organics",CTUh,2.0,,7.2800000000000005e-09,1 ha worked,13_chara,1.4560000000000001e-08,1.0,,4.98e-08,1 ha worked,16_chara,4.98e-08,3.0,,3.4000000000000003e-09,1 ha worked,11_chara,1.02e-08,1.0,,3.3e-08,1 ha worked,12_chara,3.3e-08,1.0,,3.34e-08,1 ha worked,14_chara,3.34e-08,1.0,,2e-08,1 ha worked,17_chara,2e-08,8.0,,6.829999999999999e-10,1 ha worked,15_chara,5.463999999999999e-09,1.6642399999999998e-07
C7_2023,C7,2023,ha,"Human toxicity, non-cancer",CTUh,2.0,,5.989999999999999e-07,1 ha worked,13_chara,1.1979999999999998e-06,1.0,,3.46e-06,1 ha worked,16_chara,3.46e-06,3.0,,8.92e-07,1 ha worked,11_chara,2.676e-06,1.0,,2e-06,1 ha worked,12_chara,2e-06,1.0,,1.37e-06,1 ha worked,14_chara,1.37e-06,1.0,,1.0700000000000001e-06,1 ha worked,17_chara,1.0700000000000001e-06,8.0,,1.27e-07,1 ha worked,15_chara,1.016e-06,1.279e-05
C7_2023,C7,2023,ha,"Human toxicity, non-cancer - inorganics",CTUh,2.0,,1.6900000000000002e-07,1 ha worked,13_chara,3.3800000000000004e-07,1.0,,1.12e-06,1 ha worked,16_chara,1.12e-06,3.0,,8.97e-08,1 ha worked,11_chara,2.691e-07,1.0,,8.100000000000001e-07,1 ha worked,12_chara,8.100000000000001e-07,1.0,,6.54e-07,1 ha worked,14_chara,6.54e-07,1.0,,3.12e-07,1 ha worked,17_chara,3.12e-07,8.0,,1.02e-08,1 ha worked,15_chara,8.16e-08,3.5847e-06
C7_2023,C7,2023,ha,"Human toxicity, non-cancer - metals",CTUh,2.0,,4.1999999999999995e-07,1 ha worked,13_chara,8.399999999999999e-07,1.0,,2.26e-06,1 ha worked,16_chara,2.26e-06,3.0,,7.98e-07,1 ha worked,11_chara,2.3940000000000003e-06,1.0,,1.16e-06,1 ha worked,12_chara,1.16e-06,1.0,,6.99e-07,1 ha worked,14_chara,6.99e-07,1.0,,7.47e-07,1 ha worked,17_chara,7.47e-07,8.0,,1.16e-07,1 ha worked,15_chara,9.28e-07,9.028e-06
C7_2023,C7,2023,ha,"Human toxicity, non-cancer - organics",CTUh,2.0,,1.16e-08,1 ha worked,13_chara,2.32e-08,1.0,,8.660000000000001e-08,1 ha worked,16_chara,8.660000000000001e-08,3.0,,5.48e-09,1 ha worked,11_chara,1.644e-08,1.0,,3.8200000000000005e-08,1 ha worked,12_chara,3.8200000000000005e-08,1.0,,2.67e-08,1 ha worked,14_chara,2.67e-08,1.0,,1.5299999999999998e-08,1 ha worked,17_chara,1.5299999999999998e-08,8.0,,1.08e-09,1 ha worked,15_chara,8.64e-09,2.1508e-07
C7_2023,C7,2023,ha,Ionising radiation,kBq U-235 eq,2.0,,1.72,1 ha worked,13_chara,3.44,1.0,,10.49,1 ha worked,16_chara,10.49,3.0,,1.27,1 ha worked,11_chara,3.81,1.0,,7.89,1 ha worked,12_chara,7.89,1.0,,4.319999999999999,1 ha worked,14_chara,4.319999999999999,1.0,,1.75,1 ha worked,17_chara,1.75,8.0,,0.115,1 ha worked,15_chara,0.92,32.62
C7_2023,C7,2023,ha,Land use,Pt,2.0,,145.23,1 ha worked,13_chara,290.46,1.0,,800.14,1 ha worked,16_chara,800.14,3.0,,137.54,1 ha worked,11_chara,412.62,1.0,,641.1899999999999,1 ha worked,12_chara,641.1899999999999,1.0,,418.1,1 ha worked,14_chara,418.1,1.0,,168.95000000000002,1 ha worked,17_chara,168.95000000000002,8.0,,100.13,1 ha worked,15_chara,801.04,3532.4999999999995
C7_2023,C7,2023,ha,Ozone depletion,kg CFC11 eq,2.0,,4.960000000000001e-06,1 ha worked,13_chara,9.920000000000002e-06,1.0,,3.03e-05,1 ha worked,16_chara,3.03e-05,3.0,,4.17e-06,1 ha worked,11_chara,1.251e-05,1.0,,2.13e-05,1 ha worked,12_chara,2.13e-05,1.0,,9.97e-06,1 ha worked,14_chara,9.97e-06,1.0,,3.52e-06,1 ha worked,17_chara,3.52e-06,8.0,,3.2200000000000005e-07,1 ha worked,15_chara,2.5760000000000004e-06,9.0096e-05
C7_2023,C7,2023,ha,Particulate matter,disease inc.,2.0,,8.429999999999999e-07,1 ha worked,13_chara,1.6859999999999998e-06,1.0,,5.39e-06,1 ha worked,16_chara,5.39e-06,3.0,,6.229999999999999e-07,1 ha worked,11_chara,1.8689999999999998e-06,1.0,,3.6599999999999997e-06,1 ha worked,12_chara,3.6599999999999997e-06,1.0,,2.78e-06,1 ha worked,14_chara,2.78e-06,1.0,,1.42e-06,1 ha worked,17_chara,1.42e-06,8.0,,1.22e-07,1 ha worked,15_chara,9.76e-07,1.7780999999999998e-05
C7_2023,C7,2023,ha,Photochemical ozone formation,kg NMVOC eq,2.0,,0.305,1 ha worked,13_chara,0.61,1.0,,2.2,1 ha worked,16_chara,2.2,3.0,,0.249,1 ha worked,11_chara,0.747,1.0,,1.33,1 ha worked,12_chara,1.33,1.0,,0.67,1 ha worked,14_chara,0.67,1.0,,0.107,1 ha worked,17_chara,0.107,8.0,,0.0194,1 ha worked,15_chara,0.1552,5.8192
C7_2023,C7,2023,ha,"Resource use, fossils",MJ,2.0,,357.29999999999995,1 ha worked,13_chara,714.5999999999999,1.0,,2174.67,1 ha worked,16_chara,2174.67,3.0,,273.81,1 ha worked,11_chara,821.4300000000001,1.0,,1630.72,1 ha worked,12_chara,1630.72,1.0,,863.0400000000001,1 ha worked,14_chara,863.0400000000001,1.0,,337.64000000000004,1 ha worked,17_chara,337.64000000000004,8.0,,23.53,1 ha worked,15_chara,188.24,6730.34
C7_2023,C7,2023,ha,"Resource use, minerals and metals",kg Sb eq,2.0,,0.00031400000000000004,1 ha worked,13_chara,0.0006280000000000001,1.0,,0.0025800000000000003,1 ha worked,16_chara,0.0025800000000000003,3.0,,0.000127,1 ha worked,11_chara,0.000381,1.0,,0.000917,1 ha worked,12_chara,0.000917,1.0,,0.00062,1 ha worked,14_chara,0.00062,1.0,,0.00037,1 ha worked,17_chara,0.00037,8.0,,2.91e-05,1 ha worked,15_chara,0.0002328,0.0057288
C7_2023,C7,2023,ha,Water use,m3 depriv.,2.0,,2.11,1 ha worked,13_chara,4.22,1.0,,12.8,1 ha worked,16_chara,12.8,3.0,,0.8550000000000001,1 ha worked,11_chara,2.5650000000000004,1.0,,7.94,1 ha worked,12_chara,7.94,1.0,,6.409999999999999,1 ha worked,14_chara,6.409999999999999,1.0,,3.44,1 ha worked,17_chara,3.44,8.0,,0.235,1 ha worked,15_chara,1.88,39.255
C7_2024,C7,2024,ha,Acidification,mol H+ eq,2.6961178046,,0.253,1 ha worked,13_chara,0.6821178045638,1.0,,1.7899999999999998,1 ha worked,16_chara,1.7899999999999998,6.0,,0.20199999999999999,1 ha worked,11_chara,1.212,2.0,,1.1,1 ha worked,12_chara,2.2,2.0,,0.5670000000000001,1 ha worked,14_chara,1.1340000000000001,1.0,,0.116,1 ha worked,17_chara,0.116,5.4042838019,,0.0167,1 ha worked,15_chara,0.09025153949173,7.22436934405553
C7_2024,C7,2024,ha,Climate change,kg CO2 eq,2.6961178046,,26.88,1 ha worked,13_chara,72.471646587648,1.0,,165.89,1 ha worked,16_chara,165.89,6.0,,20.45,1 ha worked,11_chara,122.69999999999999,2.0,,124.18,1 ha worked,12_chara,248.36,2.0,,69.64999999999999,1 ha worked,14_chara,139.29999999999998,1.0,,28.27,1 ha worked,17_chara,28.27,5.4042838019,,1.93,1 ha worked,15_chara,10.430267737667,787.4219143253149
C7_2024,C7,2024,ha,Climate change - Biogenic,kg CO2 eq,2.6961178046,,0.0373,1 ha worked,13_chara,0.10056519411158,1.0,,0.17600000000000002,1 ha worked,16_chara,0.17600000000000002,6.0,,0.028499999999999998,1 ha worked,11_chara,0.17099999999999999,2.0,,0.145,1 ha worked,12_chara,0.29,2.0,,0.0992,1 ha worked,14_chara,0.1984,1.0,,0.0452,1 ha worked,17_chara,0.0452,5.4042838019,,0.0211,1 ha worked,15_chara,0.11403038822009001,1.09519558233167
C7_2024,C7,2024,ha,Climate change - Fossil,kg CO2 eq,2.6961178046,,26.830000000000002,1 ha worked,13_chara,72.33684069741801,1.0,,165.57999999999998,1 ha worked,16_chara,165.57999999999998,6.0,,20.41,1 ha worked,11_chara,122.46000000000001,2.0,,123.97,1 ha worked,12_chara,247.94,2.0,,69.50999999999999,1 ha worked,14_chara,139.01999999999998,1.0,,28.180000000000003,1 ha worked,17_chara,28.180000000000003,5.4042838019,,1.9100000000000001,1 ha worked,15_chara,10.322182061629,785.8390227590469
C7_2024,C7,2024,ha,Climate change - Land use and LU change,kg CO2 eq,2.6961178046,,0.0178,1 ha worked,13_chara,0.04799089692188,1.0,,0.131,1 ha worked,16_chara,0.131,6.0,,0.00673,1 ha worked,11_chara,0.04038,2.0,,0.05789999999999999,1 ha worked,12_chara,0.11579999999999999,2.0,,0.0494,1 ha worked,14_chara,0.0988,1.0,,0.0434,1 ha worked,17_chara,0.0434,5.4042838019,,0.00132,1 ha worked,15_chara,0.007133654618508,0.48450455154038796
C7_2024,C7,2024,ha,"Ecotoxicity, freshwater",CTUe,2.6961178046,,409.06,1 ha worked,13_chara,1102.873949149676,1.0,,2729.37,1 ha worked,16_chara,2729.37,6.0,,235.92,1 ha worked,11_chara,1415.52,2.0,,1587.99,1 ha worked,12_chara,3175.98,2.0,,1134.53,1 ha worked,14_chara,2269.06,1.0,,588.66,1 ha worked,17_chara,588.66,5.4042838019,,32.26,1 ha worked,15_chara,174.342195449294,11455.806144598968
C7_2024,C7,2024,ha,"Ecotoxicity, freshwater - inorganics",CTUe,2.6961178046,,66.27,1 ha worked,13_chara,178.67172691084198,1.0,,419.04999999999995,1 ha worked,16_chara,419.04999999999995,6.0,,48.84,1 ha worked,11_chara,293.04,2.0,,268.34,1 ha worked,12_chara,536.68,2.0,,140.05,1 ha worked,14_chara,280.1,1.0,,58.77,1 ha worked,17_chara,58.77,5.4042838019,,4.59,1 ha worked,15_chara,24.805662650721,1791.1173895615625
C7_2024,C7,2024,ha,"Ecotoxicity, freshwater - metals",CTUe,2.6961178046,,322.83,1 ha worked,13_chara,870.387710859018,1.0,,2187.8900000000003,1 ha worked,16_chara,2187.8900000000003,6.0,,170.45000000000002,1 ha worked,11_chara,1022.7,2.0,,1234.5,1 ha worked,12_chara,2469.0,2.0,,954.07,1 ha worked,14_chara,1908.14,1.0,,515.3100000000001,1 ha worked,17_chara,515.3100000000001,5.4042838019,,26.36,1 ha worked,15_chara,142.456921018084,9115.884631877101
C7_2024,C7,2024,ha,"Ecotoxicity, freshwater - organics",CTUe,2.6961178046,,19.96,1 ha worked,13_chara,53.814511379816004,1.0,,122.43,1 ha worked,16_chara,122.43,6.0,,16.64,1 ha worked,11_chara,99.84,2.0,,85.15,1 ha worked,12_chara,170.3,2.0,,40.410000000000004,1 ha worked,14_chara,80.82000000000001,1.0,,14.58,1 ha worked,17_chara,14.58,5.4042838019,,1.31,1 ha worked,15_chara,7.079611780489,548.8641231603051
C7_2024,C7,2024,ha,"Eutrophication, freshwater",kg P eq,2.6961178046,,0.00346,1 ha worked,13_chara,0.009328567603916,1.0,,0.0236,1 ha worked,16_chara,0.0236,6.0,,0.0014600000000000001,1 ha worked,11_chara,0.00876,2.0,,0.0129,1 ha worked,12_chara,0.0258,2.0,,0.0116,1 ha worked,14_chara,0.0232,1.0,,0.00685,1 ha worked,17_chara,0.00685,5.4042838019,,0.000272,1 ha worked,15_chara,0.0014699651941168,0.09900853279803279
C7_2024,C7,2024,ha,"Eutrophication, marine",kg N eq,2.6961178046,,0.1,1 ha worked,13_chara,0.26961178046,1.0,,0.729,1 ha worked,16_chara,0.729,6.0,,0.08460000000000001,1 ha worked,11_chara,0.5076,2.0,,0.444,1 ha worked,12_chara,0.888,2.0,,0.213,1 ha worked,14_chara,0.426,1.0,,0.0206,1 ha worked,17_chara,0.0206,5.4042838019,,0.0064600000000000005,1 ha worked,15_chara,0.034911673360274,2.875723453820274
C7_2024,C7,2024,ha,"Eutrophication, terrestrial",mol N eq,2.6961178046,,1.1,1 ha worked,13_chara,2.9657295850600005,1.0,,7.97,1 ha worked,16_chara,7.97,6.0,,0.927,1 ha worked,11_chara,5.562,2.0,,4.86,1 ha worked,12_chara,9.72,2.0,,2.33,1 ha worked,14_chara,4.66,1.0,,0.21800000000000003,1 ha worked,17_chara,0.21800000000000003,5.4042838019,,0.0704,1 ha worked,15_chara,0.38046157965376004,31.47619116471376
C7_2024,C7,2024,ha,"Human toxicity, cancer",CTUh,2.6961178046,,1.96e-08,1 ha worked,13_chara,5.284390897016e-08,1.0,,1.34e-07,1 ha worked,16_chara,1.34e-07,6.0,,1.13e-08,1 ha worked,11_chara,6.78e-08,2.0,,1.03e-07,1 ha worked,12_chara,2.06e-07,2.0,,1.14e-07,1 ha worked,14_chara,2.28e-07,1.0,,5.54e-08,1 ha worked,17_chara,5.54e-08,5.4042838019,,1.91e-09,1 ha worked,15_chara,1.0322182061628999e-08,7.54366091031789e-07
C7_2024,C7,2024,ha,"Human toxicity, cancer - inorganics",CTUh,2.6961178046,,3.85e-17,1 ha worked,13_chara,1.0380053547709999e-16,1.0,,2.22e-16,1 ha worked,16_chara,2.22e-16,6.0,,1.8099999999999998e-17,1 ha worked,11_chara,1.0859999999999998e-16,2.0,,1.5199999999999998e-16,1 ha worked,12_chara,3.0399999999999996e-16,2.0,,1.3300000000000002e-16,1 ha worked,14_chara,2.6600000000000003e-16,1.0,,7.46e-17,1 ha worked,17_chara,7.46e-17,5.4042838019,,2.89e-18,1 ha worked,15_chara,1.5618380187491e-17,1.094618915664591e-15
C7_2024,C7,2024,ha,"Human toxicity, cancer - metals",CTUh,2.6961178046,,1.23e-08,1 ha worked,13_chara,3.316224899658e-08,1.0,,8.47e-08,1 ha worked,16_chara,8.47e-08,6.0,,7.91e-09,1 ha worked,11_chara,4.7459999999999996e-08,2.0,,6.970000000000001e-08,1 ha worked,12_chara,1.3940000000000002e-07,2.0,,8.050000000000001e-08,1 ha worked,14_chara,1.6100000000000003e-07,1.0,,3.55e-08,1 ha worked,17_chara,3.55e-08,5.4042838019,,1.23e-09,1 ha worked,15_chara,6.647269076337001e-09,5.07869518072917e-07
C7_2024,C7,2024,ha,"Human toxicity, cancer - organics",CTUh,2.6961178046,,7.2800000000000005e-09,1 ha worked,13_chara,1.9627737617488002e-08,1.0,,4.98e-08,1 ha worked,16_chara,4.98e-08,6.0,,3.4000000000000003e-09,1 ha worked,11_chara,2.04e-08,2.0,,3.3e-08,1 ha worked,12_chara,6.6e-08,2.0,,3.34e-08,1 ha worked,14_chara,6.68e-08,1.0,,2e-08,1 ha worked,17_chara,2e-08,5.4042838019,,6.829999999999999e-10,1 ha worked,15_chara,3.6911258366976997e-09,2.4631886345418574e-07
C7_2024,C7,2024,ha,"Human toxicity, non-cancer",CTUh,2.6961178046,,5.989999999999999e-07,1 ha worked,13_chara,1.6149745649553999e-06,1.0,,3.46e-06,1 ha worked,16_chara,3.46e-06,6.0,,8.92e-07,1 ha worked,11_chara,5.352e-06,2.0,,2e-06,1 ha worked,12_chara,4e-06,2.0,,1.37e-06,1 ha worked,14_chara,2.74e-06,1.0,,1.0700000000000001e-06,1 ha worked,17_chara,1.0700000000000001e-06,5.4042838019,,1.27e-07,1 ha worked,15_chara,6.863440428413001e-07,1.8923318607796702e-05
C7_2024,C7,2024,ha,"Human toxicity, non-cancer - inorganics",CTUh,2.6961178046,,1.6900000000000002e-07,1 ha worked,13_chara,4.5564390897740006e-07,1.0,,1.12e-06,1 ha worked,16_chara,1.12e-06,6.0,,8.97e-08,1 ha worked,11_chara,5.382e-07,2.0,,8.100000000000001e-07,1 ha worked,12_chara,1.6200000000000002e-06,2.0,,6.54e-07,1 ha worked,14_chara,1.308e-06,1.0,,3.12e-07,1 ha worked,17_chara,3.12e-07,5.4042838019,,1.02e-08,1 ha worked,15_chara,5.512369477938e-08,5.4089676037567804e-06
C7_2024,C7,2024,ha,"Human toxicity, non-cancer - metals",CTUh,2.6961178046,,4.1999999999999995e-07,1 ha worked,13_chara,1.132369477932e-06,1.0,,2.26e-06,1 ha worked,16_chara,2.26e-06,6.0,,7.98e-07,1 ha worked,11_chara,4.7880000000000006e-06,2.0,,1.16e-06,1 ha worked,12_chara,2.32e-06,2.0,,6.99e-07,1 ha worked,14_chara,1.398e-06,1.0,,7.47e-07,1 ha worked,17_chara,7.47e-07,5.4042838019,,1.16e-07,1 ha worked,15_chara,6.268969210204001e-07,1.3272266398952402e-05
C7_2024,C7,2024,ha,"Human toxicity, non-cancer - organics",CTUh,2.6961178046,,1.16e-08,1 ha worked,13_chara,3.127496653336e-08,1.0,,8.660000000000001e-08,1 ha worked,16_chara,8.660000000000001e-08,6.0,,5.48e-09,1 ha worked,11_chara,3.288e-08,2.0,,3.8200000000000005e-08,1 ha worked,12_chara,7.640000000000001e-08,2.0,,2.67e-08,1 ha worked,14_chara,5.34e-08,1.0,,1.5299999999999998e-08,1 ha worked,17_chara,1.5299999999999998e-08,5.4042838019,,1.08e-09,1 ha worked,15_chara,5.8366265060520004e-09,3.0169159303941197e-07
C7_2024,C7,2024,ha,Ionising radiation,kBq U-235 eq,2.6961178046,,1.72,1 ha worked,13_chara,4.6373226239120005,1.0,,10.49,1 ha worked,16_chara,10.49,6.0,,1.27,1 ha worked,11_chara,7.62,2.0,,7.89,1 ha worked,12_chara,15.78,2.0,,4.319999999999999,1 ha worked,14_chara,8.639999999999999,1.0,,1.75,1 ha worked,17_chara,1.75,5.4042838019,,0.115,1 ha worked,15_chara,0.6214926372185,49.5388152611305
C7_2024,C7,2024,ha,Land use,Pt,2.6961178046,,145.23,1 ha worked,13_chara,391.557188762058,1.0,,800.14,1 ha worked,16_chara,800.14,6.0,,137.54,1 ha worked,11_chara,825.24,2.0,,641.1899999999999,1 ha worked,12_chara,1282.3799999999999,2.0,,418.1,1 ha worked,14_chara,836.2,1.0,,168.95000000000002,1 ha worked,17_chara,168.95000000000002,5.4042838019,,100.13,1 ha worked,15_chara,541.130937084247,4845.598125846305
C7_2024,C7,2024,ha,Ozone depletion,kg CFC11 eq,2.6961178046,,4.960000000000001e-06,1 ha worked,13_chara,1.3372744310816003e-05,1.0,,3.03e-05,1 ha worked,16_chara,3.03e-05,6.0,,4.17e-06,1 ha worked,11_chara,2.502e-05,2.0,,2.13e-05,1 ha worked,12_chara,4.26e-05,2.0,,9.97e-06,1 ha worked,14_chara,1.994e-05,1.0,,3.52e-06,1 ha worked,17_chara,3.52e-06,5.4042838019,,3.2200000000000005e-07,1 ha worked,15_chara,1.7401793842118002e-06,0.0001364929236950278
C7_2024,C7,2024,ha,Particulate matter,disease inc.,2.6961178046,,8.429999999999999e-07,1 ha worked,13_chara,2.2728273092777996e-06,1.0,,5.39e-06,1 ha worked,16_chara,5.39e-06,6.0,,6.229999999999999e-07,1 ha worked,11_chara,3.7379999999999996e-06,2.0,,3.6599999999999997e-06,1 ha worked,12_chara,7.319999999999999e-06,2.0,,2.78e-06,1 ha worked,14_chara,5.56e-06,1.0,,1.42e-06,1 ha worked,17_chara,1.42e-06,5.4042838019,,1.22e-07,1 ha worked,15_chara,6.593226238318e-07,2.6360149933109597e-05
C7_2024,C7,2024,ha,Photochemical ozone formation,kg NMVOC eq,2.6961178046,,0.305,1 ha worked,13_chara,0.822315930403,1.0,,2.2,1 ha worked,16_chara,2.2,6.0,,0.249,1 ha worked,11_chara,1.494,2.0,,1.33,1 ha worked,12_chara,2.66,2.0,,0.67,1 ha worked,14_chara,1.34,1.0,,0.107,1 ha worked,17_chara,0.107,5.4042838019,,0.0194,1 ha worked,15_chara,0.10484310575686001,8.72815903615986
C7_2024,C7,2024,ha,"Resource use, fossils",MJ,2.6961178046,,357.29999999999995,1 ha worked,13_chara,963.3228915835799,1.0,,2174.67,1 ha worked,16_chara,2174.67,6.0,,273.81,1 ha worked,11_chara,1642.8600000000001,2.0,,1630.72,1 ha worked,12_chara,3261.44,2.0,,863.0400000000001,1 ha worked,14_chara,1726.0800000000002,1.0,,337.64000000000004,1 ha worked,17_chara,337.64000000000004,5.4042838019,,23.53,1 ha worked,15_chara,127.16279785870701,10233.175689442287
C7_2024,C7,2024,ha,"Resource use, minerals and metals",kg Sb eq,2.6961178046,,0.00031400000000000004,1 ha worked,13_chara,0.0008465809906444002,1.0,,0.0025800000000000003,1 ha worked,16_chara,0.0025800000000000003,6.0,,0.000127,1 ha worked,11_chara,0.000762,2.0,,0.000917,1 ha worked,12_chara,0.001834,2.0,,0.00062,1 ha worked,14_chara,0.00124,1.0,,0.00037,1 ha worked,17_chara,0.00037,5.4042838019,,2.91e-05,1 ha worked,15_chara,0.00015726465863529,0.00778984564927969
C7_2024,C7,2024,ha,Water use,m3 depriv.,2.6961178046,,2.11,1 ha worked,13_chara,5.688808567705999,1.0,,12.8,1 ha worked,16_chara,12.8,6.0,,0.8550000000000001,1 ha worked,11_chara,5.130000000000001,2.0,,7.94,1 ha worked,12_chara,15.88,2.0,,6.409999999999999,1 ha worked,14_chara,12.819999999999999,1.0,,3.44,1 ha worked,17_chara,3.44,5.4042838019,,0.235,1 ha worked,15_chara,1.2700066934465,57.0288152611525
C8_2022,C8,2022,ha,Acidification,mol H+ eq,3.2143347051,,0.253,1 ha worked,13_chara,0.8132266803903001,1.0,,1.7899999999999998,1 ha worked,16_chara,1.7899999999999998,3.0,,0.20199999999999999,1 ha worked,11_chara,0.606,1.0,,1.1,1 ha worked,12_chara,1.1,0.0,,0.5670000000000001,1 ha worked,14_chara,0.0,0.0,,0.116,1 ha worked,17_chara,0.0,7.3148148148,,0.0167,1 ha worked,15_chara,0.12215740740716,4.4313840877974595
C8_2022,C8,2022,ha,Climate change,kg CO2 eq,3.2143347051,,26.88,1 ha worked,13_chara,86.401316873088,1.0,,165.89,1 ha worked,16_chara,165.89,3.0,,20.45,1 ha worked,11_chara,61.349999999999994,1.0,,124.18,1 ha worked,12_chara,124.18,0.0,,69.64999999999999,1 ha worked,14_chara,0.0,0.0,,28.27,1 ha worked,17_chara,0.0,7.3148148148,,1.93,1 ha worked,15_chara,14.117592592564,451.938909465652
C8_2022,C8,2022,ha,Climate change - Biogenic,kg CO2 eq,3.2143347051,,0.0373,1 ha worked,13_chara,0.11989468450023001,1.0,,0.17600000000000002,1 ha worked,16_chara,0.17600000000000002,3.0,,0.028499999999999998,1 ha worked,11_chara,0.08549999999999999,1.0,,0.145,1 ha worked,12_chara,0.145,0.0,,0.0992,1 ha worked,14_chara,0.0,0.0,,0.0452,1 ha worked,17_chara,0.0,7.3148148148,,0.0211,1 ha worked,15_chara,0.15434259259228,0.6807372770925101
C8_2022,C8,2022,ha,Climate change - Fossil,kg CO2 eq,3.2143347051,,26.830000000000002,1 ha worked,13_chara,86.24060013783301,1.0,,165.57999999999998,1 ha worked,16_chara,165.57999999999998,3.0,,20.41,1 ha worked,11_chara,61.230000000000004,1.0,,123.97,1 ha worked,12_chara,123.97,0.0,,69.50999999999999,1 ha worked,14_chara,0.0,0.0,,28.180000000000003,1 ha worked,17_chara,0.0,7.3148148148,,1.9100000000000001,1 ha worked,15_chara,13.971296296268001,450.99189643410097
C8_2022,C8,2022,ha,Climate change - Land use and LU change,kg CO2 eq,3.2143347051,,0.0178,1 ha worked,13_chara,0.05721515775078,1.0,,0.131,1 ha worked,16_chara,0.131,3.0,,0.00673,1 ha worked,11_chara,0.02019,1.0,,0.05789999999999999,1 ha worked,12_chara,0.05789999999999999,0.0,,0.0494,1 ha worked,14_chara,0.0,0.0,,0.0434,1 ha worked,17_chara,0.0,7.3148148148,,0.00132,1 ha worked,15_chara,0.009655555555536,0.275960713306316
C8_2022,C8,2022,ha,"Ecotoxicity, freshwater",CTUe,3.2143347051,,409.06,1 ha worked,13_chara,1314.855754468206,1.0,,2729.37,1 ha worked,16_chara,2729.37,3.0,,235.92,1 ha worked,11_chara,707.76,1.0,,1587.99,1 ha worked,12_chara,1587.99,0.0,,1134.53,1 ha worked,14_chara,0.0,0.0,,588.66,1 ha worked,17_chara,0.0,7.3148148148,,32.26,1 ha worked,15_chara,235.975925925448,6575.951680393654
C8_2022,C8,2022,ha,"Ecotoxicity, freshwater - inorganics",CTUe,3.2143347051,,66.27,1 ha worked,13_chara,213.013960906977,1.0,,419.04999999999995,1 ha worked,16_chara,419.04999999999995,3.0,,48.84,1 ha worked,11_chara,146.52,1.0,,268.34,1 ha worked,12_chara,268.34,0.0,,140.05,1 ha worked,14_chara,0.0,0.0,,58.77,1 ha worked,17_chara,0.0,7.3148148148,,4.59,1 ha worked,15_chara,33.574999999932,1080.498960906909
C8_2022,C8,2022,ha,"Ecotoxicity, freshwater - metals",CTUe,3.2143347051,,322.83,1 ha worked,13_chara,1037.683672847433,1.0,,2187.8900000000003,1 ha worked,16_chara,2187.8900000000003,3.0,,170.45000000000002,1 ha worked,11_chara,511.35,1.0,,1234.5,1 ha worked,12_chara,1234.5,0.0,,954.07,1 ha worked,14_chara,0.0,0.0,,515.3100000000001,1 ha worked,17_chara,0.0,7.3148148148,,26.36,1 ha worked,15_chara,192.818518518128,5164.242191365562
C8_2022,C8,2022,ha,"Ecotoxicity, freshwater - organics",CTUe,3.2143347051,,19.96,1 ha worked,13_chara,64.15812071379601,1.0,,122.43,1 ha worked,16_chara,122.43,3.0,,16.64,1 ha worked,11_chara,49.92,1.0,,85.15,1 ha worked,12_chara,85.15,0.0,,40.410000000000004,1 ha worked,14_chara,0.0,0.0,,14.58,1 ha worked,17_chara,0.0,7.3148148148,,1.31,1 ha worked,15_chara,9.582407407388,331.24052812118407
C8_2022,C8,2022,ha,"Eutrophication, freshwater",kg P eq,3.2143347051,,0.00346,1 ha worked,13_chara,0.011121598079646,1.0,,0.0236,1 ha worked,16_chara,0.0236,3.0,,0.0014600000000000001,1 ha worked,11_chara,0.00438,1.0,,0.0129,1 ha worked,12_chara,0.0129,0.0,,0.0116,1 ha worked,14_chara,0.0,0.0,,0.00685,1 ha worked,17_chara,0.0,7.3148148148,,0.000272,1 ha worked,15_chara,0.0019896296296256,0.0539912277092716
C8_2022,C8,2022,ha,"Eutrophication, marine",kg N eq,3.2143347051,,0.1,1 ha worked,13_chara,0.32143347051000004,1.0,,0.729,1 ha worked,16_chara,0.729,3.0,,0.08460000000000001,1 ha worked,11_chara,0.2538,1.0,,0.444,1 ha worked,12_chara,0.444,0.0,,0.213,1 ha worked,14_chara,0.0,0.0,,0.0206,1 ha worked,17_chara,0.0,7.3148148148,,0.0064600000000000005,1 ha worked,15_chara,0.047253703703608006,1.795487174213608
C8_2022,C8,2022,ha,"Eutrophication, terrestrial",mol N eq,3.2143347051,,1.1,1 ha worked,13_chara,3.5357681756100003,1.0,,7.97,1 ha worked,16_chara,7.97,3.0,,0.927,1 ha worked,11_chara,2.781,1.0,,4.86,1 ha worked,12_chara,4.86,0.0,,2.33,1 ha worked,14_chara,0.0,0.0,,0.21800000000000003,1 ha worked,17_chara,0.0,7.3148148148,,0.0704,1 ha worked,15_chara,0.51496296296192,19.661731138571923
C8_2022,C8,2022,ha,"Human toxicity, cancer",CTUh,3.2143347051,,1.96e-08,1 ha worked,13_chara,6.300096021996e-08,1.0,,1.34e-07,1 ha worked,16_chara,1.34e-07,3.0,,1.13e-08,1 ha worked,11_chara,3.39e-08,1.0,,1.03e-07,1 ha worked,12_chara,1.03e-07,0.0,,1.14e-07,1 ha worked,14_chara,0.0,0.0,,5.54e-08,1 ha worked,17_chara,0.0,7.3148148148,,1.91e-09,1 ha worked,15_chara,1.3971296296268e-08,3.47872256516228e-07
C8_2022,C8,2022,ha,"Human toxicity, cancer - inorganics",CTUh,3.2143347051,,3.85e-17,1 ha worked,13_chara,1.2375188614635e-16,1.0,,2.22e-16,1 ha worked,16_chara,2.22e-16,3.0,,1.8099999999999998e-17,1 ha worked,11_chara,5.429999999999999e-17,1.0,,1.5199999999999998e-16,1 ha worked,12_chara,1.5199999999999998e-16,0.0,,1.3300000000000002e-16,1 ha worked,14_chara,0.0,0.0,,7.46e-17,1 ha worked,17_chara,0.0,7.3148148148,,2.89e-18,1 ha worked,15_chara,2.1139814814772e-17,5.73191700961122e-16
C8_2022,C8,2022,ha,"Human toxicity, cancer - metals",CTUh,3.2143347051,,1.23e-08,1 ha worked,13_chara,3.953631687273e-08,1.0,,8.47e-08,1 ha worked,16_chara,8.47e-08,3.0,,7.91e-09,1 ha worked,11_chara,2.3729999999999998e-08,1.0,,6.970000000000001e-08,1 ha worked,12_chara,6.970000000000001e-08,0.0,,8.050000000000001e-08,1 ha worked,14_chara,0.0,0.0,,3.55e-08,1 ha worked,17_chara,0.0,7.3148148148,,1.23e-09,1 ha worked,15_chara,8.997222222204e-09,2.2666353909493402e-07
C8_2022,C8,2022,ha,"Human toxicity, cancer - organics",CTUh,3.2143347051,,7.2800000000000005e-09,1 ha worked,13_chara,2.3400356653128003e-08,1.0,,4.98e-08,1 ha worked,16_chara,4.98e-08,3.0,,3.4000000000000003e-09,1 ha worked,11_chara,1.02e-08,1.0,,3.3e-08,1 ha worked,12_chara,3.3e-08,0.0,,3.34e-08,1 ha worked,14_chara,0.0,0.0,,2e-08,1 ha worked,17_chara,0.0,7.3148148148,,6.829999999999999e-10,1 ha worked,15_chara,4.996018518508399e-09,1.213963751716364e-07
C8_2022,C8,2022,ha,"Human toxicity, non-cancer",CTUh,3.2143347051,,5.989999999999999e-07,1 ha worked,13_chara,1.9253864883549e-06,1.0,,3.46e-06,1 ha worked,16_chara,3.46e-06,3.0,,8.92e-07,1 ha worked,11_chara,2.676e-06,1.0,,2e-06,1 ha worked,12_chara,2e-06,0.0,,1.37e-06,1 ha worked,14_chara,0.0,0.0,,1.0700000000000001e-06,1 ha worked,17_chara,0.0,7.3148148148,,1.27e-07,1 ha worked,15_chara,9.289814814796001e-07,1.0990367969834499e-05
C8_2022,C8,2022,ha,"Human toxicity, non-cancer - inorganics",CTUh,3.2143347051,,1.6900000000000002e-07,1 ha worked,13_chara,5.432225651619001e-07,1.0,,1.12e-06,1 ha worked,16_chara,1.12e-06,3.0,,8.97e-08,1 ha worked,11_chara,2.691e-07,1.0,,8.100000000000001e-07,1 ha worked,12_chara,8.100000000000001e-07,0.0,,6.54e-07,1 ha worked,14_chara,0.0,0.0,,3.12e-07,1 ha worked,17_chara,0.0,7.3148148148,,1.02e-08,1 ha worked,15_chara,7.461111111096e-08,2.8169336762728605e-06
C8_2022,C8,2022,ha,"Human toxicity, non-cancer - metals",CTUh,3.2143347051,,4.1999999999999995e-07,1 ha worked,13_chara,1.3500205761419999e-06,1.0,,2.26e-06,1 ha worked,16_chara,2.26e-06,3.0,,7.98e-07,1 ha worked,11_chara,2.3940000000000003e-06,1.0,,1.16e-06,1 ha worked,12_chara,1.16e-06,0.0,,6.99e-07,1 ha worked,14_chara,0.0,0.0,,7.47e-07,1 ha worked,17_chara,0.0,7.3148148148,,1.16e-07,1 ha worked,15_chara,8.485185185168001e-07,8.0125390946588e-06
C8_2022,C8,2022,ha,"Human toxicity, non-cancer - organics",CTUh,3.2143347051,,1.16e-08,1 ha worked,13_chara,3.728628257916e-08,1.0,,8.660000000000001e-08,1 ha worked,16_chara,8.660000000000001e-08,3.0,,5.48e-09,1 ha worked,11_chara,1.644e-08,1.0,,3.8200000000000005e-08,1 ha worked,12_chara,3.8200000000000005e-08,0.0,,2.67e-08,1 ha worked,14_chara,0.0,0.0,,1.5299999999999998e-08,1 ha worked,17_chara,0.0,7.3148148148,,1.08e-09,1 ha worked,15_chara,7.899999999984e-09,1.8642628257914403e-07
C8_2022,C8,2022,ha,Ionising radiation,kBq U-235 eq,3.2143347051,,1.72,1 ha worked,13_chara,5.528655692772,1.0,,10.49,1 ha worked,16_chara,10.49,3.0,,1.27,1 ha worked,11_chara,3.81,1.0,,7.89,1 ha worked,12_chara,7.89,0.0,,4.319999999999999,1 ha worked,14_chara,0.0,0.0,,1.75,1 ha worked,17_chara,0.0,7.3148148148,,0.115,1 ha worked,15_chara,0.841203703702,28.559859396474
C8_2022,C8,2022,ha,Land use,Pt,3.2143347051,,145.23,1 ha worked,13_chara,466.817829221673,1.0,,800.14,1 ha worked,16_chara,800.14,3.0,,137.54,1 ha worked,11_chara,412.62,1.0,,641.1899999999999,1 ha worked,12_chara,641.1899999999999,0.0,,418.1,1 ha worked,14_chara,0.0,0.0,,168.95000000000002,1 ha worked,17_chara,0.0,7.3148148148,,100.13,1 ha worked,15_chara,732.432407405924,3053.200236627597
C8_2022,C8,2022,ha,Ozone depletion,kg CFC11 eq,3.2143347051,,4.960000000000001e-06,1 ha worked,13_chara,1.5943100137296004e-05,1.0,,3.03e-05,1 ha worked,16_chara,3.03e-05,3.0,,4.17e-06,1 ha worked,11_chara,1.251e-05,1.0,,2.13e-05,1 ha worked,12_chara,2.13e-05,0.0,,9.97e-06,1 ha worked,14_chara,0.0,0.0,,3.52e-06,1 ha worked,17_chara,0.0,7.3148148148,,3.2200000000000005e-07,1 ha worked,15_chara,2.3553703703656004e-06,8.240847050766161e-05
C8_2022,C8,2022,ha,Particulate matter,disease inc.,3.2143347051,,8.429999999999999e-07,1 ha worked,13_chara,2.7096841563993e-06,1.0,,5.39e-06,1 ha worked,16_chara,5.39e-06,3.0,,6.229999999999999e-07,1 ha worked,11_chara,1.8689999999999998e-06,1.0,,3.6599999999999997e-06,1 ha worked,12_chara,3.6599999999999997e-06,0.0,,2.78e-06,1 ha worked,14_chara,0.0,0.0,,1.42e-06,1 ha worked,17_chara,0.0,7.3148148148,,1.22e-07,1 ha worked,15_chara,8.924074074056e-07,1.45210915638049e-05
C8_2022,C8,2022,ha,Photochemical ozone formation,kg NMVOC eq,3.2143347051,,0.305,1 ha worked,13_chara,0.9803720850555,1.0,,2.2,1 ha worked,16_chara,2.2,3.0,,0.249,1 ha worked,11_chara,0.747,1.0,,1.33,1 ha worked,12_chara,1.33,0.0,,0.67,1 ha worked,14_chara,0.0,0.0,,0.107,1 ha worked,17_chara,0.0,7.3148148148,,0.0194,1 ha worked,15_chara,0.14190740740712002,5.399279492462621
C8_2022,C8,2022,ha,"Resource use, fossils",MJ,3.2143347051,,357.29999999999995,1 ha worked,13_chara,1148.48179013223,1.0,,2174.67,1 ha worked,16_chara,2174.67,3.0,,273.81,1 ha worked,11_chara,821.4300000000001,1.0,,1630.72,1 ha worked,12_chara,1630.72,0.0,,863.0400000000001,1 ha worked,14_chara,0.0,0.0,,337.64000000000004,1 ha worked,17_chara,0.0,7.3148148148,,23.53,1 ha worked,15_chara,172.11759259224402,5947.419382724474
C8_2022,C8,2022,ha,"Resource use, minerals and metals",kg Sb eq,3.2143347051,,0.00031400000000000004,1 ha worked,13_chara,0.0010093010974014003,1.0,,0.0025800000000000003,1 ha worked,16_chara,0.0025800000000000003,3.0,,0.000127,1 ha worked,11_chara,0.000381,1.0,,0.000917,1 ha worked,12_chara,0.000917,0.0,,0.00062,1 ha worked,14_chara,0.0,0.0,,0.00037,1 ha worked,17_chara,0.0,7.3148148148,,2.91e-05,1 ha worked,15_chara,0.00021286111111068,0.005100162208512081
C8_2022,C8,2022,ha,Water use,m3 depriv.,3.2143347051,,2.11,1 ha worked,13_chara,6.782246227761,1.0,,12.8,1 ha worked,16_chara,12.8,3.0,,0.8550000000000001,1 ha worked,11_chara,2.5650000000000004,1.0,,7.94,1 ha worked,12_chara,7.94,0.0,,6.409999999999999,1 ha worked,14_chara,0.0,0.0,,3.44,1 ha worked,17_chara,0.0,7.3148148148,,0.235,1 ha worked,15_chara,1.718981481478,31.806227709239003
C8_2023,C8,2023,ha,Acidification,mol H+ eq,2.0,,0.253,1 ha worked,13_chara,0.506,1.0,,1.7899999999999998,1 ha worked,16_chara,1.7899999999999998,3.0,,0.20199999999999999,1 ha worked,11_chara,0.606,1.0,,1.1,1 ha worked,12_chara,1.1,1.0,,0.5670000000000001,1 ha worked,14_chara,0.5670000000000001,1.0,,0.116,1 ha worked,17_chara,0.116,7.8797381116,,0.0167,1 ha worked,15_chara,0.13159162646372,4.81659162646372
C8_2023,C8,2023,ha,Climate change,kg CO2 eq,2.0,,26.88,1 ha worked,13_chara,53.76,1.0,,165.89,1 ha worked,16_chara,165.89,3.0,,20.45,1 ha worked,11_chara,61.349999999999994,1.0,,124.18,1 ha worked,12_chara,124.18,1.0,,69.64999999999999,1 ha worked,14_chara,69.64999999999999,1.0,,28.27,1 ha worked,17_chara,28.27,7.8797381116,,1.93,1 ha worked,15_chara,15.207894555388,518.307894555388
C8_2023,C8,2023,ha,Climate change - Biogenic,kg CO2 eq,2.0,,0.0373,1 ha worked,13_chara,0.0746,1.0,,0.17600000000000002,1 ha worked,16_chara,0.17600000000000002,3.0,,0.028499999999999998,1 ha worked,11_chara,0.08549999999999999,1.0,,0.145,1 ha worked,12_chara,0.145,1.0,,0.0992,1 ha worked,14_chara,0.0992,1.0,,0.0452,1 ha worked,17_chara,0.0452,7.8797381116,,0.0211,1 ha worked,15_chara,0.16626247415476,0.7917624741547601
C8_2023,C8,2023,ha,Climate change - Fossil,kg CO2 eq,2.0,,26.830000000000002,1 ha worked,13_chara,53.660000000000004,1.0,,165.57999999999998,1 ha worked,16_chara,165.57999999999998,3.0,,20.41,1 ha worked,11_chara,61.230000000000004,1.0,,123.97,1 ha worked,12_chara,123.97,1.0,,69.50999999999999,1 ha worked,14_chara,69.50999999999999,1.0,,28.180000000000003,1 ha worked,17_chara,28.180000000000003,7.8797381116,,1.9100000000000001,1 ha worked,15_chara,15.050299793156002,517.180299793156
C8_2023,C8,2023,ha,Climate change - Land use and LU change,kg CO2 eq,2.0,,0.0178,1 ha worked,13_chara,0.0356,1.0,,0.131,1 ha worked,16_chara,0.131,3.0,,0.00673,1 ha worked,11_chara,0.02019,1.0,,0.05789999999999999,1 ha worked,12_chara,0.05789999999999999,1.0,,0.0494,1 ha worked,14_chara,0.0494,1.0,,0.0434,1 ha worked,17_chara,0.0434,7.8797381116,,0.00132,1 ha worked,15_chara,0.010401254307312,0.347891254307312
C8_2023,C8,2023,ha,"Ecotoxicity, freshwater",CTUe,2.0,,409.06,1 ha worked,13_chara,818.12,1.0,,2729.37,1 ha worked,16_chara,2729.37,3.0,,235.92,1 ha worked,11_chara,707.76,1.0,,1587.99,1 ha worked,12_chara,1587.99,1.0,,1134.53,1 ha worked,14_chara,1134.53,1.0,,588.66,1 ha worked,17_chara,588.66,7.8797381116,,32.26,1 ha worked,15_chara,254.20035148021597,7820.630351480216
C8_2023,C8,2023,ha,"Ecotoxicity, freshwater - inorganics",CTUe,2.0,,66.27,1 ha worked,13_chara,132.54,1.0,,419.04999999999995,1 ha worked,16_chara,419.04999999999995,3.0,,48.84,1 ha worked,11_chara,146.52,1.0,,268.34,1 ha worked,12_chara,268.34,1.0,,140.05,1 ha worked,14_chara,140.05,1.0,,58.77,1 ha worked,17_chara,58.77,7.8797381116,,4.59,1 ha worked,15_chara,36.167997932244,1201.4379979322437
C8_2023,C8,2023,ha,"Ecotoxicity, freshwater - metals",CTUe,2.0,,322.83,1 ha worked,13_chara,645.66,1.0,,2187.8900000000003,1 ha worked,16_chara,2187.8900000000003,3.0,,170.45000000000002,1 ha worked,11_chara,511.35,1.0,,1234.5,1 ha worked,12_chara,1234.5,1.0,,954.07,1 ha worked,14_chara,954.07,1.0,,515.3100000000001,1 ha worked,17_chara,515.3100000000001,7.8797381116,,26.36,1 ha worked,15_chara,207.70989662177598,6256.489896621776
C8_2023,C8,2023,ha,"Ecotoxicity, freshwater - organics",CTUe,2.0,,19.96,1 ha worked,13_chara,39.92,1.0,,122.43,1 ha worked,16_chara,122.43,3.0,,16.64,1 ha worked,11_chara,49.92,1.0,,85.15,1 ha worked,12_chara,85.15,1.0,,40.410000000000004,1 ha worked,14_chara,40.410000000000004,1.0,,14.58,1 ha worked,17_chara,14.58,7.8797381116,,1.31,1 ha worked,15_chara,10.322456926196,362.7324569261961
C8_2023,C8,2023,ha,"Eutrophication, freshwater",kg P eq,2.0,,0.00346,1 ha worked,13_chara,0.00692,1.0,,0.0236,1 ha worked,16_chara,0.0236,3.0,,0.0014600000000000001,1 ha worked,11_chara,0.00438,1.0,,0.0129,1 ha worked,12_chara,0.0129,1.0,,0.0116,1 ha worked,14_chara,0.0116,1.0,,0.00685,1 ha worked,17_chara,0.00685,7.8797381116,,0.000272,1 ha worked,15_chara,0.0021432887663552,0.0683932887663552
C8_2023,C8,2023,ha,"Eutrophication, marine",kg N eq,2.0,,0.1,1 ha worked,13_chara,0.2,1.0,,0.729,1 ha worked,16_chara,0.729,3.0,,0.08460000000000001,1 ha worked,11_chara,0.2538,1.0,,0.444,1 ha worked,12_chara,0.444,1.0,,0.213,1 ha worked,14_chara,0.213,1.0,,0.0206,1 ha worked,17_chara,0.0206,7.8797381116,,0.0064600000000000005,1 ha worked,15_chara,0.050903108200936006,1.911303108200936
C8_2023,C8,2023,ha,"Eutrophication, terrestrial",mol N eq,2.0,,1.1,1 ha worked,13_chara,2.2,1.0,,7.97,1 ha worked,16_chara,7.97,3.0,,0.927,1 ha worked,11_chara,2.781,1.0,,4.86,1 ha worked,12_chara,4.86,1.0,,2.33,1 ha worked,14_chara,2.33,1.0,,0.21800000000000003,1 ha worked,17_chara,0.21800000000000003,7.8797381116,,0.0704,1 ha worked,15_chara,0.55473356305664,20.91373356305664
C8_2023,C8,2023,ha,"Human toxicity, cancer",CTUh,2.0,,1.96e-08,1 ha worked,13_chara,3.92e-08,1.0,,1.34e-07,1 ha worked,16_chara,1.34e-07,3.0,,1.13e-08,1 ha worked,11_chara,3.39e-08,1.0,,1.03e-07,1 ha worked,12_chara,1.03e-07,1.0,,1.14e-07,1 ha worked,14_chara,1.14e-07,1.0,,5.54e-08,1 ha worked,17_chara,5.54e-08,7.8797381116,,1.91e-09,1 ha worked,15_chara,1.5050299793156e-08,4.945502997931561e-07
C8_2023,C8,2023,ha,"Human toxicity, cancer - inorganics",CTUh,2.0,,3.85e-17,1 ha worked,13_chara,7.7e-17,1.0,,2.22e-16,1 ha worked,16_chara,2.22e-16,3.0,,1.8099999999999998e-17,1 ha worked,11_chara,5.429999999999999e-17,1.0,,1.5199999999999998e-16,1 ha worked,12_chara,1.5199999999999998e-16,1.0,,1.3300000000000002e-16,1 ha worked,14_chara,1.3300000000000002e-16,1.0,,7.46e-17,1 ha worked,17_chara,7.46e-17,7.8797381116,,2.89e-18,1 ha worked,15_chara,2.2772443142524002e-17,7.35672443142524e-16
C8_2023,C8,2023,ha,"Human toxicity, cancer - metals",CTUh,2.0,,1.23e-08,1 ha worked,13_chara,2.46e-08,1.0,,8.47e-08,1 ha worked,16_chara,8.47e-08,3.0,,7.91e-09,1 ha worked,11_chara,2.3729999999999998e-08,1.0,,6.970000000000001e-08,1 ha worked,12_chara,6.970000000000001e-08,1.0,,8.050000000000001e-08,1 ha worked,14_chara,8.050000000000001e-08,1.0,,3.55e-08,1 ha worked,17_chara,3.55e-08,7.8797381116,,1.23e-09,1 ha worked,15_chara,9.692077877268001e-09,3.2842207787726804e-07
C8_2023,C8,2023,ha,"Human toxicity, cancer - organics",CTUh,2.0,,7.2800000000000005e-09,1 ha worked,13_chara,1.4560000000000001e-08,1.0,,4.98e-08,1 ha worked,16_chara,4.98e-08,3.0,,3.4000000000000003e-09,1 ha worked,11_chara,1.02e-08,1.0,,3.3e-08,1 ha worked,12_chara,3.3e-08,1.0,,3.34e-08,1 ha worked,14_chara,3.34e-08,1.0,,2e-08,1 ha worked,17_chara,2e-08,7.8797381116,,6.829999999999999e-10,1 ha worked,15_chara,5.381861130222799e-09,1.6634186113022279e-07
C8_2023,C8,2023,ha,"Human toxicity, non-cancer",CTUh,2.0,,5.989999999999999e-07,1 ha worked,13_chara,1.1979999999999998e-06,1.0,,3.46e-06,1 ha worked,16_chara,3.46e-06,3.0,,8.92e-07,1 ha worked,11_chara,2.676e-06,1.0,,2e-06,1 ha worked,12_chara,2e-06,1.0,,1.37e-06,1 ha worked,14_chara,1.37e-06,1.0,,1.0700000000000001e-06,1 ha worked,17_chara,1.0700000000000001e-06,7.8797381116,,1.27e-07,1 ha worked,15_chara,1.0007267401732e-06,1.27747267401732e-05
C8_2023,C8,2023,ha,"Human toxicity, non-cancer - inorganics",CTUh,2.0,,1.6900000000000002e-07,1 ha worked,13_chara,3.3800000000000004e-07,1.0,,1.12e-06,1 ha worked,16_chara,1.12e-06,3.0,,8.97e-08,1 ha worked,11_chara,2.691e-07,1.0,,8.100000000000001e-07,1 ha worked,12_chara,8.100000000000001e-07,1.0,,6.54e-07,1 ha worked,14_chara,6.54e-07,1.0,,3.12e-07,1 ha worked,17_chara,3.12e-07,7.8797381116,,1.02e-08,1 ha worked,15_chara,8.037332873832e-08,3.58347332873832e-06
C8_2023,C8,2023,ha,"Human toxicity, non-cancer - metals",CTUh,2.0,,4.1999999999999995e-07,1 ha worked,13_chara,8.399999999999999e-07,1.0,,2.26e-06,1 ha worked,16_chara,2.26e-06,3.0,,7.98e-07,1 ha worked,11_chara,2.3940000000000003e-06,1.0,,1.16e-06,1 ha worked,12_chara,1.16e-06,1.0,,6.99e-07,1 ha worked,14_chara,6.99e-07,1.0,,7.47e-07,1 ha worked,17_chara,7.47e-07,7.8797381116,,1.16e-07,1 ha worked,15_chara,9.140496209456e-07,9.014049620945601e-06
C8_2023,C8,2023,ha,"Human toxicity, non-cancer - organics",CTUh,2.0,,1.16e-08,1 ha worked,13_chara,2.32e-08,1.0,,8.660000000000001e-08,1 ha worked,16_chara,8.660000000000001e-08,3.0,,5.48e-09,1 ha worked,11_chara,1.644e-08,1.0,,3.8200000000000005e-08,1 ha worked,12_chara,3.8200000000000005e-08,1.0,,2.67e-08,1 ha worked,14_chara,2.67e-08,1.0,,1.5299999999999998e-08,1 ha worked,17_chara,1.5299999999999998e-08,7.8797381116,,1.08e-09,1 ha worked,15_chara,8.510117160528e-09,2.14950117160528e-07
C8_2023,C8,2023,ha,Ionising radiation,kBq U-235 eq,2.0,,1.72,1 ha worked,13_chara,3.44,1.0,,10.49,1 ha worked,16_chara,10.49,3.0,,1.27,1 ha worked,11_chara,3.81,1.0,,7.89,1 ha worked,12_chara,7.89,1.0,,4.319999999999999,1 ha worked,14_chara,4.319999999999999,1.0,,1.75,1 ha worked,17_chara,1.75,7.8797381116,,0.115,1 ha worked,15_chara,0.906169882834,32.606169882834
C8_2023,C8,2023,ha,Land use,Pt,2.0,,145.23,1 ha worked,13_chara,290.46,1.0,,800.14,1 ha worked,16_chara,800.14,3.0,,137.54,1 ha worked,11_chara,412.62,1.0,,641.1899999999999,1 ha worked,12_chara,641.1899999999999,1.0,,418.1,1 ha worked,14_chara,418.1,1.0,,168.95000000000002,1 ha worked,17_chara,168.95000000000002,7.8797381116,,100.13,1 ha worked,15_chara,788.9981771145079,3520.4581771145076
C8_2023,C8,2023,ha,Ozone depletion,kg CFC11 eq,2.0,,4.960000000000001e-06,1 ha worked,13_chara,9.920000000000002e-06,1.0,,3.03e-05,1 ha worked,16_chara,3.03e-05,3.0,,4.17e-06,1 ha worked,11_chara,1.251e-05,1.0,,2.13e-05,1 ha worked,12_chara,2.13e-05,1.0,,9.97e-06,1 ha worked,14_chara,9.97e-06,1.0,,3.52e-06,1 ha worked,17_chara,3.52e-06,7.8797381116,,3.2200000000000005e-07,1 ha worked,15_chara,2.5372756719352004e-06,9.00572756719352e-05
C8_2023,C8,2023,ha,Particulate matter,disease inc.,2.0,,8.429999999999999e-07,1 ha worked,13_chara,1.6859999999999998e-06,1.0,,5.39e-06,1 ha worked,16_chara,5.39e-06,3.0,,6.229999999999999e-07,1 ha worked,11_chara,1.8689999999999998e-06,1.0,,3.6599999999999997e-06,1 ha worked,12_chara,3.6599999999999997e-06,1.0,,2.78e-06,1 ha worked,14_chara,2.78e-06,1.0,,1.42e-06,1 ha worked,17_chara,1.42e-06,7.8797381116,,1.22e-07,1 ha worked,15_chara,9.613280496152e-07,1.77663280496152e-05
C8_2023,C8,2023,ha,Photochemical ozone formation,kg NMVOC eq,2.0,,0.305,1 ha worked,13_chara,0.61,1.0,,2.2,1 ha worked,16_chara,2.2,3.0,,0.249,1 ha worked,11_chara,0.747,1.0,,1.33,1 ha worked,12_chara,1.33,1.0,,0.67,1 ha worked,14_chara,0.67,1.0,,0.107,1 ha worked,17_chara,0.107,7.8797381116,,0.0194,1 ha worked,15_chara,0.15286691936504002,5.81686691936504
C8_2023,C8,2023,ha,"Resource use, fossils",MJ,2.0,,357.29999999999995,1 ha worked,13_chara,714.5999999999999,1.0,,2174.67,1 ha worked,16_chara,2174.67,3.0,,273.81,1 ha worked,11_chara,821.4300000000001,1.0,,1630.72,1 ha worked,12_chara,1630.72,1.0,,863.0400000000001,1 ha worked,14_chara,863.0400000000001,1.0,,337.64000000000004,1 ha worked,17_chara,337.64000000000004,7.8797381116,,23.53,1 ha worked,15_chara,185.410237765948,6727.510237765949
C8_2023,C8,2023,ha,"Resource use, minerals and metals",kg Sb eq,2.0,,0.00031400000000000004,1 ha worked,13_chara,0.0006280000000000001,1.0,,0.0025800000000000003,1 ha worked,16_chara,0.0025800000000000003,3.0,,0.000127,1 ha worked,11_chara,0.000381,1.0,,0.000917,1 ha worked,12_chara,0.000917,1.0,,0.00062,1 ha worked,14_chara,0.00062,1.0,,0.00037,1 ha worked,17_chara,0.00037,7.8797381116,,2.91e-05,1 ha worked,15_chara,0.00022930037904755999,0.00572530037904756
C8_2023,C8,2023,ha,Water use,m3 depriv.,2.0,,2.11,1 ha worked,13_chara,4.22,1.0,,12.8,1 ha worked,16_chara,12.8,3.0,,0.8550000000000001,1 ha worked,11_chara,2.5650000000000004,1.0,,7.94,1 ha worked,12_chara,7.94,1.0,,6.409999999999999,1 ha worked,14_chara,6.409999999999999,1.0,,3.44,1 ha worked,17_chara,3.44,7.8797381116,,0.235,1 ha worked,15_chara,1.851738456226,39.226738456226
C8_2024,C8,2024,ha,Acidification,mol H+ eq,3.0,,0.253,1 ha worked,13_chara,0.759,1.0,,1.7899999999999998,1 ha worked,16_chara,1.7899999999999998,3.0,,0.20199999999999999,1 ha worked,11_chara,0.606,1.0,,1.1,1 ha worked,12_chara,1.1,1.0,,0.5670000000000001,1 ha worked,14_chara,0.5670000000000001,0.0,,0.116,1 ha worked,17_chara,0.0,3.0690121786,,0.0167,1 ha worked,15_chara,0.051252503382619996,4.87325250338262
C8_2024,C8,2024,ha,Climate change,kg CO2 eq,3.0,,26.88,1 ha worked,13_chara,80.64,1.0,,165.89,1 ha worked,16_chara,165.89,3.0,,20.45,1 ha worked,11_chara,61.349999999999994,1.0,,124.18,1 ha worked,12_chara,124.18,1.0,,69.64999999999999,1 ha worked,14_chara,69.64999999999999,0.0,,28.27,1 ha worked,17_chara,0.0,3.0690121786,,1.93,1 ha worked,15_chara,5.923193504697999,507.633193504698
C8_2024,C8,2024,ha,Climate change - Biogenic,kg CO2 eq,3.0,,0.0373,1 ha worked,13_chara,0.1119,1.0,,0.17600000000000002,1 ha worked,16_chara,0.17600000000000002,3.0,,0.028499999999999998,1 ha worked,11_chara,0.08549999999999999,1.0,,0.145,1 ha worked,12_chara,0.145,1.0,,0.0992,1 ha worked,14_chara,0.0992,0.0,,0.0452,1 ha worked,17_chara,0.0,3.0690121786,,0.0211,1 ha worked,15_chara,0.06475615696846,0.6823561569684601
C8_2024,C8,2024,ha,Climate change - Fossil,kg CO2 eq,3.0,,26.830000000000002,1 ha worked,13_chara,80.49000000000001,1.0,,165.57999999999998,1 ha worked,16_chara,165.57999999999998,3.0,,20.41,1 ha worked,11_chara,61.230000000000004,1.0,,123.97,1 ha worked,12_chara,123.97,1.0,,69.50999999999999,1 ha worked,14_chara,69.50999999999999,0.0,,28.180000000000003,1 ha worked,17_chara,0.0,3.0690121786,,1.9100000000000001,1 ha worked,15_chara,5.8618132611260005,506.64181326112595
C8_2024,C8,2024,ha,Climate change - Land use and LU change,kg CO2 eq,3.0,,0.0178,1 ha worked,13_chara,0.0534,1.0,,0.131,1 ha worked,16_chara,0.131,3.0,,0.00673,1 ha worked,11_chara,0.02019,1.0,,0.05789999999999999,1 ha worked,12_chara,0.05789999999999999,1.0,,0.0494,1 ha worked,14_chara,0.0494,0.0,,0.0434,1 ha worked,17_chara,0.0,3.0690121786,,0.00132,1 ha worked,15_chara,0.004051096075752,0.315941096075752
C8_2024,C8,2024,ha,"Ecotoxicity, freshwater",CTUe,3.0,,409.06,1 ha worked,13_chara,1227.18,1.0,,2729.37,1 ha worked,16_chara,2729.37,3.0,,235.92,1 ha worked,11_chara,707.76,1.0,,1587.99,1 ha worked,12_chara,1587.99,1.0,,1134.53,1 ha worked,14_chara,1134.53,0.0,,588.66,1 ha worked,17_chara,0.0,3.0690121786,,32.26,1 ha worked,15_chara,99.006332881636,7485.836332881636
C8_2024,C8,2024,ha,"Ecotoxicity, freshwater - inorganics",CTUe,3.0,,66.27,1 ha worked,13_chara,198.81,1.0,,419.04999999999995,1 ha worked,16_chara,419.04999999999995,3.0,,48.84,1 ha worked,11_chara,146.52,1.0,,268.34,1 ha worked,12_chara,268.34,1.0,,140.05,1 ha worked,14_chara,140.05,0.0,,58.77,1 ha worked,17_chara,0.0,3.0690121786,,4.59,1 ha worked,15_chara,14.086765899773999,1186.8567658997738
C8_2024,C8,2024,ha,"Ecotoxicity, freshwater - metals",CTUe,3.0,,322.83,1 ha worked,13_chara,968.49,1.0,,2187.8900000000003,1 ha worked,16_chara,2187.8900000000003,3.0,,170.45000000000002,1 ha worked,11_chara,511.35,1.0,,1234.5,1 ha worked,12_chara,1234.5,1.0,,954.07,1 ha worked,14_chara,954.07,0.0,,515.3100000000001,1 ha worked,17_chara,0.0,3.0690121786,,26.36,1 ha worked,15_chara,80.899161027896,5937.199161027896
C8_2024,C8,2024,ha,"Ecotoxicity, freshwater - organics",CTUe,3.0,,19.96,1 ha worked,13_chara,59.88,1.0,,122.43,1 ha worked,16_chara,122.43,3.0,,16.64,1 ha worked,11_chara,49.92,1.0,,85.15,1 ha worked,12_chara,85.15,1.0,,40.410000000000004,1 ha worked,14_chara,40.410000000000004,0.0,,14.58,1 ha worked,17_chara,0.0,3.0690121786,,1.31,1 ha worked,15_chara,4.020405953966,361.81040595396604
C8_2024,C8,2024,ha,"Eutrophication, freshwater",kg P eq,3.0,,0.00346,1 ha worked,13_chara,0.01038,1.0,,0.0236,1 ha worked,16_chara,0.0236,3.0,,0.0014600000000000001,1 ha worked,11_chara,0.00438,1.0,,0.0129,1 ha worked,12_chara,0.0129,1.0,,0.0116,1 ha worked,14_chara,0.0116,0.0,,0.00685,1 ha worked,17_chara,0.0,3.0690121786,,0.000272,1 ha worked,15_chara,0.0008347713125792,0.0636947713125792
C8_2024,C8,2024,ha,"Eutrophication, marine",kg N eq,3.0,,0.1,1 ha worked,13_chara,0.30000000000000004,1.0,,0.729,1 ha worked,16_chara,0.729,3.0,,0.08460000000000001,1 ha worked,11_chara,0.2538,1.0,,0.444,1 ha worked,12_chara,0.444,1.0,,0.213,1 ha worked,14_chara,0.213,0.0,,0.0206,1 ha worked,17_chara,0.0,3.0690121786,,0.0064600000000000005,1 ha worked,15_chara,0.019825818673756,1.959625818673756
C8_2024,C8,2024,ha,"Eutrophication, terrestrial",mol N eq,3.0,,1.1,1 ha worked,13_chara,3.3000000000000003,1.0,,7.97,1 ha worked,16_chara,7.97,3.0,,0.927,1 ha worked,11_chara,2.781,1.0,,4.86,1 ha worked,12_chara,4.86,1.0,,2.33,1 ha worked,14_chara,2.33,0.0,,0.21800000000000003,1 ha worked,17_chara,0.0,3.0690121786,,0.0704,1 ha worked,15_chara,0.21605845737344,21.45705845737344
C8_2024,C8,2024,ha,"Human toxicity, cancer",CTUh,3.0,,1.96e-08,1 ha worked,13_chara,5.88e-08,1.0,,1.34e-07,1 ha worked,16_chara,1.34e-07,3.0,,1.13e-08,1 ha worked,11_chara,3.39e-08,1.0,,1.03e-07,1 ha worked,12_chara,1.03e-07,1.0,,1.14e-07,1 ha worked,14_chara,1.14e-07,0.0,,5.54e-08,1 ha worked,17_chara,0.0,3.0690121786,,1.91e-09,1 ha worked,15_chara,5.861813261125999e-09,4.49561813261126e-07
C8_2024,C8,2024,ha,"Human toxicity, cancer - inorganics",CTUh,3.0,,3.85e-17,1 ha worked,13_chara,1.155e-16,1.0,,2.22e-16,1 ha worked,16_chara,2.22e-16,3.0,,1.8099999999999998e-17,1 ha worked,11_chara,5.429999999999999e-17,1.0,,1.5199999999999998e-16,1 ha worked,12_chara,1.5199999999999998e-16,1.0,,1.3300000000000002e-16,1 ha worked,14_chara,1.3300000000000002e-16,0.0,,7.46e-17,1 ha worked,17_chara,0.0,3.0690121786,,2.89e-18,1 ha worked,15_chara,8.869445196154e-18,6.85669445196154e-16
C8_2024,C8,2024,ha,"Human toxicity, cancer - metals",CTUh,3.0,,1.23e-08,1 ha worked,13_chara,3.69e-08,1.0,,8.47e-08,1 ha worked,16_chara,8.47e-08,3.0,,7.91e-09,1 ha worked,11_chara,2.3729999999999998e-08,1.0,,6.970000000000001e-08,1 ha worked,12_chara,6.970000000000001e-08,1.0,,8.050000000000001e-08,1 ha worked,14_chara,8.050000000000001e-08,0.0,,3.55e-08,1 ha worked,17_chara,0.0,3.0690121786,,1.23e-09,1 ha worked,15_chara,3.774884979678e-09,2.99304884979678e-07
C8_2024,C8,2024,ha,"Human toxicity, cancer - organics",CTUh,3.0,,7.2800000000000005e-09,1 ha worked,13_chara,2.1840000000000002e-08,1.0,,4.98e-08,1 ha worked,16_chara,4.98e-08,3.0,,3.4000000000000003e-09,1 ha worked,11_chara,1.02e-08,1.0,,3.3e-08,1 ha worked,12_chara,3.3e-08,1.0,,3.34e-08,1 ha worked,14_chara,3.34e-08,0.0,,2e-08,1 ha worked,17_chara,0.0,3.0690121786,,6.829999999999999e-10,1 ha worked,15_chara,2.0961353179837998e-09,1.5033613531798378e-07
C8_2024,C8,2024,ha,"Human toxicity, non-cancer",CTUh,3.0,,5.989999999999999e-07,1 ha worked,13_chara,1.7969999999999997e-06,1.0,,3.46e-06,1 ha worked,16_chara,3.46e-06,3.0,,8.92e-07,1 ha worked,11_chara,2.676e-06,1.0,,2e-06,1 ha worked,12_chara,2e-06,1.0,,1.37e-06,1 ha worked,14_chara,1.37e-06,0.0,,1.0700000000000001e-06,1 ha worked,17_chara,0.0,3.0690121786,,1.27e-07,1 ha worked,15_chara,3.897645466822e-07,1.16927645466822e-05
C8_2024,C8,2024,ha,"Human toxicity, non-cancer - inorganics",CTUh,3.0,,1.6900000000000002e-07,1 ha worked,13_chara,5.070000000000001e-07,1.0,,1.12e-06,1 ha worked,16_chara,1.12e-06,3.0,,8.97e-08,1 ha worked,11_chara,2.691e-07,1.0,,8.100000000000001e-07,1 ha worked,12_chara,8.100000000000001e-07,1.0,,6.54e-07,1 ha worked,14_chara,6.54e-07,0.0,,3.12e-07,1 ha worked,17_chara,0.0,3.0690121786,,1.02e-08,1 ha worked,15_chara,3.130392422172e-08,3.3914039242217203e-06
C8_2024,C8,2024,ha,"Human toxicity, non-cancer - metals",CTUh,3.0,,4.1999999999999995e-07,1 ha worked,13_chara,1.2599999999999998e-06,1.0,,2.26e-06,1 ha worked,16_chara,2.26e-06,3.0,,7.98e-07,1 ha worked,11_chara,2.3940000000000003e-06,1.0,,1.16e-06,1 ha worked,12_chara,1.16e-06,1.0,,6.99e-07,1 ha worked,14_chara,6.99e-07,0.0,,7.47e-07,1 ha worked,17_chara,0.0,3.0690121786,,1.16e-07,1 ha worked,15_chara,3.560054127176e-07,8.1290054127176e-06
C8_2024,C8,2024,ha,"Human toxicity, non-cancer - organics",CTUh,3.0,,1.16e-08,1 ha worked,13_chara,3.48e-08,1.0,,8.660000000000001e-08,1 ha worked,16_chara,8.660000000000001e-08,3.0,,5.48e-09,1 ha worked,11_chara,1.644e-08,1.0,,3.8200000000000005e-08,1 ha worked,12_chara,3.8200000000000005e-08,1.0,,2.67e-08,1 ha worked,14_chara,2.67e-08,0.0,,1.5299999999999998e-08,1 ha worked,17_chara,0.0,3.0690121786,,1.08e-09,1 ha worked,15_chara,3.314533152888e-09,2.0605453315288802e-07
C8_2024,C8,2024,ha,Ionising radiation,kBq U-235 eq,3.0,,1.72,1 ha worked,13_chara,5.16,1.0,,10.49,1 ha worked,16_chara,10.49,3.0,,1.27,1 ha worked,11_chara,3.81,1.0,,7.89,1 ha worked,12_chara,7.89,1.0,,4.319999999999999,1 ha worked,14_chara,4.319999999999999,0.0,,1.75,1 ha worked,17_chara,0.0,3.0690121786,,0.115,1 ha worked,15_chara,0.352936400539,32.022936400539
C8_2024,C8,2024,ha,Land use,Pt,3.0,,145.23,1 ha worked,13_chara,435.68999999999994,1.0,,800.14,1 ha worked,16_chara,800.14,3.0,,137.54,1 ha worked,11_chara,412.62,1.0,,641.1899999999999,1 ha worked,12_chara,641.1899999999999,1.0,,418.1,1 ha worked,14_chara,418.1,0.0,,168.95000000000002,1 ha worked,17_chara,0.0,3.0690121786,,100.13,1 ha worked,15_chara,307.30018944321796,3015.040189443218
C8_2024,C8,2024,ha,Ozone depletion,kg CFC11 eq,3.0,,4.960000000000001e-06,1 ha worked,13_chara,1.4880000000000003e-05,1.0,,3.03e-05,1 ha worked,16_chara,3.03e-05,3.0,,4.17e-06,1 ha worked,11_chara,1.251e-05,1.0,,2.13e-05,1 ha worked,12_chara,2.13e-05,1.0,,9.97e-06,1 ha worked,14_chara,9.97e-06,0.0,,3.52e-06,1 ha worked,17_chara,0.0,3.0690121786,,3.2200000000000005e-07,1 ha worked,15_chara,9.882219215092001e-07,8.99482219215092e-05
C8_2024,C8,2024,ha,Particulate matter,disease inc.,3.0,,8.429999999999999e-07,1 ha worked,13_chara,2.529e-06,1.0,,5.39e-06,1 ha worked,16_chara,5.39e-06,3.0,,6.229999999999999e-07,1 ha worked,11_chara,1.8689999999999998e-06,1.0,,3.6599999999999997e-06,1 ha worked,12_chara,3.6599999999999997e-06,1.0,,2.78e-06,1 ha worked,14_chara,2.78e-06,0.0,,1.42e-06,1 ha worked,17_chara,0.0,3.0690121786,,1.22e-07,1 ha worked,15_chara,3.744194857892e-07,1.66024194857892e-05
C8_2024,C8,2024,ha,Photochemical ozone formation,kg NMVOC eq,3.0,,0.305,1 ha worked,13_chara,0.915,1.0,,2.2,1 ha worked,16_chara,2.2,3.0,,0.249,1 ha worked,11_chara,0.747,1.0,,1.33,1 ha worked,12_chara,1.33,1.0,,0.67,1 ha worked,14_chara,0.67,0.0,,0.107,1 ha worked,17_chara,0.0,3.0690121786,,0.0194,1 ha worked,15_chara,0.05953883626484,5.9215388362648405
C8_2024,C8,2024,ha,"Resource use, fossils",MJ,3.0,,357.29999999999995,1 ha worked,13_chara,1071.8999999999999,1.0,,2174.67,1 ha worked,16_chara,2174.67,3.0,,273.81,1 ha worked,11_chara,821.4300000000001,1.0,,1630.72,1 ha worked,12_chara,1630.72,1.0,,863.0400000000001,1 ha worked,14_chara,863.0400000000001,0.0,,337.64000000000004,1 ha worked,17_chara,0.0,3.0690121786,,23.53,1 ha worked,15_chara,72.213856562458,6633.973856562458
C8_2024,C8,2024,ha,"Resource use, minerals and metals",kg Sb eq,3.0,,0.00031400000000000004,1 ha worked,13_chara,0.0009420000000000001,1.0,,0.0025800000000000003,1 ha worked,16_chara,0.0025800000000000003,3.0,,0.000127,1 ha worked,11_chara,0.000381,1.0,,0.000917,1 ha worked,12_chara,0.000917,1.0,,0.00062,1 ha worked,14_chara,0.00062,0.0,,0.00037,1 ha worked,17_chara,0.0,3.0690121786,,2.91e-05,1 ha worked,15_chara,8.930825439725999e-05,0.00552930825439726
C8_2024,C8,2024,ha,Water use,m3 depriv.,3.0,,2.11,1 ha worked,13_chara,6.33,1.0,,12.8,1 ha worked,16_chara,12.8,3.0,,0.8550000000000001,1 ha worked,11_chara,2.5650000000000004,1.0,,7.94,1 ha worked,12_chara,7.94,1.0,,6.409999999999999,1 ha worked,14_chara,6.409999999999999,0.0,,3.44,1 ha worked,17_chara,0.0,3.0690121786,,0.235,1 ha worked,15_chara,0.7212178619709999,36.766217861971
D1_2022,D1,2022,ha,Acidification,mol H+ eq,1.5387755102,,0.253,1 ha worked,13_chara,0.3893102040806,1.0,,1.7899999999999998,1 ha worked,16_chara,1.7899999999999998,3.0,,0.20199999999999999,1 ha worked,11_chara,0.606,1.0,,1.1,1 ha worked,12_chara,1.1,1.0,,0.5670000000000001,1 ha worked,14_chara,0.5670000000000001,1.0,,0.116,1 ha worked,17_chara,0.116,7.7714285714,,0.0167,1 ha worked,15_chara,0.12978285714238,4.698093061222979
D1_2022,D1,2022,ha,Climate change,kg CO2 eq,1.5387755102,,26.88,1 ha worked,13_chara,41.362285714176,1.0,,165.89,1 ha worked,16_chara,165.89,3.0,,20.45,1 ha worked,11_chara,61.349999999999994,1.0,,124.18,1 ha worked,12_chara,124.18,1.0,,69.64999999999999,1 ha worked,14_chara,69.64999999999999,1.0,,28.27,1 ha worked,17_chara,28.27,7.7714285714,,1.93,1 ha worked,15_chara,14.998857142802,505.701142856978
D1_2022,D1,2022,ha,Climate change - Biogenic,kg CO2 eq,1.5387755102,,0.0373,1 ha worked,13_chara,0.05739632653046,1.0,,0.17600000000000002,1 ha worked,16_chara,0.17600000000000002,3.0,,0.028499999999999998,1 ha worked,11_chara,0.08549999999999999,1.0,,0.145,1 ha worked,12_chara,0.145,1.0,,0.0992,1 ha worked,14_chara,0.0992,1.0,,0.0452,1 ha worked,17_chara,0.0452,7.7714285714,,0.0211,1 ha worked,15_chara,0.16397714285654003,0.7722734693869999
D1_2022,D1,2022,ha,Climate change - Fossil,kg CO2 eq,1.5387755102,,26.830000000000002,1 ha worked,13_chara,41.285346938666,1.0,,165.57999999999998,1 ha worked,16_chara,165.57999999999998,3.0,,20.41,1 ha worked,11_chara,61.230000000000004,1.0,,123.97,1 ha worked,12_chara,123.97,1.0,,69.50999999999999,1 ha worked,14_chara,69.50999999999999,1.0,,28.180000000000003,1 ha worked,17_chara,28.180000000000003,7.7714285714,,1.9100000000000001,1 ha worked,15_chara,14.843428571374002,504.59877551004
D1_2022,D1,2022,ha,Climate change - Land use and LU change,kg CO2 eq,1.5387755102,,0.0178,1 ha worked,13_chara,0.02739020408156,1.0,,0.131,1 ha worked,16_chara,0.131,3.0,,0.00673,1 ha worked,11_chara,0.02019,1.0,,0.05789999999999999,1 ha worked,12_chara,0.05789999999999999,1.0,,0.0494,1 ha worked,14_chara,0.0494,1.0,,0.0434,1 ha worked,17_chara,0.0434,7.7714285714,,0.00132,1 ha worked,15_chara,0.010258285714248,0.33953848979580803
D1_2022,D1,2022,ha,"Ecotoxicity, freshwater",CTUe,1.5387755102,,409.06,1 ha worked,13_chara,629.451510202412,1.0,,2729.37,1 ha worked,16_chara,2729.37,3.0,,235.92,1 ha worked,11_chara,707.76,1.0,,1587.99,1 ha worked,12_chara,1587.99,1.0,,1134.53,1 ha worked,14_chara,1134.53,1.0,,588.66,1 ha worked,17_chara,588.66,7.7714285714,,32.26,1 ha worked,15_chara,250.706285713364,7628.467795915775
D1_2022,D1,2022,ha,"Ecotoxicity, freshwater - inorganics",CTUe,1.5387755102,,66.27,1 ha worked,13_chara,101.974653060954,1.0,,419.04999999999995,1 ha worked,16_chara,419.04999999999995,3.0,,48.84,1 ha worked,11_chara,146.52,1.0,,268.34,1 ha worked,12_chara,268.34,1.0,,140.05,1 ha worked,14_chara,140.05,1.0,,58.77,1 ha worked,17_chara,58.77,7.7714285714,,4.59,1 ha worked,15_chara,35.670857142726,1170.3755102036798
D1_2022,D1,2022,ha,"Ecotoxicity, freshwater - metals",CTUe,1.5387755102,,322.83,1 ha worked,13_chara,496.76289795786596,1.0,,2187.8900000000003,1 ha worked,16_chara,2187.8900000000003,3.0,,170.45000000000002,1 ha worked,11_chara,511.35,1.0,,1234.5,1 ha worked,12_chara,1234.5,1.0,,954.07,1 ha worked,14_chara,954.07,1.0,,515.3100000000001,1 ha worked,17_chara,515.3100000000001,7.7714285714,,26.36,1 ha worked,15_chara,204.854857142104,6104.73775509997
D1_2022,D1,2022,ha,"Ecotoxicity, freshwater - organics",CTUe,1.5387755102,,19.96,1 ha worked,13_chara,30.713959183592003,1.0,,122.43,1 ha worked,16_chara,122.43,3.0,,16.64,1 ha worked,11_chara,49.92,1.0,,85.15,1 ha worked,12_chara,85.15,1.0,,40.410000000000004,1 ha worked,14_chara,40.410000000000004,1.0,,14.58,1 ha worked,17_chara,14.58,7.7714285714,,1.31,1 ha worked,15_chara,10.180571428534002,353.384530612126
D1_2022,D1,2022,ha,"Eutrophication, freshwater",kg P eq,1.5387755102,,0.00346,1 ha worked,13_chara,0.005324163265292,1.0,,0.0236,1 ha worked,16_chara,0.0236,3.0,,0.0014600000000000001,1 ha worked,11_chara,0.00438,1.0,,0.0129,1 ha worked,12_chara,0.0129,1.0,,0.0116,1 ha worked,14_chara,0.0116,1.0,,0.00685,1 ha worked,17_chara,0.00685,7.7714285714,,0.000272,1 ha worked,15_chara,0.0021138285714208,0.0667679918367128
D1_2022,D1,2022,ha,"Eutrophication, marine",kg N eq,1.5387755102,,0.1,1 ha worked,13_chara,0.15387755102,1.0,,0.729,1 ha worked,16_chara,0.729,3.0,,0.08460000000000001,1 ha worked,11_chara,0.2538,1.0,,0.444,1 ha worked,12_chara,0.444,1.0,,0.213,1 ha worked,14_chara,0.213,1.0,,0.0206,1 ha worked,17_chara,0.0206,7.7714285714,,0.0064600000000000005,1 ha worked,15_chara,0.050203428571244005,1.864480979591244
D1_2022,D1,2022,ha,"Eutrophication, terrestrial",mol N eq,1.5387755102,,1.1,1 ha worked,13_chara,1.6926530612200001,1.0,,7.97,1 ha worked,16_chara,7.97,3.0,,0.927,1 ha worked,11_chara,2.781,1.0,,4.86,1 ha worked,12_chara,4.86,1.0,,2.33,1 ha worked,14_chara,2.33,1.0,,0.21800000000000003,1 ha worked,17_chara,0.21800000000000003,7.7714285714,,0.0704,1 ha worked,15_chara,0.5471085714265601,20.39876163264656
D1_2022,D1,2022,ha,"Human toxicity, cancer",CTUh,1.5387755102,,1.96e-08,1 ha worked,13_chara,3.015999999992e-08,1.0,,1.34e-07,1 ha worked,16_chara,1.34e-07,3.0,,1.13e-08,1 ha worked,11_chara,3.39e-08,1.0,,1.03e-07,1 ha worked,12_chara,1.03e-07,1.0,,1.14e-07,1 ha worked,14_chara,1.14e-07,1.0,,5.54e-08,1 ha worked,17_chara,5.54e-08,7.7714285714,,1.91e-09,1 ha worked,15_chara,1.4843428571373999e-08,4.85303428571294e-07
D1_2022,D1,2022,ha,"Human toxicity, cancer - inorganics",CTUh,1.5387755102,,3.85e-17,1 ha worked,13_chara,5.924285714269999e-17,1.0,,2.22e-16,1 ha worked,16_chara,2.22e-16,3.0,,1.8099999999999998e-17,1 ha worked,11_chara,5.429999999999999e-17,1.0,,1.5199999999999998e-16,1 ha worked,12_chara,1.5199999999999998e-16,1.0,,1.3300000000000002e-16,1 ha worked,14_chara,1.3300000000000002e-16,1.0,,7.46e-17,1 ha worked,17_chara,7.46e-17,7.7714285714,,2.89e-18,1 ha worked,15_chara,2.2459428571346002e-17,7.176022857140459e-16
D1_2022,D1,2022,ha,"Human toxicity, cancer - metals",CTUh,1.5387755102,,1.23e-08,1 ha worked,13_chara,1.8926938775459998e-08,1.0,,8.47e-08,1 ha worked,16_chara,8.47e-08,3.0,,7.91e-09,1 ha worked,11_chara,2.3729999999999998e-08,1.0,,6.970000000000001e-08,1 ha worked,12_chara,6.970000000000001e-08,1.0,,8.050000000000001e-08,1 ha worked,14_chara,8.050000000000001e-08,1.0,,3.55e-08,1 ha worked,17_chara,3.55e-08,7.7714285714,,1.23e-09,1 ha worked,15_chara,9.558857142822001e-09,3.2261579591828203e-07
D1_2022,D1,2022,ha,"Human toxicity, cancer - organics",CTUh,1.5387755102,,7.2800000000000005e-09,1 ha worked,13_chara,1.1202285714256001e-08,1.0,,4.98e-08,1 ha worked,16_chara,4.98e-08,3.0,,3.4000000000000003e-09,1 ha worked,11_chara,1.02e-08,1.0,,3.3e-08,1 ha worked,12_chara,3.3e-08,1.0,,3.34e-08,1 ha worked,14_chara,3.34e-08,1.0,,2e-08,1 ha worked,17_chara,2e-08,7.7714285714,,6.829999999999999e-10,1 ha worked,15_chara,5.3078857142662e-09,1.6291017142852218e-07
D1_2022,D1,2022,ha,"Human toxicity, non-cancer",CTUh,1.5387755102,,5.989999999999999e-07,1 ha worked,13_chara,9.217265306097999e-07,1.0,,3.46e-06,1 ha worked,16_chara,3.46e-06,3.0,,8.92e-07,1 ha worked,11_chara,2.676e-06,1.0,,2e-06,1 ha worked,12_chara,2e-06,1.0,,1.37e-06,1 ha worked,14_chara,1.37e-06,1.0,,1.0700000000000001e-06,1 ha worked,17_chara,1.0700000000000001e-06,7.7714285714,,1.27e-07,1 ha worked,15_chara,9.869714285678002e-07,1.24846979591776e-05
D1_2022,D1,2022,ha,"Human toxicity, non-cancer - inorganics",CTUh,1.5387755102,,1.6900000000000002e-07,1 ha worked,13_chara,2.600530612238e-07,1.0,,1.12e-06,1 ha worked,16_chara,1.12e-06,3.0,,8.97e-08,1 ha worked,11_chara,2.691e-07,1.0,,8.100000000000001e-07,1 ha worked,12_chara,8.100000000000001e-07,1.0,,6.54e-07,1 ha worked,14_chara,6.54e-07,1.0,,3.12e-07,1 ha worked,17_chara,3.12e-07,7.7714285714,,1.02e-08,1 ha worked,15_chara,7.926857142828e-08,3.5044216326520807e-06
D1_2022,D1,2022,ha,"Human toxicity, non-cancer - metals",CTUh,1.5387755102,,4.1999999999999995e-07,1 ha worked,13_chara,6.462857142839999e-07,1.0,,2.26e-06,1 ha worked,16_chara,2.26e-06,3.0,,7.98e-07,1 ha worked,11_chara,2.3940000000000003e-06,1.0,,1.16e-06,1 ha worked,12_chara,1.16e-06,1.0,,6.99e-07,1 ha worked,14_chara,6.99e-07,1.0,,7.47e-07,1 ha worked,17_chara,7.47e-07,7.7714285714,,1.16e-07,1 ha worked,15_chara,9.014857142824001e-07,8.8077714285664e-06
D1_2022,D1,2022,ha,"Human toxicity, non-cancer - organics",CTUh,1.5387755102,,1.16e-08,1 ha worked,13_chara,1.784979591832e-08,1.0,,8.660000000000001e-08,1 ha worked,16_chara,8.660000000000001e-08,3.0,,5.48e-09,1 ha worked,11_chara,1.644e-08,1.0,,3.8200000000000005e-08,1 ha worked,12_chara,3.8200000000000005e-08,1.0,,2.67e-08,1 ha worked,14_chara,2.67e-08,1.0,,1.5299999999999998e-08,1 ha worked,17_chara,1.5299999999999998e-08,7.7714285714,,1.08e-09,1 ha worked,15_chara,8.393142857112e-09,2.09482938775432e-07
D1_2022,D1,2022,ha,Ionising radiation,kBq U-235 eq,1.5387755102,,1.72,1 ha worked,13_chara,2.646693877544,1.0,,10.49,1 ha worked,16_chara,10.49,3.0,,1.27,1 ha worked,11_chara,3.81,1.0,,7.89,1 ha worked,12_chara,7.89,1.0,,4.319999999999999,1 ha worked,14_chara,4.319999999999999,1.0,,1.75,1 ha worked,17_chara,1.75,7.7714285714,,0.115,1 ha worked,15_chara,0.8937142857110001,31.800408163255
D1_2022,D1,2022,ha,Land use,Pt,1.5387755102,,145.23,1 ha worked,13_chara,223.476367346346,1.0,,800.14,1 ha worked,16_chara,800.14,3.0,,137.54,1 ha worked,11_chara,412.62,1.0,,641.1899999999999,1 ha worked,12_chara,641.1899999999999,1.0,,418.1,1 ha worked,14_chara,418.1,1.0,,168.95000000000002,1 ha worked,17_chara,168.95000000000002,7.7714285714,,100.13,1 ha worked,15_chara,778.153142854282,3442.629510200628
D1_2022,D1,2022,ha,Ozone depletion,kg CFC11 eq,1.5387755102,,4.960000000000001e-06,1 ha worked,13_chara,7.632326530592002e-06,1.0,,3.03e-05,1 ha worked,16_chara,3.03e-05,3.0,,4.17e-06,1 ha worked,11_chara,1.251e-05,1.0,,2.13e-05,1 ha worked,12_chara,2.13e-05,1.0,,9.97e-06,1 ha worked,14_chara,9.97e-06,1.0,,3.52e-06,1 ha worked,17_chara,3.52e-06,7.7714285714,,3.2200000000000005e-07,1 ha worked,15_chara,2.5023999999908003e-06,8.77347265305828e-05
D1_2022,D1,2022,ha,Particulate matter,disease inc.,1.5387755102,,8.429999999999999e-07,1 ha worked,13_chara,1.2971877550986e-06,1.0,,5.39e-06,1 ha worked,16_chara,5.39e-06,3.0,,6.229999999999999e-07,1 ha worked,11_chara,1.8689999999999998e-06,1.0,,3.6599999999999997e-06,1 ha worked,12_chara,3.6599999999999997e-06,1.0,,2.78e-06,1 ha worked,14_chara,2.78e-06,1.0,,1.42e-06,1 ha worked,17_chara,1.42e-06,7.7714285714,,1.22e-07,1 ha worked,15_chara,9.481142857108001e-07,1.73643020408094e-05
D1_2022,D1,2022,ha,Photochemical ozone formation,kg NMVOC eq,1.5387755102,,0.305,1 ha worked,13_chara,0.469326530611,1.0,,2.2,1 ha worked,16_chara,2.2,3.0,,0.249,1 ha worked,11_chara,0.747,1.0,,1.33,1 ha worked,12_chara,1.33,1.0,,0.67,1 ha worked,14_chara,0.67,1.0,,0.107,1 ha worked,17_chara,0.107,7.7714285714,,0.0194,1 ha worked,15_chara,0.15076571428516,5.67409224489616
D1_2022,D1,2022,ha,"Resource use, fossils",MJ,1.5387755102,,357.29999999999995,1 ha worked,13_chara,549.80448979446,1.0,,2174.67,1 ha worked,16_chara,2174.67,3.0,,273.81,1 ha worked,11_chara,821.4300000000001,1.0,,1630.72,1 ha worked,12_chara,1630.72,1.0,,863.0400000000001,1 ha worked,14_chara,863.0400000000001,1.0,,337.64000000000004,1 ha worked,17_chara,337.64000000000004,7.7714285714,,23.53,1 ha worked,15_chara,182.861714285042,6560.166204079503
D1_2022,D1,2022,ha,"Resource use, minerals and metals",kg Sb eq,1.5387755102,,0.00031400000000000004,1 ha worked,13_chara,0.00048317551020280006,1.0,,0.0025800000000000003,1 ha worked,16_chara,0.0025800000000000003,3.0,,0.000127,1 ha worked,11_chara,0.000381,1.0,,0.000917,1 ha worked,12_chara,0.000917,1.0,,0.00062,1 ha worked,14_chara,0.00062,1.0,,0.00037,1 ha worked,17_chara,0.00037,7.7714285714,,2.91e-05,1 ha worked,15_chara,0.00022614857142774,0.00557732408163054
D1_2022,D1,2022,ha,Water use,m3 depriv.,1.5387755102,,2.11,1 ha worked,13_chara,3.246816326522,1.0,,12.8,1 ha worked,16_chara,12.8,3.0,,0.8550000000000001,1 ha worked,11_chara,2.5650000000000004,1.0,,7.94,1 ha worked,12_chara,7.94,1.0,,6.409999999999999,1 ha worked,14_chara,6.409999999999999,1.0,,3.44,1 ha worked,17_chara,3.44,7.7714285714,,0.235,1 ha worked,15_chara,1.826285714279,38.228102040801005
D1_2023,D1,2023,ha,Acidification,mol H+ eq,3.0,,0.253,1 ha worked,13_chara,0.759,1.0,,1.7899999999999998,1 ha worked,16_chara,1.7899999999999998,3.0,,0.20199999999999999,1 ha worked,11_chara,0.606,1.0,,1.1,1 ha worked,12_chara,1.1,1.0,,0.5670000000000001,1 ha worked,14_chara,0.5670000000000001,0.0,,0.116,1 ha worked,17_chara,0.0,8.0,,0.0167,1 ha worked,15_chara,0.1336,4.9556000000000004
D1_2023,D1,2023,ha,Climate change,kg CO2 eq,3.0,,26.88,1 ha worked,13_chara,80.64,1.0,,165.89,1 ha worked,16_chara,165.89,3.0,,20.45,1 ha worked,11_chara,61.349999999999994,1.0,,124.18,1 ha worked,12_chara,124.18,1.0,,69.64999999999999,1 ha worked,14_chara,69.64999999999999,0.0,,28.27,1 ha worked,17_chara,0.0,8.0,,1.93,1 ha worked,15_chara,15.44,517.15
D1_2023,D1,2023,ha,Climate change - Biogenic,kg CO2 eq,3.0,,0.0373,1 ha worked,13_chara,0.1119,1.0,,0.17600000000000002,1 ha worked,16_chara,0.17600000000000002,3.0,,0.028499999999999998,1 ha worked,11_chara,0.08549999999999999,1.0,,0.145,1 ha worked,12_chara,0.145,1.0,,0.0992,1 ha worked,14_chara,0.0992,0.0,,0.0452,1 ha worked,17_chara,0.0,8.0,,0.0211,1 ha worked,15_chara,0.1688,0.7864
D1_2023,D1,2023,ha,Climate change - Fossil,kg CO2 eq,3.0,,26.830000000000002,1 ha worked,13_chara,80.49000000000001,1.0,,165.57999999999998,1 ha worked,16_chara,165.57999999999998,3.0,,20.41,1 ha worked,11_chara,61.230000000000004,1.0,,123.97,1 ha worked,12_chara,123.97,1.0,,69.50999999999999,1 ha worked,14_chara,69.50999999999999,0.0,,28.180000000000003,1 ha worked,17_chara,0.0,8.0,,1.9100000000000001,1 ha worked,15_chara,15.280000000000001,516.06
D1_2023,D1,2023,ha,Climate change - Land use and LU change,kg CO2 eq,3.0,,0.0178,1 ha worked,13_chara,0.0534,1.0,,0.131,1 ha worked,16_chara,0.131,3.0,,0.00673,1 ha worked,11_chara,0.02019,1.0,,0.05789999999999999,1 ha worked,12_chara,0.05789999999999999,1.0,,0.0494,1 ha worked,14_chara,0.0494,0.0,,0.0434,1 ha worked,17_chara,0.0,8.0,,0.00132,1 ha worked,15_chara,0.01056,0.32245
D1_2023,D1,2023,ha,"Ecotoxicity, freshwater",CTUe,3.0,,409.06,1 ha worked,13_chara,1227.18,1.0,,2729.37,1 ha worked,16_chara,2729.37,3.0,,235.92,1 ha worked,11_chara,707.76,1.0,,1587.99,1 ha worked,12_chara,1587.99,1.0,,1134.53,1 ha worked,14_chara,1134.53,0.0,,588.66,1 ha worked,17_chara,0.0,8.0,,32.26,1 ha worked,15_chara,258.08,7644.91
D1_2023,D1,2023,ha,"Ecotoxicity, freshwater - inorganics",CTUe,3.0,,66.27,1 ha worked,13_chara,198.81,1.0,,419.04999999999995,1 ha worked,16_chara,419.04999999999995,3.0,,48.84,1 ha worked,11_chara,146.52,1.0,,268.34,1 ha worked,12_chara,268.34,1.0,,140.05,1 ha worked,14_chara,140.05,0.0,,58.77,1 ha worked,17_chara,0.0,8.0,,4.59,1 ha worked,15_chara,36.72,1209.4899999999998
D1_2023,D1,2023,ha,"Ecotoxicity, freshwater - metals",CTUe,3.0,,322.83,1 ha worked,13_chara,968.49,1.0,,2187.8900000000003,1 ha worked,16_chara,2187.8900000000003,3.0,,170.45000000000002,1 ha worked,11_chara,511.35,1.0,,1234.5,1 ha worked,12_chara,1234.5,1.0,,954.07,1 ha worked,14_chara,954.07,0.0,,515.3100000000001,1 ha worked,17_chara,0.0,8.0,,26.36,1 ha worked,15_chara,210.88,6067.179999999999
D1_2023,D1,2023,ha,"Ecotoxicity, freshwater - organics",CTUe,3.0,,19.96,1 ha worked,13_chara,59.88,1.0,,122.43,1 ha worked,16_chara,122.43,3.0,,16.64,1 ha worked,11_chara,49.92,1.0,,85.15,1 ha worked,12_chara,85.15,1.0,,40.410000000000004,1 ha worked,14_chara,40.410000000000004,0.0,,14.58,1 ha worked,17_chara,0.0,8.0,,1.31,1 ha worked,15_chara,10.48,368.27000000000004
D1_2023,D1,2023,ha,"Eutrophication, freshwater",kg P eq,3.0,,0.00346,1 ha worked,13_chara,0.01038,1.0,,0.0236,1 ha worked,16_chara,0.0236,3.0,,0.0014600000000000001,1 ha worked,11_chara,0.00438,1.0,,0.0129,1 ha worked,12_chara,0.0129,1.0,,0.0116,1 ha worked,14_chara,0.0116,0.0,,0.00685,1 ha worked,17_chara,0.0,8.0,,0.000272,1 ha worked,15_chara,0.002176,0.065036
D1_2023,D1,2023,ha,"Eutrophication, marine",kg N eq,3.0,,0.1,1 ha worked,13_chara,0.30000000000000004,1.0,,0.729,1 ha worked,16_chara,0.729,3.0,,0.08460000000000001,1 ha worked,11_chara,0.2538,1.0,,0.444,1 ha worked,12_chara,0.444,1.0,,0.213,1 ha worked,14_chara,0.213,0.0,,0.0206,1 ha worked,17_chara,0.0,8.0,,0.0064600000000000005,1 ha worked,15_chara,0.051680000000000004,1.99148
D1_2023,D1,2023,ha,"Eutrophication, terrestrial",mol N eq,3.0,,1.1,1 ha worked,13_chara,3.3000000000000003,1.0,,7.97,1 ha worked,16_chara,7.97,3.0,,0.927,1 ha worked,11_chara,2.781,1.0,,4.86,1 ha worked,12_chara,4.86,1.0,,2.33,1 ha worked,14_chara,2.33,0.0,,0.21800000000000003,1 ha worked,17_chara,0.0,8.0,,0.0704,1 ha worked,15_chara,0.5632,21.804199999999998
D1_2023,D1,2023,ha,"Human toxicity, cancer",CTUh,3.0,,1.96e-08,1 ha worked,13_chara,5.88e-08,1.0,,1.34e-07,1 ha worked,16_chara,1.34e-07,3.0,,1.13e-08,1 ha worked,11_chara,3.39e-08,1.0,,1.03e-07,1 ha worked,12_chara,1.03e-07,1.0,,1.14e-07,1 ha worked,14_chara,1.14e-07,0.0,,5.54e-08,1 ha worked,17_chara,0.0,8.0,,1.91e-09,1 ha worked,15_chara,1.528e-08,4.5898e-07
D1_2023,D1,2023,ha,"Human toxicity, cancer - inorganics",CTUh,3.0,,3.85e-17,1 ha worked,13_chara,1.155e-16,1.0,,2.22e-16,1 ha worked,16_chara,2.22e-16,3.0,,1.8099999999999998e-17,1 ha worked,11_chara,5.429999999999999e-17,1.0,,1.5199999999999998e-16,1 ha worked,12_chara,1.5199999999999998e-16,1.0,,1.3300000000000002e-16,1 ha worked,14_chara,1.3300000000000002e-16,0.0,,7.46e-17,1 ha worked,17_chara,0.0,8.0,,2.89e-18,1 ha worked,15_chara,2.312e-17,6.999199999999999e-16
D1_2023,D1,2023,ha,"Human toxicity, cancer - metals",CTUh,3.0,,1.23e-08,1 ha worked,13_chara,3.69e-08,1.0,,8.47e-08,1 ha worked,16_chara,8.47e-08,3.0,,7.91e-09,1 ha worked,11_chara,2.3729999999999998e-08,1.0,,6.970000000000001e-08,1 ha worked,12_chara,6.970000000000001e-08,1.0,,8.050000000000001e-08,1 ha worked,14_chara,8.050000000000001e-08,0.0,,3.55e-08,1 ha worked,17_chara,0.0,8.0,,1.23e-09,1 ha worked,15_chara,9.84e-09,3.0537e-07
D1_2023,D1,2023,ha,"Human toxicity, cancer - organics",CTUh,3.0,,7.2800000000000005e-09,1 ha worked,13_chara,2.1840000000000002e-08,1.0,,4.98e-08,1 ha worked,16_chara,4.98e-08,3.0,,3.4000000000000003e-09,1 ha worked,11_chara,1.02e-08,1.0,,3.3e-08,1 ha worked,12_chara,3.3e-08,1.0,,3.34e-08,1 ha worked,14_chara,3.34e-08,0.0,,2e-08,1 ha worked,17_chara,0.0,8.0,,6.829999999999999e-10,1 ha worked,15_chara,5.463999999999999e-09,1.5370399999999998e-07
D1_2023,D1,2023,ha,"Human toxicity, non-cancer",CTUh,3.0,,5.989999999999999e-07,1 ha worked,13_chara,1.7969999999999997e-06,1.0,,3.46e-06,1 ha worked,16_chara,3.46e-06,3.0,,8.92e-07,1 ha worked,11_chara,2.676e-06,1.0,,2e-06,1 ha worked,12_chara,2e-06,1.0,,1.37e-06,1 ha worked,14_chara,1.37e-06,0.0,,1.0700000000000001e-06,1 ha worked,17_chara,0.0,8.0,,1.27e-07,1 ha worked,15_chara,1.016e-06,1.2319e-05
D1_2023,D1,2023,ha,"Human toxicity, non-cancer - inorganics",CTUh,3.0,,1.6900000000000002e-07,1 ha worked,13_chara,5.070000000000001e-07,1.0,,1.12e-06,1 ha worked,16_chara,1.12e-06,3.0,,8.97e-08,1 ha worked,11_chara,2.691e-07,1.0,,8.100000000000001e-07,1 ha worked,12_chara,8.100000000000001e-07,1.0,,6.54e-07,1 ha worked,14_chara,6.54e-07,0.0,,3.12e-07,1 ha worked,17_chara,0.0,8.0,,1.02e-08,1 ha worked,15_chara,8.16e-08,3.4417000000000004e-06
D1_2023,D1,2023,ha,"Human toxicity, non-cancer - metals",CTUh,3.0,,4.1999999999999995e-07,1 ha worked,13_chara,1.2599999999999998e-06,1.0,,2.26e-06,1 ha worked,16_chara,2.26e-06,3.0,,7.98e-07,1 ha worked,11_chara,2.3940000000000003e-06,1.0,,1.16e-06,1 ha worked,12_chara,1.16e-06,1.0,,6.99e-07,1 ha worked,14_chara,6.99e-07,0.0,,7.47e-07,1 ha worked,17_chara,0.0,8.0,,1.16e-07,1 ha worked,15_chara,9.28e-07,8.701e-06
D1_2023,D1,2023,ha,"Human toxicity, non-cancer - organics",CTUh,3.0,,1.16e-08,1 ha worked,13_chara,3.48e-08,1.0,,8.660000000000001e-08,1 ha worked,16_chara,8.660000000000001e-08,3.0,,5.48e-09,1 ha worked,11_chara,1.644e-08,1.0,,3.8200000000000005e-08,1 ha worked,12_chara,3.8200000000000005e-08,1.0,,2.67e-08,1 ha worked,14_chara,2.67e-08,0.0,,1.5299999999999998e-08,1 ha worked,17_chara,0.0,8.0,,1.08e-09,1 ha worked,15_chara,8.64e-09,2.1138000000000003e-07
D1_2023,D1,2023,ha,Ionising radiation,kBq U-235 eq,3.0,,1.72,1 ha worked,13_chara,5.16,1.0,,10.49,1 ha worked,16_chara,10.49,3.0,,1.27,1 ha worked,11_chara,3.81,1.0,,7.89,1 ha worked,12_chara,7.89,1.0,,4.319999999999999,1 ha worked,14_chara,4.319999999999999,0.0,,1.75,1 ha worked,17_chara,0.0,8.0,,0.115,1 ha worked,15_chara,0.92,32.59
D1_2023,D1,2023,ha,Land use,Pt,3.0,,145.23,1 ha worked,13_chara,435.68999999999994,1.0,,800.14,1 ha worked,16_chara,800.14,3.0,,137.54,1 ha worked,11_chara,412.62,1.0,,641.1899999999999,1 ha worked,12_chara,641.1899999999999,1.0,,418.1,1 ha worked,14_chara,418.1,0.0,,168.95000000000002,1 ha worked,17_chara,0.0,8.0,,100.13,1 ha worked,15_chara,801.04,3508.7799999999997
D1_2023,D1,2023,ha,Ozone depletion,kg CFC11 eq,3.0,,4.960000000000001e-06,1 ha worked,13_chara,1.4880000000000003e-05,1.0,,3.03e-05,1 ha worked,16_chara,3.03e-05,3.0,,4.17e-06,1 ha worked,11_chara,1.251e-05,1.0,,2.13e-05,1 ha worked,12_chara,2.13e-05,1.0,,9.97e-06,1 ha worked,14_chara,9.97e-06,0.0,,3.52e-06,1 ha worked,17_chara,0.0,8.0,,3.2200000000000005e-07,1 ha worked,15_chara,2.5760000000000004e-06,9.1536e-05
D1_2023,D1,2023,ha,Particulate matter,disease inc.,3.0,,8.429999999999999e-07,1 ha worked,13_chara,2.529e-06,1.0,,5.39e-06,1 ha worked,16_chara,5.39e-06,3.0,,6.229999999999999e-07,1 ha worked,11_chara,1.8689999999999998e-06,1.0,,3.6599999999999997e-06,1 ha worked,12_chara,3.6599999999999997e-06,1.0,,2.78e-06,1 ha worked,14_chara,2.78e-06,0.0,,1.42e-06,1 ha worked,17_chara,0.0,8.0,,1.22e-07,1 ha worked,15_chara,9.76e-07,1.7204e-05
D1_2023,D1,2023,ha,Photochemical ozone formation,kg NMVOC eq,3.0,,0.305,1 ha worked,13_chara,0.915,1.0,,2.2,1 ha worked,16_chara,2.2,3.0,,0.249,1 ha worked,11_chara,0.747,1.0,,1.33,1 ha worked,12_chara,1.33,1.0,,0.67,1 ha worked,14_chara,0.67,0.0,,0.107,1 ha worked,17_chara,0.0,8.0,,0.0194,1 ha worked,15_chara,0.1552,6.0172
D1_2023,D1,2023,ha,"Resource use, fossils",MJ,3.0,,357.29999999999995,1 ha worked,13_chara,1071.8999999999999,1.0,,2174.67,1 ha worked,16_chara,2174.67,3.0,,273.81,1 ha worked,11_chara,821.4300000000001,1.0,,1630.72,1 ha worked,12_chara,1630.72,1.0,,863.0400000000001,1 ha worked,14_chara,863.0400000000001,0.0,,337.64000000000004,1 ha worked,17_chara,0.0,8.0,,23.53,1 ha worked,15_chara,188.24,6750.0
D1_2023,D1,2023,ha,"Resource use, minerals and metals",kg Sb eq,3.0,,0.00031400000000000004,1 ha worked,13_chara,0.0009420000000000001,1.0,,0.0025800000000000003,1 ha worked,16_chara,0.0025800000000000003,3.0,,0.000127,1 ha worked,11_chara,0.000381,1.0,,0.000917,1 ha worked,12_chara,0.000917,1.0,,0.00062,1 ha worked,14_chara,0.00062,0.0,,0.00037,1 ha worked,17_chara,0.0,8.0,,2.91e-05,1 ha worked,15_chara,0.0002328,0.0056728
D1_2023,D1,2023,ha,Water use,m3 depriv.,3.0,,2.11,1 ha worked,13_chara,6.33,1.0,,12.8,1 ha worked,16_chara,12.8,3.0,,0.8550000000000001,1 ha worked,11_chara,2.5650000000000004,1.0,,7.94,1 ha worked,12_chara,7.94,1.0,,6.409999999999999,1 ha worked,14_chara,6.409999999999999,0.0,,3.44,1 ha worked,17_chara,0.0,8.0,,0.235,1 ha worked,15_chara,1.88,37.925000000000004
D1_2024,D1,2024,ha,Acidification,mol H+ eq,3.0,,0.253,1 ha worked,13_chara,0.759,1.0,,1.7899999999999998,1 ha worked,16_chara,1.7899999999999998,3.0,,0.20199999999999999,1 ha worked,11_chara,0.606,1.0,,1.1,1 ha worked,12_chara,1.1,1.0,,0.5670000000000001,1 ha worked,14_chara,0.5670000000000001,0.0,,0.116,1 ha worked,17_chara,0.0,4.0580645161,,0.0167,1 ha worked,15_chara,0.06776967741887,4.88976967741887
D1_2024,D1,2024,ha,Climate change,kg CO2 eq,3.0,,26.88,1 ha worked,13_chara,80.64,1.0,,165.89,1 ha worked,16_chara,165.89,3.0,,20.45,1 ha worked,11_chara,61.349999999999994,1.0,,124.18,1 ha worked,12_chara,124.18,1.0,,69.64999999999999,1 ha worked,14_chara,69.64999999999999,0.0,,28.27,1 ha worked,17_chara,0.0,4.0580645161,,1.93,1 ha worked,15_chara,7.832064516072999,509.54206451607297
D1_2024,D1,2024,ha,Climate change - Biogenic,kg CO2 eq,3.0,,0.0373,1 ha worked,13_chara,0.1119,1.0,,0.17600000000000002,1 ha worked,16_chara,0.17600000000000002,3.0,,0.028499999999999998,1 ha worked,11_chara,0.08549999999999999,1.0,,0.145,1 ha worked,12_chara,0.145,1.0,,0.0992,1 ha worked,14_chara,0.0992,0.0,,0.0452,1 ha worked,17_chara,0.0,4.0580645161,,0.0211,1 ha worked,15_chara,0.08562516128971,0.70322516128971
D1_2024,D1,2024,ha,Climate change - Fossil,kg CO2 eq,3.0,,26.830000000000002,1 ha worked,13_chara,80.49000000000001,1.0,,165.57999999999998,1 ha worked,16_chara,165.57999999999998,3.0,,20.41,1 ha worked,11_chara,61.230000000000004,1.0,,123.97,1 ha worked,12_chara,123.97,1.0,,69.50999999999999,1 ha worked,14_chara,69.50999999999999,0.0,,28.180000000000003,1 ha worked,17_chara,0.0,4.0580645161,,1.9100000000000001,1 ha worked,15_chara,7.750903225751,508.530903225751
D1_2024,D1,2024,ha,Climate change - Land use and LU change,kg CO2 eq,3.0,,0.0178,1 ha worked,13_chara,0.0534,1.0,,0.131,1 ha worked,16_chara,0.131,3.0,,0.00673,1 ha worked,11_chara,0.02019,1.0,,0.05789999999999999,1 ha worked,12_chara,0.05789999999999999,1.0,,0.0494,1 ha worked,14_chara,0.0494,0.0,,0.0434,1 ha worked,17_chara,0.0,4.0580645161,,0.00132,1 ha worked,15_chara,0.005356645161252,0.317246645161252
D1_2024,D1,2024,ha,"Ecotoxicity, freshwater",CTUe,3.0,,409.06,1 ha worked,13_chara,1227.18,1.0,,2729.37,1 ha worked,16_chara,2729.37,3.0,,235.92,1 ha worked,11_chara,707.76,1.0,,1587.99,1 ha worked,12_chara,1587.99,1.0,,1134.53,1 ha worked,14_chara,1134.53,0.0,,588.66,1 ha worked,17_chara,0.0,4.0580645161,,32.26,1 ha worked,15_chara,130.91316128938598,7517.743161289386
D1_2024,D1,2024,ha,"Ecotoxicity, freshwater - inorganics",CTUe,3.0,,66.27,1 ha worked,13_chara,198.81,1.0,,419.04999999999995,1 ha worked,16_chara,419.04999999999995,3.0,,48.84,1 ha worked,11_chara,146.52,1.0,,268.34,1 ha worked,12_chara,268.34,1.0,,140.05,1 ha worked,14_chara,140.05,0.0,,58.77,1 ha worked,17_chara,0.0,4.0580645161,,4.59,1 ha worked,15_chara,18.626516128899,1191.3965161288988
D1_2024,D1,2024,ha,"Ecotoxicity, freshwater - metals",CTUe,3.0,,322.83,1 ha worked,13_chara,968.49,1.0,,2187.8900000000003,1 ha worked,16_chara,2187.8900000000003,3.0,,170.45000000000002,1 ha worked,11_chara,511.35,1.0,,1234.5,1 ha worked,12_chara,1234.5,1.0,,954.07,1 ha worked,14_chara,954.07,0.0,,515.3100000000001,1 ha worked,17_chara,0.0,4.0580645161,,26.36,1 ha worked,15_chara,106.970580644396,5963.2705806443955
D1_2024,D1,2024,ha,"Ecotoxicity, freshwater - organics",CTUe,3.0,,19.96,1 ha worked,13_chara,59.88,1.0,,122.43,1 ha worked,16_chara,122.43,3.0,,16.64,1 ha worked,11_chara,49.92,1.0,,85.15,1 ha worked,12_chara,85.15,1.0,,40.410000000000004,1 ha worked,14_chara,40.410000000000004,0.0,,14.58,1 ha worked,17_chara,0.0,4.0580645161,,1.31,1 ha worked,15_chara,5.316064516091,363.106064516091
D1_2024,D1,2024,ha,"Eutrophication, freshwater",kg P eq,3.0,,0.00346,1 ha worked,13_chara,0.01038,1.0,,0.0236,1 ha worked,16_chara,0.0236,3.0,,0.0014600000000000001,1 ha worked,11_chara,0.00438,1.0,,0.0129,1 ha worked,12_chara,0.0129,1.0,,0.0116,1 ha worked,14_chara,0.0116,0.0,,0.00685,1 ha worked,17_chara,0.0,4.0580645161,,0.000272,1 ha worked,15_chara,0.0011037935483792,0.0639637935483792
D1_2024,D1,2024,ha,"Eutrophication, marine",kg N eq,3.0,,0.1,1 ha worked,13_chara,0.30000000000000004,1.0,,0.729,1 ha worked,16_chara,0.729,3.0,,0.08460000000000001,1 ha worked,11_chara,0.2538,1.0,,0.444,1 ha worked,12_chara,0.444,1.0,,0.213,1 ha worked,14_chara,0.213,0.0,,0.0206,1 ha worked,17_chara,0.0,4.0580645161,,0.0064600000000000005,1 ha worked,15_chara,0.026215096774006002,1.966015096774006
D1_2024,D1,2024,ha,"Eutrophication, terrestrial",mol N eq,3.0,,1.1,1 ha worked,13_chara,3.3000000000000003,1.0,,7.97,1 ha worked,16_chara,7.97,3.0,,0.927,1 ha worked,11_chara,2.781,1.0,,4.86,1 ha worked,12_chara,4.86,1.0,,2.33,1 ha worked,14_chara,2.33,0.0,,0.21800000000000003,1 ha worked,17_chara,0.0,4.0580645161,,0.0704,1 ha worked,15_chara,0.28568774193344,21.52668774193344
D1_2024,D1,2024,ha,"Human toxicity, cancer",CTUh,3.0,,1.96e-08,1 ha worked,13_chara,5.88e-08,1.0,,1.34e-07,1 ha worked,16_chara,1.34e-07,3.0,,1.13e-08,1 ha worked,11_chara,3.39e-08,1.0,,1.03e-07,1 ha worked,12_chara,1.03e-07,1.0,,1.14e-07,1 ha worked,14_chara,1.14e-07,0.0,,5.54e-08,1 ha worked,17_chara,0.0,4.0580645161,,1.91e-09,1 ha worked,15_chara,7.750903225751e-09,4.51450903225751e-07
D1_2024,D1,2024,ha,"Human toxicity, cancer - inorganics",CTUh,3.0,,3.85e-17,1 ha worked,13_chara,1.155e-16,1.0,,2.22e-16,1 ha worked,16_chara,2.22e-16,3.0,,1.8099999999999998e-17,1 ha worked,11_chara,5.429999999999999e-17,1.0,,1.5199999999999998e-16,1 ha worked,12_chara,1.5199999999999998e-16,1.0,,1.3300000000000002e-16,1 ha worked,14_chara,1.3300000000000002e-16,0.0,,7.46e-17,1 ha worked,17_chara,0.0,4.0580645161,,2.89e-18,1 ha worked,15_chara,1.1727806451529e-17,6.88527806451529e-16
D1_2024,D1,2024,ha,"Human toxicity, cancer - metals",CTUh,3.0,,1.23e-08,1 ha worked,13_chara,3.69e-08,1.0,,8.47e-08,1 ha worked,16_chara,8.47e-08,3.0,,7.91e-09,1 ha worked,11_chara,2.3729999999999998e-08,1.0,,6.970000000000001e-08,1 ha worked,12_chara,6.970000000000001e-08,1.0,,8.050000000000001e-08,1 ha worked,14_chara,8.050000000000001e-08,0.0,,3.55e-08,1 ha worked,17_chara,0.0,4.0580645161,,1.23e-09,1 ha worked,15_chara,4.9914193548030006e-09,3.00521419354803e-07
D1_2024,D1,2024,ha,"Human toxicity, cancer - organics",CTUh,3.0,,7.2800000000000005e-09,1 ha worked,13_chara,2.1840000000000002e-08,1.0,,4.98e-08,1 ha worked,16_chara,4.98e-08,3.0,,3.4000000000000003e-09,1 ha worked,11_chara,1.02e-08,1.0,,3.3e-08,1 ha worked,12_chara,3.3e-08,1.0,,3.34e-08,1 ha worked,14_chara,3.34e-08,0.0,,2e-08,1 ha worked,17_chara,0.0,4.0580645161,,6.829999999999999e-10,1 ha worked,15_chara,2.7716580644963e-09,1.5101165806449627e-07
D1_2024,D1,2024,ha,"Human toxicity, non-cancer",CTUh,3.0,,5.989999999999999e-07,1 ha worked,13_chara,1.7969999999999997e-06,1.0,,3.46e-06,1 ha worked,16_chara,3.46e-06,3.0,,8.92e-07,1 ha worked,11_chara,2.676e-06,1.0,,2e-06,1 ha worked,12_chara,2e-06,1.0,,1.37e-06,1 ha worked,14_chara,1.37e-06,0.0,,1.0700000000000001e-06,1 ha worked,17_chara,0.0,4.0580645161,,1.27e-07,1 ha worked,15_chara,5.153741935447001e-07,1.18183741935447e-05
D1_2024,D1,2024,ha,"Human toxicity, non-cancer - inorganics",CTUh,3.0,,1.6900000000000002e-07,1 ha worked,13_chara,5.070000000000001e-07,1.0,,1.12e-06,1 ha worked,16_chara,1.12e-06,3.0,,8.97e-08,1 ha worked,11_chara,2.691e-07,1.0,,8.100000000000001e-07,1 ha worked,12_chara,8.100000000000001e-07,1.0,,6.54e-07,1 ha worked,14_chara,6.54e-07,0.0,,3.12e-07,1 ha worked,17_chara,0.0,4.0580645161,,1.02e-08,1 ha worked,15_chara,4.139225806422e-08,3.4014922580642204e-06
D1_2024,D1,2024,ha,"Human toxicity, non-cancer - metals",CTUh,3.0,,4.1999999999999995e-07,1 ha worked,13_chara,1.2599999999999998e-06,1.0,,2.26e-06,1 ha worked,16_chara,2.26e-06,3.0,,7.98e-07,1 ha worked,11_chara,2.3940000000000003e-06,1.0,,1.16e-06,1 ha worked,12_chara,1.16e-06,1.0,,6.99e-07,1 ha worked,14_chara,6.99e-07,0.0,,7.47e-07,1 ha worked,17_chara,0.0,4.0580645161,,1.16e-07,1 ha worked,15_chara,4.7073548386760004e-07,8.2437354838676e-06
D1_2024,D1,2024,ha,"Human toxicity, non-cancer - organics",CTUh,3.0,,1.16e-08,1 ha worked,13_chara,3.48e-08,1.0,,8.660000000000001e-08,1 ha worked,16_chara,8.660000000000001e-08,3.0,,5.48e-09,1 ha worked,11_chara,1.644e-08,1.0,,3.8200000000000005e-08,1 ha worked,12_chara,3.8200000000000005e-08,1.0,,2.67e-08,1 ha worked,14_chara,2.67e-08,0.0,,1.5299999999999998e-08,1 ha worked,17_chara,0.0,4.0580645161,,1.08e-09,1 ha worked,15_chara,4.382709677388e-09,2.0712270967738802e-07
D1_2024,D1,2024,ha,Ionising radiation,kBq U-235 eq,3.0,,1.72,1 ha worked,13_chara,5.16,1.0,,10.49,1 ha worked,16_chara,10.49,3.0,,1.27,1 ha worked,11_chara,3.81,1.0,,7.89,1 ha worked,12_chara,7.89,1.0,,4.319999999999999,1 ha worked,14_chara,4.319999999999999,0.0,,1.75,1 ha worked,17_chara,0.0,4.0580645161,,0.115,1 ha worked,15_chara,0.46667741935150003,32.1366774193515
D1_2024,D1,2024,ha,Land use,Pt,3.0,,145.23,1 ha worked,13_chara,435.68999999999994,1.0,,800.14,1 ha worked,16_chara,800.14,3.0,,137.54,1 ha worked,11_chara,412.62,1.0,,641.1899999999999,1 ha worked,12_chara,641.1899999999999,1.0,,418.1,1 ha worked,14_chara,418.1,0.0,,168.95000000000002,1 ha worked,17_chara,0.0,4.0580645161,,100.13,1 ha worked,15_chara,406.333999997093,3114.073999997093
D1_2024,D1,2024,ha,Ozone depletion,kg CFC11 eq,3.0,,4.960000000000001e-06,1 ha worked,13_chara,1.4880000000000003e-05,1.0,,3.03e-05,1 ha worked,16_chara,3.03e-05,3.0,,4.17e-06,1 ha worked,11_chara,1.251e-05,1.0,,2.13e-05,1 ha worked,12_chara,2.13e-05,1.0,,9.97e-06,1 ha worked,14_chara,9.97e-06,0.0,,3.52e-06,1 ha worked,17_chara,0.0,4.0580645161,,3.2200000000000005e-07,1 ha worked,15_chara,1.3066967741842e-06,9.02666967741842e-05
D1_2024,D1,2024,ha,Particulate matter,disease inc.,3.0,,8.429999999999999e-07,1 ha worked,13_chara,2.529e-06,1.0,,5.39e-06,1 ha worked,16_chara,5.39e-06,3.0,,6.229999999999999e-07,1 ha worked,11_chara,1.8689999999999998e-06,1.0,,3.6599999999999997e-06,1 ha worked,12_chara,3.6599999999999997e-06,1.0,,2.78e-06,1 ha worked,14_chara,2.78e-06,0.0,,1.42e-06,1 ha worked,17_chara,0.0,4.0580645161,,1.22e-07,1 ha worked,15_chara,4.950838709642e-07,1.6723083870964202e-05
D1_2024,D1,2024,ha,Photochemical ozone formation,kg NMVOC eq,3.0,,0.305,1 ha worked,13_chara,0.915,1.0,,2.2,1 ha worked,16_chara,2.2,3.0,,0.249,1 ha worked,11_chara,0.747,1.0,,1.33,1 ha worked,12_chara,1.33,1.0,,0.67,1 ha worked,14_chara,0.67,0.0,,0.107,1 ha worked,17_chara,0.0,4.0580645161,,0.0194,1 ha worked,15_chara,0.07872645161234,5.94072645161234
D1_2024,D1,2024,ha,"Resource use, fossils",MJ,3.0,,357.29999999999995,1 ha worked,13_chara,1071.8999999999999,1.0,,2174.67,1 ha worked,16_chara,2174.67,3.0,,273.81,1 ha worked,11_chara,821.4300000000001,1.0,,1630.72,1 ha worked,12_chara,1630.72,1.0,,863.0400000000001,1 ha worked,14_chara,863.0400000000001,0.0,,337.64000000000004,1 ha worked,17_chara,0.0,4.0580645161,,23.53,1 ha worked,15_chara,95.486258063833,6657.246258063833
D1_2024,D1,2024,ha,"Resource use, minerals and metals",kg Sb eq,3.0,,0.00031400000000000004,1 ha worked,13_chara,0.0009420000000000001,1.0,,0.0025800000000000003,1 ha worked,16_chara,0.0025800000000000003,3.0,,0.000127,1 ha worked,11_chara,0.000381,1.0,,0.000917,1 ha worked,12_chara,0.000917,1.0,,0.00062,1 ha worked,14_chara,0.00062,0.0,,0.00037,1 ha worked,17_chara,0.0,4.0580645161,,2.91e-05,1 ha worked,15_chara,0.00011808967741851,0.005558089677418511
D1_2024,D1,2024,ha,Water use,m3 depriv.,3.0,,2.11,1 ha worked,13_chara,6.33,1.0,,12.8,1 ha worked,16_chara,12.8,3.0,,0.8550000000000001,1 ha worked,11_chara,2.5650000000000004,1.0,,7.94,1 ha worked,12_chara,7.94,1.0,,6.409999999999999,1 ha worked,14_chara,6.409999999999999,0.0,,3.44,1 ha worked,17_chara,0.0,4.0580645161,,0.235,1 ha worked,15_chara,0.9536451612835,36.9986451612835
D2_2022,D2,2022,ha,Acidification,mol H+ eq,2.0,,0.253,1 ha worked,13_chara,0.506,1.0,,1.7899999999999998,1 ha worked,16_chara,1.7899999999999998,3.0,,0.20199999999999999,1 ha worked,11_chara,0.606,1.0,,1.1,1 ha worked,12_chara,1.1,1.0,,0.5670000000000001,1 ha worked,14_chara,0.5670000000000001,1.0,,0.116,1 ha worked,17_chara,0.116,8.0,,0.0167,1 ha worked,15_chara,0.1336,4.8186
D2_2022,D2,2022,ha,Climate change,kg CO2 eq,2.0,,26.88,1 ha worked,13_chara,53.76,1.0,,165.89,1 ha worked,16_chara,165.89,3.0,,20.45,1 ha worked,11_chara,61.349999999999994,1.0,,124.18,1 ha worked,12_chara,124.18,1.0,,69.64999999999999,1 ha worked,14_chara,69.64999999999999,1.0,,28.27,1 ha worked,17_chara,28.27,8.0,,1.93,1 ha worked,15_chara,15.44,518.54
D2_2022,D2,2022,ha,Climate change - Biogenic,kg CO2 eq,2.0,,0.0373,1 ha worked,13_chara,0.0746,1.0,,0.17600000000000002,1 ha worked,16_chara,0.17600000000000002,3.0,,0.028499999999999998,1 ha worked,11_chara,0.08549999999999999,1.0,,0.145,1 ha worked,12_chara,0.145,1.0,,0.0992,1 ha worked,14_chara,0.0992,1.0,,0.0452,1 ha worked,17_chara,0.0452,8.0,,0.0211,1 ha worked,15_chara,0.1688,0.7943
D2_2022,D2,2022,ha,Climate change - Fossil,kg CO2 eq,2.0,,26.830000000000002,1 ha worked,13_chara,53.660000000000004,1.0,,165.57999999999998,1 ha worked,16_chara,165.57999999999998,3.0,,20.41,1 ha worked,11_chara,61.230000000000004,1.0,,123.97,1 ha worked,12_chara,123.97,1.0,,69.50999999999999,1 ha worked,14_chara,69.50999999999999,1.0,,28.180000000000003,1 ha worked,17_chara,28.180000000000003,8.0,,1.9100000000000001,1 ha worked,15_chara,15.280000000000001,517.41
D2_2022,D2,2022,ha,Climate change - Land use and LU change,kg CO2 eq,2.0,,0.0178,1 ha worked,13_chara,0.0356,1.0,,0.131,1 ha worked,16_chara,0.131,3.0,,0.00673,1 ha worked,11_chara,0.02019,1.0,,0.05789999999999999,1 ha worked,12_chara,0.05789999999999999,1.0,,0.0494,1 ha worked,14_chara,0.0494,1.0,,0.0434,1 ha worked,17_chara,0.0434,8.0,,0.00132,1 ha worked,15_chara,0.01056,0.34805
D2_2022,D2,2022,ha,"Ecotoxicity, freshwater",CTUe,2.0,,409.06,1 ha worked,13_chara,818.12,1.0,,2729.37,1 ha worked,16_chara,2729.37,3.0,,235.92,1 ha worked,11_chara,707.76,1.0,,1587.99,1 ha worked,12_chara,1587.99,1.0,,1134.53,1 ha worked,14_chara,1134.53,1.0,,588.66,1 ha worked,17_chara,588.66,8.0,,32.26,1 ha worked,15_chara,258.08,7824.509999999999
D2_2022,D2,2022,ha,"Ecotoxicity, freshwater - inorganics",CTUe,2.0,,66.27,1 ha worked,13_chara,132.54,1.0,,419.04999999999995,1 ha worked,16_chara,419.04999999999995,3.0,,48.84,1 ha worked,11_chara,146.52,1.0,,268.34,1 ha worked,12_chara,268.34,1.0,,140.05,1 ha worked,14_chara,140.05,1.0,,58.77,1 ha worked,17_chara,58.77,8.0,,4.59,1 ha worked,15_chara,36.72,1201.9899999999998
D2_2022,D2,2022,ha,"Ecotoxicity, freshwater - metals",CTUe,2.0,,322.83,1 ha worked,13_chara,645.66,1.0,,2187.8900000000003,1 ha worked,16_chara,2187.8900000000003,3.0,,170.45000000000002,1 ha worked,11_chara,511.35,1.0,,1234.5,1 ha worked,12_chara,1234.5,1.0,,954.07,1 ha worked,14_chara,954.07,1.0,,515.3100000000001,1 ha worked,17_chara,515.3100000000001,8.0,,26.36,1 ha worked,15_chara,210.88,6259.66
D2_2022,D2,2022,ha,"Ecotoxicity, freshwater - organics",CTUe,2.0,,19.96,1 ha worked,13_chara,39.92,1.0,,122.43,1 ha worked,16_chara,122.43,3.0,,16.64,1 ha worked,11_chara,49.92,1.0,,85.15,1 ha worked,12_chara,85.15,1.0,,40.410000000000004,1 ha worked,14_chara,40.410000000000004,1.0,,14.58,1 ha worked,17_chara,14.58,8.0,,1.31,1 ha worked,15_chara,10.48,362.8900000000001
D2_2022,D2,2022,ha,"Eutrophication, freshwater",kg P eq,2.0,,0.00346,1 ha worked,13_chara,0.00692,1.0,,0.0236,1 ha worked,16_chara,0.0236,3.0,,0.0014600000000000001,1 ha worked,11_chara,0.00438,1.0,,0.0129,1 ha worked,12_chara,0.0129,1.0,,0.0116,1 ha worked,14_chara,0.0116,1.0,,0.00685,1 ha worked,17_chara,0.00685,8.0,,0.000272,1 ha worked,15_chara,0.002176,0.068426
D2_2022,D2,2022,ha,"Eutrophication, marine",kg N eq,2.0,,0.1,1 ha worked,13_chara,0.2,1.0,,0.729,1 ha worked,16_chara,0.729,3.0,,0.08460000000000001,1 ha worked,11_chara,0.2538,1.0,,0.444,1 ha worked,12_chara,0.444,1.0,,0.213,1 ha worked,14_chara,0.213,1.0,,0.0206,1 ha worked,17_chara,0.0206,8.0,,0.0064600000000000005,1 ha worked,15_chara,0.051680000000000004,1.91208
D2_2022,D2,2022,ha,"Eutrophication, terrestrial",mol N eq,2.0,,1.1,1 ha worked,13_chara,2.2,1.0,,7.97,1 ha worked,16_chara,7.97,3.0,,0.927,1 ha worked,11_chara,2.781,1.0,,4.86,1 ha worked,12_chara,4.86,1.0,,2.33,1 ha worked,14_chara,2.33,1.0,,0.21800000000000003,1 ha worked,17_chara,0.21800000000000003,8.0,,0.0704,1 ha worked,15_chara,0.5632,20.922199999999997
D2_2022,D2,2022,ha,"Human toxicity, cancer",CTUh,2.0,,1.96e-08,1 ha worked,13_chara,3.92e-08,1.0,,1.34e-07,1 ha worked,16_chara,1.34e-07,3.0,,1.13e-08,1 ha worked,11_chara,3.39e-08,1.0,,1.03e-07,1 ha worked,12_chara,1.03e-07,1.0,,1.14e-07,1 ha worked,14_chara,1.14e-07,1.0,,5.54e-08,1 ha worked,17_chara,5.54e-08,8.0,,1.91e-09,1 ha worked,15_chara,1.528e-08,4.9478e-07
D2_2022,D2,2022,ha,"Human toxicity, cancer - inorganics",CTUh,2.0,,3.85e-17,1 ha worked,13_chara,7.7e-17,1.0,,2.22e-16,1 ha worked,16_chara,2.22e-16,3.0,,1.8099999999999998e-17,1 ha worked,11_chara,5.429999999999999e-17,1.0,,1.5199999999999998e-16,1 ha worked,12_chara,1.5199999999999998e-16,1.0,,1.3300000000000002e-16,1 ha worked,14_chara,1.3300000000000002e-16,1.0,,7.46e-17,1 ha worked,17_chara,7.46e-17,8.0,,2.89e-18,1 ha worked,15_chara,2.312e-17,7.3602e-16
D2_2022,D2,2022,ha,"Human toxicity, cancer - metals",CTUh,2.0,,1.23e-08,1 ha worked,13_chara,2.46e-08,1.0,,8.47e-08,1 ha worked,16_chara,8.47e-08,3.0,,7.91e-09,1 ha worked,11_chara,2.3729999999999998e-08,1.0,,6.970000000000001e-08,1 ha worked,12_chara,6.970000000000001e-08,1.0,,8.050000000000001e-08,1 ha worked,14_chara,8.050000000000001e-08,1.0,,3.55e-08,1 ha worked,17_chara,3.55e-08,8.0,,1.23e-09,1 ha worked,15_chara,9.84e-09,3.2857000000000004e-07
D2_2022,D2,2022,ha,"Human toxicity, cancer - organics",CTUh,2.0,,7.2800000000000005e-09,1 ha worked,13_chara,1.4560000000000001e-08,1.0,,4.98e-08,1 ha worked,16_chara,4.98e-08,3.0,,3.4000000000000003e-09,1 ha worked,11_chara,1.02e-08,1.0,,3.3e-08,1 ha worked,12_chara,3.3e-08,1.0,,3.34e-08,1 ha worked,14_chara,3.34e-08,1.0,,2e-08,1 ha worked,17_chara,2e-08,8.0,,6.829999999999999e-10,1 ha worked,15_chara,5.463999999999999e-09,1.6642399999999998e-07
D2_2022,D2,2022,ha,"Human toxicity, non-cancer",CTUh,2.0,,5.989999999999999e-07,1 ha worked,13_chara,1.1979999999999998e-06,1.0,,3.46e-06,1 ha worked,16_chara,3.46e-06,3.0,,8.92e-07,1 ha worked,11_chara,2.676e-06,1.0,,2e-06,1 ha worked,12_chara,2e-06,1.0,,1.37e-06,1 ha worked,14_chara,1.37e-06,1.0,,1.0700000000000001e-06,1 ha worked,17_chara,1.0700000000000001e-06,8.0,,1.27e-07,1 ha worked,15_chara,1.016e-06,1.279e-05
D2_2022,D2,2022,ha,"Human toxicity, non-cancer - inorganics",CTUh,2.0,,1.6900000000000002e-07,1 ha worked,13_chara,3.3800000000000004e-07,1.0,,1.12e-06,1 ha worked,16_chara,1.12e-06,3.0,,8.97e-08,1 ha worked,11_chara,2.691e-07,1.0,,8.100000000000001e-07,1 ha worked,12_chara,8.100000000000001e-07,1.0,,6.54e-07,1 ha worked,14_chara,6.54e-07,1.0,,3.12e-07,1 ha worked,17_chara,3.12e-07,8.0,,1.02e-08,1 ha worked,15_chara,8.16e-08,3.5847e-06
D2_2022,D2,2022,ha,"Human toxicity, non-cancer - metals",CTUh,2.0,,4.1999999999999995e-07,1 ha worked,13_chara,8.399999999999999e-07,1.0,,2.26e-06,1 ha worked,16_chara,2.26e-06,3.0,,7.98e-07,1 ha worked,11_chara,2.3940000000000003e-06,1.0,,1.16e-06,1 ha worked,12_chara,1.16e-06,1.0,,6.99e-07,1 ha worked,14_chara,6.99e-07,1.0,,7.47e-07,1 ha worked,17_chara,7.47e-07,8.0,,1.16e-07,1 ha worked,15_chara,9.28e-07,9.028e-06
D2_2022,D2,2022,ha,"Human toxicity, non-cancer - organics",CTUh,2.0,,1.16e-08,1 ha worked,13_chara,2.32e-08,1.0,,8.660000000000001e-08,1 ha worked,16_chara,8.660000000000001e-08,3.0,,5.48e-09,1 ha worked,11_chara,1.644e-08,1.0,,3.8200000000000005e-08,1 ha worked,12_chara,3.8200000000000005e-08,1.0,,2.67e-08,1 ha worked,14_chara,2.67e-08,1.0,,1.5299999999999998e-08,1 ha worked,17_chara,1.5299999999999998e-08,8.0,,1.08e-09,1 ha worked,15_chara,8.64e-09,2.1508e-07
D2_2022,D2,2022,ha,Ionising radiation,kBq U-235 eq,2.0,,1.72,1 ha worked,13_chara,3.44,1.0,,10.49,1 ha worked,16_chara,10.49,3.0,,1.27,1 ha worked,11_chara,3.81,1.0,,7.89,1 ha worked,12_chara,7.89,1.0,,4.319999999999999,1 ha worked,14_chara,4.319999999999999,1.0,,1.75,1 ha worked,17_chara,1.75,8.0,,0.115,1 ha worked,15_chara,0.92,32.62
D2_2022,D2,2022,ha,Land use,Pt,2.0,,145.23,1 ha worked,13_chara,290.46,1.0,,800.14,1 ha worked,16_chara,800.14,3.0,,137.54,1 ha worked,11_chara,412.62,1.0,,641.1899999999999,1 ha worked,12_chara,641.1899999999999,1.0,,418.1,1 ha worked,14_chara,418.1,1.0,,168.95000000000002,1 ha worked,17_chara,168.95000000000002,8.0,,100.13,1 ha worked,15_chara,801.04,3532.4999999999995
D2_2022,D2,2022,ha,Ozone depletion,kg CFC11 eq,2.0,,4.960000000000001e-06,1 ha worked,13_chara,9.920000000000002e-06,1.0,,3.03e-05,1 ha worked,16_chara,3.03e-05,3.0,,4.17e-06,1 ha worked,11_chara,1.251e-05,1.0,,2.13e-05,1 ha worked,12_chara,2.13e-05,1.0,,9.97e-06,1 ha worked,14_chara,9.97e-06,1.0,,3.52e-06,1 ha worked,17_chara,3.52e-06,8.0,,3.2200000000000005e-07,1 ha worked,15_chara,2.5760000000000004e-06,9.0096e-05
D2_2022,D2,2022,ha,Particulate matter,disease inc.,2.0,,8.429999999999999e-07,1 ha worked,13_chara,1.6859999999999998e-06,1.0,,5.39e-06,1 ha worked,16_chara,5.39e-06,3.0,,6.229999999999999e-07,1 ha worked,11_chara,1.8689999999999998e-06,1.0,,3.6599999999999997e-06,1 ha worked,12_chara,3.6599999999999997e-06,1.0,,2.78e-06,1 ha worked,14_chara,2.78e-06,1.0,,1.42e-06,1 ha worked,17_chara,1.42e-06,8.0,,1.22e-07,1 ha worked,15_chara,9.76e-07,1.7780999999999998e-05
D2_2022,D2,2022,ha,Photochemical ozone formation,kg NMVOC eq,2.0,,0.305,1 ha worked,13_chara,0.61,1.0,,2.2,1 ha worked,16_chara,2.2,3.0,,0.249,1 ha worked,11_chara,0.747,1.0,,1.33,1 ha worked,12_chara,1.33,1.0,,0.67,1 ha worked,14_chara,0.67,1.0,,0.107,1 ha worked,17_chara,0.107,8.0,,0.0194,1 ha worked,15_chara,0.1552,5.8192
D2_2022,D2,2022,ha,"Resource use, fossils",MJ,2.0,,357.29999999999995,1 ha worked,13_chara,714.5999999999999,1.0,,2174.67,1 ha worked,16_chara,2174.67,3.0,,273.81,1 ha worked,11_chara,821.4300000000001,1.0,,1630.72,1 ha worked,12_chara,1630.72,1.0,,863.0400000000001,1 ha worked,14_chara,863.0400000000001,1.0,,337.64000000000004,1 ha worked,17_chara,337.64000000000004,8.0,,23.53,1 ha worked,15_chara,188.24,6730.34
D2_2022,D2,2022,ha,"Resource use, minerals and metals",kg Sb eq,2.0,,0.00031400000000000004,1 ha worked,13_chara,0.0006280000000000001,1.0,,0.0025800000000000003,1 ha worked,16_chara,0.0025800000000000003,3.0,,0.000127,1 ha worked,11_chara,0.000381,1.0,,0.000917,1 ha worked,12_chara,0.000917,1.0,,0.00062,1 ha worked,14_chara,0.00062,1.0,,0.00037,1 ha worked,17_chara,0.00037,8.0,,2.91e-05,1 ha worked,15_chara,0.0002328,0.0057288
D2_2022,D2,2022,ha,Water use,m3 depriv.,2.0,,2.11,1 ha worked,13_chara,4.22,1.0,,12.8,1 ha worked,16_chara,12.8,3.0,,0.8550000000000001,1 ha worked,11_chara,2.5650000000000004,1.0,,7.94,1 ha worked,12_chara,7.94,1.0,,6.409999999999999,1 ha worked,14_chara,6.409999999999999,1.0,,3.44,1 ha worked,17_chara,3.44,8.0,,0.235,1 ha worked,15_chara,1.88,39.255
D2_2023,D2,2023,ha,Acidification,mol H+ eq,3.0,,0.253,1 ha worked,13_chara,0.759,1.0,,1.7899999999999998,1 ha worked,16_chara,1.7899999999999998,3.0,,0.20199999999999999,1 ha worked,11_chara,0.606,1.0,,1.1,1 ha worked,12_chara,1.1,1.0,,0.5670000000000001,1 ha worked,14_chara,0.5670000000000001,0.0,,0.116,1 ha worked,17_chara,0.0,10.0,,0.0167,1 ha worked,15_chara,0.16699999999999998,4.989
D2_2023,D2,2023,ha,Climate change,kg CO2 eq,3.0,,26.88,1 ha worked,13_chara,80.64,1.0,,165.89,1 ha worked,16_chara,165.89,3.0,,20.45,1 ha worked,11_chara,61.349999999999994,1.0,,124.18,1 ha worked,12_chara,124.18,1.0,,69.64999999999999,1 ha worked,14_chara,69.64999999999999,0.0,,28.27,1 ha worked,17_chara,0.0,10.0,,1.93,1 ha worked,15_chara,19.3,521.01
D2_2023,D2,2023,ha,Climate change - Biogenic,kg CO2 eq,3.0,,0.0373,1 ha worked,13_chara,0.1119,1.0,,0.17600000000000002,1 ha worked,16_chara,0.17600000000000002,3.0,,0.028499999999999998,1 ha worked,11_chara,0.08549999999999999,1.0,,0.145,1 ha worked,12_chara,0.145,1.0,,0.0992,1 ha worked,14_chara,0.0992,0.0,,0.0452,1 ha worked,17_chara,0.0,10.0,,0.0211,1 ha worked,15_chara,0.21100000000000002,0.8286
D2_2023,D2,2023,ha,Climate change - Fossil,kg CO2 eq,3.0,,26.830000000000002,1 ha worked,13_chara,80.49000000000001,1.0,,165.57999999999998,1 ha worked,16_chara,165.57999999999998,3.0,,20.41,1 ha worked,11_chara,61.230000000000004,1.0,,123.97,1 ha worked,12_chara,123.97,1.0,,69.50999999999999,1 ha worked,14_chara,69.50999999999999,0.0,,28.180000000000003,1 ha worked,17_chara,0.0,10.0,,1.9100000000000001,1 ha worked,15_chara,19.1,519.88
D2_2023,D2,2023,ha,Climate change - Land use and LU change,kg CO2 eq,3.0,,0.0178,1 ha worked,13_chara,0.0534,1.0,,0.131,1 ha worked,16_chara,0.131,3.0,,0.00673,1 ha worked,11_chara,0.02019,1.0,,0.05789999999999999,1 ha worked,12_chara,0.05789999999999999,1.0,,0.0494,1 ha worked,14_chara,0.0494,0.0,,0.0434,1 ha worked,17_chara,0.0,10.0,,0.00132,1 ha worked,15_chara,0.0132,0.32509
D2_2023,D2,2023,ha,"Ecotoxicity, freshwater",CTUe,3.0,,409.06,1 ha worked,13_chara,1227.18,1.0,,2729.37,1 ha worked,16_chara,2729.37,3.0,,235.92,1 ha worked,11_chara,707.76,1.0,,1587.99,1 ha worked,12_chara,1587.99,1.0,,1134.53,1 ha worked,14_chara,1134.53,0.0,,588.66,1 ha worked,17_chara,0.0,10.0,,32.26,1 ha worked,15_chara,322.59999999999997,7709.43
D2_2023,D2,2023,ha,"Ecotoxicity, freshwater - inorganics",CTUe,3.0,,66.27,1 ha worked,13_chara,198.81,1.0,,419.04999999999995,1 ha worked,16_chara,419.04999999999995,3.0,,48.84,1 ha worked,11_chara,146.52,1.0,,268.34,1 ha worked,12_chara,268.34,1.0,,140.05,1 ha worked,14_chara,140.05,0.0,,58.77,1 ha worked,17_chara,0.0,10.0,,4.59,1 ha worked,15_chara,45.9,1218.6699999999998
D2_2023,D2,2023,ha,"Ecotoxicity, freshwater - metals",CTUe,3.0,,322.83,1 ha worked,13_chara,968.49,1.0,,2187.8900000000003,1 ha worked,16_chara,2187.8900000000003,3.0,,170.45000000000002,1 ha worked,11_chara,511.35,1.0,,1234.5,1 ha worked,12_chara,1234.5,1.0,,954.07,1 ha worked,14_chara,954.07,0.0,,515.3100000000001,1 ha worked,17_chara,0.0,10.0,,26.36,1 ha worked,15_chara,263.6,6119.9
D2_2023,D2,2023,ha,"Ecotoxicity, freshwater - organics",CTUe,3.0,,19.96,1 ha worked,13_chara,59.88,1.0,,122.43,1 ha worked,16_chara,122.43,3.0,,16.64,1 ha worked,11_chara,49.92,1.0,,85.15,1 ha worked,12_chara,85.15,1.0,,40.410000000000004,1 ha worked,14_chara,40.410000000000004,0.0,,14.58,1 ha worked,17_chara,0.0,10.0,,1.31,1 ha worked,15_chara,13.100000000000001,370.89000000000004
D2_2023,D2,2023,ha,"Eutrophication, freshwater",kg P eq,3.0,,0.00346,1 ha worked,13_chara,0.01038,1.0,,0.0236,1 ha worked,16_chara,0.0236,3.0,,0.0014600000000000001,1 ha worked,11_chara,0.00438,1.0,,0.0129,1 ha worked,12_chara,0.0129,1.0,,0.0116,1 ha worked,14_chara,0.0116,0.0,,0.00685,1 ha worked,17_chara,0.0,10.0,,0.000272,1 ha worked,15_chara,0.00272,0.06558
D2_2023,D2,2023,ha,"Eutrophication, marine",kg N eq,3.0,,0.1,1 ha worked,13_chara,0.30000000000000004,1.0,,0.729,1 ha worked,16_chara,0.729,3.0,,0.08460000000000001,1 ha worked,11_chara,0.2538,1.0,,0.444,1 ha worked,12_chara,0.444,1.0,,0.213,1 ha worked,14_chara,0.213,0.0,,0.0206,1 ha worked,17_chara,0.0,10.0,,0.0064600000000000005,1 ha worked,15_chara,0.0646,2.0044
D2_2023,D2,2023,ha,"Eutrophication, terrestrial",mol N eq,3.0,,1.1,1 ha worked,13_chara,3.3000000000000003,1.0,,7.97,1 ha worked,16_chara,7.97,3.0,,0.927,1 ha worked,11_chara,2.781,1.0,,4.86,1 ha worked,12_chara,4.86,1.0,,2.33,1 ha worked,14_chara,2.33,0.0,,0.21800000000000003,1 ha worked,17_chara,0.0,10.0,,0.0704,1 ha worked,15_chara,0.7040000000000001,21.945
D2_2023,D2,2023,ha,"Human toxicity, cancer",CTUh,3.0,,1.96e-08,1 ha worked,13_chara,5.88e-08,1.0,,1.34e-07,1 ha worked,16_chara,1.34e-07,3.0,,1.13e-08,1 ha worked,11_chara,3.39e-08,1.0,,1.03e-07,1 ha worked,12_chara,1.03e-07,1.0,,1.14e-07,1 ha worked,14_chara,1.14e-07,0.0,,5.54e-08,1 ha worked,17_chara,0.0,10.0,,1.91e-09,1 ha worked,15_chara,1.91e-08,4.628e-07
D2_2023,D2,2023,ha,"Human toxicity, cancer - inorganics",CTUh,3.0,,3.85e-17,1 ha worked,13_chara,1.155e-16,1.0,,2.22e-16,1 ha worked,16_chara,2.22e-16,3.0,,1.8099999999999998e-17,1 ha worked,11_chara,5.429999999999999e-17,1.0,,1.5199999999999998e-16,1 ha worked,12_chara,1.5199999999999998e-16,1.0,,1.3300000000000002e-16,1 ha worked,14_chara,1.3300000000000002e-16,0.0,,7.46e-17,1 ha worked,17_chara,0.0,10.0,,2.89e-18,1 ha worked,15_chara,2.89e-17,7.057e-16
D2_2023,D2,2023,ha,"Human toxicity, cancer - metals",CTUh,3.0,,1.23e-08,1 ha worked,13_chara,3.69e-08,1.0,,8.47e-08,1 ha worked,16_chara,8.47e-08,3.0,,7.91e-09,1 ha worked,11_chara,2.3729999999999998e-08,1.0,,6.970000000000001e-08,1 ha worked,12_chara,6.970000000000001e-08,1.0,,8.050000000000001e-08,1 ha worked,14_chara,8.050000000000001e-08,0.0,,3.55e-08,1 ha worked,17_chara,0.0,10.0,,1.23e-09,1 ha worked,15_chara,1.2300000000000001e-08,3.0783e-07
D2_2023,D2,2023,ha,"Human toxicity, cancer - organics",CTUh,3.0,,7.2800000000000005e-09,1 ha worked,13_chara,2.1840000000000002e-08,1.0,,4.98e-08,1 ha worked,16_chara,4.98e-08,3.0,,3.4000000000000003e-09,1 ha worked,11_chara,1.02e-08,1.0,,3.3e-08,1 ha worked,12_chara,3.3e-08,1.0,,3.34e-08,1 ha worked,14_chara,3.34e-08,0.0,,2e-08,1 ha worked,17_chara,0.0,10.0,,6.829999999999999e-10,1 ha worked,15_chara,6.829999999999999e-09,1.5506999999999997e-07
D2_2023,D2,2023,ha,"Human toxicity, non-cancer",CTUh,3.0,,5.989999999999999e-07,1 ha worked,13_chara,1.7969999999999997e-06,1.0,,3.46e-06,1 ha worked,16_chara,3.46e-06,3.0,,8.92e-07,1 ha worked,11_chara,2.676e-06,1.0,,2e-06,1 ha worked,12_chara,2e-06,1.0,,1.37e-06,1 ha worked,14_chara,1.37e-06,0.0,,1.0700000000000001e-06,1 ha worked,17_chara,0.0,10.0,,1.27e-07,1 ha worked,15_chara,1.2700000000000001e-06,1.2573e-05
D2_2023,D2,2023,ha,"Human toxicity, non-cancer - inorganics",CTUh,3.0,,1.6900000000000002e-07,1 ha worked,13_chara,5.070000000000001e-07,1.0,,1.12e-06,1 ha worked,16_chara,1.12e-06,3.0,,8.97e-08,1 ha worked,11_chara,2.691e-07,1.0,,8.100000000000001e-07,1 ha worked,12_chara,8.100000000000001e-07,1.0,,6.54e-07,1 ha worked,14_chara,6.54e-07,0.0,,3.12e-07,1 ha worked,17_chara,0.0,10.0,,1.02e-08,1 ha worked,15_chara,1.02e-07,3.4621000000000003e-06
D2_2023,D2,2023,ha,"Human toxicity, non-cancer - metals",CTUh,3.0,,4.1999999999999995e-07,1 ha worked,13_chara,1.2599999999999998e-06,1.0,,2.26e-06,1 ha worked,16_chara,2.26e-06,3.0,,7.98e-07,1 ha worked,11_chara,2.3940000000000003e-06,1.0,,1.16e-06,1 ha worked,12_chara,1.16e-06,1.0,,6.99e-07,1 ha worked,14_chara,6.99e-07,0.0,,7.47e-07,1 ha worked,17_chara,0.0,10.0,,1.16e-07,1 ha worked,15_chara,1.1600000000000001e-06,8.933e-06
D2_2023,D2,2023,ha,"Human toxicity, non-cancer - organics",CTUh,3.0,,1.16e-08,1 ha worked,13_chara,3.48e-08,1.0,,8.660000000000001e-08,1 ha worked,16_chara,8.660000000000001e-08,3.0,,5.48e-09,1 ha worked,11_chara,1.644e-08,1.0,,3.8200000000000005e-08,1 ha worked,12_chara,3.8200000000000005e-08,1.0,,2.67e-08,1 ha worked,14_chara,2.67e-08,0.0,,1.5299999999999998e-08,1 ha worked,17_chara,0.0,10.0,,1.08e-09,1 ha worked,15_chara,1.08e-08,2.1354000000000002e-07
D2_2023,D2,2023,ha,Ionising radiation,kBq U-235 eq,3.0,,1.72,1 ha worked,13_chara,5.16,1.0,,10.49,1 ha worked,16_chara,10.49,3.0,,1.27,1 ha worked,11_chara,3.81,1.0,,7.89,1 ha worked,12_chara,7.89,1.0,,4.319999999999999,1 ha worked,14_chara,4.319999999999999,0.0,,1.75,1 ha worked,17_chara,0.0,10.0,,0.115,1 ha worked,15_chara,1.1500000000000001,32.82
D2_2023,D2,2023,ha,Land use,Pt,3.0,,145.23,1 ha worked,13_chara,435.68999999999994,1.0,,800.14,1 ha worked,16_chara,800.14,3.0,,137.54,1 ha worked,11_chara,412.62,1.0,,641.1899999999999,1 ha worked,12_chara,641.1899999999999,1.0,,418.1,1 ha worked,14_chara,418.1,0.0,,168.95000000000002,1 ha worked,17_chara,0.0,10.0,,100.13,1 ha worked,15_chara,1001.3,3709.04
D2_2023,D2,2023,ha,Ozone depletion,kg CFC11 eq,3.0,,4.960000000000001e-06,1 ha worked,13_chara,1.4880000000000003e-05,1.0,,3.03e-05,1 ha worked,16_chara,3.03e-05,3.0,,4.17e-06,1 ha worked,11_chara,1.251e-05,1.0,,2.13e-05,1 ha worked,12_chara,2.13e-05,1.0,,9.97e-06,1 ha worked,14_chara,9.97e-06,0.0,,3.52e-06,1 ha worked,17_chara,0.0,10.0,,3.2200000000000005e-07,1 ha worked,15_chara,3.2200000000000005e-06,9.218e-05
D2_2023,D2,2023,ha,Particulate matter,disease inc.,3.0,,8.429999999999999e-07,1 ha worked,13_chara,2.529e-06,1.0,,5.39e-06,1 ha worked,16_chara,5.39e-06,3.0,,6.229999999999999e-07,1 ha worked,11_chara,1.8689999999999998e-06,1.0,,3.6599999999999997e-06,1 ha worked,12_chara,3.6599999999999997e-06,1.0,,2.78e-06,1 ha worked,14_chara,2.78e-06,0.0,,1.42e-06,1 ha worked,17_chara,0.0,10.0,,1.22e-07,1 ha worked,15_chara,1.2200000000000002e-06,1.7448e-05
D2_2023,D2,2023,ha,Photochemical ozone formation,kg NMVOC eq,3.0,,0.305,1 ha worked,13_chara,0.915,1.0,,2.2,1 ha worked,16_chara,2.2,3.0,,0.249,1 ha worked,11_chara,0.747,1.0,,1.33,1 ha worked,12_chara,1.33,1.0,,0.67,1 ha worked,14_chara,0.67,0.0,,0.107,1 ha worked,17_chara,0.0,10.0,,0.0194,1 ha worked,15_chara,0.194,6.056
D2_2023,D2,2023,ha,"Resource use, fossils",MJ,3.0,,357.29999999999995,1 ha worked,13_chara,1071.8999999999999,1.0,,2174.67,1 ha worked,16_chara,2174.67,3.0,,273.81,1 ha worked,11_chara,821.4300000000001,1.0,,1630.72,1 ha worked,12_chara,1630.72,1.0,,863.0400000000001,1 ha worked,14_chara,863.0400000000001,0.0,,337.64000000000004,1 ha worked,17_chara,0.0,10.0,,23.53,1 ha worked,15_chara,235.3,6797.06
D2_2023,D2,2023,ha,"Resource use, minerals and metals",kg Sb eq,3.0,,0.00031400000000000004,1 ha worked,13_chara,0.0009420000000000001,1.0,,0.0025800000000000003,1 ha worked,16_chara,0.0025800000000000003,3.0,,0.000127,1 ha worked,11_chara,0.000381,1.0,,0.000917,1 ha worked,12_chara,0.000917,1.0,,0.00062,1 ha worked,14_chara,0.00062,0.0,,0.00037,1 ha worked,17_chara,0.0,10.0,,2.91e-05,1 ha worked,15_chara,0.00029099999999999997,0.005731
D2_2023,D2,2023,ha,Water use,m3 depriv.,3.0,,2.11,1 ha worked,13_chara,6.33,1.0,,12.8,1 ha worked,16_chara,12.8,3.0,,0.8550000000000001,1 ha worked,11_chara,2.5650000000000004,1.0,,7.94,1 ha worked,12_chara,7.94,1.0,,6.409999999999999,1 ha worked,14_chara,6.409999999999999,0.0,,3.44,1 ha worked,17_chara,0.0,10.0,,0.235,1 ha worked,15_chara,2.3499999999999996,38.395
D2_2024,D2,2024,ha,Acidification,mol H+ eq,3.0,,0.253,1 ha worked,13_chara,0.759,1.0,,1.7899999999999998,1 ha worked,16_chara,1.7899999999999998,3.0,,0.20199999999999999,1 ha worked,11_chara,0.606,1.0,,1.1,1 ha worked,12_chara,1.1,1.0,,0.5670000000000001,1 ha worked,14_chara,0.5670000000000001,0.0,,0.116,1 ha worked,17_chara,0.0,9.0,,0.0167,1 ha worked,15_chara,0.1503,4.9723
D2_2024,D2,2024,ha,Climate change,kg CO2 eq,3.0,,26.88,1 ha worked,13_chara,80.64,1.0,,165.89,1 ha worked,16_chara,165.89,3.0,,20.45,1 ha worked,11_chara,61.349999999999994,1.0,,124.18,1 ha worked,12_chara,124.18,1.0,,69.64999999999999,1 ha worked,14_chara,69.64999999999999,0.0,,28.27,1 ha worked,17_chara,0.0,9.0,,1.93,1 ha worked,15_chara,17.37,519.0799999999999
D2_2024,D2,2024,ha,Climate change - Biogenic,kg CO2 eq,3.0,,0.0373,1 ha worked,13_chara,0.1119,1.0,,0.17600000000000002,1 ha worked,16_chara,0.17600000000000002,3.0,,0.028499999999999998,1 ha worked,11_chara,0.08549999999999999,1.0,,0.145,1 ha worked,12_chara,0.145,1.0,,0.0992,1 ha worked,14_chara,0.0992,0.0,,0.0452,1 ha worked,17_chara,0.0,9.0,,0.0211,1 ha worked,15_chara,0.1899,0.8075000000000001
D2_2024,D2,2024,ha,Climate change - Fossil,kg CO2 eq,3.0,,26.830000000000002,1 ha worked,13_chara,80.49000000000001,1.0,,165.57999999999998,1 ha worked,16_chara,165.57999999999998,3.0,,20.41,1 ha worked,11_chara,61.230000000000004,1.0,,123.97,1 ha worked,12_chara,123.97,1.0,,69.50999999999999,1 ha worked,14_chara,69.50999999999999,0.0,,28.180000000000003,1 ha worked,17_chara,0.0,9.0,,1.9100000000000001,1 ha worked,15_chara,17.19,517.97
D2_2024,D2,2024,ha,Climate change - Land use and LU change,kg CO2 eq,3.0,,0.0178,1 ha worked,13_chara,0.0534,1.0,,0.131,1 ha worked,16_chara,0.131,3.0,,0.00673,1 ha worked,11_chara,0.02019,1.0,,0.05789999999999999,1 ha worked,12_chara,0.05789999999999999,1.0,,0.0494,1 ha worked,14_chara,0.0494,0.0,,0.0434,1 ha worked,17_chara,0.0,9.0,,0.00132,1 ha worked,15_chara,0.01188,0.32377
D2_2024,D2,2024,ha,"Ecotoxicity, freshwater",CTUe,3.0,,409.06,1 ha worked,13_chara,1227.18,1.0,,2729.37,1 ha worked,16_chara,2729.37,3.0,,235.92,1 ha worked,11_chara,707.76,1.0,,1587.99,1 ha worked,12_chara,1587.99,1.0,,1134.53,1 ha worked,14_chara,1134.53,0.0,,588.66,1 ha worked,17_chara,0.0,9.0,,32.26,1 ha worked,15_chara,290.34,7677.17
D2_2024,D2,2024,ha,"Ecotoxicity, freshwater - inorganics",CTUe,3.0,,66.27,1 ha worked,13_chara,198.81,1.0,,419.04999999999995,1 ha worked,16_chara,419.04999999999995,3.0,,48.84,1 ha worked,11_chara,146.52,1.0,,268.34,1 ha worked,12_chara,268.34,1.0,,140.05,1 ha worked,14_chara,140.05,0.0,,58.77,1 ha worked,17_chara,0.0,9.0,,4.59,1 ha worked,15_chara,41.31,1214.0799999999997
D2_2024,D2,2024,ha,"Ecotoxicity, freshwater - metals",CTUe,3.0,,322.83,1 ha worked,13_chara,968.49,1.0,,2187.8900000000003,1 ha worked,16_chara,2187.8900000000003,3.0,,170.45000000000002,1 ha worked,11_chara,511.35,1.0,,1234.5,1 ha worked,12_chara,1234.5,1.0,,954.07,1 ha worked,14_chara,954.07,0.0,,515.3100000000001,1 ha worked,17_chara,0.0,9.0,,26.36,1 ha worked,15_chara,237.24,6093.539999999999
D2_2024,D2,2024,ha,"Ecotoxicity, freshwater - organics",CTUe,3.0,,19.96,1 ha worked,13_chara,59.88,1.0,,122.43,1 ha worked,16_chara,122.43,3.0,,16.64,1 ha worked,11_chara,49.92,1.0,,85.15,1 ha worked,12_chara,85.15,1.0,,40.410000000000004,1 ha worked,14_chara,40.410000000000004,0.0,,14.58,1 ha worked,17_chara,0.0,9.0,,1.31,1 ha worked,15_chara,11.790000000000001,369.58000000000004
D2_2024,D2,2024,ha,"Eutrophication, freshwater",kg P eq,3.0,,0.00346,1 ha worked,13_chara,0.01038,1.0,,0.0236,1 ha worked,16_chara,0.0236,3.0,,0.0014600000000000001,1 ha worked,11_chara,0.00438,1.0,,0.0129,1 ha worked,12_chara,0.0129,1.0,,0.0116,1 ha worked,14_chara,0.0116,0.0,,0.00685,1 ha worked,17_chara,0.0,9.0,,0.000272,1 ha worked,15_chara,0.002448,0.065308
D2_2024,D2,2024,ha,"Eutrophication, marine",kg N eq,3.0,,0.1,1 ha worked,13_chara,0.30000000000000004,1.0,,0.729,1 ha worked,16_chara,0.729,3.0,,0.08460000000000001,1 ha worked,11_chara,0.2538,1.0,,0.444,1 ha worked,12_chara,0.444,1.0,,0.213,1 ha worked,14_chara,0.213,0.0,,0.0206,1 ha worked,17_chara,0.0,9.0,,0.0064600000000000005,1 ha worked,15_chara,0.058140000000000004,1.99794
D2_2024,D2,2024,ha,"Eutrophication, terrestrial",mol N eq,3.0,,1.1,1 ha worked,13_chara,3.3000000000000003,1.0,,7.97,1 ha worked,16_chara,7.97,3.0,,0.927,1 ha worked,11_chara,2.781,1.0,,4.86,1 ha worked,12_chara,4.86,1.0,,2.33,1 ha worked,14_chara,2.33,0.0,,0.21800000000000003,1 ha worked,17_chara,0.0,9.0,,0.0704,1 ha worked,15_chara,0.6336,21.8746
D2_2024,D2,2024,ha,"Human toxicity, cancer",CTUh,3.0,,1.96e-08,1 ha worked,13_chara,5.88e-08,1.0,,1.34e-07,1 ha worked,16_chara,1.34e-07,3.0,,1.13e-08,1 ha worked,11_chara,3.39e-08,1.0,,1.03e-07,1 ha worked,12_chara,1.03e-07,1.0,,1.14e-07,1 ha worked,14_chara,1.14e-07,0.0,,5.54e-08,1 ha worked,17_chara,0.0,9.0,,1.91e-09,1 ha worked,15_chara,1.7189999999999997e-08,4.6089e-07
D2_2024,D2,2024,ha,"Human toxicity, cancer - inorganics",CTUh,3.0,,3.85e-17,1 ha worked,13_chara,1.155e-16,1.0,,2.22e-16,1 ha worked,16_chara,2.22e-16,3.0,,1.8099999999999998e-17,1 ha worked,11_chara,5.429999999999999e-17,1.0,,1.5199999999999998e-16,1 ha worked,12_chara,1.5199999999999998e-16,1.0,,1.3300000000000002e-16,1 ha worked,14_chara,1.3300000000000002e-16,0.0,,7.46e-17,1 ha worked,17_chara,0.0,9.0,,2.89e-18,1 ha worked,15_chara,2.601e-17,7.0281e-16
D2_2024,D2,2024,ha,"Human toxicity, cancer - metals",CTUh,3.0,,1.23e-08,1 ha worked,13_chara,3.69e-08,1.0,,8.47e-08,1 ha worked,16_chara,8.47e-08,3.0,,7.91e-09,1 ha worked,11_chara,2.3729999999999998e-08,1.0,,6.970000000000001e-08,1 ha worked,12_chara,6.970000000000001e-08,1.0,,8.050000000000001e-08,1 ha worked,14_chara,8.050000000000001e-08,0.0,,3.55e-08,1 ha worked,17_chara,0.0,9.0,,1.23e-09,1 ha worked,15_chara,1.1070000000000001e-08,3.066e-07
D2_2024,D2,2024,ha,"Human toxicity, cancer - organics",CTUh,3.0,,7.2800000000000005e-09,1 ha worked,13_chara,2.1840000000000002e-08,1.0,,4.98e-08,1 ha worked,16_chara,4.98e-08,3.0,,3.4000000000000003e-09,1 ha worked,11_chara,1.02e-08,1.0,,3.3e-08,1 ha worked,12_chara,3.3e-08,1.0,,3.34e-08,1 ha worked,14_chara,3.34e-08,0.0,,2e-08,1 ha worked,17_chara,0.0,9.0,,6.829999999999999e-10,1 ha worked,15_chara,6.1469999999999996e-09,1.54387e-07
D2_2024,D2,2024,ha,"Human toxicity, non-cancer",CTUh,3.0,,5.989999999999999e-07,1 ha worked,13_chara,1.7969999999999997e-06,1.0,,3.46e-06,1 ha worked,16_chara,3.46e-06,3.0,,8.92e-07,1 ha worked,11_chara,2.676e-06,1.0,,2e-06,1 ha worked,12_chara,2e-06,1.0,,1.37e-06,1 ha worked,14_chara,1.37e-06,0.0,,1.0700000000000001e-06,1 ha worked,17_chara,0.0,9.0,,1.27e-07,1 ha worked,15_chara,1.1430000000000001e-06,1.2446e-05
D2_2024,D2,2024,ha,"Human toxicity, non-cancer - inorganics",CTUh,3.0,,1.6900000000000002e-07,1 ha worked,13_chara,5.070000000000001e-07,1.0,,1.12e-06,1 ha worked,16_chara,1.12e-06,3.0,,8.97e-08,1 ha worked,11_chara,2.691e-07,1.0,,8.100000000000001e-07,1 ha worked,12_chara,8.100000000000001e-07,1.0,,6.54e-07,1 ha worked,14_chara,6.54e-07,0.0,,3.12e-07,1 ha worked,17_chara,0.0,9.0,,1.02e-08,1 ha worked,15_chara,9.18e-08,3.4519000000000004e-06
D2_2024,D2,2024,ha,"Human toxicity, non-cancer - metals",CTUh,3.0,,4.1999999999999995e-07,1 ha worked,13_chara,1.2599999999999998e-06,1.0,,2.26e-06,1 ha worked,16_chara,2.26e-06,3.0,,7.98e-07,1 ha worked,11_chara,2.3940000000000003e-06,1.0,,1.16e-06,1 ha worked,12_chara,1.16e-06,1.0,,6.99e-07,1 ha worked,14_chara,6.99e-07,0.0,,7.47e-07,1 ha worked,17_chara,0.0,9.0,,1.16e-07,1 ha worked,15_chara,1.044e-06,8.817e-06
D2_2024,D2,2024,ha,"Human toxicity, non-cancer - organics",CTUh,3.0,,1.16e-08,1 ha worked,13_chara,3.48e-08,1.0,,8.660000000000001e-08,1 ha worked,16_chara,8.660000000000001e-08,3.0,,5.48e-09,1 ha worked,11_chara,1.644e-08,1.0,,3.8200000000000005e-08,1 ha worked,12_chara,3.8200000000000005e-08,1.0,,2.67e-08,1 ha worked,14_chara,2.67e-08,0.0,,1.5299999999999998e-08,1 ha worked,17_chara,0.0,9.0,,1.08e-09,1 ha worked,15_chara,9.72e-09,2.1246000000000004e-07
D2_2024,D2,2024,ha,Ionising radiation,kBq U-235 eq,3.0,,1.72,1 ha worked,13_chara,5.16,1.0,,10.49,1 ha worked,16_chara,10.49,3.0,,1.27,1 ha worked,11_chara,3.81,1.0,,7.89,1 ha worked,12_chara,7.89,1.0,,4.319999999999999,1 ha worked,14_chara,4.319999999999999,0.0,,1.75,1 ha worked,17_chara,0.0,9.0,,0.115,1 ha worked,15_chara,1.0350000000000001,32.705
D2_2024,D2,2024,ha,Land use,Pt,3.0,,145.23,1 ha worked,13_chara,435.68999999999994,1.0,,800.14,1 ha worked,16_chara,800.14,3.0,,137.54,1 ha worked,11_chara,412.62,1.0,,641.1899999999999,1 ha worked,12_chara,641.1899999999999,1.0,,418.1,1 ha worked,14_chara,418.1,0.0,,168.95000000000002,1 ha worked,17_chara,0.0,9.0,,100.13,1 ha worked,15_chara,901.17,3608.91
D2_2024,D2,2024,ha,Ozone depletion,kg CFC11 eq,3.0,,4.960000000000001e-06,1 ha worked,13_chara,1.4880000000000003e-05,1.0,,3.03e-05,1 ha worked,16_chara,3.03e-05,3.0,,4.17e-06,1 ha worked,11_chara,1.251e-05,1.0,,2.13e-05,1 ha worked,12_chara,2.13e-05,1.0,,9.97e-06,1 ha worked,14_chara,9.97e-06,0.0,,3.52e-06,1 ha worked,17_chara,0.0,9.0,,3.2200000000000005e-07,1 ha worked,15_chara,2.8980000000000005e-06,9.1858e-05
D2_2024,D2,2024,ha,Particulate matter,disease inc.,3.0,,8.429999999999999e-07,1 ha worked,13_chara,2.529e-06,1.0,,5.39e-06,1 ha worked,16_chara,5.39e-06,3.0,,6.229999999999999e-07,1 ha worked,11_chara,1.8689999999999998e-06,1.0,,3.6599999999999997e-06,1 ha worked,12_chara,3.6599999999999997e-06,1.0,,2.78e-06,1 ha worked,14_chara,2.78e-06,0.0,,1.42e-06,1 ha worked,17_chara,0.0,9.0,,1.22e-07,1 ha worked,15_chara,1.0980000000000001e-06,1.7326e-05
D2_2024,D2,2024,ha,Photochemical ozone formation,kg NMVOC eq,3.0,,0.305,1 ha worked,13_chara,0.915,1.0,,2.2,1 ha worked,16_chara,2.2,3.0,,0.249,1 ha worked,11_chara,0.747,1.0,,1.33,1 ha worked,12_chara,1.33,1.0,,0.67,1 ha worked,14_chara,0.67,0.0,,0.107,1 ha worked,17_chara,0.0,9.0,,0.0194,1 ha worked,15_chara,0.1746,6.0366
D2_2024,D2,2024,ha,"Resource use, fossils",MJ,3.0,,357.29999999999995,1 ha worked,13_chara,1071.8999999999999,1.0,,2174.67,1 ha worked,16_chara,2174.67,3.0,,273.81,1 ha worked,11_chara,821.4300000000001,1.0,,1630.72,1 ha worked,12_chara,1630.72,1.0,,863.0400000000001,1 ha worked,14_chara,863.0400000000001,0.0,,337.64000000000004,1 ha worked,17_chara,0.0,9.0,,23.53,1 ha worked,15_chara,211.77,6773.530000000001
D2_2024,D2,2024,ha,"Resource use, minerals and metals",kg Sb eq,3.0,,0.00031400000000000004,1 ha worked,13_chara,0.0009420000000000001,1.0,,0.0025800000000000003,1 ha worked,16_chara,0.0025800000000000003,3.0,,0.000127,1 ha worked,11_chara,0.000381,1.0,,0.000917,1 ha worked,12_chara,0.000917,1.0,,0.00062,1 ha worked,14_chara,0.00062,0.0,,0.00037,1 ha worked,17_chara,0.0,9.0,,2.91e-05,1 ha worked,15_chara,0.00026189999999999997,0.0057019
D2_2024,D2,2024,ha,Water use,m3 depriv.,3.0,,2.11,1 ha worked,13_chara,6.33,1.0,,12.8,1 ha worked,16_chara,12.8,3.0,,0.8550000000000001,1 ha worked,11_chara,2.5650000000000004,1.0,,7.94,1 ha worked,12_chara,7.94,1.0,,6.409999999999999,1 ha worked,14_chara,6.409999999999999,0.0,,3.44,1 ha worked,17_chara,0.0,9.0,,0.235,1 ha worked,15_chara,2.1149999999999998,38.160000000000004
NT1_2023,NT1,2023,ha,Acidification,mol H+ eq,2.0,,0.253,1 ha worked,13_chara,0.506,1.0,,1.7899999999999998,1 ha worked,16_chara,1.7899999999999998,0.0,,0.20199999999999999,1 ha worked,11_chara,0.0,0.0,,1.1,1 ha worked,12_chara,0.0,0.0,,0.5670000000000001,1 ha worked,14_chara,0.0,1.0,,0.116,1 ha worked,17_chara,0.116,3.0,,0.0167,1 ha worked,15_chara,0.0501,2.4621
NT1_2023,NT1,2023,ha,Climate change,kg CO2 eq,2.0,,26.88,1 ha worked,13_chara,53.76,1.0,,165.89,1 ha worked,16_chara,165.89,0.0,,20.45,1 ha worked,11_chara,0.0,0.0,,124.18,1 ha worked,12_chara,0.0,0.0,,69.64999999999999,1 ha worked,14_chara,0.0,1.0,,28.27,1 ha worked,17_chara,28.27,3.0,,1.93,1 ha worked,15_chara,5.79,253.70999999999998
NT1_2023,NT1,2023,ha,Climate change - Biogenic,kg CO2 eq,2.0,,0.0373,1 ha worked,13_chara,0.0746,1.0,,0.17600000000000002,1 ha worked,16_chara,0.17600000000000002,0.0,,0.028499999999999998,1 ha worked,11_chara,0.0,0.0,,0.145,1 ha worked,12_chara,0.0,0.0,,0.0992,1 ha worked,14_chara,0.0,1.0,,0.0452,1 ha worked,17_chara,0.0452,3.0,,0.0211,1 ha worked,15_chara,0.0633,0.3591000000000001
NT1_2023,NT1,2023,ha,Climate change - Fossil,kg CO2 eq,2.0,,26.830000000000002,1 ha worked,13_chara,53.660000000000004,1.0,,165.57999999999998,1 ha worked,16_chara,165.57999999999998,0.0,,20.41,1 ha worked,11_chara,0.0,0.0,,123.97,1 ha worked,12_chara,0.0,0.0,,69.50999999999999,1 ha worked,14_chara,0.0,1.0,,28.180000000000003,1 ha worked,17_chara,28.180000000000003,3.0,,1.9100000000000001,1 ha worked,15_chara,5.73,253.14999999999998
NT1_2023,NT1,2023,ha,Climate change - Land use and LU change,kg CO2 eq,2.0,,0.0178,1 ha worked,13_chara,0.0356,1.0,,0.131,1 ha worked,16_chara,0.131,0.0,,0.00673,1 ha worked,11_chara,0.0,0.0,,0.05789999999999999,1 ha worked,12_chara,0.0,0.0,,0.0494,1 ha worked,14_chara,0.0,1.0,,0.0434,1 ha worked,17_chara,0.0434,3.0,,0.00132,1 ha worked,15_chara,0.00396,0.21395999999999998
NT1_2023,NT1,2023,ha,"Ecotoxicity, freshwater",CTUe,2.0,,409.06,1 ha worked,13_chara,818.12,1.0,,2729.37,1 ha worked,16_chara,2729.37,0.0,,235.92,1 ha worked,11_chara,0.0,0.0,,1587.99,1 ha worked,12_chara,0.0,0.0,,1134.53,1 ha worked,14_chara,0.0,1.0,,588.66,1 ha worked,17_chara,588.66,3.0,,32.26,1 ha worked,15_chara,96.78,4232.929999999999
NT1_2023,NT1,2023,ha,"Ecotoxicity, freshwater - inorganics",CTUe,2.0,,66.27,1 ha worked,13_chara,132.54,1.0,,419.04999999999995,1 ha worked,16_chara,419.04999999999995,0.0,,48.84,1 ha worked,11_chara,0.0,0.0,,268.34,1 ha worked,12_chara,0.0,0.0,,140.05,1 ha worked,14_chara,0.0,1.0,,58.77,1 ha worked,17_chara,58.77,3.0,,4.59,1 ha worked,15_chara,13.77,624.1299999999999
NT1_2023,NT1,2023,ha,"Ecotoxicity, freshwater - metals",CTUe,2.0,,322.83,1 ha worked,13_chara,645.66,1.0,,2187.8900000000003,1 ha worked,16_chara,2187.8900000000003,0.0,,170.45000000000002,1 ha worked,11_chara,0.0,0.0,,1234.5,1 ha worked,12_chara,0.0,0.0,,954.07,1 ha worked,14_chara,0.0,1.0,,515.3100000000001,1 ha worked,17_chara,515.3100000000001,3.0,,26.36,1 ha worked,15_chara,79.08,3427.94
NT1_2023,NT1,2023,ha,"Ecotoxicity, freshwater - organics",CTUe,2.0,,19.96,1 ha worked,13_chara,39.92,1.0,,122.43,1 ha worked,16_chara,122.43,0.0,,16.64,1 ha worked,11_chara,0.0,0.0,,85.15,1 ha worked,12_chara,0.0,0.0,,40.410000000000004,1 ha worked,14_chara,0.0,1.0,,14.58,1 ha worked,17_chara,14.58,3.0,,1.31,1 ha worked,15_chara,3.93,180.86000000000004
NT1_2023,NT1,2023,ha,"Eutrophication, freshwater",kg P eq,2.0,,0.00346,1 ha worked,13_chara,0.00692,1.0,,0.0236,1 ha worked,16_chara,0.0236,0.0,,0.0014600000000000001,1 ha worked,11_chara,0.0,0.0,,0.0129,1 ha worked,12_chara,0.0,0.0,,0.0116,1 ha worked,14_chara,0.0,1.0,,0.00685,1 ha worked,17_chara,0.00685,3.0,,0.000272,1 ha worked,15_chara,0.000816,0.038186
NT1_2023,NT1,2023,ha,"Eutrophication, marine",kg N eq,2.0,,0.1,1 ha worked,13_chara,0.2,1.0,,0.729,1 ha worked,16_chara,0.729,0.0,,0.08460000000000001,1 ha worked,11_chara,0.0,0.0,,0.444,1 ha worked,12_chara,0.0,0.0,,0.213,1 ha worked,14_chara,0.0,1.0,,0.0206,1 ha worked,17_chara,0.0206,3.0,,0.0064600000000000005,1 ha worked,15_chara,0.01938,0.96898
NT1_2023,NT1,2023,ha,"Eutrophication, terrestrial",mol N eq,2.0,,1.1,1 ha worked,13_chara,2.2,1.0,,7.97,1 ha worked,16_chara,7.97,0.0,,0.927,1 ha worked,11_chara,0.0,0.0,,4.86,1 ha worked,12_chara,0.0,0.0,,2.33,1 ha worked,14_chara,0.0,1.0,,0.21800000000000003,1 ha worked,17_chara,0.21800000000000003,3.0,,0.0704,1 ha worked,15_chara,0.2112,10.5992
NT1_2023,NT1,2023,ha,"Human toxicity, cancer",CTUh,2.0,,1.96e-08,1 ha worked,13_chara,3.92e-08,1.0,,1.34e-07,1 ha worked,16_chara,1.34e-07,0.0,,1.13e-08,1 ha worked,11_chara,0.0,0.0,,1.03e-07,1 ha worked,12_chara,0.0,0.0,,1.14e-07,1 ha worked,14_chara,0.0,1.0,,5.54e-08,1 ha worked,17_chara,5.54e-08,3.0,,1.91e-09,1 ha worked,15_chara,5.729999999999999e-09,2.3433e-07
NT1_2023,NT1,2023,ha,"Human toxicity, cancer - inorganics",CTUh,2.0,,3.85e-17,1 ha worked,13_chara,7.7e-17,1.0,,2.22e-16,1 ha worked,16_chara,2.22e-16,0.0,,1.8099999999999998e-17,1 ha worked,11_chara,0.0,0.0,,1.5199999999999998e-16,1 ha worked,12_chara,0.0,0.0,,1.3300000000000002e-16,1 ha worked,14_chara,0.0,1.0,,7.46e-17,1 ha worked,17_chara,7.46e-17,3.0,,2.89e-18,1 ha worked,15_chara,8.670000000000001e-18,3.8227e-16
NT1_2023,NT1,2023,ha,"Human toxicity, cancer - metals",CTUh,2.0,,1.23e-08,1 ha worked,13_chara,2.46e-08,1.0,,8.47e-08,1 ha worked,16_chara,8.47e-08,0.0,,7.91e-09,1 ha worked,11_chara,0.0,0.0,,6.970000000000001e-08,1 ha worked,12_chara,0.0,0.0,,8.050000000000001e-08,1 ha worked,14_chara,0.0,1.0,,3.55e-08,1 ha worked,17_chara,3.55e-08,3.0,,1.23e-09,1 ha worked,15_chara,3.6900000000000003e-09,1.4849e-07
NT1_2023,NT1,2023,ha,"Human toxicity, cancer - organics",CTUh,2.0,,7.2800000000000005e-09,1 ha worked,13_chara,1.4560000000000001e-08,1.0,,4.98e-08,1 ha worked,16_chara,4.98e-08,0.0,,3.4000000000000003e-09,1 ha worked,11_chara,0.0,0.0,,3.3e-08,1 ha worked,12_chara,0.0,0.0,,3.34e-08,1 ha worked,14_chara,0.0,1.0,,2e-08,1 ha worked,17_chara,2e-08,3.0,,6.829999999999999e-10,1 ha worked,15_chara,2.049e-09,8.640899999999999e-08
NT1_2023,NT1,2023,ha,"Human toxicity, non-cancer",CTUh,2.0,,5.989999999999999e-07,1 ha worked,13_chara,1.1979999999999998e-06,1.0,,3.46e-06,1 ha worked,16_chara,3.46e-06,0.0,,8.92e-07,1 ha worked,11_chara,0.0,0.0,,2e-06,1 ha worked,12_chara,0.0,0.0,,1.37e-06,1 ha worked,14_chara,0.0,1.0,,1.0700000000000001e-06,1 ha worked,17_chara,1.0700000000000001e-06,3.0,,1.27e-07,1 ha worked,15_chara,3.8100000000000004e-07,6.109e-06
NT1_2023,NT1,2023,ha,"Human toxicity, non-cancer - inorganics",CTUh,2.0,,1.6900000000000002e-07,1 ha worked,13_chara,3.3800000000000004e-07,1.0,,1.12e-06,1 ha worked,16_chara,1.12e-06,0.0,,8.97e-08,1 ha worked,11_chara,0.0,0.0,,8.100000000000001e-07,1 ha worked,12_chara,0.0,0.0,,6.54e-07,1 ha worked,14_chara,0.0,1.0,,3.12e-07,1 ha worked,17_chara,3.12e-07,3.0,,1.02e-08,1 ha worked,15_chara,3.06e-08,1.8006e-06
NT1_2023,NT1,2023,ha,"Human toxicity, non-cancer - metals",CTUh,2.0,,4.1999999999999995e-07,1 ha worked,13_chara,8.399999999999999e-07,1.0,,2.26e-06,1 ha worked,16_chara,2.26e-06,0.0,,7.98e-07,1 ha worked,11_chara,0.0,0.0,,1.16e-06,1 ha worked,12_chara,0.0,0.0,,6.99e-07,1 ha worked,14_chara,0.0,1.0,,7.47e-07,1 ha worked,17_chara,7.47e-07,3.0,,1.16e-07,1 ha worked,15_chara,3.48e-07,4.195e-06
NT1_2023,NT1,2023,ha,"Human toxicity, non-cancer - organics",CTUh,2.0,,1.16e-08,1 ha worked,13_chara,2.32e-08,1.0,,8.660000000000001e-08,1 ha worked,16_chara,8.660000000000001e-08,0.0,,5.48e-09,1 ha worked,11_chara,0.0,0.0,,3.8200000000000005e-08,1 ha worked,12_chara,0.0,0.0,,2.67e-08,1 ha worked,14_chara,0.0,1.0,,1.5299999999999998e-08,1 ha worked,17_chara,1.5299999999999998e-08,3.0,,1.08e-09,1 ha worked,15_chara,3.24e-09,1.2834e-07
NT1_2023,NT1,2023,ha,Ionising radiation,kBq U-235 eq,2.0,,1.72,1 ha worked,13_chara,3.44,1.0,,10.49,1 ha worked,16_chara,10.49,0.0,,1.27,1 ha worked,11_chara,0.0,0.0,,7.89,1 ha worked,12_chara,0.0,0.0,,4.319999999999999,1 ha worked,14_chara,0.0,1.0,,1.75,1 ha worked,17_chara,1.75,3.0,,0.115,1 ha worked,15_chara,0.34500000000000003,16.025
NT1_2023,NT1,2023,ha,Land use,Pt,2.0,,145.23,1 ha worked,13_chara,290.46,1.0,,800.14,1 ha worked,16_chara,800.14,0.0,,137.54,1 ha worked,11_chara,0.0,0.0,,641.1899999999999,1 ha worked,12_chara,0.0,0.0,,418.1,1 ha worked,14_chara,0.0,1.0,,168.95000000000002,1 ha worked,17_chara,168.95000000000002,3.0,,100.13,1 ha worked,15_chara,300.39,1559.94
NT1_2023,NT1,2023,ha,Ozone depletion,kg CFC11 eq,2.0,,4.960000000000001e-06,1 ha worked,13_chara,9.920000000000002e-06,1.0,,3.03e-05,1 ha worked,16_chara,3.03e-05,0.0,,4.17e-06,1 ha worked,11_chara,0.0,0.0,,2.13e-05,1 ha worked,12_chara,0.0,0.0,,9.97e-06,1 ha worked,14_chara,0.0,1.0,,3.52e-06,1 ha worked,17_chara,3.52e-06,3.0,,3.2200000000000005e-07,1 ha worked,15_chara,9.660000000000002e-07,4.4706e-05
NT1_2023,NT1,2023,ha,Particulate matter,disease inc.,2.0,,8.429999999999999e-07,1 ha worked,13_chara,1.6859999999999998e-06,1.0,,5.39e-06,1 ha worked,16_chara,5.39e-06,0.0,,6.229999999999999e-07,1 ha worked,11_chara,0.0,0.0,,3.6599999999999997e-06,1 ha worked,12_chara,0.0,0.0,,2.78e-06,1 ha worked,14_chara,0.0,1.0,,1.42e-06,1 ha worked,17_chara,1.42e-06,3.0,,1.22e-07,1 ha worked,15_chara,3.66e-07,8.862e-06
NT1_2023,NT1,2023,ha,Photochemical ozone formation,kg NMVOC eq,2.0,,0.305,1 ha worked,13_chara,0.61,1.0,,2.2,1 ha worked,16_chara,2.2,0.0,,0.249,1 ha worked,11_chara,0.0,0.0,,1.33,1 ha worked,12_chara,0.0,0.0,,0.67,1 ha worked,14_chara,0.0,1.0,,0.107,1 ha worked,17_chara,0.107,3.0,,0.0194,1 ha worked,15_chara,0.0582,2.9752
NT1_2023,NT1,2023,ha,"Resource use, fossils",MJ,2.0,,357.29999999999995,1 ha worked,13_chara,714.5999999999999,1.0,,2174.67,1 ha worked,16_chara,2174.67,0.0,,273.81,1 ha worked,11_chara,0.0,0.0,,1630.72,1 ha worked,12_chara,0.0,0.0,,863.0400000000001,1 ha worked,14_chara,0.0,1.0,,337.64000000000004,1 ha worked,17_chara,337.64000000000004,3.0,,23.53,1 ha worked,15_chara,70.59,3297.5
NT1_2023,NT1,2023,ha,"Resource use, minerals and metals",kg Sb eq,2.0,,0.00031400000000000004,1 ha worked,13_chara,0.0006280000000000001,1.0,,0.0025800000000000003,1 ha worked,16_chara,0.0025800000000000003,0.0,,0.000127,1 ha worked,11_chara,0.0,0.0,,0.000917,1 ha worked,12_chara,0.0,0.0,,0.00062,1 ha worked,14_chara,0.0,1.0,,0.00037,1 ha worked,17_chara,0.00037,3.0,,2.91e-05,1 ha worked,15_chara,8.73e-05,0.0036653000000000002
NT1_2023,NT1,2023,ha,Water use,m3 depriv.,2.0,,2.11,1 ha worked,13_chara,4.22,1.0,,12.8,1 ha worked,16_chara,12.8,0.0,,0.8550000000000001,1 ha worked,11_chara,0.0,0.0,,7.94,1 ha worked,12_chara,0.0,0.0,,6.409999999999999,1 ha worked,14_chara,0.0,1.0,,3.44,1 ha worked,17_chara,3.44,3.0,,0.235,1 ha worked,15_chara,0.705,21.165
NT1_2024,NT1,2024,ha,Acidification,mol H+ eq,2.0,,0.253,1 ha worked,13_chara,0.506,1.0,,1.7899999999999998,1 ha worked,16_chara,1.7899999999999998,0.0,,0.20199999999999999,1 ha worked,11_chara,0.0,0.0,,1.1,1 ha worked,12_chara,0.0,0.0,,0.5670000000000001,1 ha worked,14_chara,0.0,1.0,,0.116,1 ha worked,17_chara,0.116,5.0,,0.0167,1 ha worked,15_chara,0.08349999999999999,2.4955
NT1_2024,NT1,2024,ha,Climate change,kg CO2 eq,2.0,,26.88,1 ha worked,13_chara,53.76,1.0,,165.89,1 ha worked,16_chara,165.89,0.0,,20.45,1 ha worked,11_chara,0.0,0.0,,124.18,1 ha worked,12_chara,0.0,0.0,,69.64999999999999,1 ha worked,14_chara,0.0,1.0,,28.27,1 ha worked,17_chara,28.27,5.0,,1.93,1 ha worked,15_chara,9.65,257.57
NT1_2024,NT1,2024,ha,Climate change - Biogenic,kg CO2 eq,2.0,,0.0373,1 ha worked,13_chara,0.0746,1.0,,0.17600000000000002,1 ha worked,16_chara,0.17600000000000002,0.0,,0.028499999999999998,1 ha worked,11_chara,0.0,0.0,,0.145,1 ha worked,12_chara,0.0,0.0,,0.0992,1 ha worked,14_chara,0.0,1.0,,0.0452,1 ha worked,17_chara,0.0452,5.0,,0.0211,1 ha worked,15_chara,0.10550000000000001,0.4013000000000001
NT1_2024,NT1,2024,ha,Climate change - Fossil,kg CO2 eq,2.0,,26.830000000000002,1 ha worked,13_chara,53.660000000000004,1.0,,165.57999999999998,1 ha worked,16_chara,165.57999999999998,0.0,,20.41,1 ha worked,11_chara,0.0,0.0,,123.97,1 ha worked,12_chara,0.0,0.0,,69.50999999999999,1 ha worked,14_chara,0.0,1.0,,28.180000000000003,1 ha worked,17_chara,28.180000000000003,5.0,,1.9100000000000001,1 ha worked,15_chara,9.55,256.96999999999997
NT1_2024,NT1,2024,ha,Climate change - Land use and LU change,kg CO2 eq,2.0,,0.0178,1 ha worked,13_chara,0.0356,1.0,,0.131,1 ha worked,16_chara,0.131,0.0,,0.00673,1 ha worked,11_chara,0.0,0.0,,0.05789999999999999,1 ha worked,12_chara,0.0,0.0,,0.0494,1 ha worked,14_chara,0.0,1.0,,0.0434,1 ha worked,17_chara,0.0434,5.0,,0.00132,1 ha worked,15_chara,0.0066,0.2166
NT1_2024,NT1,2024,ha,"Ecotoxicity, freshwater",CTUe,2.0,,409.06,1 ha worked,13_chara,818.12,1.0,,2729.37,1 ha worked,16_chara,2729.37,0.0,,235.92,1 ha worked,11_chara,0.0,0.0,,1587.99,1 ha worked,12_chara,0.0,0.0,,1134.53,1 ha worked,14_chara,0.0,1.0,,588.66,1 ha worked,17_chara,588.66,5.0,,32.26,1 ha worked,15_chara,161.29999999999998,4297.45
NT1_2024,NT1,2024,ha,"Ecotoxicity, freshwater - inorganics",CTUe,2.0,,66.27,1 ha worked,13_chara,132.54,1.0,,419.04999999999995,1 ha worked,16_chara,419.04999999999995,0.0,,48.84,1 ha worked,11_chara,0.0,0.0,,268.34,1 ha worked,12_chara,0.0,0.0,,140.05,1 ha worked,14_chara,0.0,1.0,,58.77,1 ha worked,17_chara,58.77,5.0,,4.59,1 ha worked,15_chara,22.95,633.31
NT1_2024,NT1,2024,ha,"Ecotoxicity, freshwater - metals",CTUe,2.0,,322.83,1 ha worked,13_chara,645.66,1.0,,2187.8900000000003,1 ha worked,16_chara,2187.8900000000003,0.0,,170.45000000000002,1 ha worked,11_chara,0.0,0.0,,1234.5,1 ha worked,12_chara,0.0,0.0,,954.07,1 ha worked,14_chara,0.0,1.0,,515.3100000000001,1 ha worked,17_chara,515.3100000000001,5.0,,26.36,1 ha worked,15_chara,131.8,3480.6600000000003
NT1_2024,NT1,2024,ha,"Ecotoxicity, freshwater - organics",CTUe,2.0,,19.96,1 ha worked,13_chara,39.92,1.0,,122.43,1 ha worked,16_chara,122.43,0.0,,16.64,1 ha worked,11_chara,0.0,0.0,,85.15,1 ha worked,12_chara,0.0,0.0,,40.410000000000004,1 ha worked,14_chara,0.0,1.0,,14.58,1 ha worked,17_chara,14.58,5.0,,1.31,1 ha worked,15_chara,6.550000000000001,183.48000000000005
NT1_2024,NT1,2024,ha,"Eutrophication, freshwater",kg P eq,2.0,,0.00346,1 ha worked,13_chara,0.00692,1.0,,0.0236,1 ha worked,16_chara,0.0236,0.0,,0.0014600000000000001,1 ha worked,11_chara,0.0,0.0,,0.0129,1 ha worked,12_chara,0.0,0.0,,0.0116,1 ha worked,14_chara,0.0,1.0,,0.00685,1 ha worked,17_chara,0.00685,5.0,,0.000272,1 ha worked,15_chara,0.00136,0.03873
NT1_2024,NT1,2024,ha,"Eutrophication, marine",kg N eq,2.0,,0.1,1 ha worked,13_chara,0.2,1.0,,0.729,1 ha worked,16_chara,0.729,0.0,,0.08460000000000001,1 ha worked,11_chara,0.0,0.0,,0.444,1 ha worked,12_chara,0.0,0.0,,0.213,1 ha worked,14_chara,0.0,1.0,,0.0206,1 ha worked,17_chara,0.0206,5.0,,0.0064600000000000005,1 ha worked,15_chara,0.0323,0.9819
NT1_2024,NT1,2024,ha,"Eutrophication, terrestrial",mol N eq,2.0,,1.1,1 ha worked,13_chara,2.2,1.0,,7.97,1 ha worked,16_chara,7.97,0.0,,0.927,1 ha worked,11_chara,0.0,0.0,,4.86,1 ha worked,12_chara,0.0,0.0,,2.33,1 ha worked,14_chara,0.0,1.0,,0.21800000000000003,1 ha worked,17_chara,0.21800000000000003,5.0,,0.0704,1 ha worked,15_chara,0.35200000000000004,10.74
NT1_2024,NT1,2024,ha,"Human toxicity, cancer",CTUh,2.0,,1.96e-08,1 ha worked,13_chara,3.92e-08,1.0,,1.34e-07,1 ha worked,16_chara,1.34e-07,0.0,,1.13e-08,1 ha worked,11_chara,0.0,0.0,,1.03e-07,1 ha worked,12_chara,0.0,0.0,,1.14e-07,1 ha worked,14_chara,0.0,1.0,,5.54e-08,1 ha worked,17_chara,5.54e-08,5.0,,1.91e-09,1 ha worked,15_chara,9.55e-09,2.3815000000000002e-07
NT1_2024,NT1,2024,ha,"Human toxicity, cancer - inorganics",CTUh,2.0,,3.85e-17,1 ha worked,13_chara,7.7e-17,1.0,,2.22e-16,1 ha worked,16_chara,2.22e-16,0.0,,1.8099999999999998e-17,1 ha worked,11_chara,0.0,0.0,,1.5199999999999998e-16,1 ha worked,12_chara,0.0,0.0,,1.3300000000000002e-16,1 ha worked,14_chara,0.0,1.0,,7.46e-17,1 ha worked,17_chara,7.46e-17,5.0,,2.89e-18,1 ha worked,15_chara,1.445e-17,3.8805e-16
NT1_2024,NT1,2024,ha,"Human toxicity, cancer - metals",CTUh,2.0,,1.23e-08,1 ha worked,13_chara,2.46e-08,1.0,,8.47e-08,1 ha worked,16_chara,8.47e-08,0.0,,7.91e-09,1 ha worked,11_chara,0.0,0.0,,6.970000000000001e-08,1 ha worked,12_chara,0.0,0.0,,8.050000000000001e-08,1 ha worked,14_chara,0.0,1.0,,3.55e-08,1 ha worked,17_chara,3.55e-08,5.0,,1.23e-09,1 ha worked,15_chara,6.1500000000000005e-09,1.5095e-07
NT1_2024,NT1,2024,ha,"Human toxicity, cancer - organics",CTUh,2.0,,7.2800000000000005e-09,1 ha worked,13_chara,1.4560000000000001e-08,1.0,,4.98e-08,1 ha worked,16_chara,4.98e-08,0.0,,3.4000000000000003e-09,1 ha worked,11_chara,0.0,0.0,,3.3e-08,1 ha worked,12_chara,0.0,0.0,,3.34e-08,1 ha worked,14_chara,0.0,1.0,,2e-08,1 ha worked,17_chara,2e-08,5.0,,6.829999999999999e-10,1 ha worked,15_chara,3.4149999999999995e-09,8.777499999999999e-08
NT1_2024,NT1,2024,ha,"Human toxicity, non-cancer",CTUh,2.0,,5.989999999999999e-07,1 ha worked,13_chara,1.1979999999999998e-06,1.0,,3.46e-06,1 ha worked,16_chara,3.46e-06,0.0,,8.92e-07,1 ha worked,11_chara,0.0,0.0,,2e-06,1 ha worked,12_chara,0.0,0.0,,1.37e-06,1 ha worked,14_chara,0.0,1.0,,1.0700000000000001e-06,1 ha worked,17_chara,1.0700000000000001e-06,5.0,,1.27e-07,1 ha worked,15_chara,6.350000000000001e-07,6.363e-06
NT1_2024,NT1,2024,ha,"Human toxicity, non-cancer - inorganics",CTUh,2.0,,1.6900000000000002e-07,1 ha worked,13_chara,3.3800000000000004e-07,1.0,,1.12e-06,1 ha worked,16_chara,1.12e-06,0.0,,8.97e-08,1 ha worked,11_chara,0.0,0.0,,8.100000000000001e-07,1 ha worked,12_chara,0.0,0.0,,6.54e-07,1 ha worked,14_chara,0.0,1.0,,3.12e-07,1 ha worked,17_chara,3.12e-07,5.0,,1.02e-08,1 ha worked,15_chara,5.1e-08,1.821e-06
NT1_2024,NT1,2024,ha,"Human toxicity, non-cancer - metals",CTUh,2.0,,4.1999999999999995e-07,1 ha worked,13_chara,8.399999999999999e-07,1.0,,2.26e-06,1 ha worked,16_chara,2.26e-06,0.0,,7.98e-07,1 ha worked,11_chara,0.0,0.0,,1.16e-06,1 ha worked,12_chara,0.0,0.0,,6.99e-07,1 ha worked,14_chara,0.0,1.0,,7.47e-07,1 ha worked,17_chara,7.47e-07,5.0,,1.16e-07,1 ha worked,15_chara,5.800000000000001e-07,4.427e-06
NT1_2024,NT1,2024,ha,"Human toxicity, non-cancer - organics",CTUh,2.0,,1.16e-08,1 ha worked,13_chara,2.32e-08,1.0,,8.660000000000001e-08,1 ha worked,16_chara,8.660000000000001e-08,0.0,,5.48e-09,1 ha worked,11_chara,0.0,0.0,,3.8200000000000005e-08,1 ha worked,12_chara,0.0,0.0,,2.67e-08,1 ha worked,14_chara,0.0,1.0,,1.5299999999999998e-08,1 ha worked,17_chara,1.5299999999999998e-08,5.0,,1.08e-09,1 ha worked,15_chara,5.4e-09,1.305e-07
NT1_2024,NT1,2024,ha,Ionising radiation,kBq U-235 eq,2.0,,1.72,1 ha worked,13_chara,3.44,1.0,,10.49,1 ha worked,16_chara,10.49,0.0,,1.27,1 ha worked,11_chara,0.0,0.0,,7.89,1 ha worked,12_chara,0.0,0.0,,4.319999999999999,1 ha worked,14_chara,0.0,1.0,,1.75,1 ha worked,17_chara,1.75,5.0,,0.115,1 ha worked,15_chara,0.5750000000000001,16.255
NT1_2024,NT1,2024,ha,Land use,Pt,2.0,,145.23,1 ha worked,13_chara,290.46,1.0,,800.14,1 ha worked,16_chara,800.14,0.0,,137.54,1 ha worked,11_chara,0.0,0.0,,641.1899999999999,1 ha worked,12_chara,0.0,0.0,,418.1,1 ha worked,14_chara,0.0,1.0,,168.95000000000002,1 ha worked,17_chara,168.95000000000002,5.0,,100.13,1 ha worked,15_chara,500.65,1760.1999999999998
NT1_2024,NT1,2024,ha,Ozone depletion,kg CFC11 eq,2.0,,4.960000000000001e-06,1 ha worked,13_chara,9.920000000000002e-06,1.0,,3.03e-05,1 ha worked,16_chara,3.03e-05,0.0,,4.17e-06,1 ha worked,11_chara,0.0,0.0,,2.13e-05,1 ha worked,12_chara,0.0,0.0,,9.97e-06,1 ha worked,14_chara,0.0,1.0,,3.52e-06,1 ha worked,17_chara,3.52e-06,5.0,,3.2200000000000005e-07,1 ha worked,15_chara,1.6100000000000003e-06,4.5350000000000005e-05
NT1_2024,NT1,2024,ha,Particulate matter,disease inc.,2.0,,8.429999999999999e-07,1 ha worked,13_chara,1.6859999999999998e-06,1.0,,5.39e-06,1 ha worked,16_chara,5.39e-06,0.0,,6.229999999999999e-07,1 ha worked,11_chara,0.0,0.0,,3.6599999999999997e-06,1 ha worked,12_chara,0.0,0.0,,2.78e-06,1 ha worked,14_chara,0.0,1.0,,1.42e-06,1 ha worked,17_chara,1.42e-06,5.0,,1.22e-07,1 ha worked,15_chara,6.100000000000001e-07,9.106e-06
NT1_2024,NT1,2024,ha,Photochemical ozone formation,kg NMVOC eq,2.0,,0.305,1 ha worked,13_chara,0.61,1.0,,2.2,1 ha worked,16_chara,2.2,0.0,,0.249,1 ha worked,11_chara,0.0,0.0,,1.33,1 ha worked,12_chara,0.0,0.0,,0.67,1 ha worked,14_chara,0.0,1.0,,0.107,1 ha worked,17_chara,0.107,5.0,,0.0194,1 ha worked,15_chara,0.097,3.0140000000000002
NT1_2024,NT1,2024,ha,"Resource use, fossils",MJ,2.0,,357.29999999999995,1 ha worked,13_chara,714.5999999999999,1.0,,2174.67,1 ha worked,16_chara,2174.67,0.0,,273.81,1 ha worked,11_chara,0.0,0.0,,1630.72,1 ha worked,12_chara,0.0,0.0,,863.0400000000001,1 ha worked,14_chara,0.0,1.0,,337.64000000000004,1 ha worked,17_chara,337.64000000000004,5.0,,23.53,1 ha worked,15_chara,117.65,3344.56
NT1_2024,NT1,2024,ha,"Resource use, minerals and metals",kg Sb eq,2.0,,0.00031400000000000004,1 ha worked,13_chara,0.0006280000000000001,1.0,,0.0025800000000000003,1 ha worked,16_chara,0.0025800000000000003,0.0,,0.000127,1 ha worked,11_chara,0.0,0.0,,0.000917,1 ha worked,12_chara,0.0,0.0,,0.00062,1 ha worked,14_chara,0.0,1.0,,0.00037,1 ha worked,17_chara,0.00037,5.0,,2.91e-05,1 ha worked,15_chara,0.00014549999999999999,0.0037235000000000002
NT1_2024,NT1,2024,ha,Water use,m3 depriv.,2.0,,2.11,1 ha worked,13_chara,4.22,1.0,,12.8,1 ha worked,16_chara,12.8,0.0,,0.8550000000000001,1 ha worked,11_chara,0.0,0.0,,7.94,1 ha worked,12_chara,0.0,0.0,,6.409999999999999,1 ha worked,14_chara,0.0,1.0,,3.44,1 ha worked,17_chara,3.44,5.0,,0.235,1 ha worked,15_chara,1.1749999999999998,21.635
NT2_2022,NT2,2022,ha,Acidification,mol H+ eq,2.1469147894,,0.253,1 ha worked,13_chara,0.5431694417181999,0.0,,1.7899999999999998,1 ha worked,16_chara,0.0,0.0,,0.20199999999999999,1 ha worked,11_chara,0.0,1.0,,1.1,1 ha worked,12_chara,1.1,1.0,,0.5670000000000001,1 ha worked,14_chara,0.5670000000000001,0.0,,0.116,1 ha worked,17_chara,0.0,6.0,,0.0167,1 ha worked,15_chara,0.1002,2.3103694417182004
NT2_2022,NT2,2022,ha,Climate change,kg CO2 eq,2.1469147894,,26.88,1 ha worked,13_chara,57.70906953907199,0.0,,165.89,1 ha worked,16_chara,0.0,0.0,,20.45,1 ha worked,11_chara,0.0,1.0,,124.18,1 ha worked,12_chara,124.18,1.0,,69.64999999999999,1 ha worked,14_chara,69.64999999999999,0.0,,28.27,1 ha worked,17_chara,0.0,6.0,,1.93,1 ha worked,15_chara,11.58,263.119069539072
NT2_2022,NT2,2022,ha,Climate change - Biogenic,kg CO2 eq,2.1469147894,,0.0373,1 ha worked,13_chara,0.08007992164462,0.0,,0.17600000000000002,1 ha worked,16_chara,0.0,0.0,,0.028499999999999998,1 ha worked,11_chara,0.0,1.0,,0.145,1 ha worked,12_chara,0.145,1.0,,0.0992,1 ha worked,14_chara,0.0992,0.0,,0.0452,1 ha worked,17_chara,0.0,6.0,,0.0211,1 ha worked,15_chara,0.1266,0.45087992164462
NT2_2022,NT2,2022,ha,Climate change - Fossil,kg CO2 eq,2.1469147894,,26.830000000000002,1 ha worked,13_chara,57.601723799602,0.0,,165.57999999999998,1 ha worked,16_chara,0.0,0.0,,20.41,1 ha worked,11_chara,0.0,1.0,,123.97,1 ha worked,12_chara,123.97,1.0,,69.50999999999999,1 ha worked,14_chara,69.50999999999999,0.0,,28.180000000000003,1 ha worked,17_chara,0.0,6.0,,1.9100000000000001,1 ha worked,15_chara,11.46,262.541723799602
NT2_2022,NT2,2022,ha,Climate change - Land use and LU change,kg CO2 eq,2.1469147894,,0.0178,1 ha worked,13_chara,0.038215083251319996,0.0,,0.131,1 ha worked,16_chara,0.0,0.0,,0.00673,1 ha worked,11_chara,0.0,1.0,,0.05789999999999999,1 ha worked,12_chara,0.05789999999999999,1.0,,0.0494,1 ha worked,14_chara,0.0494,0.0,,0.0434,1 ha worked,17_chara,0.0,6.0,,0.00132,1 ha worked,15_chara,0.00792,0.15343508325132
NT2_2022,NT2,2022,ha,"Ecotoxicity, freshwater",CTUe,2.1469147894,,409.06,1 ha worked,13_chara,878.2169637519639,0.0,,2729.37,1 ha worked,16_chara,0.0,0.0,,235.92,1 ha worked,11_chara,0.0,1.0,,1587.99,1 ha worked,12_chara,1587.99,1.0,,1134.53,1 ha worked,14_chara,1134.53,0.0,,588.66,1 ha worked,17_chara,0.0,6.0,,32.26,1 ha worked,15_chara,193.56,3794.296963751964
NT2_2022,NT2,2022,ha,"Ecotoxicity, freshwater - inorganics",CTUe,2.1469147894,,66.27,1 ha worked,13_chara,142.27604309353796,0.0,,419.04999999999995,1 ha worked,16_chara,0.0,0.0,,48.84,1 ha worked,11_chara,0.0,1.0,,268.34,1 ha worked,12_chara,268.34,1.0,,140.05,1 ha worked,14_chara,140.05,0.0,,58.77,1 ha worked,17_chara,0.0,6.0,,4.59,1 ha worked,15_chara,27.54,578.2060430935379
NT2_2022,NT2,2022,ha,"Ecotoxicity, freshwater - metals",CTUe,2.1469147894,,322.83,1 ha worked,13_chara,693.0885014620019,0.0,,2187.8900000000003,1 ha worked,16_chara,0.0,0.0,,170.45000000000002,1 ha worked,11_chara,0.0,1.0,,1234.5,1 ha worked,12_chara,1234.5,1.0,,954.07,1 ha worked,14_chara,954.07,0.0,,515.3100000000001,1 ha worked,17_chara,0.0,6.0,,26.36,1 ha worked,15_chara,158.16,3039.8185014620017
NT2_2022,NT2,2022,ha,"Ecotoxicity, freshwater - organics",CTUe,2.1469147894,,19.96,1 ha worked,13_chara,42.852419196423995,0.0,,122.43,1 ha worked,16_chara,0.0,0.0,,16.64,1 ha worked,11_chara,0.0,1.0,,85.15,1 ha worked,12_chara,85.15,1.0,,40.410000000000004,1 ha worked,14_chara,40.410000000000004,0.0,,14.58,1 ha worked,17_chara,0.0,6.0,,1.31,1 ha worked,15_chara,7.86,176.272419196424
NT2_2022,NT2,2022,ha,"Eutrophication, freshwater",kg P eq,2.1469147894,,0.00346,1 ha worked,13_chara,0.007428325171324,0.0,,0.0236,1 ha worked,16_chara,0.0,0.0,,0.0014600000000000001,1 ha worked,11_chara,0.0,1.0,,0.0129,1 ha worked,12_chara,0.0129,1.0,,0.0116,1 ha worked,14_chara,0.0116,0.0,,0.00685,1 ha worked,17_chara,0.0,6.0,,0.000272,1 ha worked,15_chara,0.001632,0.033560325171324
NT2_2022,NT2,2022,ha,"Eutrophication, marine",kg N eq,2.1469147894,,0.1,1 ha worked,13_chara,0.21469147893999999,0.0,,0.729,1 ha worked,16_chara,0.0,0.0,,0.08460000000000001,1 ha worked,11_chara,0.0,1.0,,0.444,1 ha worked,12_chara,0.444,1.0,,0.213,1 ha worked,14_chara,0.213,0.0,,0.0206,1 ha worked,17_chara,0.0,6.0,,0.0064600000000000005,1 ha worked,15_chara,0.03876,0.91045147894
NT2_2022,NT2,2022,ha,"Eutrophication, terrestrial",mol N eq,2.1469147894,,1.1,1 ha worked,13_chara,2.36160626834,0.0,,7.97,1 ha worked,16_chara,0.0,0.0,,0.927,1 ha worked,11_chara,0.0,1.0,,4.86,1 ha worked,12_chara,4.86,1.0,,2.33,1 ha worked,14_chara,2.33,0.0,,0.21800000000000003,1 ha worked,17_chara,0.0,6.0,,0.0704,1 ha worked,15_chara,0.4224,9.97400626834
NT2_2022,NT2,2022,ha,"Human toxicity, cancer",CTUh,2.1469147894,,1.96e-08,1 ha worked,13_chara,4.2079529872239995e-08,0.0,,1.34e-07,1 ha worked,16_chara,0.0,0.0,,1.13e-08,1 ha worked,11_chara,0.0,1.0,,1.03e-07,1 ha worked,12_chara,1.03e-07,1.0,,1.14e-07,1 ha worked,14_chara,1.14e-07,0.0,,5.54e-08,1 ha worked,17_chara,0.0,6.0,,1.91e-09,1 ha worked,15_chara,1.1459999999999998e-08,2.7053952987224004e-07
NT2_2022,NT2,2022,ha,"Human toxicity, cancer - inorganics",CTUh,2.1469147894,,3.85e-17,1 ha worked,13_chara,8.265621939189999e-17,0.0,,2.22e-16,1 ha worked,16_chara,0.0,0.0,,1.8099999999999998e-17,1 ha worked,11_chara,0.0,1.0,,1.5199999999999998e-16,1 ha worked,12_chara,1.5199999999999998e-16,1.0,,1.3300000000000002e-16,1 ha worked,14_chara,1.3300000000000002e-16,0.0,,7.46e-17,1 ha worked,17_chara,0.0,6.0,,2.89e-18,1 ha worked,15_chara,1.7340000000000002e-17,3.849962193919e-16
NT2_2022,NT2,2022,ha,"Human toxicity, cancer - metals",CTUh,2.1469147894,,1.23e-08,1 ha worked,13_chara,2.6407051909619996e-08,0.0,,8.47e-08,1 ha worked,16_chara,0.0,0.0,,7.91e-09,1 ha worked,11_chara,0.0,1.0,,6.970000000000001e-08,1 ha worked,12_chara,6.970000000000001e-08,1.0,,8.050000000000001e-08,1 ha worked,14_chara,8.050000000000001e-08,0.0,,3.55e-08,1 ha worked,17_chara,0.0,6.0,,1.23e-09,1 ha worked,15_chara,7.3800000000000006e-09,1.8398705190962002e-07
NT2_2022,NT2,2022,ha,"Human toxicity, cancer - organics",CTUh,2.1469147894,,7.2800000000000005e-09,1 ha worked,13_chara,1.5629539666832e-08,0.0,,4.98e-08,1 ha worked,16_chara,0.0,0.0,,3.4000000000000003e-09,1 ha worked,11_chara,0.0,1.0,,3.3e-08,1 ha worked,12_chara,3.3e-08,1.0,,3.34e-08,1 ha worked,14_chara,3.34e-08,0.0,,2e-08,1 ha worked,17_chara,0.0,6.0,,6.829999999999999e-10,1 ha worked,15_chara,4.098e-09,8.6127539666832e-08
NT2_2022,NT2,2022,ha,"Human toxicity, non-cancer",CTUh,2.1469147894,,5.989999999999999e-07,1 ha worked,13_chara,1.2860019588505998e-06,0.0,,3.46e-06,1 ha worked,16_chara,0.0,0.0,,8.92e-07,1 ha worked,11_chara,0.0,1.0,,2e-06,1 ha worked,12_chara,2e-06,1.0,,1.37e-06,1 ha worked,14_chara,1.37e-06,0.0,,1.0700000000000001e-06,1 ha worked,17_chara,0.0,6.0,,1.27e-07,1 ha worked,15_chara,7.620000000000001e-07,5.418001958850601e-06
NT2_2022,NT2,2022,ha,"Human toxicity, non-cancer - inorganics",CTUh,2.1469147894,,1.6900000000000002e-07,1 ha worked,13_chara,3.628285994086e-07,0.0,,1.12e-06,1 ha worked,16_chara,0.0,0.0,,8.97e-08,1 ha worked,11_chara,0.0,1.0,,8.100000000000001e-07,1 ha worked,12_chara,8.100000000000001e-07,1.0,,6.54e-07,1 ha worked,14_chara,6.54e-07,0.0,,3.12e-07,1 ha worked,17_chara,0.0,6.0,,1.02e-08,1 ha worked,15_chara,6.12e-08,1.8880285994086e-06
NT2_2022,NT2,2022,ha,"Human toxicity, non-cancer - metals",CTUh,2.1469147894,,4.1999999999999995e-07,1 ha worked,13_chara,9.017042115479998e-07,0.0,,2.26e-06,1 ha worked,16_chara,0.0,0.0,,7.98e-07,1 ha worked,11_chara,0.0,1.0,,1.16e-06,1 ha worked,12_chara,1.16e-06,1.0,,6.99e-07,1 ha worked,14_chara,6.99e-07,0.0,,7.47e-07,1 ha worked,17_chara,0.0,6.0,,1.16e-07,1 ha worked,15_chara,6.96e-07,3.4567042115479994e-06
NT2_2022,NT2,2022,ha,"Human toxicity, non-cancer - organics",CTUh,2.1469147894,,1.16e-08,1 ha worked,13_chara,2.4904211557039998e-08,0.0,,8.660000000000001e-08,1 ha worked,16_chara,0.0,0.0,,5.48e-09,1 ha worked,11_chara,0.0,1.0,,3.8200000000000005e-08,1 ha worked,12_chara,3.8200000000000005e-08,1.0,,2.67e-08,1 ha worked,14_chara,2.67e-08,0.0,,1.5299999999999998e-08,1 ha worked,17_chara,0.0,6.0,,1.08e-09,1 ha worked,15_chara,6.48e-09,9.628421155704e-08
NT2_2022,NT2,2022,ha,Ionising radiation,kBq U-235 eq,2.1469147894,,1.72,1 ha worked,13_chara,3.6926934377679994,0.0,,10.49,1 ha worked,16_chara,0.0,0.0,,1.27,1 ha worked,11_chara,0.0,1.0,,7.89,1 ha worked,12_chara,7.89,1.0,,4.319999999999999,1 ha worked,14_chara,4.319999999999999,0.0,,1.75,1 ha worked,17_chara,0.0,6.0,,0.115,1 ha worked,15_chara,0.6900000000000001,16.592693437768
NT2_2022,NT2,2022,ha,Land use,Pt,2.1469147894,,145.23,1 ha worked,13_chara,311.79643486456195,0.0,,800.14,1 ha worked,16_chara,0.0,0.0,,137.54,1 ha worked,11_chara,0.0,1.0,,641.1899999999999,1 ha worked,12_chara,641.1899999999999,1.0,,418.1,1 ha worked,14_chara,418.1,0.0,,168.95000000000002,1 ha worked,17_chara,0.0,6.0,,100.13,1 ha worked,15_chara,600.78,1971.8664348645618
NT2_2022,NT2,2022,ha,Ozone depletion,kg CFC11 eq,2.1469147894,,4.960000000000001e-06,1 ha worked,13_chara,1.0648697355424e-05,0.0,,3.03e-05,1 ha worked,16_chara,0.0,0.0,,4.17e-06,1 ha worked,11_chara,0.0,1.0,,2.13e-05,1 ha worked,12_chara,2.13e-05,1.0,,9.97e-06,1 ha worked,14_chara,9.97e-06,0.0,,3.52e-06,1 ha worked,17_chara,0.0,6.0,,3.2200000000000005e-07,1 ha worked,15_chara,1.9320000000000003e-06,4.3850697355424005e-05
NT2_2022,NT2,2022,ha,Particulate matter,disease inc.,2.1469147894,,8.429999999999999e-07,1 ha worked,13_chara,1.8098491674641996e-06,0.0,,5.39e-06,1 ha worked,16_chara,0.0,0.0,,6.229999999999999e-07,1 ha worked,11_chara,0.0,1.0,,3.6599999999999997e-06,1 ha worked,12_chara,3.6599999999999997e-06,1.0,,2.78e-06,1 ha worked,14_chara,2.78e-06,0.0,,1.42e-06,1 ha worked,17_chara,0.0,6.0,,1.22e-07,1 ha worked,15_chara,7.32e-07,8.9818491674642e-06
NT2_2022,NT2,2022,ha,Photochemical ozone formation,kg NMVOC eq,2.1469147894,,0.305,1 ha worked,13_chara,0.6548090107669999,0.0,,2.2,1 ha worked,16_chara,0.0,0.0,,0.249,1 ha worked,11_chara,0.0,1.0,,1.33,1 ha worked,12_chara,1.33,1.0,,0.67,1 ha worked,14_chara,0.67,0.0,,0.107,1 ha worked,17_chara,0.0,6.0,,0.0194,1 ha worked,15_chara,0.1164,2.771209010767
NT2_2022,NT2,2022,ha,"Resource use, fossils",MJ,2.1469147894,,357.29999999999995,1 ha worked,13_chara,767.0926542526198,0.0,,2174.67,1 ha worked,16_chara,0.0,0.0,,273.81,1 ha worked,11_chara,0.0,1.0,,1630.72,1 ha worked,12_chara,1630.72,1.0,,863.0400000000001,1 ha worked,14_chara,863.0400000000001,0.0,,337.64000000000004,1 ha worked,17_chara,0.0,6.0,,23.53,1 ha worked,15_chara,141.18,3402.0326542526195
NT2_2022,NT2,2022,ha,"Resource use, minerals and metals",kg Sb eq,2.1469147894,,0.00031400000000000004,1 ha worked,13_chara,0.0006741312438716,0.0,,0.0025800000000000003,1 ha worked,16_chara,0.0,0.0,,0.000127,1 ha worked,11_chara,0.0,1.0,,0.000917,1 ha worked,12_chara,0.000917,1.0,,0.00062,1 ha worked,14_chara,0.00062,0.0,,0.00037,1 ha worked,17_chara,0.0,6.0,,2.91e-05,1 ha worked,15_chara,0.0001746,0.0023857312438716
NT2_2022,NT2,2022,ha,Water use,m3 depriv.,2.1469147894,,2.11,1 ha worked,13_chara,4.529990205633999,0.0,,12.8,1 ha worked,16_chara,0.0,0.0,,0.8550000000000001,1 ha worked,11_chara,0.0,1.0,,7.94,1 ha worked,12_chara,7.94,1.0,,6.409999999999999,1 ha worked,14_chara,6.409999999999999,0.0,,3.44,1 ha worked,17_chara,0.0,6.0,,0.235,1 ha worked,15_chara,1.41,20.289990205634
NT2_2023,NT2,2023,ha,Acidification,mol H+ eq,2.0,,0.253,1 ha worked,13_chara,0.506,1.0,,1.7899999999999998,1 ha worked,16_chara,1.7899999999999998,0.0,,0.20199999999999999,1 ha worked,11_chara,0.0,0.0,,1.1,1 ha worked,12_chara,0.0,1.0,,0.5670000000000001,1 ha worked,14_chara,0.5670000000000001,1.0,,0.116,1 ha worked,17_chara,0.116,9.0,,0.0167,1 ha worked,15_chara,0.1503,3.1293
NT2_2023,NT2,2023,ha,Climate change,kg CO2 eq,2.0,,26.88,1 ha worked,13_chara,53.76,1.0,,165.89,1 ha worked,16_chara,165.89,0.0,,20.45,1 ha worked,11_chara,0.0,0.0,,124.18,1 ha worked,12_chara,0.0,1.0,,69.64999999999999,1 ha worked,14_chara,69.64999999999999,1.0,,28.27,1 ha worked,17_chara,28.27,9.0,,1.93,1 ha worked,15_chara,17.37,334.93999999999994
NT2_2023,NT2,2023,ha,Climate change - Biogenic,kg CO2 eq,2.0,,0.0373,1 ha worked,13_chara,0.0746,1.0,,0.17600000000000002,1 ha worked,16_chara,0.17600000000000002,0.0,,0.028499999999999998,1 ha worked,11_chara,0.0,0.0,,0.145,1 ha worked,12_chara,0.0,1.0,,0.0992,1 ha worked,14_chara,0.0992,1.0,,0.0452,1 ha worked,17_chara,0.0452,9.0,,0.0211,1 ha worked,15_chara,0.1899,0.5849000000000001
NT2_2023,NT2,2023,ha,Climate change - Fossil,kg CO2 eq,2.0,,26.830000000000002,1 ha worked,13_chara,53.660000000000004,1.0,,165.57999999999998,1 ha worked,16_chara,165.57999999999998,0.0,,20.41,1 ha worked,11_chara,0.0,0.0,,123.97,1 ha worked,12_chara,0.0,1.0,,69.50999999999999,1 ha worked,14_chara,69.50999999999999,1.0,,28.180000000000003,1 ha worked,17_chara,28.180000000000003,9.0,,1.9100000000000001,1 ha worked,15_chara,17.19,334.12
NT2_2023,NT2,2023,ha,Climate change - Land use and LU change,kg CO2 eq,2.0,,0.0178,1 ha worked,13_chara,0.0356,1.0,,0.131,1 ha worked,16_chara,0.131,0.0,,0.00673,1 ha worked,11_chara,0.0,0.0,,0.05789999999999999,1 ha worked,12_chara,0.0,1.0,,0.0494,1 ha worked,14_chara,0.0494,1.0,,0.0434,1 ha worked,17_chara,0.0434,9.0,,0.00132,1 ha worked,15_chara,0.01188,0.27128
NT2_2023,NT2,2023,ha,"Ecotoxicity, freshwater",CTUe,2.0,,409.06,1 ha worked,13_chara,818.12,1.0,,2729.37,1 ha worked,16_chara,2729.37,0.0,,235.92,1 ha worked,11_chara,0.0,0.0,,1587.99,1 ha worked,12_chara,0.0,1.0,,1134.53,1 ha worked,14_chara,1134.53,1.0,,588.66,1 ha worked,17_chara,588.66,9.0,,32.26,1 ha worked,15_chara,290.34,5561.0199999999995
NT2_2023,NT2,2023,ha,"Ecotoxicity, freshwater - inorganics",CTUe,2.0,,66.27,1 ha worked,13_chara,132.54,1.0,,419.04999999999995,1 ha worked,16_chara,419.04999999999995,0.0,,48.84,1 ha worked,11_chara,0.0,0.0,,268.34,1 ha worked,12_chara,0.0,1.0,,140.05,1 ha worked,14_chara,140.05,1.0,,58.77,1 ha worked,17_chara,58.77,9.0,,4.59,1 ha worked,15_chara,41.31,791.7199999999998
NT2_2023,NT2,2023,ha,"Ecotoxicity, freshwater - metals",CTUe,2.0,,322.83,1 ha worked,13_chara,645.66,1.0,,2187.8900000000003,1 ha worked,16_chara,2187.8900000000003,0.0,,170.45000000000002,1 ha worked,11_chara,0.0,0.0,,1234.5,1 ha worked,12_chara,0.0,1.0,,954.07,1 ha worked,14_chara,954.07,1.0,,515.3100000000001,1 ha worked,17_chara,515.3100000000001,9.0,,26.36,1 ha worked,15_chara,237.24,4540.17
NT2_2023,NT2,2023,ha,"Ecotoxicity, freshwater - organics",CTUe,2.0,,19.96,1 ha worked,13_chara,39.92,1.0,,122.43,1 ha worked,16_chara,122.43,0.0,,16.64,1 ha worked,11_chara,0.0,0.0,,85.15,1 ha worked,12_chara,0.0,1.0,,40.410000000000004,1 ha worked,14_chara,40.410000000000004,1.0,,14.58,1 ha worked,17_chara,14.58,9.0,,1.31,1 ha worked,15_chara,11.790000000000001,229.13000000000002
NT2_2023,NT2,2023,ha,"Eutrophication, freshwater",kg P eq,2.0,,0.00346,1 ha worked,13_chara,0.00692,1.0,,0.0236,1 ha worked,16_chara,0.0236,0.0,,0.0014600000000000001,1 ha worked,11_chara,0.0,0.0,,0.0129,1 ha worked,12_chara,0.0,1.0,,0.0116,1 ha worked,14_chara,0.0116,1.0,,0.00685,1 ha worked,17_chara,0.00685,9.0,,0.000272,1 ha worked,15_chara,0.002448,0.051418
NT2_2023,NT2,2023,ha,"Eutrophication, marine",kg N eq,2.0,,0.1,1 ha worked,13_chara,0.2,1.0,,0.729,1 ha worked,16_chara,0.729,0.0,,0.08460000000000001,1 ha worked,11_chara,0.0,0.0,,0.444,1 ha worked,12_chara,0.0,1.0,,0.213,1 ha worked,14_chara,0.213,1.0,,0.0206,1 ha worked,17_chara,0.0206,9.0,,0.0064600000000000005,1 ha worked,15_chara,0.058140000000000004,1.2207400000000002
NT2_2023,NT2,2023,ha,"Eutrophication, terrestrial",mol N eq,2.0,,1.1,1 ha worked,13_chara,2.2,1.0,,7.97,1 ha worked,16_chara,7.97,0.0,,0.927,1 ha worked,11_chara,0.0,0.0,,4.86,1 ha worked,12_chara,0.0,1.0,,2.33,1 ha worked,14_chara,2.33,1.0,,0.21800000000000003,1 ha worked,17_chara,0.21800000000000003,9.0,,0.0704,1 ha worked,15_chara,0.6336,13.3516
NT2_2023,NT2,2023,ha,"Human toxicity, cancer",CTUh,2.0,,1.96e-08,1 ha worked,13_chara,3.92e-08,1.0,,1.34e-07,1 ha worked,16_chara,1.34e-07,0.0,,1.13e-08,1 ha worked,11_chara,0.0,0.0,,1.03e-07,1 ha worked,12_chara,0.0,1.0,,1.14e-07,1 ha worked,14_chara,1.14e-07,1.0,,5.54e-08,1 ha worked,17_chara,5.54e-08,9.0,,1.91e-09,1 ha worked,15_chara,1.7189999999999997e-08,3.5979e-07
NT2_2023,NT2,2023,ha,"Human toxicity, cancer - inorganics",CTUh,2.0,,3.85e-17,1 ha worked,13_chara,7.7e-17,1.0,,2.22e-16,1 ha worked,16_chara,2.22e-16,0.0,,1.8099999999999998e-17,1 ha worked,11_chara,0.0,0.0,,1.5199999999999998e-16,1 ha worked,12_chara,0.0,1.0,,1.3300000000000002e-16,1 ha worked,14_chara,1.3300000000000002e-16,1.0,,7.46e-17,1 ha worked,17_chara,7.46e-17,9.0,,2.89e-18,1 ha worked,15_chara,2.601e-17,5.3261e-16
NT2_2023,NT2,2023,ha,"Human toxicity, cancer - metals",CTUh,2.0,,1.23e-08,1 ha worked,13_chara,2.46e-08,1.0,,8.47e-08,1 ha worked,16_chara,8.47e-08,0.0,,7.91e-09,1 ha worked,11_chara,0.0,0.0,,6.970000000000001e-08,1 ha worked,12_chara,0.0,1.0,,8.050000000000001e-08,1 ha worked,14_chara,8.050000000000001e-08,1.0,,3.55e-08,1 ha worked,17_chara,3.55e-08,9.0,,1.23e-09,1 ha worked,15_chara,1.1070000000000001e-08,2.3637000000000002e-07
NT2_2023,NT2,2023,ha,"Human toxicity, cancer - organics",CTUh,2.0,,7.2800000000000005e-09,1 ha worked,13_chara,1.4560000000000001e-08,1.0,,4.98e-08,1 ha worked,16_chara,4.98e-08,0.0,,3.4000000000000003e-09,1 ha worked,11_chara,0.0,0.0,,3.3e-08,1 ha worked,12_chara,0.0,1.0,,3.34e-08,1 ha worked,14_chara,3.34e-08,1.0,,2e-08,1 ha worked,17_chara,2e-08,9.0,,6.829999999999999e-10,1 ha worked,15_chara,6.1469999999999996e-09,1.23907e-07
NT2_2023,NT2,2023,ha,"Human toxicity, non-cancer",CTUh,2.0,,5.989999999999999e-07,1 ha worked,13_chara,1.1979999999999998e-06,1.0,,3.46e-06,1 ha worked,16_chara,3.46e-06,0.0,,8.92e-07,1 ha worked,11_chara,0.0,0.0,,2e-06,1 ha worked,12_chara,0.0,1.0,,1.37e-06,1 ha worked,14_chara,1.37e-06,1.0,,1.0700000000000001e-06,1 ha worked,17_chara,1.0700000000000001e-06,9.0,,1.27e-07,1 ha worked,15_chara,1.1430000000000001e-06,8.241000000000001e-06
NT2_2023,NT2,2023,ha,"Human toxicity, non-cancer - inorganics",CTUh,2.0,,1.6900000000000002e-07,1 ha worked,13_chara,3.3800000000000004e-07,1.0,,1.12e-06,1 ha worked,16_chara,1.12e-06,0.0,,8.97e-08,1 ha worked,11_chara,0.0,0.0,,8.100000000000001e-07,1 ha worked,12_chara,0.0,1.0,,6.54e-07,1 ha worked,14_chara,6.54e-07,1.0,,3.12e-07,1 ha worked,17_chara,3.12e-07,9.0,,1.02e-08,1 ha worked,15_chara,9.18e-08,2.5158000000000005e-06
NT2_2023,NT2,2023,ha,"Human toxicity, non-cancer - metals",CTUh,2.0,,4.1999999999999995e-07,1 ha worked,13_chara,8.399999999999999e-07,1.0,,2.26e-06,1 ha worked,16_chara,2.26e-06,0.0,,7.98e-07,1 ha worked,11_chara,0.0,0.0,,1.16e-06,1 ha worked,12_chara,0.0,1.0,,6.99e-07,1 ha worked,14_chara,6.99e-07,1.0,,7.47e-07,1 ha worked,17_chara,7.47e-07,9.0,,1.16e-07,1 ha worked,15_chara,1.044e-06,5.590000000000001e-06
NT2_2023,NT2,2023,ha,"Human toxicity, non-cancer - organics",CTUh,2.0,,1.16e-08,1 ha worked,13_chara,2.32e-08,1.0,,8.660000000000001e-08,1 ha worked,16_chara,8.660000000000001e-08,0.0,,5.48e-09,1 ha worked,11_chara,0.0,0.0,,3.8200000000000005e-08,1 ha worked,12_chara,0.0,1.0,,2.67e-08,1 ha worked,14_chara,2.67e-08,1.0,,1.5299999999999998e-08,1 ha worked,17_chara,1.5299999999999998e-08,9.0,,1.08e-09,1 ha worked,15_chara,9.72e-09,1.6152000000000003e-07
NT2_2023,NT2,2023,ha,Ionising radiation,kBq U-235 eq,2.0,,1.72,1 ha worked,13_chara,3.44,1.0,,10.49,1 ha worked,16_chara,10.49,0.0,,1.27,1 ha worked,11_chara,0.0,0.0,,7.89,1 ha worked,12_chara,0.0,1.0,,4.319999999999999,1 ha worked,14_chara,4.319999999999999,1.0,,1.75,1 ha worked,17_chara,1.75,9.0,,0.115,1 ha worked,15_chara,1.0350000000000001,21.035
NT2_2023,NT2,2023,ha,Land use,Pt,2.0,,145.23,1 ha worked,13_chara,290.46,1.0,,800.14,1 ha worked,16_chara,800.14,0.0,,137.54,1 ha worked,11_chara,0.0,0.0,,641.1899999999999,1 ha worked,12_chara,0.0,1.0,,418.1,1 ha worked,14_chara,418.1,1.0,,168.95000000000002,1 ha worked,17_chara,168.95000000000002,9.0,,100.13,1 ha worked,15_chara,901.17,2578.8199999999997
NT2_2023,NT2,2023,ha,Ozone depletion,kg CFC11 eq,2.0,,4.960000000000001e-06,1 ha worked,13_chara,9.920000000000002e-06,1.0,,3.03e-05,1 ha worked,16_chara,3.03e-05,0.0,,4.17e-06,1 ha worked,11_chara,0.0,0.0,,2.13e-05,1 ha worked,12_chara,0.0,1.0,,9.97e-06,1 ha worked,14_chara,9.97e-06,1.0,,3.52e-06,1 ha worked,17_chara,3.52e-06,9.0,,3.2200000000000005e-07,1 ha worked,15_chara,2.8980000000000005e-06,5.6608000000000004e-05
NT2_2023,NT2,2023,ha,Particulate matter,disease inc.,2.0,,8.429999999999999e-07,1 ha worked,13_chara,1.6859999999999998e-06,1.0,,5.39e-06,1 ha worked,16_chara,5.39e-06,0.0,,6.229999999999999e-07,1 ha worked,11_chara,0.0,0.0,,3.6599999999999997e-06,1 ha worked,12_chara,0.0,1.0,,2.78e-06,1 ha worked,14_chara,2.78e-06,1.0,,1.42e-06,1 ha worked,17_chara,1.42e-06,9.0,,1.22e-07,1 ha worked,15_chara,1.0980000000000001e-06,1.2374e-05
NT2_2023,NT2,2023,ha,Photochemical ozone formation,kg NMVOC eq,2.0,,0.305,1 ha worked,13_chara,0.61,1.0,,2.2,1 ha worked,16_chara,2.2,0.0,,0.249,1 ha worked,11_chara,0.0,0.0,,1.33,1 ha worked,12_chara,0.0,1.0,,0.67,1 ha worked,14_chara,0.67,1.0,,0.107,1 ha worked,17_chara,0.107,9.0,,0.0194,1 ha worked,15_chara,0.1746,3.7616
NT2_2023,NT2,2023,ha,"Resource use, fossils",MJ,2.0,,357.29999999999995,1 ha worked,13_chara,714.5999999999999,1.0,,2174.67,1 ha worked,16_chara,2174.67,0.0,,273.81,1 ha worked,11_chara,0.0,0.0,,1630.72,1 ha worked,12_chara,0.0,1.0,,863.0400000000001,1 ha worked,14_chara,863.0400000000001,1.0,,337.64000000000004,1 ha worked,17_chara,337.64000000000004,9.0,,23.53,1 ha worked,15_chara,211.77,4301.72
NT2_2023,NT2,2023,ha,"Resource use, minerals and metals",kg Sb eq,2.0,,0.00031400000000000004,1 ha worked,13_chara,0.0006280000000000001,1.0,,0.0025800000000000003,1 ha worked,16_chara,0.0025800000000000003,0.0,,0.000127,1 ha worked,11_chara,0.0,0.0,,0.000917,1 ha worked,12_chara,0.0,1.0,,0.00062,1 ha worked,14_chara,0.00062,1.0,,0.00037,1 ha worked,17_chara,0.00037,9.0,,2.91e-05,1 ha worked,15_chara,0.00026189999999999997,0.0044599
NT2_2023,NT2,2023,ha,Water use,m3 depriv.,2.0,,2.11,1 ha worked,13_chara,4.22,1.0,,12.8,1 ha worked,16_chara,12.8,0.0,,0.8550000000000001,1 ha worked,11_chara,0.0,0.0,,7.94,1 ha worked,12_chara,0.0,1.0,,6.409999999999999,1 ha worked,14_chara,6.409999999999999,1.0,,3.44,1 ha worked,17_chara,3.44,9.0,,0.235,1 ha worked,15_chara,2.1149999999999998,28.985
NT2_2024,NT2,2024,ha,Acidification,mol H+ eq,2.0,,0.253,1 ha worked,13_chara,0.506,1.0,,1.7899999999999998,1 ha worked,16_chara,1.7899999999999998,0.0,,0.20199999999999999,1 ha worked,11_chara,0.0,0.0,,1.1,1 ha worked,12_chara,0.0,1.0,,0.5670000000000001,1 ha worked,14_chara,0.5670000000000001,1.0,,0.116,1 ha worked,17_chara,0.116,6.0,,0.0167,1 ha worked,15_chara,0.1002,3.0792
NT2_2024,NT2,2024,ha,Climate change,kg CO2 eq,2.0,,26.88,1 ha worked,13_chara,53.76,1.0,,165.89,1 ha worked,16_chara,165.89,0.0,,20.45,1 ha worked,11_chara,0.0,0.0,,124.18,1 ha worked,12_chara,0.0,1.0,,69.64999999999999,1 ha worked,14_chara,69.64999999999999,1.0,,28.27,1 ha worked,17_chara,28.27,6.0,,1.93,1 ha worked,15_chara,11.58,329.1499999999999
NT2_2024,NT2,2024,ha,Climate change - Biogenic,kg CO2 eq,2.0,,0.0373,1 ha worked,13_chara,0.0746,1.0,,0.17600000000000002,1 ha worked,16_chara,0.17600000000000002,0.0,,0.028499999999999998,1 ha worked,11_chara,0.0,0.0,,0.145,1 ha worked,12_chara,0.0,1.0,,0.0992,1 ha worked,14_chara,0.0992,1.0,,0.0452,1 ha worked,17_chara,0.0452,6.0,,0.0211,1 ha worked,15_chara,0.1266,0.5216000000000001
NT2_2024,NT2,2024,ha,Climate change - Fossil,kg CO2 eq,2.0,,26.830000000000002,1 ha worked,13_chara,53.660000000000004,1.0,,165.57999999999998,1 ha worked,16_chara,165.57999999999998,0.0,,20.41,1 ha worked,11_chara,0.0,0.0,,123.97,1 ha worked,12_chara,0.0,1.0,,69.50999999999999,1 ha worked,14_chara,69.50999999999999,1.0,,28.180000000000003,1 ha worked,17_chara,28.180000000000003,6.0,,1.9100000000000001,1 ha worked,15_chara,11.46,328.39
NT2_2024,NT2,2024,ha,Climate change - Land use and LU change,kg CO2 eq,2.0,,0.0178,1 ha worked,13_chara,0.0356,1.0,,0.131,1 ha worked,16_chara,0.131,0.0,,0.00673,1 ha worked,11_chara,0.0,0.0,,0.05789999999999999,1 ha worked,12_chara,0.0,1.0,,0.0494,1 ha worked,14_chara,0.0494,1.0,,0.0434,1 ha worked,17_chara,0.0434,6.0,,0.00132,1 ha worked,15_chara,0.00792,0.26732
NT2_2024,NT2,2024,ha,"Ecotoxicity, freshwater",CTUe,2.0,,409.06,1 ha worked,13_chara,818.12,1.0,,2729.37,1 ha worked,16_chara,2729.37,0.0,,235.92,1 ha worked,11_chara,0.0,0.0,,1587.99,1 ha worked,12_chara,0.0,1.0,,1134.53,1 ha worked,14_chara,1134.53,1.0,,588.66,1 ha worked,17_chara,588.66,6.0,,32.26,1 ha worked,15_chara,193.56,5464.24
NT2_2024,NT2,2024,ha,"Ecotoxicity, freshwater - inorganics",CTUe,2.0,,66.27,1 ha worked,13_chara,132.54,1.0,,419.04999999999995,1 ha worked,16_chara,419.04999999999995,0.0,,48.84,1 ha worked,11_chara,0.0,0.0,,268.34,1 ha worked,12_chara,0.0,1.0,,140.05,1 ha worked,14_chara,140.05,1.0,,58.77,1 ha worked,17_chara,58.77,6.0,,4.59,1 ha worked,15_chara,27.54,777.9499999999998
NT2_2024,NT2,2024,ha,"Ecotoxicity, freshwater - metals",CTUe,2.0,,322.83,1 ha worked,13_chara,645.66,1.0,,2187.8900000000003,1 ha worked,16_chara,2187.8900000000003,0.0,,170.45000000000002,1 ha worked,11_chara,0.0,0.0,,1234.5,1 ha worked,12_chara,0.0,1.0,,954.07,1 ha worked,14_chara,954.07,1.0,,515.3100000000001,1 ha worked,17_chara,515.3100000000001,6.0,,26.36,1 ha worked,15_chara,158.16,4461.09
NT2_2024,NT2,2024,ha,"Ecotoxicity, freshwater - organics",CTUe,2.0,,19.96,1 ha worked,13_chara,39.92,1.0,,122.43,1 ha worked,16_chara,122.43,0.0,,16.64,1 ha worked,11_chara,0.0,0.0,,85.15,1 ha worked,12_chara,0.0,1.0,,40.410000000000004,1 ha worked,14_chara,40.410000000000004,1.0,,14.58,1 ha worked,17_chara,14.58,6.0,,1.31,1 ha worked,15_chara,7.86,225.20000000000005
NT2_2024,NT2,2024,ha,"Eutrophication, freshwater",kg P eq,2.0,,0.00346,1 ha worked,13_chara,0.00692,1.0,,0.0236,1 ha worked,16_chara,0.0236,0.0,,0.0014600000000000001,1 ha worked,11_chara,0.0,0.0,,0.0129,1 ha worked,12_chara,0.0,1.0,,0.0116,1 ha worked,14_chara,0.0116,1.0,,0.00685,1 ha worked,17_chara,0.00685,6.0,,0.000272,1 ha worked,15_chara,0.001632,0.050602
NT2_2024,NT2,2024,ha,"Eutrophication, marine",kg N eq,2.0,,0.1,1 ha worked,13_chara,0.2,1.0,,0.729,1 ha worked,16_chara,0.729,0.0,,0.08460000000000001,1 ha worked,11_chara,0.0,0.0,,0.444,1 ha worked,12_chara,0.0,1.0,,0.213,1 ha worked,14_chara,0.213,1.0,,0.0206,1 ha worked,17_chara,0.0206,6.0,,0.0064600000000000005,1 ha worked,15_chara,0.03876,1.20136
NT2_2024,NT2,2024,ha,"Eutrophication, terrestrial",mol N eq,2.0,,1.1,1 ha worked,13_chara,2.2,1.0,,7.97,1 ha worked,16_chara,7.97,0.0,,0.927,1 ha worked,11_chara,0.0,0.0,,4.86,1 ha worked,12_chara,0.0,1.0,,2.33,1 ha worked,14_chara,2.33,1.0,,0.21800000000000003,1 ha worked,17_chara,0.21800000000000003,6.0,,0.0704,1 ha worked,15_chara,0.4224,13.1404
NT2_2024,NT2,2024,ha,"Human toxicity, cancer",CTUh,2.0,,1.96e-08,1 ha worked,13_chara,3.92e-08,1.0,,1.34e-07,1 ha worked,16_chara,1.34e-07,0.0,,1.13e-08,1 ha worked,11_chara,0.0,0.0,,1.03e-07,1 ha worked,12_chara,0.0,1.0,,1.14e-07,1 ha worked,14_chara,1.14e-07,1.0,,5.54e-08,1 ha worked,17_chara,5.54e-08,6.0,,1.91e-09,1 ha worked,15_chara,1.1459999999999998e-08,3.5406e-07
NT2_2024,NT2,2024,ha,"Human toxicity, cancer - inorganics",CTUh,2.0,,3.85e-17,1 ha worked,13_chara,7.7e-17,1.0,,2.22e-16,1 ha worked,16_chara,2.22e-16,0.0,,1.8099999999999998e-17,1 ha worked,11_chara,0.0,0.0,,1.5199999999999998e-16,1 ha worked,12_chara,0.0,1.0,,1.3300000000000002e-16,1 ha worked,14_chara,1.3300000000000002e-16,1.0,,7.46e-17,1 ha worked,17_chara,7.46e-17,6.0,,2.89e-18,1 ha worked,15_chara,1.7340000000000002e-17,5.2394e-16
NT2_2024,NT2,2024,ha,"Human toxicity, cancer - metals",CTUh,2.0,,1.23e-08,1 ha worked,13_chara,2.46e-08,1.0,,8.47e-08,1 ha worked,16_chara,8.47e-08,0.0,,7.91e-09,1 ha worked,11_chara,0.0,0.0,,6.970000000000001e-08,1 ha worked,12_chara,0.0,1.0,,8.050000000000001e-08,1 ha worked,14_chara,8.050000000000001e-08,1.0,,3.55e-08,1 ha worked,17_chara,3.55e-08,6.0,,1.23e-09,1 ha worked,15_chara,7.3800000000000006e-09,2.3268000000000002e-07
NT2_2024,NT2,2024,ha,"Human toxicity, cancer - organics",CTUh,2.0,,7.2800000000000005e-09,1 ha worked,13_chara,1.4560000000000001e-08,1.0,,4.98e-08,1 ha worked,16_chara,4.98e-08,0.0,,3.4000000000000003e-09,1 ha worked,11_chara,0.0,0.0,,3.3e-08,1 ha worked,12_chara,0.0,1.0,,3.34e-08,1 ha worked,14_chara,3.34e-08,1.0,,2e-08,1 ha worked,17_chara,2e-08,6.0,,6.829999999999999e-10,1 ha worked,15_chara,4.098e-09,1.2185799999999998e-07
NT2_2024,NT2,2024,ha,"Human toxicity, non-cancer",CTUh,2.0,,5.989999999999999e-07,1 ha worked,13_chara,1.1979999999999998e-06,1.0,,3.46e-06,1 ha worked,16_chara,3.46e-06,0.0,,8.92e-07,1 ha worked,11_chara,0.0,0.0,,2e-06,1 ha worked,12_chara,0.0,1.0,,1.37e-06,1 ha worked,14_chara,1.37e-06,1.0,,1.0700000000000001e-06,1 ha worked,17_chara,1.0700000000000001e-06,6.0,,1.27e-07,1 ha worked,15_chara,7.620000000000001e-07,7.860000000000001e-06
NT2_2024,NT2,2024,ha,"Human toxicity, non-cancer - inorganics",CTUh,2.0,,1.6900000000000002e-07,1 ha worked,13_chara,3.3800000000000004e-07,1.0,,1.12e-06,1 ha worked,16_chara,1.12e-06,0.0,,8.97e-08,1 ha worked,11_chara,0.0,0.0,,8.100000000000001e-07,1 ha worked,12_chara,0.0,1.0,,6.54e-07,1 ha worked,14_chara,6.54e-07,1.0,,3.12e-07,1 ha worked,17_chara,3.12e-07,6.0,,1.02e-08,1 ha worked,15_chara,6.12e-08,2.4852000000000004e-06
NT2_2024,NT2,2024,ha,"Human toxicity, non-cancer - metals",CTUh,2.0,,4.1999999999999995e-07,1 ha worked,13_chara,8.399999999999999e-07,1.0,,2.26e-06,1 ha worked,16_chara,2.26e-06,0.0,,7.98e-07,1 ha worked,11_chara,0.0,0.0,,1.16e-06,1 ha worked,12_chara,0.0,1.0,,6.99e-07,1 ha worked,14_chara,6.99e-07,1.0,,7.47e-07,1 ha worked,17_chara,7.47e-07,6.0,,1.16e-07,1 ha worked,15_chara,6.96e-07,5.242e-06
NT2_2024,NT2,2024,ha,"Human toxicity, non-cancer - organics",CTUh,2.0,,1.16e-08,1 ha worked,13_chara,2.32e-08,1.0,,8.660000000000001e-08,1 ha worked,16_chara,8.660000000000001e-08,0.0,,5.48e-09,1 ha worked,11_chara,0.0,0.0,,3.8200000000000005e-08,1 ha worked,12_chara,0.0,1.0,,2.67e-08,1 ha worked,14_chara,2.67e-08,1.0,,1.5299999999999998e-08,1 ha worked,17_chara,1.5299999999999998e-08,6.0,,1.08e-09,1 ha worked,15_chara,6.48e-09,1.5828e-07
NT2_2024,NT2,2024,ha,Ionising radiation,kBq U-235 eq,2.0,,1.72,1 ha worked,13_chara,3.44,1.0,,10.49,1 ha worked,16_chara,10.49,0.0,,1.27,1 ha worked,11_chara,0.0,0.0,,7.89,1 ha worked,12_chara,0.0,1.0,,4.319999999999999,1 ha worked,14_chara,4.319999999999999,1.0,,1.75,1 ha worked,17_chara,1.75,6.0,,0.115,1 ha worked,15_chara,0.6900000000000001,20.69
NT2_2024,NT2,2024,ha,Land use,Pt,2.0,,145.23,1 ha worked,13_chara,290.46,1.0,,800.14,1 ha worked,16_chara,800.14,0.0,,137.54,1 ha worked,11_chara,0.0,0.0,,641.1899999999999,1 ha worked,12_chara,0.0,1.0,,418.1,1 ha worked,14_chara,418.1,1.0,,168.95000000000002,1 ha worked,17_chara,168.95000000000002,6.0,,100.13,1 ha worked,15_chara,600.78,2278.43
NT2_2024,NT2,2024,ha,Ozone depletion,kg CFC11 eq,2.0,,4.960000000000001e-06,1 ha worked,13_chara,9.920000000000002e-06,1.0,,3.03e-05,1 ha worked,16_chara,3.03e-05,0.0,,4.17e-06,1 ha worked,11_chara,0.0,0.0,,2.13e-05,1 ha worked,12_chara,0.0,1.0,,9.97e-06,1 ha worked,14_chara,9.97e-06,1.0,,3.52e-06,1 ha worked,17_chara,3.52e-06,6.0,,3.2200000000000005e-07,1 ha worked,15_chara,1.9320000000000003e-06,5.564200000000001e-05
NT2_2024,NT2,2024,ha,Particulate matter,disease inc.,2.0,,8.429999999999999e-07,1 ha worked,13_chara,1.6859999999999998e-06,1.0,,5.39e-06,1 ha worked,16_chara,5.39e-06,0.0,,6.229999999999999e-07,1 ha worked,11_chara,0.0,0.0,,3.6599999999999997e-06,1 ha worked,12_chara,0.0,1.0,,2.78e-06,1 ha worked,14_chara,2.78e-06,1.0,,1.42e-06,1 ha worked,17_chara,1.42e-06,6.0,,1.22e-07,1 ha worked,15_chara,7.32e-07,1.2008000000000001e-05
NT2_2024,NT2,2024,ha,Photochemical ozone formation,kg NMVOC eq,2.0,,0.305,1 ha worked,13_chara,0.61,1.0,,2.2,1 ha worked,16_chara,2.2,0.0,,0.249,1 ha worked,11_chara,0.0,0.0,,1.33,1 ha worked,12_chara,0.0,1.0,,0.67,1 ha worked,14_chara,0.67,1.0,,0.107,1 ha worked,17_chara,0.107,6.0,,0.0194,1 ha worked,15_chara,0.1164,3.7034000000000002
NT2_2024,NT2,2024,ha,"Resource use, fossils",MJ,2.0,,357.29999999999995,1 ha worked,13_chara,714.5999999999999,1.0,,2174.67,1 ha worked,16_chara,2174.67,0.0,,273.81,1 ha worked,11_chara,0.0,0.0,,1630.72,1 ha worked,12_chara,0.0,1.0,,863.0400000000001,1 ha worked,14_chara,863.0400000000001,1.0,,337.64000000000004,1 ha worked,17_chara,337.64000000000004,6.0,,23.53,1 ha worked,15_chara,141.18,4231.13
NT2_2024,NT2,2024,ha,"Resource use, minerals and metals",kg Sb eq,2.0,,0.00031400000000000004,1 ha worked,13_chara,0.0006280000000000001,1.0,,0.0025800000000000003,1 ha worked,16_chara,0.0025800000000000003,0.0,,0.000127,1 ha worked,11_chara,0.0,0.0,,0.000917,1 ha worked,12_chara,0.0,1.0,,0.00062,1 ha worked,14_chara,0.00062,1.0,,0.00037,1 ha worked,17_chara,0.00037,6.0,,2.91e-05,1 ha worked,15_chara,0.0001746,0.0043726
NT2_2024,NT2,2024,ha,Water use,m3 depriv.,2.0,,2.11,1 ha worked,13_chara,4.22,1.0,,12.8,1 ha worked,16_chara,12.8,0.0,,0.8550000000000001,1 ha worked,11_chara,0.0,0.0,,7.94,1 ha worked,12_chara,0.0,1.0,,6.409999999999999,1 ha worked,14_chara,6.409999999999999,1.0,,3.44,1 ha worked,17_chara,3.44,6.0,,0.235,1 ha worked,15_chara,1.41,28.28
