dmu_id,farmer_id,year,basis,impact_category,impact_unit,n_amount_kg_ha,p_amount_kg_ha,k_amount_kg_ha,n_amount_kg_tonne,p_amount_kg_tonne,k_amount_kg_tonne,n_factor_per_unit,p_factor_per_unit,k_factor_per_unit,n_factor_unit,p_factor_unit,k_factor_unit,n_characterisation_sheet,p_characterisation_sheet,k_characterisation_sheet,n_single_score_file,p_single_score_file,k_single_score_file,n_impact,p_impact,k_impact,fertilisation_total_impact
C1_2022,C1,2022,tonne,Acidification,mol H+ eq,,,,28.08,6.77,0.0,0.057621,0.028972,0.018432,1 kg N,1 kg P2O5,1 kg K2O,8_chara,9_chara,10_chara,,,,1.6179976799999998,0.19614044,0.0,1.8141381199999997
C1_2022,C1,2022,tonne,Climate change,kg CO2 eq,,,,28.08,6.77,0.0,3.754282,2.846359,2.817321,1 kg N,1 kg P2O5,1 kg K2O,8_chara,9_chara,10_chara,,,,105.42023855999999,19.269850429999998,0.0,124.69008898999999
C1_2022,C1,2022,tonne,Climate change - Biogenic,kg CO2 eq,,,,28.08,6.77,0.0,0.001325,0.002609,0.002402,1 kg N,1 kg P2O5,1 kg K2O,8_chara,9_chara,10_chara,,,,0.037205999999999996,0.01766293,0.0,0.054868929999999996
C1_2022,C1,2022,tonne,Climate change - Fossil,kg CO2 eq,,,,28.08,6.77,0.0,3.752439,2.829413,2.809194,1 kg N,1 kg P2O5,1 kg K2O,8_chara,9_chara,10_chara,,,,105.36848711999998,19.15512601,0.0,124.52361312999999
C1_2022,C1,2022,tonne,Climate change - Land use and LU change,kg CO2 eq,,,,28.08,6.77,0.0,0.000518,0.014337,0.005725,1 kg N,1 kg P2O5,1 kg K2O,8_chara,9_chara,10_chara,,,,0.01454544,0.09706149,0.0,0.11160693
C1_2022,C1,2022,tonne,"Ecotoxicity, freshwater",CTUe,,,,28.08,6.77,0.0,24.51813,397.7709,2018.182,1 kg N,1 kg P2O5,1 kg K2O,8_chara,9_chara,10_chara,,,,688.4690903999999,2692.9089929999996,0.0,3381.3780833999995
C1_2022,C1,2022,tonne,"Ecotoxicity, freshwater - inorganics",CTUe,,,,28.08,6.77,0.0,7.823272,76.92257,397.7561,1 kg N,1 kg P2O5,1 kg K2O,8_chara,9_chara,10_chara,,,,219.67747776,520.7657988999999,0.0,740.4432766599999
C1_2022,C1,2022,tonne,"Ecotoxicity, freshwater - metals",CTUe,,,,28.08,6.77,0.0,16.52071,320.1271,1619.55,1 kg N,1 kg P2O5,1 kg K2O,8_chara,9_chara,10_chara,,,,463.90153680000003,2167.2604669999996,0.0,2631.1620037999996
C1_2022,C1,2022,tonne,"Ecotoxicity, freshwater - organics",CTUe,,,,28.08,6.77,0.0,0.174143,0.721252,0.87605,1 kg N,1 kg P2O5,1 kg K2O,8_chara,9_chara,10_chara,,,,4.8899354399999995,4.882876039999999,0.0,9.772811479999998
C1_2022,C1,2022,tonne,"Eutrophication, freshwater",kg P eq,,,,28.08,6.77,0.0,0.000222,0.000952,0.000618,1 kg N,1 kg P2O5,1 kg K2O,8_chara,9_chara,10_chara,,,,0.00623376,0.00644504,0.0,0.0126788
C1_2022,C1,2022,tonne,"Eutrophication, marine",kg N eq,,,,28.08,6.77,0.0,0.002677,0.002767,0.002898,1 kg N,1 kg P2O5,1 kg K2O,8_chara,9_chara,10_chara,,,,0.07517016,0.018732589999999997,0.0,0.09390275
C1_2022,C1,2022,tonne,"Eutrophication, terrestrial",mol N eq,,,,28.08,6.77,0.0,0.241389,0.052171,0.058383,1 kg N,1 kg P2O5,1 kg K2O,8_chara,9_chara,10_chara,,,,6.77820312,0.35319767,0.0,7.13140079
C1_2022,C1,2022,tonne,"Human toxicity, cancer",CTUh,,,,28.08,6.77,0.0,5.34e-10,2.54e-09,1.77e-09,1 kg N,1 kg P2O5,1 kg K2O,8_chara,9_chara,10_chara,,,,1.499472e-08,1.71958e-08,0.0,3.219052e-08
C1_2022,C1,2022,tonne,"Human toxicity, cancer - inorganics",CTUh,,,,28.08,6.77,0.0,0.0,6.21e-18,5.01e-18,1 kg N,1 kg P2O5,1 kg K2O,8_chara,9_chara,10_chara,,,,0.0,4.20417e-17,0.0,4.20417e-17
C1_2022,C1,2022,tonne,"Human toxicity, cancer - metals",CTUh,,,,28.08,6.77,0.0,3.5e-10,2.13e-09,1.34e-09,1 kg N,1 kg P2O5,1 kg K2O,8_chara,9_chara,10_chara,,,,9.827999999999999e-09,1.4420099999999998e-08,0.0,2.42481e-08
C1_2022,C1,2022,tonne,"Human toxicity, cancer - organics",CTUh,,,,28.08,6.77,0.0,1.84e-10,4.05e-10,4.32e-10,1 kg N,1 kg P2O5,1 kg K2O,8_chara,9_chara,10_chara,,,,5.16672e-09,2.74185e-09,0.0,7.90857e-09
C1_2022,C1,2022,tonne,"Human toxicity, non-cancer",CTUh,,,,28.08,6.77,0.0,2e-08,6.49e-08,9.9e-08,1 kg N,1 kg P2O5,1 kg K2O,8_chara,9_chara,10_chara,,,,5.615999999999999e-07,4.39373e-07,0.0,1.000973e-06
C1_2022,C1,2022,tonne,"Human toxicity, non-cancer - inorganics",CTUh,,,,28.08,6.77,0.0,1.72e-09,1.45e-08,6.51e-08,1 kg N,1 kg P2O5,1 kg K2O,8_chara,9_chara,10_chara,,,,4.82976e-08,9.8165e-08,0.0,1.464626e-07
C1_2022,C1,2022,tonne,"Human toxicity, non-cancer - metals",CTUh,,,,28.08,6.77,0.0,1.73e-08,4.89e-08,3.21e-08,1 kg N,1 kg P2O5,1 kg K2O,8_chara,9_chara,10_chara,,,,4.85784e-07,3.3105299999999997e-07,0.0,8.168369999999999e-07
C1_2022,C1,2022,tonne,"Human toxicity, non-cancer - organics",CTUh,,,,28.08,6.77,0.0,1.35e-09,1.78e-09,2.01e-09,1 kg N,1 kg P2O5,1 kg K2O,8_chara,9_chara,10_chara,,,,3.7908e-08,1.20506e-08,0.0,4.9958599999999996e-08
C1_2022,C1,2022,tonne,Ionising radiation,kBq U-235 eq,,,,28.08,6.77,0.0,0.099841,0.337545,0.245573,1 kg N,1 kg P2O5,1 kg K2O,8_chara,9_chara,10_chara,,,,2.8035352799999997,2.28517965,0.0,5.08871493
C1_2022,C1,2022,tonne,Land use,Pt,,,,28.08,6.77,0.0,2.291069,30.93982,25.134,1 kg N,1 kg P2O5,1 kg K2O,8_chara,9_chara,10_chara,,,,64.33321751999999,209.4625814,0.0,273.79579892
C1_2022,C1,2022,tonne,Ozone depletion,kg CFC11 eq,,,,28.08,6.77,0.0,3.58e-07,3.47e-07,3.94e-07,1 kg N,1 kg P2O5,1 kg K2O,8_chara,9_chara,10_chara,,,,1.0052639999999999e-05,2.34919e-06,0.0,1.2401829999999999e-05
C1_2022,C1,2022,tonne,Particulate matter,disease inc.,,,,28.08,6.77,0.0,3.99e-07,2.34e-07,2.27e-07,1 kg N,1 kg P2O5,1 kg K2O,8_chara,9_chara,10_chara,,,,1.120392e-05,1.5841799999999999e-06,0.0,1.2788099999999999e-05
C1_2022,C1,2022,tonne,Photochemical ozone formation,kg NMVOC eq,,,,28.08,6.77,0.0,0.003983,0.00811,0.007996,1 kg N,1 kg P2O5,1 kg K2O,8_chara,9_chara,10_chara,,,,0.11184264000000001,0.054904699999999994,0.0,0.16674734
C1_2022,C1,2022,tonne,"Resource use, fossils",MJ,,,,28.08,6.77,0.0,46.52414,42.89925,42.33106,1 kg N,1 kg P2O5,1 kg K2O,8_chara,9_chara,10_chara,,,,1306.3978512,290.4279225,0.0,1596.8257737000001
C1_2022,C1,2022,tonne,"Resource use, minerals and metals",kg Sb eq,,,,28.08,6.77,0.0,2.71e-05,5.39e-05,5.15e-05,1 kg N,1 kg P2O5,1 kg K2O,8_chara,9_chara,10_chara,,,,0.000760968,0.00036490299999999997,0.0,0.001125871
C1_2022,C1,2022,tonne,Water use,m3 depriv.,,,,28.08,6.77,0.0,0.21489,1.587446,1.186461,1 kg N,1 kg P2O5,1 kg K2O,8_chara,9_chara,10_chara,,,,6.0341112,10.74700942,0.0,16.78112062
C1_2023,C1,2023,tonne,Acidification,mol H+ eq,,,,28.42,6.61,0.0,0.057621,0.028972,0.018432,1 kg N,1 kg P2O5,1 kg K2O,8_chara,9_chara,10_chara,,,,1.6375888200000002,0.19150492000000002,0.0,1.8290937400000002
C1_2023,C1,2023,tonne,Climate change,kg CO2 eq,,,,28.42,6.61,0.0,3.754282,2.846359,2.817321,1 kg N,1 kg P2O5,1 kg K2O,8_chara,9_chara,10_chara,,,,106.69669444,18.81443299,0.0,125.51112743
C1_2023,C1,2023,tonne,Climate change - Biogenic,kg CO2 eq,,,,28.42,6.61,0.0,0.001325,0.002609,0.002402,1 kg N,1 kg P2O5,1 kg K2O,8_chara,9_chara,10_chara,,,,0.0376565,0.017245490000000002,0.0,0.054901990000000005
C1_2023,C1,2023,tonne,Climate change - Fossil,kg CO2 eq,,,,28.42,6.61,0.0,3.752439,2.829413,2.809194,1 kg N,1 kg P2O5,1 kg K2O,8_chara,9_chara,10_chara,,,,106.64431638,18.70241993,0.0,125.34673631000001
C1_2023,C1,2023,tonne,Climate change - Land use and LU change,kg CO2 eq,,,,28.42,6.61,0.0,0.000518,0.014337,0.005725,1 kg N,1 kg P2O5,1 kg K2O,8_chara,9_chara,10_chara,,,,0.014721560000000002,0.09476757000000001,0.0,0.10948913000000002
C1_2023,C1,2023,tonne,"Ecotoxicity, freshwater",CTUe,,,,28.42,6.61,0.0,24.51813,397.7709,2018.182,1 kg N,1 kg P2O5,1 kg K2O,8_chara,9_chara,10_chara,,,,696.8052546,2629.265649,0.0,3326.0709036
C1_2023,C1,2023,tonne,"Ecotoxicity, freshwater - inorganics",CTUe,,,,28.42,6.61,0.0,7.823272,76.92257,397.7561,1 kg N,1 kg P2O5,1 kg K2O,8_chara,9_chara,10_chara,,,,222.33739024000002,508.4581877,0.0,730.79557794
C1_2023,C1,2023,tonne,"Ecotoxicity, freshwater - metals",CTUe,,,,28.42,6.61,0.0,16.52071,320.1271,1619.55,1 kg N,1 kg P2O5,1 kg K2O,8_chara,9_chara,10_chara,,,,469.51857820000004,2116.040131,0.0,2585.5587092
C1_2023,C1,2023,tonne,"Ecotoxicity, freshwater - organics",CTUe,,,,28.42,6.61,0.0,0.174143,0.721252,0.87605,1 kg N,1 kg P2O5,1 kg K2O,8_chara,9_chara,10_chara,,,,4.94914406,4.76747572,0.0,9.71661978
C1_2023,C1,2023,tonne,"Eutrophication, freshwater",kg P eq,,,,28.42,6.61,0.0,0.000222,0.000952,0.000618,1 kg N,1 kg P2O5,1 kg K2O,8_chara,9_chara,10_chara,,,,0.006309240000000001,0.006292720000000001,0.0,0.012601960000000002
C1_2023,C1,2023,tonne,"Eutrophication, marine",kg N eq,,,,28.42,6.61,0.0,0.002677,0.002767,0.002898,1 kg N,1 kg P2O5,1 kg K2O,8_chara,9_chara,10_chara,,,,0.07608034000000001,0.01828987,0.0,0.09437021000000001
C1_2023,C1,2023,tonne,"Eutrophication, terrestrial",mol N eq,,,,28.42,6.61,0.0,0.241389,0.052171,0.058383,1 kg N,1 kg P2O5,1 kg K2O,8_chara,9_chara,10_chara,,,,6.86027538,0.34485031000000005,0.0,7.20512569
C1_2023,C1,2023,tonne,"Human toxicity, cancer",CTUh,,,,28.42,6.61,0.0,5.34e-10,2.54e-09,1.77e-09,1 kg N,1 kg P2O5,1 kg K2O,8_chara,9_chara,10_chara,,,,1.5176280000000003e-08,1.67894e-08,0.0,3.196568e-08
C1_2023,C1,2023,tonne,"Human toxicity, cancer - inorganics",CTUh,,,,28.42,6.61,0.0,0.0,6.21e-18,5.01e-18,1 kg N,1 kg P2O5,1 kg K2O,8_chara,9_chara,10_chara,,,,0.0,4.10481e-17,0.0,4.10481e-17
C1_2023,C1,2023,tonne,"Human toxicity, cancer - metals",CTUh,,,,28.42,6.61,0.0,3.5e-10,2.13e-09,1.34e-09,1 kg N,1 kg P2O5,1 kg K2O,8_chara,9_chara,10_chara,,,,9.947e-09,1.40793e-08,0.0,2.40263e-08
C1_2023,C1,2023,tonne,"Human toxicity, cancer - organics",CTUh,,,,28.42,6.61,0.0,1.84e-10,4.05e-10,4.32e-10,1 kg N,1 kg P2O5,1 kg K2O,8_chara,9_chara,10_chara,,,,5.229280000000001e-09,2.67705e-09,0.0,7.90633e-09
C1_2023,C1,2023,tonne,"Human toxicity, non-cancer",CTUh,,,,28.42,6.61,0.0,2e-08,6.49e-08,9.9e-08,1 kg N,1 kg P2O5,1 kg K2O,8_chara,9_chara,10_chara,,,,5.684e-07,4.2898900000000006e-07,0.0,9.97389e-07
C1_2023,C1,2023,tonne,"Human toxicity, non-cancer - inorganics",CTUh,,,,28.42,6.61,0.0,1.72e-09,1.45e-08,6.51e-08,1 kg N,1 kg P2O5,1 kg K2O,8_chara,9_chara,10_chara,,,,4.88824e-08,9.584500000000001e-08,0.0,1.4472740000000002e-07
C1_2023,C1,2023,tonne,"Human toxicity, non-cancer - metals",CTUh,,,,28.42,6.61,0.0,1.73e-08,4.89e-08,3.21e-08,1 kg N,1 kg P2O5,1 kg K2O,8_chara,9_chara,10_chara,,,,4.91666e-07,3.2322900000000004e-07,0.0,8.148950000000001e-07
C1_2023,C1,2023,tonne,"Human toxicity, non-cancer - organics",CTUh,,,,28.42,6.61,0.0,1.35e-09,1.78e-09,2.01e-09,1 kg N,1 kg P2O5,1 kg K2O,8_chara,9_chara,10_chara,,,,3.8367e-08,1.1765800000000002e-08,0.0,5.0132800000000005e-08
C1_2023,C1,2023,tonne,Ionising radiation,kBq U-235 eq,,,,28.42,6.61,0.0,0.099841,0.337545,0.245573,1 kg N,1 kg P2O5,1 kg K2O,8_chara,9_chara,10_chara,,,,2.8374812200000004,2.23117245,0.0,5.06865367
C1_2023,C1,2023,tonne,Land use,Pt,,,,28.42,6.61,0.0,2.291069,30.93982,25.134,1 kg N,1 kg P2O5,1 kg K2O,8_chara,9_chara,10_chara,,,,65.11218098,204.51221020000003,0.0,269.62439118000003
C1_2023,C1,2023,tonne,Ozone depletion,kg CFC11 eq,,,,28.42,6.61,0.0,3.58e-07,3.47e-07,3.94e-07,1 kg N,1 kg P2O5,1 kg K2O,8_chara,9_chara,10_chara,,,,1.0174360000000001e-05,2.29367e-06,0.0,1.2468030000000002e-05
C1_2023,C1,2023,tonne,Particulate matter,disease inc.,,,,28.42,6.61,0.0,3.99e-07,2.34e-07,2.27e-07,1 kg N,1 kg P2O5,1 kg K2O,8_chara,9_chara,10_chara,,,,1.1339580000000001e-05,1.5467400000000002e-06,0.0,1.288632e-05
C1_2023,C1,2023,tonne,Photochemical ozone formation,kg NMVOC eq,,,,28.42,6.61,0.0,0.003983,0.00811,0.007996,1 kg N,1 kg P2O5,1 kg K2O,8_chara,9_chara,10_chara,,,,0.11319686000000002,0.0536071,0.0,0.16680396000000003
C1_2023,C1,2023,tonne,"Resource use, fossils",MJ,,,,28.42,6.61,0.0,46.52414,42.89925,42.33106,1 kg N,1 kg P2O5,1 kg K2O,8_chara,9_chara,10_chara,,,,1322.2160588000002,283.5640425,0.0,1605.7801013000003
C1_2023,C1,2023,tonne,"Resource use, minerals and metals",kg Sb eq,,,,28.42,6.61,0.0,2.71e-05,5.39e-05,5.15e-05,1 kg N,1 kg P2O5,1 kg K2O,8_chara,9_chara,10_chara,,,,0.0007701820000000001,0.00035627900000000004,0.0,0.001126461
C1_2023,C1,2023,tonne,Water use,m3 depriv.,,,,28.42,6.61,0.0,0.21489,1.587446,1.186461,1 kg N,1 kg P2O5,1 kg K2O,8_chara,9_chara,10_chara,,,,6.1071738,10.49301806,0.0,16.600191860000002
C1_2024,C1,2024,tonne,Acidification,mol H+ eq,,,,26.99,6.28,0.0,0.057621,0.028972,0.018432,1 kg N,1 kg P2O5,1 kg K2O,8_chara,9_chara,10_chara,,,,1.55519079,0.18194416000000002,0.0,1.73713495
C1_2024,C1,2024,tonne,Climate change,kg CO2 eq,,,,26.99,6.28,0.0,3.754282,2.846359,2.817321,1 kg N,1 kg P2O5,1 kg K2O,8_chara,9_chara,10_chara,,,,101.32807118,17.87513452,0.0,119.2032057
C1_2024,C1,2024,tonne,Climate change - Biogenic,kg CO2 eq,,,,26.99,6.28,0.0,0.001325,0.002609,0.002402,1 kg N,1 kg P2O5,1 kg K2O,8_chara,9_chara,10_chara,,,,0.035761749999999995,0.016384520000000003,0.0,0.052146269999999995
C1_2024,C1,2024,tonne,Climate change - Fossil,kg CO2 eq,,,,26.99,6.28,0.0,3.752439,2.829413,2.809194,1 kg N,1 kg P2O5,1 kg K2O,8_chara,9_chara,10_chara,,,,101.27832860999999,17.76871364,0.0,119.04704224999999
C1_2024,C1,2024,tonne,Climate change - Land use and LU change,kg CO2 eq,,,,26.99,6.28,0.0,0.000518,0.014337,0.005725,1 kg N,1 kg P2O5,1 kg K2O,8_chara,9_chara,10_chara,,,,0.01398082,0.09003636000000001,0.0,0.10401718000000001
C1_2024,C1,2024,tonne,"Ecotoxicity, freshwater",CTUe,,,,26.99,6.28,0.0,24.51813,397.7709,2018.182,1 kg N,1 kg P2O5,1 kg K2O,8_chara,9_chara,10_chara,,,,661.7443287,2498.001252,0.0,3159.7455807
C1_2024,C1,2024,tonne,"Ecotoxicity, freshwater - inorganics",CTUe,,,,26.99,6.28,0.0,7.823272,76.92257,397.7561,1 kg N,1 kg P2O5,1 kg K2O,8_chara,9_chara,10_chara,,,,211.15011128,483.07373959999995,0.0,694.22385088
C1_2024,C1,2024,tonne,"Ecotoxicity, freshwater - metals",CTUe,,,,26.99,6.28,0.0,16.52071,320.1271,1619.55,1 kg N,1 kg P2O5,1 kg K2O,8_chara,9_chara,10_chara,,,,445.8939629,2010.398188,0.0,2456.2921509
C1_2024,C1,2024,tonne,"Ecotoxicity, freshwater - organics",CTUe,,,,26.99,6.28,0.0,0.174143,0.721252,0.87605,1 kg N,1 kg P2O5,1 kg K2O,8_chara,9_chara,10_chara,,,,4.700119569999999,4.52946256,0.0,9.229582129999999
C1_2024,C1,2024,tonne,"Eutrophication, freshwater",kg P eq,,,,26.99,6.28,0.0,0.000222,0.000952,0.000618,1 kg N,1 kg P2O5,1 kg K2O,8_chara,9_chara,10_chara,,,,0.0059917799999999995,0.005978560000000001,0.0,0.01197034
C1_2024,C1,2024,tonne,"Eutrophication, marine",kg N eq,,,,26.99,6.28,0.0,0.002677,0.002767,0.002898,1 kg N,1 kg P2O5,1 kg K2O,8_chara,9_chara,10_chara,,,,0.07225223,0.01737676,0.0,0.08962899
C1_2024,C1,2024,tonne,"Eutrophication, terrestrial",mol N eq,,,,26.99,6.28,0.0,0.241389,0.052171,0.058383,1 kg N,1 kg P2O5,1 kg K2O,8_chara,9_chara,10_chara,,,,6.515089109999999,0.32763388000000004,0.0,6.842722989999999
C1_2024,C1,2024,tonne,"Human toxicity, cancer",CTUh,,,,26.99,6.28,0.0,5.34e-10,2.54e-09,1.77e-09,1 kg N,1 kg P2O5,1 kg K2O,8_chara,9_chara,10_chara,,,,1.4412659999999999e-08,1.59512e-08,0.0,3.036386e-08
C1_2024,C1,2024,tonne,"Human toxicity, cancer - inorganics",CTUh,,,,26.99,6.28,0.0,0.0,6.21e-18,5.01e-18,1 kg N,1 kg P2O5,1 kg K2O,8_chara,9_chara,10_chara,,,,0.0,3.89988e-17,0.0,3.89988e-17
C1_2024,C1,2024,tonne,"Human toxicity, cancer - metals",CTUh,,,,26.99,6.28,0.0,3.5e-10,2.13e-09,1.34e-09,1 kg N,1 kg P2O5,1 kg K2O,8_chara,9_chara,10_chara,,,,9.4465e-09,1.33764e-08,0.0,2.28229e-08
C1_2024,C1,2024,tonne,"Human toxicity, cancer - organics",CTUh,,,,26.99,6.28,0.0,1.84e-10,4.05e-10,4.32e-10,1 kg N,1 kg P2O5,1 kg K2O,8_chara,9_chara,10_chara,,,,4.96616e-09,2.5434e-09,0.0,7.509560000000001e-09
C1_2024,C1,2024,tonne,"Human toxicity, non-cancer",CTUh,,,,26.99,6.28,0.0,2e-08,6.49e-08,9.9e-08,1 kg N,1 kg P2O5,1 kg K2O,8_chara,9_chara,10_chara,,,,5.398e-07,4.0757200000000004e-07,0.0,9.473720000000001e-07
C1_2024,C1,2024,tonne,"Human toxicity, non-cancer - inorganics",CTUh,,,,26.99,6.28,0.0,1.72e-09,1.45e-08,6.51e-08,1 kg N,1 kg P2O5,1 kg K2O,8_chara,9_chara,10_chara,,,,4.64228e-08,9.106000000000001e-08,0.0,1.374828e-07
C1_2024,C1,2024,tonne,"Human toxicity, non-cancer - metals",CTUh,,,,26.99,6.28,0.0,1.73e-08,4.89e-08,3.21e-08,1 kg N,1 kg P2O5,1 kg K2O,8_chara,9_chara,10_chara,,,,4.66927e-07,3.0709200000000003e-07,0.0,7.74019e-07
C1_2024,C1,2024,tonne,"Human toxicity, non-cancer - organics",CTUh,,,,26.99,6.28,0.0,1.35e-09,1.78e-09,2.01e-09,1 kg N,1 kg P2O5,1 kg K2O,8_chara,9_chara,10_chara,,,,3.6436500000000003e-08,1.1178400000000001e-08,0.0,4.76149e-08
C1_2024,C1,2024,tonne,Ionising radiation,kBq U-235 eq,,,,26.99,6.28,0.0,0.099841,0.337545,0.245573,1 kg N,1 kg P2O5,1 kg K2O,8_chara,9_chara,10_chara,,,,2.69470859,2.1197826,0.0,4.81449119
C1_2024,C1,2024,tonne,Land use,Pt,,,,26.99,6.28,0.0,2.291069,30.93982,25.134,1 kg N,1 kg P2O5,1 kg K2O,8_chara,9_chara,10_chara,,,,61.83595230999999,194.3020696,0.0,256.13802191
C1_2024,C1,2024,tonne,Ozone depletion,kg CFC11 eq,,,,26.99,6.28,0.0,3.58e-07,3.47e-07,3.94e-07,1 kg N,1 kg P2O5,1 kg K2O,8_chara,9_chara,10_chara,,,,9.662419999999999e-06,2.1791600000000004e-06,0.0,1.1841579999999999e-05
C1_2024,C1,2024,tonne,Particulate matter,disease inc.,,,,26.99,6.28,0.0,3.99e-07,2.34e-07,2.27e-07,1 kg N,1 kg P2O5,1 kg K2O,8_chara,9_chara,10_chara,,,,1.076901e-05,1.46952e-06,0.0,1.223853e-05
C1_2024,C1,2024,tonne,Photochemical ozone formation,kg NMVOC eq,,,,26.99,6.28,0.0,0.003983,0.00811,0.007996,1 kg N,1 kg P2O5,1 kg K2O,8_chara,9_chara,10_chara,,,,0.10750117000000001,0.0509308,0.0,0.15843197
C1_2024,C1,2024,tonne,"Resource use, fossils",MJ,,,,26.99,6.28,0.0,46.52414,42.89925,42.33106,1 kg N,1 kg P2O5,1 kg K2O,8_chara,9_chara,10_chara,,,,1255.6865386,269.40729000000005,0.0,1525.0938286
C1_2024,C1,2024,tonne,"Resource use, minerals and metals",kg Sb eq,,,,26.99,6.28,0.0,2.71e-05,5.39e-05,5.15e-05,1 kg N,1 kg P2O5,1 kg K2O,8_chara,9_chara,10_chara,,,,0.000731429,0.000338492,0.0,0.0010699210000000002
C1_2024,C1,2024,tonne,Water use,m3 depriv.,,,,26.99,6.28,0.0,0.21489,1.587446,1.186461,1 kg N,1 kg P2O5,1 kg K2O,8_chara,9_chara,10_chara,,,,5.7998810999999995,9.96916088,0.0,15.76904198
C2_2022,C2,2022,tonne,Acidification,mol H+ eq,,,,14.67,8.68,0.0,0.057621,0.028972,0.018432,1 kg N,1 kg P2O5,1 kg K2O,8_chara,9_chara,10_chara,,,,0.84530007,0.25147696,0.0,1.09677703
C2_2022,C2,2022,tonne,Climate change,kg CO2 eq,,,,14.67,8.68,0.0,3.754282,2.846359,2.817321,1 kg N,1 kg P2O5,1 kg K2O,8_chara,9_chara,10_chara,,,,55.07531694,24.70639612,0.0,79.78171306
C2_2022,C2,2022,tonne,Climate change - Biogenic,kg CO2 eq,,,,14.67,8.68,0.0,0.001325,0.002609,0.002402,1 kg N,1 kg P2O5,1 kg K2O,8_chara,9_chara,10_chara,,,,0.01943775,0.022646120000000002,0.0,0.04208387
C2_2022,C2,2022,tonne,Climate change - Fossil,kg CO2 eq,,,,14.67,8.68,0.0,3.752439,2.829413,2.809194,1 kg N,1 kg P2O5,1 kg K2O,8_chara,9_chara,10_chara,,,,55.048280129999995,24.55930484,0.0,79.60758496999999
C2_2022,C2,2022,tonne,Climate change - Land use and LU change,kg CO2 eq,,,,14.67,8.68,0.0,0.000518,0.014337,0.005725,1 kg N,1 kg P2O5,1 kg K2O,8_chara,9_chara,10_chara,,,,0.00759906,0.12444516,0.0,0.13204422
C2_2022,C2,2022,tonne,"Ecotoxicity, freshwater",CTUe,,,,14.67,8.68,0.0,24.51813,397.7709,2018.182,1 kg N,1 kg P2O5,1 kg K2O,8_chara,9_chara,10_chara,,,,359.6809671,3452.6514119999997,0.0,3812.3323791
C2_2022,C2,2022,tonne,"Ecotoxicity, freshwater - inorganics",CTUe,,,,14.67,8.68,0.0,7.823272,76.92257,397.7561,1 kg N,1 kg P2O5,1 kg K2O,8_chara,9_chara,10_chara,,,,114.76740024,667.6879075999999,0.0,782.4553078399999
C2_2022,C2,2022,tonne,"Ecotoxicity, freshwater - metals",CTUe,,,,14.67,8.68,0.0,16.52071,320.1271,1619.55,1 kg N,1 kg P2O5,1 kg K2O,8_chara,9_chara,10_chara,,,,242.3588157,2778.703228,0.0,3021.0620437
C2_2022,C2,2022,tonne,"Ecotoxicity, freshwater - organics",CTUe,,,,14.67,8.68,0.0,0.174143,0.721252,0.87605,1 kg N,1 kg P2O5,1 kg K2O,8_chara,9_chara,10_chara,,,,2.55467781,6.26046736,0.0,8.81514517
C2_2022,C2,2022,tonne,"Eutrophication, freshwater",kg P eq,,,,14.67,8.68,0.0,0.000222,0.000952,0.000618,1 kg N,1 kg P2O5,1 kg K2O,8_chara,9_chara,10_chara,,,,0.00325674,0.00826336,0.0,0.011520100000000002
C2_2022,C2,2022,tonne,"Eutrophication, marine",kg N eq,,,,14.67,8.68,0.0,0.002677,0.002767,0.002898,1 kg N,1 kg P2O5,1 kg K2O,8_chara,9_chara,10_chara,,,,0.03927159,0.02401756,0.0,0.06328915
C2_2022,C2,2022,tonne,"Eutrophication, terrestrial",mol N eq,,,,14.67,8.68,0.0,0.241389,0.052171,0.058383,1 kg N,1 kg P2O5,1 kg K2O,8_chara,9_chara,10_chara,,,,3.54117663,0.45284428,0.0,3.9940209099999997
C2_2022,C2,2022,tonne,"Human toxicity, cancer",CTUh,,,,14.67,8.68,0.0,5.34e-10,2.54e-09,1.77e-09,1 kg N,1 kg P2O5,1 kg K2O,8_chara,9_chara,10_chara,,,,7.83378e-09,2.20472e-08,0.0,2.988098e-08
C2_2022,C2,2022,tonne,"Human toxicity, cancer - inorganics",CTUh,,,,14.67,8.68,0.0,0.0,6.21e-18,5.01e-18,1 kg N,1 kg P2O5,1 kg K2O,8_chara,9_chara,10_chara,,,,0.0,5.39028e-17,0.0,5.39028e-17
C2_2022,C2,2022,tonne,"Human toxicity, cancer - metals",CTUh,,,,14.67,8.68,0.0,3.5e-10,2.13e-09,1.34e-09,1 kg N,1 kg P2O5,1 kg K2O,8_chara,9_chara,10_chara,,,,5.1345e-09,1.8488399999999998e-08,0.0,2.3622899999999997e-08
C2_2022,C2,2022,tonne,"Human toxicity, cancer - organics",CTUh,,,,14.67,8.68,0.0,1.84e-10,4.05e-10,4.32e-10,1 kg N,1 kg P2O5,1 kg K2O,8_chara,9_chara,10_chara,,,,2.6992800000000002e-09,3.5153999999999997e-09,0.0,6.21468e-09
C2_2022,C2,2022,tonne,"Human toxicity, non-cancer",CTUh,,,,14.67,8.68,0.0,2e-08,6.49e-08,9.9e-08,1 kg N,1 kg P2O5,1 kg K2O,8_chara,9_chara,10_chara,,,,2.934e-07,5.63332e-07,0.0,8.56732e-07
C2_2022,C2,2022,tonne,"Human toxicity, non-cancer - inorganics",CTUh,,,,14.67,8.68,0.0,1.72e-09,1.45e-08,6.51e-08,1 kg N,1 kg P2O5,1 kg K2O,8_chara,9_chara,10_chara,,,,2.5232400000000002e-08,1.2586e-07,0.0,1.5109239999999998e-07
C2_2022,C2,2022,tonne,"Human toxicity, non-cancer - metals",CTUh,,,,14.67,8.68,0.0,1.73e-08,4.89e-08,3.21e-08,1 kg N,1 kg P2O5,1 kg K2O,8_chara,9_chara,10_chara,,,,2.5379099999999997e-07,4.24452e-07,0.0,6.78243e-07
C2_2022,C2,2022,tonne,"Human toxicity, non-cancer - organics",CTUh,,,,14.67,8.68,0.0,1.35e-09,1.78e-09,2.01e-09,1 kg N,1 kg P2O5,1 kg K2O,8_chara,9_chara,10_chara,,,,1.98045e-08,1.54504e-08,0.0,3.52549e-08
C2_2022,C2,2022,tonne,Ionising radiation,kBq U-235 eq,,,,14.67,8.68,0.0,0.099841,0.337545,0.245573,1 kg N,1 kg P2O5,1 kg K2O,8_chara,9_chara,10_chara,,,,1.46466747,2.9298906,0.0,4.3945580699999995
C2_2022,C2,2022,tonne,Land use,Pt,,,,14.67,8.68,0.0,2.291069,30.93982,25.134,1 kg N,1 kg P2O5,1 kg K2O,8_chara,9_chara,10_chara,,,,33.60998223,268.5576376,0.0,302.16761983000004
C2_2022,C2,2022,tonne,Ozone depletion,kg CFC11 eq,,,,14.67,8.68,0.0,3.58e-07,3.47e-07,3.94e-07,1 kg N,1 kg P2O5,1 kg K2O,8_chara,9_chara,10_chara,,,,5.25186e-06,3.0119600000000003e-06,0.0,8.26382e-06
C2_2022,C2,2022,tonne,Particulate matter,disease inc.,,,,14.67,8.68,0.0,3.99e-07,2.34e-07,2.27e-07,1 kg N,1 kg P2O5,1 kg K2O,8_chara,9_chara,10_chara,,,,5.85333e-06,2.03112e-06,0.0,7.88445e-06
C2_2022,C2,2022,tonne,Photochemical ozone formation,kg NMVOC eq,,,,14.67,8.68,0.0,0.003983,0.00811,0.007996,1 kg N,1 kg P2O5,1 kg K2O,8_chara,9_chara,10_chara,,,,0.05843061000000001,0.0703948,0.0,0.12882541
C2_2022,C2,2022,tonne,"Resource use, fossils",MJ,,,,14.67,8.68,0.0,46.52414,42.89925,42.33106,1 kg N,1 kg P2O5,1 kg K2O,8_chara,9_chara,10_chara,,,,682.5091338000001,372.36549,0.0,1054.8746238
C2_2022,C2,2022,tonne,"Resource use, minerals and metals",kg Sb eq,,,,14.67,8.68,0.0,2.71e-05,5.39e-05,5.15e-05,1 kg N,1 kg P2O5,1 kg K2O,8_chara,9_chara,10_chara,,,,0.00039755700000000004,0.000467852,0.0,0.000865409
C2_2022,C2,2022,tonne,Water use,m3 depriv.,,,,14.67,8.68,0.0,0.21489,1.587446,1.186461,1 kg N,1 kg P2O5,1 kg K2O,8_chara,9_chara,10_chara,,,,3.1524362999999997,13.779031279999998,0.0,16.931467579999996
C2_2023,C2,2023,tonne,Acidification,mol H+ eq,,,,17.9,2.3,0.0,0.057621,0.028972,0.018432,1 kg N,1 kg P2O5,1 kg K2O,8_chara,9_chara,10_chara,,,,1.0314158999999998,0.0666356,0.0,1.0980514999999997
C2_2023,C2,2023,tonne,Climate change,kg CO2 eq,,,,17.9,2.3,0.0,3.754282,2.846359,2.817321,1 kg N,1 kg P2O5,1 kg K2O,8_chara,9_chara,10_chara,,,,67.20164779999999,6.5466257,0.0,73.74827349999998
C2_2023,C2,2023,tonne,Climate change - Biogenic,kg CO2 eq,,,,17.9,2.3,0.0,0.001325,0.002609,0.002402,1 kg N,1 kg P2O5,1 kg K2O,8_chara,9_chara,10_chara,,,,0.0237175,0.0060007,0.0,0.0297182
C2_2023,C2,2023,tonne,Climate change - Fossil,kg CO2 eq,,,,17.9,2.3,0.0,3.752439,2.829413,2.809194,1 kg N,1 kg P2O5,1 kg K2O,8_chara,9_chara,10_chara,,,,67.16865809999999,6.5076499,0.0,73.67630799999999
C2_2023,C2,2023,tonne,Climate change - Land use and LU change,kg CO2 eq,,,,17.9,2.3,0.0,0.000518,0.014337,0.005725,1 kg N,1 kg P2O5,1 kg K2O,8_chara,9_chara,10_chara,,,,0.0092722,0.0329751,0.0,0.0422473
C2_2023,C2,2023,tonne,"Ecotoxicity, freshwater",CTUe,,,,17.9,2.3,0.0,24.51813,397.7709,2018.182,1 kg N,1 kg P2O5,1 kg K2O,8_chara,9_chara,10_chara,,,,438.87452699999994,914.8730699999999,0.0,1353.7475969999998
C2_2023,C2,2023,tonne,"Ecotoxicity, freshwater - inorganics",CTUe,,,,17.9,2.3,0.0,7.823272,76.92257,397.7561,1 kg N,1 kg P2O5,1 kg K2O,8_chara,9_chara,10_chara,,,,140.0365688,176.92191099999997,0.0,316.95847979999996
C2_2023,C2,2023,tonne,"Ecotoxicity, freshwater - metals",CTUe,,,,17.9,2.3,0.0,16.52071,320.1271,1619.55,1 kg N,1 kg P2O5,1 kg K2O,8_chara,9_chara,10_chara,,,,295.720709,736.2923299999999,0.0,1032.013039
C2_2023,C2,2023,tonne,"Ecotoxicity, freshwater - organics",CTUe,,,,17.9,2.3,0.0,0.174143,0.721252,0.87605,1 kg N,1 kg P2O5,1 kg K2O,8_chara,9_chara,10_chara,,,,3.1171596999999998,1.6588796,0.0,4.7760393
C2_2023,C2,2023,tonne,"Eutrophication, freshwater",kg P eq,,,,17.9,2.3,0.0,0.000222,0.000952,0.000618,1 kg N,1 kg P2O5,1 kg K2O,8_chara,9_chara,10_chara,,,,0.0039737999999999996,0.0021896,0.0,0.0061633999999999994
C2_2023,C2,2023,tonne,"Eutrophication, marine",kg N eq,,,,17.9,2.3,0.0,0.002677,0.002767,0.002898,1 kg N,1 kg P2O5,1 kg K2O,8_chara,9_chara,10_chara,,,,0.0479183,0.006364099999999999,0.0,0.054282399999999995
C2_2023,C2,2023,tonne,"Eutrophication, terrestrial",mol N eq,,,,17.9,2.3,0.0,0.241389,0.052171,0.058383,1 kg N,1 kg P2O5,1 kg K2O,8_chara,9_chara,10_chara,,,,4.3208630999999995,0.1199933,0.0,4.4408563999999995
C2_2023,C2,2023,tonne,"Human toxicity, cancer",CTUh,,,,17.9,2.3,0.0,5.34e-10,2.54e-09,1.77e-09,1 kg N,1 kg P2O5,1 kg K2O,8_chara,9_chara,10_chara,,,,9.5586e-09,5.8419999999999995e-09,0.0,1.5400599999999998e-08
C2_2023,C2,2023,tonne,"Human toxicity, cancer - inorganics",CTUh,,,,17.9,2.3,0.0,0.0,6.21e-18,5.01e-18,1 kg N,1 kg P2O5,1 kg K2O,8_chara,9_chara,10_chara,,,,0.0,1.4283e-17,0.0,1.4283e-17
C2_2023,C2,2023,tonne,"Human toxicity, cancer - metals",CTUh,,,,17.9,2.3,0.0,3.5e-10,2.13e-09,1.34e-09,1 kg N,1 kg P2O5,1 kg K2O,8_chara,9_chara,10_chara,,,,6.264999999999999e-09,4.899e-09,0.0,1.1164e-08
C2_2023,C2,2023,tonne,"Human toxicity, cancer - organics",CTUh,,,,17.9,2.3,0.0,1.84e-10,4.05e-10,4.32e-10,1 kg N,1 kg P2O5,1 kg K2O,8_chara,9_chara,10_chara,,,,3.2936e-09,9.315e-10,0.0,4.2251e-09
C2_2023,C2,2023,tonne,"Human toxicity, non-cancer",CTUh,,,,17.9,2.3,0.0,2e-08,6.49e-08,9.9e-08,1 kg N,1 kg P2O5,1 kg K2O,8_chara,9_chara,10_chara,,,,3.58e-07,1.4927e-07,0.0,5.0727e-07
C2_2023,C2,2023,tonne,"Human toxicity, non-cancer - inorganics",CTUh,,,,17.9,2.3,0.0,1.72e-09,1.45e-08,6.51e-08,1 kg N,1 kg P2O5,1 kg K2O,8_chara,9_chara,10_chara,,,,3.0788e-08,3.335e-08,0.0,6.413799999999999e-08
C2_2023,C2,2023,tonne,"Human toxicity, non-cancer - metals",CTUh,,,,17.9,2.3,0.0,1.73e-08,4.89e-08,3.21e-08,1 kg N,1 kg P2O5,1 kg K2O,8_chara,9_chara,10_chara,,,,3.0966999999999994e-07,1.1246999999999999e-07,0.0,4.2213999999999994e-07
C2_2023,C2,2023,tonne,"Human toxicity, non-cancer - organics",CTUh,,,,17.9,2.3,0.0,1.35e-09,1.78e-09,2.01e-09,1 kg N,1 kg P2O5,1 kg K2O,8_chara,9_chara,10_chara,,,,2.4164999999999998e-08,4.094e-09,0.0,2.8259e-08
C2_2023,C2,2023,tonne,Ionising radiation,kBq U-235 eq,,,,17.9,2.3,0.0,0.099841,0.337545,0.245573,1 kg N,1 kg P2O5,1 kg K2O,8_chara,9_chara,10_chara,,,,1.7871538999999999,0.7763534999999999,0.0,2.5635073999999998
C2_2023,C2,2023,tonne,Land use,Pt,,,,17.9,2.3,0.0,2.291069,30.93982,25.134,1 kg N,1 kg P2O5,1 kg K2O,8_chara,9_chara,10_chara,,,,41.01013509999999,71.161586,0.0,112.17172109999998
C2_2023,C2,2023,tonne,Ozone depletion,kg CFC11 eq,,,,17.9,2.3,0.0,3.58e-07,3.47e-07,3.94e-07,1 kg N,1 kg P2O5,1 kg K2O,8_chara,9_chara,10_chara,,,,6.4082e-06,7.981e-07,0.0,7.2063e-06
C2_2023,C2,2023,tonne,Particulate matter,disease inc.,,,,17.9,2.3,0.0,3.99e-07,2.34e-07,2.27e-07,1 kg N,1 kg P2O5,1 kg K2O,8_chara,9_chara,10_chara,,,,7.1421e-06,5.382e-07,0.0,7.6803e-06
C2_2023,C2,2023,tonne,Photochemical ozone formation,kg NMVOC eq,,,,17.9,2.3,0.0,0.003983,0.00811,0.007996,1 kg N,1 kg P2O5,1 kg K2O,8_chara,9_chara,10_chara,,,,0.0712957,0.018652999999999996,0.0,0.08994869999999999
C2_2023,C2,2023,tonne,"Resource use, fossils",MJ,,,,17.9,2.3,0.0,46.52414,42.89925,42.33106,1 kg N,1 kg P2O5,1 kg K2O,8_chara,9_chara,10_chara,,,,832.782106,98.668275,0.0,931.450381
C2_2023,C2,2023,tonne,"Resource use, minerals and metals",kg Sb eq,,,,17.9,2.3,0.0,2.71e-05,5.39e-05,5.15e-05,1 kg N,1 kg P2O5,1 kg K2O,8_chara,9_chara,10_chara,,,,0.00048509,0.00012397,0.0,0.00060906
C2_2023,C2,2023,tonne,Water use,m3 depriv.,,,,17.9,2.3,0.0,0.21489,1.587446,1.186461,1 kg N,1 kg P2O5,1 kg K2O,8_chara,9_chara,10_chara,,,,3.8465309999999997,3.6511257999999995,0.0,7.4976568
C2_2024,C2,2024,tonne,Acidification,mol H+ eq,,,,32.53,12.18,0.0,0.057621,0.028972,0.018432,1 kg N,1 kg P2O5,1 kg K2O,8_chara,9_chara,10_chara,,,,1.87441113,0.35287896,0.0,2.22729009
C2_2024,C2,2024,tonne,Climate change,kg CO2 eq,,,,32.53,12.18,0.0,3.754282,2.846359,2.817321,1 kg N,1 kg P2O5,1 kg K2O,8_chara,9_chara,10_chara,,,,122.12679346,34.66865262,0.0,156.79544608
C2_2024,C2,2024,tonne,Climate change - Biogenic,kg CO2 eq,,,,32.53,12.18,0.0,0.001325,0.002609,0.002402,1 kg N,1 kg P2O5,1 kg K2O,8_chara,9_chara,10_chara,,,,0.04310225,0.03177762,0.0,0.07487987
C2_2024,C2,2024,tonne,Climate change - Fossil,kg CO2 eq,,,,32.53,12.18,0.0,3.752439,2.829413,2.809194,1 kg N,1 kg P2O5,1 kg K2O,8_chara,9_chara,10_chara,,,,122.06684067,34.462250340000004,0.0,156.52909101
C2_2024,C2,2024,tonne,Climate change - Land use and LU change,kg CO2 eq,,,,32.53,12.18,0.0,0.000518,0.014337,0.005725,1 kg N,1 kg P2O5,1 kg K2O,8_chara,9_chara,10_chara,,,,0.01685054,0.17462466000000001,0.0,0.1914752
C2_2024,C2,2024,tonne,"Ecotoxicity, freshwater",CTUe,,,,32.53,12.18,0.0,24.51813,397.7709,2018.182,1 kg N,1 kg P2O5,1 kg K2O,8_chara,9_chara,10_chara,,,,797.5747689,4844.849561999999,0.0,5642.424330899999
C2_2024,C2,2024,tonne,"Ecotoxicity, freshwater - inorganics",CTUe,,,,32.53,12.18,0.0,7.823272,76.92257,397.7561,1 kg N,1 kg P2O5,1 kg K2O,8_chara,9_chara,10_chara,,,,254.49103816000002,936.9169025999998,0.0,1191.4079407599997
C2_2024,C2,2024,tonne,"Ecotoxicity, freshwater - metals",CTUe,,,,32.53,12.18,0.0,16.52071,320.1271,1619.55,1 kg N,1 kg P2O5,1 kg K2O,8_chara,9_chara,10_chara,,,,537.4186963000001,3899.1480779999997,0.0,4436.566774299999
C2_2024,C2,2024,tonne,"Ecotoxicity, freshwater - organics",CTUe,,,,32.53,12.18,0.0,0.174143,0.721252,0.87605,1 kg N,1 kg P2O5,1 kg K2O,8_chara,9_chara,10_chara,,,,5.66487179,8.784849359999999,0.0,14.449721149999998
C2_2024,C2,2024,tonne,"Eutrophication, freshwater",kg P eq,,,,32.53,12.18,0.0,0.000222,0.000952,0.000618,1 kg N,1 kg P2O5,1 kg K2O,8_chara,9_chara,10_chara,,,,0.00722166,0.01159536,0.0,0.01881702
C2_2024,C2,2024,tonne,"Eutrophication, marine",kg N eq,,,,32.53,12.18,0.0,0.002677,0.002767,0.002898,1 kg N,1 kg P2O5,1 kg K2O,8_chara,9_chara,10_chara,,,,0.08708281000000001,0.03370206,0.0,0.12078487000000002
C2_2024,C2,2024,tonne,"Eutrophication, terrestrial",mol N eq,,,,32.53,12.18,0.0,0.241389,0.052171,0.058383,1 kg N,1 kg P2O5,1 kg K2O,8_chara,9_chara,10_chara,,,,7.85238417,0.63544278,0.0,8.487826949999999
C2_2024,C2,2024,tonne,"Human toxicity, cancer",CTUh,,,,32.53,12.18,0.0,5.34e-10,2.54e-09,1.77e-09,1 kg N,1 kg P2O5,1 kg K2O,8_chara,9_chara,10_chara,,,,1.737102e-08,3.09372e-08,0.0,4.830822e-08
C2_2024,C2,2024,tonne,"Human toxicity, cancer - inorganics",CTUh,,,,32.53,12.18,0.0,0.0,6.21e-18,5.01e-18,1 kg N,1 kg P2O5,1 kg K2O,8_chara,9_chara,10_chara,,,,0.0,7.56378e-17,0.0,7.56378e-17
C2_2024,C2,2024,tonne,"Human toxicity, cancer - metals",CTUh,,,,32.53,12.18,0.0,3.5e-10,2.13e-09,1.34e-09,1 kg N,1 kg P2O5,1 kg K2O,8_chara,9_chara,10_chara,,,,1.13855e-08,2.5943399999999998e-08,0.0,3.73289e-08
C2_2024,C2,2024,tonne,"Human toxicity, cancer - organics",CTUh,,,,32.53,12.18,0.0,1.84e-10,4.05e-10,4.32e-10,1 kg N,1 kg P2O5,1 kg K2O,8_chara,9_chara,10_chara,,,,5.985520000000001e-09,4.9329e-09,0.0,1.091842e-08
C2_2024,C2,2024,tonne,"Human toxicity, non-cancer",CTUh,,,,32.53,12.18,0.0,2e-08,6.49e-08,9.9e-08,1 kg N,1 kg P2O5,1 kg K2O,8_chara,9_chara,10_chara,,,,6.506000000000001e-07,7.90482e-07,0.0,1.441082e-06
C2_2024,C2,2024,tonne,"Human toxicity, non-cancer - inorganics",CTUh,,,,32.53,12.18,0.0,1.72e-09,1.45e-08,6.51e-08,1 kg N,1 kg P2O5,1 kg K2O,8_chara,9_chara,10_chara,,,,5.59516e-08,1.7661000000000002e-07,0.0,2.3256160000000002e-07
C2_2024,C2,2024,tonne,"Human toxicity, non-cancer - metals",CTUh,,,,32.53,12.18,0.0,1.73e-08,4.89e-08,3.21e-08,1 kg N,1 kg P2O5,1 kg K2O,8_chara,9_chara,10_chara,,,,5.62769e-07,5.95602e-07,0.0,1.158371e-06
C2_2024,C2,2024,tonne,"Human toxicity, non-cancer - organics",CTUh,,,,32.53,12.18,0.0,1.35e-09,1.78e-09,2.01e-09,1 kg N,1 kg P2O5,1 kg K2O,8_chara,9_chara,10_chara,,,,4.391550000000001e-08,2.16804e-08,0.0,6.559590000000001e-08
C2_2024,C2,2024,tonne,Ionising radiation,kBq U-235 eq,,,,32.53,12.18,0.0,0.099841,0.337545,0.245573,1 kg N,1 kg P2O5,1 kg K2O,8_chara,9_chara,10_chara,,,,3.24782773,4.1112981,0.0,7.35912583
C2_2024,C2,2024,tonne,Land use,Pt,,,,32.53,12.18,0.0,2.291069,30.93982,25.134,1 kg N,1 kg P2O5,1 kg K2O,8_chara,9_chara,10_chara,,,,74.52847457,376.8470076,0.0,451.37548217
C2_2024,C2,2024,tonne,Ozone depletion,kg CFC11 eq,,,,32.53,12.18,0.0,3.58e-07,3.47e-07,3.94e-07,1 kg N,1 kg P2O5,1 kg K2O,8_chara,9_chara,10_chara,,,,1.164574e-05,4.22646e-06,0.0,1.58722e-05
C2_2024,C2,2024,tonne,Particulate matter,disease inc.,,,,32.53,12.18,0.0,3.99e-07,2.34e-07,2.27e-07,1 kg N,1 kg P2O5,1 kg K2O,8_chara,9_chara,10_chara,,,,1.2979470000000001e-05,2.85012e-06,0.0,1.582959e-05
C2_2024,C2,2024,tonne,Photochemical ozone formation,kg NMVOC eq,,,,32.53,12.18,0.0,0.003983,0.00811,0.007996,1 kg N,1 kg P2O5,1 kg K2O,8_chara,9_chara,10_chara,,,,0.12956699000000002,0.09877979999999999,0.0,0.22834679000000002
C2_2024,C2,2024,tonne,"Resource use, fossils",MJ,,,,32.53,12.18,0.0,46.52414,42.89925,42.33106,1 kg N,1 kg P2O5,1 kg K2O,8_chara,9_chara,10_chara,,,,1513.4302742000002,522.512865,0.0,2035.9431392000001
C2_2024,C2,2024,tonne,"Resource use, minerals and metals",kg Sb eq,,,,32.53,12.18,0.0,2.71e-05,5.39e-05,5.15e-05,1 kg N,1 kg P2O5,1 kg K2O,8_chara,9_chara,10_chara,,,,0.000881563,0.000656502,0.0,0.001538065
C2_2024,C2,2024,tonne,Water use,m3 depriv.,,,,32.53,12.18,0.0,0.21489,1.587446,1.186461,1 kg N,1 kg P2O5,1 kg K2O,8_chara,9_chara,10_chara,,,,6.9903717,19.335092279999998,0.0,26.32546398
C3_2022,C3,2022,tonne,Acidification,mol H+ eq,,,,19.96,4.19,0.0,0.057621,0.028972,0.018432,1 kg N,1 kg P2O5,1 kg K2O,8_chara,9_chara,10_chara,,,,1.15011516,0.12139268000000002,0.0,1.27150784
C3_2022,C3,2022,tonne,Climate change,kg CO2 eq,,,,19.96,4.19,0.0,3.754282,2.846359,2.817321,1 kg N,1 kg P2O5,1 kg K2O,8_chara,9_chara,10_chara,,,,74.93546872,11.926244210000002,0.0,86.86171293000001
C3_2022,C3,2022,tonne,Climate change - Biogenic,kg CO2 eq,,,,19.96,4.19,0.0,0.001325,0.002609,0.002402,1 kg N,1 kg P2O5,1 kg K2O,8_chara,9_chara,10_chara,,,,0.026447000000000002,0.010931710000000002,0.0,0.03737871
C3_2022,C3,2022,tonne,Climate change - Fossil,kg CO2 eq,,,,19.96,4.19,0.0,3.752439,2.829413,2.809194,1 kg N,1 kg P2O5,1 kg K2O,8_chara,9_chara,10_chara,,,,74.89868244,11.855240470000002,0.0,86.75392291
C3_2022,C3,2022,tonne,Climate change - Land use and LU change,kg CO2 eq,,,,19.96,4.19,0.0,0.000518,0.014337,0.005725,1 kg N,1 kg P2O5,1 kg K2O,8_chara,9_chara,10_chara,,,,0.010339280000000001,0.060072030000000005,0.0,0.07041131
C3_2022,C3,2022,tonne,"Ecotoxicity, freshwater",CTUe,,,,19.96,4.19,0.0,24.51813,397.7709,2018.182,1 kg N,1 kg P2O5,1 kg K2O,8_chara,9_chara,10_chara,,,,489.3818748,1666.660071,0.0,2156.0419458
C3_2022,C3,2022,tonne,"Ecotoxicity, freshwater - inorganics",CTUe,,,,19.96,4.19,0.0,7.823272,76.92257,397.7561,1 kg N,1 kg P2O5,1 kg K2O,8_chara,9_chara,10_chara,,,,156.15250912000002,322.3055683,0.0,478.45807742
C3_2022,C3,2022,tonne,"Ecotoxicity, freshwater - metals",CTUe,,,,19.96,4.19,0.0,16.52071,320.1271,1619.55,1 kg N,1 kg P2O5,1 kg K2O,8_chara,9_chara,10_chara,,,,329.75337160000004,1341.332549,0.0,1671.0859206
C3_2022,C3,2022,tonne,"Ecotoxicity, freshwater - organics",CTUe,,,,19.96,4.19,0.0,0.174143,0.721252,0.87605,1 kg N,1 kg P2O5,1 kg K2O,8_chara,9_chara,10_chara,,,,3.47589428,3.0220458800000003,0.0,6.497940160000001
C3_2022,C3,2022,tonne,"Eutrophication, freshwater",kg P eq,,,,19.96,4.19,0.0,0.000222,0.000952,0.000618,1 kg N,1 kg P2O5,1 kg K2O,8_chara,9_chara,10_chara,,,,0.00443112,0.00398888,0.0,0.00842
C3_2022,C3,2022,tonne,"Eutrophication, marine",kg N eq,,,,19.96,4.19,0.0,0.002677,0.002767,0.002898,1 kg N,1 kg P2O5,1 kg K2O,8_chara,9_chara,10_chara,,,,0.05343292,0.01159373,0.0,0.06502665
C3_2022,C3,2022,tonne,"Eutrophication, terrestrial",mol N eq,,,,19.96,4.19,0.0,0.241389,0.052171,0.058383,1 kg N,1 kg P2O5,1 kg K2O,8_chara,9_chara,10_chara,,,,4.81812444,0.21859649000000003,0.0,5.03672093
C3_2022,C3,2022,tonne,"Human toxicity, cancer",CTUh,,,,19.96,4.19,0.0,5.34e-10,2.54e-09,1.77e-09,1 kg N,1 kg P2O5,1 kg K2O,8_chara,9_chara,10_chara,,,,1.065864e-08,1.0642600000000001e-08,0.0,2.1301240000000004e-08
C3_2022,C3,2022,tonne,"Human toxicity, cancer - inorganics",CTUh,,,,19.96,4.19,0.0,0.0,6.21e-18,5.01e-18,1 kg N,1 kg P2O5,1 kg K2O,8_chara,9_chara,10_chara,,,,0.0,2.60199e-17,0.0,2.60199e-17
C3_2022,C3,2022,tonne,"Human toxicity, cancer - metals",CTUh,,,,19.96,4.19,0.0,3.5e-10,2.13e-09,1.34e-09,1 kg N,1 kg P2O5,1 kg K2O,8_chara,9_chara,10_chara,,,,6.986e-09,8.924700000000001e-09,0.0,1.59107e-08
C3_2022,C3,2022,tonne,"Human toxicity, cancer - organics",CTUh,,,,19.96,4.19,0.0,1.84e-10,4.05e-10,4.32e-10,1 kg N,1 kg P2O5,1 kg K2O,8_chara,9_chara,10_chara,,,,3.6726400000000003e-09,1.6969500000000002e-09,0.0,5.36959e-09
C3_2022,C3,2022,tonne,"Human toxicity, non-cancer",CTUh,,,,19.96,4.19,0.0,2e-08,6.49e-08,9.9e-08,1 kg N,1 kg P2O5,1 kg K2O,8_chara,9_chara,10_chara,,,,3.9920000000000003e-07,2.7193100000000005e-07,0.0,6.71131e-07
C3_2022,C3,2022,tonne,"Human toxicity, non-cancer - inorganics",CTUh,,,,19.96,4.19,0.0,1.72e-09,1.45e-08,6.51e-08,1 kg N,1 kg P2O5,1 kg K2O,8_chara,9_chara,10_chara,,,,3.43312e-08,6.0755e-08,0.0,9.50862e-08
C3_2022,C3,2022,tonne,"Human toxicity, non-cancer - metals",CTUh,,,,19.96,4.19,0.0,1.73e-08,4.89e-08,3.21e-08,1 kg N,1 kg P2O5,1 kg K2O,8_chara,9_chara,10_chara,,,,3.45308e-07,2.0489100000000003e-07,0.0,5.50199e-07
C3_2022,C3,2022,tonne,"Human toxicity, non-cancer - organics",CTUh,,,,19.96,4.19,0.0,1.35e-09,1.78e-09,2.01e-09,1 kg N,1 kg P2O5,1 kg K2O,8_chara,9_chara,10_chara,,,,2.6946000000000002e-08,7.4582e-09,0.0,3.4404200000000006e-08
C3_2022,C3,2022,tonne,Ionising radiation,kBq U-235 eq,,,,19.96,4.19,0.0,0.099841,0.337545,0.245573,1 kg N,1 kg P2O5,1 kg K2O,8_chara,9_chara,10_chara,,,,1.99282636,1.4143135500000001,0.0,3.40713991
C3_2022,C3,2022,tonne,Land use,Pt,,,,19.96,4.19,0.0,2.291069,30.93982,25.134,1 kg N,1 kg P2O5,1 kg K2O,8_chara,9_chara,10_chara,,,,45.72973724,129.6378458,0.0,175.36758304
C3_2022,C3,2022,tonne,Ozone depletion,kg CFC11 eq,,,,19.96,4.19,0.0,3.58e-07,3.47e-07,3.94e-07,1 kg N,1 kg P2O5,1 kg K2O,8_chara,9_chara,10_chara,,,,7.14568e-06,1.4539300000000002e-06,0.0,8.59961e-06
C3_2022,C3,2022,tonne,Particulate matter,disease inc.,,,,19.96,4.19,0.0,3.99e-07,2.34e-07,2.27e-07,1 kg N,1 kg P2O5,1 kg K2O,8_chara,9_chara,10_chara,,,,7.964040000000001e-06,9.804600000000001e-07,0.0,8.944500000000002e-06
C3_2022,C3,2022,tonne,Photochemical ozone formation,kg NMVOC eq,,,,19.96,4.19,0.0,0.003983,0.00811,0.007996,1 kg N,1 kg P2O5,1 kg K2O,8_chara,9_chara,10_chara,,,,0.07950068000000002,0.0339809,0.0,0.11348158000000003
C3_2022,C3,2022,tonne,"Resource use, fossils",MJ,,,,19.96,4.19,0.0,46.52414,42.89925,42.33106,1 kg N,1 kg P2O5,1 kg K2O,8_chara,9_chara,10_chara,,,,928.6218344000001,179.74785750000004,0.0,1108.3696919000001
C3_2022,C3,2022,tonne,"Resource use, minerals and metals",kg Sb eq,,,,19.96,4.19,0.0,2.71e-05,5.39e-05,5.15e-05,1 kg N,1 kg P2O5,1 kg K2O,8_chara,9_chara,10_chara,,,,0.000540916,0.00022584100000000004,0.0,0.0007667570000000001
C3_2022,C3,2022,tonne,Water use,m3 depriv.,,,,19.96,4.19,0.0,0.21489,1.587446,1.186461,1 kg N,1 kg P2O5,1 kg K2O,8_chara,9_chara,10_chara,,,,4.2892044,6.65139874,0.0,10.94060314
C3_2023,C3,2023,tonne,Acidification,mol H+ eq,,,,26.91,12.63,0.0,0.057621,0.028972,0.018432,1 kg N,1 kg P2O5,1 kg K2O,8_chara,9_chara,10_chara,,,,1.55058111,0.36591636000000005,0.0,1.91649747
C3_2023,C3,2023,tonne,Climate change,kg CO2 eq,,,,26.91,12.63,0.0,3.754282,2.846359,2.817321,1 kg N,1 kg P2O5,1 kg K2O,8_chara,9_chara,10_chara,,,,101.02772862,35.94951417,0.0,136.97724279
C3_2023,C3,2023,tonne,Climate change - Biogenic,kg CO2 eq,,,,26.91,12.63,0.0,0.001325,0.002609,0.002402,1 kg N,1 kg P2O5,1 kg K2O,8_chara,9_chara,10_chara,,,,0.03565575,0.03295167,0.0,0.06860742
C3_2023,C3,2023,tonne,Climate change - Fossil,kg CO2 eq,,,,26.91,12.63,0.0,3.752439,2.829413,2.809194,1 kg N,1 kg P2O5,1 kg K2O,8_chara,9_chara,10_chara,,,,100.97813348999999,35.73548619,0.0,136.71361968
C3_2023,C3,2023,tonne,Climate change - Land use and LU change,kg CO2 eq,,,,26.91,12.63,0.0,0.000518,0.014337,0.005725,1 kg N,1 kg P2O5,1 kg K2O,8_chara,9_chara,10_chara,,,,0.013939380000000001,0.18107631000000002,0.0,0.19501569000000002
C3_2023,C3,2023,tonne,"Ecotoxicity, freshwater",CTUe,,,,26.91,12.63,0.0,24.51813,397.7709,2018.182,1 kg N,1 kg P2O5,1 kg K2O,8_chara,9_chara,10_chara,,,,659.7828783,5023.846467,0.0,5683.6293453
C3_2023,C3,2023,tonne,"Ecotoxicity, freshwater - inorganics",CTUe,,,,26.91,12.63,0.0,7.823272,76.92257,397.7561,1 kg N,1 kg P2O5,1 kg K2O,8_chara,9_chara,10_chara,,,,210.52424952,971.5320591,0.0,1182.05630862
C3_2023,C3,2023,tonne,"Ecotoxicity, freshwater - metals",CTUe,,,,26.91,12.63,0.0,16.52071,320.1271,1619.55,1 kg N,1 kg P2O5,1 kg K2O,8_chara,9_chara,10_chara,,,,444.57230610000005,4043.205273,0.0,4487.7775791
C3_2023,C3,2023,tonne,"Ecotoxicity, freshwater - organics",CTUe,,,,26.91,12.63,0.0,0.174143,0.721252,0.87605,1 kg N,1 kg P2O5,1 kg K2O,8_chara,9_chara,10_chara,,,,4.68618813,9.109412760000001,0.0,13.795600890000001
C3_2023,C3,2023,tonne,"Eutrophication, freshwater",kg P eq,,,,26.91,12.63,0.0,0.000222,0.000952,0.000618,1 kg N,1 kg P2O5,1 kg K2O,8_chara,9_chara,10_chara,,,,0.00597402,0.012023760000000001,0.0,0.01799778
C3_2023,C3,2023,tonne,"Eutrophication, marine",kg N eq,,,,26.91,12.63,0.0,0.002677,0.002767,0.002898,1 kg N,1 kg P2O5,1 kg K2O,8_chara,9_chara,10_chara,,,,0.07203807000000001,0.03494721,0.0,0.10698528000000002
C3_2023,C3,2023,tonne,"Eutrophication, terrestrial",mol N eq,,,,26.91,12.63,0.0,0.241389,0.052171,0.058383,1 kg N,1 kg P2O5,1 kg K2O,8_chara,9_chara,10_chara,,,,6.49577799,0.65891973,0.0,7.15469772
C3_2023,C3,2023,tonne,"Human toxicity, cancer",CTUh,,,,26.91,12.63,0.0,5.34e-10,2.54e-09,1.77e-09,1 kg N,1 kg P2O5,1 kg K2O,8_chara,9_chara,10_chara,,,,1.4369940000000001e-08,3.20802e-08,0.0,4.645014e-08
C3_2023,C3,2023,tonne,"Human toxicity, cancer - inorganics",CTUh,,,,26.91,12.63,0.0,0.0,6.21e-18,5.01e-18,1 kg N,1 kg P2O5,1 kg K2O,8_chara,9_chara,10_chara,,,,0.0,7.84323e-17,0.0,7.84323e-17
C3_2023,C3,2023,tonne,"Human toxicity, cancer - metals",CTUh,,,,26.91,12.63,0.0,3.5e-10,2.13e-09,1.34e-09,1 kg N,1 kg P2O5,1 kg K2O,8_chara,9_chara,10_chara,,,,9.4185e-09,2.69019e-08,0.0,3.63204e-08
C3_2023,C3,2023,tonne,"Human toxicity, cancer - organics",CTUh,,,,26.91,12.63,0.0,1.84e-10,4.05e-10,4.32e-10,1 kg N,1 kg P2O5,1 kg K2O,8_chara,9_chara,10_chara,,,,4.9514400000000004e-09,5.1151500000000005e-09,0.0,1.0066590000000002e-08
C3_2023,C3,2023,tonne,"Human toxicity, non-cancer",CTUh,,,,26.91,12.63,0.0,2e-08,6.49e-08,9.9e-08,1 kg N,1 kg P2O5,1 kg K2O,8_chara,9_chara,10_chara,,,,5.382e-07,8.196870000000001e-07,0.0,1.357887e-06
C3_2023,C3,2023,tonne,"Human toxicity, non-cancer - inorganics",CTUh,,,,26.91,12.63,0.0,1.72e-09,1.45e-08,6.51e-08,1 kg N,1 kg P2O5,1 kg K2O,8_chara,9_chara,10_chara,,,,4.6285200000000005e-08,1.8313500000000003e-07,0.0,2.2942020000000004e-07
C3_2023,C3,2023,tonne,"Human toxicity, non-cancer - metals",CTUh,,,,26.91,12.63,0.0,1.73e-08,4.89e-08,3.21e-08,1 kg N,1 kg P2O5,1 kg K2O,8_chara,9_chara,10_chara,,,,4.65543e-07,6.17607e-07,0.0,1.08315e-06
C3_2023,C3,2023,tonne,"Human toxicity, non-cancer - organics",CTUh,,,,26.91,12.63,0.0,1.35e-09,1.78e-09,2.01e-09,1 kg N,1 kg P2O5,1 kg K2O,8_chara,9_chara,10_chara,,,,3.63285e-08,2.2481400000000003e-08,0.0,5.88099e-08
C3_2023,C3,2023,tonne,Ionising radiation,kBq U-235 eq,,,,26.91,12.63,0.0,0.099841,0.337545,0.245573,1 kg N,1 kg P2O5,1 kg K2O,8_chara,9_chara,10_chara,,,,2.68672131,4.26319335,0.0,6.949914659999999
C3_2023,C3,2023,tonne,Land use,Pt,,,,26.91,12.63,0.0,2.291069,30.93982,25.134,1 kg N,1 kg P2O5,1 kg K2O,8_chara,9_chara,10_chara,,,,61.65266679,390.7699266,0.0,452.42259339000003
C3_2023,C3,2023,tonne,Ozone depletion,kg CFC11 eq,,,,26.91,12.63,0.0,3.58e-07,3.47e-07,3.94e-07,1 kg N,1 kg P2O5,1 kg K2O,8_chara,9_chara,10_chara,,,,9.63378e-06,4.382610000000001e-06,0.0,1.401639e-05
C3_2023,C3,2023,tonne,Particulate matter,disease inc.,,,,26.91,12.63,0.0,3.99e-07,2.34e-07,2.27e-07,1 kg N,1 kg P2O5,1 kg K2O,8_chara,9_chara,10_chara,,,,1.073709e-05,2.9554200000000002e-06,0.0,1.369251e-05
C3_2023,C3,2023,tonne,Photochemical ozone formation,kg NMVOC eq,,,,26.91,12.63,0.0,0.003983,0.00811,0.007996,1 kg N,1 kg P2O5,1 kg K2O,8_chara,9_chara,10_chara,,,,0.10718253000000001,0.1024293,0.0,0.20961183
C3_2023,C3,2023,tonne,"Resource use, fossils",MJ,,,,26.91,12.63,0.0,46.52414,42.89925,42.33106,1 kg N,1 kg P2O5,1 kg K2O,8_chara,9_chara,10_chara,,,,1251.9646074,541.8175275000001,0.0,1793.7821349
C3_2023,C3,2023,tonne,"Resource use, minerals and metals",kg Sb eq,,,,26.91,12.63,0.0,2.71e-05,5.39e-05,5.15e-05,1 kg N,1 kg P2O5,1 kg K2O,8_chara,9_chara,10_chara,,,,0.000729261,0.000680757,0.0,0.001410018
C3_2023,C3,2023,tonne,Water use,m3 depriv.,,,,26.91,12.63,0.0,0.21489,1.587446,1.186461,1 kg N,1 kg P2O5,1 kg K2O,8_chara,9_chara,10_chara,,,,5.7826899,20.04944298,0.0,25.83213288
C3_2024,C3,2024,tonne,Acidification,mol H+ eq,,,,28.5,13.0,0.0,0.057621,0.028972,0.018432,1 kg N,1 kg P2O5,1 kg K2O,8_chara,9_chara,10_chara,,,,1.6421985,0.376636,0.0,2.0188345
C3_2024,C3,2024,tonne,Climate change,kg CO2 eq,,,,28.5,13.0,0.0,3.754282,2.846359,2.817321,1 kg N,1 kg P2O5,1 kg K2O,8_chara,9_chara,10_chara,,,,106.99703699999999,37.002667,0.0,143.999704
C3_2024,C3,2024,tonne,Climate change - Biogenic,kg CO2 eq,,,,28.5,13.0,0.0,0.001325,0.002609,0.002402,1 kg N,1 kg P2O5,1 kg K2O,8_chara,9_chara,10_chara,,,,0.0377625,0.033917,0.0,0.07167950000000001
C3_2024,C3,2024,tonne,Climate change - Fossil,kg CO2 eq,,,,28.5,13.0,0.0,3.752439,2.829413,2.809194,1 kg N,1 kg P2O5,1 kg K2O,8_chara,9_chara,10_chara,,,,106.94451149999999,36.782369,0.0,143.7268805
C3_2024,C3,2024,tonne,Climate change - Land use and LU change,kg CO2 eq,,,,28.5,13.0,0.0,0.000518,0.014337,0.005725,1 kg N,1 kg P2O5,1 kg K2O,8_chara,9_chara,10_chara,,,,0.014763,0.18638100000000002,0.0,0.20114400000000002
C3_2024,C3,2024,tonne,"Ecotoxicity, freshwater",CTUe,,,,28.5,13.0,0.0,24.51813,397.7709,2018.182,1 kg N,1 kg P2O5,1 kg K2O,8_chara,9_chara,10_chara,,,,698.766705,5171.021699999999,0.0,5869.788404999999
C3_2024,C3,2024,tonne,"Ecotoxicity, freshwater - inorganics",CTUe,,,,28.5,13.0,0.0,7.823272,76.92257,397.7561,1 kg N,1 kg P2O5,1 kg K2O,8_chara,9_chara,10_chara,,,,222.963252,999.9934099999999,0.0,1222.956662
C3_2024,C3,2024,tonne,"Ecotoxicity, freshwater - metals",CTUe,,,,28.5,13.0,0.0,16.52071,320.1271,1619.55,1 kg N,1 kg P2O5,1 kg K2O,8_chara,9_chara,10_chara,,,,470.840235,4161.6523,0.0,4632.492534999999
C3_2024,C3,2024,tonne,"Ecotoxicity, freshwater - organics",CTUe,,,,28.5,13.0,0.0,0.174143,0.721252,0.87605,1 kg N,1 kg P2O5,1 kg K2O,8_chara,9_chara,10_chara,,,,4.9630754999999995,9.376276,0.0,14.3393515
C3_2024,C3,2024,tonne,"Eutrophication, freshwater",kg P eq,,,,28.5,13.0,0.0,0.000222,0.000952,0.000618,1 kg N,1 kg P2O5,1 kg K2O,8_chara,9_chara,10_chara,,,,0.006327,0.012376,0.0,0.018703
C3_2024,C3,2024,tonne,"Eutrophication, marine",kg N eq,,,,28.5,13.0,0.0,0.002677,0.002767,0.002898,1 kg N,1 kg P2O5,1 kg K2O,8_chara,9_chara,10_chara,,,,0.0762945,0.035970999999999996,0.0,0.11226549999999999
C3_2024,C3,2024,tonne,"Eutrophication, terrestrial",mol N eq,,,,28.5,13.0,0.0,0.241389,0.052171,0.058383,1 kg N,1 kg P2O5,1 kg K2O,8_chara,9_chara,10_chara,,,,6.879586499999999,0.678223,0.0,7.557809499999999
C3_2024,C3,2024,tonne,"Human toxicity, cancer",CTUh,,,,28.5,13.0,0.0,5.34e-10,2.54e-09,1.77e-09,1 kg N,1 kg P2O5,1 kg K2O,8_chara,9_chara,10_chara,,,,1.5219e-08,3.302e-08,0.0,4.8239e-08
C3_2024,C3,2024,tonne,"Human toxicity, cancer - inorganics",CTUh,,,,28.5,13.0,0.0,0.0,6.21e-18,5.01e-18,1 kg N,1 kg P2O5,1 kg K2O,8_chara,9_chara,10_chara,,,,0.0,8.073000000000001e-17,0.0,8.073000000000001e-17
C3_2024,C3,2024,tonne,"Human toxicity, cancer - metals",CTUh,,,,28.5,13.0,0.0,3.5e-10,2.13e-09,1.34e-09,1 kg N,1 kg P2O5,1 kg K2O,8_chara,9_chara,10_chara,,,,9.975e-09,2.769e-08,0.0,3.7665e-08
C3_2024,C3,2024,tonne,"Human toxicity, cancer - organics",CTUh,,,,28.5,13.0,0.0,1.84e-10,4.05e-10,4.32e-10,1 kg N,1 kg P2O5,1 kg K2O,8_chara,9_chara,10_chara,,,,5.2440000000000005e-09,5.265e-09,0.0,1.0509000000000002e-08
C3_2024,C3,2024,tonne,"Human toxicity, non-cancer",CTUh,,,,28.5,13.0,0.0,2e-08,6.49e-08,9.9e-08,1 kg N,1 kg P2O5,1 kg K2O,8_chara,9_chara,10_chara,,,,5.7e-07,8.437000000000001e-07,0.0,1.4137000000000001e-06
C3_2024,C3,2024,tonne,"Human toxicity, non-cancer - inorganics",CTUh,,,,28.5,13.0,0.0,1.72e-09,1.45e-08,6.51e-08,1 kg N,1 kg P2O5,1 kg K2O,8_chara,9_chara,10_chara,,,,4.9020000000000005e-08,1.885e-07,0.0,2.3752e-07
C3_2024,C3,2024,tonne,"Human toxicity, non-cancer - metals",CTUh,,,,28.5,13.0,0.0,1.73e-08,4.89e-08,3.21e-08,1 kg N,1 kg P2O5,1 kg K2O,8_chara,9_chara,10_chara,,,,4.9305e-07,6.357e-07,0.0,1.12875e-06
C3_2024,C3,2024,tonne,"Human toxicity, non-cancer - organics",CTUh,,,,28.5,13.0,0.0,1.35e-09,1.78e-09,2.01e-09,1 kg N,1 kg P2O5,1 kg K2O,8_chara,9_chara,10_chara,,,,3.8475000000000005e-08,2.314e-08,0.0,6.161500000000001e-08
C3_2024,C3,2024,tonne,Ionising radiation,kBq U-235 eq,,,,28.5,13.0,0.0,0.099841,0.337545,0.245573,1 kg N,1 kg P2O5,1 kg K2O,8_chara,9_chara,10_chara,,,,2.8454685,4.388085,0.0,7.2335535
C3_2024,C3,2024,tonne,Land use,Pt,,,,28.5,13.0,0.0,2.291069,30.93982,25.134,1 kg N,1 kg P2O5,1 kg K2O,8_chara,9_chara,10_chara,,,,65.29546649999999,402.21766,0.0,467.5131265
C3_2024,C3,2024,tonne,Ozone depletion,kg CFC11 eq,,,,28.5,13.0,0.0,3.58e-07,3.47e-07,3.94e-07,1 kg N,1 kg P2O5,1 kg K2O,8_chara,9_chara,10_chara,,,,1.0203e-05,4.5110000000000005e-06,0.0,1.4714000000000002e-05
C3_2024,C3,2024,tonne,Particulate matter,disease inc.,,,,28.5,13.0,0.0,3.99e-07,2.34e-07,2.27e-07,1 kg N,1 kg P2O5,1 kg K2O,8_chara,9_chara,10_chara,,,,1.1371500000000001e-05,3.042e-06,0.0,1.44135e-05
C3_2024,C3,2024,tonne,Photochemical ozone formation,kg NMVOC eq,,,,28.5,13.0,0.0,0.003983,0.00811,0.007996,1 kg N,1 kg P2O5,1 kg K2O,8_chara,9_chara,10_chara,,,,0.11351550000000002,0.10543,0.0,0.21894550000000002
C3_2024,C3,2024,tonne,"Resource use, fossils",MJ,,,,28.5,13.0,0.0,46.52414,42.89925,42.33106,1 kg N,1 kg P2O5,1 kg K2O,8_chara,9_chara,10_chara,,,,1325.9379900000001,557.69025,0.0,1883.62824
C3_2024,C3,2024,tonne,"Resource use, minerals and metals",kg Sb eq,,,,28.5,13.0,0.0,2.71e-05,5.39e-05,5.15e-05,1 kg N,1 kg P2O5,1 kg K2O,8_chara,9_chara,10_chara,,,,0.00077235,0.0007007000000000001,0.0,0.00147305
C3_2024,C3,2024,tonne,Water use,m3 depriv.,,,,28.5,13.0,0.0,0.21489,1.587446,1.186461,1 kg N,1 kg P2O5,1 kg K2O,8_chara,9_chara,10_chara,,,,6.124365,20.636798,0.0,26.761163
C4_2022,C4,2022,tonne,Acidification,mol H+ eq,,,,33.9,10.77,10.77,0.057621,0.028972,0.018432,1 kg N,1 kg P2O5,1 kg K2O,8_chara,9_chara,10_chara,,,,1.9533519,0.31202844,0.19851264,2.4638929800000002
C4_2022,C4,2022,tonne,Climate change,kg CO2 eq,,,,33.9,10.77,10.77,3.754282,2.846359,2.817321,1 kg N,1 kg P2O5,1 kg K2O,8_chara,9_chara,10_chara,,,,127.27015979999999,30.65528643,30.34254717,188.26799339999997
C4_2022,C4,2022,tonne,Climate change - Biogenic,kg CO2 eq,,,,33.9,10.77,10.77,0.001325,0.002609,0.002402,1 kg N,1 kg P2O5,1 kg K2O,8_chara,9_chara,10_chara,,,,0.0449175,0.02809893,0.02586954,0.09888596999999999
C4_2022,C4,2022,tonne,Climate change - Fossil,kg CO2 eq,,,,33.9,10.77,10.77,3.752439,2.829413,2.809194,1 kg N,1 kg P2O5,1 kg K2O,8_chara,9_chara,10_chara,,,,127.20768209999999,30.47277801,30.25501938,187.93547948999998
C4_2022,C4,2022,tonne,Climate change - Land use and LU change,kg CO2 eq,,,,33.9,10.77,10.77,0.000518,0.014337,0.005725,1 kg N,1 kg P2O5,1 kg K2O,8_chara,9_chara,10_chara,,,,0.017560199999999998,0.15440949,0.06165825,0.23362794
C4_2022,C4,2022,tonne,"Ecotoxicity, freshwater",CTUe,,,,33.9,10.77,10.77,24.51813,397.7709,2018.182,1 kg N,1 kg P2O5,1 kg K2O,8_chara,9_chara,10_chara,,,,831.1646069999999,4283.992593,21735.82014,26850.977339999998
C4_2022,C4,2022,tonne,"Ecotoxicity, freshwater - inorganics",CTUe,,,,33.9,10.77,10.77,7.823272,76.92257,397.7561,1 kg N,1 kg P2O5,1 kg K2O,8_chara,9_chara,10_chara,,,,265.2089208,828.4560788999999,4283.833197,5377.4981967
C4_2022,C4,2022,tonne,"Ecotoxicity, freshwater - metals",CTUe,,,,33.9,10.77,10.77,16.52071,320.1271,1619.55,1 kg N,1 kg P2O5,1 kg K2O,8_chara,9_chara,10_chara,,,,560.052069,3447.768867,17442.553499999998,21450.374436
C4_2022,C4,2022,tonne,"Ecotoxicity, freshwater - organics",CTUe,,,,33.9,10.77,10.77,0.174143,0.721252,0.87605,1 kg N,1 kg P2O5,1 kg K2O,8_chara,9_chara,10_chara,,,,5.903447699999999,7.767884039999999,9.4350585,23.10639024
C4_2022,C4,2022,tonne,"Eutrophication, freshwater",kg P eq,,,,33.9,10.77,10.77,0.000222,0.000952,0.000618,1 kg N,1 kg P2O5,1 kg K2O,8_chara,9_chara,10_chara,,,,0.0075258,0.01025304,0.0066558599999999996,0.0244347
C4_2022,C4,2022,tonne,"Eutrophication, marine",kg N eq,,,,33.9,10.77,10.77,0.002677,0.002767,0.002898,1 kg N,1 kg P2O5,1 kg K2O,8_chara,9_chara,10_chara,,,,0.0907503,0.02980059,0.03121146,0.15176235000000002
C4_2022,C4,2022,tonne,"Eutrophication, terrestrial",mol N eq,,,,33.9,10.77,10.77,0.241389,0.052171,0.058383,1 kg N,1 kg P2O5,1 kg K2O,8_chara,9_chara,10_chara,,,,8.1830871,0.56188167,0.6287849099999999,9.37375368
C4_2022,C4,2022,tonne,"Human toxicity, cancer",CTUh,,,,33.9,10.77,10.77,5.34e-10,2.54e-09,1.77e-09,1 kg N,1 kg P2O5,1 kg K2O,8_chara,9_chara,10_chara,,,,1.8102599999999998e-08,2.73558e-08,1.90629e-08,6.45213e-08
C4_2022,C4,2022,tonne,"Human toxicity, cancer - inorganics",CTUh,,,,33.9,10.77,10.77,0.0,6.21e-18,5.01e-18,1 kg N,1 kg P2O5,1 kg K2O,8_chara,9_chara,10_chara,,,,0.0,6.68817e-17,5.39577e-17,1.2083940000000002e-16
C4_2022,C4,2022,tonne,"Human toxicity, cancer - metals",CTUh,,,,33.9,10.77,10.77,3.5e-10,2.13e-09,1.34e-09,1 kg N,1 kg P2O5,1 kg K2O,8_chara,9_chara,10_chara,,,,1.1864999999999999e-08,2.2940099999999998e-08,1.4431799999999999e-08,4.92369e-08
C4_2022,C4,2022,tonne,"Human toxicity, cancer - organics",CTUh,,,,33.9,10.77,10.77,1.84e-10,4.05e-10,4.32e-10,1 kg N,1 kg P2O5,1 kg K2O,8_chara,9_chara,10_chara,,,,6.2376e-09,4.36185e-09,4.65264e-09,1.525209e-08
C4_2022,C4,2022,tonne,"Human toxicity, non-cancer",CTUh,,,,33.9,10.77,10.77,2e-08,6.49e-08,9.9e-08,1 kg N,1 kg P2O5,1 kg K2O,8_chara,9_chara,10_chara,,,,6.78e-07,6.98973e-07,1.06623e-06,2.443203e-06
C4_2022,C4,2022,tonne,"Human toxicity, non-cancer - inorganics",CTUh,,,,33.9,10.77,10.77,1.72e-09,1.45e-08,6.51e-08,1 kg N,1 kg P2O5,1 kg K2O,8_chara,9_chara,10_chara,,,,5.8308e-08,1.56165e-07,7.01127e-07,9.156e-07
C4_2022,C4,2022,tonne,"Human toxicity, non-cancer - metals",CTUh,,,,33.9,10.77,10.77,1.73e-08,4.89e-08,3.21e-08,1 kg N,1 kg P2O5,1 kg K2O,8_chara,9_chara,10_chara,,,,5.864699999999999e-07,5.266529999999999e-07,3.45717e-07,1.45884e-06
C4_2022,C4,2022,tonne,"Human toxicity, non-cancer - organics",CTUh,,,,33.9,10.77,10.77,1.35e-09,1.78e-09,2.01e-09,1 kg N,1 kg P2O5,1 kg K2O,8_chara,9_chara,10_chara,,,,4.5765e-08,1.9170599999999998e-08,2.1647699999999997e-08,8.658329999999999e-08
C4_2022,C4,2022,tonne,Ionising radiation,kBq U-235 eq,,,,33.9,10.77,10.77,0.099841,0.337545,0.245573,1 kg N,1 kg P2O5,1 kg K2O,8_chara,9_chara,10_chara,,,,3.3846098999999996,3.63535965,2.64482121,9.664790759999999
C4_2022,C4,2022,tonne,Land use,Pt,,,,33.9,10.77,10.77,2.291069,30.93982,25.134,1 kg N,1 kg P2O5,1 kg K2O,8_chara,9_chara,10_chara,,,,77.66723909999999,333.2218614,270.69318,681.5822805
C4_2022,C4,2022,tonne,Ozone depletion,kg CFC11 eq,,,,33.9,10.77,10.77,3.58e-07,3.47e-07,3.94e-07,1 kg N,1 kg P2O5,1 kg K2O,8_chara,9_chara,10_chara,,,,1.2136199999999999e-05,3.73719e-06,4.24338e-06,2.0116769999999998e-05
C4_2022,C4,2022,tonne,Particulate matter,disease inc.,,,,33.9,10.77,10.77,3.99e-07,2.34e-07,2.27e-07,1 kg N,1 kg P2O5,1 kg K2O,8_chara,9_chara,10_chara,,,,1.3526099999999999e-05,2.52018e-06,2.44479e-06,1.8491069999999998e-05
C4_2022,C4,2022,tonne,Photochemical ozone formation,kg NMVOC eq,,,,33.9,10.77,10.77,0.003983,0.00811,0.007996,1 kg N,1 kg P2O5,1 kg K2O,8_chara,9_chara,10_chara,,,,0.1350237,0.08734469999999998,0.08611692,0.30848531999999995
C4_2022,C4,2022,tonne,"Resource use, fossils",MJ,,,,33.9,10.77,10.77,46.52414,42.89925,42.33106,1 kg N,1 kg P2O5,1 kg K2O,8_chara,9_chara,10_chara,,,,1577.168346,462.0249225,455.90551619999997,2495.0987846999997
C4_2022,C4,2022,tonne,"Resource use, minerals and metals",kg Sb eq,,,,33.9,10.77,10.77,2.71e-05,5.39e-05,5.15e-05,1 kg N,1 kg P2O5,1 kg K2O,8_chara,9_chara,10_chara,,,,0.00091869,0.000580503,0.0005546549999999999,0.002053848
C4_2022,C4,2022,tonne,Water use,m3 depriv.,,,,33.9,10.77,10.77,0.21489,1.587446,1.186461,1 kg N,1 kg P2O5,1 kg K2O,8_chara,9_chara,10_chara,,,,7.284770999999999,17.096793419999997,12.77818497,37.159749389999995
C4_2023,C4,2023,tonne,Acidification,mol H+ eq,,,,32.55,6.67,0.0,0.057621,0.028972,0.018432,1 kg N,1 kg P2O5,1 kg K2O,8_chara,9_chara,10_chara,,,,1.8755635499999999,0.19324324,0.0,2.06880679
C4_2023,C4,2023,tonne,Climate change,kg CO2 eq,,,,32.55,6.67,0.0,3.754282,2.846359,2.817321,1 kg N,1 kg P2O5,1 kg K2O,8_chara,9_chara,10_chara,,,,122.20187909999999,18.98521453,0.0,141.18709363
C4_2023,C4,2023,tonne,Climate change - Biogenic,kg CO2 eq,,,,32.55,6.67,0.0,0.001325,0.002609,0.002402,1 kg N,1 kg P2O5,1 kg K2O,8_chara,9_chara,10_chara,,,,0.043128749999999993,0.017402030000000002,0.0,0.06053077999999999
C4_2023,C4,2023,tonne,Climate change - Fossil,kg CO2 eq,,,,32.55,6.67,0.0,3.752439,2.829413,2.809194,1 kg N,1 kg P2O5,1 kg K2O,8_chara,9_chara,10_chara,,,,122.14188944999998,18.872184710000003,0.0,141.01407415999998
C4_2023,C4,2023,tonne,Climate change - Land use and LU change,kg CO2 eq,,,,32.55,6.67,0.0,0.000518,0.014337,0.005725,1 kg N,1 kg P2O5,1 kg K2O,8_chara,9_chara,10_chara,,,,0.016860899999999998,0.09562779,0.0,0.11248869
C4_2023,C4,2023,tonne,"Ecotoxicity, freshwater",CTUe,,,,32.55,6.67,0.0,24.51813,397.7709,2018.182,1 kg N,1 kg P2O5,1 kg K2O,8_chara,9_chara,10_chara,,,,798.0651314999999,2653.131903,0.0,3451.1970345
C4_2023,C4,2023,tonne,"Ecotoxicity, freshwater - inorganics",CTUe,,,,32.55,6.67,0.0,7.823272,76.92257,397.7561,1 kg N,1 kg P2O5,1 kg K2O,8_chara,9_chara,10_chara,,,,254.6475036,513.0735418999999,0.0,767.7210455
C4_2023,C4,2023,tonne,"Ecotoxicity, freshwater - metals",CTUe,,,,32.55,6.67,0.0,16.52071,320.1271,1619.55,1 kg N,1 kg P2O5,1 kg K2O,8_chara,9_chara,10_chara,,,,537.7491105,2135.247757,0.0,2672.9968675
C4_2023,C4,2023,tonne,"Ecotoxicity, freshwater - organics",CTUe,,,,32.55,6.67,0.0,0.174143,0.721252,0.87605,1 kg N,1 kg P2O5,1 kg K2O,8_chara,9_chara,10_chara,,,,5.6683546499999995,4.81075084,0.0,10.479105489999998
C4_2023,C4,2023,tonne,"Eutrophication, freshwater",kg P eq,,,,32.55,6.67,0.0,0.000222,0.000952,0.000618,1 kg N,1 kg P2O5,1 kg K2O,8_chara,9_chara,10_chara,,,,0.007226099999999999,0.00634984,0.0,0.013575939999999998
C4_2023,C4,2023,tonne,"Eutrophication, marine",kg N eq,,,,32.55,6.67,0.0,0.002677,0.002767,0.002898,1 kg N,1 kg P2O5,1 kg K2O,8_chara,9_chara,10_chara,,,,0.08713635,0.01845589,0.0,0.10559224
C4_2023,C4,2023,tonne,"Eutrophication, terrestrial",mol N eq,,,,32.55,6.67,0.0,0.241389,0.052171,0.058383,1 kg N,1 kg P2O5,1 kg K2O,8_chara,9_chara,10_chara,,,,7.857211949999999,0.34798057,0.0,8.205192519999999
C4_2023,C4,2023,tonne,"Human toxicity, cancer",CTUh,,,,32.55,6.67,0.0,5.34e-10,2.54e-09,1.77e-09,1 kg N,1 kg P2O5,1 kg K2O,8_chara,9_chara,10_chara,,,,1.73817e-08,1.69418e-08,0.0,3.4323499999999996e-08
C4_2023,C4,2023,tonne,"Human toxicity, cancer - inorganics",CTUh,,,,32.55,6.67,0.0,0.0,6.21e-18,5.01e-18,1 kg N,1 kg P2O5,1 kg K2O,8_chara,9_chara,10_chara,,,,0.0,4.14207e-17,0.0,4.14207e-17
C4_2023,C4,2023,tonne,"Human toxicity, cancer - metals",CTUh,,,,32.55,6.67,0.0,3.5e-10,2.13e-09,1.34e-09,1 kg N,1 kg P2O5,1 kg K2O,8_chara,9_chara,10_chara,,,,1.1392499999999998e-08,1.42071e-08,0.0,2.5599599999999996e-08
C4_2023,C4,2023,tonne,"Human toxicity, cancer - organics",CTUh,,,,32.55,6.67,0.0,1.84e-10,4.05e-10,4.32e-10,1 kg N,1 kg P2O5,1 kg K2O,8_chara,9_chara,10_chara,,,,5.9892e-09,2.70135e-09,0.0,8.69055e-09
C4_2023,C4,2023,tonne,"Human toxicity, non-cancer",CTUh,,,,32.55,6.67,0.0,2e-08,6.49e-08,9.9e-08,1 kg N,1 kg P2O5,1 kg K2O,8_chara,9_chara,10_chara,,,,6.51e-07,4.32883e-07,0.0,1.083883e-06
C4_2023,C4,2023,tonne,"Human toxicity, non-cancer - inorganics",CTUh,,,,32.55,6.67,0.0,1.72e-09,1.45e-08,6.51e-08,1 kg N,1 kg P2O5,1 kg K2O,8_chara,9_chara,10_chara,,,,5.5985999999999996e-08,9.6715e-08,0.0,1.52701e-07
C4_2023,C4,2023,tonne,"Human toxicity, non-cancer - metals",CTUh,,,,32.55,6.67,0.0,1.73e-08,4.89e-08,3.21e-08,1 kg N,1 kg P2O5,1 kg K2O,8_chara,9_chara,10_chara,,,,5.631149999999999e-07,3.26163e-07,0.0,8.892779999999999e-07
C4_2023,C4,2023,tonne,"Human toxicity, non-cancer - organics",CTUh,,,,32.55,6.67,0.0,1.35e-09,1.78e-09,2.01e-09,1 kg N,1 kg P2O5,1 kg K2O,8_chara,9_chara,10_chara,,,,4.39425e-08,1.18726e-08,0.0,5.58151e-08
C4_2023,C4,2023,tonne,Ionising radiation,kBq U-235 eq,,,,32.55,6.67,0.0,0.099841,0.337545,0.245573,1 kg N,1 kg P2O5,1 kg K2O,8_chara,9_chara,10_chara,,,,3.2498245499999996,2.2514251499999998,0.0,5.501249699999999
C4_2023,C4,2023,tonne,Land use,Pt,,,,32.55,6.67,0.0,2.291069,30.93982,25.134,1 kg N,1 kg P2O5,1 kg K2O,8_chara,9_chara,10_chara,,,,74.57429594999999,206.3685994,0.0,280.94289534999996
C4_2023,C4,2023,tonne,Ozone depletion,kg CFC11 eq,,,,32.55,6.67,0.0,3.58e-07,3.47e-07,3.94e-07,1 kg N,1 kg P2O5,1 kg K2O,8_chara,9_chara,10_chara,,,,1.16529e-05,2.31449e-06,0.0,1.396739e-05
C4_2023,C4,2023,tonne,Particulate matter,disease inc.,,,,32.55,6.67,0.0,3.99e-07,2.34e-07,2.27e-07,1 kg N,1 kg P2O5,1 kg K2O,8_chara,9_chara,10_chara,,,,1.2987449999999999e-05,1.56078e-06,0.0,1.454823e-05
C4_2023,C4,2023,tonne,Photochemical ozone formation,kg NMVOC eq,,,,32.55,6.67,0.0,0.003983,0.00811,0.007996,1 kg N,1 kg P2O5,1 kg K2O,8_chara,9_chara,10_chara,,,,0.12964665,0.054093699999999995,0.0,0.18374035
C4_2023,C4,2023,tonne,"Resource use, fossils",MJ,,,,32.55,6.67,0.0,46.52414,42.89925,42.33106,1 kg N,1 kg P2O5,1 kg K2O,8_chara,9_chara,10_chara,,,,1514.360757,286.1379975,0.0,1800.4987545
C4_2023,C4,2023,tonne,"Resource use, minerals and metals",kg Sb eq,,,,32.55,6.67,0.0,2.71e-05,5.39e-05,5.15e-05,1 kg N,1 kg P2O5,1 kg K2O,8_chara,9_chara,10_chara,,,,0.000882105,0.000359513,0.0,0.0012416179999999999
C4_2023,C4,2023,tonne,Water use,m3 depriv.,,,,32.55,6.67,0.0,0.21489,1.587446,1.186461,1 kg N,1 kg P2O5,1 kg K2O,8_chara,9_chara,10_chara,,,,6.9946695,10.58826482,0.0,17.58293432
C4_2024,C4,2024,tonne,Acidification,mol H+ eq,,,,14.02,8.46,0.0,0.057621,0.028972,0.018432,1 kg N,1 kg P2O5,1 kg K2O,8_chara,9_chara,10_chara,,,,0.80784642,0.24510312000000004,0.0,1.05294954
C4_2024,C4,2024,tonne,Climate change,kg CO2 eq,,,,14.02,8.46,0.0,3.754282,2.846359,2.817321,1 kg N,1 kg P2O5,1 kg K2O,8_chara,9_chara,10_chara,,,,52.635033639999996,24.080197140000003,0.0,76.71523078
C4_2024,C4,2024,tonne,Climate change - Biogenic,kg CO2 eq,,,,14.02,8.46,0.0,0.001325,0.002609,0.002402,1 kg N,1 kg P2O5,1 kg K2O,8_chara,9_chara,10_chara,,,,0.0185765,0.022072140000000004,0.0,0.04064864
C4_2024,C4,2024,tonne,Climate change - Fossil,kg CO2 eq,,,,14.02,8.46,0.0,3.752439,2.829413,2.809194,1 kg N,1 kg P2O5,1 kg K2O,8_chara,9_chara,10_chara,,,,52.609194779999996,23.936833980000003,0.0,76.54602876
C4_2024,C4,2024,tonne,Climate change - Land use and LU change,kg CO2 eq,,,,14.02,8.46,0.0,0.000518,0.014337,0.005725,1 kg N,1 kg P2O5,1 kg K2O,8_chara,9_chara,10_chara,,,,0.00726236,0.12129102000000001,0.0,0.12855338000000002
C4_2024,C4,2024,tonne,"Ecotoxicity, freshwater",CTUe,,,,14.02,8.46,0.0,24.51813,397.7709,2018.182,1 kg N,1 kg P2O5,1 kg K2O,8_chara,9_chara,10_chara,,,,343.7441826,3365.141814,0.0,3708.8859966
C4_2024,C4,2024,tonne,"Ecotoxicity, freshwater - inorganics",CTUe,,,,14.02,8.46,0.0,7.823272,76.92257,397.7561,1 kg N,1 kg P2O5,1 kg K2O,8_chara,9_chara,10_chara,,,,109.68227344,650.7649422000001,0.0,760.4472156400001
C4_2024,C4,2024,tonne,"Ecotoxicity, freshwater - metals",CTUe,,,,14.02,8.46,0.0,16.52071,320.1271,1619.55,1 kg N,1 kg P2O5,1 kg K2O,8_chara,9_chara,10_chara,,,,231.6203542,2708.275266,0.0,2939.8956202
C4_2024,C4,2024,tonne,"Ecotoxicity, freshwater - organics",CTUe,,,,14.02,8.46,0.0,0.174143,0.721252,0.87605,1 kg N,1 kg P2O5,1 kg K2O,8_chara,9_chara,10_chara,,,,2.4414848599999996,6.101791920000001,0.0,8.543276780000001
C4_2024,C4,2024,tonne,"Eutrophication, freshwater",kg P eq,,,,14.02,8.46,0.0,0.000222,0.000952,0.000618,1 kg N,1 kg P2O5,1 kg K2O,8_chara,9_chara,10_chara,,,,0.0031124399999999997,0.008053920000000001,0.0,0.01116636
C4_2024,C4,2024,tonne,"Eutrophication, marine",kg N eq,,,,14.02,8.46,0.0,0.002677,0.002767,0.002898,1 kg N,1 kg P2O5,1 kg K2O,8_chara,9_chara,10_chara,,,,0.03753154,0.02340882,0.0,0.06094036
C4_2024,C4,2024,tonne,"Eutrophication, terrestrial",mol N eq,,,,14.02,8.46,0.0,0.241389,0.052171,0.058383,1 kg N,1 kg P2O5,1 kg K2O,8_chara,9_chara,10_chara,,,,3.38427378,0.4413666600000001,0.0,3.82564044
C4_2024,C4,2024,tonne,"Human toxicity, cancer",CTUh,,,,14.02,8.46,0.0,5.34e-10,2.54e-09,1.77e-09,1 kg N,1 kg P2O5,1 kg K2O,8_chara,9_chara,10_chara,,,,7.48668e-09,2.1488400000000002e-08,0.0,2.8975080000000002e-08
C4_2024,C4,2024,tonne,"Human toxicity, cancer - inorganics",CTUh,,,,14.02,8.46,0.0,0.0,6.21e-18,5.01e-18,1 kg N,1 kg P2O5,1 kg K2O,8_chara,9_chara,10_chara,,,,0.0,5.253660000000001e-17,0.0,5.253660000000001e-17
C4_2024,C4,2024,tonne,"Human toxicity, cancer - metals",CTUh,,,,14.02,8.46,0.0,3.5e-10,2.13e-09,1.34e-09,1 kg N,1 kg P2O5,1 kg K2O,8_chara,9_chara,10_chara,,,,4.907e-09,1.80198e-08,0.0,2.29268e-08
C4_2024,C4,2024,tonne,"Human toxicity, cancer - organics",CTUh,,,,14.02,8.46,0.0,1.84e-10,4.05e-10,4.32e-10,1 kg N,1 kg P2O5,1 kg K2O,8_chara,9_chara,10_chara,,,,2.57968e-09,3.4263000000000005e-09,0.0,6.00598e-09
C4_2024,C4,2024,tonne,"Human toxicity, non-cancer",CTUh,,,,14.02,8.46,0.0,2e-08,6.49e-08,9.9e-08,1 kg N,1 kg P2O5,1 kg K2O,8_chara,9_chara,10_chara,,,,2.804e-07,5.490540000000001e-07,0.0,8.294540000000001e-07
C4_2024,C4,2024,tonne,"Human toxicity, non-cancer - inorganics",CTUh,,,,14.02,8.46,0.0,1.72e-09,1.45e-08,6.51e-08,1 kg N,1 kg P2O5,1 kg K2O,8_chara,9_chara,10_chara,,,,2.41144e-08,1.2267000000000003e-07,0.0,1.4678440000000002e-07
C4_2024,C4,2024,tonne,"Human toxicity, non-cancer - metals",CTUh,,,,14.02,8.46,0.0,1.73e-08,4.89e-08,3.21e-08,1 kg N,1 kg P2O5,1 kg K2O,8_chara,9_chara,10_chara,,,,2.42546e-07,4.1369400000000005e-07,0.0,6.5624e-07
C4_2024,C4,2024,tonne,"Human toxicity, non-cancer - organics",CTUh,,,,14.02,8.46,0.0,1.35e-09,1.78e-09,2.01e-09,1 kg N,1 kg P2O5,1 kg K2O,8_chara,9_chara,10_chara,,,,1.8927e-08,1.5058800000000002e-08,0.0,3.39858e-08
C4_2024,C4,2024,tonne,Ionising radiation,kBq U-235 eq,,,,14.02,8.46,0.0,0.099841,0.337545,0.245573,1 kg N,1 kg P2O5,1 kg K2O,8_chara,9_chara,10_chara,,,,1.3997708199999999,2.8556307000000003,0.0,4.25540152
C4_2024,C4,2024,tonne,Land use,Pt,,,,14.02,8.46,0.0,2.291069,30.93982,25.134,1 kg N,1 kg P2O5,1 kg K2O,8_chara,9_chara,10_chara,,,,32.120787379999996,261.75087720000005,0.0,293.87166458
C4_2024,C4,2024,tonne,Ozone depletion,kg CFC11 eq,,,,14.02,8.46,0.0,3.58e-07,3.47e-07,3.94e-07,1 kg N,1 kg P2O5,1 kg K2O,8_chara,9_chara,10_chara,,,,5.01916e-06,2.9356200000000004e-06,0.0,7.95478e-06
C4_2024,C4,2024,tonne,Particulate matter,disease inc.,,,,14.02,8.46,0.0,3.99e-07,2.34e-07,2.27e-07,1 kg N,1 kg P2O5,1 kg K2O,8_chara,9_chara,10_chara,,,,5.59398e-06,1.9796400000000003e-06,0.0,7.5736199999999995e-06
C4_2024,C4,2024,tonne,Photochemical ozone formation,kg NMVOC eq,,,,14.02,8.46,0.0,0.003983,0.00811,0.007996,1 kg N,1 kg P2O5,1 kg K2O,8_chara,9_chara,10_chara,,,,0.05584166,0.0686106,0.0,0.12445226
C4_2024,C4,2024,tonne,"Resource use, fossils",MJ,,,,14.02,8.46,0.0,46.52414,42.89925,42.33106,1 kg N,1 kg P2O5,1 kg K2O,8_chara,9_chara,10_chara,,,,652.2684428,362.9276550000001,0.0,1015.1960978000001
C4_2024,C4,2024,tonne,"Resource use, minerals and metals",kg Sb eq,,,,14.02,8.46,0.0,2.71e-05,5.39e-05,5.15e-05,1 kg N,1 kg P2O5,1 kg K2O,8_chara,9_chara,10_chara,,,,0.00037994200000000003,0.00045599400000000004,0.0,0.000835936
C4_2024,C4,2024,tonne,Water use,m3 depriv.,,,,14.02,8.46,0.0,0.21489,1.587446,1.186461,1 kg N,1 kg P2O5,1 kg K2O,8_chara,9_chara,10_chara,,,,3.0127577999999997,13.429793160000001,0.0,16.442550960000002
C5_2022,C5,2022,tonne,Acidification,mol H+ eq,,,,20.7,3.34,0.0,0.057621,0.028972,0.018432,1 kg N,1 kg P2O5,1 kg K2O,8_chara,9_chara,10_chara,,,,1.1927546999999998,0.09676648,0.0,1.28952118
C5_2022,C5,2022,tonne,Climate change,kg CO2 eq,,,,20.7,3.34,0.0,3.754282,2.846359,2.817321,1 kg N,1 kg P2O5,1 kg K2O,8_chara,9_chara,10_chara,,,,77.7136374,9.506839059999999,0.0,87.22047646
C5_2022,C5,2022,tonne,Climate change - Biogenic,kg CO2 eq,,,,20.7,3.34,0.0,0.001325,0.002609,0.002402,1 kg N,1 kg P2O5,1 kg K2O,8_chara,9_chara,10_chara,,,,0.0274275,0.008714060000000001,0.0,0.03614156
C5_2022,C5,2022,tonne,Climate change - Fossil,kg CO2 eq,,,,20.7,3.34,0.0,3.752439,2.829413,2.809194,1 kg N,1 kg P2O5,1 kg K2O,8_chara,9_chara,10_chara,,,,77.6754873,9.45023942,0.0,87.12572672
C5_2022,C5,2022,tonne,Climate change - Land use and LU change,kg CO2 eq,,,,20.7,3.34,0.0,0.000518,0.014337,0.005725,1 kg N,1 kg P2O5,1 kg K2O,8_chara,9_chara,10_chara,,,,0.0107226,0.047885580000000004,0.0,0.05860818
C5_2022,C5,2022,tonne,"Ecotoxicity, freshwater",CTUe,,,,20.7,3.34,0.0,24.51813,397.7709,2018.182,1 kg N,1 kg P2O5,1 kg K2O,8_chara,9_chara,10_chara,,,,507.525291,1328.5548059999999,0.0,1836.0800969999998
C5_2022,C5,2022,tonne,"Ecotoxicity, freshwater - inorganics",CTUe,,,,20.7,3.34,0.0,7.823272,76.92257,397.7561,1 kg N,1 kg P2O5,1 kg K2O,8_chara,9_chara,10_chara,,,,161.9417304,256.92138379999994,0.0,418.8631141999999
C5_2022,C5,2022,tonne,"Ecotoxicity, freshwater - metals",CTUe,,,,20.7,3.34,0.0,16.52071,320.1271,1619.55,1 kg N,1 kg P2O5,1 kg K2O,8_chara,9_chara,10_chara,,,,341.978697,1069.224514,0.0,1411.203211
C5_2022,C5,2022,tonne,"Ecotoxicity, freshwater - organics",CTUe,,,,20.7,3.34,0.0,0.174143,0.721252,0.87605,1 kg N,1 kg P2O5,1 kg K2O,8_chara,9_chara,10_chara,,,,3.6047600999999996,2.40898168,0.0,6.01374178
C5_2022,C5,2022,tonne,"Eutrophication, freshwater",kg P eq,,,,20.7,3.34,0.0,0.000222,0.000952,0.000618,1 kg N,1 kg P2O5,1 kg K2O,8_chara,9_chara,10_chara,,,,0.0045953999999999995,0.00317968,0.0,0.007775079999999999
C5_2022,C5,2022,tonne,"Eutrophication, marine",kg N eq,,,,20.7,3.34,0.0,0.002677,0.002767,0.002898,1 kg N,1 kg P2O5,1 kg K2O,8_chara,9_chara,10_chara,,,,0.0554139,0.00924178,0.0,0.06465568000000001
C5_2022,C5,2022,tonne,"Eutrophication, terrestrial",mol N eq,,,,20.7,3.34,0.0,0.241389,0.052171,0.058383,1 kg N,1 kg P2O5,1 kg K2O,8_chara,9_chara,10_chara,,,,4.9967523,0.17425114,0.0,5.17100344
C5_2022,C5,2022,tonne,"Human toxicity, cancer",CTUh,,,,20.7,3.34,0.0,5.34e-10,2.54e-09,1.77e-09,1 kg N,1 kg P2O5,1 kg K2O,8_chara,9_chara,10_chara,,,,1.10538e-08,8.4836e-09,0.0,1.95374e-08
C5_2022,C5,2022,tonne,"Human toxicity, cancer - inorganics",CTUh,,,,20.7,3.34,0.0,0.0,6.21e-18,5.01e-18,1 kg N,1 kg P2O5,1 kg K2O,8_chara,9_chara,10_chara,,,,0.0,2.07414e-17,0.0,2.07414e-17
C5_2022,C5,2022,tonne,"Human toxicity, cancer - metals",CTUh,,,,20.7,3.34,0.0,3.5e-10,2.13e-09,1.34e-09,1 kg N,1 kg P2O5,1 kg K2O,8_chara,9_chara,10_chara,,,,7.245e-09,7.114199999999999e-09,0.0,1.4359199999999999e-08
C5_2022,C5,2022,tonne,"Human toxicity, cancer - organics",CTUh,,,,20.7,3.34,0.0,1.84e-10,4.05e-10,4.32e-10,1 kg N,1 kg P2O5,1 kg K2O,8_chara,9_chara,10_chara,,,,3.8088e-09,1.3526999999999999e-09,0.0,5.1615000000000004e-09
C5_2022,C5,2022,tonne,"Human toxicity, non-cancer",CTUh,,,,20.7,3.34,0.0,2e-08,6.49e-08,9.9e-08,1 kg N,1 kg P2O5,1 kg K2O,8_chara,9_chara,10_chara,,,,4.14e-07,2.16766e-07,0.0,6.30766e-07
C5_2022,C5,2022,tonne,"Human toxicity, non-cancer - inorganics",CTUh,,,,20.7,3.34,0.0,1.72e-09,1.45e-08,6.51e-08,1 kg N,1 kg P2O5,1 kg K2O,8_chara,9_chara,10_chara,,,,3.5604e-08,4.843e-08,0.0,8.4034e-08
C5_2022,C5,2022,tonne,"Human toxicity, non-cancer - metals",CTUh,,,,20.7,3.34,0.0,1.73e-08,4.89e-08,3.21e-08,1 kg N,1 kg P2O5,1 kg K2O,8_chara,9_chara,10_chara,,,,3.5810999999999997e-07,1.63326e-07,0.0,5.214359999999999e-07
C5_2022,C5,2022,tonne,"Human toxicity, non-cancer - organics",CTUh,,,,20.7,3.34,0.0,1.35e-09,1.78e-09,2.01e-09,1 kg N,1 kg P2O5,1 kg K2O,8_chara,9_chara,10_chara,,,,2.7945e-08,5.9452e-09,0.0,3.38902e-08
C5_2022,C5,2022,tonne,Ionising radiation,kBq U-235 eq,,,,20.7,3.34,0.0,0.099841,0.337545,0.245573,1 kg N,1 kg P2O5,1 kg K2O,8_chara,9_chara,10_chara,,,,2.0667087,1.1274003,0.0,3.194109
C5_2022,C5,2022,tonne,Land use,Pt,,,,20.7,3.34,0.0,2.291069,30.93982,25.134,1 kg N,1 kg P2O5,1 kg K2O,8_chara,9_chara,10_chara,,,,47.4251283,103.3389988,0.0,150.7641271
C5_2022,C5,2022,tonne,Ozone depletion,kg CFC11 eq,,,,20.7,3.34,0.0,3.58e-07,3.47e-07,3.94e-07,1 kg N,1 kg P2O5,1 kg K2O,8_chara,9_chara,10_chara,,,,7.4106e-06,1.1589800000000001e-06,0.0,8.56958e-06
C5_2022,C5,2022,tonne,Particulate matter,disease inc.,,,,20.7,3.34,0.0,3.99e-07,2.34e-07,2.27e-07,1 kg N,1 kg P2O5,1 kg K2O,8_chara,9_chara,10_chara,,,,8.2593e-06,7.8156e-07,0.0,9.04086e-06
C5_2022,C5,2022,tonne,Photochemical ozone formation,kg NMVOC eq,,,,20.7,3.34,0.0,0.003983,0.00811,0.007996,1 kg N,1 kg P2O5,1 kg K2O,8_chara,9_chara,10_chara,,,,0.08244810000000001,0.027087399999999998,0.0,0.10953550000000001
C5_2022,C5,2022,tonne,"Resource use, fossils",MJ,,,,20.7,3.34,0.0,46.52414,42.89925,42.33106,1 kg N,1 kg P2O5,1 kg K2O,8_chara,9_chara,10_chara,,,,963.049698,143.283495,0.0,1106.333193
C5_2022,C5,2022,tonne,"Resource use, minerals and metals",kg Sb eq,,,,20.7,3.34,0.0,2.71e-05,5.39e-05,5.15e-05,1 kg N,1 kg P2O5,1 kg K2O,8_chara,9_chara,10_chara,,,,0.00056097,0.000180026,0.0,0.0007409960000000001
C5_2022,C5,2022,tonne,Water use,m3 depriv.,,,,20.7,3.34,0.0,0.21489,1.587446,1.186461,1 kg N,1 kg P2O5,1 kg K2O,8_chara,9_chara,10_chara,,,,4.448223,5.302069639999999,0.0,9.750292639999998
C5_2023,C5,2023,tonne,Acidification,mol H+ eq,,,,48.0,19.1,3.85,0.057621,0.028972,0.018432,1 kg N,1 kg P2O5,1 kg K2O,8_chara,9_chara,10_chara,,,,2.765808,0.5533652000000001,0.0709632,3.3901364
C5_2023,C5,2023,tonne,Climate change,kg CO2 eq,,,,48.0,19.1,3.85,3.754282,2.846359,2.817321,1 kg N,1 kg P2O5,1 kg K2O,8_chara,9_chara,10_chara,,,,180.205536,54.365456900000005,10.846685850000002,245.41767875
C5_2023,C5,2023,tonne,Climate change - Biogenic,kg CO2 eq,,,,48.0,19.1,3.85,0.001325,0.002609,0.002402,1 kg N,1 kg P2O5,1 kg K2O,8_chara,9_chara,10_chara,,,,0.0636,0.049831900000000005,0.009247700000000001,0.1226796
C5_2023,C5,2023,tonne,Climate change - Fossil,kg CO2 eq,,,,48.0,19.1,3.85,3.752439,2.829413,2.809194,1 kg N,1 kg P2O5,1 kg K2O,8_chara,9_chara,10_chara,,,,180.117072,54.04178830000001,10.815396900000001,244.9742572
C5_2023,C5,2023,tonne,Climate change - Land use and LU change,kg CO2 eq,,,,48.0,19.1,3.85,0.000518,0.014337,0.005725,1 kg N,1 kg P2O5,1 kg K2O,8_chara,9_chara,10_chara,,,,0.024864,0.27383670000000004,0.022041250000000002,0.32074195000000005
C5_2023,C5,2023,tonne,"Ecotoxicity, freshwater",CTUe,,,,48.0,19.1,3.85,24.51813,397.7709,2018.182,1 kg N,1 kg P2O5,1 kg K2O,8_chara,9_chara,10_chara,,,,1176.87024,7597.424190000001,7770.0007000000005,16544.29513
C5_2023,C5,2023,tonne,"Ecotoxicity, freshwater - inorganics",CTUe,,,,48.0,19.1,3.85,7.823272,76.92257,397.7561,1 kg N,1 kg P2O5,1 kg K2O,8_chara,9_chara,10_chara,,,,375.517056,1469.221087,1531.360985,3376.099128
C5_2023,C5,2023,tonne,"Ecotoxicity, freshwater - metals",CTUe,,,,48.0,19.1,3.85,16.52071,320.1271,1619.55,1 kg N,1 kg P2O5,1 kg K2O,8_chara,9_chara,10_chara,,,,792.99408,6114.42761,6235.2675,13142.689190000001
C5_2023,C5,2023,tonne,"Ecotoxicity, freshwater - organics",CTUe,,,,48.0,19.1,3.85,0.174143,0.721252,0.87605,1 kg N,1 kg P2O5,1 kg K2O,8_chara,9_chara,10_chara,,,,8.358864,13.775913200000002,3.3727925,25.5075697
C5_2023,C5,2023,tonne,"Eutrophication, freshwater",kg P eq,,,,48.0,19.1,3.85,0.000222,0.000952,0.000618,1 kg N,1 kg P2O5,1 kg K2O,8_chara,9_chara,10_chara,,,,0.010656,0.018183200000000004,0.0023793,0.031218500000000003
C5_2023,C5,2023,tonne,"Eutrophication, marine",kg N eq,,,,48.0,19.1,3.85,0.002677,0.002767,0.002898,1 kg N,1 kg P2O5,1 kg K2O,8_chara,9_chara,10_chara,,,,0.128496,0.0528497,0.0111573,0.192503
C5_2023,C5,2023,tonne,"Eutrophication, terrestrial",mol N eq,,,,48.0,19.1,3.85,0.241389,0.052171,0.058383,1 kg N,1 kg P2O5,1 kg K2O,8_chara,9_chara,10_chara,,,,11.586672,0.9964661000000001,0.22477455,12.807912649999999
C5_2023,C5,2023,tonne,"Human toxicity, cancer",CTUh,,,,48.0,19.1,3.85,5.34e-10,2.54e-09,1.77e-09,1 kg N,1 kg P2O5,1 kg K2O,8_chara,9_chara,10_chara,,,,2.5632e-08,4.8514e-08,6.8145e-09,8.09605e-08
C5_2023,C5,2023,tonne,"Human toxicity, cancer - inorganics",CTUh,,,,48.0,19.1,3.85,0.0,6.21e-18,5.01e-18,1 kg N,1 kg P2O5,1 kg K2O,8_chara,9_chara,10_chara,,,,0.0,1.18611e-16,1.92885e-17,1.3789950000000002e-16
C5_2023,C5,2023,tonne,"Human toxicity, cancer - metals",CTUh,,,,48.0,19.1,3.85,3.5e-10,2.13e-09,1.34e-09,1 kg N,1 kg P2O5,1 kg K2O,8_chara,9_chara,10_chara,,,,1.6799999999999998e-08,4.0683e-08,5.159e-09,6.2642e-08
C5_2023,C5,2023,tonne,"Human toxicity, cancer - organics",CTUh,,,,48.0,19.1,3.85,1.84e-10,4.05e-10,4.32e-10,1 kg N,1 kg P2O5,1 kg K2O,8_chara,9_chara,10_chara,,,,8.832000000000001e-09,7.7355e-09,1.6632e-09,1.82307e-08
C5_2023,C5,2023,tonne,"Human toxicity, non-cancer",CTUh,,,,48.0,19.1,3.85,2e-08,6.49e-08,9.9e-08,1 kg N,1 kg P2O5,1 kg K2O,8_chara,9_chara,10_chara,,,,9.600000000000001e-07,1.23959e-06,3.8115e-07,2.5807400000000004e-06
C5_2023,C5,2023,tonne,"Human toxicity, non-cancer - inorganics",CTUh,,,,48.0,19.1,3.85,1.72e-09,1.45e-08,6.51e-08,1 kg N,1 kg P2O5,1 kg K2O,8_chara,9_chara,10_chara,,,,8.256e-08,2.7695000000000005e-07,2.50635e-07,6.101450000000001e-07
C5_2023,C5,2023,tonne,"Human toxicity, non-cancer - metals",CTUh,,,,48.0,19.1,3.85,1.73e-08,4.89e-08,3.21e-08,1 kg N,1 kg P2O5,1 kg K2O,8_chara,9_chara,10_chara,,,,8.303999999999999e-07,9.339900000000001e-07,1.23585e-07,1.8879750000000001e-06
C5_2023,C5,2023,tonne,"Human toxicity, non-cancer - organics",CTUh,,,,48.0,19.1,3.85,1.35e-09,1.78e-09,2.01e-09,1 kg N,1 kg P2O5,1 kg K2O,8_chara,9_chara,10_chara,,,,6.48e-08,3.3998000000000004e-08,7.7385e-09,1.0653650000000001e-07
C5_2023,C5,2023,tonne,Ionising radiation,kBq U-235 eq,,,,48.0,19.1,3.85,0.099841,0.337545,0.245573,1 kg N,1 kg P2O5,1 kg K2O,8_chara,9_chara,10_chara,,,,4.792368,6.4471095,0.9454560500000001,12.18493355
C5_2023,C5,2023,tonne,Land use,Pt,,,,48.0,19.1,3.85,2.291069,30.93982,25.134,1 kg N,1 kg P2O5,1 kg K2O,8_chara,9_chara,10_chara,,,,109.97131199999998,590.9505620000001,96.7659,797.6877740000001
C5_2023,C5,2023,tonne,Ozone depletion,kg CFC11 eq,,,,48.0,19.1,3.85,3.58e-07,3.47e-07,3.94e-07,1 kg N,1 kg P2O5,1 kg K2O,8_chara,9_chara,10_chara,,,,1.7184e-05,6.627700000000001e-06,1.5169e-06,2.53286e-05
C5_2023,C5,2023,tonne,Particulate matter,disease inc.,,,,48.0,19.1,3.85,3.99e-07,2.34e-07,2.27e-07,1 kg N,1 kg P2O5,1 kg K2O,8_chara,9_chara,10_chara,,,,1.9152000000000002e-05,4.469400000000001e-06,8.7395e-07,2.4495350000000003e-05
C5_2023,C5,2023,tonne,Photochemical ozone formation,kg NMVOC eq,,,,48.0,19.1,3.85,0.003983,0.00811,0.007996,1 kg N,1 kg P2O5,1 kg K2O,8_chara,9_chara,10_chara,,,,0.19118400000000002,0.15490099999999998,0.0307846,0.37686959999999997
C5_2023,C5,2023,tonne,"Resource use, fossils",MJ,,,,48.0,19.1,3.85,46.52414,42.89925,42.33106,1 kg N,1 kg P2O5,1 kg K2O,8_chara,9_chara,10_chara,,,,2233.1587200000004,819.3756750000001,162.974581,3215.5089760000005
C5_2023,C5,2023,tonne,"Resource use, minerals and metals",kg Sb eq,,,,48.0,19.1,3.85,2.71e-05,5.39e-05,5.15e-05,1 kg N,1 kg P2O5,1 kg K2O,8_chara,9_chara,10_chara,,,,0.0013008,0.00102949,0.000198275,0.002528565
C5_2023,C5,2023,tonne,Water use,m3 depriv.,,,,48.0,19.1,3.85,0.21489,1.587446,1.186461,1 kg N,1 kg P2O5,1 kg K2O,8_chara,9_chara,10_chara,,,,10.31472,30.3202186,4.56787485,45.20281345
C5_2024,C5,2024,tonne,Acidification,mol H+ eq,,,,11.41,2.44,0.0,0.057621,0.028972,0.018432,1 kg N,1 kg P2O5,1 kg K2O,8_chara,9_chara,10_chara,,,,0.65745561,0.07069168,0.0,0.72814729
C5_2024,C5,2024,tonne,Climate change,kg CO2 eq,,,,11.41,2.44,0.0,3.754282,2.846359,2.817321,1 kg N,1 kg P2O5,1 kg K2O,8_chara,9_chara,10_chara,,,,42.83635762,6.94511596,0.0,49.781473580000004
C5_2024,C5,2024,tonne,Climate change - Biogenic,kg CO2 eq,,,,11.41,2.44,0.0,0.001325,0.002609,0.002402,1 kg N,1 kg P2O5,1 kg K2O,8_chara,9_chara,10_chara,,,,0.01511825,0.00636596,0.0,0.02148421
C5_2024,C5,2024,tonne,Climate change - Fossil,kg CO2 eq,,,,11.41,2.44,0.0,3.752439,2.829413,2.809194,1 kg N,1 kg P2O5,1 kg K2O,8_chara,9_chara,10_chara,,,,42.81532899,6.90376772,0.0,49.719096709999995
C5_2024,C5,2024,tonne,Climate change - Land use and LU change,kg CO2 eq,,,,11.41,2.44,0.0,0.000518,0.014337,0.005725,1 kg N,1 kg P2O5,1 kg K2O,8_chara,9_chara,10_chara,,,,0.005910380000000001,0.034982280000000004,0.0,0.040892660000000004
C5_2024,C5,2024,tonne,"Ecotoxicity, freshwater",CTUe,,,,11.41,2.44,0.0,24.51813,397.7709,2018.182,1 kg N,1 kg P2O5,1 kg K2O,8_chara,9_chara,10_chara,,,,279.75186329999997,970.5609959999999,0.0,1250.3128593
C5_2024,C5,2024,tonne,"Ecotoxicity, freshwater - inorganics",CTUe,,,,11.41,2.44,0.0,7.823272,76.92257,397.7561,1 kg N,1 kg P2O5,1 kg K2O,8_chara,9_chara,10_chara,,,,89.26353352000001,187.69107079999998,0.0,276.95460432
C5_2024,C5,2024,tonne,"Ecotoxicity, freshwater - metals",CTUe,,,,11.41,2.44,0.0,16.52071,320.1271,1619.55,1 kg N,1 kg P2O5,1 kg K2O,8_chara,9_chara,10_chara,,,,188.5013011,781.1101239999999,0.0,969.6114250999999
C5_2024,C5,2024,tonne,"Ecotoxicity, freshwater - organics",CTUe,,,,11.41,2.44,0.0,0.174143,0.721252,0.87605,1 kg N,1 kg P2O5,1 kg K2O,8_chara,9_chara,10_chara,,,,1.98697163,1.75985488,0.0,3.74682651
C5_2024,C5,2024,tonne,"Eutrophication, freshwater",kg P eq,,,,11.41,2.44,0.0,0.000222,0.000952,0.000618,1 kg N,1 kg P2O5,1 kg K2O,8_chara,9_chara,10_chara,,,,0.00253302,0.0023228800000000003,0.0,0.0048559
C5_2024,C5,2024,tonne,"Eutrophication, marine",kg N eq,,,,11.41,2.44,0.0,0.002677,0.002767,0.002898,1 kg N,1 kg P2O5,1 kg K2O,8_chara,9_chara,10_chara,,,,0.030544570000000004,0.00675148,0.0,0.037296050000000004
C5_2024,C5,2024,tonne,"Eutrophication, terrestrial",mol N eq,,,,11.41,2.44,0.0,0.241389,0.052171,0.058383,1 kg N,1 kg P2O5,1 kg K2O,8_chara,9_chara,10_chara,,,,2.75424849,0.12729724,0.0,2.88154573
C5_2024,C5,2024,tonne,"Human toxicity, cancer",CTUh,,,,11.41,2.44,0.0,5.34e-10,2.54e-09,1.77e-09,1 kg N,1 kg P2O5,1 kg K2O,8_chara,9_chara,10_chara,,,,6.09294e-09,6.197599999999999e-09,0.0,1.229054e-08
C5_2024,C5,2024,tonne,"Human toxicity, cancer - inorganics",CTUh,,,,11.41,2.44,0.0,0.0,6.21e-18,5.01e-18,1 kg N,1 kg P2O5,1 kg K2O,8_chara,9_chara,10_chara,,,,0.0,1.51524e-17,0.0,1.51524e-17
C5_2024,C5,2024,tonne,"Human toxicity, cancer - metals",CTUh,,,,11.41,2.44,0.0,3.5e-10,2.13e-09,1.34e-09,1 kg N,1 kg P2O5,1 kg K2O,8_chara,9_chara,10_chara,,,,3.9934999999999995e-09,5.197199999999999e-09,0.0,9.1907e-09
C5_2024,C5,2024,tonne,"Human toxicity, cancer - organics",CTUh,,,,11.41,2.44,0.0,1.84e-10,4.05e-10,4.32e-10,1 kg N,1 kg P2O5,1 kg K2O,8_chara,9_chara,10_chara,,,,2.0994400000000004e-09,9.882e-10,0.0,3.0876400000000003e-09
C5_2024,C5,2024,tonne,"Human toxicity, non-cancer",CTUh,,,,11.41,2.44,0.0,2e-08,6.49e-08,9.9e-08,1 kg N,1 kg P2O5,1 kg K2O,8_chara,9_chara,10_chara,,,,2.2820000000000002e-07,1.5835600000000002e-07,0.0,3.8655600000000004e-07
C5_2024,C5,2024,tonne,"Human toxicity, non-cancer - inorganics",CTUh,,,,11.41,2.44,0.0,1.72e-09,1.45e-08,6.51e-08,1 kg N,1 kg P2O5,1 kg K2O,8_chara,9_chara,10_chara,,,,1.96252e-08,3.538e-08,0.0,5.5005200000000006e-08
C5_2024,C5,2024,tonne,"Human toxicity, non-cancer - metals",CTUh,,,,11.41,2.44,0.0,1.73e-08,4.89e-08,3.21e-08,1 kg N,1 kg P2O5,1 kg K2O,8_chara,9_chara,10_chara,,,,1.97393e-07,1.19316e-07,0.0,3.16709e-07
C5_2024,C5,2024,tonne,"Human toxicity, non-cancer - organics",CTUh,,,,11.41,2.44,0.0,1.35e-09,1.78e-09,2.01e-09,1 kg N,1 kg P2O5,1 kg K2O,8_chara,9_chara,10_chara,,,,1.5403500000000003e-08,4.3432e-09,0.0,1.9746700000000002e-08
C5_2024,C5,2024,tonne,Ionising radiation,kBq U-235 eq,,,,11.41,2.44,0.0,0.099841,0.337545,0.245573,1 kg N,1 kg P2O5,1 kg K2O,8_chara,9_chara,10_chara,,,,1.13918581,0.8236098,0.0,1.9627956100000001
C5_2024,C5,2024,tonne,Land use,Pt,,,,11.41,2.44,0.0,2.291069,30.93982,25.134,1 kg N,1 kg P2O5,1 kg K2O,8_chara,9_chara,10_chara,,,,26.141097289999998,75.4931608,0.0,101.63425809
C5_2024,C5,2024,tonne,Ozone depletion,kg CFC11 eq,,,,11.41,2.44,0.0,3.58e-07,3.47e-07,3.94e-07,1 kg N,1 kg P2O5,1 kg K2O,8_chara,9_chara,10_chara,,,,4.08478e-06,8.466800000000001e-07,0.0,4.93146e-06
C5_2024,C5,2024,tonne,Particulate matter,disease inc.,,,,11.41,2.44,0.0,3.99e-07,2.34e-07,2.27e-07,1 kg N,1 kg P2O5,1 kg K2O,8_chara,9_chara,10_chara,,,,4.55259e-06,5.7096e-07,0.0,5.12355e-06
C5_2024,C5,2024,tonne,Photochemical ozone formation,kg NMVOC eq,,,,11.41,2.44,0.0,0.003983,0.00811,0.007996,1 kg N,1 kg P2O5,1 kg K2O,8_chara,9_chara,10_chara,,,,0.045446030000000005,0.019788399999999998,0.0,0.06523443000000001
C5_2024,C5,2024,tonne,"Resource use, fossils",MJ,,,,11.41,2.44,0.0,46.52414,42.89925,42.33106,1 kg N,1 kg P2O5,1 kg K2O,8_chara,9_chara,10_chara,,,,530.8404374,104.67417,0.0,635.5146074
C5_2024,C5,2024,tonne,"Resource use, minerals and metals",kg Sb eq,,,,11.41,2.44,0.0,2.71e-05,5.39e-05,5.15e-05,1 kg N,1 kg P2O5,1 kg K2O,8_chara,9_chara,10_chara,,,,0.00030921100000000005,0.000131516,0.0,0.000440727
C5_2024,C5,2024,tonne,Water use,m3 depriv.,,,,11.41,2.44,0.0,0.21489,1.587446,1.186461,1 kg N,1 kg P2O5,1 kg K2O,8_chara,9_chara,10_chara,,,,2.4518949,3.8733682399999996,0.0,6.32526314
C6_2022,C6,2022,tonne,Acidification,mol H+ eq,,,,54.89,33.49,0.0,0.057621,0.028972,0.018432,1 kg N,1 kg P2O5,1 kg K2O,8_chara,9_chara,10_chara,,,,3.16281669,0.9702722800000001,0.0,4.13308897
C6_2022,C6,2022,tonne,Climate change,kg CO2 eq,,,,54.89,33.49,0.0,3.754282,2.846359,2.817321,1 kg N,1 kg P2O5,1 kg K2O,8_chara,9_chara,10_chara,,,,206.07253898,95.32456291000001,0.0,301.39710189
C6_2022,C6,2022,tonne,Climate change - Biogenic,kg CO2 eq,,,,54.89,33.49,0.0,0.001325,0.002609,0.002402,1 kg N,1 kg P2O5,1 kg K2O,8_chara,9_chara,10_chara,,,,0.07272925,0.08737541000000001,0.0,0.16010466
C6_2022,C6,2022,tonne,Climate change - Fossil,kg CO2 eq,,,,54.89,33.49,0.0,3.752439,2.829413,2.809194,1 kg N,1 kg P2O5,1 kg K2O,8_chara,9_chara,10_chara,,,,205.97137671,94.75704137000001,0.0,300.72841808
C6_2022,C6,2022,tonne,Climate change - Land use and LU change,kg CO2 eq,,,,54.89,33.49,0.0,0.000518,0.014337,0.005725,1 kg N,1 kg P2O5,1 kg K2O,8_chara,9_chara,10_chara,,,,0.02843302,0.48014613000000006,0.0,0.5085791500000001
C6_2022,C6,2022,tonne,"Ecotoxicity, freshwater",CTUe,,,,54.89,33.49,0.0,24.51813,397.7709,2018.182,1 kg N,1 kg P2O5,1 kg K2O,8_chara,9_chara,10_chara,,,,1345.8001557,13321.347441,0.0,14667.1475967
C6_2022,C6,2022,tonne,"Ecotoxicity, freshwater - inorganics",CTUe,,,,54.89,33.49,0.0,7.823272,76.92257,397.7561,1 kg N,1 kg P2O5,1 kg K2O,8_chara,9_chara,10_chara,,,,429.41940008,2576.1368693,0.0,3005.55626938
C6_2022,C6,2022,tonne,"Ecotoxicity, freshwater - metals",CTUe,,,,54.89,33.49,0.0,16.52071,320.1271,1619.55,1 kg N,1 kg P2O5,1 kg K2O,8_chara,9_chara,10_chara,,,,906.8217719,10721.056579,0.0,11627.8783509
C6_2022,C6,2022,tonne,"Ecotoxicity, freshwater - organics",CTUe,,,,54.89,33.49,0.0,0.174143,0.721252,0.87605,1 kg N,1 kg P2O5,1 kg K2O,8_chara,9_chara,10_chara,,,,9.55870927,24.15472948,0.0,33.71343875
C6_2022,C6,2022,tonne,"Eutrophication, freshwater",kg P eq,,,,54.89,33.49,0.0,0.000222,0.000952,0.000618,1 kg N,1 kg P2O5,1 kg K2O,8_chara,9_chara,10_chara,,,,0.01218558,0.031882480000000005,0.0,0.044068060000000006
C6_2022,C6,2022,tonne,"Eutrophication, marine",kg N eq,,,,54.89,33.49,0.0,0.002677,0.002767,0.002898,1 kg N,1 kg P2O5,1 kg K2O,8_chara,9_chara,10_chara,,,,0.14694053,0.09266683,0.0,0.23960736000000002
C6_2022,C6,2022,tonne,"Eutrophication, terrestrial",mol N eq,,,,54.89,33.49,0.0,0.241389,0.052171,0.058383,1 kg N,1 kg P2O5,1 kg K2O,8_chara,9_chara,10_chara,,,,13.249842209999999,1.7472067900000001,0.0,14.997048999999999
C6_2022,C6,2022,tonne,"Human toxicity, cancer",CTUh,,,,54.89,33.49,0.0,5.34e-10,2.54e-09,1.77e-09,1 kg N,1 kg P2O5,1 kg K2O,8_chara,9_chara,10_chara,,,,2.931126e-08,8.50646e-08,0.0,1.1437586000000001e-07
C6_2022,C6,2022,tonne,"Human toxicity, cancer - inorganics",CTUh,,,,54.89,33.49,0.0,0.0,6.21e-18,5.01e-18,1 kg N,1 kg P2O5,1 kg K2O,8_chara,9_chara,10_chara,,,,0.0,2.0797290000000003e-16,0.0,2.0797290000000003e-16
C6_2022,C6,2022,tonne,"Human toxicity, cancer - metals",CTUh,,,,54.89,33.49,0.0,3.5e-10,2.13e-09,1.34e-09,1 kg N,1 kg P2O5,1 kg K2O,8_chara,9_chara,10_chara,,,,1.92115e-08,7.13337e-08,0.0,9.05452e-08
C6_2022,C6,2022,tonne,"Human toxicity, cancer - organics",CTUh,,,,54.89,33.49,0.0,1.84e-10,4.05e-10,4.32e-10,1 kg N,1 kg P2O5,1 kg K2O,8_chara,9_chara,10_chara,,,,1.009976e-08,1.356345e-08,0.0,2.366321e-08
C6_2022,C6,2022,tonne,"Human toxicity, non-cancer",CTUh,,,,54.89,33.49,0.0,2e-08,6.49e-08,9.9e-08,1 kg N,1 kg P2O5,1 kg K2O,8_chara,9_chara,10_chara,,,,1.0978e-06,2.1735010000000003e-06,0.0,3.2713010000000006e-06
C6_2022,C6,2022,tonne,"Human toxicity, non-cancer - inorganics",CTUh,,,,54.89,33.49,0.0,1.72e-09,1.45e-08,6.51e-08,1 kg N,1 kg P2O5,1 kg K2O,8_chara,9_chara,10_chara,,,,9.44108e-08,4.856050000000001e-07,0.0,5.800158000000001e-07
C6_2022,C6,2022,tonne,"Human toxicity, non-cancer - metals",CTUh,,,,54.89,33.49,0.0,1.73e-08,4.89e-08,3.21e-08,1 kg N,1 kg P2O5,1 kg K2O,8_chara,9_chara,10_chara,,,,9.49597e-07,1.6376610000000002e-06,0.0,2.5872580000000003e-06
C6_2022,C6,2022,tonne,"Human toxicity, non-cancer - organics",CTUh,,,,54.89,33.49,0.0,1.35e-09,1.78e-09,2.01e-09,1 kg N,1 kg P2O5,1 kg K2O,8_chara,9_chara,10_chara,,,,7.410150000000001e-08,5.96122e-08,0.0,1.3371370000000003e-07
C6_2022,C6,2022,tonne,Ionising radiation,kBq U-235 eq,,,,54.89,33.49,0.0,0.099841,0.337545,0.245573,1 kg N,1 kg P2O5,1 kg K2O,8_chara,9_chara,10_chara,,,,5.48027249,11.304382050000001,0.0,16.784654540000002
C6_2022,C6,2022,tonne,Land use,Pt,,,,54.89,33.49,0.0,2.291069,30.93982,25.134,1 kg N,1 kg P2O5,1 kg K2O,8_chara,9_chara,10_chara,,,,125.75677740999998,1036.1745718000002,0.0,1161.9313492100002
C6_2022,C6,2022,tonne,Ozone depletion,kg CFC11 eq,,,,54.89,33.49,0.0,3.58e-07,3.47e-07,3.94e-07,1 kg N,1 kg P2O5,1 kg K2O,8_chara,9_chara,10_chara,,,,1.965062e-05,1.1621030000000001e-05,0.0,3.127165e-05
C6_2022,C6,2022,tonne,Particulate matter,disease inc.,,,,54.89,33.49,0.0,3.99e-07,2.34e-07,2.27e-07,1 kg N,1 kg P2O5,1 kg K2O,8_chara,9_chara,10_chara,,,,2.190111e-05,7.836660000000001e-06,0.0,2.9737770000000003e-05
C6_2022,C6,2022,tonne,Photochemical ozone formation,kg NMVOC eq,,,,54.89,33.49,0.0,0.003983,0.00811,0.007996,1 kg N,1 kg P2O5,1 kg K2O,8_chara,9_chara,10_chara,,,,0.21862687000000003,0.2716039,0.0,0.49023077000000004
C6_2022,C6,2022,tonne,"Resource use, fossils",MJ,,,,54.89,33.49,0.0,46.52414,42.89925,42.33106,1 kg N,1 kg P2O5,1 kg K2O,8_chara,9_chara,10_chara,,,,2553.7100446000004,1436.6958825000002,0.0,3990.4059271000006
C6_2022,C6,2022,tonne,"Resource use, minerals and metals",kg Sb eq,,,,54.89,33.49,0.0,2.71e-05,5.39e-05,5.15e-05,1 kg N,1 kg P2O5,1 kg K2O,8_chara,9_chara,10_chara,,,,0.001487519,0.001805111,0.0,0.0032926300000000004
C6_2022,C6,2022,tonne,Water use,m3 depriv.,,,,54.89,33.49,0.0,0.21489,1.587446,1.186461,1 kg N,1 kg P2O5,1 kg K2O,8_chara,9_chara,10_chara,,,,11.7953121,53.16356654,0.0,64.95887864
C6_2023,C6,2023,tonne,Acidification,mol H+ eq,,,,46.7,7.5,9.38,0.057621,0.028972,0.018432,1 kg N,1 kg P2O5,1 kg K2O,8_chara,9_chara,10_chara,,,,2.6909007000000003,0.21729,0.17289216000000002,3.0810828600000004
C6_2023,C6,2023,tonne,Climate change,kg CO2 eq,,,,46.7,7.5,9.38,3.754282,2.846359,2.817321,1 kg N,1 kg P2O5,1 kg K2O,8_chara,9_chara,10_chara,,,,175.32496940000001,21.3476925,26.426470980000005,223.09913288
C6_2023,C6,2023,tonne,Climate change - Biogenic,kg CO2 eq,,,,46.7,7.5,9.38,0.001325,0.002609,0.002402,1 kg N,1 kg P2O5,1 kg K2O,8_chara,9_chara,10_chara,,,,0.0618775,0.0195675,0.022530760000000004,0.10397576
C6_2023,C6,2023,tonne,Climate change - Fossil,kg CO2 eq,,,,46.7,7.5,9.38,3.752439,2.829413,2.809194,1 kg N,1 kg P2O5,1 kg K2O,8_chara,9_chara,10_chara,,,,175.2389013,21.2205975,26.350239720000005,222.80973852
C6_2023,C6,2023,tonne,Climate change - Land use and LU change,kg CO2 eq,,,,46.7,7.5,9.38,0.000518,0.014337,0.005725,1 kg N,1 kg P2O5,1 kg K2O,8_chara,9_chara,10_chara,,,,0.024190600000000003,0.10752750000000001,0.053700500000000005,0.18541860000000002
C6_2023,C6,2023,tonne,"Ecotoxicity, freshwater",CTUe,,,,46.7,7.5,9.38,24.51813,397.7709,2018.182,1 kg N,1 kg P2O5,1 kg K2O,8_chara,9_chara,10_chara,,,,1144.996671,2983.28175,18930.547160000002,23058.825581
C6_2023,C6,2023,tonne,"Ecotoxicity, freshwater - inorganics",CTUe,,,,46.7,7.5,9.38,7.823272,76.92257,397.7561,1 kg N,1 kg P2O5,1 kg K2O,8_chara,9_chara,10_chara,,,,365.34680240000006,576.919275,3730.9522180000004,4673.2182954
C6_2023,C6,2023,tonne,"Ecotoxicity, freshwater - metals",CTUe,,,,46.7,7.5,9.38,16.52071,320.1271,1619.55,1 kg N,1 kg P2O5,1 kg K2O,8_chara,9_chara,10_chara,,,,771.5171570000001,2400.95325,15191.379,18363.849407
C6_2023,C6,2023,tonne,"Ecotoxicity, freshwater - organics",CTUe,,,,46.7,7.5,9.38,0.174143,0.721252,0.87605,1 kg N,1 kg P2O5,1 kg K2O,8_chara,9_chara,10_chara,,,,8.1324781,5.40939,8.217349,21.7592171
C6_2023,C6,2023,tonne,"Eutrophication, freshwater",kg P eq,,,,46.7,7.5,9.38,0.000222,0.000952,0.000618,1 kg N,1 kg P2O5,1 kg K2O,8_chara,9_chara,10_chara,,,,0.0103674,0.0071400000000000005,0.00579684,0.02330424
C6_2023,C6,2023,tonne,"Eutrophication, marine",kg N eq,,,,46.7,7.5,9.38,0.002677,0.002767,0.002898,1 kg N,1 kg P2O5,1 kg K2O,8_chara,9_chara,10_chara,,,,0.1250159,0.0207525,0.02718324,0.17295164000000002
C6_2023,C6,2023,tonne,"Eutrophication, terrestrial",mol N eq,,,,46.7,7.5,9.38,0.241389,0.052171,0.058383,1 kg N,1 kg P2O5,1 kg K2O,8_chara,9_chara,10_chara,,,,11.2728663,0.39128250000000003,0.5476325400000001,12.211781340000002
C6_2023,C6,2023,tonne,"Human toxicity, cancer",CTUh,,,,46.7,7.5,9.38,5.34e-10,2.54e-09,1.77e-09,1 kg N,1 kg P2O5,1 kg K2O,8_chara,9_chara,10_chara,,,,2.4937800000000004e-08,1.905e-08,1.66026e-08,6.05904e-08
C6_2023,C6,2023,tonne,"Human toxicity, cancer - inorganics",CTUh,,,,46.7,7.5,9.38,0.0,6.21e-18,5.01e-18,1 kg N,1 kg P2O5,1 kg K2O,8_chara,9_chara,10_chara,,,,0.0,4.6575e-17,4.6993800000000006e-17,9.35688e-17
C6_2023,C6,2023,tonne,"Human toxicity, cancer - metals",CTUh,,,,46.7,7.5,9.38,3.5e-10,2.13e-09,1.34e-09,1 kg N,1 kg P2O5,1 kg K2O,8_chara,9_chara,10_chara,,,,1.6345e-08,1.5975e-08,1.25692e-08,4.4889200000000003e-08
C6_2023,C6,2023,tonne,"Human toxicity, cancer - organics",CTUh,,,,46.7,7.5,9.38,1.84e-10,4.05e-10,4.32e-10,1 kg N,1 kg P2O5,1 kg K2O,8_chara,9_chara,10_chara,,,,8.5928e-09,3.0375e-09,4.05216e-09,1.5682460000000002e-08
C6_2023,C6,2023,tonne,"Human toxicity, non-cancer",CTUh,,,,46.7,7.5,9.38,2e-08,6.49e-08,9.9e-08,1 kg N,1 kg P2O5,1 kg K2O,8_chara,9_chara,10_chara,,,,9.340000000000001e-07,4.8675e-07,9.286200000000001e-07,2.3493700000000003e-06
C6_2023,C6,2023,tonne,"Human toxicity, non-cancer - inorganics",CTUh,,,,46.7,7.5,9.38,1.72e-09,1.45e-08,6.51e-08,1 kg N,1 kg P2O5,1 kg K2O,8_chara,9_chara,10_chara,,,,8.032400000000001e-08,1.0875e-07,6.10638e-07,7.997120000000001e-07
C6_2023,C6,2023,tonne,"Human toxicity, non-cancer - metals",CTUh,,,,46.7,7.5,9.38,1.73e-08,4.89e-08,3.21e-08,1 kg N,1 kg P2O5,1 kg K2O,8_chara,9_chara,10_chara,,,,8.0791e-07,3.6675e-07,3.0109800000000007e-07,1.4757580000000002e-06
C6_2023,C6,2023,tonne,"Human toxicity, non-cancer - organics",CTUh,,,,46.7,7.5,9.38,1.35e-09,1.78e-09,2.01e-09,1 kg N,1 kg P2O5,1 kg K2O,8_chara,9_chara,10_chara,,,,6.3045e-08,1.335e-08,1.88538e-08,9.52488e-08
C6_2023,C6,2023,tonne,Ionising radiation,kBq U-235 eq,,,,46.7,7.5,9.38,0.099841,0.337545,0.245573,1 kg N,1 kg P2O5,1 kg K2O,8_chara,9_chara,10_chara,,,,4.6625747,2.5315874999999997,2.3034747400000004,9.49763694
C6_2023,C6,2023,tonne,Land use,Pt,,,,46.7,7.5,9.38,2.291069,30.93982,25.134,1 kg N,1 kg P2O5,1 kg K2O,8_chara,9_chara,10_chara,,,,106.9929223,232.04865,235.75692000000004,574.7984923
C6_2023,C6,2023,tonne,Ozone depletion,kg CFC11 eq,,,,46.7,7.5,9.38,3.58e-07,3.47e-07,3.94e-07,1 kg N,1 kg P2O5,1 kg K2O,8_chara,9_chara,10_chara,,,,1.67186e-05,2.6025e-06,3.69572e-06,2.301682e-05
C6_2023,C6,2023,tonne,Particulate matter,disease inc.,,,,46.7,7.5,9.38,3.99e-07,2.34e-07,2.27e-07,1 kg N,1 kg P2O5,1 kg K2O,8_chara,9_chara,10_chara,,,,1.8633300000000003e-05,1.7550000000000001e-06,2.1292600000000003e-06,2.2517560000000003e-05
C6_2023,C6,2023,tonne,Photochemical ozone formation,kg NMVOC eq,,,,46.7,7.5,9.38,0.003983,0.00811,0.007996,1 kg N,1 kg P2O5,1 kg K2O,8_chara,9_chara,10_chara,,,,0.18600610000000004,0.06082499999999999,0.07500248,0.32183358
C6_2023,C6,2023,tonne,"Resource use, fossils",MJ,,,,46.7,7.5,9.38,46.52414,42.89925,42.33106,1 kg N,1 kg P2O5,1 kg K2O,8_chara,9_chara,10_chara,,,,2172.6773380000004,321.744375,397.06534280000005,2891.4870558000007
C6_2023,C6,2023,tonne,"Resource use, minerals and metals",kg Sb eq,,,,46.7,7.5,9.38,2.71e-05,5.39e-05,5.15e-05,1 kg N,1 kg P2O5,1 kg K2O,8_chara,9_chara,10_chara,,,,0.0012655700000000001,0.00040425000000000004,0.00048307000000000005,0.00215289
C6_2023,C6,2023,tonne,Water use,m3 depriv.,,,,46.7,7.5,9.38,0.21489,1.587446,1.186461,1 kg N,1 kg P2O5,1 kg K2O,8_chara,9_chara,10_chara,,,,10.035363,11.905845,11.12900418,33.07021218
C6_2024,C6,2024,tonne,Acidification,mol H+ eq,,,,17.6,7.45,0.0,0.057621,0.028972,0.018432,1 kg N,1 kg P2O5,1 kg K2O,8_chara,9_chara,10_chara,,,,1.0141296,0.21584140000000002,0.0,1.229971
C6_2024,C6,2024,tonne,Climate change,kg CO2 eq,,,,17.6,7.45,0.0,3.754282,2.846359,2.817321,1 kg N,1 kg P2O5,1 kg K2O,8_chara,9_chara,10_chara,,,,66.0753632,21.205374550000002,0.0,87.28073775
C6_2024,C6,2024,tonne,Climate change - Biogenic,kg CO2 eq,,,,17.6,7.45,0.0,0.001325,0.002609,0.002402,1 kg N,1 kg P2O5,1 kg K2O,8_chara,9_chara,10_chara,,,,0.02332,0.01943705,0.0,0.042757050000000005
C6_2024,C6,2024,tonne,Climate change - Fossil,kg CO2 eq,,,,17.6,7.45,0.0,3.752439,2.829413,2.809194,1 kg N,1 kg P2O5,1 kg K2O,8_chara,9_chara,10_chara,,,,66.0429264,21.07912685,0.0,87.12205325
C6_2024,C6,2024,tonne,Climate change - Land use and LU change,kg CO2 eq,,,,17.6,7.45,0.0,0.000518,0.014337,0.005725,1 kg N,1 kg P2O5,1 kg K2O,8_chara,9_chara,10_chara,,,,0.009116800000000001,0.10681065000000001,0.0,0.11592745000000002
C6_2024,C6,2024,tonne,"Ecotoxicity, freshwater",CTUe,,,,17.6,7.45,0.0,24.51813,397.7709,2018.182,1 kg N,1 kg P2O5,1 kg K2O,8_chara,9_chara,10_chara,,,,431.519088,2963.393205,0.0,3394.912293
C6_2024,C6,2024,tonne,"Ecotoxicity, freshwater - inorganics",CTUe,,,,17.6,7.45,0.0,7.823272,76.92257,397.7561,1 kg N,1 kg P2O5,1 kg K2O,8_chara,9_chara,10_chara,,,,137.6895872,573.0731465,0.0,710.7627337
C6_2024,C6,2024,tonne,"Ecotoxicity, freshwater - metals",CTUe,,,,17.6,7.45,0.0,16.52071,320.1271,1619.55,1 kg N,1 kg P2O5,1 kg K2O,8_chara,9_chara,10_chara,,,,290.76449600000007,2384.946895,0.0,2675.7113910000003
C6_2024,C6,2024,tonne,"Ecotoxicity, freshwater - organics",CTUe,,,,17.6,7.45,0.0,0.174143,0.721252,0.87605,1 kg N,1 kg P2O5,1 kg K2O,8_chara,9_chara,10_chara,,,,3.0649168,5.3733274,0.0,8.4382442
C6_2024,C6,2024,tonne,"Eutrophication, freshwater",kg P eq,,,,17.6,7.45,0.0,0.000222,0.000952,0.000618,1 kg N,1 kg P2O5,1 kg K2O,8_chara,9_chara,10_chara,,,,0.0039072,0.0070924000000000004,0.0,0.010999600000000002
C6_2024,C6,2024,tonne,"Eutrophication, marine",kg N eq,,,,17.6,7.45,0.0,0.002677,0.002767,0.002898,1 kg N,1 kg P2O5,1 kg K2O,8_chara,9_chara,10_chara,,,,0.0471152,0.02061415,0.0,0.06772935000000001
C6_2024,C6,2024,tonne,"Eutrophication, terrestrial",mol N eq,,,,17.6,7.45,0.0,0.241389,0.052171,0.058383,1 kg N,1 kg P2O5,1 kg K2O,8_chara,9_chara,10_chara,,,,4.248446400000001,0.38867395000000005,0.0,4.637120350000001
C6_2024,C6,2024,tonne,"Human toxicity, cancer",CTUh,,,,17.6,7.45,0.0,5.34e-10,2.54e-09,1.77e-09,1 kg N,1 kg P2O5,1 kg K2O,8_chara,9_chara,10_chara,,,,9.398400000000001e-09,1.8923e-08,0.0,2.83214e-08
C6_2024,C6,2024,tonne,"Human toxicity, cancer - inorganics",CTUh,,,,17.6,7.45,0.0,0.0,6.21e-18,5.01e-18,1 kg N,1 kg P2O5,1 kg K2O,8_chara,9_chara,10_chara,,,,0.0,4.62645e-17,0.0,4.62645e-17
C6_2024,C6,2024,tonne,"Human toxicity, cancer - metals",CTUh,,,,17.6,7.45,0.0,3.5e-10,2.13e-09,1.34e-09,1 kg N,1 kg P2O5,1 kg K2O,8_chara,9_chara,10_chara,,,,6.16e-09,1.58685e-08,0.0,2.20285e-08
C6_2024,C6,2024,tonne,"Human toxicity, cancer - organics",CTUh,,,,17.6,7.45,0.0,1.84e-10,4.05e-10,4.32e-10,1 kg N,1 kg P2O5,1 kg K2O,8_chara,9_chara,10_chara,,,,3.2384000000000003e-09,3.01725e-09,0.0,6.255650000000001e-09
C6_2024,C6,2024,tonne,"Human toxicity, non-cancer",CTUh,,,,17.6,7.45,0.0,2e-08,6.49e-08,9.9e-08,1 kg N,1 kg P2O5,1 kg K2O,8_chara,9_chara,10_chara,,,,3.5200000000000003e-07,4.83505e-07,0.0,8.35505e-07
C6_2024,C6,2024,tonne,"Human toxicity, non-cancer - inorganics",CTUh,,,,17.6,7.45,0.0,1.72e-09,1.45e-08,6.51e-08,1 kg N,1 kg P2O5,1 kg K2O,8_chara,9_chara,10_chara,,,,3.0272e-08,1.08025e-07,0.0,1.38297e-07
C6_2024,C6,2024,tonne,"Human toxicity, non-cancer - metals",CTUh,,,,17.6,7.45,0.0,1.73e-08,4.89e-08,3.21e-08,1 kg N,1 kg P2O5,1 kg K2O,8_chara,9_chara,10_chara,,,,3.0448000000000004e-07,3.6430500000000003e-07,0.0,6.687850000000001e-07
C6_2024,C6,2024,tonne,"Human toxicity, non-cancer - organics",CTUh,,,,17.6,7.45,0.0,1.35e-09,1.78e-09,2.01e-09,1 kg N,1 kg P2O5,1 kg K2O,8_chara,9_chara,10_chara,,,,2.3760000000000002e-08,1.3261e-08,0.0,3.7021000000000004e-08
C6_2024,C6,2024,tonne,Ionising radiation,kBq U-235 eq,,,,17.6,7.45,0.0,0.099841,0.337545,0.245573,1 kg N,1 kg P2O5,1 kg K2O,8_chara,9_chara,10_chara,,,,1.7572016000000001,2.51471025,0.0,4.27191185
C6_2024,C6,2024,tonne,Land use,Pt,,,,17.6,7.45,0.0,2.291069,30.93982,25.134,1 kg N,1 kg P2O5,1 kg K2O,8_chara,9_chara,10_chara,,,,40.3228144,230.50165900000002,0.0,270.8244734
C6_2024,C6,2024,tonne,Ozone depletion,kg CFC11 eq,,,,17.6,7.45,0.0,3.58e-07,3.47e-07,3.94e-07,1 kg N,1 kg P2O5,1 kg K2O,8_chara,9_chara,10_chara,,,,6.300800000000001e-06,2.58515e-06,0.0,8.885950000000001e-06
C6_2024,C6,2024,tonne,Particulate matter,disease inc.,,,,17.6,7.45,0.0,3.99e-07,2.34e-07,2.27e-07,1 kg N,1 kg P2O5,1 kg K2O,8_chara,9_chara,10_chara,,,,7.022400000000001e-06,1.7433e-06,0.0,8.765700000000001e-06
C6_2024,C6,2024,tonne,Photochemical ozone formation,kg NMVOC eq,,,,17.6,7.45,0.0,0.003983,0.00811,0.007996,1 kg N,1 kg P2O5,1 kg K2O,8_chara,9_chara,10_chara,,,,0.07010080000000002,0.060419499999999994,0.0,0.1305203
C6_2024,C6,2024,tonne,"Resource use, fossils",MJ,,,,17.6,7.45,0.0,46.52414,42.89925,42.33106,1 kg N,1 kg P2O5,1 kg K2O,8_chara,9_chara,10_chara,,,,818.8248640000002,319.5994125,0.0,1138.4242765000001
C6_2024,C6,2024,tonne,"Resource use, minerals and metals",kg Sb eq,,,,17.6,7.45,0.0,2.71e-05,5.39e-05,5.15e-05,1 kg N,1 kg P2O5,1 kg K2O,8_chara,9_chara,10_chara,,,,0.00047696000000000007,0.000401555,0.0,0.0008785150000000001
C6_2024,C6,2024,tonne,Water use,m3 depriv.,,,,17.6,7.45,0.0,0.21489,1.587446,1.186461,1 kg N,1 kg P2O5,1 kg K2O,8_chara,9_chara,10_chara,,,,3.782064,11.8264727,0.0,15.6085367
C7_2023,C7,2023,tonne,Acidification,mol H+ eq,,,,26.15,6.76,6.76,0.057621,0.028972,0.018432,1 kg N,1 kg P2O5,1 kg K2O,8_chara,9_chara,10_chara,,,,1.50678915,0.19585072,0.12460032,1.82724019
C7_2023,C7,2023,tonne,Climate change,kg CO2 eq,,,,26.15,6.76,6.76,3.754282,2.846359,2.817321,1 kg N,1 kg P2O5,1 kg K2O,8_chara,9_chara,10_chara,,,,98.17447429999999,19.24138684,19.045089960000002,136.4609511
C7_2023,C7,2023,tonne,Climate change - Biogenic,kg CO2 eq,,,,26.15,6.76,6.76,0.001325,0.002609,0.002402,1 kg N,1 kg P2O5,1 kg K2O,8_chara,9_chara,10_chara,,,,0.03464875,0.01763684,0.01623752,0.06852311
C7_2023,C7,2023,tonne,Climate change - Fossil,kg CO2 eq,,,,26.15,6.76,6.76,3.752439,2.829413,2.809194,1 kg N,1 kg P2O5,1 kg K2O,8_chara,9_chara,10_chara,,,,98.12627984999999,19.12683188,18.99015144,136.24326316999998
C7_2023,C7,2023,tonne,Climate change - Land use and LU change,kg CO2 eq,,,,26.15,6.76,6.76,0.000518,0.014337,0.005725,1 kg N,1 kg P2O5,1 kg K2O,8_chara,9_chara,10_chara,,,,0.013545699999999999,0.09691812,0.038701,0.14916481999999998
C7_2023,C7,2023,tonne,"Ecotoxicity, freshwater",CTUe,,,,26.15,6.76,6.76,24.51813,397.7709,2018.182,1 kg N,1 kg P2O5,1 kg K2O,8_chara,9_chara,10_chara,,,,641.1490994999999,2688.931284,13642.910319999999,16972.9907035
C7_2023,C7,2023,tonne,"Ecotoxicity, freshwater - inorganics",CTUe,,,,26.15,6.76,6.76,7.823272,76.92257,397.7561,1 kg N,1 kg P2O5,1 kg K2O,8_chara,9_chara,10_chara,,,,204.5785628,519.9965732,2688.831236,3413.406372
C7_2023,C7,2023,tonne,"Ecotoxicity, freshwater - metals",CTUe,,,,26.15,6.76,6.76,16.52071,320.1271,1619.55,1 kg N,1 kg P2O5,1 kg K2O,8_chara,9_chara,10_chara,,,,432.0165665,2164.0591959999997,10948.158,13544.2337625
C7_2023,C7,2023,tonne,"Ecotoxicity, freshwater - organics",CTUe,,,,26.15,6.76,6.76,0.174143,0.721252,0.87605,1 kg N,1 kg P2O5,1 kg K2O,8_chara,9_chara,10_chara,,,,4.55383945,4.87566352,5.922098,15.35160097
C7_2023,C7,2023,tonne,"Eutrophication, freshwater",kg P eq,,,,26.15,6.76,6.76,0.000222,0.000952,0.000618,1 kg N,1 kg P2O5,1 kg K2O,8_chara,9_chara,10_chara,,,,0.005805299999999999,0.00643552,0.00417768,0.0164185
C7_2023,C7,2023,tonne,"Eutrophication, marine",kg N eq,,,,26.15,6.76,6.76,0.002677,0.002767,0.002898,1 kg N,1 kg P2O5,1 kg K2O,8_chara,9_chara,10_chara,,,,0.07000355,0.01870492,0.01959048,0.10829895
C7_2023,C7,2023,tonne,"Eutrophication, terrestrial",mol N eq,,,,26.15,6.76,6.76,0.241389,0.052171,0.058383,1 kg N,1 kg P2O5,1 kg K2O,8_chara,9_chara,10_chara,,,,6.31232235,0.35267596,0.39466907999999995,7.0596673899999995
C7_2023,C7,2023,tonne,"Human toxicity, cancer",CTUh,,,,26.15,6.76,6.76,5.34e-10,2.54e-09,1.77e-09,1 kg N,1 kg P2O5,1 kg K2O,8_chara,9_chara,10_chara,,,,1.3964099999999999e-08,1.71704e-08,1.19652e-08,4.30997e-08
C7_2023,C7,2023,tonne,"Human toxicity, cancer - inorganics",CTUh,,,,26.15,6.76,6.76,0.0,6.21e-18,5.01e-18,1 kg N,1 kg P2O5,1 kg K2O,8_chara,9_chara,10_chara,,,,0.0,4.19796e-17,3.38676e-17,7.58472e-17
C7_2023,C7,2023,tonne,"Human toxicity, cancer - metals",CTUh,,,,26.15,6.76,6.76,3.5e-10,2.13e-09,1.34e-09,1 kg N,1 kg P2O5,1 kg K2O,8_chara,9_chara,10_chara,,,,9.152499999999999e-09,1.43988e-08,9.0584e-09,3.2609699999999996e-08
C7_2023,C7,2023,tonne,"Human toxicity, cancer - organics",CTUh,,,,26.15,6.76,6.76,1.84e-10,4.05e-10,4.32e-10,1 kg N,1 kg P2O5,1 kg K2O,8_chara,9_chara,10_chara,,,,4.8116e-09,2.7377999999999998e-09,2.92032e-09,1.046972e-08
C7_2023,C7,2023,tonne,"Human toxicity, non-cancer",CTUh,,,,26.15,6.76,6.76,2e-08,6.49e-08,9.9e-08,1 kg N,1 kg P2O5,1 kg K2O,8_chara,9_chara,10_chara,,,,5.23e-07,4.38724e-07,6.6924e-07,1.630964e-06
C7_2023,C7,2023,tonne,"Human toxicity, non-cancer - inorganics",CTUh,,,,26.15,6.76,6.76,1.72e-09,1.45e-08,6.51e-08,1 kg N,1 kg P2O5,1 kg K2O,8_chara,9_chara,10_chara,,,,4.4978e-08,9.802e-08,4.4007599999999995e-07,5.830739999999999e-07
C7_2023,C7,2023,tonne,"Human toxicity, non-cancer - metals",CTUh,,,,26.15,6.76,6.76,1.73e-08,4.89e-08,3.21e-08,1 kg N,1 kg P2O5,1 kg K2O,8_chara,9_chara,10_chara,,,,4.5239499999999997e-07,3.30564e-07,2.1699600000000002e-07,9.99955e-07
C7_2023,C7,2023,tonne,"Human toxicity, non-cancer - organics",CTUh,,,,26.15,6.76,6.76,1.35e-09,1.78e-09,2.01e-09,1 kg N,1 kg P2O5,1 kg K2O,8_chara,9_chara,10_chara,,,,3.53025e-08,1.20328e-08,1.3587599999999999e-08,6.09229e-08
C7_2023,C7,2023,tonne,Ionising radiation,kBq U-235 eq,,,,26.15,6.76,6.76,0.099841,0.337545,0.245573,1 kg N,1 kg P2O5,1 kg K2O,8_chara,9_chara,10_chara,,,,2.61084215,2.2818042,1.66007348,6.55271983
C7_2023,C7,2023,tonne,Land use,Pt,,,,26.15,6.76,6.76,2.291069,30.93982,25.134,1 kg N,1 kg P2O5,1 kg K2O,8_chara,9_chara,10_chara,,,,59.91145434999999,209.1531832,169.90583999999998,438.97047754999994
C7_2023,C7,2023,tonne,Ozone depletion,kg CFC11 eq,,,,26.15,6.76,6.76,3.58e-07,3.47e-07,3.94e-07,1 kg N,1 kg P2O5,1 kg K2O,8_chara,9_chara,10_chara,,,,9.361699999999999e-06,2.34572e-06,2.66344e-06,1.4370859999999999e-05
C7_2023,C7,2023,tonne,Particulate matter,disease inc.,,,,26.15,6.76,6.76,3.99e-07,2.34e-07,2.27e-07,1 kg N,1 kg P2O5,1 kg K2O,8_chara,9_chara,10_chara,,,,1.043385e-05,1.5818399999999999e-06,1.53452e-06,1.355021e-05
C7_2023,C7,2023,tonne,Photochemical ozone formation,kg NMVOC eq,,,,26.15,6.76,6.76,0.003983,0.00811,0.007996,1 kg N,1 kg P2O5,1 kg K2O,8_chara,9_chara,10_chara,,,,0.10415545000000001,0.05482359999999999,0.05405296,0.21303201
C7_2023,C7,2023,tonne,"Resource use, fossils",MJ,,,,26.15,6.76,6.76,46.52414,42.89925,42.33106,1 kg N,1 kg P2O5,1 kg K2O,8_chara,9_chara,10_chara,,,,1216.606261,289.99893000000003,286.1579656,1792.7631566
C7_2023,C7,2023,tonne,"Resource use, minerals and metals",kg Sb eq,,,,26.15,6.76,6.76,2.71e-05,5.39e-05,5.15e-05,1 kg N,1 kg P2O5,1 kg K2O,8_chara,9_chara,10_chara,,,,0.000708665,0.000364364,0.00034814,0.0014211690000000001
C7_2023,C7,2023,tonne,Water use,m3 depriv.,,,,26.15,6.76,6.76,0.21489,1.587446,1.186461,1 kg N,1 kg P2O5,1 kg K2O,8_chara,9_chara,10_chara,,,,5.6193735,10.731134959999999,8.02047636,24.37098482
C7_2024,C7,2024,tonne,Acidification,mol H+ eq,,,,43.93,23.97,25.45,0.057621,0.028972,0.018432,1 kg N,1 kg P2O5,1 kg K2O,8_chara,9_chara,10_chara,,,,2.5312905299999997,0.69445884,0.4690944,3.69484377
C7_2024,C7,2024,tonne,Climate change,kg CO2 eq,,,,43.93,23.97,25.45,3.754282,2.846359,2.817321,1 kg N,1 kg P2O5,1 kg K2O,8_chara,9_chara,10_chara,,,,164.92560826,68.22722523,71.70081945,304.85365293999996
C7_2024,C7,2024,tonne,Climate change - Biogenic,kg CO2 eq,,,,43.93,23.97,25.45,0.001325,0.002609,0.002402,1 kg N,1 kg P2O5,1 kg K2O,8_chara,9_chara,10_chara,,,,0.05820725,0.06253773,0.0611309,0.18187588
C7_2024,C7,2024,tonne,Climate change - Fossil,kg CO2 eq,,,,43.93,23.97,25.45,3.752439,2.829413,2.809194,1 kg N,1 kg P2O5,1 kg K2O,8_chara,9_chara,10_chara,,,,164.84464527,67.82102961,71.4939873,304.15966218
C7_2024,C7,2024,tonne,Climate change - Land use and LU change,kg CO2 eq,,,,43.93,23.97,25.45,0.000518,0.014337,0.005725,1 kg N,1 kg P2O5,1 kg K2O,8_chara,9_chara,10_chara,,,,0.02275574,0.34365789,0.14570125,0.51211488
C7_2024,C7,2024,tonne,"Ecotoxicity, freshwater",CTUe,,,,43.93,23.97,25.45,24.51813,397.7709,2018.182,1 kg N,1 kg P2O5,1 kg K2O,8_chara,9_chara,10_chara,,,,1077.0814509,9534.568473,51362.7319,61974.381823899996
C7_2024,C7,2024,tonne,"Ecotoxicity, freshwater - inorganics",CTUe,,,,43.93,23.97,25.45,7.823272,76.92257,397.7561,1 kg N,1 kg P2O5,1 kg K2O,8_chara,9_chara,10_chara,,,,343.67633896,1843.8340028999999,10122.892745,12310.403086859998
C7_2024,C7,2024,tonne,"Ecotoxicity, freshwater - metals",CTUe,,,,43.93,23.97,25.45,16.52071,320.1271,1619.55,1 kg N,1 kg P2O5,1 kg K2O,8_chara,9_chara,10_chara,,,,725.7547903000001,7673.446586999999,41217.5475,49616.7488773
C7_2024,C7,2024,tonne,"Ecotoxicity, freshwater - organics",CTUe,,,,43.93,23.97,25.45,0.174143,0.721252,0.87605,1 kg N,1 kg P2O5,1 kg K2O,8_chara,9_chara,10_chara,,,,7.65010199,17.28841044,22.2954725,47.23398493
C7_2024,C7,2024,tonne,"Eutrophication, freshwater",kg P eq,,,,43.93,23.97,25.45,0.000222,0.000952,0.000618,1 kg N,1 kg P2O5,1 kg K2O,8_chara,9_chara,10_chara,,,,0.00975246,0.02281944,0.0157281,0.048299999999999996
C7_2024,C7,2024,tonne,"Eutrophication, marine",kg N eq,,,,43.93,23.97,25.45,0.002677,0.002767,0.002898,1 kg N,1 kg P2O5,1 kg K2O,8_chara,9_chara,10_chara,,,,0.11760061000000001,0.06632499,0.0737541,0.2576797
C7_2024,C7,2024,tonne,"Eutrophication, terrestrial",mol N eq,,,,43.93,23.97,25.45,0.241389,0.052171,0.058383,1 kg N,1 kg P2O5,1 kg K2O,8_chara,9_chara,10_chara,,,,10.60421877,1.25053887,1.4858473499999998,13.34060499
C7_2024,C7,2024,tonne,"Human toxicity, cancer",CTUh,,,,43.93,23.97,25.45,5.34e-10,2.54e-09,1.77e-09,1 kg N,1 kg P2O5,1 kg K2O,8_chara,9_chara,10_chara,,,,2.345862e-08,6.08838e-08,4.50465e-08,1.2938892e-07
C7_2024,C7,2024,tonne,"Human toxicity, cancer - inorganics",CTUh,,,,43.93,23.97,25.45,0.0,6.21e-18,5.01e-18,1 kg N,1 kg P2O5,1 kg K2O,8_chara,9_chara,10_chara,,,,0.0,1.488537e-16,1.275045e-16,2.763582e-16
C7_2024,C7,2024,tonne,"Human toxicity, cancer - metals",CTUh,,,,43.93,23.97,25.45,3.5e-10,2.13e-09,1.34e-09,1 kg N,1 kg P2O5,1 kg K2O,8_chara,9_chara,10_chara,,,,1.5375499999999998e-08,5.1056099999999996e-08,3.4103e-08,1.005346e-07
C7_2024,C7,2024,tonne,"Human toxicity, cancer - organics",CTUh,,,,43.93,23.97,25.45,1.84e-10,4.05e-10,4.32e-10,1 kg N,1 kg P2O5,1 kg K2O,8_chara,9_chara,10_chara,,,,8.08312e-09,9.70785e-09,1.09944e-08,2.878537e-08
C7_2024,C7,2024,tonne,"Human toxicity, non-cancer",CTUh,,,,43.93,23.97,25.45,2e-08,6.49e-08,9.9e-08,1 kg N,1 kg P2O5,1 kg K2O,8_chara,9_chara,10_chara,,,,8.786e-07,1.555653e-06,2.51955e-06,4.953803e-06
C7_2024,C7,2024,tonne,"Human toxicity, non-cancer - inorganics",CTUh,,,,43.93,23.97,25.45,1.72e-09,1.45e-08,6.51e-08,1 kg N,1 kg P2O5,1 kg K2O,8_chara,9_chara,10_chara,,,,7.55596e-08,3.47565e-07,1.6567949999999998e-06,2.0799195999999997e-06
C7_2024,C7,2024,tonne,"Human toxicity, non-cancer - metals",CTUh,,,,43.93,23.97,25.45,1.73e-08,4.89e-08,3.21e-08,1 kg N,1 kg P2O5,1 kg K2O,8_chara,9_chara,10_chara,,,,7.599889999999999e-07,1.172133e-06,8.16945e-07,2.749067e-06
C7_2024,C7,2024,tonne,"Human toxicity, non-cancer - organics",CTUh,,,,43.93,23.97,25.45,1.35e-09,1.78e-09,2.01e-09,1 kg N,1 kg P2O5,1 kg K2O,8_chara,9_chara,10_chara,,,,5.93055e-08,4.26666e-08,5.1154499999999997e-08,1.531266e-07
C7_2024,C7,2024,tonne,Ionising radiation,kBq U-235 eq,,,,43.93,23.97,25.45,0.099841,0.337545,0.245573,1 kg N,1 kg P2O5,1 kg K2O,8_chara,9_chara,10_chara,,,,4.38601513,8.09095365,6.24983285,18.72680163
C7_2024,C7,2024,tonne,Land use,Pt,,,,43.93,23.97,25.45,2.291069,30.93982,25.134,1 kg N,1 kg P2O5,1 kg K2O,8_chara,9_chara,10_chara,,,,100.64666116999999,741.6274854,639.6603,1481.93444657
C7_2024,C7,2024,tonne,Ozone depletion,kg CFC11 eq,,,,43.93,23.97,25.45,3.58e-07,3.47e-07,3.94e-07,1 kg N,1 kg P2O5,1 kg K2O,8_chara,9_chara,10_chara,,,,1.572694e-05,8.31759e-06,1.00273e-05,3.407183e-05
C7_2024,C7,2024,tonne,Particulate matter,disease inc.,,,,43.93,23.97,25.45,3.99e-07,2.34e-07,2.27e-07,1 kg N,1 kg P2O5,1 kg K2O,8_chara,9_chara,10_chara,,,,1.752807e-05,5.6089799999999994e-06,5.77715e-06,2.89142e-05
C7_2024,C7,2024,tonne,Photochemical ozone formation,kg NMVOC eq,,,,43.93,23.97,25.45,0.003983,0.00811,0.007996,1 kg N,1 kg P2O5,1 kg K2O,8_chara,9_chara,10_chara,,,,0.17497319000000003,0.19439669999999998,0.2034982,0.5728680899999999
C7_2024,C7,2024,tonne,"Resource use, fossils",MJ,,,,43.93,23.97,25.45,46.52414,42.89925,42.33106,1 kg N,1 kg P2O5,1 kg K2O,8_chara,9_chara,10_chara,,,,2043.8054702000002,1028.2950225,1077.325477,4149.425969700001
C7_2024,C7,2024,tonne,"Resource use, minerals and metals",kg Sb eq,,,,43.93,23.97,25.45,2.71e-05,5.39e-05,5.15e-05,1 kg N,1 kg P2O5,1 kg K2O,8_chara,9_chara,10_chara,,,,0.001190503,0.001291983,0.0013106749999999999,0.0037931609999999998
C7_2024,C7,2024,tonne,Water use,m3 depriv.,,,,43.93,23.97,25.45,0.21489,1.587446,1.186461,1 kg N,1 kg P2O5,1 kg K2O,8_chara,9_chara,10_chara,,,,9.4401177,38.05108061999999,30.19543245,77.68663077
C8_2022,C8,2022,tonne,Acidification,mol H+ eq,,,,21.4,4.5,0.0,0.057621,0.028972,0.018432,1 kg N,1 kg P2O5,1 kg K2O,8_chara,9_chara,10_chara,,,,1.2330894,0.13037400000000002,0.0,1.3634633999999999
C8_2022,C8,2022,tonne,Climate change,kg CO2 eq,,,,21.4,4.5,0.0,3.754282,2.846359,2.817321,1 kg N,1 kg P2O5,1 kg K2O,8_chara,9_chara,10_chara,,,,80.3416348,12.8086155,0.0,93.1502503
C8_2022,C8,2022,tonne,Climate change - Biogenic,kg CO2 eq,,,,21.4,4.5,0.0,0.001325,0.002609,0.002402,1 kg N,1 kg P2O5,1 kg K2O,8_chara,9_chara,10_chara,,,,0.028354999999999998,0.011740500000000001,0.0,0.0400955
C8_2022,C8,2022,tonne,Climate change - Fossil,kg CO2 eq,,,,21.4,4.5,0.0,3.752439,2.829413,2.809194,1 kg N,1 kg P2O5,1 kg K2O,8_chara,9_chara,10_chara,,,,80.30219459999999,12.7323585,0.0,93.0345531
C8_2022,C8,2022,tonne,Climate change - Land use and LU change,kg CO2 eq,,,,21.4,4.5,0.0,0.000518,0.014337,0.005725,1 kg N,1 kg P2O5,1 kg K2O,8_chara,9_chara,10_chara,,,,0.0110852,0.0645165,0.0,0.07560170000000001
C8_2022,C8,2022,tonne,"Ecotoxicity, freshwater",CTUe,,,,21.4,4.5,0.0,24.51813,397.7709,2018.182,1 kg N,1 kg P2O5,1 kg K2O,8_chara,9_chara,10_chara,,,,524.6879819999999,1789.96905,0.0,2314.657032
C8_2022,C8,2022,tonne,"Ecotoxicity, freshwater - inorganics",CTUe,,,,21.4,4.5,0.0,7.823272,76.92257,397.7561,1 kg N,1 kg P2O5,1 kg K2O,8_chara,9_chara,10_chara,,,,167.4180208,346.15156499999995,0.0,513.5695857999999
C8_2022,C8,2022,tonne,"Ecotoxicity, freshwater - metals",CTUe,,,,21.4,4.5,0.0,16.52071,320.1271,1619.55,1 kg N,1 kg P2O5,1 kg K2O,8_chara,9_chara,10_chara,,,,353.543194,1440.57195,0.0,1794.115144
C8_2022,C8,2022,tonne,"Ecotoxicity, freshwater - organics",CTUe,,,,21.4,4.5,0.0,0.174143,0.721252,0.87605,1 kg N,1 kg P2O5,1 kg K2O,8_chara,9_chara,10_chara,,,,3.7266601999999995,3.245634,0.0,6.972294199999999
C8_2022,C8,2022,tonne,"Eutrophication, freshwater",kg P eq,,,,21.4,4.5,0.0,0.000222,0.000952,0.000618,1 kg N,1 kg P2O5,1 kg K2O,8_chara,9_chara,10_chara,,,,0.0047507999999999995,0.0042840000000000005,0.0,0.009034799999999999
C8_2022,C8,2022,tonne,"Eutrophication, marine",kg N eq,,,,21.4,4.5,0.0,0.002677,0.002767,0.002898,1 kg N,1 kg P2O5,1 kg K2O,8_chara,9_chara,10_chara,,,,0.0572878,0.012451499999999999,0.0,0.0697393
C8_2022,C8,2022,tonne,"Eutrophication, terrestrial",mol N eq,,,,21.4,4.5,0.0,0.241389,0.052171,0.058383,1 kg N,1 kg P2O5,1 kg K2O,8_chara,9_chara,10_chara,,,,5.1657246,0.23476950000000002,0.0,5.4004940999999995
C8_2022,C8,2022,tonne,"Human toxicity, cancer",CTUh,,,,21.4,4.5,0.0,5.34e-10,2.54e-09,1.77e-09,1 kg N,1 kg P2O5,1 kg K2O,8_chara,9_chara,10_chara,,,,1.14276e-08,1.143e-08,0.0,2.28576e-08
C8_2022,C8,2022,tonne,"Human toxicity, cancer - inorganics",CTUh,,,,21.4,4.5,0.0,0.0,6.21e-18,5.01e-18,1 kg N,1 kg P2O5,1 kg K2O,8_chara,9_chara,10_chara,,,,0.0,2.7945000000000003e-17,0.0,2.7945000000000003e-17
C8_2022,C8,2022,tonne,"Human toxicity, cancer - metals",CTUh,,,,21.4,4.5,0.0,3.5e-10,2.13e-09,1.34e-09,1 kg N,1 kg P2O5,1 kg K2O,8_chara,9_chara,10_chara,,,,7.49e-09,9.585e-09,0.0,1.7075e-08
C8_2022,C8,2022,tonne,"Human toxicity, cancer - organics",CTUh,,,,21.4,4.5,0.0,1.84e-10,4.05e-10,4.32e-10,1 kg N,1 kg P2O5,1 kg K2O,8_chara,9_chara,10_chara,,,,3.9376e-09,1.8225e-09,0.0,5.7601e-09
C8_2022,C8,2022,tonne,"Human toxicity, non-cancer",CTUh,,,,21.4,4.5,0.0,2e-08,6.49e-08,9.9e-08,1 kg N,1 kg P2O5,1 kg K2O,8_chara,9_chara,10_chara,,,,4.2799999999999997e-07,2.9205e-07,0.0,7.2005e-07
C8_2022,C8,2022,tonne,"Human toxicity, non-cancer - inorganics",CTUh,,,,21.4,4.5,0.0,1.72e-09,1.45e-08,6.51e-08,1 kg N,1 kg P2O5,1 kg K2O,8_chara,9_chara,10_chara,,,,3.6808e-08,6.525e-08,0.0,1.02058e-07
C8_2022,C8,2022,tonne,"Human toxicity, non-cancer - metals",CTUh,,,,21.4,4.5,0.0,1.73e-08,4.89e-08,3.21e-08,1 kg N,1 kg P2O5,1 kg K2O,8_chara,9_chara,10_chara,,,,3.7021999999999994e-07,2.2005000000000001e-07,0.0,5.902699999999999e-07
C8_2022,C8,2022,tonne,"Human toxicity, non-cancer - organics",CTUh,,,,21.4,4.5,0.0,1.35e-09,1.78e-09,2.01e-09,1 kg N,1 kg P2O5,1 kg K2O,8_chara,9_chara,10_chara,,,,2.889e-08,8.01e-09,0.0,3.69e-08
C8_2022,C8,2022,tonne,Ionising radiation,kBq U-235 eq,,,,21.4,4.5,0.0,0.099841,0.337545,0.245573,1 kg N,1 kg P2O5,1 kg K2O,8_chara,9_chara,10_chara,,,,2.1365974,1.5189525,0.0,3.6555498999999996
C8_2022,C8,2022,tonne,Land use,Pt,,,,21.4,4.5,0.0,2.291069,30.93982,25.134,1 kg N,1 kg P2O5,1 kg K2O,8_chara,9_chara,10_chara,,,,49.02887659999999,139.22919000000002,0.0,188.2580666
C8_2022,C8,2022,tonne,Ozone depletion,kg CFC11 eq,,,,21.4,4.5,0.0,3.58e-07,3.47e-07,3.94e-07,1 kg N,1 kg P2O5,1 kg K2O,8_chara,9_chara,10_chara,,,,7.661199999999999e-06,1.5615000000000002e-06,0.0,9.222699999999999e-06
C8_2022,C8,2022,tonne,Particulate matter,disease inc.,,,,21.4,4.5,0.0,3.99e-07,2.34e-07,2.27e-07,1 kg N,1 kg P2O5,1 kg K2O,8_chara,9_chara,10_chara,,,,8.5386e-06,1.053e-06,0.0,9.5916e-06
C8_2022,C8,2022,tonne,Photochemical ozone formation,kg NMVOC eq,,,,21.4,4.5,0.0,0.003983,0.00811,0.007996,1 kg N,1 kg P2O5,1 kg K2O,8_chara,9_chara,10_chara,,,,0.0852362,0.036495,0.0,0.1217312
C8_2022,C8,2022,tonne,"Resource use, fossils",MJ,,,,21.4,4.5,0.0,46.52414,42.89925,42.33106,1 kg N,1 kg P2O5,1 kg K2O,8_chara,9_chara,10_chara,,,,995.616596,193.046625,0.0,1188.663221
C8_2022,C8,2022,tonne,"Resource use, minerals and metals",kg Sb eq,,,,21.4,4.5,0.0,2.71e-05,5.39e-05,5.15e-05,1 kg N,1 kg P2O5,1 kg K2O,8_chara,9_chara,10_chara,,,,0.00057994,0.00024255000000000001,0.0,0.00082249
C8_2022,C8,2022,tonne,Water use,m3 depriv.,,,,21.4,4.5,0.0,0.21489,1.587446,1.186461,1 kg N,1 kg P2O5,1 kg K2O,8_chara,9_chara,10_chara,,,,4.598646,7.143507,0.0,11.742152999999998
C8_2023,C8,2023,tonne,Acidification,mol H+ eq,,,,13.47,7.85,7.85,0.057621,0.028972,0.018432,1 kg N,1 kg P2O5,1 kg K2O,8_chara,9_chara,10_chara,,,,0.77615487,0.2274302,0.1446912,1.14827627
C8_2023,C8,2023,tonne,Climate change,kg CO2 eq,,,,13.47,7.85,7.85,3.754282,2.846359,2.817321,1 kg N,1 kg P2O5,1 kg K2O,8_chara,9_chara,10_chara,,,,50.57017854,22.34391815,22.11596985,95.03006654
C8_2023,C8,2023,tonne,Climate change - Biogenic,kg CO2 eq,,,,13.47,7.85,7.85,0.001325,0.002609,0.002402,1 kg N,1 kg P2O5,1 kg K2O,8_chara,9_chara,10_chara,,,,0.017847750000000003,0.02048065,0.0188557,0.0571841
C8_2023,C8,2023,tonne,Climate change - Fossil,kg CO2 eq,,,,13.47,7.85,7.85,3.752439,2.829413,2.809194,1 kg N,1 kg P2O5,1 kg K2O,8_chara,9_chara,10_chara,,,,50.54535333,22.21089205,22.052172900000002,94.80841828
C8_2023,C8,2023,tonne,Climate change - Land use and LU change,kg CO2 eq,,,,13.47,7.85,7.85,0.000518,0.014337,0.005725,1 kg N,1 kg P2O5,1 kg K2O,8_chara,9_chara,10_chara,,,,0.00697746,0.11254545,0.044941249999999995,0.16446416
C8_2023,C8,2023,tonne,"Ecotoxicity, freshwater",CTUe,,,,13.47,7.85,7.85,24.51813,397.7709,2018.182,1 kg N,1 kg P2O5,1 kg K2O,8_chara,9_chara,10_chara,,,,330.2592111,3122.5015649999996,15842.7287,19295.4894761
C8_2023,C8,2023,tonne,"Ecotoxicity, freshwater - inorganics",CTUe,,,,13.47,7.85,7.85,7.823272,76.92257,397.7561,1 kg N,1 kg P2O5,1 kg K2O,8_chara,9_chara,10_chara,,,,105.37947384,603.8421744999999,3122.385385,3831.6070333400003
C8_2023,C8,2023,tonne,"Ecotoxicity, freshwater - metals",CTUe,,,,13.47,7.85,7.85,16.52071,320.1271,1619.55,1 kg N,1 kg P2O5,1 kg K2O,8_chara,9_chara,10_chara,,,,222.53396370000002,2512.997735,12713.467499999999,15448.9991987
C8_2023,C8,2023,tonne,"Ecotoxicity, freshwater - organics",CTUe,,,,13.47,7.85,7.85,0.174143,0.721252,0.87605,1 kg N,1 kg P2O5,1 kg K2O,8_chara,9_chara,10_chara,,,,2.34570621,5.6618281999999995,6.8769925,14.88452691
C8_2023,C8,2023,tonne,"Eutrophication, freshwater",kg P eq,,,,13.47,7.85,7.85,0.000222,0.000952,0.000618,1 kg N,1 kg P2O5,1 kg K2O,8_chara,9_chara,10_chara,,,,0.00299034,0.0074732,0.004851299999999999,0.01531484
C8_2023,C8,2023,tonne,"Eutrophication, marine",kg N eq,,,,13.47,7.85,7.85,0.002677,0.002767,0.002898,1 kg N,1 kg P2O5,1 kg K2O,8_chara,9_chara,10_chara,,,,0.036059190000000005,0.02172095,0.0227493,0.08052944000000001
C8_2023,C8,2023,tonne,"Eutrophication, terrestrial",mol N eq,,,,13.47,7.85,7.85,0.241389,0.052171,0.058383,1 kg N,1 kg P2O5,1 kg K2O,8_chara,9_chara,10_chara,,,,3.2515098300000003,0.40954235,0.45830655,4.11935873
C8_2023,C8,2023,tonne,"Human toxicity, cancer",CTUh,,,,13.47,7.85,7.85,5.34e-10,2.54e-09,1.77e-09,1 kg N,1 kg P2O5,1 kg K2O,8_chara,9_chara,10_chara,,,,7.1929800000000005e-09,1.9938999999999997e-08,1.38945e-08,4.102648e-08
C8_2023,C8,2023,tonne,"Human toxicity, cancer - inorganics",CTUh,,,,13.47,7.85,7.85,0.0,6.21e-18,5.01e-18,1 kg N,1 kg P2O5,1 kg K2O,8_chara,9_chara,10_chara,,,,0.0,4.8748499999999996e-17,3.93285e-17,8.807699999999999e-17
C8_2023,C8,2023,tonne,"Human toxicity, cancer - metals",CTUh,,,,13.47,7.85,7.85,3.5e-10,2.13e-09,1.34e-09,1 kg N,1 kg P2O5,1 kg K2O,8_chara,9_chara,10_chara,,,,4.7145e-09,1.6720499999999997e-08,1.0518999999999998e-08,3.1953999999999996e-08
C8_2023,C8,2023,tonne,"Human toxicity, cancer - organics",CTUh,,,,13.47,7.85,7.85,1.84e-10,4.05e-10,4.32e-10,1 kg N,1 kg P2O5,1 kg K2O,8_chara,9_chara,10_chara,,,,2.4784800000000003e-09,3.1792499999999997e-09,3.3912e-09,9.04893e-09
C8_2023,C8,2023,tonne,"Human toxicity, non-cancer",CTUh,,,,13.47,7.85,7.85,2e-08,6.49e-08,9.9e-08,1 kg N,1 kg P2O5,1 kg K2O,8_chara,9_chara,10_chara,,,,2.694e-07,5.09465e-07,7.771499999999999e-07,1.556015e-06
C8_2023,C8,2023,tonne,"Human toxicity, non-cancer - inorganics",CTUh,,,,13.47,7.85,7.85,1.72e-09,1.45e-08,6.51e-08,1 kg N,1 kg P2O5,1 kg K2O,8_chara,9_chara,10_chara,,,,2.31684e-08,1.13825e-07,5.11035e-07,6.480284e-07
C8_2023,C8,2023,tonne,"Human toxicity, non-cancer - metals",CTUh,,,,13.47,7.85,7.85,1.73e-08,4.89e-08,3.21e-08,1 kg N,1 kg P2O5,1 kg K2O,8_chara,9_chara,10_chara,,,,2.33031e-07,3.83865e-07,2.51985e-07,8.68881e-07
C8_2023,C8,2023,tonne,"Human toxicity, non-cancer - organics",CTUh,,,,13.47,7.85,7.85,1.35e-09,1.78e-09,2.01e-09,1 kg N,1 kg P2O5,1 kg K2O,8_chara,9_chara,10_chara,,,,1.8184500000000003e-08,1.3973e-08,1.5778499999999998e-08,4.7936e-08
C8_2023,C8,2023,tonne,Ionising radiation,kBq U-235 eq,,,,13.47,7.85,7.85,0.099841,0.337545,0.245573,1 kg N,1 kg P2O5,1 kg K2O,8_chara,9_chara,10_chara,,,,1.34485827,2.64972825,1.92774805,5.92233457
C8_2023,C8,2023,tonne,Land use,Pt,,,,13.47,7.85,7.85,2.291069,30.93982,25.134,1 kg N,1 kg P2O5,1 kg K2O,8_chara,9_chara,10_chara,,,,30.86069943,242.877587,197.3019,471.04018643
C8_2023,C8,2023,tonne,Ozone depletion,kg CFC11 eq,,,,13.47,7.85,7.85,3.58e-07,3.47e-07,3.94e-07,1 kg N,1 kg P2O5,1 kg K2O,8_chara,9_chara,10_chara,,,,4.82226e-06,2.72395e-06,3.0929e-06,1.063911e-05
C8_2023,C8,2023,tonne,Particulate matter,disease inc.,,,,13.47,7.85,7.85,3.99e-07,2.34e-07,2.27e-07,1 kg N,1 kg P2O5,1 kg K2O,8_chara,9_chara,10_chara,,,,5.37453e-06,1.8369e-06,1.78195e-06,8.99338e-06
C8_2023,C8,2023,tonne,Photochemical ozone formation,kg NMVOC eq,,,,13.47,7.85,7.85,0.003983,0.00811,0.007996,1 kg N,1 kg P2O5,1 kg K2O,8_chara,9_chara,10_chara,,,,0.053651010000000006,0.06366349999999998,0.0627686,0.18008311
C8_2023,C8,2023,tonne,"Resource use, fossils",MJ,,,,13.47,7.85,7.85,46.52414,42.89925,42.33106,1 kg N,1 kg P2O5,1 kg K2O,8_chara,9_chara,10_chara,,,,626.6801658,336.7591125,332.298821,1295.7380993000002
C8_2023,C8,2023,tonne,"Resource use, minerals and metals",kg Sb eq,,,,13.47,7.85,7.85,2.71e-05,5.39e-05,5.15e-05,1 kg N,1 kg P2O5,1 kg K2O,8_chara,9_chara,10_chara,,,,0.000365037,0.000423115,0.00040427499999999995,0.001192427
C8_2023,C8,2023,tonne,Water use,m3 depriv.,,,,13.47,7.85,7.85,0.21489,1.587446,1.186461,1 kg N,1 kg P2O5,1 kg K2O,8_chara,9_chara,10_chara,,,,2.8945683,12.461451099999998,9.313718849999999,24.669738249999995
C8_2024,C8,2024,tonne,Acidification,mol H+ eq,,,,34.43,15.19,0.0,0.057621,0.028972,0.018432,1 kg N,1 kg P2O5,1 kg K2O,8_chara,9_chara,10_chara,,,,1.9838910299999999,0.44008468,0.0,2.4239757099999997
C8_2024,C8,2024,tonne,Climate change,kg CO2 eq,,,,34.43,15.19,0.0,3.754282,2.846359,2.817321,1 kg N,1 kg P2O5,1 kg K2O,8_chara,9_chara,10_chara,,,,129.25992926,43.23619321,0.0,172.49612247000002
C8_2024,C8,2024,tonne,Climate change - Biogenic,kg CO2 eq,,,,34.43,15.19,0.0,0.001325,0.002609,0.002402,1 kg N,1 kg P2O5,1 kg K2O,8_chara,9_chara,10_chara,,,,0.04561975,0.03963071,0.0,0.08525046
C8_2024,C8,2024,tonne,Climate change - Fossil,kg CO2 eq,,,,34.43,15.19,0.0,3.752439,2.829413,2.809194,1 kg N,1 kg P2O5,1 kg K2O,8_chara,9_chara,10_chara,,,,129.19647476999998,42.97878347,0.0,172.17525823999998
C8_2024,C8,2024,tonne,Climate change - Land use and LU change,kg CO2 eq,,,,34.43,15.19,0.0,0.000518,0.014337,0.005725,1 kg N,1 kg P2O5,1 kg K2O,8_chara,9_chara,10_chara,,,,0.01783474,0.21777903,0.0,0.23561377
C8_2024,C8,2024,tonne,"Ecotoxicity, freshwater",CTUe,,,,34.43,15.19,0.0,24.51813,397.7709,2018.182,1 kg N,1 kg P2O5,1 kg K2O,8_chara,9_chara,10_chara,,,,844.1592158999999,6042.139971,0.0,6886.2991869
C8_2024,C8,2024,tonne,"Ecotoxicity, freshwater - inorganics",CTUe,,,,34.43,15.19,0.0,7.823272,76.92257,397.7561,1 kg N,1 kg P2O5,1 kg K2O,8_chara,9_chara,10_chara,,,,269.35525496,1168.4538383,0.0,1437.8090932599998
C8_2024,C8,2024,tonne,"Ecotoxicity, freshwater - metals",CTUe,,,,34.43,15.19,0.0,16.52071,320.1271,1619.55,1 kg N,1 kg P2O5,1 kg K2O,8_chara,9_chara,10_chara,,,,568.8080453,4862.730648999999,0.0,5431.538694299999
C8_2024,C8,2024,tonne,"Ecotoxicity, freshwater - organics",CTUe,,,,34.43,15.19,0.0,0.174143,0.721252,0.87605,1 kg N,1 kg P2O5,1 kg K2O,8_chara,9_chara,10_chara,,,,5.99574349,10.95581788,0.0,16.95156137
C8_2024,C8,2024,tonne,"Eutrophication, freshwater",kg P eq,,,,34.43,15.19,0.0,0.000222,0.000952,0.000618,1 kg N,1 kg P2O5,1 kg K2O,8_chara,9_chara,10_chara,,,,0.00764346,0.01446088,0.0,0.02210434
C8_2024,C8,2024,tonne,"Eutrophication, marine",kg N eq,,,,34.43,15.19,0.0,0.002677,0.002767,0.002898,1 kg N,1 kg P2O5,1 kg K2O,8_chara,9_chara,10_chara,,,,0.09216911,0.042030729999999995,0.0,0.13419984
C8_2024,C8,2024,tonne,"Eutrophication, terrestrial",mol N eq,,,,34.43,15.19,0.0,0.241389,0.052171,0.058383,1 kg N,1 kg P2O5,1 kg K2O,8_chara,9_chara,10_chara,,,,8.31102327,0.79247749,0.0,9.10350076
C8_2024,C8,2024,tonne,"Human toxicity, cancer",CTUh,,,,34.43,15.19,0.0,5.34e-10,2.54e-09,1.77e-09,1 kg N,1 kg P2O5,1 kg K2O,8_chara,9_chara,10_chara,,,,1.838562e-08,3.85826e-08,0.0,5.696822e-08
C8_2024,C8,2024,tonne,"Human toxicity, cancer - inorganics",CTUh,,,,34.43,15.19,0.0,0.0,6.21e-18,5.01e-18,1 kg N,1 kg P2O5,1 kg K2O,8_chara,9_chara,10_chara,,,,0.0,9.43299e-17,0.0,9.43299e-17
C8_2024,C8,2024,tonne,"Human toxicity, cancer - metals",CTUh,,,,34.43,15.19,0.0,3.5e-10,2.13e-09,1.34e-09,1 kg N,1 kg P2O5,1 kg K2O,8_chara,9_chara,10_chara,,,,1.20505e-08,3.23547e-08,0.0,4.44052e-08
C8_2024,C8,2024,tonne,"Human toxicity, cancer - organics",CTUh,,,,34.43,15.19,0.0,1.84e-10,4.05e-10,4.32e-10,1 kg N,1 kg P2O5,1 kg K2O,8_chara,9_chara,10_chara,,,,6.33512e-09,6.15195e-09,0.0,1.248707e-08
C8_2024,C8,2024,tonne,"Human toxicity, non-cancer",CTUh,,,,34.43,15.19,0.0,2e-08,6.49e-08,9.9e-08,1 kg N,1 kg P2O5,1 kg K2O,8_chara,9_chara,10_chara,,,,6.886e-07,9.85831e-07,0.0,1.6744309999999998e-06
C8_2024,C8,2024,tonne,"Human toxicity, non-cancer - inorganics",CTUh,,,,34.43,15.19,0.0,1.72e-09,1.45e-08,6.51e-08,1 kg N,1 kg P2O5,1 kg K2O,8_chara,9_chara,10_chara,,,,5.92196e-08,2.20255e-07,0.0,2.794746e-07
C8_2024,C8,2024,tonne,"Human toxicity, non-cancer - metals",CTUh,,,,34.43,15.19,0.0,1.73e-08,4.89e-08,3.21e-08,1 kg N,1 kg P2O5,1 kg K2O,8_chara,9_chara,10_chara,,,,5.95639e-07,7.42791e-07,0.0,1.33843e-06
C8_2024,C8,2024,tonne,"Human toxicity, non-cancer - organics",CTUh,,,,34.43,15.19,0.0,1.35e-09,1.78e-09,2.01e-09,1 kg N,1 kg P2O5,1 kg K2O,8_chara,9_chara,10_chara,,,,4.6480500000000004e-08,2.70382e-08,0.0,7.351870000000001e-08
C8_2024,C8,2024,tonne,Ionising radiation,kBq U-235 eq,,,,34.43,15.19,0.0,0.099841,0.337545,0.245573,1 kg N,1 kg P2O5,1 kg K2O,8_chara,9_chara,10_chara,,,,3.43752563,5.1273085499999995,0.0,8.56483418
C8_2024,C8,2024,tonne,Land use,Pt,,,,34.43,15.19,0.0,2.291069,30.93982,25.134,1 kg N,1 kg P2O5,1 kg K2O,8_chara,9_chara,10_chara,,,,78.88150567,469.9758658,0.0,548.85737147
C8_2024,C8,2024,tonne,Ozone depletion,kg CFC11 eq,,,,34.43,15.19,0.0,3.58e-07,3.47e-07,3.94e-07,1 kg N,1 kg P2O5,1 kg K2O,8_chara,9_chara,10_chara,,,,1.232594e-05,5.27093e-06,0.0,1.759687e-05
C8_2024,C8,2024,tonne,Particulate matter,disease inc.,,,,34.43,15.19,0.0,3.99e-07,2.34e-07,2.27e-07,1 kg N,1 kg P2O5,1 kg K2O,8_chara,9_chara,10_chara,,,,1.373757e-05,3.5544599999999998e-06,0.0,1.729203e-05
C8_2024,C8,2024,tonne,Photochemical ozone formation,kg NMVOC eq,,,,34.43,15.19,0.0,0.003983,0.00811,0.007996,1 kg N,1 kg P2O5,1 kg K2O,8_chara,9_chara,10_chara,,,,0.13713469,0.12319089999999998,0.0,0.26032559
C8_2024,C8,2024,tonne,"Resource use, fossils",MJ,,,,34.43,15.19,0.0,46.52414,42.89925,42.33106,1 kg N,1 kg P2O5,1 kg K2O,8_chara,9_chara,10_chara,,,,1601.8261402,651.6396075,0.0,2253.4657477
C8_2024,C8,2024,tonne,"Resource use, minerals and metals",kg Sb eq,,,,34.43,15.19,0.0,2.71e-05,5.39e-05,5.15e-05,1 kg N,1 kg P2O5,1 kg K2O,8_chara,9_chara,10_chara,,,,0.0009330530000000001,0.000818741,0.0,0.001751794
C8_2024,C8,2024,tonne,Water use,m3 depriv.,,,,34.43,15.19,0.0,0.21489,1.587446,1.186461,1 kg N,1 kg P2O5,1 kg K2O,8_chara,9_chara,10_chara,,,,7.3986627,24.113304739999997,0.0,31.511967439999996
D1_2022,D1,2022,tonne,Acidification,mol H+ eq,,,,73.68,33.09,33.09,0.057621,0.028972,0.018432,1 kg N,1 kg P2O5,1 kg K2O,8_chara,9_chara,10_chara,,,,4.24551528,0.9586834800000001,0.60991488,5.81411364
D1_2022,D1,2022,tonne,Climate change,kg CO2 eq,,,,73.68,33.09,33.09,3.754282,2.846359,2.817321,1 kg N,1 kg P2O5,1 kg K2O,8_chara,9_chara,10_chara,,,,276.61549776000004,94.18601931,93.22515189000002,464.02666896000005
D1_2022,D1,2022,tonne,Climate change - Biogenic,kg CO2 eq,,,,73.68,33.09,33.09,0.001325,0.002609,0.002402,1 kg N,1 kg P2O5,1 kg K2O,8_chara,9_chara,10_chara,,,,0.097626,0.08633181000000002,0.07948218000000001,0.26343999000000007
D1_2022,D1,2022,tonne,Climate change - Fossil,kg CO2 eq,,,,73.68,33.09,33.09,3.752439,2.829413,2.809194,1 kg N,1 kg P2O5,1 kg K2O,8_chara,9_chara,10_chara,,,,276.47970552000004,93.62527617000002,92.95622946000002,463.0612111500001
D1_2022,D1,2022,tonne,Climate change - Land use and LU change,kg CO2 eq,,,,73.68,33.09,33.09,0.000518,0.014337,0.005725,1 kg N,1 kg P2O5,1 kg K2O,8_chara,9_chara,10_chara,,,,0.038166240000000004,0.4744113300000001,0.18944025000000003,0.70201782
D1_2022,D1,2022,tonne,"Ecotoxicity, freshwater",CTUe,,,,73.68,33.09,33.09,24.51813,397.7709,2018.182,1 kg N,1 kg P2O5,1 kg K2O,8_chara,9_chara,10_chara,,,,1806.4958184000002,13162.239081000002,66781.64238,81750.37727940001
D1_2022,D1,2022,tonne,"Ecotoxicity, freshwater - inorganics",CTUe,,,,73.68,33.09,33.09,7.823272,76.92257,397.7561,1 kg N,1 kg P2O5,1 kg K2O,8_chara,9_chara,10_chara,,,,576.4186809600001,2545.3678413000002,13161.749349000002,16283.535871260003
D1_2022,D1,2022,tonne,"Ecotoxicity, freshwater - metals",CTUe,,,,73.68,33.09,33.09,16.52071,320.1271,1619.55,1 kg N,1 kg P2O5,1 kg K2O,8_chara,9_chara,10_chara,,,,1217.2459128000003,10593.005739,53590.9095,65401.1611518
D1_2022,D1,2022,tonne,"Ecotoxicity, freshwater - organics",CTUe,,,,73.68,33.09,33.09,0.174143,0.721252,0.87605,1 kg N,1 kg P2O5,1 kg K2O,8_chara,9_chara,10_chara,,,,12.830856240000001,23.866228680000003,28.9884945,65.68557942000001
D1_2022,D1,2022,tonne,"Eutrophication, freshwater",kg P eq,,,,73.68,33.09,33.09,0.000222,0.000952,0.000618,1 kg N,1 kg P2O5,1 kg K2O,8_chara,9_chara,10_chara,,,,0.01635696,0.031501680000000004,0.02044962,0.06830826000000001
D1_2022,D1,2022,tonne,"Eutrophication, marine",kg N eq,,,,73.68,33.09,33.09,0.002677,0.002767,0.002898,1 kg N,1 kg P2O5,1 kg K2O,8_chara,9_chara,10_chara,,,,0.19724136000000003,0.09156003,0.09589482,0.38469621000000004
D1_2022,D1,2022,tonne,"Eutrophication, terrestrial",mol N eq,,,,73.68,33.09,33.09,0.241389,0.052171,0.058383,1 kg N,1 kg P2O5,1 kg K2O,8_chara,9_chara,10_chara,,,,17.785541520000002,1.7263383900000002,1.9318934700000001,21.44377338
D1_2022,D1,2022,tonne,"Human toxicity, cancer",CTUh,,,,73.68,33.09,33.09,5.34e-10,2.54e-09,1.77e-09,1 kg N,1 kg P2O5,1 kg K2O,8_chara,9_chara,10_chara,,,,3.9345120000000004e-08,8.40486e-08,5.856930000000001e-08,1.8196302000000002e-07
D1_2022,D1,2022,tonne,"Human toxicity, cancer - inorganics",CTUh,,,,73.68,33.09,33.09,0.0,6.21e-18,5.01e-18,1 kg N,1 kg P2O5,1 kg K2O,8_chara,9_chara,10_chara,,,,0.0,2.0548890000000001e-16,1.6578090000000004e-16,3.7126980000000005e-16
D1_2022,D1,2022,tonne,"Human toxicity, cancer - metals",CTUh,,,,73.68,33.09,33.09,3.5e-10,2.13e-09,1.34e-09,1 kg N,1 kg P2O5,1 kg K2O,8_chara,9_chara,10_chara,,,,2.5788000000000002e-08,7.04817e-08,4.4340600000000005e-08,1.4061030000000002e-07
D1_2022,D1,2022,tonne,"Human toxicity, cancer - organics",CTUh,,,,73.68,33.09,33.09,1.84e-10,4.05e-10,4.32e-10,1 kg N,1 kg P2O5,1 kg K2O,8_chara,9_chara,10_chara,,,,1.3557120000000002e-08,1.3401450000000002e-08,1.4294880000000001e-08,4.125345000000001e-08
D1_2022,D1,2022,tonne,"Human toxicity, non-cancer",CTUh,,,,73.68,33.09,33.09,2e-08,6.49e-08,9.9e-08,1 kg N,1 kg P2O5,1 kg K2O,8_chara,9_chara,10_chara,,,,1.4736000000000002e-06,2.1475410000000003e-06,3.2759100000000005e-06,6.897051000000001e-06
D1_2022,D1,2022,tonne,"Human toxicity, non-cancer - inorganics",CTUh,,,,73.68,33.09,33.09,1.72e-09,1.45e-08,6.51e-08,1 kg N,1 kg P2O5,1 kg K2O,8_chara,9_chara,10_chara,,,,1.2672960000000003e-07,4.798050000000001e-07,2.154159e-06,2.7606936e-06
D1_2022,D1,2022,tonne,"Human toxicity, non-cancer - metals",CTUh,,,,73.68,33.09,33.09,1.73e-08,4.89e-08,3.21e-08,1 kg N,1 kg P2O5,1 kg K2O,8_chara,9_chara,10_chara,,,,1.2746640000000001e-06,1.6181010000000003e-06,1.0621890000000003e-06,3.954954000000001e-06
D1_2022,D1,2022,tonne,"Human toxicity, non-cancer - organics",CTUh,,,,73.68,33.09,33.09,1.35e-09,1.78e-09,2.01e-09,1 kg N,1 kg P2O5,1 kg K2O,8_chara,9_chara,10_chara,,,,9.946800000000001e-08,5.890020000000001e-08,6.65109e-08,2.248791e-07
D1_2022,D1,2022,tonne,Ionising radiation,kBq U-235 eq,,,,73.68,33.09,33.09,0.099841,0.337545,0.245573,1 kg N,1 kg P2O5,1 kg K2O,8_chara,9_chara,10_chara,,,,7.3562848800000005,11.16936405,8.126010570000002,26.651659500000004
D1_2022,D1,2022,tonne,Land use,Pt,,,,73.68,33.09,33.09,2.291069,30.93982,25.134,1 kg N,1 kg P2O5,1 kg K2O,8_chara,9_chara,10_chara,,,,168.80596392,1023.7986438000001,831.68406,2024.2886677200001
D1_2022,D1,2022,tonne,Ozone depletion,kg CFC11 eq,,,,73.68,33.09,33.09,3.58e-07,3.47e-07,3.94e-07,1 kg N,1 kg P2O5,1 kg K2O,8_chara,9_chara,10_chara,,,,2.6377440000000002e-05,1.1482230000000002e-05,1.3037460000000002e-05,5.0897130000000006e-05
D1_2022,D1,2022,tonne,Particulate matter,disease inc.,,,,73.68,33.09,33.09,3.99e-07,2.34e-07,2.27e-07,1 kg N,1 kg P2O5,1 kg K2O,8_chara,9_chara,10_chara,,,,2.9398320000000004e-05,7.743060000000001e-06,7.511430000000001e-06,4.465281e-05
D1_2022,D1,2022,tonne,Photochemical ozone formation,kg NMVOC eq,,,,73.68,33.09,33.09,0.003983,0.00811,0.007996,1 kg N,1 kg P2O5,1 kg K2O,8_chara,9_chara,10_chara,,,,0.2934674400000001,0.2683599,0.26458764,0.82641498
D1_2022,D1,2022,tonne,"Resource use, fossils",MJ,,,,73.68,33.09,33.09,46.52414,42.89925,42.33106,1 kg N,1 kg P2O5,1 kg K2O,8_chara,9_chara,10_chara,,,,3427.8986352000006,1419.5361825000002,1400.7347754000002,6248.169593100001
D1_2022,D1,2022,tonne,"Resource use, minerals and metals",kg Sb eq,,,,73.68,33.09,33.09,2.71e-05,5.39e-05,5.15e-05,1 kg N,1 kg P2O5,1 kg K2O,8_chara,9_chara,10_chara,,,,0.001996728,0.0017835510000000002,0.001704135,0.005484414
D1_2022,D1,2022,tonne,Water use,m3 depriv.,,,,73.68,33.09,33.09,0.21489,1.587446,1.186461,1 kg N,1 kg P2O5,1 kg K2O,8_chara,9_chara,10_chara,,,,15.8330952,52.528588140000004,39.259994490000004,107.62167783000001
D1_2023,D1,2023,tonne,Acidification,mol H+ eq,,,,9.59,12.24,18.37,0.057621,0.028972,0.018432,1 kg N,1 kg P2O5,1 kg K2O,8_chara,9_chara,10_chara,,,,0.55258539,0.35461728000000003,0.33859584000000004,1.24579851
D1_2023,D1,2023,tonne,Climate change,kg CO2 eq,,,,9.59,12.24,18.37,3.754282,2.846359,2.817321,1 kg N,1 kg P2O5,1 kg K2O,8_chara,9_chara,10_chara,,,,36.00356438,34.83943416,51.754186770000004,122.59718531
D1_2023,D1,2023,tonne,Climate change - Biogenic,kg CO2 eq,,,,9.59,12.24,18.37,0.001325,0.002609,0.002402,1 kg N,1 kg P2O5,1 kg K2O,8_chara,9_chara,10_chara,,,,0.01270675,0.03193416,0.04412474,0.08876565
D1_2023,D1,2023,tonne,Climate change - Fossil,kg CO2 eq,,,,9.59,12.24,18.37,3.752439,2.829413,2.809194,1 kg N,1 kg P2O5,1 kg K2O,8_chara,9_chara,10_chara,,,,35.98589001,34.632015120000005,51.604893780000005,122.22279891
D1_2023,D1,2023,tonne,Climate change - Land use and LU change,kg CO2 eq,,,,9.59,12.24,18.37,0.000518,0.014337,0.005725,1 kg N,1 kg P2O5,1 kg K2O,8_chara,9_chara,10_chara,,,,0.00496762,0.17548488,0.10516825,0.28562075000000003
D1_2023,D1,2023,tonne,"Ecotoxicity, freshwater",CTUe,,,,9.59,12.24,18.37,24.51813,397.7709,2018.182,1 kg N,1 kg P2O5,1 kg K2O,8_chara,9_chara,10_chara,,,,235.1288667,4868.715816,37074.00334,42177.848022700004
D1_2023,D1,2023,tonne,"Ecotoxicity, freshwater - inorganics",CTUe,,,,9.59,12.24,18.37,7.823272,76.92257,397.7561,1 kg N,1 kg P2O5,1 kg K2O,8_chara,9_chara,10_chara,,,,75.02517848000001,941.5322567999999,7306.779557000001,8323.336992280001
D1_2023,D1,2023,tonne,"Ecotoxicity, freshwater - metals",CTUe,,,,9.59,12.24,18.37,16.52071,320.1271,1619.55,1 kg N,1 kg P2O5,1 kg K2O,8_chara,9_chara,10_chara,,,,158.4336089,3918.355704,29751.1335,33827.9228129
D1_2023,D1,2023,tonne,"Ecotoxicity, freshwater - organics",CTUe,,,,9.59,12.24,18.37,0.174143,0.721252,0.87605,1 kg N,1 kg P2O5,1 kg K2O,8_chara,9_chara,10_chara,,,,1.6700313699999998,8.82812448,16.093038500000002,26.591194350000002
D1_2023,D1,2023,tonne,"Eutrophication, freshwater",kg P eq,,,,9.59,12.24,18.37,0.000222,0.000952,0.000618,1 kg N,1 kg P2O5,1 kg K2O,8_chara,9_chara,10_chara,,,,0.00212898,0.011652480000000002,0.01135266,0.025134120000000003
D1_2023,D1,2023,tonne,"Eutrophication, marine",kg N eq,,,,9.59,12.24,18.37,0.002677,0.002767,0.002898,1 kg N,1 kg P2O5,1 kg K2O,8_chara,9_chara,10_chara,,,,0.02567243,0.03386808,0.05323626,0.11277677
D1_2023,D1,2023,tonne,"Eutrophication, terrestrial",mol N eq,,,,9.59,12.24,18.37,0.241389,0.052171,0.058383,1 kg N,1 kg P2O5,1 kg K2O,8_chara,9_chara,10_chara,,,,2.31492051,0.63857304,1.07249571,4.02598926
D1_2023,D1,2023,tonne,"Human toxicity, cancer",CTUh,,,,9.59,12.24,18.37,5.34e-10,2.54e-09,1.77e-09,1 kg N,1 kg P2O5,1 kg K2O,8_chara,9_chara,10_chara,,,,5.12106e-09,3.10896e-08,3.2514900000000005e-08,6.872556000000001e-08
D1_2023,D1,2023,tonne,"Human toxicity, cancer - inorganics",CTUh,,,,9.59,12.24,18.37,0.0,6.21e-18,5.01e-18,1 kg N,1 kg P2O5,1 kg K2O,8_chara,9_chara,10_chara,,,,0.0,7.60104e-17,9.203370000000001e-17,1.6804410000000002e-16
D1_2023,D1,2023,tonne,"Human toxicity, cancer - metals",CTUh,,,,9.59,12.24,18.37,3.5e-10,2.13e-09,1.34e-09,1 kg N,1 kg P2O5,1 kg K2O,8_chara,9_chara,10_chara,,,,3.3564999999999997e-09,2.60712e-08,2.46158e-08,5.4043500000000003e-08
D1_2023,D1,2023,tonne,"Human toxicity, cancer - organics",CTUh,,,,9.59,12.24,18.37,1.84e-10,4.05e-10,4.32e-10,1 kg N,1 kg P2O5,1 kg K2O,8_chara,9_chara,10_chara,,,,1.7645600000000002e-09,4.9572e-09,7.935840000000001e-09,1.4657600000000001e-08
D1_2023,D1,2023,tonne,"Human toxicity, non-cancer",CTUh,,,,9.59,12.24,18.37,2e-08,6.49e-08,9.9e-08,1 kg N,1 kg P2O5,1 kg K2O,8_chara,9_chara,10_chara,,,,1.918e-07,7.94376e-07,1.81863e-06,2.8048060000000004e-06
D1_2023,D1,2023,tonne,"Human toxicity, non-cancer - inorganics",CTUh,,,,9.59,12.24,18.37,1.72e-09,1.45e-08,6.51e-08,1 kg N,1 kg P2O5,1 kg K2O,8_chara,9_chara,10_chara,,,,1.64948e-08,1.7748000000000002e-07,1.195887e-06,1.3898618e-06
D1_2023,D1,2023,tonne,"Human toxicity, non-cancer - metals",CTUh,,,,9.59,12.24,18.37,1.73e-08,4.89e-08,3.21e-08,1 kg N,1 kg P2O5,1 kg K2O,8_chara,9_chara,10_chara,,,,1.65907e-07,5.98536e-07,5.89677e-07,1.35412e-06
D1_2023,D1,2023,tonne,"Human toxicity, non-cancer - organics",CTUh,,,,9.59,12.24,18.37,1.35e-09,1.78e-09,2.01e-09,1 kg N,1 kg P2O5,1 kg K2O,8_chara,9_chara,10_chara,,,,1.2946500000000001e-08,2.1787200000000003e-08,3.69237e-08,7.16574e-08
D1_2023,D1,2023,tonne,Ionising radiation,kBq U-235 eq,,,,9.59,12.24,18.37,0.099841,0.337545,0.245573,1 kg N,1 kg P2O5,1 kg K2O,8_chara,9_chara,10_chara,,,,0.95747519,4.1315508,4.511176010000001,9.600202000000001
D1_2023,D1,2023,tonne,Land use,Pt,,,,9.59,12.24,18.37,2.291069,30.93982,25.134,1 kg N,1 kg P2O5,1 kg K2O,8_chara,9_chara,10_chara,,,,21.971351709999997,378.7033968,461.71158,862.3863285100001
D1_2023,D1,2023,tonne,Ozone depletion,kg CFC11 eq,,,,9.59,12.24,18.37,3.58e-07,3.47e-07,3.94e-07,1 kg N,1 kg P2O5,1 kg K2O,8_chara,9_chara,10_chara,,,,3.43322e-06,4.24728e-06,7.237780000000001e-06,1.4918280000000001e-05
D1_2023,D1,2023,tonne,Particulate matter,disease inc.,,,,9.59,12.24,18.37,3.99e-07,2.34e-07,2.27e-07,1 kg N,1 kg P2O5,1 kg K2O,8_chara,9_chara,10_chara,,,,3.82641e-06,2.86416e-06,4.16999e-06,1.086056e-05
D1_2023,D1,2023,tonne,Photochemical ozone formation,kg NMVOC eq,,,,9.59,12.24,18.37,0.003983,0.00811,0.007996,1 kg N,1 kg P2O5,1 kg K2O,8_chara,9_chara,10_chara,,,,0.038196970000000004,0.09926639999999999,0.14688652,0.28434989
D1_2023,D1,2023,tonne,"Resource use, fossils",MJ,,,,9.59,12.24,18.37,46.52414,42.89925,42.33106,1 kg N,1 kg P2O5,1 kg K2O,8_chara,9_chara,10_chara,,,,446.1665026,525.08682,777.6215722000001,1748.8748948000002
D1_2023,D1,2023,tonne,"Resource use, minerals and metals",kg Sb eq,,,,9.59,12.24,18.37,2.71e-05,5.39e-05,5.15e-05,1 kg N,1 kg P2O5,1 kg K2O,8_chara,9_chara,10_chara,,,,0.000259889,0.0006597360000000001,0.000946055,0.0018656800000000002
D1_2023,D1,2023,tonne,Water use,m3 depriv.,,,,9.59,12.24,18.37,0.21489,1.587446,1.186461,1 kg N,1 kg P2O5,1 kg K2O,8_chara,9_chara,10_chara,,,,2.0607951,19.43033904,21.79528857,43.28642271
D1_2024,D1,2024,tonne,Acidification,mol H+ eq,,,,23.94,10.56,0.0,0.057621,0.028972,0.018432,1 kg N,1 kg P2O5,1 kg K2O,8_chara,9_chara,10_chara,,,,1.3794467400000001,0.30594432000000005,0.0,1.6853910600000002
D1_2024,D1,2024,tonne,Climate change,kg CO2 eq,,,,23.94,10.56,0.0,3.754282,2.846359,2.817321,1 kg N,1 kg P2O5,1 kg K2O,8_chara,9_chara,10_chara,,,,89.87751108,30.057551040000003,0.0,119.93506212000001
D1_2024,D1,2024,tonne,Climate change - Biogenic,kg CO2 eq,,,,23.94,10.56,0.0,0.001325,0.002609,0.002402,1 kg N,1 kg P2O5,1 kg K2O,8_chara,9_chara,10_chara,,,,0.0317205,0.027551040000000002,0.0,0.05927154
D1_2024,D1,2024,tonne,Climate change - Fossil,kg CO2 eq,,,,23.94,10.56,0.0,3.752439,2.829413,2.809194,1 kg N,1 kg P2O5,1 kg K2O,8_chara,9_chara,10_chara,,,,89.83338966,29.87860128,0.0,119.71199093999999
D1_2024,D1,2024,tonne,Climate change - Land use and LU change,kg CO2 eq,,,,23.94,10.56,0.0,0.000518,0.014337,0.005725,1 kg N,1 kg P2O5,1 kg K2O,8_chara,9_chara,10_chara,,,,0.012400920000000001,0.15139872000000001,0.0,0.16379964000000002
D1_2024,D1,2024,tonne,"Ecotoxicity, freshwater",CTUe,,,,23.94,10.56,0.0,24.51813,397.7709,2018.182,1 kg N,1 kg P2O5,1 kg K2O,8_chara,9_chara,10_chara,,,,586.9640322,4200.460704,0.0,4787.424736200001
D1_2024,D1,2024,tonne,"Ecotoxicity, freshwater - inorganics",CTUe,,,,23.94,10.56,0.0,7.823272,76.92257,397.7561,1 kg N,1 kg P2O5,1 kg K2O,8_chara,9_chara,10_chara,,,,187.28913168000003,812.3023392,0.0,999.5914708800001
D1_2024,D1,2024,tonne,"Ecotoxicity, freshwater - metals",CTUe,,,,23.94,10.56,0.0,16.52071,320.1271,1619.55,1 kg N,1 kg P2O5,1 kg K2O,8_chara,9_chara,10_chara,,,,395.50579740000006,3380.542176,0.0,3776.0479734
D1_2024,D1,2024,tonne,"Ecotoxicity, freshwater - organics",CTUe,,,,23.94,10.56,0.0,0.174143,0.721252,0.87605,1 kg N,1 kg P2O5,1 kg K2O,8_chara,9_chara,10_chara,,,,4.16898342,7.61642112,0.0,11.78540454
D1_2024,D1,2024,tonne,"Eutrophication, freshwater",kg P eq,,,,23.94,10.56,0.0,0.000222,0.000952,0.000618,1 kg N,1 kg P2O5,1 kg K2O,8_chara,9_chara,10_chara,,,,0.0053146800000000004,0.01005312,0.0,0.015367800000000001
D1_2024,D1,2024,tonne,"Eutrophication, marine",kg N eq,,,,23.94,10.56,0.0,0.002677,0.002767,0.002898,1 kg N,1 kg P2O5,1 kg K2O,8_chara,9_chara,10_chara,,,,0.06408738000000001,0.029219520000000002,0.0,0.09330690000000001
D1_2024,D1,2024,tonne,"Eutrophication, terrestrial",mol N eq,,,,23.94,10.56,0.0,0.241389,0.052171,0.058383,1 kg N,1 kg P2O5,1 kg K2O,8_chara,9_chara,10_chara,,,,5.77885266,0.55092576,0.0,6.32977842
D1_2024,D1,2024,tonne,"Human toxicity, cancer",CTUh,,,,23.94,10.56,0.0,5.34e-10,2.54e-09,1.77e-09,1 kg N,1 kg P2O5,1 kg K2O,8_chara,9_chara,10_chara,,,,1.2783960000000001e-08,2.6822400000000002e-08,0.0,3.960636e-08
D1_2024,D1,2024,tonne,"Human toxicity, cancer - inorganics",CTUh,,,,23.94,10.56,0.0,0.0,6.21e-18,5.01e-18,1 kg N,1 kg P2O5,1 kg K2O,8_chara,9_chara,10_chara,,,,0.0,6.55776e-17,0.0,6.55776e-17
D1_2024,D1,2024,tonne,"Human toxicity, cancer - metals",CTUh,,,,23.94,10.56,0.0,3.5e-10,2.13e-09,1.34e-09,1 kg N,1 kg P2O5,1 kg K2O,8_chara,9_chara,10_chara,,,,8.379e-09,2.24928e-08,0.0,3.08718e-08
D1_2024,D1,2024,tonne,"Human toxicity, cancer - organics",CTUh,,,,23.94,10.56,0.0,1.84e-10,4.05e-10,4.32e-10,1 kg N,1 kg P2O5,1 kg K2O,8_chara,9_chara,10_chara,,,,4.404960000000001e-09,4.2768e-09,0.0,8.681760000000001e-09
D1_2024,D1,2024,tonne,"Human toxicity, non-cancer",CTUh,,,,23.94,10.56,0.0,2e-08,6.49e-08,9.9e-08,1 kg N,1 kg P2O5,1 kg K2O,8_chara,9_chara,10_chara,,,,4.788000000000001e-07,6.853440000000001e-07,0.0,1.1641440000000002e-06
D1_2024,D1,2024,tonne,"Human toxicity, non-cancer - inorganics",CTUh,,,,23.94,10.56,0.0,1.72e-09,1.45e-08,6.51e-08,1 kg N,1 kg P2O5,1 kg K2O,8_chara,9_chara,10_chara,,,,4.11768e-08,1.5312e-07,0.0,1.9429680000000002e-07
D1_2024,D1,2024,tonne,"Human toxicity, non-cancer - metals",CTUh,,,,23.94,10.56,0.0,1.73e-08,4.89e-08,3.21e-08,1 kg N,1 kg P2O5,1 kg K2O,8_chara,9_chara,10_chara,,,,4.14162e-07,5.16384e-07,0.0,9.30546e-07
D1_2024,D1,2024,tonne,"Human toxicity, non-cancer - organics",CTUh,,,,23.94,10.56,0.0,1.35e-09,1.78e-09,2.01e-09,1 kg N,1 kg P2O5,1 kg K2O,8_chara,9_chara,10_chara,,,,3.2319000000000006e-08,1.8796800000000002e-08,0.0,5.111580000000001e-08
D1_2024,D1,2024,tonne,Ionising radiation,kBq U-235 eq,,,,23.94,10.56,0.0,0.099841,0.337545,0.245573,1 kg N,1 kg P2O5,1 kg K2O,8_chara,9_chara,10_chara,,,,2.3901935400000003,3.5644752,0.0,5.954668740000001
D1_2024,D1,2024,tonne,Land use,Pt,,,,23.94,10.56,0.0,2.291069,30.93982,25.134,1 kg N,1 kg P2O5,1 kg K2O,8_chara,9_chara,10_chara,,,,54.84819186,326.7244992,0.0,381.57269106
D1_2024,D1,2024,tonne,Ozone depletion,kg CFC11 eq,,,,23.94,10.56,0.0,3.58e-07,3.47e-07,3.94e-07,1 kg N,1 kg P2O5,1 kg K2O,8_chara,9_chara,10_chara,,,,8.57052e-06,3.6643200000000003e-06,0.0,1.223484e-05
D1_2024,D1,2024,tonne,Particulate matter,disease inc.,,,,23.94,10.56,0.0,3.99e-07,2.34e-07,2.27e-07,1 kg N,1 kg P2O5,1 kg K2O,8_chara,9_chara,10_chara,,,,9.55206e-06,2.47104e-06,0.0,1.20231e-05
D1_2024,D1,2024,tonne,Photochemical ozone formation,kg NMVOC eq,,,,23.94,10.56,0.0,0.003983,0.00811,0.007996,1 kg N,1 kg P2O5,1 kg K2O,8_chara,9_chara,10_chara,,,,0.09535302000000001,0.0856416,0.0,0.18099462
D1_2024,D1,2024,tonne,"Resource use, fossils",MJ,,,,23.94,10.56,0.0,46.52414,42.89925,42.33106,1 kg N,1 kg P2O5,1 kg K2O,8_chara,9_chara,10_chara,,,,1113.7879116000001,453.01608000000004,0.0,1566.8039916000002
D1_2024,D1,2024,tonne,"Resource use, minerals and metals",kg Sb eq,,,,23.94,10.56,0.0,2.71e-05,5.39e-05,5.15e-05,1 kg N,1 kg P2O5,1 kg K2O,8_chara,9_chara,10_chara,,,,0.0006487740000000001,0.000569184,0.0,0.001217958
D1_2024,D1,2024,tonne,Water use,m3 depriv.,,,,23.94,10.56,0.0,0.21489,1.587446,1.186461,1 kg N,1 kg P2O5,1 kg K2O,8_chara,9_chara,10_chara,,,,5.1444666,16.76342976,0.0,21.907896360000002
D2_2022,D2,2022,tonne,Acidification,mol H+ eq,,,,117.08,60.98,60.98,0.057621,0.028972,0.018432,1 kg N,1 kg P2O5,1 kg K2O,8_chara,9_chara,10_chara,,,,6.74626668,1.76671256,1.12398336,9.6369626
D2_2022,D2,2022,tonne,Climate change,kg CO2 eq,,,,117.08,60.98,60.98,3.754282,2.846359,2.817321,1 kg N,1 kg P2O5,1 kg K2O,8_chara,9_chara,10_chara,,,,439.55133656,173.57097181999998,171.80023458,784.9225429599999
D2_2022,D2,2022,tonne,Climate change - Biogenic,kg CO2 eq,,,,117.08,60.98,60.98,0.001325,0.002609,0.002402,1 kg N,1 kg P2O5,1 kg K2O,8_chara,9_chara,10_chara,,,,0.155131,0.15909682,0.14647396,0.46070177999999995
D2_2022,D2,2022,tonne,Climate change - Fossil,kg CO2 eq,,,,117.08,60.98,60.98,3.752439,2.829413,2.809194,1 kg N,1 kg P2O5,1 kg K2O,8_chara,9_chara,10_chara,,,,439.33555812,172.53760474,171.30465012,783.17781298
D2_2022,D2,2022,tonne,Climate change - Land use and LU change,kg CO2 eq,,,,117.08,60.98,60.98,0.000518,0.014337,0.005725,1 kg N,1 kg P2O5,1 kg K2O,8_chara,9_chara,10_chara,,,,0.060647440000000004,0.87427026,0.3491105,1.2840281999999998
D2_2022,D2,2022,tonne,"Ecotoxicity, freshwater",CTUe,,,,117.08,60.98,60.98,24.51813,397.7709,2018.182,1 kg N,1 kg P2O5,1 kg K2O,8_chara,9_chara,10_chara,,,,2870.5826604,24256.069482,123068.73835999999,150195.3905024
D2_2022,D2,2022,tonne,"Ecotoxicity, freshwater - inorganics",CTUe,,,,117.08,60.98,60.98,7.823272,76.92257,397.7561,1 kg N,1 kg P2O5,1 kg K2O,8_chara,9_chara,10_chara,,,,915.94868576,4690.7383186,24255.166977999997,29861.853982359997
D2_2022,D2,2022,tonne,"Ecotoxicity, freshwater - metals",CTUe,,,,117.08,60.98,60.98,16.52071,320.1271,1619.55,1 kg N,1 kg P2O5,1 kg K2O,8_chara,9_chara,10_chara,,,,1934.2447268,19521.350558,98760.15899999999,120215.75428479999
D2_2022,D2,2022,tonne,"Ecotoxicity, freshwater - organics",CTUe,,,,117.08,60.98,60.98,0.174143,0.721252,0.87605,1 kg N,1 kg P2O5,1 kg K2O,8_chara,9_chara,10_chara,,,,20.388662439999997,43.981946959999995,53.421529,117.7921384
D2_2022,D2,2022,tonne,"Eutrophication, freshwater",kg P eq,,,,117.08,60.98,60.98,0.000222,0.000952,0.000618,1 kg N,1 kg P2O5,1 kg K2O,8_chara,9_chara,10_chara,,,,0.02599176,0.05805296,0.03768563999999999,0.12173036
D2_2022,D2,2022,tonne,"Eutrophication, marine",kg N eq,,,,117.08,60.98,60.98,0.002677,0.002767,0.002898,1 kg N,1 kg P2O5,1 kg K2O,8_chara,9_chara,10_chara,,,,0.31342316000000003,0.16873165999999998,0.17672004,0.65887486
D2_2022,D2,2022,tonne,"Eutrophication, terrestrial",mol N eq,,,,117.08,60.98,60.98,0.241389,0.052171,0.058383,1 kg N,1 kg P2O5,1 kg K2O,8_chara,9_chara,10_chara,,,,28.26182412,3.18138758,3.5601953399999995,35.00340704
D2_2022,D2,2022,tonne,"Human toxicity, cancer",CTUh,,,,117.08,60.98,60.98,5.34e-10,2.54e-09,1.77e-09,1 kg N,1 kg P2O5,1 kg K2O,8_chara,9_chara,10_chara,,,,6.252072e-08,1.548892e-07,1.079346e-07,3.2534452e-07
D2_2022,D2,2022,tonne,"Human toxicity, cancer - inorganics",CTUh,,,,117.08,60.98,60.98,0.0,6.21e-18,5.01e-18,1 kg N,1 kg P2O5,1 kg K2O,8_chara,9_chara,10_chara,,,,0.0,3.7868579999999996e-16,3.055098e-16,6.841956e-16
D2_2022,D2,2022,tonne,"Human toxicity, cancer - metals",CTUh,,,,117.08,60.98,60.98,3.5e-10,2.13e-09,1.34e-09,1 kg N,1 kg P2O5,1 kg K2O,8_chara,9_chara,10_chara,,,,4.0978e-08,1.298874e-07,8.17132e-08,2.525786e-07
D2_2022,D2,2022,tonne,"Human toxicity, cancer - organics",CTUh,,,,117.08,60.98,60.98,1.84e-10,4.05e-10,4.32e-10,1 kg N,1 kg P2O5,1 kg K2O,8_chara,9_chara,10_chara,,,,2.154272e-08,2.4696899999999997e-08,2.634336e-08,7.258297999999999e-08
D2_2022,D2,2022,tonne,"Human toxicity, non-cancer",CTUh,,,,117.08,60.98,60.98,2e-08,6.49e-08,9.9e-08,1 kg N,1 kg P2O5,1 kg K2O,8_chara,9_chara,10_chara,,,,2.3416e-06,3.9576020000000005e-06,6.03702e-06,1.2336222e-05
D2_2022,D2,2022,tonne,"Human toxicity, non-cancer - inorganics",CTUh,,,,117.08,60.98,60.98,1.72e-09,1.45e-08,6.51e-08,1 kg N,1 kg P2O5,1 kg K2O,8_chara,9_chara,10_chara,,,,2.013776e-07,8.8421e-07,3.969797999999999e-06,5.055385599999999e-06
D2_2022,D2,2022,tonne,"Human toxicity, non-cancer - metals",CTUh,,,,117.08,60.98,60.98,1.73e-08,4.89e-08,3.21e-08,1 kg N,1 kg P2O5,1 kg K2O,8_chara,9_chara,10_chara,,,,2.025484e-06,2.981922e-06,1.957458e-06,6.964864e-06
D2_2022,D2,2022,tonne,"Human toxicity, non-cancer - organics",CTUh,,,,117.08,60.98,60.98,1.35e-09,1.78e-09,2.01e-09,1 kg N,1 kg P2O5,1 kg K2O,8_chara,9_chara,10_chara,,,,1.58058e-07,1.085444e-07,1.2256979999999998e-07,3.8917219999999997e-07
D2_2022,D2,2022,tonne,Ionising radiation,kBq U-235 eq,,,,117.08,60.98,60.98,0.099841,0.337545,0.245573,1 kg N,1 kg P2O5,1 kg K2O,8_chara,9_chara,10_chara,,,,11.68938428,20.5834941,14.97504154,47.24791992
D2_2022,D2,2022,tonne,Land use,Pt,,,,117.08,60.98,60.98,2.291069,30.93982,25.134,1 kg N,1 kg P2O5,1 kg K2O,8_chara,9_chara,10_chara,,,,268.23835851999996,1886.7102236,1532.67132,3687.61990212
D2_2022,D2,2022,tonne,Ozone depletion,kg CFC11 eq,,,,117.08,60.98,60.98,3.58e-07,3.47e-07,3.94e-07,1 kg N,1 kg P2O5,1 kg K2O,8_chara,9_chara,10_chara,,,,4.191464e-05,2.116006e-05,2.4026119999999998e-05,8.710082e-05
D2_2022,D2,2022,tonne,Particulate matter,disease inc.,,,,117.08,60.98,60.98,3.99e-07,2.34e-07,2.27e-07,1 kg N,1 kg P2O5,1 kg K2O,8_chara,9_chara,10_chara,,,,4.6714920000000004e-05,1.4269319999999999e-05,1.3842459999999999e-05,7.48267e-05
D2_2022,D2,2022,tonne,Photochemical ozone formation,kg NMVOC eq,,,,117.08,60.98,60.98,0.003983,0.00811,0.007996,1 kg N,1 kg P2O5,1 kg K2O,8_chara,9_chara,10_chara,,,,0.46632964000000005,0.4945477999999999,0.48759607999999993,1.4484735199999998
D2_2022,D2,2022,tonne,"Resource use, fossils",MJ,,,,117.08,60.98,60.98,46.52414,42.89925,42.33106,1 kg N,1 kg P2O5,1 kg K2O,8_chara,9_chara,10_chara,,,,5447.046311200001,2615.996265,2581.3480388,10644.390615
D2_2022,D2,2022,tonne,"Resource use, minerals and metals",kg Sb eq,,,,117.08,60.98,60.98,2.71e-05,5.39e-05,5.15e-05,1 kg N,1 kg P2O5,1 kg K2O,8_chara,9_chara,10_chara,,,,0.003172868,0.003286822,0.00314047,0.00960016
D2_2022,D2,2022,tonne,Water use,m3 depriv.,,,,117.08,60.98,60.98,0.21489,1.587446,1.186461,1 kg N,1 kg P2O5,1 kg K2O,8_chara,9_chara,10_chara,,,,25.1593212,96.80245708,72.35039178,194.31217006
D2_2023,D2,2023,tonne,Acidification,mol H+ eq,,,,16.9,9.3,9.3,0.057621,0.028972,0.018432,1 kg N,1 kg P2O5,1 kg K2O,8_chara,9_chara,10_chara,,,,0.9737948999999999,0.26943960000000006,0.17141760000000003,1.4146521
D2_2023,D2,2023,tonne,Climate change,kg CO2 eq,,,,16.9,9.3,9.3,3.754282,2.846359,2.817321,1 kg N,1 kg P2O5,1 kg K2O,8_chara,9_chara,10_chara,,,,63.44736579999999,26.471138700000004,26.201085300000003,116.1195898
D2_2023,D2,2023,tonne,Climate change - Biogenic,kg CO2 eq,,,,16.9,9.3,9.3,0.001325,0.002609,0.002402,1 kg N,1 kg P2O5,1 kg K2O,8_chara,9_chara,10_chara,,,,0.0223925,0.024263700000000003,0.022338600000000004,0.06899480000000001
D2_2023,D2,2023,tonne,Climate change - Fossil,kg CO2 eq,,,,16.9,9.3,9.3,3.752439,2.829413,2.809194,1 kg N,1 kg P2O5,1 kg K2O,8_chara,9_chara,10_chara,,,,63.41621909999999,26.313540900000003,26.125504200000005,115.85526420000001
D2_2023,D2,2023,tonne,Climate change - Land use and LU change,kg CO2 eq,,,,16.9,9.3,9.3,0.000518,0.014337,0.005725,1 kg N,1 kg P2O5,1 kg K2O,8_chara,9_chara,10_chara,,,,0.0087542,0.1333341,0.053242500000000005,0.1953308
D2_2023,D2,2023,tonne,"Ecotoxicity, freshwater",CTUe,,,,16.9,9.3,9.3,24.51813,397.7709,2018.182,1 kg N,1 kg P2O5,1 kg K2O,8_chara,9_chara,10_chara,,,,414.35639699999996,3699.26937,18769.0926,22882.718367
D2_2023,D2,2023,tonne,"Ecotoxicity, freshwater - inorganics",CTUe,,,,16.9,9.3,9.3,7.823272,76.92257,397.7561,1 kg N,1 kg P2O5,1 kg K2O,8_chara,9_chara,10_chara,,,,132.2132968,715.379901,3699.1317300000005,4546.724927800001
D2_2023,D2,2023,tonne,"Ecotoxicity, freshwater - metals",CTUe,,,,16.9,9.3,9.3,16.52071,320.1271,1619.55,1 kg N,1 kg P2O5,1 kg K2O,8_chara,9_chara,10_chara,,,,279.199999,2977.18203,15061.815,18318.197029
D2_2023,D2,2023,tonne,"Ecotoxicity, freshwater - organics",CTUe,,,,16.9,9.3,9.3,0.174143,0.721252,0.87605,1 kg N,1 kg P2O5,1 kg K2O,8_chara,9_chara,10_chara,,,,2.9430167,6.707643600000001,8.147265,17.797925300000003
D2_2023,D2,2023,tonne,"Eutrophication, freshwater",kg P eq,,,,16.9,9.3,9.3,0.000222,0.000952,0.000618,1 kg N,1 kg P2O5,1 kg K2O,8_chara,9_chara,10_chara,,,,0.0037517999999999996,0.008853600000000001,0.0057474,0.018352800000000002
D2_2023,D2,2023,tonne,"Eutrophication, marine",kg N eq,,,,16.9,9.3,9.3,0.002677,0.002767,0.002898,1 kg N,1 kg P2O5,1 kg K2O,8_chara,9_chara,10_chara,,,,0.0452413,0.025733100000000002,0.0269514,0.0979258
D2_2023,D2,2023,tonne,"Eutrophication, terrestrial",mol N eq,,,,16.9,9.3,9.3,0.241389,0.052171,0.058383,1 kg N,1 kg P2O5,1 kg K2O,8_chara,9_chara,10_chara,,,,4.0794741,0.4851903000000001,0.5429619,5.1076263
D2_2023,D2,2023,tonne,"Human toxicity, cancer",CTUh,,,,16.9,9.3,9.3,5.34e-10,2.54e-09,1.77e-09,1 kg N,1 kg P2O5,1 kg K2O,8_chara,9_chara,10_chara,,,,9.0246e-09,2.3622e-08,1.6461e-08,4.91076e-08
D2_2023,D2,2023,tonne,"Human toxicity, cancer - inorganics",CTUh,,,,16.9,9.3,9.3,0.0,6.21e-18,5.01e-18,1 kg N,1 kg P2O5,1 kg K2O,8_chara,9_chara,10_chara,,,,0.0,5.7753e-17,4.6593000000000005e-17,1.0434600000000001e-16
D2_2023,D2,2023,tonne,"Human toxicity, cancer - metals",CTUh,,,,16.9,9.3,9.3,3.5e-10,2.13e-09,1.34e-09,1 kg N,1 kg P2O5,1 kg K2O,8_chara,9_chara,10_chara,,,,5.9149999999999995e-09,1.9809e-08,1.2462000000000001e-08,3.8186e-08
D2_2023,D2,2023,tonne,"Human toxicity, cancer - organics",CTUh,,,,16.9,9.3,9.3,1.84e-10,4.05e-10,4.32e-10,1 kg N,1 kg P2O5,1 kg K2O,8_chara,9_chara,10_chara,,,,3.1096e-09,3.7665e-09,4.017600000000001e-09,1.0893700000000002e-08
D2_2023,D2,2023,tonne,"Human toxicity, non-cancer",CTUh,,,,16.9,9.3,9.3,2e-08,6.49e-08,9.9e-08,1 kg N,1 kg P2O5,1 kg K2O,8_chara,9_chara,10_chara,,,,3.38e-07,6.0357e-07,9.207e-07,1.86227e-06
D2_2023,D2,2023,tonne,"Human toxicity, non-cancer - inorganics",CTUh,,,,16.9,9.3,9.3,1.72e-09,1.45e-08,6.51e-08,1 kg N,1 kg P2O5,1 kg K2O,8_chara,9_chara,10_chara,,,,2.9068e-08,1.3485000000000002e-07,6.0543e-07,7.69348e-07
D2_2023,D2,2023,tonne,"Human toxicity, non-cancer - metals",CTUh,,,,16.9,9.3,9.3,1.73e-08,4.89e-08,3.21e-08,1 kg N,1 kg P2O5,1 kg K2O,8_chara,9_chara,10_chara,,,,2.9236999999999996e-07,4.5477000000000004e-07,2.9853000000000007e-07,1.04567e-06
D2_2023,D2,2023,tonne,"Human toxicity, non-cancer - organics",CTUh,,,,16.9,9.3,9.3,1.35e-09,1.78e-09,2.01e-09,1 kg N,1 kg P2O5,1 kg K2O,8_chara,9_chara,10_chara,,,,2.2815e-08,1.6554e-08,1.8693e-08,5.8062e-08
D2_2023,D2,2023,tonne,Ionising radiation,kBq U-235 eq,,,,16.9,9.3,9.3,0.099841,0.337545,0.245573,1 kg N,1 kg P2O5,1 kg K2O,8_chara,9_chara,10_chara,,,,1.6873128999999998,3.1391685000000003,2.2838289000000005,7.110310300000001
D2_2023,D2,2023,tonne,Land use,Pt,,,,16.9,9.3,9.3,2.291069,30.93982,25.134,1 kg N,1 kg P2O5,1 kg K2O,8_chara,9_chara,10_chara,,,,38.71906609999999,287.74032600000004,233.74620000000002,560.2055921000001
D2_2023,D2,2023,tonne,Ozone depletion,kg CFC11 eq,,,,16.9,9.3,9.3,3.58e-07,3.47e-07,3.94e-07,1 kg N,1 kg P2O5,1 kg K2O,8_chara,9_chara,10_chara,,,,6.050199999999999e-06,3.2271000000000004e-06,3.6642000000000004e-06,1.2941500000000001e-05
D2_2023,D2,2023,tonne,Particulate matter,disease inc.,,,,16.9,9.3,9.3,3.99e-07,2.34e-07,2.27e-07,1 kg N,1 kg P2O5,1 kg K2O,8_chara,9_chara,10_chara,,,,6.7431e-06,2.1762e-06,2.1111000000000004e-06,1.10304e-05
D2_2023,D2,2023,tonne,Photochemical ozone formation,kg NMVOC eq,,,,16.9,9.3,9.3,0.003983,0.00811,0.007996,1 kg N,1 kg P2O5,1 kg K2O,8_chara,9_chara,10_chara,,,,0.0673127,0.075423,0.0743628,0.21709850000000003
D2_2023,D2,2023,tonne,"Resource use, fossils",MJ,,,,16.9,9.3,9.3,46.52414,42.89925,42.33106,1 kg N,1 kg P2O5,1 kg K2O,8_chara,9_chara,10_chara,,,,786.257966,398.9630250000001,393.67885800000005,1578.8998490000001
D2_2023,D2,2023,tonne,"Resource use, minerals and metals",kg Sb eq,,,,16.9,9.3,9.3,2.71e-05,5.39e-05,5.15e-05,1 kg N,1 kg P2O5,1 kg K2O,8_chara,9_chara,10_chara,,,,0.00045798999999999997,0.0005012700000000001,0.00047895,0.00143821
D2_2023,D2,2023,tonne,Water use,m3 depriv.,,,,16.9,9.3,9.3,0.21489,1.587446,1.186461,1 kg N,1 kg P2O5,1 kg K2O,8_chara,9_chara,10_chara,,,,3.6316409999999997,14.7632478,11.034087300000001,29.4289761
D2_2024,D2,2024,tonne,Acidification,mol H+ eq,,,,15.65,8.86,8.86,0.057621,0.028972,0.018432,1 kg N,1 kg P2O5,1 kg K2O,8_chara,9_chara,10_chara,,,,0.90176865,0.25669192,0.16330751999999998,1.32176809
D2_2024,D2,2024,tonne,Climate change,kg CO2 eq,,,,15.65,8.86,8.86,3.754282,2.846359,2.817321,1 kg N,1 kg P2O5,1 kg K2O,8_chara,9_chara,10_chara,,,,58.7545133,25.218740739999998,24.96146406,108.9347181
D2_2024,D2,2024,tonne,Climate change - Biogenic,kg CO2 eq,,,,15.65,8.86,8.86,0.001325,0.002609,0.002402,1 kg N,1 kg P2O5,1 kg K2O,8_chara,9_chara,10_chara,,,,0.02073625,0.02311574,0.02128172,0.06513371
D2_2024,D2,2024,tonne,Climate change - Fossil,kg CO2 eq,,,,15.65,8.86,8.86,3.752439,2.829413,2.809194,1 kg N,1 kg P2O5,1 kg K2O,8_chara,9_chara,10_chara,,,,58.72567035,25.06859918,24.88945884,108.68372837000001
D2_2024,D2,2024,tonne,Climate change - Land use and LU change,kg CO2 eq,,,,15.65,8.86,8.86,0.000518,0.014337,0.005725,1 kg N,1 kg P2O5,1 kg K2O,8_chara,9_chara,10_chara,,,,0.0081067,0.12702582,0.0507235,0.18585602
D2_2024,D2,2024,tonne,"Ecotoxicity, freshwater",CTUe,,,,15.65,8.86,8.86,24.51813,397.7709,2018.182,1 kg N,1 kg P2O5,1 kg K2O,8_chara,9_chara,10_chara,,,,383.7087345,3524.250174,17881.09252,21789.0514285
D2_2024,D2,2024,tonne,"Ecotoxicity, freshwater - inorganics",CTUe,,,,15.65,8.86,8.86,7.823272,76.92257,397.7561,1 kg N,1 kg P2O5,1 kg K2O,8_chara,9_chara,10_chara,,,,122.43420680000001,681.5339701999999,3524.119046,4328.0872229999995
D2_2024,D2,2024,tonne,"Ecotoxicity, freshwater - metals",CTUe,,,,15.65,8.86,8.86,16.52071,320.1271,1619.55,1 kg N,1 kg P2O5,1 kg K2O,8_chara,9_chara,10_chara,,,,258.54911150000004,2836.3261059999995,14349.212999999998,17444.088217499997
D2_2024,D2,2024,tonne,"Ecotoxicity, freshwater - organics",CTUe,,,,15.65,8.86,8.86,0.174143,0.721252,0.87605,1 kg N,1 kg P2O5,1 kg K2O,8_chara,9_chara,10_chara,,,,2.72533795,6.39029272,7.761803,16.87743367
D2_2024,D2,2024,tonne,"Eutrophication, freshwater",kg P eq,,,,15.65,8.86,8.86,0.000222,0.000952,0.000618,1 kg N,1 kg P2O5,1 kg K2O,8_chara,9_chara,10_chara,,,,0.0034743,0.00843472,0.00547548,0.017384499999999997
D2_2024,D2,2024,tonne,"Eutrophication, marine",kg N eq,,,,15.65,8.86,8.86,0.002677,0.002767,0.002898,1 kg N,1 kg P2O5,1 kg K2O,8_chara,9_chara,10_chara,,,,0.04189505,0.02451562,0.02567628,0.09208695
D2_2024,D2,2024,tonne,"Eutrophication, terrestrial",mol N eq,,,,15.65,8.86,8.86,0.241389,0.052171,0.058383,1 kg N,1 kg P2O5,1 kg K2O,8_chara,9_chara,10_chara,,,,3.77773785,0.46223506,0.5172733799999999,4.757246289999999
D2_2024,D2,2024,tonne,"Human toxicity, cancer",CTUh,,,,15.65,8.86,8.86,5.34e-10,2.54e-09,1.77e-09,1 kg N,1 kg P2O5,1 kg K2O,8_chara,9_chara,10_chara,,,,8.3571e-09,2.25044e-08,1.56822e-08,4.65437e-08
D2_2024,D2,2024,tonne,"Human toxicity, cancer - inorganics",CTUh,,,,15.65,8.86,8.86,0.0,6.21e-18,5.01e-18,1 kg N,1 kg P2O5,1 kg K2O,8_chara,9_chara,10_chara,,,,0.0,5.5020599999999995e-17,4.43886e-17,9.940919999999999e-17
D2_2024,D2,2024,tonne,"Human toxicity, cancer - metals",CTUh,,,,15.65,8.86,8.86,3.5e-10,2.13e-09,1.34e-09,1 kg N,1 kg P2O5,1 kg K2O,8_chara,9_chara,10_chara,,,,5.4775e-09,1.8871799999999998e-08,1.1872399999999999e-08,3.6221699999999995e-08
D2_2024,D2,2024,tonne,"Human toxicity, cancer - organics",CTUh,,,,15.65,8.86,8.86,1.84e-10,4.05e-10,4.32e-10,1 kg N,1 kg P2O5,1 kg K2O,8_chara,9_chara,10_chara,,,,2.8796000000000003e-09,3.5882999999999997e-09,3.82752e-09,1.0295419999999999e-08
D2_2024,D2,2024,tonne,"Human toxicity, non-cancer",CTUh,,,,15.65,8.86,8.86,2e-08,6.49e-08,9.9e-08,1 kg N,1 kg P2O5,1 kg K2O,8_chara,9_chara,10_chara,,,,3.13e-07,5.75014e-07,8.7714e-07,1.765154e-06
D2_2024,D2,2024,tonne,"Human toxicity, non-cancer - inorganics",CTUh,,,,15.65,8.86,8.86,1.72e-09,1.45e-08,6.51e-08,1 kg N,1 kg P2O5,1 kg K2O,8_chara,9_chara,10_chara,,,,2.6918e-08,1.2847e-07,5.76786e-07,7.32174e-07
D2_2024,D2,2024,tonne,"Human toxicity, non-cancer - metals",CTUh,,,,15.65,8.86,8.86,1.73e-08,4.89e-08,3.21e-08,1 kg N,1 kg P2O5,1 kg K2O,8_chara,9_chara,10_chara,,,,2.70745e-07,4.33254e-07,2.84406e-07,9.884049999999999e-07
D2_2024,D2,2024,tonne,"Human toxicity, non-cancer - organics",CTUh,,,,15.65,8.86,8.86,1.35e-09,1.78e-09,2.01e-09,1 kg N,1 kg P2O5,1 kg K2O,8_chara,9_chara,10_chara,,,,2.1127500000000002e-08,1.57708e-08,1.78086e-08,5.4706899999999996e-08
D2_2024,D2,2024,tonne,Ionising radiation,kBq U-235 eq,,,,15.65,8.86,8.86,0.099841,0.337545,0.245573,1 kg N,1 kg P2O5,1 kg K2O,8_chara,9_chara,10_chara,,,,1.56251165,2.9906486999999995,2.17577678,6.72893713
D2_2024,D2,2024,tonne,Land use,Pt,,,,15.65,8.86,8.86,2.291069,30.93982,25.134,1 kg N,1 kg P2O5,1 kg K2O,8_chara,9_chara,10_chara,,,,35.85522985,274.1268052,222.68724,532.66927505
D2_2024,D2,2024,tonne,Ozone depletion,kg CFC11 eq,,,,15.65,8.86,8.86,3.58e-07,3.47e-07,3.94e-07,1 kg N,1 kg P2O5,1 kg K2O,8_chara,9_chara,10_chara,,,,5.602700000000001e-06,3.07442e-06,3.49084e-06,1.216796e-05
D2_2024,D2,2024,tonne,Particulate matter,disease inc.,,,,15.65,8.86,8.86,3.99e-07,2.34e-07,2.27e-07,1 kg N,1 kg P2O5,1 kg K2O,8_chara,9_chara,10_chara,,,,6.244350000000001e-06,2.0732399999999997e-06,2.01122e-06,1.032881e-05
D2_2024,D2,2024,tonne,Photochemical ozone formation,kg NMVOC eq,,,,15.65,8.86,8.86,0.003983,0.00811,0.007996,1 kg N,1 kg P2O5,1 kg K2O,8_chara,9_chara,10_chara,,,,0.062333950000000006,0.07185459999999999,0.07084455999999999,0.20503310999999996
D2_2024,D2,2024,tonne,"Resource use, fossils",MJ,,,,15.65,8.86,8.86,46.52414,42.89925,42.33106,1 kg N,1 kg P2O5,1 kg K2O,8_chara,9_chara,10_chara,,,,728.102791,380.087355,375.0531916,1483.2433376
D2_2024,D2,2024,tonne,"Resource use, minerals and metals",kg Sb eq,,,,15.65,8.86,8.86,2.71e-05,5.39e-05,5.15e-05,1 kg N,1 kg P2O5,1 kg K2O,8_chara,9_chara,10_chara,,,,0.00042411500000000003,0.000477554,0.00045628999999999993,0.001357959
D2_2024,D2,2024,tonne,Water use,m3 depriv.,,,,15.65,8.86,8.86,0.21489,1.587446,1.186461,1 kg N,1 kg P2O5,1 kg K2O,8_chara,9_chara,10_chara,,,,3.3630285,14.064771559999999,10.512044459999998,27.939844519999998
NT1_2023,NT1,2023,tonne,Acidification,mol H+ eq,,,,13.81,8.51,0.0,0.057621,0.028972,0.018432,1 kg N,1 kg P2O5,1 kg K2O,8_chara,9_chara,10_chara,,,,0.79574601,0.24655172,0.0,1.04229773
NT1_2023,NT1,2023,tonne,Climate change,kg CO2 eq,,,,13.81,8.51,0.0,3.754282,2.846359,2.817321,1 kg N,1 kg P2O5,1 kg K2O,8_chara,9_chara,10_chara,,,,51.84663442,24.22251509,0.0,76.06914951
NT1_2023,NT1,2023,tonne,Climate change - Biogenic,kg CO2 eq,,,,13.81,8.51,0.0,0.001325,0.002609,0.002402,1 kg N,1 kg P2O5,1 kg K2O,8_chara,9_chara,10_chara,,,,0.018298250000000002,0.02220259,0.0,0.04050084
NT1_2023,NT1,2023,tonne,Climate change - Fossil,kg CO2 eq,,,,13.81,8.51,0.0,3.752439,2.829413,2.809194,1 kg N,1 kg P2O5,1 kg K2O,8_chara,9_chara,10_chara,,,,51.82118259,24.07830463,0.0,75.89948722
NT1_2023,NT1,2023,tonne,Climate change - Land use and LU change,kg CO2 eq,,,,13.81,8.51,0.0,0.000518,0.014337,0.005725,1 kg N,1 kg P2O5,1 kg K2O,8_chara,9_chara,10_chara,,,,0.0071535800000000005,0.12200787,0.0,0.12916145
NT1_2023,NT1,2023,tonne,"Ecotoxicity, freshwater",CTUe,,,,13.81,8.51,0.0,24.51813,397.7709,2018.182,1 kg N,1 kg P2O5,1 kg K2O,8_chara,9_chara,10_chara,,,,338.5953753,3385.030359,0.0,3723.6257342999997
NT1_2023,NT1,2023,tonne,"Ecotoxicity, freshwater - inorganics",CTUe,,,,13.81,8.51,0.0,7.823272,76.92257,397.7561,1 kg N,1 kg P2O5,1 kg K2O,8_chara,9_chara,10_chara,,,,108.03938632,654.6110706999999,0.0,762.65045702
NT1_2023,NT1,2023,tonne,"Ecotoxicity, freshwater - metals",CTUe,,,,13.81,8.51,0.0,16.52071,320.1271,1619.55,1 kg N,1 kg P2O5,1 kg K2O,8_chara,9_chara,10_chara,,,,228.15100510000002,2724.2816209999996,0.0,2952.4326260999997
NT1_2023,NT1,2023,tonne,"Ecotoxicity, freshwater - organics",CTUe,,,,13.81,8.51,0.0,0.174143,0.721252,0.87605,1 kg N,1 kg P2O5,1 kg K2O,8_chara,9_chara,10_chara,,,,2.40491483,6.13785452,0.0,8.54276935
NT1_2023,NT1,2023,tonne,"Eutrophication, freshwater",kg P eq,,,,13.81,8.51,0.0,0.000222,0.000952,0.000618,1 kg N,1 kg P2O5,1 kg K2O,8_chara,9_chara,10_chara,,,,0.0030658200000000004,0.008101520000000001,0.0,0.011167340000000001
NT1_2023,NT1,2023,tonne,"Eutrophication, marine",kg N eq,,,,13.81,8.51,0.0,0.002677,0.002767,0.002898,1 kg N,1 kg P2O5,1 kg K2O,8_chara,9_chara,10_chara,,,,0.03696937,0.02354717,0.0,0.06051654
NT1_2023,NT1,2023,tonne,"Eutrophication, terrestrial",mol N eq,,,,13.81,8.51,0.0,0.241389,0.052171,0.058383,1 kg N,1 kg P2O5,1 kg K2O,8_chara,9_chara,10_chara,,,,3.33358209,0.44397521,0.0,3.7775573000000002
NT1_2023,NT1,2023,tonne,"Human toxicity, cancer",CTUh,,,,13.81,8.51,0.0,5.34e-10,2.54e-09,1.77e-09,1 kg N,1 kg P2O5,1 kg K2O,8_chara,9_chara,10_chara,,,,7.3745400000000005e-09,2.1615399999999997e-08,0.0,2.8989939999999998e-08
NT1_2023,NT1,2023,tonne,"Human toxicity, cancer - inorganics",CTUh,,,,13.81,8.51,0.0,0.0,6.21e-18,5.01e-18,1 kg N,1 kg P2O5,1 kg K2O,8_chara,9_chara,10_chara,,,,0.0,5.2847099999999997e-17,0.0,5.2847099999999997e-17
NT1_2023,NT1,2023,tonne,"Human toxicity, cancer - metals",CTUh,,,,13.81,8.51,0.0,3.5e-10,2.13e-09,1.34e-09,1 kg N,1 kg P2O5,1 kg K2O,8_chara,9_chara,10_chara,,,,4.8335e-09,1.81263e-08,0.0,2.2959799999999998e-08
NT1_2023,NT1,2023,tonne,"Human toxicity, cancer - organics",CTUh,,,,13.81,8.51,0.0,1.84e-10,4.05e-10,4.32e-10,1 kg N,1 kg P2O5,1 kg K2O,8_chara,9_chara,10_chara,,,,2.54104e-09,3.44655e-09,0.0,5.98759e-09
NT1_2023,NT1,2023,tonne,"Human toxicity, non-cancer",CTUh,,,,13.81,8.51,0.0,2e-08,6.49e-08,9.9e-08,1 kg N,1 kg P2O5,1 kg K2O,8_chara,9_chara,10_chara,,,,2.762e-07,5.522990000000001e-07,0.0,8.284990000000001e-07
NT1_2023,NT1,2023,tonne,"Human toxicity, non-cancer - inorganics",CTUh,,,,13.81,8.51,0.0,1.72e-09,1.45e-08,6.51e-08,1 kg N,1 kg P2O5,1 kg K2O,8_chara,9_chara,10_chara,,,,2.3753200000000002e-08,1.23395e-07,0.0,1.471482e-07
NT1_2023,NT1,2023,tonne,"Human toxicity, non-cancer - metals",CTUh,,,,13.81,8.51,0.0,1.73e-08,4.89e-08,3.21e-08,1 kg N,1 kg P2O5,1 kg K2O,8_chara,9_chara,10_chara,,,,2.38913e-07,4.16139e-07,0.0,6.55052e-07
NT1_2023,NT1,2023,tonne,"Human toxicity, non-cancer - organics",CTUh,,,,13.81,8.51,0.0,1.35e-09,1.78e-09,2.01e-09,1 kg N,1 kg P2O5,1 kg K2O,8_chara,9_chara,10_chara,,,,1.86435e-08,1.51478e-08,0.0,3.3791300000000004e-08
NT1_2023,NT1,2023,tonne,Ionising radiation,kBq U-235 eq,,,,13.81,8.51,0.0,0.099841,0.337545,0.245573,1 kg N,1 kg P2O5,1 kg K2O,8_chara,9_chara,10_chara,,,,1.37880421,2.8725079499999997,0.0,4.2513121599999995
NT1_2023,NT1,2023,tonne,Land use,Pt,,,,13.81,8.51,0.0,2.291069,30.93982,25.134,1 kg N,1 kg P2O5,1 kg K2O,8_chara,9_chara,10_chara,,,,31.639662889999997,263.2978682,0.0,294.93753109
NT1_2023,NT1,2023,tonne,Ozone depletion,kg CFC11 eq,,,,13.81,8.51,0.0,3.58e-07,3.47e-07,3.94e-07,1 kg N,1 kg P2O5,1 kg K2O,8_chara,9_chara,10_chara,,,,4.94398e-06,2.95297e-06,0.0,7.896949999999999e-06
NT1_2023,NT1,2023,tonne,Particulate matter,disease inc.,,,,13.81,8.51,0.0,3.99e-07,2.34e-07,2.27e-07,1 kg N,1 kg P2O5,1 kg K2O,8_chara,9_chara,10_chara,,,,5.51019e-06,1.99134e-06,0.0,7.5015300000000005e-06
NT1_2023,NT1,2023,tonne,Photochemical ozone formation,kg NMVOC eq,,,,13.81,8.51,0.0,0.003983,0.00811,0.007996,1 kg N,1 kg P2O5,1 kg K2O,8_chara,9_chara,10_chara,,,,0.05500523000000001,0.0690161,0.0,0.12402133000000001
NT1_2023,NT1,2023,tonne,"Resource use, fossils",MJ,,,,13.81,8.51,0.0,46.52414,42.89925,42.33106,1 kg N,1 kg P2O5,1 kg K2O,8_chara,9_chara,10_chara,,,,642.4983734000001,365.07261750000004,0.0,1007.5709909000002
NT1_2023,NT1,2023,tonne,"Resource use, minerals and metals",kg Sb eq,,,,13.81,8.51,0.0,2.71e-05,5.39e-05,5.15e-05,1 kg N,1 kg P2O5,1 kg K2O,8_chara,9_chara,10_chara,,,,0.00037425100000000003,0.000458689,0.0,0.0008329400000000001
NT1_2023,NT1,2023,tonne,Water use,m3 depriv.,,,,13.81,8.51,0.0,0.21489,1.587446,1.186461,1 kg N,1 kg P2O5,1 kg K2O,8_chara,9_chara,10_chara,,,,2.9676309,13.509165459999998,0.0,16.476796359999998
NT1_2024,NT1,2024,tonne,Acidification,mol H+ eq,,,,29.18,16.24,6.96,0.057621,0.028972,0.018432,1 kg N,1 kg P2O5,1 kg K2O,8_chara,9_chara,10_chara,,,,1.68138078,0.47050527999999997,0.12828672,2.28017278
NT1_2024,NT1,2024,tonne,Climate change,kg CO2 eq,,,,29.18,16.24,6.96,3.754282,2.846359,2.817321,1 kg N,1 kg P2O5,1 kg K2O,8_chara,9_chara,10_chara,,,,109.54994875999999,46.224870159999995,19.60855416,175.38337307999998
NT1_2024,NT1,2024,tonne,Climate change - Biogenic,kg CO2 eq,,,,29.18,16.24,6.96,0.001325,0.002609,0.002402,1 kg N,1 kg P2O5,1 kg K2O,8_chara,9_chara,10_chara,,,,0.038663499999999996,0.04237016,0.01671792,0.09775157999999999
NT1_2024,NT1,2024,tonne,Climate change - Fossil,kg CO2 eq,,,,29.18,16.24,6.96,3.752439,2.829413,2.809194,1 kg N,1 kg P2O5,1 kg K2O,8_chara,9_chara,10_chara,,,,109.49617002,45.94966712,19.551990240000002,174.99782738
NT1_2024,NT1,2024,tonne,Climate change - Land use and LU change,kg CO2 eq,,,,29.18,16.24,6.96,0.000518,0.014337,0.005725,1 kg N,1 kg P2O5,1 kg K2O,8_chara,9_chara,10_chara,,,,0.01511524,0.23283288,0.039846,0.28779412
NT1_2024,NT1,2024,tonne,"Ecotoxicity, freshwater",CTUe,,,,29.18,16.24,6.96,24.51813,397.7709,2018.182,1 kg N,1 kg P2O5,1 kg K2O,8_chara,9_chara,10_chara,,,,715.4390334,6459.799415999999,14046.54672,21221.7851694
NT1_2024,NT1,2024,tonne,"Ecotoxicity, freshwater - inorganics",CTUe,,,,29.18,16.24,6.96,7.823272,76.92257,397.7561,1 kg N,1 kg P2O5,1 kg K2O,8_chara,9_chara,10_chara,,,,228.28307696000002,1249.2225367999997,2768.382456,4245.88806976
NT1_2024,NT1,2024,tonne,"Ecotoxicity, freshwater - metals",CTUe,,,,29.18,16.24,6.96,16.52071,320.1271,1619.55,1 kg N,1 kg P2O5,1 kg K2O,8_chara,9_chara,10_chara,,,,482.0743178,5198.864103999999,11272.068,16953.006421799997
NT1_2024,NT1,2024,tonne,"Ecotoxicity, freshwater - organics",CTUe,,,,29.18,16.24,6.96,0.174143,0.721252,0.87605,1 kg N,1 kg P2O5,1 kg K2O,8_chara,9_chara,10_chara,,,,5.08149274,11.713132479999999,6.097308,22.89193322
NT1_2024,NT1,2024,tonne,"Eutrophication, freshwater",kg P eq,,,,29.18,16.24,6.96,0.000222,0.000952,0.000618,1 kg N,1 kg P2O5,1 kg K2O,8_chara,9_chara,10_chara,,,,0.00647796,0.015460479999999999,0.004301279999999999,0.026239719999999994
NT1_2024,NT1,2024,tonne,"Eutrophication, marine",kg N eq,,,,29.18,16.24,6.96,0.002677,0.002767,0.002898,1 kg N,1 kg P2O5,1 kg K2O,8_chara,9_chara,10_chara,,,,0.07811486000000001,0.044936079999999996,0.02017008,0.14322102
NT1_2024,NT1,2024,tonne,"Eutrophication, terrestrial",mol N eq,,,,29.18,16.24,6.96,0.241389,0.052171,0.058383,1 kg N,1 kg P2O5,1 kg K2O,8_chara,9_chara,10_chara,,,,7.04373102,0.8472570399999999,0.40634568,8.29733374
NT1_2024,NT1,2024,tonne,"Human toxicity, cancer",CTUh,,,,29.18,16.24,6.96,5.34e-10,2.54e-09,1.77e-09,1 kg N,1 kg P2O5,1 kg K2O,8_chara,9_chara,10_chara,,,,1.558212e-08,4.1249599999999994e-08,1.23192e-08,6.915092e-08
NT1_2024,NT1,2024,tonne,"Human toxicity, cancer - inorganics",CTUh,,,,29.18,16.24,6.96,0.0,6.21e-18,5.01e-18,1 kg N,1 kg P2O5,1 kg K2O,8_chara,9_chara,10_chara,,,,0.0,1.0085039999999999e-16,3.4869600000000004e-17,1.3572e-16
NT1_2024,NT1,2024,tonne,"Human toxicity, cancer - metals",CTUh,,,,29.18,16.24,6.96,3.5e-10,2.13e-09,1.34e-09,1 kg N,1 kg P2O5,1 kg K2O,8_chara,9_chara,10_chara,,,,1.0212999999999999e-08,3.459119999999999e-08,9.326399999999999e-09,5.413059999999999e-08
NT1_2024,NT1,2024,tonne,"Human toxicity, cancer - organics",CTUh,,,,29.18,16.24,6.96,1.84e-10,4.05e-10,4.32e-10,1 kg N,1 kg P2O5,1 kg K2O,8_chara,9_chara,10_chara,,,,5.36912e-09,6.577199999999999e-09,3.00672e-09,1.495304e-08
NT1_2024,NT1,2024,tonne,"Human toxicity, non-cancer",CTUh,,,,29.18,16.24,6.96,2e-08,6.49e-08,9.9e-08,1 kg N,1 kg P2O5,1 kg K2O,8_chara,9_chara,10_chara,,,,5.836e-07,1.053976e-06,6.8904e-07,2.326616e-06
NT1_2024,NT1,2024,tonne,"Human toxicity, non-cancer - inorganics",CTUh,,,,29.18,16.24,6.96,1.72e-09,1.45e-08,6.51e-08,1 kg N,1 kg P2O5,1 kg K2O,8_chara,9_chara,10_chara,,,,5.01896e-08,2.3548e-07,4.5309599999999994e-07,7.387656e-07
NT1_2024,NT1,2024,tonne,"Human toxicity, non-cancer - metals",CTUh,,,,29.18,16.24,6.96,1.73e-08,4.89e-08,3.21e-08,1 kg N,1 kg P2O5,1 kg K2O,8_chara,9_chara,10_chara,,,,5.04814e-07,7.94136e-07,2.2341600000000002e-07,1.5223660000000001e-06
NT1_2024,NT1,2024,tonne,"Human toxicity, non-cancer - organics",CTUh,,,,29.18,16.24,6.96,1.35e-09,1.78e-09,2.01e-09,1 kg N,1 kg P2O5,1 kg K2O,8_chara,9_chara,10_chara,,,,3.9393e-08,2.89072e-08,1.39896e-08,8.228980000000001e-08
NT1_2024,NT1,2024,tonne,Ionising radiation,kBq U-235 eq,,,,29.18,16.24,6.96,0.099841,0.337545,0.245573,1 kg N,1 kg P2O5,1 kg K2O,8_chara,9_chara,10_chara,,,,2.91336038,5.481730799999999,1.70918808,10.10427926
NT1_2024,NT1,2024,tonne,Land use,Pt,,,,29.18,16.24,6.96,2.291069,30.93982,25.134,1 kg N,1 kg P2O5,1 kg K2O,8_chara,9_chara,10_chara,,,,66.85339341999999,502.46267679999994,174.93264,744.2487102199999
NT1_2024,NT1,2024,tonne,Ozone depletion,kg CFC11 eq,,,,29.18,16.24,6.96,3.58e-07,3.47e-07,3.94e-07,1 kg N,1 kg P2O5,1 kg K2O,8_chara,9_chara,10_chara,,,,1.044644e-05,5.6352799999999995e-06,2.74224e-06,1.882396e-05
NT1_2024,NT1,2024,tonne,Particulate matter,disease inc.,,,,29.18,16.24,6.96,3.99e-07,2.34e-07,2.27e-07,1 kg N,1 kg P2O5,1 kg K2O,8_chara,9_chara,10_chara,,,,1.164282e-05,3.80016e-06,1.57992e-06,1.70229e-05
NT1_2024,NT1,2024,tonne,Photochemical ozone formation,kg NMVOC eq,,,,29.18,16.24,6.96,0.003983,0.00811,0.007996,1 kg N,1 kg P2O5,1 kg K2O,8_chara,9_chara,10_chara,,,,0.11622394000000001,0.13170639999999997,0.05565216,0.3035825
NT1_2024,NT1,2024,tonne,"Resource use, fossils",MJ,,,,29.18,16.24,6.96,46.52414,42.89925,42.33106,1 kg N,1 kg P2O5,1 kg K2O,8_chara,9_chara,10_chara,,,,1357.5744052,696.68382,294.6241776,2348.8824028000004
NT1_2024,NT1,2024,tonne,"Resource use, minerals and metals",kg Sb eq,,,,29.18,16.24,6.96,2.71e-05,5.39e-05,5.15e-05,1 kg N,1 kg P2O5,1 kg K2O,8_chara,9_chara,10_chara,,,,0.000790778,0.000875336,0.00035843999999999996,0.002024554
NT1_2024,NT1,2024,tonne,Water use,m3 depriv.,,,,29.18,16.24,6.96,0.21489,1.587446,1.186461,1 kg N,1 kg P2O5,1 kg K2O,8_chara,9_chara,10_chara,,,,6.2704902,25.780123039999996,8.25776856,40.3083818
NT2_2022,NT2,2022,tonne,Acidification,mol H+ eq,,,,27.92,13.9,13.9,0.057621,0.028972,0.018432,1 kg N,1 kg P2O5,1 kg K2O,8_chara,9_chara,10_chara,,,,1.60877832,0.40271080000000004,0.2562048,2.26769392
NT2_2022,NT2,2022,tonne,Climate change,kg CO2 eq,,,,27.92,13.9,13.9,3.754282,2.846359,2.817321,1 kg N,1 kg P2O5,1 kg K2O,8_chara,9_chara,10_chara,,,,104.81955344,39.564390100000004,39.160761900000004,183.54470544000003
NT2_2022,NT2,2022,tonne,Climate change - Biogenic,kg CO2 eq,,,,27.92,13.9,13.9,0.001325,0.002609,0.002402,1 kg N,1 kg P2O5,1 kg K2O,8_chara,9_chara,10_chara,,,,0.036994,0.0362651,0.0333878,0.10664689999999999
NT2_2022,NT2,2022,tonne,Climate change - Fossil,kg CO2 eq,,,,27.92,13.9,13.9,3.752439,2.829413,2.809194,1 kg N,1 kg P2O5,1 kg K2O,8_chara,9_chara,10_chara,,,,104.76809688,39.3288407,39.047796600000005,183.14473418
NT2_2022,NT2,2022,tonne,Climate change - Land use and LU change,kg CO2 eq,,,,27.92,13.9,13.9,0.000518,0.014337,0.005725,1 kg N,1 kg P2O5,1 kg K2O,8_chara,9_chara,10_chara,,,,0.014462560000000001,0.19928430000000003,0.07957750000000001,0.29332436000000006
NT2_2022,NT2,2022,tonne,"Ecotoxicity, freshwater",CTUe,,,,27.92,13.9,13.9,24.51813,397.7709,2018.182,1 kg N,1 kg P2O5,1 kg K2O,8_chara,9_chara,10_chara,,,,684.5461896,5529.01551,28052.7298,34266.2914996
NT2_2022,NT2,2022,tonne,"Ecotoxicity, freshwater - inorganics",CTUe,,,,27.92,13.9,13.9,7.823272,76.92257,397.7561,1 kg N,1 kg P2O5,1 kg K2O,8_chara,9_chara,10_chara,,,,218.42575424000003,1069.2237229999998,5528.80979,6816.45926724
NT2_2022,NT2,2022,tonne,"Ecotoxicity, freshwater - metals",CTUe,,,,27.92,13.9,13.9,16.52071,320.1271,1619.55,1 kg N,1 kg P2O5,1 kg K2O,8_chara,9_chara,10_chara,,,,461.25822320000003,4449.7666899999995,22511.745,27422.769913199998
NT2_2022,NT2,2022,tonne,"Ecotoxicity, freshwater - organics",CTUe,,,,27.92,13.9,13.9,0.174143,0.721252,0.87605,1 kg N,1 kg P2O5,1 kg K2O,8_chara,9_chara,10_chara,,,,4.86207256,10.0254028,12.177095,27.064570359999998
NT2_2022,NT2,2022,tonne,"Eutrophication, freshwater",kg P eq,,,,27.92,13.9,13.9,0.000222,0.000952,0.000618,1 kg N,1 kg P2O5,1 kg K2O,8_chara,9_chara,10_chara,,,,0.006198240000000001,0.013232800000000001,0.0085902,0.028021240000000003
NT2_2022,NT2,2022,tonne,"Eutrophication, marine",kg N eq,,,,27.92,13.9,13.9,0.002677,0.002767,0.002898,1 kg N,1 kg P2O5,1 kg K2O,8_chara,9_chara,10_chara,,,,0.07474184,0.0384613,0.0402822,0.15348534
NT2_2022,NT2,2022,tonne,"Eutrophication, terrestrial",mol N eq,,,,27.92,13.9,13.9,0.241389,0.052171,0.058383,1 kg N,1 kg P2O5,1 kg K2O,8_chara,9_chara,10_chara,,,,6.73958088,0.7251769,0.8115237,8.27628148
NT2_2022,NT2,2022,tonne,"Human toxicity, cancer",CTUh,,,,27.92,13.9,13.9,5.34e-10,2.54e-09,1.77e-09,1 kg N,1 kg P2O5,1 kg K2O,8_chara,9_chara,10_chara,,,,1.490928e-08,3.5306e-08,2.4603000000000002e-08,7.481828e-08
NT2_2022,NT2,2022,tonne,"Human toxicity, cancer - inorganics",CTUh,,,,27.92,13.9,13.9,0.0,6.21e-18,5.01e-18,1 kg N,1 kg P2O5,1 kg K2O,8_chara,9_chara,10_chara,,,,0.0,8.6319e-17,6.9639e-17,1.55958e-16
NT2_2022,NT2,2022,tonne,"Human toxicity, cancer - metals",CTUh,,,,27.92,13.9,13.9,3.5e-10,2.13e-09,1.34e-09,1 kg N,1 kg P2O5,1 kg K2O,8_chara,9_chara,10_chara,,,,9.772e-09,2.9607e-08,1.8626e-08,5.8004999999999996e-08
NT2_2022,NT2,2022,tonne,"Human toxicity, cancer - organics",CTUh,,,,27.92,13.9,13.9,1.84e-10,4.05e-10,4.32e-10,1 kg N,1 kg P2O5,1 kg K2O,8_chara,9_chara,10_chara,,,,5.137280000000001e-09,5.6295e-09,6.004800000000001e-09,1.677158e-08
NT2_2022,NT2,2022,tonne,"Human toxicity, non-cancer",CTUh,,,,27.92,13.9,13.9,2e-08,6.49e-08,9.9e-08,1 kg N,1 kg P2O5,1 kg K2O,8_chara,9_chara,10_chara,,,,5.584e-07,9.021100000000001e-07,1.3761e-06,2.83661e-06
NT2_2022,NT2,2022,tonne,"Human toxicity, non-cancer - inorganics",CTUh,,,,27.92,13.9,13.9,1.72e-09,1.45e-08,6.51e-08,1 kg N,1 kg P2O5,1 kg K2O,8_chara,9_chara,10_chara,,,,4.8022400000000007e-08,2.0155000000000003e-07,9.048899999999999e-07,1.1544624e-06
NT2_2022,NT2,2022,tonne,"Human toxicity, non-cancer - metals",CTUh,,,,27.92,13.9,13.9,1.73e-08,4.89e-08,3.21e-08,1 kg N,1 kg P2O5,1 kg K2O,8_chara,9_chara,10_chara,,,,4.83016e-07,6.7971e-07,4.4619000000000005e-07,1.608916e-06
NT2_2022,NT2,2022,tonne,"Human toxicity, non-cancer - organics",CTUh,,,,27.92,13.9,13.9,1.35e-09,1.78e-09,2.01e-09,1 kg N,1 kg P2O5,1 kg K2O,8_chara,9_chara,10_chara,,,,3.7692000000000004e-08,2.4742e-08,2.7939e-08,9.0373e-08
NT2_2022,NT2,2022,tonne,Ionising radiation,kBq U-235 eq,,,,27.92,13.9,13.9,0.099841,0.337545,0.245573,1 kg N,1 kg P2O5,1 kg K2O,8_chara,9_chara,10_chara,,,,2.78756072,4.6918755,3.4134647000000005,10.89290092
NT2_2022,NT2,2022,tonne,Land use,Pt,,,,27.92,13.9,13.9,2.291069,30.93982,25.134,1 kg N,1 kg P2O5,1 kg K2O,8_chara,9_chara,10_chara,,,,63.96664648,430.06349800000004,349.3626,843.39274448
NT2_2022,NT2,2022,tonne,Ozone depletion,kg CFC11 eq,,,,27.92,13.9,13.9,3.58e-07,3.47e-07,3.94e-07,1 kg N,1 kg P2O5,1 kg K2O,8_chara,9_chara,10_chara,,,,9.995360000000001e-06,4.8233e-06,5.4766e-06,2.0295260000000003e-05
NT2_2022,NT2,2022,tonne,Particulate matter,disease inc.,,,,27.92,13.9,13.9,3.99e-07,2.34e-07,2.27e-07,1 kg N,1 kg P2O5,1 kg K2O,8_chara,9_chara,10_chara,,,,1.114008e-05,3.2526e-06,3.1553e-06,1.754798e-05
NT2_2022,NT2,2022,tonne,Photochemical ozone formation,kg NMVOC eq,,,,27.92,13.9,13.9,0.003983,0.00811,0.007996,1 kg N,1 kg P2O5,1 kg K2O,8_chara,9_chara,10_chara,,,,0.11120536000000002,0.112729,0.1111444,0.33507876000000003
NT2_2022,NT2,2022,tonne,"Resource use, fossils",MJ,,,,27.92,13.9,13.9,46.52414,42.89925,42.33106,1 kg N,1 kg P2O5,1 kg K2O,8_chara,9_chara,10_chara,,,,1298.9539888000002,596.299575,588.401734,2483.6552978
NT2_2022,NT2,2022,tonne,"Resource use, minerals and metals",kg Sb eq,,,,27.92,13.9,13.9,2.71e-05,5.39e-05,5.15e-05,1 kg N,1 kg P2O5,1 kg K2O,8_chara,9_chara,10_chara,,,,0.0007566320000000001,0.00074921,0.00071585,0.0022216920000000004
NT2_2022,NT2,2022,tonne,Water use,m3 depriv.,,,,27.92,13.9,13.9,0.21489,1.587446,1.186461,1 kg N,1 kg P2O5,1 kg K2O,8_chara,9_chara,10_chara,,,,5.999728800000001,22.0654994,16.4918079,44.557036100000005
NT2_2023,NT2,2023,tonne,Acidification,mol H+ eq,,,,17.72,5.13,5.13,0.057621,0.028972,0.018432,1 kg N,1 kg P2O5,1 kg K2O,8_chara,9_chara,10_chara,,,,1.02104412,0.14862636,0.09455616,1.26422664
NT2_2023,NT2,2023,tonne,Climate change,kg CO2 eq,,,,17.72,5.13,5.13,3.754282,2.846359,2.817321,1 kg N,1 kg P2O5,1 kg K2O,8_chara,9_chara,10_chara,,,,66.52587704,14.60182167,14.45285673,95.58055544000001
NT2_2023,NT2,2023,tonne,Climate change - Biogenic,kg CO2 eq,,,,17.72,5.13,5.13,0.001325,0.002609,0.002402,1 kg N,1 kg P2O5,1 kg K2O,8_chara,9_chara,10_chara,,,,0.023479,0.01338417,0.01232226,0.04918543
NT2_2023,NT2,2023,tonne,Climate change - Fossil,kg CO2 eq,,,,17.72,5.13,5.13,3.752439,2.829413,2.809194,1 kg N,1 kg P2O5,1 kg K2O,8_chara,9_chara,10_chara,,,,66.49321907999999,14.514888690000001,14.41116522,95.41927299
NT2_2023,NT2,2023,tonne,Climate change - Land use and LU change,kg CO2 eq,,,,17.72,5.13,5.13,0.000518,0.014337,0.005725,1 kg N,1 kg P2O5,1 kg K2O,8_chara,9_chara,10_chara,,,,0.00917896,0.07354881,0.02936925,0.11209702
NT2_2023,NT2,2023,tonne,"Ecotoxicity, freshwater",CTUe,,,,17.72,5.13,5.13,24.51813,397.7709,2018.182,1 kg N,1 kg P2O5,1 kg K2O,8_chara,9_chara,10_chara,,,,434.46126359999994,2040.564717,10353.27366,12828.2996406
NT2_2023,NT2,2023,tonne,"Ecotoxicity, freshwater - inorganics",CTUe,,,,17.72,5.13,5.13,7.823272,76.92257,397.7561,1 kg N,1 kg P2O5,1 kg K2O,8_chara,9_chara,10_chara,,,,138.62837984,394.61278409999994,2040.488793,2573.72995694
NT2_2023,NT2,2023,tonne,"Ecotoxicity, freshwater - metals",CTUe,,,,17.72,5.13,5.13,16.52071,320.1271,1619.55,1 kg N,1 kg P2O5,1 kg K2O,8_chara,9_chara,10_chara,,,,292.7469812,1642.2520229999998,8308.2915,10243.290504199998
NT2_2023,NT2,2023,tonne,"Ecotoxicity, freshwater - organics",CTUe,,,,17.72,5.13,5.13,0.174143,0.721252,0.87605,1 kg N,1 kg P2O5,1 kg K2O,8_chara,9_chara,10_chara,,,,3.08581396,3.70002276,4.4941365,11.279973219999999
NT2_2023,NT2,2023,tonne,"Eutrophication, freshwater",kg P eq,,,,17.72,5.13,5.13,0.000222,0.000952,0.000618,1 kg N,1 kg P2O5,1 kg K2O,8_chara,9_chara,10_chara,,,,0.00393384,0.00488376,0.00317034,0.011987939999999999
NT2_2023,NT2,2023,tonne,"Eutrophication, marine",kg N eq,,,,17.72,5.13,5.13,0.002677,0.002767,0.002898,1 kg N,1 kg P2O5,1 kg K2O,8_chara,9_chara,10_chara,,,,0.047436439999999996,0.01419471,0.01486674,0.07649789
NT2_2023,NT2,2023,tonne,"Eutrophication, terrestrial",mol N eq,,,,17.72,5.13,5.13,0.241389,0.052171,0.058383,1 kg N,1 kg P2O5,1 kg K2O,8_chara,9_chara,10_chara,,,,4.27741308,0.26763723,0.29950478999999997,4.8445551
NT2_2023,NT2,2023,tonne,"Human toxicity, cancer",CTUh,,,,17.72,5.13,5.13,5.34e-10,2.54e-09,1.77e-09,1 kg N,1 kg P2O5,1 kg K2O,8_chara,9_chara,10_chara,,,,9.46248e-09,1.3030199999999999e-08,9.0801e-09,3.157278e-08
NT2_2023,NT2,2023,tonne,"Human toxicity, cancer - inorganics",CTUh,,,,17.72,5.13,5.13,0.0,6.21e-18,5.01e-18,1 kg N,1 kg P2O5,1 kg K2O,8_chara,9_chara,10_chara,,,,0.0,3.18573e-17,2.57013e-17,5.75586e-17
NT2_2023,NT2,2023,tonne,"Human toxicity, cancer - metals",CTUh,,,,17.72,5.13,5.13,3.5e-10,2.13e-09,1.34e-09,1 kg N,1 kg P2O5,1 kg K2O,8_chara,9_chara,10_chara,,,,6.201999999999999e-09,1.0926899999999999e-08,6.874199999999999e-09,2.40031e-08
NT2_2023,NT2,2023,tonne,"Human toxicity, cancer - organics",CTUh,,,,17.72,5.13,5.13,1.84e-10,4.05e-10,4.32e-10,1 kg N,1 kg P2O5,1 kg K2O,8_chara,9_chara,10_chara,,,,3.26048e-09,2.0776499999999997e-09,2.21616e-09,7.554289999999999e-09
NT2_2023,NT2,2023,tonne,"Human toxicity, non-cancer",CTUh,,,,17.72,5.13,5.13,2e-08,6.49e-08,9.9e-08,1 kg N,1 kg P2O5,1 kg K2O,8_chara,9_chara,10_chara,,,,3.544e-07,3.3293700000000004e-07,5.0787e-07,1.195207e-06
NT2_2023,NT2,2023,tonne,"Human toxicity, non-cancer - inorganics",CTUh,,,,17.72,5.13,5.13,1.72e-09,1.45e-08,6.51e-08,1 kg N,1 kg P2O5,1 kg K2O,8_chara,9_chara,10_chara,,,,3.04784e-08,7.4385e-08,3.33963e-07,4.388264e-07
NT2_2023,NT2,2023,tonne,"Human toxicity, non-cancer - metals",CTUh,,,,17.72,5.13,5.13,1.73e-08,4.89e-08,3.21e-08,1 kg N,1 kg P2O5,1 kg K2O,8_chara,9_chara,10_chara,,,,3.0655599999999996e-07,2.50857e-07,1.64673e-07,7.220859999999999e-07
NT2_2023,NT2,2023,tonne,"Human toxicity, non-cancer - organics",CTUh,,,,17.72,5.13,5.13,1.35e-09,1.78e-09,2.01e-09,1 kg N,1 kg P2O5,1 kg K2O,8_chara,9_chara,10_chara,,,,2.3922e-08,9.1314e-09,1.0311299999999999e-08,4.33647e-08
NT2_2023,NT2,2023,tonne,Ionising radiation,kBq U-235 eq,,,,17.72,5.13,5.13,0.099841,0.337545,0.245573,1 kg N,1 kg P2O5,1 kg K2O,8_chara,9_chara,10_chara,,,,1.76918252,1.7316058499999998,1.25978949,4.76057786
NT2_2023,NT2,2023,tonne,Land use,Pt,,,,17.72,5.13,5.13,2.291069,30.93982,25.134,1 kg N,1 kg P2O5,1 kg K2O,8_chara,9_chara,10_chara,,,,40.597742679999996,158.7212766,128.93742,328.25643928
NT2_2023,NT2,2023,tonne,Ozone depletion,kg CFC11 eq,,,,17.72,5.13,5.13,3.58e-07,3.47e-07,3.94e-07,1 kg N,1 kg P2O5,1 kg K2O,8_chara,9_chara,10_chara,,,,6.34376e-06,1.7801100000000002e-06,2.02122e-06,1.014509e-05
NT2_2023,NT2,2023,tonne,Particulate matter,disease inc.,,,,17.72,5.13,5.13,3.99e-07,2.34e-07,2.27e-07,1 kg N,1 kg P2O5,1 kg K2O,8_chara,9_chara,10_chara,,,,7.07028e-06,1.2004199999999999e-06,1.16451e-06,9.43521e-06
NT2_2023,NT2,2023,tonne,Photochemical ozone formation,kg NMVOC eq,,,,17.72,5.13,5.13,0.003983,0.00811,0.007996,1 kg N,1 kg P2O5,1 kg K2O,8_chara,9_chara,10_chara,,,,0.07057876,0.0416043,0.04101948,0.15320254
NT2_2023,NT2,2023,tonne,"Resource use, fossils",MJ,,,,17.72,5.13,5.13,46.52414,42.89925,42.33106,1 kg N,1 kg P2O5,1 kg K2O,8_chara,9_chara,10_chara,,,,824.4077608,220.07315250000002,217.1583378,1261.6392511000001
NT2_2023,NT2,2023,tonne,"Resource use, minerals and metals",kg Sb eq,,,,17.72,5.13,5.13,2.71e-05,5.39e-05,5.15e-05,1 kg N,1 kg P2O5,1 kg K2O,8_chara,9_chara,10_chara,,,,0.000480212,0.000276507,0.000264195,0.001020914
NT2_2023,NT2,2023,tonne,Water use,m3 depriv.,,,,17.72,5.13,5.13,0.21489,1.587446,1.186461,1 kg N,1 kg P2O5,1 kg K2O,8_chara,9_chara,10_chara,,,,3.8078507999999998,8.14359798,6.08654493,18.03799371
NT2_2024,NT2,2024,tonne,Acidification,mol H+ eq,,,,19.09,9.44,9.44,0.057621,0.028972,0.018432,1 kg N,1 kg P2O5,1 kg K2O,8_chara,9_chara,10_chara,,,,1.09998489,0.27349568,0.17399808,1.54747865
NT2_2024,NT2,2024,tonne,Climate change,kg CO2 eq,,,,19.09,9.44,9.44,3.754282,2.846359,2.817321,1 kg N,1 kg P2O5,1 kg K2O,8_chara,9_chara,10_chara,,,,71.66924338,26.86962896,26.59551024,125.13438258
NT2_2024,NT2,2024,tonne,Climate change - Biogenic,kg CO2 eq,,,,19.09,9.44,9.44,0.001325,0.002609,0.002402,1 kg N,1 kg P2O5,1 kg K2O,8_chara,9_chara,10_chara,,,,0.02529425,0.024628960000000002,0.022674879999999998,0.07259809
NT2_2024,NT2,2024,tonne,Climate change - Fossil,kg CO2 eq,,,,19.09,9.44,9.44,3.752439,2.829413,2.809194,1 kg N,1 kg P2O5,1 kg K2O,8_chara,9_chara,10_chara,,,,71.63406051,26.70965872,26.51879136,124.86251059
NT2_2024,NT2,2024,tonne,Climate change - Land use and LU change,kg CO2 eq,,,,19.09,9.44,9.44,0.000518,0.014337,0.005725,1 kg N,1 kg P2O5,1 kg K2O,8_chara,9_chara,10_chara,,,,0.00988862,0.13534128,0.054043999999999995,0.1992739
NT2_2024,NT2,2024,tonne,"Ecotoxicity, freshwater",CTUe,,,,19.09,9.44,9.44,24.51813,397.7709,2018.182,1 kg N,1 kg P2O5,1 kg K2O,8_chara,9_chara,10_chara,,,,468.0511017,3754.9572959999996,19051.63808,23274.6464777
NT2_2024,NT2,2024,tonne,"Ecotoxicity, freshwater - inorganics",CTUe,,,,19.09,9.44,9.44,7.823272,76.92257,397.7561,1 kg N,1 kg P2O5,1 kg K2O,8_chara,9_chara,10_chara,,,,149.34626248,726.1490607999999,3754.817584,4630.31290728
NT2_2024,NT2,2024,tonne,"Ecotoxicity, freshwater - metals",CTUe,,,,19.09,9.44,9.44,16.52071,320.1271,1619.55,1 kg N,1 kg P2O5,1 kg K2O,8_chara,9_chara,10_chara,,,,315.38035390000005,3021.9998239999995,15288.551999999998,18625.9321779
NT2_2024,NT2,2024,tonne,"Ecotoxicity, freshwater - organics",CTUe,,,,19.09,9.44,9.44,0.174143,0.721252,0.87605,1 kg N,1 kg P2O5,1 kg K2O,8_chara,9_chara,10_chara,,,,3.3243898699999996,6.80861888,8.269912,18.40292075
NT2_2024,NT2,2024,tonne,"Eutrophication, freshwater",kg P eq,,,,19.09,9.44,9.44,0.000222,0.000952,0.000618,1 kg N,1 kg P2O5,1 kg K2O,8_chara,9_chara,10_chara,,,,0.00423798,0.00898688,0.005833919999999999,0.019058779999999997
NT2_2024,NT2,2024,tonne,"Eutrophication, marine",kg N eq,,,,19.09,9.44,9.44,0.002677,0.002767,0.002898,1 kg N,1 kg P2O5,1 kg K2O,8_chara,9_chara,10_chara,,,,0.05110393,0.026120479999999998,0.02735712,0.10458152999999999
NT2_2024,NT2,2024,tonne,"Eutrophication, terrestrial",mol N eq,,,,19.09,9.44,9.44,0.241389,0.052171,0.058383,1 kg N,1 kg P2O5,1 kg K2O,8_chara,9_chara,10_chara,,,,4.60811601,0.49249423999999997,0.55113552,5.65174577
NT2_2024,NT2,2024,tonne,"Human toxicity, cancer",CTUh,,,,19.09,9.44,9.44,5.34e-10,2.54e-09,1.77e-09,1 kg N,1 kg P2O5,1 kg K2O,8_chara,9_chara,10_chara,,,,1.019406e-08,2.3977599999999996e-08,1.67088e-08,5.088045999999999e-08
NT2_2024,NT2,2024,tonne,"Human toxicity, cancer - inorganics",CTUh,,,,19.09,9.44,9.44,0.0,6.21e-18,5.01e-18,1 kg N,1 kg P2O5,1 kg K2O,8_chara,9_chara,10_chara,,,,0.0,5.86224e-17,4.7294400000000003e-17,1.0591680000000001e-16
NT2_2024,NT2,2024,tonne,"Human toxicity, cancer - metals",CTUh,,,,19.09,9.44,9.44,3.5e-10,2.13e-09,1.34e-09,1 kg N,1 kg P2O5,1 kg K2O,8_chara,9_chara,10_chara,,,,6.681499999999999e-09,2.0107199999999997e-08,1.2649599999999999e-08,3.9438299999999995e-08
NT2_2024,NT2,2024,tonne,"Human toxicity, cancer - organics",CTUh,,,,19.09,9.44,9.44,1.84e-10,4.05e-10,4.32e-10,1 kg N,1 kg P2O5,1 kg K2O,8_chara,9_chara,10_chara,,,,3.51256e-09,3.8232e-09,4.07808e-09,1.141384e-08
NT2_2024,NT2,2024,tonne,"Human toxicity, non-cancer",CTUh,,,,19.09,9.44,9.44,2e-08,6.49e-08,9.9e-08,1 kg N,1 kg P2O5,1 kg K2O,8_chara,9_chara,10_chara,,,,3.818e-07,6.12656e-07,9.3456e-07,1.929016e-06
NT2_2024,NT2,2024,tonne,"Human toxicity, non-cancer - inorganics",CTUh,,,,19.09,9.44,9.44,1.72e-09,1.45e-08,6.51e-08,1 kg N,1 kg P2O5,1 kg K2O,8_chara,9_chara,10_chara,,,,3.28348e-08,1.3688e-07,6.14544e-07,7.842587999999999e-07
NT2_2024,NT2,2024,tonne,"Human toxicity, non-cancer - metals",CTUh,,,,19.09,9.44,9.44,1.73e-08,4.89e-08,3.21e-08,1 kg N,1 kg P2O5,1 kg K2O,8_chara,9_chara,10_chara,,,,3.3025699999999996e-07,4.6161599999999997e-07,3.0302400000000003e-07,1.094897e-06
NT2_2024,NT2,2024,tonne,"Human toxicity, non-cancer - organics",CTUh,,,,19.09,9.44,9.44,1.35e-09,1.78e-09,2.01e-09,1 kg N,1 kg P2O5,1 kg K2O,8_chara,9_chara,10_chara,,,,2.57715e-08,1.68032e-08,1.8974399999999997e-08,6.15491e-08
NT2_2024,NT2,2024,tonne,Ionising radiation,kBq U-235 eq,,,,19.09,9.44,9.44,0.099841,0.337545,0.245573,1 kg N,1 kg P2O5,1 kg K2O,8_chara,9_chara,10_chara,,,,1.90596469,3.1864247999999997,2.31820912,7.410598609999999
NT2_2024,NT2,2024,tonne,Land use,Pt,,,,19.09,9.44,9.44,2.291069,30.93982,25.134,1 kg N,1 kg P2O5,1 kg K2O,8_chara,9_chara,10_chara,,,,43.73650721,292.0719008,237.26496,573.07336801
NT2_2024,NT2,2024,tonne,Ozone depletion,kg CFC11 eq,,,,19.09,9.44,9.44,3.58e-07,3.47e-07,3.94e-07,1 kg N,1 kg P2O5,1 kg K2O,8_chara,9_chara,10_chara,,,,6.83422e-06,3.27568e-06,3.71936e-06,1.382926e-05
NT2_2024,NT2,2024,tonne,Particulate matter,disease inc.,,,,19.09,9.44,9.44,3.99e-07,2.34e-07,2.27e-07,1 kg N,1 kg P2O5,1 kg K2O,8_chara,9_chara,10_chara,,,,7.6169100000000006e-06,2.20896e-06,2.14288e-06,1.1968750000000001e-05
NT2_2024,NT2,2024,tonne,Photochemical ozone formation,kg NMVOC eq,,,,19.09,9.44,9.44,0.003983,0.00811,0.007996,1 kg N,1 kg P2O5,1 kg K2O,8_chara,9_chara,10_chara,,,,0.07603547000000001,0.07655839999999998,0.07548223999999999,0.22807611
NT2_2024,NT2,2024,tonne,"Resource use, fossils",MJ,,,,19.09,9.44,9.44,46.52414,42.89925,42.33106,1 kg N,1 kg P2O5,1 kg K2O,8_chara,9_chara,10_chara,,,,888.1458326000001,404.96892,399.6052064,1692.719959
NT2_2024,NT2,2024,tonne,"Resource use, minerals and metals",kg Sb eq,,,,19.09,9.44,9.44,2.71e-05,5.39e-05,5.15e-05,1 kg N,1 kg P2O5,1 kg K2O,8_chara,9_chara,10_chara,,,,0.000517339,0.000508816,0.00048615999999999997,0.001512315
NT2_2024,NT2,2024,tonne,Water use,m3 depriv.,,,,19.09,9.44,9.44,0.21489,1.587446,1.186461,1 kg N,1 kg P2O5,1 kg K2O,8_chara,9_chara,10_chara,,,,4.1022501,14.985490239999999,11.200191839999999,30.28793218
