dmu_id,farmer_id,year,basis,impact_category,impact_unit,n_amount_kg_ha,p_amount_kg_ha,k_amount_kg_ha,n_amount_kg_tonne,p_amount_kg_tonne,k_amount_kg_tonne,n_factor_per_unit,p_factor_per_unit,k_factor_per_unit,n_factor_unit,p_factor_unit,k_factor_unit,n_characterisation_sheet,p_characterisation_sheet,k_characterisation_sheet,n_impact,p_impact,k_impact,fertilisation_total_impact
C1_2022,C1,2022,ha,Acidification,mol H+ eq,141.2,30.0,0.0,,,,0.057621,0.028972,0.018432,1 kg N,1 kg P2O5,1 kg K2O,8_chara,9_chara,10_chara,8.136085199999998,0.86916,0.0,9.0052452
C1_2022,C1,2022,ha,Climate change,kg CO2 eq,141.2,30.0,0.0,,,,3.754282,2.846359,2.817321,1 kg N,1 kg P2O5,1 kg K2O,8_chara,9_chara,10_chara,530.1046183999999,85.39077,0.0,615.4953883999999
C1_2022,C1,2022,ha,Climate change - Biogenic,kg CO2 eq,141.2,30.0,0.0,,,,0.001325,0.002609,0.002402,1 kg N,1 kg P2O5,1 kg K2O,8_chara,9_chara,10_chara,0.18708999999999998,0.07827,0.0,0.26536
C1_2022,C1,2022,ha,Climate change - Fossil,kg CO2 eq,141.2,30.0,0.0,,,,3.752439,2.829413,2.809194,1 kg N,1 kg P2O5,1 kg K2O,8_chara,9_chara,10_chara,529.8443867999999,84.88239,0.0,614.7267767999999
C1_2022,C1,2022,ha,Climate change - Land use and LU change,kg CO2 eq,141.2,30.0,0.0,,,,0.000518,0.014337,0.005725,1 kg N,1 kg P2O5,1 kg K2O,8_chara,9_chara,10_chara,0.0731416,0.43011000000000005,0.0,0.5032516
C1_2022,C1,2022,ha,"Ecotoxicity, freshwater",CTUe,141.2,30.0,0.0,,,,24.51813,397.7709,2018.182,1 kg N,1 kg P2O5,1 kg K2O,8_chara,9_chara,10_chara,3461.9599559999997,11933.127,0.0,15395.086956
C1_2022,C1,2022,ha,"Ecotoxicity, freshwater - inorganics",CTUe,141.2,30.0,0.0,,,,7.823272,76.92257,397.7561,1 kg N,1 kg P2O5,1 kg K2O,8_chara,9_chara,10_chara,1104.6460064,2307.6771,0.0,3412.3231064
C1_2022,C1,2022,ha,"Ecotoxicity, freshwater - metals",CTUe,141.2,30.0,0.0,,,,16.52071,320.1271,1619.55,1 kg N,1 kg P2O5,1 kg K2O,8_chara,9_chara,10_chara,2332.724252,9603.813,0.0,11936.537252
C1_2022,C1,2022,ha,"Ecotoxicity, freshwater - organics",CTUe,141.2,30.0,0.0,,,,0.174143,0.721252,0.87605,1 kg N,1 kg P2O5,1 kg K2O,8_chara,9_chara,10_chara,24.588991599999996,21.63756,0.0,46.22655159999999
C1_2022,C1,2022,ha,"Eutrophication, freshwater",kg P eq,141.2,30.0,0.0,,,,0.000222,0.000952,0.000618,1 kg N,1 kg P2O5,1 kg K2O,8_chara,9_chara,10_chara,0.031346399999999996,0.028560000000000002,0.0,0.0599064
C1_2022,C1,2022,ha,"Eutrophication, marine",kg N eq,141.2,30.0,0.0,,,,0.002677,0.002767,0.002898,1 kg N,1 kg P2O5,1 kg K2O,8_chara,9_chara,10_chara,0.3779924,0.08301,0.0,0.46100240000000003
C1_2022,C1,2022,ha,"Eutrophication, terrestrial",mol N eq,141.2,30.0,0.0,,,,0.241389,0.052171,0.058383,1 kg N,1 kg P2O5,1 kg K2O,8_chara,9_chara,10_chara,34.08412679999999,1.5651300000000001,0.0,35.649256799999996
C1_2022,C1,2022,ha,"Human toxicity, cancer",CTUh,141.2,30.0,0.0,,,,5.34e-10,2.54e-09,1.77e-09,1 kg N,1 kg P2O5,1 kg K2O,8_chara,9_chara,10_chara,7.540079999999999e-08,7.62e-08,0.0,1.516008e-07
C1_2022,C1,2022,ha,"Human toxicity, cancer - inorganics",CTUh,141.2,30.0,0.0,,,,0.0,6.21e-18,5.01e-18,1 kg N,1 kg P2O5,1 kg K2O,8_chara,9_chara,10_chara,0.0,1.863e-16,0.0,1.863e-16
C1_2022,C1,2022,ha,"Human toxicity, cancer - metals",CTUh,141.2,30.0,0.0,,,,3.5e-10,2.13e-09,1.34e-09,1 kg N,1 kg P2O5,1 kg K2O,8_chara,9_chara,10_chara,4.9419999999999995e-08,6.39e-08,0.0,1.1331999999999999e-07
C1_2022,C1,2022,ha,"Human toxicity, cancer - organics",CTUh,141.2,30.0,0.0,,,,1.84e-10,4.05e-10,4.32e-10,1 kg N,1 kg P2O5,1 kg K2O,8_chara,9_chara,10_chara,2.59808e-08,1.215e-08,0.0,3.81308e-08
C1_2022,C1,2022,ha,"Human toxicity, non-cancer",CTUh,141.2,30.0,0.0,,,,2e-08,6.49e-08,9.9e-08,1 kg N,1 kg P2O5,1 kg K2O,8_chara,9_chara,10_chara,2.824e-06,1.947e-06,0.0,4.7710000000000006e-06
C1_2022,C1,2022,ha,"Human toxicity, non-cancer - inorganics",CTUh,141.2,30.0,0.0,,,,1.72e-09,1.45e-08,6.51e-08,1 kg N,1 kg P2O5,1 kg K2O,8_chara,9_chara,10_chara,2.42864e-07,4.35e-07,0.0,6.77864e-07
C1_2022,C1,2022,ha,"Human toxicity, non-cancer - metals",CTUh,141.2,30.0,0.0,,,,1.73e-08,4.89e-08,3.21e-08,1 kg N,1 kg P2O5,1 kg K2O,8_chara,9_chara,10_chara,2.44276e-06,1.467e-06,0.0,3.90976e-06
C1_2022,C1,2022,ha,"Human toxicity, non-cancer - organics",CTUh,141.2,30.0,0.0,,,,1.35e-09,1.78e-09,2.01e-09,1 kg N,1 kg P2O5,1 kg K2O,8_chara,9_chara,10_chara,1.9062e-07,5.34e-08,0.0,2.4402e-07
C1_2022,C1,2022,ha,Ionising radiation,kBq U-235 eq,141.2,30.0,0.0,,,,0.099841,0.337545,0.245573,1 kg N,1 kg P2O5,1 kg K2O,8_chara,9_chara,10_chara,14.0975492,10.126349999999999,0.0,24.223899199999998
C1_2022,C1,2022,ha,Land use,Pt,141.2,30.0,0.0,,,,2.291069,30.93982,25.134,1 kg N,1 kg P2O5,1 kg K2O,8_chara,9_chara,10_chara,323.49894279999995,928.1946,0.0,1251.6935428
C1_2022,C1,2022,ha,Ozone depletion,kg CFC11 eq,141.2,30.0,0.0,,,,3.58e-07,3.47e-07,3.94e-07,1 kg N,1 kg P2O5,1 kg K2O,8_chara,9_chara,10_chara,5.0549599999999995e-05,1.041e-05,0.0,6.09596e-05
C1_2022,C1,2022,ha,Particulate matter,disease inc.,141.2,30.0,0.0,,,,3.99e-07,2.34e-07,2.27e-07,1 kg N,1 kg P2O5,1 kg K2O,8_chara,9_chara,10_chara,5.63388e-05,7.0200000000000006e-06,0.0,6.33588e-05
C1_2022,C1,2022,ha,Photochemical ozone formation,kg NMVOC eq,141.2,30.0,0.0,,,,0.003983,0.00811,0.007996,1 kg N,1 kg P2O5,1 kg K2O,8_chara,9_chara,10_chara,0.5623996,0.24329999999999996,0.0,0.8056996
C1_2022,C1,2022,ha,"Resource use, fossils",MJ,141.2,30.0,0.0,,,,46.52414,42.89925,42.33106,1 kg N,1 kg P2O5,1 kg K2O,8_chara,9_chara,10_chara,6569.208568,1286.9775,0.0,7856.186068
C1_2022,C1,2022,ha,"Resource use, minerals and metals",kg Sb eq,141.2,30.0,0.0,,,,2.71e-05,5.39e-05,5.15e-05,1 kg N,1 kg P2O5,1 kg K2O,8_chara,9_chara,10_chara,0.00382652,0.0016170000000000002,0.0,0.00544352
C1_2022,C1,2022,ha,Water use,m3 depriv.,141.2,30.0,0.0,,,,0.21489,1.587446,1.186461,1 kg N,1 kg P2O5,1 kg K2O,8_chara,9_chara,10_chara,30.342467999999997,47.62338,0.0,77.965848
C1_2023,C1,2023,ha,Acidification,mol H+ eq,129.0,30.0,0.0,,,,0.057621,0.028972,0.018432,1 kg N,1 kg P2O5,1 kg K2O,8_chara,9_chara,10_chara,7.433109,0.86916,0.0,8.302269
C1_2023,C1,2023,ha,Climate change,kg CO2 eq,129.0,30.0,0.0,,,,3.754282,2.846359,2.817321,1 kg N,1 kg P2O5,1 kg K2O,8_chara,9_chara,10_chara,484.302378,85.39077,0.0,569.693148
C1_2023,C1,2023,ha,Climate change - Biogenic,kg CO2 eq,129.0,30.0,0.0,,,,0.001325,0.002609,0.002402,1 kg N,1 kg P2O5,1 kg K2O,8_chara,9_chara,10_chara,0.170925,0.07827,0.0,0.249195
C1_2023,C1,2023,ha,Climate change - Fossil,kg CO2 eq,129.0,30.0,0.0,,,,3.752439,2.829413,2.809194,1 kg N,1 kg P2O5,1 kg K2O,8_chara,9_chara,10_chara,484.06463099999996,84.88239,0.0,568.947021
C1_2023,C1,2023,ha,Climate change - Land use and LU change,kg CO2 eq,129.0,30.0,0.0,,,,0.000518,0.014337,0.005725,1 kg N,1 kg P2O5,1 kg K2O,8_chara,9_chara,10_chara,0.066822,0.43011000000000005,0.0,0.49693200000000004
C1_2023,C1,2023,ha,"Ecotoxicity, freshwater",CTUe,129.0,30.0,0.0,,,,24.51813,397.7709,2018.182,1 kg N,1 kg P2O5,1 kg K2O,8_chara,9_chara,10_chara,3162.83877,11933.127,0.0,15095.96577
C1_2023,C1,2023,ha,"Ecotoxicity, freshwater - inorganics",CTUe,129.0,30.0,0.0,,,,7.823272,76.92257,397.7561,1 kg N,1 kg P2O5,1 kg K2O,8_chara,9_chara,10_chara,1009.202088,2307.6771,0.0,3316.879188
C1_2023,C1,2023,ha,"Ecotoxicity, freshwater - metals",CTUe,129.0,30.0,0.0,,,,16.52071,320.1271,1619.55,1 kg N,1 kg P2O5,1 kg K2O,8_chara,9_chara,10_chara,2131.17159,9603.813,0.0,11734.98459
C1_2023,C1,2023,ha,"Ecotoxicity, freshwater - organics",CTUe,129.0,30.0,0.0,,,,0.174143,0.721252,0.87605,1 kg N,1 kg P2O5,1 kg K2O,8_chara,9_chara,10_chara,22.464447,21.63756,0.0,44.102007
C1_2023,C1,2023,ha,"Eutrophication, freshwater",kg P eq,129.0,30.0,0.0,,,,0.000222,0.000952,0.000618,1 kg N,1 kg P2O5,1 kg K2O,8_chara,9_chara,10_chara,0.028638,0.028560000000000002,0.0,0.057198
C1_2023,C1,2023,ha,"Eutrophication, marine",kg N eq,129.0,30.0,0.0,,,,0.002677,0.002767,0.002898,1 kg N,1 kg P2O5,1 kg K2O,8_chara,9_chara,10_chara,0.345333,0.08301,0.0,0.42834300000000003
C1_2023,C1,2023,ha,"Eutrophication, terrestrial",mol N eq,129.0,30.0,0.0,,,,0.241389,0.052171,0.058383,1 kg N,1 kg P2O5,1 kg K2O,8_chara,9_chara,10_chara,31.139181,1.5651300000000001,0.0,32.704311000000004
C1_2023,C1,2023,ha,"Human toxicity, cancer",CTUh,129.0,30.0,0.0,,,,5.34e-10,2.54e-09,1.77e-09,1 kg N,1 kg P2O5,1 kg K2O,8_chara,9_chara,10_chara,6.8886e-08,7.62e-08,0.0,1.4508599999999998e-07
C1_2023,C1,2023,ha,"Human toxicity, cancer - inorganics",CTUh,129.0,30.0,0.0,,,,0.0,6.21e-18,5.01e-18,1 kg N,1 kg P2O5,1 kg K2O,8_chara,9_chara,10_chara,0.0,1.863e-16,0.0,1.863e-16
C1_2023,C1,2023,ha,"Human toxicity, cancer - metals",CTUh,129.0,30.0,0.0,,,,3.5e-10,2.13e-09,1.34e-09,1 kg N,1 kg P2O5,1 kg K2O,8_chara,9_chara,10_chara,4.515e-08,6.39e-08,0.0,1.0904999999999999e-07
C1_2023,C1,2023,ha,"Human toxicity, cancer - organics",CTUh,129.0,30.0,0.0,,,,1.84e-10,4.05e-10,4.32e-10,1 kg N,1 kg P2O5,1 kg K2O,8_chara,9_chara,10_chara,2.3736e-08,1.215e-08,0.0,3.5886e-08
C1_2023,C1,2023,ha,"Human toxicity, non-cancer",CTUh,129.0,30.0,0.0,,,,2e-08,6.49e-08,9.9e-08,1 kg N,1 kg P2O5,1 kg K2O,8_chara,9_chara,10_chara,2.58e-06,1.947e-06,0.0,4.527e-06
C1_2023,C1,2023,ha,"Human toxicity, non-cancer - inorganics",CTUh,129.0,30.0,0.0,,,,1.72e-09,1.45e-08,6.51e-08,1 kg N,1 kg P2O5,1 kg K2O,8_chara,9_chara,10_chara,2.2188e-07,4.35e-07,0.0,6.5688e-07
C1_2023,C1,2023,ha,"Human toxicity, non-cancer - metals",CTUh,129.0,30.0,0.0,,,,1.73e-08,4.89e-08,3.21e-08,1 kg N,1 kg P2O5,1 kg K2O,8_chara,9_chara,10_chara,2.2316999999999997e-06,1.467e-06,0.0,3.6987e-06
C1_2023,C1,2023,ha,"Human toxicity, non-cancer - organics",CTUh,129.0,30.0,0.0,,,,1.35e-09,1.78e-09,2.01e-09,1 kg N,1 kg P2O5,1 kg K2O,8_chara,9_chara,10_chara,1.7415e-07,5.34e-08,0.0,2.2755e-07
C1_2023,C1,2023,ha,Ionising radiation,kBq U-235 eq,129.0,30.0,0.0,,,,0.099841,0.337545,0.245573,1 kg N,1 kg P2O5,1 kg K2O,8_chara,9_chara,10_chara,12.879489,10.126349999999999,0.0,23.005838999999998
C1_2023,C1,2023,ha,Land use,Pt,129.0,30.0,0.0,,,,2.291069,30.93982,25.134,1 kg N,1 kg P2O5,1 kg K2O,8_chara,9_chara,10_chara,295.54790099999997,928.1946,0.0,1223.742501
C1_2023,C1,2023,ha,Ozone depletion,kg CFC11 eq,129.0,30.0,0.0,,,,3.58e-07,3.47e-07,3.94e-07,1 kg N,1 kg P2O5,1 kg K2O,8_chara,9_chara,10_chara,4.6182e-05,1.041e-05,0.0,5.6592e-05
C1_2023,C1,2023,ha,Particulate matter,disease inc.,129.0,30.0,0.0,,,,3.99e-07,2.34e-07,2.27e-07,1 kg N,1 kg P2O5,1 kg K2O,8_chara,9_chara,10_chara,5.1471e-05,7.0200000000000006e-06,0.0,5.8491000000000006e-05
C1_2023,C1,2023,ha,Photochemical ozone formation,kg NMVOC eq,129.0,30.0,0.0,,,,0.003983,0.00811,0.007996,1 kg N,1 kg P2O5,1 kg K2O,8_chara,9_chara,10_chara,0.513807,0.24329999999999996,0.0,0.757107
C1_2023,C1,2023,ha,"Resource use, fossils",MJ,129.0,30.0,0.0,,,,46.52414,42.89925,42.33106,1 kg N,1 kg P2O5,1 kg K2O,8_chara,9_chara,10_chara,6001.614060000001,1286.9775,0.0,7288.591560000001
C1_2023,C1,2023,ha,"Resource use, minerals and metals",kg Sb eq,129.0,30.0,0.0,,,,2.71e-05,5.39e-05,5.15e-05,1 kg N,1 kg P2O5,1 kg K2O,8_chara,9_chara,10_chara,0.0034959,0.0016170000000000002,0.0,0.0051129
C1_2023,C1,2023,ha,Water use,m3 depriv.,129.0,30.0,0.0,,,,0.21489,1.587446,1.186461,1 kg N,1 kg P2O5,1 kg K2O,8_chara,9_chara,10_chara,27.72081,47.62338,0.0,75.34419
C1_2024,C1,2024,ha,Acidification,mol H+ eq,129.0,30.0,0.0,,,,0.057621,0.028972,0.018432,1 kg N,1 kg P2O5,1 kg K2O,8_chara,9_chara,10_chara,7.433109,0.86916,0.0,8.302269
C1_2024,C1,2024,ha,Climate change,kg CO2 eq,129.0,30.0,0.0,,,,3.754282,2.846359,2.817321,1 kg N,1 kg P2O5,1 kg K2O,8_chara,9_chara,10_chara,484.302378,85.39077,0.0,569.693148
C1_2024,C1,2024,ha,Climate change - Biogenic,kg CO2 eq,129.0,30.0,0.0,,,,0.001325,0.002609,0.002402,1 kg N,1 kg P2O5,1 kg K2O,8_chara,9_chara,10_chara,0.170925,0.07827,0.0,0.249195
C1_2024,C1,2024,ha,Climate change - Fossil,kg CO2 eq,129.0,30.0,0.0,,,,3.752439,2.829413,2.809194,1 kg N,1 kg P2O5,1 kg K2O,8_chara,9_chara,10_chara,484.06463099999996,84.88239,0.0,568.947021
C1_2024,C1,2024,ha,Climate change - Land use and LU change,kg CO2 eq,129.0,30.0,0.0,,,,0.000518,0.014337,0.005725,1 kg N,1 kg P2O5,1 kg K2O,8_chara,9_chara,10_chara,0.066822,0.43011000000000005,0.0,0.49693200000000004
C1_2024,C1,2024,ha,"Ecotoxicity, freshwater",CTUe,129.0,30.0,0.0,,,,24.51813,397.7709,2018.182,1 kg N,1 kg P2O5,1 kg K2O,8_chara,9_chara,10_chara,3162.83877,11933.127,0.0,15095.96577
C1_2024,C1,2024,ha,"Ecotoxicity, freshwater - inorganics",CTUe,129.0,30.0,0.0,,,,7.823272,76.92257,397.7561,1 kg N,1 kg P2O5,1 kg K2O,8_chara,9_chara,10_chara,1009.202088,2307.6771,0.0,3316.879188
C1_2024,C1,2024,ha,"Ecotoxicity, freshwater - metals",CTUe,129.0,30.0,0.0,,,,16.52071,320.1271,1619.55,1 kg N,1 kg P2O5,1 kg K2O,8_chara,9_chara,10_chara,2131.17159,9603.813,0.0,11734.98459
C1_2024,C1,2024,ha,"Ecotoxicity, freshwater - organics",CTUe,129.0,30.0,0.0,,,,0.174143,0.721252,0.87605,1 kg N,1 kg P2O5,1 kg K2O,8_chara,9_chara,10_chara,22.464447,21.63756,0.0,44.102007
C1_2024,C1,2024,ha,"Eutrophication, freshwater",kg P eq,129.0,30.0,0.0,,,,0.000222,0.000952,0.000618,1 kg N,1 kg P2O5,1 kg K2O,8_chara,9_chara,10_chara,0.028638,0.028560000000000002,0.0,0.057198
C1_2024,C1,2024,ha,"Eutrophication, marine",kg N eq,129.0,30.0,0.0,,,,0.002677,0.002767,0.002898,1 kg N,1 kg P2O5,1 kg K2O,8_chara,9_chara,10_chara,0.345333,0.08301,0.0,0.42834300000000003
C1_2024,C1,2024,ha,"Eutrophication, terrestrial",mol N eq,129.0,30.0,0.0,,,,0.241389,0.052171,0.058383,1 kg N,1 kg P2O5,1 kg K2O,8_chara,9_chara,10_chara,31.139181,1.5651300000000001,0.0,32.704311000000004
C1_2024,C1,2024,ha,"Human toxicity, cancer",CTUh,129.0,30.0,0.0,,,,5.34e-10,2.54e-09,1.77e-09,1 kg N,1 kg P2O5,1 kg K2O,8_chara,9_chara,10_chara,6.8886e-08,7.62e-08,0.0,1.4508599999999998e-07
C1_2024,C1,2024,ha,"Human toxicity, cancer - inorganics",CTUh,129.0,30.0,0.0,,,,0.0,6.21e-18,5.01e-18,1 kg N,1 kg P2O5,1 kg K2O,8_chara,9_chara,10_chara,0.0,1.863e-16,0.0,1.863e-16
C1_2024,C1,2024,ha,"Human toxicity, cancer - metals",CTUh,129.0,30.0,0.0,,,,3.5e-10,2.13e-09,1.34e-09,1 kg N,1 kg P2O5,1 kg K2O,8_chara,9_chara,10_chara,4.515e-08,6.39e-08,0.0,1.0904999999999999e-07
C1_2024,C1,2024,ha,"Human toxicity, cancer - organics",CTUh,129.0,30.0,0.0,,,,1.84e-10,4.05e-10,4.32e-10,1 kg N,1 kg P2O5,1 kg K2O,8_chara,9_chara,10_chara,2.3736e-08,1.215e-08,0.0,3.5886e-08
C1_2024,C1,2024,ha,"Human toxicity, non-cancer",CTUh,129.0,30.0,0.0,,,,2e-08,6.49e-08,9.9e-08,1 kg N,1 kg P2O5,1 kg K2O,8_chara,9_chara,10_chara,2.58e-06,1.947e-06,0.0,4.527e-06
C1_2024,C1,2024,ha,"Human toxicity, non-cancer - inorganics",CTUh,129.0,30.0,0.0,,,,1.72e-09,1.45e-08,6.51e-08,1 kg N,1 kg P2O5,1 kg K2O,8_chara,9_chara,10_chara,2.2188e-07,4.35e-07,0.0,6.5688e-07
C1_2024,C1,2024,ha,"Human toxicity, non-cancer - metals",CTUh,129.0,30.0,0.0,,,,1.73e-08,4.89e-08,3.21e-08,1 kg N,1 kg P2O5,1 kg K2O,8_chara,9_chara,10_chara,2.2316999999999997e-06,1.467e-06,0.0,3.6987e-06
C1_2024,C1,2024,ha,"Human toxicity, non-cancer - organics",CTUh,129.0,30.0,0.0,,,,1.35e-09,1.78e-09,2.01e-09,1 kg N,1 kg P2O5,1 kg K2O,8_chara,9_chara,10_chara,1.7415e-07,5.34e-08,0.0,2.2755e-07
C1_2024,C1,2024,ha,Ionising radiation,kBq U-235 eq,129.0,30.0,0.0,,,,0.099841,0.337545,0.245573,1 kg N,1 kg P2O5,1 kg K2O,8_chara,9_chara,10_chara,12.879489,10.126349999999999,0.0,23.005838999999998
C1_2024,C1,2024,ha,Land use,Pt,129.0,30.0,0.0,,,,2.291069,30.93982,25.134,1 kg N,1 kg P2O5,1 kg K2O,8_chara,9_chara,10_chara,295.54790099999997,928.1946,0.0,1223.742501
C1_2024,C1,2024,ha,Ozone depletion,kg CFC11 eq,129.0,30.0,0.0,,,,3.58e-07,3.47e-07,3.94e-07,1 kg N,1 kg P2O5,1 kg K2O,8_chara,9_chara,10_chara,4.6182e-05,1.041e-05,0.0,5.6592e-05
C1_2024,C1,2024,ha,Particulate matter,disease inc.,129.0,30.0,0.0,,,,3.99e-07,2.34e-07,2.27e-07,1 kg N,1 kg P2O5,1 kg K2O,8_chara,9_chara,10_chara,5.1471e-05,7.0200000000000006e-06,0.0,5.8491000000000006e-05
C1_2024,C1,2024,ha,Photochemical ozone formation,kg NMVOC eq,129.0,30.0,0.0,,,,0.003983,0.00811,0.007996,1 kg N,1 kg P2O5,1 kg K2O,8_chara,9_chara,10_chara,0.513807,0.24329999999999996,0.0,0.757107
C1_2024,C1,2024,ha,"Resource use, fossils",MJ,129.0,30.0,0.0,,,,46.52414,42.89925,42.33106,1 kg N,1 kg P2O5,1 kg K2O,8_chara,9_chara,10_chara,6001.614060000001,1286.9775,0.0,7288.591560000001
C1_2024,C1,2024,ha,"Resource use, minerals and metals",kg Sb eq,129.0,30.0,0.0,,,,2.71e-05,5.39e-05,5.15e-05,1 kg N,1 kg P2O5,1 kg K2O,8_chara,9_chara,10_chara,0.0034959,0.0016170000000000002,0.0,0.0051129
C1_2024,C1,2024,ha,Water use,m3 depriv.,129.0,30.0,0.0,,,,0.21489,1.587446,1.186461,1 kg N,1 kg P2O5,1 kg K2O,8_chara,9_chara,10_chara,27.72081,47.62338,0.0,75.34419
C2_2022,C2,2022,ha,Acidification,mol H+ eq,101.4,60.0,0.0,,,,0.057621,0.028972,0.018432,1 kg N,1 kg P2O5,1 kg K2O,8_chara,9_chara,10_chara,5.8427694,1.73832,0.0,7.5810894
C2_2022,C2,2022,ha,Climate change,kg CO2 eq,101.4,60.0,0.0,,,,3.754282,2.846359,2.817321,1 kg N,1 kg P2O5,1 kg K2O,8_chara,9_chara,10_chara,380.6841948,170.78154,0.0,551.4657348000001
C2_2022,C2,2022,ha,Climate change - Biogenic,kg CO2 eq,101.4,60.0,0.0,,,,0.001325,0.002609,0.002402,1 kg N,1 kg P2O5,1 kg K2O,8_chara,9_chara,10_chara,0.134355,0.15654,0.0,0.290895
C2_2022,C2,2022,ha,Climate change - Fossil,kg CO2 eq,101.4,60.0,0.0,,,,3.752439,2.829413,2.809194,1 kg N,1 kg P2O5,1 kg K2O,8_chara,9_chara,10_chara,380.4973146,169.76478,0.0,550.2620946
C2_2022,C2,2022,ha,Climate change - Land use and LU change,kg CO2 eq,101.4,60.0,0.0,,,,0.000518,0.014337,0.005725,1 kg N,1 kg P2O5,1 kg K2O,8_chara,9_chara,10_chara,0.0525252,0.8602200000000001,0.0,0.9127452000000001
C2_2022,C2,2022,ha,"Ecotoxicity, freshwater",CTUe,101.4,60.0,0.0,,,,24.51813,397.7709,2018.182,1 kg N,1 kg P2O5,1 kg K2O,8_chara,9_chara,10_chara,2486.138382,23866.254,0.0,26352.392382
C2_2022,C2,2022,ha,"Ecotoxicity, freshwater - inorganics",CTUe,101.4,60.0,0.0,,,,7.823272,76.92257,397.7561,1 kg N,1 kg P2O5,1 kg K2O,8_chara,9_chara,10_chara,793.2797808,4615.3542,0.0,5408.633980799999
C2_2022,C2,2022,ha,"Ecotoxicity, freshwater - metals",CTUe,101.4,60.0,0.0,,,,16.52071,320.1271,1619.55,1 kg N,1 kg P2O5,1 kg K2O,8_chara,9_chara,10_chara,1675.1999940000003,19207.626,0.0,20882.825994
C2_2022,C2,2022,ha,"Ecotoxicity, freshwater - organics",CTUe,101.4,60.0,0.0,,,,0.174143,0.721252,0.87605,1 kg N,1 kg P2O5,1 kg K2O,8_chara,9_chara,10_chara,17.6581002,43.27512,0.0,60.9332202
C2_2022,C2,2022,ha,"Eutrophication, freshwater",kg P eq,101.4,60.0,0.0,,,,0.000222,0.000952,0.000618,1 kg N,1 kg P2O5,1 kg K2O,8_chara,9_chara,10_chara,0.0225108,0.057120000000000004,0.0,0.0796308
C2_2022,C2,2022,ha,"Eutrophication, marine",kg N eq,101.4,60.0,0.0,,,,0.002677,0.002767,0.002898,1 kg N,1 kg P2O5,1 kg K2O,8_chara,9_chara,10_chara,0.2714478,0.16602,0.0,0.4374678
C2_2022,C2,2022,ha,"Eutrophication, terrestrial",mol N eq,101.4,60.0,0.0,,,,0.241389,0.052171,0.058383,1 kg N,1 kg P2O5,1 kg K2O,8_chara,9_chara,10_chara,24.4768446,3.1302600000000003,0.0,27.6071046
C2_2022,C2,2022,ha,"Human toxicity, cancer",CTUh,101.4,60.0,0.0,,,,5.34e-10,2.54e-09,1.77e-09,1 kg N,1 kg P2O5,1 kg K2O,8_chara,9_chara,10_chara,5.414760000000001e-08,1.524e-07,0.0,2.0654759999999998e-07
C2_2022,C2,2022,ha,"Human toxicity, cancer - inorganics",CTUh,101.4,60.0,0.0,,,,0.0,6.21e-18,5.01e-18,1 kg N,1 kg P2O5,1 kg K2O,8_chara,9_chara,10_chara,0.0,3.726e-16,0.0,3.726e-16
C2_2022,C2,2022,ha,"Human toxicity, cancer - metals",CTUh,101.4,60.0,0.0,,,,3.5e-10,2.13e-09,1.34e-09,1 kg N,1 kg P2O5,1 kg K2O,8_chara,9_chara,10_chara,3.549e-08,1.278e-07,0.0,1.6329e-07
C2_2022,C2,2022,ha,"Human toxicity, cancer - organics",CTUh,101.4,60.0,0.0,,,,1.84e-10,4.05e-10,4.32e-10,1 kg N,1 kg P2O5,1 kg K2O,8_chara,9_chara,10_chara,1.8657600000000002e-08,2.43e-08,0.0,4.29576e-08
C2_2022,C2,2022,ha,"Human toxicity, non-cancer",CTUh,101.4,60.0,0.0,,,,2e-08,6.49e-08,9.9e-08,1 kg N,1 kg P2O5,1 kg K2O,8_chara,9_chara,10_chara,2.0280000000000003e-06,3.894e-06,0.0,5.922e-06
C2_2022,C2,2022,ha,"Human toxicity, non-cancer - inorganics",CTUh,101.4,60.0,0.0,,,,1.72e-09,1.45e-08,6.51e-08,1 kg N,1 kg P2O5,1 kg K2O,8_chara,9_chara,10_chara,1.74408e-07,8.7e-07,0.0,1.0444080000000001e-06
C2_2022,C2,2022,ha,"Human toxicity, non-cancer - metals",CTUh,101.4,60.0,0.0,,,,1.73e-08,4.89e-08,3.21e-08,1 kg N,1 kg P2O5,1 kg K2O,8_chara,9_chara,10_chara,1.75422e-06,2.934e-06,0.0,4.68822e-06
C2_2022,C2,2022,ha,"Human toxicity, non-cancer - organics",CTUh,101.4,60.0,0.0,,,,1.35e-09,1.78e-09,2.01e-09,1 kg N,1 kg P2O5,1 kg K2O,8_chara,9_chara,10_chara,1.3689000000000003e-07,1.068e-07,0.0,2.4369000000000003e-07
C2_2022,C2,2022,ha,Ionising radiation,kBq U-235 eq,101.4,60.0,0.0,,,,0.099841,0.337545,0.245573,1 kg N,1 kg P2O5,1 kg K2O,8_chara,9_chara,10_chara,10.123877400000001,20.252699999999997,0.0,30.3765774
C2_2022,C2,2022,ha,Land use,Pt,101.4,60.0,0.0,,,,2.291069,30.93982,25.134,1 kg N,1 kg P2O5,1 kg K2O,8_chara,9_chara,10_chara,232.31439659999998,1856.3892,0.0,2088.7035966
C2_2022,C2,2022,ha,Ozone depletion,kg CFC11 eq,101.4,60.0,0.0,,,,3.58e-07,3.47e-07,3.94e-07,1 kg N,1 kg P2O5,1 kg K2O,8_chara,9_chara,10_chara,3.6301200000000004e-05,2.082e-05,0.0,5.7121200000000005e-05
C2_2022,C2,2022,ha,Particulate matter,disease inc.,101.4,60.0,0.0,,,,3.99e-07,2.34e-07,2.27e-07,1 kg N,1 kg P2O5,1 kg K2O,8_chara,9_chara,10_chara,4.0458600000000006e-05,1.4040000000000001e-05,0.0,5.449860000000001e-05
C2_2022,C2,2022,ha,Photochemical ozone formation,kg NMVOC eq,101.4,60.0,0.0,,,,0.003983,0.00811,0.007996,1 kg N,1 kg P2O5,1 kg K2O,8_chara,9_chara,10_chara,0.4038762000000001,0.4865999999999999,0.0,0.8904761999999999
C2_2022,C2,2022,ha,"Resource use, fossils",MJ,101.4,60.0,0.0,,,,46.52414,42.89925,42.33106,1 kg N,1 kg P2O5,1 kg K2O,8_chara,9_chara,10_chara,4717.547796000001,2573.955,0.0,7291.502796000001
C2_2022,C2,2022,ha,"Resource use, minerals and metals",kg Sb eq,101.4,60.0,0.0,,,,2.71e-05,5.39e-05,5.15e-05,1 kg N,1 kg P2O5,1 kg K2O,8_chara,9_chara,10_chara,0.0027479400000000004,0.0032340000000000003,0.0,0.005981940000000001
C2_2022,C2,2022,ha,Water use,m3 depriv.,101.4,60.0,0.0,,,,0.21489,1.587446,1.186461,1 kg N,1 kg P2O5,1 kg K2O,8_chara,9_chara,10_chara,21.789846,95.24676,0.0,117.03660599999999
C2_2023,C2,2023,ha,Acidification,mol H+ eq,78.37,20.0,0.0,,,,0.057621,0.028972,0.018432,1 kg N,1 kg P2O5,1 kg K2O,8_chara,9_chara,10_chara,4.5157577700000004,0.5794400000000001,0.0,5.09519777
C2_2023,C2,2023,ha,Climate change,kg CO2 eq,78.37,20.0,0.0,,,,3.754282,2.846359,2.817321,1 kg N,1 kg P2O5,1 kg K2O,8_chara,9_chara,10_chara,294.22308034,56.92718,0.0,351.15026034000005
C2_2023,C2,2023,ha,Climate change - Biogenic,kg CO2 eq,78.37,20.0,0.0,,,,0.001325,0.002609,0.002402,1 kg N,1 kg P2O5,1 kg K2O,8_chara,9_chara,10_chara,0.10384025000000001,0.052180000000000004,0.0,0.15602025000000003
C2_2023,C2,2023,ha,Climate change - Fossil,kg CO2 eq,78.37,20.0,0.0,,,,3.752439,2.829413,2.809194,1 kg N,1 kg P2O5,1 kg K2O,8_chara,9_chara,10_chara,294.07864443,56.588260000000005,0.0,350.66690443
C2_2023,C2,2023,ha,Climate change - Land use and LU change,kg CO2 eq,78.37,20.0,0.0,,,,0.000518,0.014337,0.005725,1 kg N,1 kg P2O5,1 kg K2O,8_chara,9_chara,10_chara,0.040595660000000006,0.28674,0.0,0.32733566000000003
C2_2023,C2,2023,ha,"Ecotoxicity, freshwater",CTUe,78.37,20.0,0.0,,,,24.51813,397.7709,2018.182,1 kg N,1 kg P2O5,1 kg K2O,8_chara,9_chara,10_chara,1921.4858481,7955.418,0.0,9876.903848099999
C2_2023,C2,2023,ha,"Ecotoxicity, freshwater - inorganics",CTUe,78.37,20.0,0.0,,,,7.823272,76.92257,397.7561,1 kg N,1 kg P2O5,1 kg K2O,8_chara,9_chara,10_chara,613.10982664,1538.4514,0.0,2151.56122664
C2_2023,C2,2023,ha,"Ecotoxicity, freshwater - metals",CTUe,78.37,20.0,0.0,,,,16.52071,320.1271,1619.55,1 kg N,1 kg P2O5,1 kg K2O,8_chara,9_chara,10_chara,1294.7280427,6402.5419999999995,0.0,7697.2700427
C2_2023,C2,2023,ha,"Ecotoxicity, freshwater - organics",CTUe,78.37,20.0,0.0,,,,0.174143,0.721252,0.87605,1 kg N,1 kg P2O5,1 kg K2O,8_chara,9_chara,10_chara,13.64758691,14.42504,0.0,28.072626909999997
C2_2023,C2,2023,ha,"Eutrophication, freshwater",kg P eq,78.37,20.0,0.0,,,,0.000222,0.000952,0.000618,1 kg N,1 kg P2O5,1 kg K2O,8_chara,9_chara,10_chara,0.017398140000000003,0.01904,0.0,0.03643814000000001
C2_2023,C2,2023,ha,"Eutrophication, marine",kg N eq,78.37,20.0,0.0,,,,0.002677,0.002767,0.002898,1 kg N,1 kg P2O5,1 kg K2O,8_chara,9_chara,10_chara,0.20979649000000003,0.05534,0.0,0.26513649000000006
C2_2023,C2,2023,ha,"Eutrophication, terrestrial",mol N eq,78.37,20.0,0.0,,,,0.241389,0.052171,0.058383,1 kg N,1 kg P2O5,1 kg K2O,8_chara,9_chara,10_chara,18.917655930000002,1.04342,0.0,19.961075930000003
C2_2023,C2,2023,ha,"Human toxicity, cancer",CTUh,78.37,20.0,0.0,,,,5.34e-10,2.54e-09,1.77e-09,1 kg N,1 kg P2O5,1 kg K2O,8_chara,9_chara,10_chara,4.1849580000000006e-08,5.08e-08,0.0,9.264958000000001e-08
C2_2023,C2,2023,ha,"Human toxicity, cancer - inorganics",CTUh,78.37,20.0,0.0,,,,0.0,6.21e-18,5.01e-18,1 kg N,1 kg P2O5,1 kg K2O,8_chara,9_chara,10_chara,0.0,1.242e-16,0.0,1.242e-16
C2_2023,C2,2023,ha,"Human toxicity, cancer - metals",CTUh,78.37,20.0,0.0,,,,3.5e-10,2.13e-09,1.34e-09,1 kg N,1 kg P2O5,1 kg K2O,8_chara,9_chara,10_chara,2.74295e-08,4.26e-08,0.0,7.00295e-08
C2_2023,C2,2023,ha,"Human toxicity, cancer - organics",CTUh,78.37,20.0,0.0,,,,1.84e-10,4.05e-10,4.32e-10,1 kg N,1 kg P2O5,1 kg K2O,8_chara,9_chara,10_chara,1.4420080000000002e-08,8.1e-09,0.0,2.252008e-08
C2_2023,C2,2023,ha,"Human toxicity, non-cancer",CTUh,78.37,20.0,0.0,,,,2e-08,6.49e-08,9.9e-08,1 kg N,1 kg P2O5,1 kg K2O,8_chara,9_chara,10_chara,1.5674e-06,1.2980000000000001e-06,0.0,2.8654e-06
C2_2023,C2,2023,ha,"Human toxicity, non-cancer - inorganics",CTUh,78.37,20.0,0.0,,,,1.72e-09,1.45e-08,6.51e-08,1 kg N,1 kg P2O5,1 kg K2O,8_chara,9_chara,10_chara,1.347964e-07,2.9000000000000003e-07,0.0,4.247964e-07
C2_2023,C2,2023,ha,"Human toxicity, non-cancer - metals",CTUh,78.37,20.0,0.0,,,,1.73e-08,4.89e-08,3.21e-08,1 kg N,1 kg P2O5,1 kg K2O,8_chara,9_chara,10_chara,1.355801e-06,9.78e-07,0.0,2.333801e-06
C2_2023,C2,2023,ha,"Human toxicity, non-cancer - organics",CTUh,78.37,20.0,0.0,,,,1.35e-09,1.78e-09,2.01e-09,1 kg N,1 kg P2O5,1 kg K2O,8_chara,9_chara,10_chara,1.0579950000000001e-07,3.56e-08,0.0,1.4139950000000002e-07
C2_2023,C2,2023,ha,Ionising radiation,kBq U-235 eq,78.37,20.0,0.0,,,,0.099841,0.337545,0.245573,1 kg N,1 kg P2O5,1 kg K2O,8_chara,9_chara,10_chara,7.82453917,6.7509,0.0,14.57543917
C2_2023,C2,2023,ha,Land use,Pt,78.37,20.0,0.0,,,,2.291069,30.93982,25.134,1 kg N,1 kg P2O5,1 kg K2O,8_chara,9_chara,10_chara,179.55107753,618.7964000000001,0.0,798.3474775300001
C2_2023,C2,2023,ha,Ozone depletion,kg CFC11 eq,78.37,20.0,0.0,,,,3.58e-07,3.47e-07,3.94e-07,1 kg N,1 kg P2O5,1 kg K2O,8_chara,9_chara,10_chara,2.8056460000000002e-05,6.9400000000000005e-06,0.0,3.499646e-05
C2_2023,C2,2023,ha,Particulate matter,disease inc.,78.37,20.0,0.0,,,,3.99e-07,2.34e-07,2.27e-07,1 kg N,1 kg P2O5,1 kg K2O,8_chara,9_chara,10_chara,3.1269630000000005e-05,4.68e-06,0.0,3.594963000000001e-05
C2_2023,C2,2023,ha,Photochemical ozone formation,kg NMVOC eq,78.37,20.0,0.0,,,,0.003983,0.00811,0.007996,1 kg N,1 kg P2O5,1 kg K2O,8_chara,9_chara,10_chara,0.3121477100000001,0.16219999999999998,0.0,0.4743477100000001
C2_2023,C2,2023,ha,"Resource use, fossils",MJ,78.37,20.0,0.0,,,,46.52414,42.89925,42.33106,1 kg N,1 kg P2O5,1 kg K2O,8_chara,9_chara,10_chara,3646.0968518000004,857.985,0.0,4504.081851800001
C2_2023,C2,2023,ha,"Resource use, minerals and metals",kg Sb eq,78.37,20.0,0.0,,,,2.71e-05,5.39e-05,5.15e-05,1 kg N,1 kg P2O5,1 kg K2O,8_chara,9_chara,10_chara,0.0021238270000000004,0.001078,0.0,0.0032018270000000004
C2_2023,C2,2023,ha,Water use,m3 depriv.,78.37,20.0,0.0,,,,0.21489,1.587446,1.186461,1 kg N,1 kg P2O5,1 kg K2O,8_chara,9_chara,10_chara,16.8409293,31.74892,0.0,48.5898493
C2_2024,C2,2024,ha,Acidification,mol H+ eq,130.51,39.12,0.0,,,,0.057621,0.028972,0.018432,1 kg N,1 kg P2O5,1 kg K2O,8_chara,9_chara,10_chara,7.520116709999999,1.13338464,0.0,8.653501349999999
C2_2024,C2,2024,ha,Climate change,kg CO2 eq,130.51,39.12,0.0,,,,3.754282,2.846359,2.817321,1 kg N,1 kg P2O5,1 kg K2O,8_chara,9_chara,10_chara,489.97134381999996,111.34956408,0.0,601.3209079
C2_2024,C2,2024,ha,Climate change - Biogenic,kg CO2 eq,130.51,39.12,0.0,,,,0.001325,0.002609,0.002402,1 kg N,1 kg P2O5,1 kg K2O,8_chara,9_chara,10_chara,0.17292575,0.10206408,0.0,0.27498983
C2_2024,C2,2024,ha,Climate change - Fossil,kg CO2 eq,130.51,39.12,0.0,,,,3.752439,2.829413,2.809194,1 kg N,1 kg P2O5,1 kg K2O,8_chara,9_chara,10_chara,489.7308138899999,110.68663656,0.0,600.4174504499999
C2_2024,C2,2024,ha,Climate change - Land use and LU change,kg CO2 eq,130.51,39.12,0.0,,,,0.000518,0.014337,0.005725,1 kg N,1 kg P2O5,1 kg K2O,8_chara,9_chara,10_chara,0.06760418,0.56086344,0.0,0.62846762
C2_2024,C2,2024,ha,"Ecotoxicity, freshwater",CTUe,130.51,39.12,0.0,,,,24.51813,397.7709,2018.182,1 kg N,1 kg P2O5,1 kg K2O,8_chara,9_chara,10_chara,3199.8611462999997,15560.797607999999,0.0,18760.6587543
C2_2024,C2,2024,ha,"Ecotoxicity, freshwater - inorganics",CTUe,130.51,39.12,0.0,,,,7.823272,76.92257,397.7561,1 kg N,1 kg P2O5,1 kg K2O,8_chara,9_chara,10_chara,1021.01522872,3009.2109383999996,0.0,4030.2261671199994
C2_2024,C2,2024,ha,"Ecotoxicity, freshwater - metals",CTUe,130.51,39.12,0.0,,,,16.52071,320.1271,1619.55,1 kg N,1 kg P2O5,1 kg K2O,8_chara,9_chara,10_chara,2156.1178621,12523.372151999998,0.0,14679.490014099998
C2_2024,C2,2024,ha,"Ecotoxicity, freshwater - organics",CTUe,130.51,39.12,0.0,,,,0.174143,0.721252,0.87605,1 kg N,1 kg P2O5,1 kg K2O,8_chara,9_chara,10_chara,22.727402929999997,28.21537824,0.0,50.942781169999996
C2_2024,C2,2024,ha,"Eutrophication, freshwater",kg P eq,130.51,39.12,0.0,,,,0.000222,0.000952,0.000618,1 kg N,1 kg P2O5,1 kg K2O,8_chara,9_chara,10_chara,0.028973219999999997,0.03724224,0.0,0.06621546
C2_2024,C2,2024,ha,"Eutrophication, marine",kg N eq,130.51,39.12,0.0,,,,0.002677,0.002767,0.002898,1 kg N,1 kg P2O5,1 kg K2O,8_chara,9_chara,10_chara,0.34937527,0.10824503999999999,0.0,0.45762031000000003
C2_2024,C2,2024,ha,"Eutrophication, terrestrial",mol N eq,130.51,39.12,0.0,,,,0.241389,0.052171,0.058383,1 kg N,1 kg P2O5,1 kg K2O,8_chara,9_chara,10_chara,31.503678389999997,2.04092952,0.0,33.544607909999996
C2_2024,C2,2024,ha,"Human toxicity, cancer",CTUh,130.51,39.12,0.0,,,,5.34e-10,2.54e-09,1.77e-09,1 kg N,1 kg P2O5,1 kg K2O,8_chara,9_chara,10_chara,6.969234e-08,9.936479999999999e-08,0.0,1.6905714e-07
C2_2024,C2,2024,ha,"Human toxicity, cancer - inorganics",CTUh,130.51,39.12,0.0,,,,0.0,6.21e-18,5.01e-18,1 kg N,1 kg P2O5,1 kg K2O,8_chara,9_chara,10_chara,0.0,2.429352e-16,0.0,2.429352e-16
C2_2024,C2,2024,ha,"Human toxicity, cancer - metals",CTUh,130.51,39.12,0.0,,,,3.5e-10,2.13e-09,1.34e-09,1 kg N,1 kg P2O5,1 kg K2O,8_chara,9_chara,10_chara,4.5678499999999994e-08,8.332559999999999e-08,0.0,1.290041e-07
C2_2024,C2,2024,ha,"Human toxicity, cancer - organics",CTUh,130.51,39.12,0.0,,,,1.84e-10,4.05e-10,4.32e-10,1 kg N,1 kg P2O5,1 kg K2O,8_chara,9_chara,10_chara,2.401384e-08,1.5843599999999998e-08,0.0,3.985744e-08
C2_2024,C2,2024,ha,"Human toxicity, non-cancer",CTUh,130.51,39.12,0.0,,,,2e-08,6.49e-08,9.9e-08,1 kg N,1 kg P2O5,1 kg K2O,8_chara,9_chara,10_chara,2.6102e-06,2.538888e-06,0.0,5.149088e-06
C2_2024,C2,2024,ha,"Human toxicity, non-cancer - inorganics",CTUh,130.51,39.12,0.0,,,,1.72e-09,1.45e-08,6.51e-08,1 kg N,1 kg P2O5,1 kg K2O,8_chara,9_chara,10_chara,2.244772e-07,5.6724e-07,0.0,7.917172e-07
C2_2024,C2,2024,ha,"Human toxicity, non-cancer - metals",CTUh,130.51,39.12,0.0,,,,1.73e-08,4.89e-08,3.21e-08,1 kg N,1 kg P2O5,1 kg K2O,8_chara,9_chara,10_chara,2.257823e-06,1.912968e-06,0.0,4.1707909999999995e-06
C2_2024,C2,2024,ha,"Human toxicity, non-cancer - organics",CTUh,130.51,39.12,0.0,,,,1.35e-09,1.78e-09,2.01e-09,1 kg N,1 kg P2O5,1 kg K2O,8_chara,9_chara,10_chara,1.761885e-07,6.963359999999999e-08,0.0,2.458221e-07
C2_2024,C2,2024,ha,Ionising radiation,kBq U-235 eq,130.51,39.12,0.0,,,,0.099841,0.337545,0.245573,1 kg N,1 kg P2O5,1 kg K2O,8_chara,9_chara,10_chara,13.03024891,13.204760399999998,0.0,26.235009309999995
C2_2024,C2,2024,ha,Land use,Pt,130.51,39.12,0.0,,,,2.291069,30.93982,25.134,1 kg N,1 kg P2O5,1 kg K2O,8_chara,9_chara,10_chara,299.00741518999996,1210.3657584,0.0,1509.37317359
C2_2024,C2,2024,ha,Ozone depletion,kg CFC11 eq,130.51,39.12,0.0,,,,3.58e-07,3.47e-07,3.94e-07,1 kg N,1 kg P2O5,1 kg K2O,8_chara,9_chara,10_chara,4.672258e-05,1.357464e-05,0.0,6.029722e-05
C2_2024,C2,2024,ha,Particulate matter,disease inc.,130.51,39.12,0.0,,,,3.99e-07,2.34e-07,2.27e-07,1 kg N,1 kg P2O5,1 kg K2O,8_chara,9_chara,10_chara,5.2073489999999995e-05,9.15408e-06,0.0,6.122756999999999e-05
C2_2024,C2,2024,ha,Photochemical ozone formation,kg NMVOC eq,130.51,39.12,0.0,,,,0.003983,0.00811,0.007996,1 kg N,1 kg P2O5,1 kg K2O,8_chara,9_chara,10_chara,0.51982133,0.31726319999999997,0.0,0.8370845299999999
C2_2024,C2,2024,ha,"Resource use, fossils",MJ,130.51,39.12,0.0,,,,46.52414,42.89925,42.33106,1 kg N,1 kg P2O5,1 kg K2O,8_chara,9_chara,10_chara,6071.8655114,1678.21866,0.0,7750.0841714
C2_2024,C2,2024,ha,"Resource use, minerals and metals",kg Sb eq,130.51,39.12,0.0,,,,2.71e-05,5.39e-05,5.15e-05,1 kg N,1 kg P2O5,1 kg K2O,8_chara,9_chara,10_chara,0.003536821,0.002108568,0.0,0.005645389
C2_2024,C2,2024,ha,Water use,m3 depriv.,130.51,39.12,0.0,,,,0.21489,1.587446,1.186461,1 kg N,1 kg P2O5,1 kg K2O,8_chara,9_chara,10_chara,28.045293899999997,62.10088751999999,0.0,90.14618141999999
C3_2022,C3,2022,ha,Acidification,mol H+ eq,109.9,20.0,0.0,,,,0.057621,0.028972,0.018432,1 kg N,1 kg P2O5,1 kg K2O,8_chara,9_chara,10_chara,6.3325479,0.5794400000000001,0.0,6.9119879
C3_2022,C3,2022,ha,Climate change,kg CO2 eq,109.9,20.0,0.0,,,,3.754282,2.846359,2.817321,1 kg N,1 kg P2O5,1 kg K2O,8_chara,9_chara,10_chara,412.5955918,56.92718,0.0,469.52277180000004
C3_2022,C3,2022,ha,Climate change - Biogenic,kg CO2 eq,109.9,20.0,0.0,,,,0.001325,0.002609,0.002402,1 kg N,1 kg P2O5,1 kg K2O,8_chara,9_chara,10_chara,0.1456175,0.052180000000000004,0.0,0.19779750000000001
C3_2022,C3,2022,ha,Climate change - Fossil,kg CO2 eq,109.9,20.0,0.0,,,,3.752439,2.829413,2.809194,1 kg N,1 kg P2O5,1 kg K2O,8_chara,9_chara,10_chara,412.3930461,56.588260000000005,0.0,468.9813061
C3_2022,C3,2022,ha,Climate change - Land use and LU change,kg CO2 eq,109.9,20.0,0.0,,,,0.000518,0.014337,0.005725,1 kg N,1 kg P2O5,1 kg K2O,8_chara,9_chara,10_chara,0.056928200000000005,0.28674,0.0,0.3436682
C3_2022,C3,2022,ha,"Ecotoxicity, freshwater",CTUe,109.9,20.0,0.0,,,,24.51813,397.7709,2018.182,1 kg N,1 kg P2O5,1 kg K2O,8_chara,9_chara,10_chara,2694.542487,7955.418,0.0,10649.960487
C3_2022,C3,2022,ha,"Ecotoxicity, freshwater - inorganics",CTUe,109.9,20.0,0.0,,,,7.823272,76.92257,397.7561,1 kg N,1 kg P2O5,1 kg K2O,8_chara,9_chara,10_chara,859.7775928000001,1538.4514,0.0,2398.2289928
C3_2022,C3,2022,ha,"Ecotoxicity, freshwater - metals",CTUe,109.9,20.0,0.0,,,,16.52071,320.1271,1619.55,1 kg N,1 kg P2O5,1 kg K2O,8_chara,9_chara,10_chara,1815.6260290000002,6402.5419999999995,0.0,8218.168029
C3_2022,C3,2022,ha,"Ecotoxicity, freshwater - organics",CTUe,109.9,20.0,0.0,,,,0.174143,0.721252,0.87605,1 kg N,1 kg P2O5,1 kg K2O,8_chara,9_chara,10_chara,19.1383157,14.42504,0.0,33.5633557
C3_2022,C3,2022,ha,"Eutrophication, freshwater",kg P eq,109.9,20.0,0.0,,,,0.000222,0.000952,0.000618,1 kg N,1 kg P2O5,1 kg K2O,8_chara,9_chara,10_chara,0.0243978,0.01904,0.0,0.0434378
C3_2022,C3,2022,ha,"Eutrophication, marine",kg N eq,109.9,20.0,0.0,,,,0.002677,0.002767,0.002898,1 kg N,1 kg P2O5,1 kg K2O,8_chara,9_chara,10_chara,0.2942023,0.05534,0.0,0.34954230000000003
C3_2022,C3,2022,ha,"Eutrophication, terrestrial",mol N eq,109.9,20.0,0.0,,,,0.241389,0.052171,0.058383,1 kg N,1 kg P2O5,1 kg K2O,8_chara,9_chara,10_chara,26.5286511,1.04342,0.0,27.572071100000002
C3_2022,C3,2022,ha,"Human toxicity, cancer",CTUh,109.9,20.0,0.0,,,,5.34e-10,2.54e-09,1.77e-09,1 kg N,1 kg P2O5,1 kg K2O,8_chara,9_chara,10_chara,5.8686600000000006e-08,5.08e-08,0.0,1.0948660000000001e-07
C3_2022,C3,2022,ha,"Human toxicity, cancer - inorganics",CTUh,109.9,20.0,0.0,,,,0.0,6.21e-18,5.01e-18,1 kg N,1 kg P2O5,1 kg K2O,8_chara,9_chara,10_chara,0.0,1.242e-16,0.0,1.242e-16
C3_2022,C3,2022,ha,"Human toxicity, cancer - metals",CTUh,109.9,20.0,0.0,,,,3.5e-10,2.13e-09,1.34e-09,1 kg N,1 kg P2O5,1 kg K2O,8_chara,9_chara,10_chara,3.8465e-08,4.26e-08,0.0,8.106499999999999e-08
C3_2022,C3,2022,ha,"Human toxicity, cancer - organics",CTUh,109.9,20.0,0.0,,,,1.84e-10,4.05e-10,4.32e-10,1 kg N,1 kg P2O5,1 kg K2O,8_chara,9_chara,10_chara,2.0221600000000002e-08,8.1e-09,0.0,2.8321600000000002e-08
C3_2022,C3,2022,ha,"Human toxicity, non-cancer",CTUh,109.9,20.0,0.0,,,,2e-08,6.49e-08,9.9e-08,1 kg N,1 kg P2O5,1 kg K2O,8_chara,9_chara,10_chara,2.198e-06,1.2980000000000001e-06,0.0,3.496e-06
C3_2022,C3,2022,ha,"Human toxicity, non-cancer - inorganics",CTUh,109.9,20.0,0.0,,,,1.72e-09,1.45e-08,6.51e-08,1 kg N,1 kg P2O5,1 kg K2O,8_chara,9_chara,10_chara,1.8902800000000002e-07,2.9000000000000003e-07,0.0,4.79028e-07
C3_2022,C3,2022,ha,"Human toxicity, non-cancer - metals",CTUh,109.9,20.0,0.0,,,,1.73e-08,4.89e-08,3.21e-08,1 kg N,1 kg P2O5,1 kg K2O,8_chara,9_chara,10_chara,1.9012700000000001e-06,9.78e-07,0.0,2.87927e-06
C3_2022,C3,2022,ha,"Human toxicity, non-cancer - organics",CTUh,109.9,20.0,0.0,,,,1.35e-09,1.78e-09,2.01e-09,1 kg N,1 kg P2O5,1 kg K2O,8_chara,9_chara,10_chara,1.4836500000000002e-07,3.56e-08,0.0,1.8396500000000002e-07
C3_2022,C3,2022,ha,Ionising radiation,kBq U-235 eq,109.9,20.0,0.0,,,,0.099841,0.337545,0.245573,1 kg N,1 kg P2O5,1 kg K2O,8_chara,9_chara,10_chara,10.9725259,6.7509,0.0,17.723425900000002
C3_2022,C3,2022,ha,Land use,Pt,109.9,20.0,0.0,,,,2.291069,30.93982,25.134,1 kg N,1 kg P2O5,1 kg K2O,8_chara,9_chara,10_chara,251.78848309999998,618.7964000000001,0.0,870.5848831000001
C3_2022,C3,2022,ha,Ozone depletion,kg CFC11 eq,109.9,20.0,0.0,,,,3.58e-07,3.47e-07,3.94e-07,1 kg N,1 kg P2O5,1 kg K2O,8_chara,9_chara,10_chara,3.93442e-05,6.9400000000000005e-06,0.0,4.62842e-05
C3_2022,C3,2022,ha,Particulate matter,disease inc.,109.9,20.0,0.0,,,,3.99e-07,2.34e-07,2.27e-07,1 kg N,1 kg P2O5,1 kg K2O,8_chara,9_chara,10_chara,4.38501e-05,4.68e-06,0.0,4.8530100000000005e-05
C3_2022,C3,2022,ha,Photochemical ozone formation,kg NMVOC eq,109.9,20.0,0.0,,,,0.003983,0.00811,0.007996,1 kg N,1 kg P2O5,1 kg K2O,8_chara,9_chara,10_chara,0.43773170000000006,0.16219999999999998,0.0,0.5999317000000001
C3_2022,C3,2022,ha,"Resource use, fossils",MJ,109.9,20.0,0.0,,,,46.52414,42.89925,42.33106,1 kg N,1 kg P2O5,1 kg K2O,8_chara,9_chara,10_chara,5113.002986,857.985,0.0,5970.987986
C3_2022,C3,2022,ha,"Resource use, minerals and metals",kg Sb eq,109.9,20.0,0.0,,,,2.71e-05,5.39e-05,5.15e-05,1 kg N,1 kg P2O5,1 kg K2O,8_chara,9_chara,10_chara,0.00297829,0.001078,0.0,0.004056290000000001
C3_2022,C3,2022,ha,Water use,m3 depriv.,109.9,20.0,0.0,,,,0.21489,1.587446,1.186461,1 kg N,1 kg P2O5,1 kg K2O,8_chara,9_chara,10_chara,23.616411,31.74892,0.0,55.365331
C3_2023,C3,2023,ha,Acidification,mol H+ eq,109.8,29.15,0.0,,,,0.057621,0.028972,0.018432,1 kg N,1 kg P2O5,1 kg K2O,8_chara,9_chara,10_chara,6.3267858,0.8445338,0.0,7.1713195999999995
C3_2023,C3,2023,ha,Climate change,kg CO2 eq,109.8,29.15,0.0,,,,3.754282,2.846359,2.817321,1 kg N,1 kg P2O5,1 kg K2O,8_chara,9_chara,10_chara,412.2201636,82.97136485,0.0,495.19152844999996
C3_2023,C3,2023,ha,Climate change - Biogenic,kg CO2 eq,109.8,29.15,0.0,,,,0.001325,0.002609,0.002402,1 kg N,1 kg P2O5,1 kg K2O,8_chara,9_chara,10_chara,0.145485,0.07605235,0.0,0.22153735000000002
C3_2023,C3,2023,ha,Climate change - Fossil,kg CO2 eq,109.8,29.15,0.0,,,,3.752439,2.829413,2.809194,1 kg N,1 kg P2O5,1 kg K2O,8_chara,9_chara,10_chara,412.01780219999995,82.47738895,0.0,494.49519115
C3_2023,C3,2023,ha,Climate change - Land use and LU change,kg CO2 eq,109.8,29.15,0.0,,,,0.000518,0.014337,0.005725,1 kg N,1 kg P2O5,1 kg K2O,8_chara,9_chara,10_chara,0.0568764,0.41792355,0.0,0.47479994999999997
C3_2023,C3,2023,ha,"Ecotoxicity, freshwater",CTUe,109.8,29.15,0.0,,,,24.51813,397.7709,2018.182,1 kg N,1 kg P2O5,1 kg K2O,8_chara,9_chara,10_chara,2692.090674,11595.021734999998,0.0,14287.112408999998
C3_2023,C3,2023,ha,"Ecotoxicity, freshwater - inorganics",CTUe,109.8,29.15,0.0,,,,7.823272,76.92257,397.7561,1 kg N,1 kg P2O5,1 kg K2O,8_chara,9_chara,10_chara,858.9952656,2242.2929154999997,0.0,3101.2881810999997
C3_2023,C3,2023,ha,"Ecotoxicity, freshwater - metals",CTUe,109.8,29.15,0.0,,,,16.52071,320.1271,1619.55,1 kg N,1 kg P2O5,1 kg K2O,8_chara,9_chara,10_chara,1813.973958,9331.704964999999,0.0,11145.678923
C3_2023,C3,2023,ha,"Ecotoxicity, freshwater - organics",CTUe,109.8,29.15,0.0,,,,0.174143,0.721252,0.87605,1 kg N,1 kg P2O5,1 kg K2O,8_chara,9_chara,10_chara,19.120901399999997,21.0244958,0.0,40.1453972
C3_2023,C3,2023,ha,"Eutrophication, freshwater",kg P eq,109.8,29.15,0.0,,,,0.000222,0.000952,0.000618,1 kg N,1 kg P2O5,1 kg K2O,8_chara,9_chara,10_chara,0.0243756,0.0277508,0.0,0.0521264
C3_2023,C3,2023,ha,"Eutrophication, marine",kg N eq,109.8,29.15,0.0,,,,0.002677,0.002767,0.002898,1 kg N,1 kg P2O5,1 kg K2O,8_chara,9_chara,10_chara,0.2939346,0.08065805,0.0,0.37459264999999997
C3_2023,C3,2023,ha,"Eutrophication, terrestrial",mol N eq,109.8,29.15,0.0,,,,0.241389,0.052171,0.058383,1 kg N,1 kg P2O5,1 kg K2O,8_chara,9_chara,10_chara,26.504512199999997,1.52078465,0.0,28.025296849999997
C3_2023,C3,2023,ha,"Human toxicity, cancer",CTUh,109.8,29.15,0.0,,,,5.34e-10,2.54e-09,1.77e-09,1 kg N,1 kg P2O5,1 kg K2O,8_chara,9_chara,10_chara,5.86332e-08,7.4041e-08,0.0,1.326742e-07
C3_2023,C3,2023,ha,"Human toxicity, cancer - inorganics",CTUh,109.8,29.15,0.0,,,,0.0,6.21e-18,5.01e-18,1 kg N,1 kg P2O5,1 kg K2O,8_chara,9_chara,10_chara,0.0,1.8102149999999998e-16,0.0,1.8102149999999998e-16
C3_2023,C3,2023,ha,"Human toxicity, cancer - metals",CTUh,109.8,29.15,0.0,,,,3.5e-10,2.13e-09,1.34e-09,1 kg N,1 kg P2O5,1 kg K2O,8_chara,9_chara,10_chara,3.8429999999999994e-08,6.20895e-08,0.0,1.0051949999999999e-07
C3_2023,C3,2023,ha,"Human toxicity, cancer - organics",CTUh,109.8,29.15,0.0,,,,1.84e-10,4.05e-10,4.32e-10,1 kg N,1 kg P2O5,1 kg K2O,8_chara,9_chara,10_chara,2.02032e-08,1.180575e-08,0.0,3.2008949999999996e-08
C3_2023,C3,2023,ha,"Human toxicity, non-cancer",CTUh,109.8,29.15,0.0,,,,2e-08,6.49e-08,9.9e-08,1 kg N,1 kg P2O5,1 kg K2O,8_chara,9_chara,10_chara,2.196e-06,1.8918350000000002e-06,0.0,4.087835e-06
C3_2023,C3,2023,ha,"Human toxicity, non-cancer - inorganics",CTUh,109.8,29.15,0.0,,,,1.72e-09,1.45e-08,6.51e-08,1 kg N,1 kg P2O5,1 kg K2O,8_chara,9_chara,10_chara,1.88856e-07,4.22675e-07,0.0,6.11531e-07
C3_2023,C3,2023,ha,"Human toxicity, non-cancer - metals",CTUh,109.8,29.15,0.0,,,,1.73e-08,4.89e-08,3.21e-08,1 kg N,1 kg P2O5,1 kg K2O,8_chara,9_chara,10_chara,1.8995399999999998e-06,1.425435e-06,0.0,3.324975e-06
C3_2023,C3,2023,ha,"Human toxicity, non-cancer - organics",CTUh,109.8,29.15,0.0,,,,1.35e-09,1.78e-09,2.01e-09,1 kg N,1 kg P2O5,1 kg K2O,8_chara,9_chara,10_chara,1.4823e-07,5.1887e-08,0.0,2.00117e-07
C3_2023,C3,2023,ha,Ionising radiation,kBq U-235 eq,109.8,29.15,0.0,,,,0.099841,0.337545,0.245573,1 kg N,1 kg P2O5,1 kg K2O,8_chara,9_chara,10_chara,10.9625418,9.839436749999999,0.0,20.80197855
C3_2023,C3,2023,ha,Land use,Pt,109.8,29.15,0.0,,,,2.291069,30.93982,25.134,1 kg N,1 kg P2O5,1 kg K2O,8_chara,9_chara,10_chara,251.55937619999997,901.895753,0.0,1153.4551292
C3_2023,C3,2023,ha,Ozone depletion,kg CFC11 eq,109.8,29.15,0.0,,,,3.58e-07,3.47e-07,3.94e-07,1 kg N,1 kg P2O5,1 kg K2O,8_chara,9_chara,10_chara,3.93084e-05,1.011505e-05,0.0,4.9423449999999995e-05
C3_2023,C3,2023,ha,Particulate matter,disease inc.,109.8,29.15,0.0,,,,3.99e-07,2.34e-07,2.27e-07,1 kg N,1 kg P2O5,1 kg K2O,8_chara,9_chara,10_chara,4.38102e-05,6.8211e-06,0.0,5.0631300000000004e-05
C3_2023,C3,2023,ha,Photochemical ozone formation,kg NMVOC eq,109.8,29.15,0.0,,,,0.003983,0.00811,0.007996,1 kg N,1 kg P2O5,1 kg K2O,8_chara,9_chara,10_chara,0.43733340000000004,0.23640649999999996,0.0,0.6737399
C3_2023,C3,2023,ha,"Resource use, fossils",MJ,109.8,29.15,0.0,,,,46.52414,42.89925,42.33106,1 kg N,1 kg P2O5,1 kg K2O,8_chara,9_chara,10_chara,5108.350572,1250.5131375,0.0,6358.8637095
C3_2023,C3,2023,ha,"Resource use, minerals and metals",kg Sb eq,109.8,29.15,0.0,,,,2.71e-05,5.39e-05,5.15e-05,1 kg N,1 kg P2O5,1 kg K2O,8_chara,9_chara,10_chara,0.0029755800000000002,0.001571185,0.0,0.004546765
C3_2023,C3,2023,ha,Water use,m3 depriv.,109.8,29.15,0.0,,,,0.21489,1.587446,1.186461,1 kg N,1 kg P2O5,1 kg K2O,8_chara,9_chara,10_chara,23.594922,46.27405089999999,0.0,69.86897289999999
C3_2024,C3,2024,ha,Acidification,mol H+ eq,114.4,44.43,0.0,,,,0.057621,0.028972,0.018432,1 kg N,1 kg P2O5,1 kg K2O,8_chara,9_chara,10_chara,6.5918424,1.28722596,0.0,7.87906836
C3_2024,C3,2024,ha,Climate change,kg CO2 eq,114.4,44.43,0.0,,,,3.754282,2.846359,2.817321,1 kg N,1 kg P2O5,1 kg K2O,8_chara,9_chara,10_chara,429.48986080000003,126.46373037000001,0.0,555.95359117
C3_2024,C3,2024,ha,Climate change - Biogenic,kg CO2 eq,114.4,44.43,0.0,,,,0.001325,0.002609,0.002402,1 kg N,1 kg P2O5,1 kg K2O,8_chara,9_chara,10_chara,0.15158000000000002,0.11591787,0.0,0.26749787
C3_2024,C3,2024,ha,Climate change - Fossil,kg CO2 eq,114.4,44.43,0.0,,,,3.752439,2.829413,2.809194,1 kg N,1 kg P2O5,1 kg K2O,8_chara,9_chara,10_chara,429.2790216,125.71081959000001,0.0,554.98984119
C3_2024,C3,2024,ha,Climate change - Land use and LU change,kg CO2 eq,114.4,44.43,0.0,,,,0.000518,0.014337,0.005725,1 kg N,1 kg P2O5,1 kg K2O,8_chara,9_chara,10_chara,0.059259200000000005,0.63699291,0.0,0.69625211
C3_2024,C3,2024,ha,"Ecotoxicity, freshwater",CTUe,114.4,44.43,0.0,,,,24.51813,397.7709,2018.182,1 kg N,1 kg P2O5,1 kg K2O,8_chara,9_chara,10_chara,2804.874072,17672.961087,0.0,20477.835159
C3_2024,C3,2024,ha,"Ecotoxicity, freshwater - inorganics",CTUe,114.4,44.43,0.0,,,,7.823272,76.92257,397.7561,1 kg N,1 kg P2O5,1 kg K2O,8_chara,9_chara,10_chara,894.9823168,3417.6697851,0.0,4312.6521019
C3_2024,C3,2024,ha,"Ecotoxicity, freshwater - metals",CTUe,114.4,44.43,0.0,,,,16.52071,320.1271,1619.55,1 kg N,1 kg P2O5,1 kg K2O,8_chara,9_chara,10_chara,1889.9692240000002,14223.247053,0.0,16113.216277
C3_2024,C3,2024,ha,"Ecotoxicity, freshwater - organics",CTUe,114.4,44.43,0.0,,,,0.174143,0.721252,0.87605,1 kg N,1 kg P2O5,1 kg K2O,8_chara,9_chara,10_chara,19.9219592,32.04522636,0.0,51.967185560000004
C3_2024,C3,2024,ha,"Eutrophication, freshwater",kg P eq,114.4,44.43,0.0,,,,0.000222,0.000952,0.000618,1 kg N,1 kg P2O5,1 kg K2O,8_chara,9_chara,10_chara,0.0253968,0.04229736,0.0,0.06769416
C3_2024,C3,2024,ha,"Eutrophication, marine",kg N eq,114.4,44.43,0.0,,,,0.002677,0.002767,0.002898,1 kg N,1 kg P2O5,1 kg K2O,8_chara,9_chara,10_chara,0.30624880000000004,0.12293781,0.0,0.42918661
C3_2024,C3,2024,ha,"Eutrophication, terrestrial",mol N eq,114.4,44.43,0.0,,,,0.241389,0.052171,0.058383,1 kg N,1 kg P2O5,1 kg K2O,8_chara,9_chara,10_chara,27.6149016,2.31795753,0.0,29.93285913
C3_2024,C3,2024,ha,"Human toxicity, cancer",CTUh,114.4,44.43,0.0,,,,5.34e-10,2.54e-09,1.77e-09,1 kg N,1 kg P2O5,1 kg K2O,8_chara,9_chara,10_chara,6.10896e-08,1.128522e-07,0.0,1.739418e-07
C3_2024,C3,2024,ha,"Human toxicity, cancer - inorganics",CTUh,114.4,44.43,0.0,,,,0.0,6.21e-18,5.01e-18,1 kg N,1 kg P2O5,1 kg K2O,8_chara,9_chara,10_chara,0.0,2.7591030000000003e-16,0.0,2.7591030000000003e-16
C3_2024,C3,2024,ha,"Human toxicity, cancer - metals",CTUh,114.4,44.43,0.0,,,,3.5e-10,2.13e-09,1.34e-09,1 kg N,1 kg P2O5,1 kg K2O,8_chara,9_chara,10_chara,4.004e-08,9.46359e-08,0.0,1.346759e-07
C3_2024,C3,2024,ha,"Human toxicity, cancer - organics",CTUh,114.4,44.43,0.0,,,,1.84e-10,4.05e-10,4.32e-10,1 kg N,1 kg P2O5,1 kg K2O,8_chara,9_chara,10_chara,2.10496e-08,1.799415e-08,0.0,3.904375e-08
C3_2024,C3,2024,ha,"Human toxicity, non-cancer",CTUh,114.4,44.43,0.0,,,,2e-08,6.49e-08,9.9e-08,1 kg N,1 kg P2O5,1 kg K2O,8_chara,9_chara,10_chara,2.2880000000000004e-06,2.8835070000000004e-06,0.0,5.171507e-06
C3_2024,C3,2024,ha,"Human toxicity, non-cancer - inorganics",CTUh,114.4,44.43,0.0,,,,1.72e-09,1.45e-08,6.51e-08,1 kg N,1 kg P2O5,1 kg K2O,8_chara,9_chara,10_chara,1.96768e-07,6.44235e-07,0.0,8.410030000000001e-07
C3_2024,C3,2024,ha,"Human toxicity, non-cancer - metals",CTUh,114.4,44.43,0.0,,,,1.73e-08,4.89e-08,3.21e-08,1 kg N,1 kg P2O5,1 kg K2O,8_chara,9_chara,10_chara,1.97912e-06,2.172627e-06,0.0,4.151747e-06
C3_2024,C3,2024,ha,"Human toxicity, non-cancer - organics",CTUh,114.4,44.43,0.0,,,,1.35e-09,1.78e-09,2.01e-09,1 kg N,1 kg P2O5,1 kg K2O,8_chara,9_chara,10_chara,1.5444000000000003e-07,7.90854e-08,0.0,2.3352540000000004e-07
C3_2024,C3,2024,ha,Ionising radiation,kBq U-235 eq,114.4,44.43,0.0,,,,0.099841,0.337545,0.245573,1 kg N,1 kg P2O5,1 kg K2O,8_chara,9_chara,10_chara,11.4218104,14.99712435,0.0,26.41893475
C3_2024,C3,2024,ha,Land use,Pt,114.4,44.43,0.0,,,,2.291069,30.93982,25.134,1 kg N,1 kg P2O5,1 kg K2O,8_chara,9_chara,10_chara,262.0982936,1374.6562026000001,0.0,1636.7544962000002
C3_2024,C3,2024,ha,Ozone depletion,kg CFC11 eq,114.4,44.43,0.0,,,,3.58e-07,3.47e-07,3.94e-07,1 kg N,1 kg P2O5,1 kg K2O,8_chara,9_chara,10_chara,4.0955200000000004e-05,1.541721e-05,0.0,5.637241e-05
C3_2024,C3,2024,ha,Particulate matter,disease inc.,114.4,44.43,0.0,,,,3.99e-07,2.34e-07,2.27e-07,1 kg N,1 kg P2O5,1 kg K2O,8_chara,9_chara,10_chara,4.56456e-05,1.039662e-05,0.0,5.6042220000000005e-05
C3_2024,C3,2024,ha,Photochemical ozone formation,kg NMVOC eq,114.4,44.43,0.0,,,,0.003983,0.00811,0.007996,1 kg N,1 kg P2O5,1 kg K2O,8_chara,9_chara,10_chara,0.4556552000000001,0.36032729999999996,0.0,0.8159825
C3_2024,C3,2024,ha,"Resource use, fossils",MJ,114.4,44.43,0.0,,,,46.52414,42.89925,42.33106,1 kg N,1 kg P2O5,1 kg K2O,8_chara,9_chara,10_chara,5322.361616,1906.0136775,0.0,7228.3752935
C3_2024,C3,2024,ha,"Resource use, minerals and metals",kg Sb eq,114.4,44.43,0.0,,,,2.71e-05,5.39e-05,5.15e-05,1 kg N,1 kg P2O5,1 kg K2O,8_chara,9_chara,10_chara,0.00310024,0.0023947770000000003,0.0,0.0054950170000000005
C3_2024,C3,2024,ha,Water use,m3 depriv.,114.4,44.43,0.0,,,,0.21489,1.587446,1.186461,1 kg N,1 kg P2O5,1 kg K2O,8_chara,9_chara,10_chara,24.583416,70.53022578,0.0,95.11364178
C4_2022,C4,2022,ha,Acidification,mol H+ eq,102.79,39.0,39.0,,,,0.057621,0.028972,0.018432,1 kg N,1 kg P2O5,1 kg K2O,8_chara,9_chara,10_chara,5.92286259,1.1299080000000001,0.718848,7.771618590000001
C4_2022,C4,2022,ha,Climate change,kg CO2 eq,102.79,39.0,39.0,,,,3.754282,2.846359,2.817321,1 kg N,1 kg P2O5,1 kg K2O,8_chara,9_chara,10_chara,385.90264678,111.00800100000001,109.87551900000001,606.78616678
C4_2022,C4,2022,ha,Climate change - Biogenic,kg CO2 eq,102.79,39.0,39.0,,,,0.001325,0.002609,0.002402,1 kg N,1 kg P2O5,1 kg K2O,8_chara,9_chara,10_chara,0.13619675,0.10175100000000001,0.093678,0.33162575
C4_2022,C4,2022,ha,Climate change - Fossil,kg CO2 eq,102.79,39.0,39.0,,,,3.752439,2.829413,2.809194,1 kg N,1 kg P2O5,1 kg K2O,8_chara,9_chara,10_chara,385.71320481000004,110.34710700000001,109.55856600000001,605.6188778100001
C4_2022,C4,2022,ha,Climate change - Land use and LU change,kg CO2 eq,102.79,39.0,39.0,,,,0.000518,0.014337,0.005725,1 kg N,1 kg P2O5,1 kg K2O,8_chara,9_chara,10_chara,0.05324522,0.5591430000000001,0.223275,0.83566322
C4_2022,C4,2022,ha,"Ecotoxicity, freshwater",CTUe,102.79,39.0,39.0,,,,24.51813,397.7709,2018.182,1 kg N,1 kg P2O5,1 kg K2O,8_chara,9_chara,10_chara,2520.2185827000003,15513.0651,78709.098,96742.3816827
C4_2022,C4,2022,ha,"Ecotoxicity, freshwater - inorganics",CTUe,102.79,39.0,39.0,,,,7.823272,76.92257,397.7561,1 kg N,1 kg P2O5,1 kg K2O,8_chara,9_chara,10_chara,804.15412888,2999.9802299999997,15512.4879,19316.62225888
C4_2022,C4,2022,ha,"Ecotoxicity, freshwater - metals",CTUe,102.79,39.0,39.0,,,,16.52071,320.1271,1619.55,1 kg N,1 kg P2O5,1 kg K2O,8_chara,9_chara,10_chara,1698.1637809000001,12484.9569,63162.45,77345.5706809
C4_2022,C4,2022,ha,"Ecotoxicity, freshwater - organics",CTUe,102.79,39.0,39.0,,,,0.174143,0.721252,0.87605,1 kg N,1 kg P2O5,1 kg K2O,8_chara,9_chara,10_chara,17.90015897,28.128828,34.16595,80.19493697
C4_2022,C4,2022,ha,"Eutrophication, freshwater",kg P eq,102.79,39.0,39.0,,,,0.000222,0.000952,0.000618,1 kg N,1 kg P2O5,1 kg K2O,8_chara,9_chara,10_chara,0.02281938,0.037128,0.024102,0.08404938
C4_2022,C4,2022,ha,"Eutrophication, marine",kg N eq,102.79,39.0,39.0,,,,0.002677,0.002767,0.002898,1 kg N,1 kg P2O5,1 kg K2O,8_chara,9_chara,10_chara,0.27516883000000003,0.107913,0.113022,0.49610383
C4_2022,C4,2022,ha,"Eutrophication, terrestrial",mol N eq,102.79,39.0,39.0,,,,0.241389,0.052171,0.058383,1 kg N,1 kg P2O5,1 kg K2O,8_chara,9_chara,10_chara,24.81237531,2.034669,2.2769369999999998,29.12398131
C4_2022,C4,2022,ha,"Human toxicity, cancer",CTUh,102.79,39.0,39.0,,,,5.34e-10,2.54e-09,1.77e-09,1 kg N,1 kg P2O5,1 kg K2O,8_chara,9_chara,10_chara,5.4889860000000005e-08,9.906e-08,6.903e-08,2.2297986e-07
C4_2022,C4,2022,ha,"Human toxicity, cancer - inorganics",CTUh,102.79,39.0,39.0,,,,0.0,6.21e-18,5.01e-18,1 kg N,1 kg P2O5,1 kg K2O,8_chara,9_chara,10_chara,0.0,2.4219e-16,1.9539e-16,4.3758e-16
C4_2022,C4,2022,ha,"Human toxicity, cancer - metals",CTUh,102.79,39.0,39.0,,,,3.5e-10,2.13e-09,1.34e-09,1 kg N,1 kg P2O5,1 kg K2O,8_chara,9_chara,10_chara,3.59765e-08,8.306999999999999e-08,5.226e-08,1.7130649999999997e-07
C4_2022,C4,2022,ha,"Human toxicity, cancer - organics",CTUh,102.79,39.0,39.0,,,,1.84e-10,4.05e-10,4.32e-10,1 kg N,1 kg P2O5,1 kg K2O,8_chara,9_chara,10_chara,1.891336e-08,1.5795e-08,1.6848e-08,5.1556360000000004e-08
C4_2022,C4,2022,ha,"Human toxicity, non-cancer",CTUh,102.79,39.0,39.0,,,,2e-08,6.49e-08,9.9e-08,1 kg N,1 kg P2O5,1 kg K2O,8_chara,9_chara,10_chara,2.0558000000000003e-06,2.5311e-06,3.861e-06,8.447900000000001e-06
C4_2022,C4,2022,ha,"Human toxicity, non-cancer - inorganics",CTUh,102.79,39.0,39.0,,,,1.72e-09,1.45e-08,6.51e-08,1 kg N,1 kg P2O5,1 kg K2O,8_chara,9_chara,10_chara,1.767988e-07,5.655e-07,2.5389e-06,3.2811988e-06
C4_2022,C4,2022,ha,"Human toxicity, non-cancer - metals",CTUh,102.79,39.0,39.0,,,,1.73e-08,4.89e-08,3.21e-08,1 kg N,1 kg P2O5,1 kg K2O,8_chara,9_chara,10_chara,1.7782670000000001e-06,1.9071000000000001e-06,1.2519e-06,4.937267e-06
C4_2022,C4,2022,ha,"Human toxicity, non-cancer - organics",CTUh,102.79,39.0,39.0,,,,1.35e-09,1.78e-09,2.01e-09,1 kg N,1 kg P2O5,1 kg K2O,8_chara,9_chara,10_chara,1.3876650000000003e-07,6.942e-08,7.838999999999999e-08,2.865765e-07
C4_2022,C4,2022,ha,Ionising radiation,kBq U-235 eq,102.79,39.0,39.0,,,,0.099841,0.337545,0.245573,1 kg N,1 kg P2O5,1 kg K2O,8_chara,9_chara,10_chara,10.26265639,13.164254999999999,9.577347000000001,33.004258390000004
C4_2022,C4,2022,ha,Land use,Pt,102.79,39.0,39.0,,,,2.291069,30.93982,25.134,1 kg N,1 kg P2O5,1 kg K2O,8_chara,9_chara,10_chara,235.49898251,1206.65298,980.226,2422.37796251
C4_2022,C4,2022,ha,Ozone depletion,kg CFC11 eq,102.79,39.0,39.0,,,,3.58e-07,3.47e-07,3.94e-07,1 kg N,1 kg P2O5,1 kg K2O,8_chara,9_chara,10_chara,3.6798820000000006e-05,1.3533e-05,1.5366e-05,6.569782000000001e-05
C4_2022,C4,2022,ha,Particulate matter,disease inc.,102.79,39.0,39.0,,,,3.99e-07,2.34e-07,2.27e-07,1 kg N,1 kg P2O5,1 kg K2O,8_chara,9_chara,10_chara,4.101321e-05,9.126e-06,8.853e-06,5.899221e-05
C4_2022,C4,2022,ha,Photochemical ozone formation,kg NMVOC eq,102.79,39.0,39.0,,,,0.003983,0.00811,0.007996,1 kg N,1 kg P2O5,1 kg K2O,8_chara,9_chara,10_chara,0.4094125700000001,0.31628999999999996,0.311844,1.03754657
C4_2022,C4,2022,ha,"Resource use, fossils",MJ,102.79,39.0,39.0,,,,46.52414,42.89925,42.33106,1 kg N,1 kg P2O5,1 kg K2O,8_chara,9_chara,10_chara,4782.216350600001,1673.07075,1650.91134,8106.198440600001
C4_2022,C4,2022,ha,"Resource use, minerals and metals",kg Sb eq,102.79,39.0,39.0,,,,2.71e-05,5.39e-05,5.15e-05,1 kg N,1 kg P2O5,1 kg K2O,8_chara,9_chara,10_chara,0.0027856090000000005,0.0021021,0.0020085,0.006896209
C4_2022,C4,2022,ha,Water use,m3 depriv.,102.79,39.0,39.0,,,,0.21489,1.587446,1.186461,1 kg N,1 kg P2O5,1 kg K2O,8_chara,9_chara,10_chara,22.088543100000003,61.910394,46.271979,130.27091610000002
C4_2023,C4,2023,ha,Acidification,mol H+ eq,146.48,30.0,0.0,,,,0.057621,0.028972,0.018432,1 kg N,1 kg P2O5,1 kg K2O,8_chara,9_chara,10_chara,8.44032408,0.86916,0.0,9.30948408
C4_2023,C4,2023,ha,Climate change,kg CO2 eq,146.48,30.0,0.0,,,,3.754282,2.846359,2.817321,1 kg N,1 kg P2O5,1 kg K2O,8_chara,9_chara,10_chara,549.92722736,85.39077,0.0,635.3179973599999
C4_2023,C4,2023,ha,Climate change - Biogenic,kg CO2 eq,146.48,30.0,0.0,,,,0.001325,0.002609,0.002402,1 kg N,1 kg P2O5,1 kg K2O,8_chara,9_chara,10_chara,0.19408599999999998,0.07827,0.0,0.272356
C4_2023,C4,2023,ha,Climate change - Fossil,kg CO2 eq,146.48,30.0,0.0,,,,3.752439,2.829413,2.809194,1 kg N,1 kg P2O5,1 kg K2O,8_chara,9_chara,10_chara,549.65726472,84.88239,0.0,634.5396547199999
C4_2023,C4,2023,ha,Climate change - Land use and LU change,kg CO2 eq,146.48,30.0,0.0,,,,0.000518,0.014337,0.005725,1 kg N,1 kg P2O5,1 kg K2O,8_chara,9_chara,10_chara,0.07587664,0.43011000000000005,0.0,0.50598664
C4_2023,C4,2023,ha,"Ecotoxicity, freshwater",CTUe,146.48,30.0,0.0,,,,24.51813,397.7709,2018.182,1 kg N,1 kg P2O5,1 kg K2O,8_chara,9_chara,10_chara,3591.4156823999997,11933.127,0.0,15524.5426824
C4_2023,C4,2023,ha,"Ecotoxicity, freshwater - inorganics",CTUe,146.48,30.0,0.0,,,,7.823272,76.92257,397.7561,1 kg N,1 kg P2O5,1 kg K2O,8_chara,9_chara,10_chara,1145.95288256,2307.6771,0.0,3453.62998256
C4_2023,C4,2023,ha,"Ecotoxicity, freshwater - metals",CTUe,146.48,30.0,0.0,,,,16.52071,320.1271,1619.55,1 kg N,1 kg P2O5,1 kg K2O,8_chara,9_chara,10_chara,2419.9536008,9603.813,0.0,12023.7666008
C4_2023,C4,2023,ha,"Ecotoxicity, freshwater - organics",CTUe,146.48,30.0,0.0,,,,0.174143,0.721252,0.87605,1 kg N,1 kg P2O5,1 kg K2O,8_chara,9_chara,10_chara,25.508466639999998,21.63756,0.0,47.14602664
C4_2023,C4,2023,ha,"Eutrophication, freshwater",kg P eq,146.48,30.0,0.0,,,,0.000222,0.000952,0.000618,1 kg N,1 kg P2O5,1 kg K2O,8_chara,9_chara,10_chara,0.032518559999999995,0.028560000000000002,0.0,0.06107856
C4_2023,C4,2023,ha,"Eutrophication, marine",kg N eq,146.48,30.0,0.0,,,,0.002677,0.002767,0.002898,1 kg N,1 kg P2O5,1 kg K2O,8_chara,9_chara,10_chara,0.39212695999999997,0.08301,0.0,0.47513695999999994
C4_2023,C4,2023,ha,"Eutrophication, terrestrial",mol N eq,146.48,30.0,0.0,,,,0.241389,0.052171,0.058383,1 kg N,1 kg P2O5,1 kg K2O,8_chara,9_chara,10_chara,35.358660719999996,1.5651300000000001,0.0,36.92379072
C4_2023,C4,2023,ha,"Human toxicity, cancer",CTUh,146.48,30.0,0.0,,,,5.34e-10,2.54e-09,1.77e-09,1 kg N,1 kg P2O5,1 kg K2O,8_chara,9_chara,10_chara,7.822031999999999e-08,7.62e-08,0.0,1.5442031999999997e-07
C4_2023,C4,2023,ha,"Human toxicity, cancer - inorganics",CTUh,146.48,30.0,0.0,,,,0.0,6.21e-18,5.01e-18,1 kg N,1 kg P2O5,1 kg K2O,8_chara,9_chara,10_chara,0.0,1.863e-16,0.0,1.863e-16
C4_2023,C4,2023,ha,"Human toxicity, cancer - metals",CTUh,146.48,30.0,0.0,,,,3.5e-10,2.13e-09,1.34e-09,1 kg N,1 kg P2O5,1 kg K2O,8_chara,9_chara,10_chara,5.126799999999999e-08,6.39e-08,0.0,1.1516799999999999e-07
C4_2023,C4,2023,ha,"Human toxicity, cancer - organics",CTUh,146.48,30.0,0.0,,,,1.84e-10,4.05e-10,4.32e-10,1 kg N,1 kg P2O5,1 kg K2O,8_chara,9_chara,10_chara,2.6952319999999998e-08,1.215e-08,0.0,3.910232e-08
C4_2023,C4,2023,ha,"Human toxicity, non-cancer",CTUh,146.48,30.0,0.0,,,,2e-08,6.49e-08,9.9e-08,1 kg N,1 kg P2O5,1 kg K2O,8_chara,9_chara,10_chara,2.9296e-06,1.947e-06,0.0,4.8766e-06
C4_2023,C4,2023,ha,"Human toxicity, non-cancer - inorganics",CTUh,146.48,30.0,0.0,,,,1.72e-09,1.45e-08,6.51e-08,1 kg N,1 kg P2O5,1 kg K2O,8_chara,9_chara,10_chara,2.519456e-07,4.35e-07,0.0,6.869456e-07
C4_2023,C4,2023,ha,"Human toxicity, non-cancer - metals",CTUh,146.48,30.0,0.0,,,,1.73e-08,4.89e-08,3.21e-08,1 kg N,1 kg P2O5,1 kg K2O,8_chara,9_chara,10_chara,2.5341039999999997e-06,1.467e-06,0.0,4.001104e-06
C4_2023,C4,2023,ha,"Human toxicity, non-cancer - organics",CTUh,146.48,30.0,0.0,,,,1.35e-09,1.78e-09,2.01e-09,1 kg N,1 kg P2O5,1 kg K2O,8_chara,9_chara,10_chara,1.97748e-07,5.34e-08,0.0,2.51148e-07
C4_2023,C4,2023,ha,Ionising radiation,kBq U-235 eq,146.48,30.0,0.0,,,,0.099841,0.337545,0.245573,1 kg N,1 kg P2O5,1 kg K2O,8_chara,9_chara,10_chara,14.624709679999999,10.126349999999999,0.0,24.751059679999997
C4_2023,C4,2023,ha,Land use,Pt,146.48,30.0,0.0,,,,2.291069,30.93982,25.134,1 kg N,1 kg P2O5,1 kg K2O,8_chara,9_chara,10_chara,335.59578711999995,928.1946,0.0,1263.79038712
C4_2023,C4,2023,ha,Ozone depletion,kg CFC11 eq,146.48,30.0,0.0,,,,3.58e-07,3.47e-07,3.94e-07,1 kg N,1 kg P2O5,1 kg K2O,8_chara,9_chara,10_chara,5.2439839999999995e-05,1.041e-05,0.0,6.284984e-05
C4_2023,C4,2023,ha,Particulate matter,disease inc.,146.48,30.0,0.0,,,,3.99e-07,2.34e-07,2.27e-07,1 kg N,1 kg P2O5,1 kg K2O,8_chara,9_chara,10_chara,5.8445519999999996e-05,7.0200000000000006e-06,0.0,6.546551999999999e-05
C4_2023,C4,2023,ha,Photochemical ozone formation,kg NMVOC eq,146.48,30.0,0.0,,,,0.003983,0.00811,0.007996,1 kg N,1 kg P2O5,1 kg K2O,8_chara,9_chara,10_chara,0.58342984,0.24329999999999996,0.0,0.8267298399999999
C4_2023,C4,2023,ha,"Resource use, fossils",MJ,146.48,30.0,0.0,,,,46.52414,42.89925,42.33106,1 kg N,1 kg P2O5,1 kg K2O,8_chara,9_chara,10_chara,6814.8560271999995,1286.9775,0.0,8101.8335271999995
C4_2023,C4,2023,ha,"Resource use, minerals and metals",kg Sb eq,146.48,30.0,0.0,,,,2.71e-05,5.39e-05,5.15e-05,1 kg N,1 kg P2O5,1 kg K2O,8_chara,9_chara,10_chara,0.003969608,0.0016170000000000002,0.0,0.005586608000000001
C4_2023,C4,2023,ha,Water use,m3 depriv.,146.48,30.0,0.0,,,,0.21489,1.587446,1.186461,1 kg N,1 kg P2O5,1 kg K2O,8_chara,9_chara,10_chara,31.477087199999996,47.62338,0.0,79.1004672
C4_2024,C4,2024,ha,Acidification,mol H+ eq,116.0,70.0,0.0,,,,0.057621,0.028972,0.018432,1 kg N,1 kg P2O5,1 kg K2O,8_chara,9_chara,10_chara,6.684036,2.0280400000000003,0.0,8.712076
C4_2024,C4,2024,ha,Climate change,kg CO2 eq,116.0,70.0,0.0,,,,3.754282,2.846359,2.817321,1 kg N,1 kg P2O5,1 kg K2O,8_chara,9_chara,10_chara,435.496712,199.24513000000002,0.0,634.741842
C4_2024,C4,2024,ha,Climate change - Biogenic,kg CO2 eq,116.0,70.0,0.0,,,,0.001325,0.002609,0.002402,1 kg N,1 kg P2O5,1 kg K2O,8_chara,9_chara,10_chara,0.1537,0.18263000000000001,0.0,0.33633
C4_2024,C4,2024,ha,Climate change - Fossil,kg CO2 eq,116.0,70.0,0.0,,,,3.752439,2.829413,2.809194,1 kg N,1 kg P2O5,1 kg K2O,8_chara,9_chara,10_chara,435.282924,198.05891000000003,0.0,633.3418340000001
C4_2024,C4,2024,ha,Climate change - Land use and LU change,kg CO2 eq,116.0,70.0,0.0,,,,0.000518,0.014337,0.005725,1 kg N,1 kg P2O5,1 kg K2O,8_chara,9_chara,10_chara,0.060088,1.00359,0.0,1.063678
C4_2024,C4,2024,ha,"Ecotoxicity, freshwater",CTUe,116.0,70.0,0.0,,,,24.51813,397.7709,2018.182,1 kg N,1 kg P2O5,1 kg K2O,8_chara,9_chara,10_chara,2844.10308,27843.963,0.0,30688.06608
C4_2024,C4,2024,ha,"Ecotoxicity, freshwater - inorganics",CTUe,116.0,70.0,0.0,,,,7.823272,76.92257,397.7561,1 kg N,1 kg P2O5,1 kg K2O,8_chara,9_chara,10_chara,907.499552,5384.5799,0.0,6292.079452
C4_2024,C4,2024,ha,"Ecotoxicity, freshwater - metals",CTUe,116.0,70.0,0.0,,,,16.52071,320.1271,1619.55,1 kg N,1 kg P2O5,1 kg K2O,8_chara,9_chara,10_chara,1916.40236,22408.896999999997,0.0,24325.299359999997
C4_2024,C4,2024,ha,"Ecotoxicity, freshwater - organics",CTUe,116.0,70.0,0.0,,,,0.174143,0.721252,0.87605,1 kg N,1 kg P2O5,1 kg K2O,8_chara,9_chara,10_chara,20.200588,50.48764,0.0,70.688228
C4_2024,C4,2024,ha,"Eutrophication, freshwater",kg P eq,116.0,70.0,0.0,,,,0.000222,0.000952,0.000618,1 kg N,1 kg P2O5,1 kg K2O,8_chara,9_chara,10_chara,0.025752,0.06664,0.0,0.092392
C4_2024,C4,2024,ha,"Eutrophication, marine",kg N eq,116.0,70.0,0.0,,,,0.002677,0.002767,0.002898,1 kg N,1 kg P2O5,1 kg K2O,8_chara,9_chara,10_chara,0.31053200000000003,0.19369,0.0,0.5042220000000001
C4_2024,C4,2024,ha,"Eutrophication, terrestrial",mol N eq,116.0,70.0,0.0,,,,0.241389,0.052171,0.058383,1 kg N,1 kg P2O5,1 kg K2O,8_chara,9_chara,10_chara,28.001124,3.65197,0.0,31.653094
C4_2024,C4,2024,ha,"Human toxicity, cancer",CTUh,116.0,70.0,0.0,,,,5.34e-10,2.54e-09,1.77e-09,1 kg N,1 kg P2O5,1 kg K2O,8_chara,9_chara,10_chara,6.1944e-08,1.778e-07,0.0,2.39744e-07
C4_2024,C4,2024,ha,"Human toxicity, cancer - inorganics",CTUh,116.0,70.0,0.0,,,,0.0,6.21e-18,5.01e-18,1 kg N,1 kg P2O5,1 kg K2O,8_chara,9_chara,10_chara,0.0,4.347e-16,0.0,4.347e-16
C4_2024,C4,2024,ha,"Human toxicity, cancer - metals",CTUh,116.0,70.0,0.0,,,,3.5e-10,2.13e-09,1.34e-09,1 kg N,1 kg P2O5,1 kg K2O,8_chara,9_chara,10_chara,4.06e-08,1.4909999999999998e-07,0.0,1.8969999999999998e-07
C4_2024,C4,2024,ha,"Human toxicity, cancer - organics",CTUh,116.0,70.0,0.0,,,,1.84e-10,4.05e-10,4.32e-10,1 kg N,1 kg P2O5,1 kg K2O,8_chara,9_chara,10_chara,2.1344000000000002e-08,2.835e-08,0.0,4.9694e-08
C4_2024,C4,2024,ha,"Human toxicity, non-cancer",CTUh,116.0,70.0,0.0,,,,2e-08,6.49e-08,9.9e-08,1 kg N,1 kg P2O5,1 kg K2O,8_chara,9_chara,10_chara,2.3200000000000002e-06,4.543e-06,0.0,6.863e-06
C4_2024,C4,2024,ha,"Human toxicity, non-cancer - inorganics",CTUh,116.0,70.0,0.0,,,,1.72e-09,1.45e-08,6.51e-08,1 kg N,1 kg P2O5,1 kg K2O,8_chara,9_chara,10_chara,1.9952e-07,1.015e-06,0.0,1.21452e-06
C4_2024,C4,2024,ha,"Human toxicity, non-cancer - metals",CTUh,116.0,70.0,0.0,,,,1.73e-08,4.89e-08,3.21e-08,1 kg N,1 kg P2O5,1 kg K2O,8_chara,9_chara,10_chara,2.0068e-06,3.423e-06,0.0,5.4298e-06
C4_2024,C4,2024,ha,"Human toxicity, non-cancer - organics",CTUh,116.0,70.0,0.0,,,,1.35e-09,1.78e-09,2.01e-09,1 kg N,1 kg P2O5,1 kg K2O,8_chara,9_chara,10_chara,1.566e-07,1.246e-07,0.0,2.812e-07
C4_2024,C4,2024,ha,Ionising radiation,kBq U-235 eq,116.0,70.0,0.0,,,,0.099841,0.337545,0.245573,1 kg N,1 kg P2O5,1 kg K2O,8_chara,9_chara,10_chara,11.581555999999999,23.628149999999998,0.0,35.209706
C4_2024,C4,2024,ha,Land use,Pt,116.0,70.0,0.0,,,,2.291069,30.93982,25.134,1 kg N,1 kg P2O5,1 kg K2O,8_chara,9_chara,10_chara,265.764004,2165.7874,0.0,2431.5514040000003
C4_2024,C4,2024,ha,Ozone depletion,kg CFC11 eq,116.0,70.0,0.0,,,,3.58e-07,3.47e-07,3.94e-07,1 kg N,1 kg P2O5,1 kg K2O,8_chara,9_chara,10_chara,4.1528e-05,2.4290000000000003e-05,0.0,6.5818e-05
C4_2024,C4,2024,ha,Particulate matter,disease inc.,116.0,70.0,0.0,,,,3.99e-07,2.34e-07,2.27e-07,1 kg N,1 kg P2O5,1 kg K2O,8_chara,9_chara,10_chara,4.6284e-05,1.638e-05,0.0,6.2664e-05
C4_2024,C4,2024,ha,Photochemical ozone formation,kg NMVOC eq,116.0,70.0,0.0,,,,0.003983,0.00811,0.007996,1 kg N,1 kg P2O5,1 kg K2O,8_chara,9_chara,10_chara,0.46202800000000005,0.5677,0.0,1.029728
C4_2024,C4,2024,ha,"Resource use, fossils",MJ,116.0,70.0,0.0,,,,46.52414,42.89925,42.33106,1 kg N,1 kg P2O5,1 kg K2O,8_chara,9_chara,10_chara,5396.8002400000005,3002.9475,0.0,8399.74774
C4_2024,C4,2024,ha,"Resource use, minerals and metals",kg Sb eq,116.0,70.0,0.0,,,,2.71e-05,5.39e-05,5.15e-05,1 kg N,1 kg P2O5,1 kg K2O,8_chara,9_chara,10_chara,0.0031436000000000003,0.0037730000000000003,0.0,0.0069166
C4_2024,C4,2024,ha,Water use,m3 depriv.,116.0,70.0,0.0,,,,0.21489,1.587446,1.186461,1 kg N,1 kg P2O5,1 kg K2O,8_chara,9_chara,10_chara,24.92724,111.12122,0.0,136.04846
C5_2022,C5,2022,ha,Acidification,mol H+ eq,80.24,20.0,0.0,,,,0.057621,0.028972,0.018432,1 kg N,1 kg P2O5,1 kg K2O,8_chara,9_chara,10_chara,4.623509039999999,0.5794400000000001,0.0,5.202949039999999
C5_2022,C5,2022,ha,Climate change,kg CO2 eq,80.24,20.0,0.0,,,,3.754282,2.846359,2.817321,1 kg N,1 kg P2O5,1 kg K2O,8_chara,9_chara,10_chara,301.24358767999996,56.92718,0.0,358.17076768
C5_2022,C5,2022,ha,Climate change - Biogenic,kg CO2 eq,80.24,20.0,0.0,,,,0.001325,0.002609,0.002402,1 kg N,1 kg P2O5,1 kg K2O,8_chara,9_chara,10_chara,0.106318,0.052180000000000004,0.0,0.158498
C5_2022,C5,2022,ha,Climate change - Fossil,kg CO2 eq,80.24,20.0,0.0,,,,3.752439,2.829413,2.809194,1 kg N,1 kg P2O5,1 kg K2O,8_chara,9_chara,10_chara,301.09570535999995,56.588260000000005,0.0,357.68396535999995
C5_2022,C5,2022,ha,Climate change - Land use and LU change,kg CO2 eq,80.24,20.0,0.0,,,,0.000518,0.014337,0.005725,1 kg N,1 kg P2O5,1 kg K2O,8_chara,9_chara,10_chara,0.04156432,0.28674,0.0,0.32830432
C5_2022,C5,2022,ha,"Ecotoxicity, freshwater",CTUe,80.24,20.0,0.0,,,,24.51813,397.7709,2018.182,1 kg N,1 kg P2O5,1 kg K2O,8_chara,9_chara,10_chara,1967.3347511999998,7955.418,0.0,9922.7527512
C5_2022,C5,2022,ha,"Ecotoxicity, freshwater - inorganics",CTUe,80.24,20.0,0.0,,,,7.823272,76.92257,397.7561,1 kg N,1 kg P2O5,1 kg K2O,8_chara,9_chara,10_chara,627.73934528,1538.4514,0.0,2166.1907452799996
C5_2022,C5,2022,ha,"Ecotoxicity, freshwater - metals",CTUe,80.24,20.0,0.0,,,,16.52071,320.1271,1619.55,1 kg N,1 kg P2O5,1 kg K2O,8_chara,9_chara,10_chara,1325.6217704,6402.5419999999995,0.0,7728.1637703999995
C5_2022,C5,2022,ha,"Ecotoxicity, freshwater - organics",CTUe,80.24,20.0,0.0,,,,0.174143,0.721252,0.87605,1 kg N,1 kg P2O5,1 kg K2O,8_chara,9_chara,10_chara,13.973234319999998,14.42504,0.0,28.39827432
C5_2022,C5,2022,ha,"Eutrophication, freshwater",kg P eq,80.24,20.0,0.0,,,,0.000222,0.000952,0.000618,1 kg N,1 kg P2O5,1 kg K2O,8_chara,9_chara,10_chara,0.017813279999999997,0.01904,0.0,0.03685328
C5_2022,C5,2022,ha,"Eutrophication, marine",kg N eq,80.24,20.0,0.0,,,,0.002677,0.002767,0.002898,1 kg N,1 kg P2O5,1 kg K2O,8_chara,9_chara,10_chara,0.21480248,0.05534,0.0,0.27014247999999996
C5_2022,C5,2022,ha,"Eutrophication, terrestrial",mol N eq,80.24,20.0,0.0,,,,0.241389,0.052171,0.058383,1 kg N,1 kg P2O5,1 kg K2O,8_chara,9_chara,10_chara,19.36905336,1.04342,0.0,20.41247336
C5_2022,C5,2022,ha,"Human toxicity, cancer",CTUh,80.24,20.0,0.0,,,,5.34e-10,2.54e-09,1.77e-09,1 kg N,1 kg P2O5,1 kg K2O,8_chara,9_chara,10_chara,4.284816e-08,5.08e-08,0.0,9.364815999999999e-08
C5_2022,C5,2022,ha,"Human toxicity, cancer - inorganics",CTUh,80.24,20.0,0.0,,,,0.0,6.21e-18,5.01e-18,1 kg N,1 kg P2O5,1 kg K2O,8_chara,9_chara,10_chara,0.0,1.242e-16,0.0,1.242e-16
C5_2022,C5,2022,ha,"Human toxicity, cancer - metals",CTUh,80.24,20.0,0.0,,,,3.5e-10,2.13e-09,1.34e-09,1 kg N,1 kg P2O5,1 kg K2O,8_chara,9_chara,10_chara,2.8083999999999995e-08,4.26e-08,0.0,7.0684e-08
C5_2022,C5,2022,ha,"Human toxicity, cancer - organics",CTUh,80.24,20.0,0.0,,,,1.84e-10,4.05e-10,4.32e-10,1 kg N,1 kg P2O5,1 kg K2O,8_chara,9_chara,10_chara,1.476416e-08,8.1e-09,0.0,2.286416e-08
C5_2022,C5,2022,ha,"Human toxicity, non-cancer",CTUh,80.24,20.0,0.0,,,,2e-08,6.49e-08,9.9e-08,1 kg N,1 kg P2O5,1 kg K2O,8_chara,9_chara,10_chara,1.6047999999999999e-06,1.2980000000000001e-06,0.0,2.9028e-06
C5_2022,C5,2022,ha,"Human toxicity, non-cancer - inorganics",CTUh,80.24,20.0,0.0,,,,1.72e-09,1.45e-08,6.51e-08,1 kg N,1 kg P2O5,1 kg K2O,8_chara,9_chara,10_chara,1.380128e-07,2.9000000000000003e-07,0.0,4.280128e-07
C5_2022,C5,2022,ha,"Human toxicity, non-cancer - metals",CTUh,80.24,20.0,0.0,,,,1.73e-08,4.89e-08,3.21e-08,1 kg N,1 kg P2O5,1 kg K2O,8_chara,9_chara,10_chara,1.3881519999999998e-06,9.78e-07,0.0,2.366152e-06
C5_2022,C5,2022,ha,"Human toxicity, non-cancer - organics",CTUh,80.24,20.0,0.0,,,,1.35e-09,1.78e-09,2.01e-09,1 kg N,1 kg P2O5,1 kg K2O,8_chara,9_chara,10_chara,1.08324e-07,3.56e-08,0.0,1.4392399999999999e-07
C5_2022,C5,2022,ha,Ionising radiation,kBq U-235 eq,80.24,20.0,0.0,,,,0.099841,0.337545,0.245573,1 kg N,1 kg P2O5,1 kg K2O,8_chara,9_chara,10_chara,8.01124184,6.7509,0.0,14.76214184
C5_2022,C5,2022,ha,Land use,Pt,80.24,20.0,0.0,,,,2.291069,30.93982,25.134,1 kg N,1 kg P2O5,1 kg K2O,8_chara,9_chara,10_chara,183.83537656,618.7964000000001,0.0,802.63177656
C5_2022,C5,2022,ha,Ozone depletion,kg CFC11 eq,80.24,20.0,0.0,,,,3.58e-07,3.47e-07,3.94e-07,1 kg N,1 kg P2O5,1 kg K2O,8_chara,9_chara,10_chara,2.8725919999999997e-05,6.9400000000000005e-06,0.0,3.5665919999999995e-05
C5_2022,C5,2022,ha,Particulate matter,disease inc.,80.24,20.0,0.0,,,,3.99e-07,2.34e-07,2.27e-07,1 kg N,1 kg P2O5,1 kg K2O,8_chara,9_chara,10_chara,3.2015759999999997e-05,4.68e-06,0.0,3.669576e-05
C5_2022,C5,2022,ha,Photochemical ozone formation,kg NMVOC eq,80.24,20.0,0.0,,,,0.003983,0.00811,0.007996,1 kg N,1 kg P2O5,1 kg K2O,8_chara,9_chara,10_chara,0.31959592000000003,0.16219999999999998,0.0,0.48179592000000004
C5_2022,C5,2022,ha,"Resource use, fossils",MJ,80.24,20.0,0.0,,,,46.52414,42.89925,42.33106,1 kg N,1 kg P2O5,1 kg K2O,8_chara,9_chara,10_chara,3733.0969936,857.985,0.0,4591.0819936
C5_2022,C5,2022,ha,"Resource use, minerals and metals",kg Sb eq,80.24,20.0,0.0,,,,2.71e-05,5.39e-05,5.15e-05,1 kg N,1 kg P2O5,1 kg K2O,8_chara,9_chara,10_chara,0.002174504,0.001078,0.0,0.003252504
C5_2022,C5,2022,ha,Water use,m3 depriv.,80.24,20.0,0.0,,,,0.21489,1.587446,1.186461,1 kg N,1 kg P2O5,1 kg K2O,8_chara,9_chara,10_chara,17.2427736,31.74892,0.0,48.9916936
C5_2023,C5,2023,ha,Acidification,mol H+ eq,112.97,40.61,5.62,,,,0.057621,0.028972,0.018432,1 kg N,1 kg P2O5,1 kg K2O,8_chara,9_chara,10_chara,6.50944437,1.17655292,0.10358784,7.78958513
C5_2023,C5,2023,ha,Climate change,kg CO2 eq,112.97,40.61,5.62,,,,3.754282,2.846359,2.817321,1 kg N,1 kg P2O5,1 kg K2O,8_chara,9_chara,10_chara,424.12123754,115.59063899,15.833344020000002,555.54522055
C5_2023,C5,2023,ha,Climate change - Biogenic,kg CO2 eq,112.97,40.61,5.62,,,,0.001325,0.002609,0.002402,1 kg N,1 kg P2O5,1 kg K2O,8_chara,9_chara,10_chara,0.14968525,0.10595149000000001,0.013499240000000001,0.26913598000000005
C5_2023,C5,2023,ha,Climate change - Fossil,kg CO2 eq,112.97,40.61,5.62,,,,3.752439,2.829413,2.809194,1 kg N,1 kg P2O5,1 kg K2O,8_chara,9_chara,10_chara,423.91303382999996,114.90246193,15.787670280000002,554.60316604
C5_2023,C5,2023,ha,Climate change - Land use and LU change,kg CO2 eq,112.97,40.61,5.62,,,,0.000518,0.014337,0.005725,1 kg N,1 kg P2O5,1 kg K2O,8_chara,9_chara,10_chara,0.05851846,0.58222557,0.0321745,0.67291853
C5_2023,C5,2023,ha,"Ecotoxicity, freshwater",CTUe,112.97,40.61,5.62,,,,24.51813,397.7709,2018.182,1 kg N,1 kg P2O5,1 kg K2O,8_chara,9_chara,10_chara,2769.8131461,16153.476249,11342.18284,30265.472235100002
C5_2023,C5,2023,ha,"Ecotoxicity, freshwater - inorganics",CTUe,112.97,40.61,5.62,,,,7.823272,76.92257,397.7561,1 kg N,1 kg P2O5,1 kg K2O,8_chara,9_chara,10_chara,883.79503784,3123.8255676999997,2235.389282,6243.00988754
C5_2023,C5,2023,ha,"Ecotoxicity, freshwater - metals",CTUe,112.97,40.61,5.62,,,,16.52071,320.1271,1619.55,1 kg N,1 kg P2O5,1 kg K2O,8_chara,9_chara,10_chara,1866.3446087000002,13000.361530999999,9101.871,23968.5771397
C5_2023,C5,2023,ha,"Ecotoxicity, freshwater - organics",CTUe,112.97,40.61,5.62,,,,0.174143,0.721252,0.87605,1 kg N,1 kg P2O5,1 kg K2O,8_chara,9_chara,10_chara,19.67293471,29.29004372,4.923401,53.88637943
C5_2023,C5,2023,ha,"Eutrophication, freshwater",kg P eq,112.97,40.61,5.62,,,,0.000222,0.000952,0.000618,1 kg N,1 kg P2O5,1 kg K2O,8_chara,9_chara,10_chara,0.02507934,0.03866072,0.00347316,0.06721322
C5_2023,C5,2023,ha,"Eutrophication, marine",kg N eq,112.97,40.61,5.62,,,,0.002677,0.002767,0.002898,1 kg N,1 kg P2O5,1 kg K2O,8_chara,9_chara,10_chara,0.30242069,0.11236787,0.01628676,0.43107532
C5_2023,C5,2023,ha,"Eutrophication, terrestrial",mol N eq,112.97,40.61,5.62,,,,0.241389,0.052171,0.058383,1 kg N,1 kg P2O5,1 kg K2O,8_chara,9_chara,10_chara,27.26971533,2.11866431,0.32811246,29.7164921
C5_2023,C5,2023,ha,"Human toxicity, cancer",CTUh,112.97,40.61,5.62,,,,5.34e-10,2.54e-09,1.77e-09,1 kg N,1 kg P2O5,1 kg K2O,8_chara,9_chara,10_chara,6.032598e-08,1.031494e-07,9.947400000000001e-09,1.7342278e-07
C5_2023,C5,2023,ha,"Human toxicity, cancer - inorganics",CTUh,112.97,40.61,5.62,,,,0.0,6.21e-18,5.01e-18,1 kg N,1 kg P2O5,1 kg K2O,8_chara,9_chara,10_chara,0.0,2.521881e-16,2.8156200000000004e-17,2.803443e-16
C5_2023,C5,2023,ha,"Human toxicity, cancer - metals",CTUh,112.97,40.61,5.62,,,,3.5e-10,2.13e-09,1.34e-09,1 kg N,1 kg P2O5,1 kg K2O,8_chara,9_chara,10_chara,3.9539499999999995e-08,8.649929999999999e-08,7.5308e-09,1.3356959999999998e-07
C5_2023,C5,2023,ha,"Human toxicity, cancer - organics",CTUh,112.97,40.61,5.62,,,,1.84e-10,4.05e-10,4.32e-10,1 kg N,1 kg P2O5,1 kg K2O,8_chara,9_chara,10_chara,2.0786480000000002e-08,1.644705e-08,2.42784e-09,3.9661370000000006e-08
C5_2023,C5,2023,ha,"Human toxicity, non-cancer",CTUh,112.97,40.61,5.62,,,,2e-08,6.49e-08,9.9e-08,1 kg N,1 kg P2O5,1 kg K2O,8_chara,9_chara,10_chara,2.2594e-06,2.635589e-06,5.5638e-07,5.451368999999999e-06
C5_2023,C5,2023,ha,"Human toxicity, non-cancer - inorganics",CTUh,112.97,40.61,5.62,,,,1.72e-09,1.45e-08,6.51e-08,1 kg N,1 kg P2O5,1 kg K2O,8_chara,9_chara,10_chara,1.9430840000000002e-07,5.888450000000001e-07,3.6586199999999997e-07,1.1490154e-06
C5_2023,C5,2023,ha,"Human toxicity, non-cancer - metals",CTUh,112.97,40.61,5.62,,,,1.73e-08,4.89e-08,3.21e-08,1 kg N,1 kg P2O5,1 kg K2O,8_chara,9_chara,10_chara,1.954381e-06,1.985829e-06,1.8040200000000003e-07,4.1206119999999995e-06
C5_2023,C5,2023,ha,"Human toxicity, non-cancer - organics",CTUh,112.97,40.61,5.62,,,,1.35e-09,1.78e-09,2.01e-09,1 kg N,1 kg P2O5,1 kg K2O,8_chara,9_chara,10_chara,1.5250950000000002e-07,7.22858e-08,1.12962e-08,2.3609150000000003e-07
C5_2023,C5,2023,ha,Ionising radiation,kBq U-235 eq,112.97,40.61,5.62,,,,0.099841,0.337545,0.245573,1 kg N,1 kg P2O5,1 kg K2O,8_chara,9_chara,10_chara,11.27903777,13.70770245,1.3801202600000002,26.366860480000003
C5_2023,C5,2023,ha,Land use,Pt,112.97,40.61,5.62,,,,2.291069,30.93982,25.134,1 kg N,1 kg P2O5,1 kg K2O,8_chara,9_chara,10_chara,258.82206492999995,1256.4660902,141.25308,1656.54123513
C5_2023,C5,2023,ha,Ozone depletion,kg CFC11 eq,112.97,40.61,5.62,,,,3.58e-07,3.47e-07,3.94e-07,1 kg N,1 kg P2O5,1 kg K2O,8_chara,9_chara,10_chara,4.044326e-05,1.409167e-05,2.21428e-06,5.674921e-05
C5_2023,C5,2023,ha,Particulate matter,disease inc.,112.97,40.61,5.62,,,,3.99e-07,2.34e-07,2.27e-07,1 kg N,1 kg P2O5,1 kg K2O,8_chara,9_chara,10_chara,4.507503e-05,9.50274e-06,1.2757400000000002e-06,5.5853510000000004e-05
C5_2023,C5,2023,ha,Photochemical ozone formation,kg NMVOC eq,112.97,40.61,5.62,,,,0.003983,0.00811,0.007996,1 kg N,1 kg P2O5,1 kg K2O,8_chara,9_chara,10_chara,0.44995951000000006,0.32934709999999995,0.04493752,0.82424413
C5_2023,C5,2023,ha,"Resource use, fossils",MJ,112.97,40.61,5.62,,,,46.52414,42.89925,42.33106,1 kg N,1 kg P2O5,1 kg K2O,8_chara,9_chara,10_chara,5255.8320958,1742.1385425,237.9005572,7235.8711955
C5_2023,C5,2023,ha,"Resource use, minerals and metals",kg Sb eq,112.97,40.61,5.62,,,,2.71e-05,5.39e-05,5.15e-05,1 kg N,1 kg P2O5,1 kg K2O,8_chara,9_chara,10_chara,0.0030614870000000003,0.002188879,0.00028942999999999997,0.0055397960000000005
C5_2023,C5,2023,ha,Water use,m3 depriv.,112.97,40.61,5.62,,,,0.21489,1.587446,1.186461,1 kg N,1 kg P2O5,1 kg K2O,8_chara,9_chara,10_chara,24.2761233,64.46618206,6.66791082,95.41021617999999
C5_2024,C5,2024,ha,Acidification,mol H+ eq,142.09,20.0,0.0,,,,0.057621,0.028972,0.018432,1 kg N,1 kg P2O5,1 kg K2O,8_chara,9_chara,10_chara,8.18736789,0.5794400000000001,0.0,8.76680789
C5_2024,C5,2024,ha,Climate change,kg CO2 eq,142.09,20.0,0.0,,,,3.754282,2.846359,2.817321,1 kg N,1 kg P2O5,1 kg K2O,8_chara,9_chara,10_chara,533.44592938,56.92718,0.0,590.3731093800001
C5_2024,C5,2024,ha,Climate change - Biogenic,kg CO2 eq,142.09,20.0,0.0,,,,0.001325,0.002609,0.002402,1 kg N,1 kg P2O5,1 kg K2O,8_chara,9_chara,10_chara,0.18826925,0.052180000000000004,0.0,0.24044925
C5_2024,C5,2024,ha,Climate change - Fossil,kg CO2 eq,142.09,20.0,0.0,,,,3.752439,2.829413,2.809194,1 kg N,1 kg P2O5,1 kg K2O,8_chara,9_chara,10_chara,533.18405751,56.588260000000005,0.0,589.77231751
C5_2024,C5,2024,ha,Climate change - Land use and LU change,kg CO2 eq,142.09,20.0,0.0,,,,0.000518,0.014337,0.005725,1 kg N,1 kg P2O5,1 kg K2O,8_chara,9_chara,10_chara,0.07360262000000001,0.28674,0.0,0.36034262
C5_2024,C5,2024,ha,"Ecotoxicity, freshwater",CTUe,142.09,20.0,0.0,,,,24.51813,397.7709,2018.182,1 kg N,1 kg P2O5,1 kg K2O,8_chara,9_chara,10_chara,3483.7810917,7955.418,0.0,11439.1990917
C5_2024,C5,2024,ha,"Ecotoxicity, freshwater - inorganics",CTUe,142.09,20.0,0.0,,,,7.823272,76.92257,397.7561,1 kg N,1 kg P2O5,1 kg K2O,8_chara,9_chara,10_chara,1111.60871848,1538.4514,0.0,2650.06011848
C5_2024,C5,2024,ha,"Ecotoxicity, freshwater - metals",CTUe,142.09,20.0,0.0,,,,16.52071,320.1271,1619.55,1 kg N,1 kg P2O5,1 kg K2O,8_chara,9_chara,10_chara,2347.4276839000004,6402.5419999999995,0.0,8749.969683899999
C5_2024,C5,2024,ha,"Ecotoxicity, freshwater - organics",CTUe,142.09,20.0,0.0,,,,0.174143,0.721252,0.87605,1 kg N,1 kg P2O5,1 kg K2O,8_chara,9_chara,10_chara,24.74397887,14.42504,0.0,39.16901887
C5_2024,C5,2024,ha,"Eutrophication, freshwater",kg P eq,142.09,20.0,0.0,,,,0.000222,0.000952,0.000618,1 kg N,1 kg P2O5,1 kg K2O,8_chara,9_chara,10_chara,0.03154398,0.01904,0.0,0.05058398
C5_2024,C5,2024,ha,"Eutrophication, marine",kg N eq,142.09,20.0,0.0,,,,0.002677,0.002767,0.002898,1 kg N,1 kg P2O5,1 kg K2O,8_chara,9_chara,10_chara,0.38037493,0.05534,0.0,0.43571493
C5_2024,C5,2024,ha,"Eutrophication, terrestrial",mol N eq,142.09,20.0,0.0,,,,0.241389,0.052171,0.058383,1 kg N,1 kg P2O5,1 kg K2O,8_chara,9_chara,10_chara,34.29896301,1.04342,0.0,35.34238301
C5_2024,C5,2024,ha,"Human toxicity, cancer",CTUh,142.09,20.0,0.0,,,,5.34e-10,2.54e-09,1.77e-09,1 kg N,1 kg P2O5,1 kg K2O,8_chara,9_chara,10_chara,7.587606e-08,5.08e-08,0.0,1.2667606e-07
C5_2024,C5,2024,ha,"Human toxicity, cancer - inorganics",CTUh,142.09,20.0,0.0,,,,0.0,6.21e-18,5.01e-18,1 kg N,1 kg P2O5,1 kg K2O,8_chara,9_chara,10_chara,0.0,1.242e-16,0.0,1.242e-16
C5_2024,C5,2024,ha,"Human toxicity, cancer - metals",CTUh,142.09,20.0,0.0,,,,3.5e-10,2.13e-09,1.34e-09,1 kg N,1 kg P2O5,1 kg K2O,8_chara,9_chara,10_chara,4.97315e-08,4.26e-08,0.0,9.23315e-08
C5_2024,C5,2024,ha,"Human toxicity, cancer - organics",CTUh,142.09,20.0,0.0,,,,1.84e-10,4.05e-10,4.32e-10,1 kg N,1 kg P2O5,1 kg K2O,8_chara,9_chara,10_chara,2.6144560000000002e-08,8.1e-09,0.0,3.4244560000000005e-08
C5_2024,C5,2024,ha,"Human toxicity, non-cancer",CTUh,142.09,20.0,0.0,,,,2e-08,6.49e-08,9.9e-08,1 kg N,1 kg P2O5,1 kg K2O,8_chara,9_chara,10_chara,2.8418e-06,1.2980000000000001e-06,0.0,4.139800000000001e-06
C5_2024,C5,2024,ha,"Human toxicity, non-cancer - inorganics",CTUh,142.09,20.0,0.0,,,,1.72e-09,1.45e-08,6.51e-08,1 kg N,1 kg P2O5,1 kg K2O,8_chara,9_chara,10_chara,2.4439480000000003e-07,2.9000000000000003e-07,0.0,5.343948000000001e-07
C5_2024,C5,2024,ha,"Human toxicity, non-cancer - metals",CTUh,142.09,20.0,0.0,,,,1.73e-08,4.89e-08,3.21e-08,1 kg N,1 kg P2O5,1 kg K2O,8_chara,9_chara,10_chara,2.458157e-06,9.78e-07,0.0,3.436157e-06
C5_2024,C5,2024,ha,"Human toxicity, non-cancer - organics",CTUh,142.09,20.0,0.0,,,,1.35e-09,1.78e-09,2.01e-09,1 kg N,1 kg P2O5,1 kg K2O,8_chara,9_chara,10_chara,1.9182150000000002e-07,3.56e-08,0.0,2.2742150000000002e-07
C5_2024,C5,2024,ha,Ionising radiation,kBq U-235 eq,142.09,20.0,0.0,,,,0.099841,0.337545,0.245573,1 kg N,1 kg P2O5,1 kg K2O,8_chara,9_chara,10_chara,14.18640769,6.7509,0.0,20.937307689999997
C5_2024,C5,2024,ha,Land use,Pt,142.09,20.0,0.0,,,,2.291069,30.93982,25.134,1 kg N,1 kg P2O5,1 kg K2O,8_chara,9_chara,10_chara,325.53799420999997,618.7964000000001,0.0,944.33439421
C5_2024,C5,2024,ha,Ozone depletion,kg CFC11 eq,142.09,20.0,0.0,,,,3.58e-07,3.47e-07,3.94e-07,1 kg N,1 kg P2O5,1 kg K2O,8_chara,9_chara,10_chara,5.086822e-05,6.9400000000000005e-06,0.0,5.780822e-05
C5_2024,C5,2024,ha,Particulate matter,disease inc.,142.09,20.0,0.0,,,,3.99e-07,2.34e-07,2.27e-07,1 kg N,1 kg P2O5,1 kg K2O,8_chara,9_chara,10_chara,5.6693910000000003e-05,4.68e-06,0.0,6.137391e-05
C5_2024,C5,2024,ha,Photochemical ozone formation,kg NMVOC eq,142.09,20.0,0.0,,,,0.003983,0.00811,0.007996,1 kg N,1 kg P2O5,1 kg K2O,8_chara,9_chara,10_chara,0.56594447,0.16219999999999998,0.0,0.72814447
C5_2024,C5,2024,ha,"Resource use, fossils",MJ,142.09,20.0,0.0,,,,46.52414,42.89925,42.33106,1 kg N,1 kg P2O5,1 kg K2O,8_chara,9_chara,10_chara,6610.6150526,857.985,0.0,7468.6000526
C5_2024,C5,2024,ha,"Resource use, minerals and metals",kg Sb eq,142.09,20.0,0.0,,,,2.71e-05,5.39e-05,5.15e-05,1 kg N,1 kg P2O5,1 kg K2O,8_chara,9_chara,10_chara,0.0038506390000000003,0.001078,0.0,0.004928639
C5_2024,C5,2024,ha,Water use,m3 depriv.,142.09,20.0,0.0,,,,0.21489,1.587446,1.186461,1 kg N,1 kg P2O5,1 kg K2O,8_chara,9_chara,10_chara,30.5337201,31.74892,0.0,62.282640099999995
C6_2022,C6,2022,ha,Acidification,mol H+ eq,131.7874435782,72.0,0.0,,,,0.057621,0.028972,0.018432,1 kg N,1 kg P2O5,1 kg K2O,8_chara,9_chara,10_chara,7.593724286419462,2.0859840000000003,0.0,9.679708286419462
C6_2022,C6,2022,ha,Climate change,kg CO2 eq,131.7874435782,72.0,0.0,,,,3.754282,2.846359,2.817321,1 kg N,1 kg P2O5,1 kg K2O,8_chara,9_chara,10_chara,494.76722725165183,204.937848,0.0,699.7050752516518
C6_2022,C6,2022,ha,Climate change - Biogenic,kg CO2 eq,131.7874435782,72.0,0.0,,,,0.001325,0.002609,0.002402,1 kg N,1 kg P2O5,1 kg K2O,8_chara,9_chara,10_chara,0.174618362741115,0.18784800000000001,0.0,0.362466362741115
C6_2022,C6,2022,ha,Climate change - Fossil,kg CO2 eq,131.7874435782,72.0,0.0,,,,3.752439,2.829413,2.809194,1 kg N,1 kg P2O5,1 kg K2O,8_chara,9_chara,10_chara,494.5243429931372,203.717736,0.0,698.2420789931373
C6_2022,C6,2022,ha,Climate change - Land use and LU change,kg CO2 eq,131.7874435782,72.0,0.0,,,,0.000518,0.014337,0.005725,1 kg N,1 kg P2O5,1 kg K2O,8_chara,9_chara,10_chara,0.0682658957735076,1.032264,0.0,1.1005298957735077
C6_2022,C6,2022,ha,"Ecotoxicity, freshwater",CTUe,131.7874435782,72.0,0.0,,,,24.51813,397.7709,2018.182,1 kg N,1 kg P2O5,1 kg K2O,8_chara,9_chara,10_chara,3231.1816740179725,28639.5048,0.0,31870.68647401797
C6_2022,C6,2022,ha,"Ecotoxicity, freshwater - inorganics",CTUe,131.7874435782,72.0,0.0,,,,7.823272,76.92257,397.7561,1 kg N,1 kg P2O5,1 kg K2O,8_chara,9_chara,10_chara,1031.009017296912,5538.425039999999,0.0,6569.434057296911
C6_2022,C6,2022,ha,"Ecotoxicity, freshwater - metals",CTUe,131.7874435782,72.0,0.0,,,,16.52071,320.1271,1619.55,1 kg N,1 kg P2O5,1 kg K2O,8_chara,9_chara,10_chara,2177.2221369968047,23049.1512,0.0,25226.373336996803
C6_2022,C6,2022,ha,"Ecotoxicity, freshwater - organics",CTUe,131.7874435782,72.0,0.0,,,,0.174143,0.721252,0.87605,1 kg N,1 kg P2O5,1 kg K2O,8_chara,9_chara,10_chara,22.94986078703848,51.930144,0.0,74.88000478703847
C6_2022,C6,2022,ha,"Eutrophication, freshwater",kg P eq,131.7874435782,72.0,0.0,,,,0.000222,0.000952,0.000618,1 kg N,1 kg P2O5,1 kg K2O,8_chara,9_chara,10_chara,0.0292568124743604,0.06854400000000001,0.0,0.0978008124743604
C6_2022,C6,2022,ha,"Eutrophication, marine",kg N eq,131.7874435782,72.0,0.0,,,,0.002677,0.002767,0.002898,1 kg N,1 kg P2O5,1 kg K2O,8_chara,9_chara,10_chara,0.3527949864588414,0.19922399999999998,0.0,0.5520189864588414
C6_2022,C6,2022,ha,"Eutrophication, terrestrial",mol N eq,131.7874435782,72.0,0.0,,,,0.241389,0.052171,0.058383,1 kg N,1 kg P2O5,1 kg K2O,8_chara,9_chara,10_chara,31.812039217898118,3.7563120000000003,0.0,35.56835121789812
C6_2022,C6,2022,ha,"Human toxicity, cancer",CTUh,131.7874435782,72.0,0.0,,,,5.34e-10,2.54e-09,1.77e-09,1 kg N,1 kg P2O5,1 kg K2O,8_chara,9_chara,10_chara,7.03744948707588e-08,1.8288e-07,0.0,2.5325449487075883e-07
C6_2022,C6,2022,ha,"Human toxicity, cancer - inorganics",CTUh,131.7874435782,72.0,0.0,,,,0.0,6.21e-18,5.01e-18,1 kg N,1 kg P2O5,1 kg K2O,8_chara,9_chara,10_chara,0.0,4.471200000000001e-16,0.0,4.471200000000001e-16
C6_2022,C6,2022,ha,"Human toxicity, cancer - metals",CTUh,131.7874435782,72.0,0.0,,,,3.5e-10,2.13e-09,1.34e-09,1 kg N,1 kg P2O5,1 kg K2O,8_chara,9_chara,10_chara,4.6125605252369995e-08,1.5336e-07,0.0,1.9948560525236999e-07
C6_2022,C6,2022,ha,"Human toxicity, cancer - organics",CTUh,131.7874435782,72.0,0.0,,,,1.84e-10,4.05e-10,4.32e-10,1 kg N,1 kg P2O5,1 kg K2O,8_chara,9_chara,10_chara,2.42488896183888e-08,2.916e-08,0.0,5.34088896183888e-08
C6_2022,C6,2022,ha,"Human toxicity, non-cancer",CTUh,131.7874435782,72.0,0.0,,,,2e-08,6.49e-08,9.9e-08,1 kg N,1 kg P2O5,1 kg K2O,8_chara,9_chara,10_chara,2.635748871564e-06,4.6728e-06,0.0,7.308548871564e-06
C6_2022,C6,2022,ha,"Human toxicity, non-cancer - inorganics",CTUh,131.7874435782,72.0,0.0,,,,1.72e-09,1.45e-08,6.51e-08,1 kg N,1 kg P2O5,1 kg K2O,8_chara,9_chara,10_chara,2.26674402954504e-07,1.044e-06,0.0,1.2706744029545041e-06
C6_2022,C6,2022,ha,"Human toxicity, non-cancer - metals",CTUh,131.7874435782,72.0,0.0,,,,1.73e-08,4.89e-08,3.21e-08,1 kg N,1 kg P2O5,1 kg K2O,8_chara,9_chara,10_chara,2.27992277390286e-06,3.5208000000000002e-06,0.0,5.800722773902861e-06
C6_2022,C6,2022,ha,"Human toxicity, non-cancer - organics",CTUh,131.7874435782,72.0,0.0,,,,1.35e-09,1.78e-09,2.01e-09,1 kg N,1 kg P2O5,1 kg K2O,8_chara,9_chara,10_chara,1.7791304883057002e-07,1.2816e-07,0.0,3.0607304883057e-07
C6_2022,C6,2022,ha,Ionising radiation,kBq U-235 eq,131.7874435782,72.0,0.0,,,,0.099841,0.337545,0.245573,1 kg N,1 kg P2O5,1 kg K2O,8_chara,9_chara,10_chara,13.157790154291066,24.30324,0.0,37.461030154291066
C6_2022,C6,2022,ha,Land use,Pt,131.7874435782,72.0,0.0,,,,2.291069,30.93982,25.134,1 kg N,1 kg P2O5,1 kg K2O,8_chara,9_chara,10_chara,301.93412657126305,2227.6670400000003,0.0,2529.601166571263
C6_2022,C6,2022,ha,Ozone depletion,kg CFC11 eq,131.7874435782,72.0,0.0,,,,3.58e-07,3.47e-07,3.94e-07,1 kg N,1 kg P2O5,1 kg K2O,8_chara,9_chara,10_chara,4.71799048009956e-05,2.4984000000000003e-05,0.0,7.216390480099561e-05
C6_2022,C6,2022,ha,Particulate matter,disease inc.,131.7874435782,72.0,0.0,,,,3.99e-07,2.34e-07,2.27e-07,1 kg N,1 kg P2O5,1 kg K2O,8_chara,9_chara,10_chara,5.25831899877018e-05,1.6848e-05,0.0,6.943118998770179e-05
C6_2022,C6,2022,ha,Photochemical ozone formation,kg NMVOC eq,131.7874435782,72.0,0.0,,,,0.003983,0.00811,0.007996,1 kg N,1 kg P2O5,1 kg K2O,8_chara,9_chara,10_chara,0.5249093877719706,0.58392,0.0,1.1088293877719706
C6_2022,C6,2022,ha,"Resource use, fossils",MJ,131.7874435782,72.0,0.0,,,,46.52414,42.89925,42.33106,1 kg N,1 kg P2O5,1 kg K2O,8_chara,9_chara,10_chara,6131.297475274278,3088.746,0.0,9220.043475274279
C6_2022,C6,2022,ha,"Resource use, minerals and metals",kg Sb eq,131.7874435782,72.0,0.0,,,,2.71e-05,5.39e-05,5.15e-05,1 kg N,1 kg P2O5,1 kg K2O,8_chara,9_chara,10_chara,0.00357143972096922,0.0038808000000000002,0.0,0.00745223972096922
C6_2022,C6,2022,ha,Water use,m3 depriv.,131.7874435782,72.0,0.0,,,,0.21489,1.587446,1.186461,1 kg N,1 kg P2O5,1 kg K2O,8_chara,9_chara,10_chara,28.319803750519398,114.296112,0.0,142.61591575051938
C6_2023,C6,2023,ha,Acidification,mol H+ eq,134.5,21.6,27.0,,,,0.057621,0.028972,0.018432,1 kg N,1 kg P2O5,1 kg K2O,8_chara,9_chara,10_chara,7.750024499999999,0.6257952000000001,0.497664,8.8734837
C6_2023,C6,2023,ha,Climate change,kg CO2 eq,134.5,21.6,27.0,,,,3.754282,2.846359,2.817321,1 kg N,1 kg P2O5,1 kg K2O,8_chara,9_chara,10_chara,504.950929,61.48135440000001,76.067667,642.4999504
C6_2023,C6,2023,ha,Climate change - Biogenic,kg CO2 eq,134.5,21.6,27.0,,,,0.001325,0.002609,0.002402,1 kg N,1 kg P2O5,1 kg K2O,8_chara,9_chara,10_chara,0.1782125,0.056354400000000006,0.064854,0.2994209
C6_2023,C6,2023,ha,Climate change - Fossil,kg CO2 eq,134.5,21.6,27.0,,,,3.752439,2.829413,2.809194,1 kg N,1 kg P2O5,1 kg K2O,8_chara,9_chara,10_chara,504.7030455,61.115320800000006,75.84823800000001,641.6666043
C6_2023,C6,2023,ha,Climate change - Land use and LU change,kg CO2 eq,134.5,21.6,27.0,,,,0.000518,0.014337,0.005725,1 kg N,1 kg P2O5,1 kg K2O,8_chara,9_chara,10_chara,0.069671,0.30967920000000004,0.154575,0.5339252
C6_2023,C6,2023,ha,"Ecotoxicity, freshwater",CTUe,134.5,21.6,27.0,,,,24.51813,397.7709,2018.182,1 kg N,1 kg P2O5,1 kg K2O,8_chara,9_chara,10_chara,3297.688485,8591.85144,54490.914,66380.453925
C6_2023,C6,2023,ha,"Ecotoxicity, freshwater - inorganics",CTUe,134.5,21.6,27.0,,,,7.823272,76.92257,397.7561,1 kg N,1 kg P2O5,1 kg K2O,8_chara,9_chara,10_chara,1052.230084,1661.527512,10739.4147,13453.172295999999
C6_2023,C6,2023,ha,"Ecotoxicity, freshwater - metals",CTUe,134.5,21.6,27.0,,,,16.52071,320.1271,1619.55,1 kg N,1 kg P2O5,1 kg K2O,8_chara,9_chara,10_chara,2222.035495,6914.74536,43727.85,52864.630854999996
C6_2023,C6,2023,ha,"Ecotoxicity, freshwater - organics",CTUe,134.5,21.6,27.0,,,,0.174143,0.721252,0.87605,1 kg N,1 kg P2O5,1 kg K2O,8_chara,9_chara,10_chara,23.422233499999997,15.579043200000001,23.65335,62.654626699999994
C6_2023,C6,2023,ha,"Eutrophication, freshwater",kg P eq,134.5,21.6,27.0,,,,0.000222,0.000952,0.000618,1 kg N,1 kg P2O5,1 kg K2O,8_chara,9_chara,10_chara,0.029859,0.020563200000000004,0.016686,0.0671082
C6_2023,C6,2023,ha,"Eutrophication, marine",kg N eq,134.5,21.6,27.0,,,,0.002677,0.002767,0.002898,1 kg N,1 kg P2O5,1 kg K2O,8_chara,9_chara,10_chara,0.3600565,0.0597672,0.078246,0.4980697
C6_2023,C6,2023,ha,"Eutrophication, terrestrial",mol N eq,134.5,21.6,27.0,,,,0.241389,0.052171,0.058383,1 kg N,1 kg P2O5,1 kg K2O,8_chara,9_chara,10_chara,32.4668205,1.1268936,1.576341,35.1700551
C6_2023,C6,2023,ha,"Human toxicity, cancer",CTUh,134.5,21.6,27.0,,,,5.34e-10,2.54e-09,1.77e-09,1 kg N,1 kg P2O5,1 kg K2O,8_chara,9_chara,10_chara,7.182300000000001e-08,5.4864e-08,4.779e-08,1.74477e-07
C6_2023,C6,2023,ha,"Human toxicity, cancer - inorganics",CTUh,134.5,21.6,27.0,,,,0.0,6.21e-18,5.01e-18,1 kg N,1 kg P2O5,1 kg K2O,8_chara,9_chara,10_chara,0.0,1.34136e-16,1.3527e-16,2.69406e-16
C6_2023,C6,2023,ha,"Human toxicity, cancer - metals",CTUh,134.5,21.6,27.0,,,,3.5e-10,2.13e-09,1.34e-09,1 kg N,1 kg P2O5,1 kg K2O,8_chara,9_chara,10_chara,4.7074999999999996e-08,4.6008e-08,3.618e-08,1.2926299999999998e-07
C6_2023,C6,2023,ha,"Human toxicity, cancer - organics",CTUh,134.5,21.6,27.0,,,,1.84e-10,4.05e-10,4.32e-10,1 kg N,1 kg P2O5,1 kg K2O,8_chara,9_chara,10_chara,2.4748e-08,8.748e-09,1.1664e-08,4.5159999999999995e-08
C6_2023,C6,2023,ha,"Human toxicity, non-cancer",CTUh,134.5,21.6,27.0,,,,2e-08,6.49e-08,9.9e-08,1 kg N,1 kg P2O5,1 kg K2O,8_chara,9_chara,10_chara,2.69e-06,1.4018400000000001e-06,2.673e-06,6.764839999999999e-06
C6_2023,C6,2023,ha,"Human toxicity, non-cancer - inorganics",CTUh,134.5,21.6,27.0,,,,1.72e-09,1.45e-08,6.51e-08,1 kg N,1 kg P2O5,1 kg K2O,8_chara,9_chara,10_chara,2.3134e-07,3.132e-07,1.7577e-06,2.30224e-06
C6_2023,C6,2023,ha,"Human toxicity, non-cancer - metals",CTUh,134.5,21.6,27.0,,,,1.73e-08,4.89e-08,3.21e-08,1 kg N,1 kg P2O5,1 kg K2O,8_chara,9_chara,10_chara,2.32685e-06,1.0562400000000002e-06,8.667000000000001e-07,4.2497900000000005e-06
C6_2023,C6,2023,ha,"Human toxicity, non-cancer - organics",CTUh,134.5,21.6,27.0,,,,1.35e-09,1.78e-09,2.01e-09,1 kg N,1 kg P2O5,1 kg K2O,8_chara,9_chara,10_chara,1.81575e-07,3.8448e-08,5.4269999999999996e-08,2.74293e-07
C6_2023,C6,2023,ha,Ionising radiation,kBq U-235 eq,134.5,21.6,27.0,,,,0.099841,0.337545,0.245573,1 kg N,1 kg P2O5,1 kg K2O,8_chara,9_chara,10_chara,13.4286145,7.290972,6.630471,27.3500575
C6_2023,C6,2023,ha,Land use,Pt,134.5,21.6,27.0,,,,2.291069,30.93982,25.134,1 kg N,1 kg P2O5,1 kg K2O,8_chara,9_chara,10_chara,308.1487805,668.300112,678.618,1655.0668925
C6_2023,C6,2023,ha,Ozone depletion,kg CFC11 eq,134.5,21.6,27.0,,,,3.58e-07,3.47e-07,3.94e-07,1 kg N,1 kg P2O5,1 kg K2O,8_chara,9_chara,10_chara,4.8151e-05,7.495200000000001e-06,1.0638e-05,6.62842e-05
C6_2023,C6,2023,ha,Particulate matter,disease inc.,134.5,21.6,27.0,,,,3.99e-07,2.34e-07,2.27e-07,1 kg N,1 kg P2O5,1 kg K2O,8_chara,9_chara,10_chara,5.36655e-05,5.0544e-06,6.129e-06,6.48489e-05
C6_2023,C6,2023,ha,Photochemical ozone formation,kg NMVOC eq,134.5,21.6,27.0,,,,0.003983,0.00811,0.007996,1 kg N,1 kg P2O5,1 kg K2O,8_chara,9_chara,10_chara,0.5357135000000001,0.175176,0.215892,0.9267815
C6_2023,C6,2023,ha,"Resource use, fossils",MJ,134.5,21.6,27.0,,,,46.52414,42.89925,42.33106,1 kg N,1 kg P2O5,1 kg K2O,8_chara,9_chara,10_chara,6257.49683,926.6238000000001,1142.9386200000001,8327.05925
C6_2023,C6,2023,ha,"Resource use, minerals and metals",kg Sb eq,134.5,21.6,27.0,,,,2.71e-05,5.39e-05,5.15e-05,1 kg N,1 kg P2O5,1 kg K2O,8_chara,9_chara,10_chara,0.00364495,0.0011642400000000002,0.0013905,0.006199690000000001
C6_2023,C6,2023,ha,Water use,m3 depriv.,134.5,21.6,27.0,,,,0.21489,1.587446,1.186461,1 kg N,1 kg P2O5,1 kg K2O,8_chara,9_chara,10_chara,28.902705,34.288833600000004,32.034447,95.2259856
C6_2024,C6,2024,ha,Acidification,mol H+ eq,127.6,54.0,0.0,,,,0.057621,0.028972,0.018432,1 kg N,1 kg P2O5,1 kg K2O,8_chara,9_chara,10_chara,7.352439599999999,1.564488,0.0,8.9169276
C6_2024,C6,2024,ha,Climate change,kg CO2 eq,127.6,54.0,0.0,,,,3.754282,2.846359,2.817321,1 kg N,1 kg P2O5,1 kg K2O,8_chara,9_chara,10_chara,479.0463832,153.703386,0.0,632.7497692
C6_2024,C6,2024,ha,Climate change - Biogenic,kg CO2 eq,127.6,54.0,0.0,,,,0.001325,0.002609,0.002402,1 kg N,1 kg P2O5,1 kg K2O,8_chara,9_chara,10_chara,0.16907,0.140886,0.0,0.309956
C6_2024,C6,2024,ha,Climate change - Fossil,kg CO2 eq,127.6,54.0,0.0,,,,3.752439,2.829413,2.809194,1 kg N,1 kg P2O5,1 kg K2O,8_chara,9_chara,10_chara,478.8112164,152.78830200000002,0.0,631.5995184
C6_2024,C6,2024,ha,Climate change - Land use and LU change,kg CO2 eq,127.6,54.0,0.0,,,,0.000518,0.014337,0.005725,1 kg N,1 kg P2O5,1 kg K2O,8_chara,9_chara,10_chara,0.0660968,0.774198,0.0,0.8402948
C6_2024,C6,2024,ha,"Ecotoxicity, freshwater",CTUe,127.6,54.0,0.0,,,,24.51813,397.7709,2018.182,1 kg N,1 kg P2O5,1 kg K2O,8_chara,9_chara,10_chara,3128.513388,21479.6286,0.0,24608.141988
C6_2024,C6,2024,ha,"Ecotoxicity, freshwater - inorganics",CTUe,127.6,54.0,0.0,,,,7.823272,76.92257,397.7561,1 kg N,1 kg P2O5,1 kg K2O,8_chara,9_chara,10_chara,998.2495072,4153.81878,0.0,5152.0682872
C6_2024,C6,2024,ha,"Ecotoxicity, freshwater - metals",CTUe,127.6,54.0,0.0,,,,16.52071,320.1271,1619.55,1 kg N,1 kg P2O5,1 kg K2O,8_chara,9_chara,10_chara,2108.0425960000002,17286.8634,0.0,19394.905995999998
C6_2024,C6,2024,ha,"Ecotoxicity, freshwater - organics",CTUe,127.6,54.0,0.0,,,,0.174143,0.721252,0.87605,1 kg N,1 kg P2O5,1 kg K2O,8_chara,9_chara,10_chara,22.220646799999997,38.947608,0.0,61.1682548
C6_2024,C6,2024,ha,"Eutrophication, freshwater",kg P eq,127.6,54.0,0.0,,,,0.000222,0.000952,0.000618,1 kg N,1 kg P2O5,1 kg K2O,8_chara,9_chara,10_chara,0.0283272,0.051408,0.0,0.0797352
C6_2024,C6,2024,ha,"Eutrophication, marine",kg N eq,127.6,54.0,0.0,,,,0.002677,0.002767,0.002898,1 kg N,1 kg P2O5,1 kg K2O,8_chara,9_chara,10_chara,0.3415852,0.149418,0.0,0.4910032
C6_2024,C6,2024,ha,"Eutrophication, terrestrial",mol N eq,127.6,54.0,0.0,,,,0.241389,0.052171,0.058383,1 kg N,1 kg P2O5,1 kg K2O,8_chara,9_chara,10_chara,30.801236399999997,2.817234,0.0,33.6184704
C6_2024,C6,2024,ha,"Human toxicity, cancer",CTUh,127.6,54.0,0.0,,,,5.34e-10,2.54e-09,1.77e-09,1 kg N,1 kg P2O5,1 kg K2O,8_chara,9_chara,10_chara,6.813839999999999e-08,1.3716e-07,0.0,2.0529839999999998e-07
C6_2024,C6,2024,ha,"Human toxicity, cancer - inorganics",CTUh,127.6,54.0,0.0,,,,0.0,6.21e-18,5.01e-18,1 kg N,1 kg P2O5,1 kg K2O,8_chara,9_chara,10_chara,0.0,3.3534e-16,0.0,3.3534e-16
C6_2024,C6,2024,ha,"Human toxicity, cancer - metals",CTUh,127.6,54.0,0.0,,,,3.5e-10,2.13e-09,1.34e-09,1 kg N,1 kg P2O5,1 kg K2O,8_chara,9_chara,10_chara,4.466e-08,1.1502e-07,0.0,1.5967999999999998e-07
C6_2024,C6,2024,ha,"Human toxicity, cancer - organics",CTUh,127.6,54.0,0.0,,,,1.84e-10,4.05e-10,4.32e-10,1 kg N,1 kg P2O5,1 kg K2O,8_chara,9_chara,10_chara,2.3478400000000002e-08,2.187e-08,0.0,4.53484e-08
C6_2024,C6,2024,ha,"Human toxicity, non-cancer",CTUh,127.6,54.0,0.0,,,,2e-08,6.49e-08,9.9e-08,1 kg N,1 kg P2O5,1 kg K2O,8_chara,9_chara,10_chara,2.552e-06,3.5046000000000003e-06,0.0,6.056600000000001e-06
C6_2024,C6,2024,ha,"Human toxicity, non-cancer - inorganics",CTUh,127.6,54.0,0.0,,,,1.72e-09,1.45e-08,6.51e-08,1 kg N,1 kg P2O5,1 kg K2O,8_chara,9_chara,10_chara,2.19472e-07,7.830000000000001e-07,0.0,1.002472e-06
C6_2024,C6,2024,ha,"Human toxicity, non-cancer - metals",CTUh,127.6,54.0,0.0,,,,1.73e-08,4.89e-08,3.21e-08,1 kg N,1 kg P2O5,1 kg K2O,8_chara,9_chara,10_chara,2.20748e-06,2.6406e-06,0.0,4.8480800000000005e-06
C6_2024,C6,2024,ha,"Human toxicity, non-cancer - organics",CTUh,127.6,54.0,0.0,,,,1.35e-09,1.78e-09,2.01e-09,1 kg N,1 kg P2O5,1 kg K2O,8_chara,9_chara,10_chara,1.7226e-07,9.612e-08,0.0,2.6838e-07
C6_2024,C6,2024,ha,Ionising radiation,kBq U-235 eq,127.6,54.0,0.0,,,,0.099841,0.337545,0.245573,1 kg N,1 kg P2O5,1 kg K2O,8_chara,9_chara,10_chara,12.7397116,18.22743,0.0,30.967141599999998
C6_2024,C6,2024,ha,Land use,Pt,127.6,54.0,0.0,,,,2.291069,30.93982,25.134,1 kg N,1 kg P2O5,1 kg K2O,8_chara,9_chara,10_chara,292.34040439999995,1670.75028,0.0,1963.0906843999999
C6_2024,C6,2024,ha,Ozone depletion,kg CFC11 eq,127.6,54.0,0.0,,,,3.58e-07,3.47e-07,3.94e-07,1 kg N,1 kg P2O5,1 kg K2O,8_chara,9_chara,10_chara,4.56808e-05,1.8738000000000003e-05,0.0,6.441880000000001e-05
C6_2024,C6,2024,ha,Particulate matter,disease inc.,127.6,54.0,0.0,,,,3.99e-07,2.34e-07,2.27e-07,1 kg N,1 kg P2O5,1 kg K2O,8_chara,9_chara,10_chara,5.09124e-05,1.2636e-05,0.0,6.35484e-05
C6_2024,C6,2024,ha,Photochemical ozone formation,kg NMVOC eq,127.6,54.0,0.0,,,,0.003983,0.00811,0.007996,1 kg N,1 kg P2O5,1 kg K2O,8_chara,9_chara,10_chara,0.5082308,0.43793999999999994,0.0,0.9461708
C6_2024,C6,2024,ha,"Resource use, fossils",MJ,127.6,54.0,0.0,,,,46.52414,42.89925,42.33106,1 kg N,1 kg P2O5,1 kg K2O,8_chara,9_chara,10_chara,5936.480264,2316.5595000000003,0.0,8253.039764000001
C6_2024,C6,2024,ha,"Resource use, minerals and metals",kg Sb eq,127.6,54.0,0.0,,,,2.71e-05,5.39e-05,5.15e-05,1 kg N,1 kg P2O5,1 kg K2O,8_chara,9_chara,10_chara,0.00345796,0.0029106,0.0,0.0063685600000000005
C6_2024,C6,2024,ha,Water use,m3 depriv.,127.6,54.0,0.0,,,,0.21489,1.587446,1.186461,1 kg N,1 kg P2O5,1 kg K2O,8_chara,9_chara,10_chara,27.419964,85.722084,0.0,113.14204799999999
C7_2023,C7,2023,ha,Acidification,mol H+ eq,112.23,45.0,45.0,,,,0.057621,0.028972,0.018432,1 kg N,1 kg P2O5,1 kg K2O,8_chara,9_chara,10_chara,6.46680483,1.3037400000000001,0.8294400000000001,8.59998483
C7_2023,C7,2023,ha,Climate change,kg CO2 eq,112.23,45.0,45.0,,,,3.754282,2.846359,2.817321,1 kg N,1 kg P2O5,1 kg K2O,8_chara,9_chara,10_chara,421.34306886,128.086155,126.77944500000001,676.20866886
C7_2023,C7,2023,ha,Climate change - Biogenic,kg CO2 eq,112.23,45.0,45.0,,,,0.001325,0.002609,0.002402,1 kg N,1 kg P2O5,1 kg K2O,8_chara,9_chara,10_chara,0.14870475,0.11740500000000001,0.10809,0.37419975000000005
C7_2023,C7,2023,ha,Climate change - Fossil,kg CO2 eq,112.23,45.0,45.0,,,,3.752439,2.829413,2.809194,1 kg N,1 kg P2O5,1 kg K2O,8_chara,9_chara,10_chara,421.13622897,127.32358500000001,126.41373000000002,674.87354397
C7_2023,C7,2023,ha,Climate change - Land use and LU change,kg CO2 eq,112.23,45.0,45.0,,,,0.000518,0.014337,0.005725,1 kg N,1 kg P2O5,1 kg K2O,8_chara,9_chara,10_chara,0.05813514,0.645165,0.257625,0.96092514
C7_2023,C7,2023,ha,"Ecotoxicity, freshwater",CTUe,112.23,45.0,45.0,,,,24.51813,397.7709,2018.182,1 kg N,1 kg P2O5,1 kg K2O,8_chara,9_chara,10_chara,2751.6697299,17899.6905,90818.19,111469.5502299
C7_2023,C7,2023,ha,"Ecotoxicity, freshwater - inorganics",CTUe,112.23,45.0,45.0,,,,7.823272,76.92257,397.7561,1 kg N,1 kg P2O5,1 kg K2O,8_chara,9_chara,10_chara,878.0058165600001,3461.51565,17899.0245,22238.54596656
C7_2023,C7,2023,ha,"Ecotoxicity, freshwater - metals",CTUe,112.23,45.0,45.0,,,,16.52071,320.1271,1619.55,1 kg N,1 kg P2O5,1 kg K2O,8_chara,9_chara,10_chara,1854.1192833000002,14405.7195,72879.75,89139.5887833
C7_2023,C7,2023,ha,"Ecotoxicity, freshwater - organics",CTUe,112.23,45.0,45.0,,,,0.174143,0.721252,0.87605,1 kg N,1 kg P2O5,1 kg K2O,8_chara,9_chara,10_chara,19.54406889,32.45634,39.42225,91.42265889
C7_2023,C7,2023,ha,"Eutrophication, freshwater",kg P eq,112.23,45.0,45.0,,,,0.000222,0.000952,0.000618,1 kg N,1 kg P2O5,1 kg K2O,8_chara,9_chara,10_chara,0.024915060000000003,0.04284,0.027809999999999998,0.09556506000000001
C7_2023,C7,2023,ha,"Eutrophication, marine",kg N eq,112.23,45.0,45.0,,,,0.002677,0.002767,0.002898,1 kg N,1 kg P2O5,1 kg K2O,8_chara,9_chara,10_chara,0.30043971,0.124515,0.13041,0.55536471
C7_2023,C7,2023,ha,"Eutrophication, terrestrial",mol N eq,112.23,45.0,45.0,,,,0.241389,0.052171,0.058383,1 kg N,1 kg P2O5,1 kg K2O,8_chara,9_chara,10_chara,27.09108747,2.3476950000000003,2.6272349999999998,32.066017470000006
C7_2023,C7,2023,ha,"Human toxicity, cancer",CTUh,112.23,45.0,45.0,,,,5.34e-10,2.54e-09,1.77e-09,1 kg N,1 kg P2O5,1 kg K2O,8_chara,9_chara,10_chara,5.993082e-08,1.143e-07,7.965e-08,2.5388082e-07
C7_2023,C7,2023,ha,"Human toxicity, cancer - inorganics",CTUh,112.23,45.0,45.0,,,,0.0,6.21e-18,5.01e-18,1 kg N,1 kg P2O5,1 kg K2O,8_chara,9_chara,10_chara,0.0,2.7945e-16,2.2545e-16,5.049e-16
C7_2023,C7,2023,ha,"Human toxicity, cancer - metals",CTUh,112.23,45.0,45.0,,,,3.5e-10,2.13e-09,1.34e-09,1 kg N,1 kg P2O5,1 kg K2O,8_chara,9_chara,10_chara,3.92805e-08,9.585e-08,6.029999999999999e-08,1.954305e-07
C7_2023,C7,2023,ha,"Human toxicity, cancer - organics",CTUh,112.23,45.0,45.0,,,,1.84e-10,4.05e-10,4.32e-10,1 kg N,1 kg P2O5,1 kg K2O,8_chara,9_chara,10_chara,2.0650320000000002e-08,1.8225e-08,1.944e-08,5.8315320000000006e-08
C7_2023,C7,2023,ha,"Human toxicity, non-cancer",CTUh,112.23,45.0,45.0,,,,2e-08,6.49e-08,9.9e-08,1 kg N,1 kg P2O5,1 kg K2O,8_chara,9_chara,10_chara,2.2446e-06,2.9205000000000002e-06,4.455e-06,9.6201e-06
C7_2023,C7,2023,ha,"Human toxicity, non-cancer - inorganics",CTUh,112.23,45.0,45.0,,,,1.72e-09,1.45e-08,6.51e-08,1 kg N,1 kg P2O5,1 kg K2O,8_chara,9_chara,10_chara,1.9303560000000001e-07,6.525e-07,2.9294999999999996e-06,3.7750356e-06
C7_2023,C7,2023,ha,"Human toxicity, non-cancer - metals",CTUh,112.23,45.0,45.0,,,,1.73e-08,4.89e-08,3.21e-08,1 kg N,1 kg P2O5,1 kg K2O,8_chara,9_chara,10_chara,1.941579e-06,2.2005e-06,1.4445e-06,5.586579e-06
C7_2023,C7,2023,ha,"Human toxicity, non-cancer - organics",CTUh,112.23,45.0,45.0,,,,1.35e-09,1.78e-09,2.01e-09,1 kg N,1 kg P2O5,1 kg K2O,8_chara,9_chara,10_chara,1.5151050000000003e-07,8.010000000000001e-08,9.044999999999999e-08,3.2206050000000003e-07
C7_2023,C7,2023,ha,Ionising radiation,kBq U-235 eq,112.23,45.0,45.0,,,,0.099841,0.337545,0.245573,1 kg N,1 kg P2O5,1 kg K2O,8_chara,9_chara,10_chara,11.20515543,15.189525,11.050785000000001,37.44546543
C7_2023,C7,2023,ha,Land use,Pt,112.23,45.0,45.0,,,,2.291069,30.93982,25.134,1 kg N,1 kg P2O5,1 kg K2O,8_chara,9_chara,10_chara,257.12667387,1392.2919,1131.03,2780.4485738699996
C7_2023,C7,2023,ha,Ozone depletion,kg CFC11 eq,112.23,45.0,45.0,,,,3.58e-07,3.47e-07,3.94e-07,1 kg N,1 kg P2O5,1 kg K2O,8_chara,9_chara,10_chara,4.0178340000000004e-05,1.5615000000000002e-05,1.773e-05,7.352334e-05
C7_2023,C7,2023,ha,Particulate matter,disease inc.,112.23,45.0,45.0,,,,3.99e-07,2.34e-07,2.27e-07,1 kg N,1 kg P2O5,1 kg K2O,8_chara,9_chara,10_chara,4.4779770000000006e-05,1.053e-05,1.0215e-05,6.552477e-05
C7_2023,C7,2023,ha,Photochemical ozone formation,kg NMVOC eq,112.23,45.0,45.0,,,,0.003983,0.00811,0.007996,1 kg N,1 kg P2O5,1 kg K2O,8_chara,9_chara,10_chara,0.4470120900000001,0.36494999999999994,0.35982,1.17178209
C7_2023,C7,2023,ha,"Resource use, fossils",MJ,112.23,45.0,45.0,,,,46.52414,42.89925,42.33106,1 kg N,1 kg P2O5,1 kg K2O,8_chara,9_chara,10_chara,5221.4042322000005,1930.4662500000002,1904.8977,9056.768182200001
C7_2023,C7,2023,ha,"Resource use, minerals and metals",kg Sb eq,112.23,45.0,45.0,,,,2.71e-05,5.39e-05,5.15e-05,1 kg N,1 kg P2O5,1 kg K2O,8_chara,9_chara,10_chara,0.003041433,0.0024255,0.0023175,0.007784433
C7_2023,C7,2023,ha,Water use,m3 depriv.,112.23,45.0,45.0,,,,0.21489,1.587446,1.186461,1 kg N,1 kg P2O5,1 kg K2O,8_chara,9_chara,10_chara,24.117104700000002,71.43507,53.390745,148.9429197
C7_2024,C7,2024,ha,Acidification,mol H+ eq,140.41,71.68,73.93,,,,0.057621,0.028972,0.018432,1 kg N,1 kg P2O5,1 kg K2O,8_chara,9_chara,10_chara,8.09056461,2.0767129600000005,1.3626777600000002,11.52995533
C7_2024,C7,2024,ha,Climate change,kg CO2 eq,140.41,71.68,73.93,,,,3.754282,2.846359,2.817321,1 kg N,1 kg P2O5,1 kg K2O,8_chara,9_chara,10_chara,527.1387356199999,204.02701312000002,208.28454153000004,939.45029027
C7_2024,C7,2024,ha,Climate change - Biogenic,kg CO2 eq,140.41,71.68,73.93,,,,0.001325,0.002609,0.002402,1 kg N,1 kg P2O5,1 kg K2O,8_chara,9_chara,10_chara,0.18604325,0.18701312000000003,0.17757986000000003,0.5506362300000001
C7_2024,C7,2024,ha,Climate change - Fossil,kg CO2 eq,140.41,71.68,73.93,,,,3.752439,2.829413,2.809194,1 kg N,1 kg P2O5,1 kg K2O,8_chara,9_chara,10_chara,526.87995999,202.81232384000003,207.68371242000003,937.37599625
C7_2024,C7,2024,ha,Climate change - Land use and LU change,kg CO2 eq,140.41,71.68,73.93,,,,0.000518,0.014337,0.005725,1 kg N,1 kg P2O5,1 kg K2O,8_chara,9_chara,10_chara,0.07273238,1.0276761600000002,0.42324925,1.5236577900000001
C7_2024,C7,2024,ha,"Ecotoxicity, freshwater",CTUe,140.41,71.68,73.93,,,,24.51813,397.7709,2018.182,1 kg N,1 kg P2O5,1 kg K2O,8_chara,9_chara,10_chara,3442.5906333,28512.218112000002,149204.19526,181159.0040053
C7_2024,C7,2024,ha,"Ecotoxicity, freshwater - inorganics",CTUe,140.41,71.68,73.93,,,,7.823272,76.92257,397.7561,1 kg N,1 kg P2O5,1 kg K2O,8_chara,9_chara,10_chara,1098.46562152,5513.8098176,29406.108473000004,36018.38391212001
C7_2024,C7,2024,ha,"Ecotoxicity, freshwater - metals",CTUe,140.41,71.68,73.93,,,,16.52071,320.1271,1619.55,1 kg N,1 kg P2O5,1 kg K2O,8_chara,9_chara,10_chara,2319.6728911,22946.710528,119733.33150000001,144999.71491910002
C7_2024,C7,2024,ha,"Ecotoxicity, freshwater - organics",CTUe,140.41,71.68,73.93,,,,0.174143,0.721252,0.87605,1 kg N,1 kg P2O5,1 kg K2O,8_chara,9_chara,10_chara,24.45141863,51.69934336000001,64.7663765,140.91713849
C7_2024,C7,2024,ha,"Eutrophication, freshwater",kg P eq,140.41,71.68,73.93,,,,0.000222,0.000952,0.000618,1 kg N,1 kg P2O5,1 kg K2O,8_chara,9_chara,10_chara,0.03117102,0.06823936000000001,0.04568874,0.14509912000000003
C7_2024,C7,2024,ha,"Eutrophication, marine",kg N eq,140.41,71.68,73.93,,,,0.002677,0.002767,0.002898,1 kg N,1 kg P2O5,1 kg K2O,8_chara,9_chara,10_chara,0.37587757,0.19833856000000002,0.21424914,0.7884652700000001
C7_2024,C7,2024,ha,"Eutrophication, terrestrial",mol N eq,140.41,71.68,73.93,,,,0.241389,0.052171,0.058383,1 kg N,1 kg P2O5,1 kg K2O,8_chara,9_chara,10_chara,33.893429489999995,3.7396172800000005,4.316255190000001,41.94930195999999
C7_2024,C7,2024,ha,"Human toxicity, cancer",CTUh,140.41,71.68,73.93,,,,5.34e-10,2.54e-09,1.77e-09,1 kg N,1 kg P2O5,1 kg K2O,8_chara,9_chara,10_chara,7.497894e-08,1.8206720000000002e-07,1.308561e-07,3.8790224e-07
C7_2024,C7,2024,ha,"Human toxicity, cancer - inorganics",CTUh,140.41,71.68,73.93,,,,0.0,6.21e-18,5.01e-18,1 kg N,1 kg P2O5,1 kg K2O,8_chara,9_chara,10_chara,0.0,4.451328000000001e-16,3.7038930000000007e-16,8.155221000000001e-16
C7_2024,C7,2024,ha,"Human toxicity, cancer - metals",CTUh,140.41,71.68,73.93,,,,3.5e-10,2.13e-09,1.34e-09,1 kg N,1 kg P2O5,1 kg K2O,8_chara,9_chara,10_chara,4.91435e-08,1.526784e-07,9.90662e-08,3.008881e-07
C7_2024,C7,2024,ha,"Human toxicity, cancer - organics",CTUh,140.41,71.68,73.93,,,,1.84e-10,4.05e-10,4.32e-10,1 kg N,1 kg P2O5,1 kg K2O,8_chara,9_chara,10_chara,2.583544e-08,2.90304e-08,3.193776e-08,8.680359999999999e-08
C7_2024,C7,2024,ha,"Human toxicity, non-cancer",CTUh,140.41,71.68,73.93,,,,2e-08,6.49e-08,9.9e-08,1 kg N,1 kg P2O5,1 kg K2O,8_chara,9_chara,10_chara,2.8082e-06,4.6520320000000006e-06,7.31907e-06,1.4779302000000001e-05
C7_2024,C7,2024,ha,"Human toxicity, non-cancer - inorganics",CTUh,140.41,71.68,73.93,,,,1.72e-09,1.45e-08,6.51e-08,1 kg N,1 kg P2O5,1 kg K2O,8_chara,9_chara,10_chara,2.415052e-07,1.0393600000000001e-06,4.812843e-06,6.0937082e-06
C7_2024,C7,2024,ha,"Human toxicity, non-cancer - metals",CTUh,140.41,71.68,73.93,,,,1.73e-08,4.89e-08,3.21e-08,1 kg N,1 kg P2O5,1 kg K2O,8_chara,9_chara,10_chara,2.4290929999999998e-06,3.5051520000000003e-06,2.3731530000000006e-06,8.307398e-06
C7_2024,C7,2024,ha,"Human toxicity, non-cancer - organics",CTUh,140.41,71.68,73.93,,,,1.35e-09,1.78e-09,2.01e-09,1 kg N,1 kg P2O5,1 kg K2O,8_chara,9_chara,10_chara,1.8955350000000002e-07,1.2759040000000001e-07,1.485993e-07,4.657432e-07
C7_2024,C7,2024,ha,Ionising radiation,kBq U-235 eq,140.41,71.68,73.93,,,,0.099841,0.337545,0.245573,1 kg N,1 kg P2O5,1 kg K2O,8_chara,9_chara,10_chara,14.01867481,24.1952256,18.155211890000004,56.369112300000005
C7_2024,C7,2024,ha,Land use,Pt,140.41,71.68,73.93,,,,2.291069,30.93982,25.134,1 kg N,1 kg P2O5,1 kg K2O,8_chara,9_chara,10_chara,321.68899829,2217.7662976,1858.1566200000002,4397.61191589
C7_2024,C7,2024,ha,Ozone depletion,kg CFC11 eq,140.41,71.68,73.93,,,,3.58e-07,3.47e-07,3.94e-07,1 kg N,1 kg P2O5,1 kg K2O,8_chara,9_chara,10_chara,5.0266779999999996e-05,2.4872960000000005e-05,2.9128420000000002e-05,0.00010426816
C7_2024,C7,2024,ha,Particulate matter,disease inc.,140.41,71.68,73.93,,,,3.99e-07,2.34e-07,2.27e-07,1 kg N,1 kg P2O5,1 kg K2O,8_chara,9_chara,10_chara,5.602359e-05,1.6773120000000002e-05,1.678211e-05,8.957882e-05
C7_2024,C7,2024,ha,Photochemical ozone formation,kg NMVOC eq,140.41,71.68,73.93,,,,0.003983,0.00811,0.007996,1 kg N,1 kg P2O5,1 kg K2O,8_chara,9_chara,10_chara,0.55925303,0.5813248,0.5911442800000001,1.7317221100000002
C7_2024,C7,2024,ha,"Resource use, fossils",MJ,140.41,71.68,73.93,,,,46.52414,42.89925,42.33106,1 kg N,1 kg P2O5,1 kg K2O,8_chara,9_chara,10_chara,6532.4544974,3075.0182400000003,3129.5352658,12737.0080032
C7_2024,C7,2024,ha,"Resource use, minerals and metals",kg Sb eq,140.41,71.68,73.93,,,,2.71e-05,5.39e-05,5.15e-05,1 kg N,1 kg P2O5,1 kg K2O,8_chara,9_chara,10_chara,0.003805111,0.0038635520000000006,0.0038073950000000003,0.011476058
C7_2024,C7,2024,ha,Water use,m3 depriv.,140.41,71.68,73.93,,,,0.21489,1.587446,1.186461,1 kg N,1 kg P2O5,1 kg K2O,8_chara,9_chara,10_chara,30.1727049,113.78812928,87.71506173,231.67589591
C8_2022,C8,2022,ha,Acidification,mol H+ eq,123.5010288066,25.0,0.0,,,,0.057621,0.028972,0.018432,1 kg N,1 kg P2O5,1 kg K2O,8_chara,9_chara,10_chara,7.116252780865099,0.7243,0.0,7.840552780865099
C8_2022,C8,2022,ha,Climate change,kg CO2 eq,123.5010288066,25.0,0.0,,,,3.754282,2.846359,2.817321,1 kg N,1 kg P2O5,1 kg K2O,8_chara,9_chara,10_chara,463.6576894300999,71.158975,0.0,534.8166644300999
C8_2022,C8,2022,ha,Climate change - Biogenic,kg CO2 eq,123.5010288066,25.0,0.0,,,,0.001325,0.002609,0.002402,1 kg N,1 kg P2O5,1 kg K2O,8_chara,9_chara,10_chara,0.163638863168745,0.065225,0.0,0.22886386316874502
C8_2022,C8,2022,ha,Climate change - Fossil,kg CO2 eq,123.5010288066,25.0,0.0,,,,3.752439,2.829413,2.809194,1 kg N,1 kg P2O5,1 kg K2O,8_chara,9_chara,10_chara,463.4300770340093,70.735325,0.0,534.1654020340093
C8_2022,C8,2022,ha,Climate change - Land use and LU change,kg CO2 eq,123.5010288066,25.0,0.0,,,,0.000518,0.014337,0.005725,1 kg N,1 kg P2O5,1 kg K2O,8_chara,9_chara,10_chara,0.0639735329218188,0.358425,0.0,0.4223985329218188
C8_2022,C8,2022,ha,"Ecotoxicity, freshwater",CTUe,123.5010288066,25.0,0.0,,,,24.51813,397.7709,2018.182,1 kg N,1 kg P2O5,1 kg K2O,8_chara,9_chara,10_chara,3028.014279413964,9944.2725,0.0,12972.286779413964
C8_2022,C8,2022,ha,"Ecotoxicity, freshwater - inorganics",CTUe,123.5010288066,25.0,0.0,,,,7.823272,76.92257,397.7561,1 kg N,1 kg P2O5,1 kg K2O,8_chara,9_chara,10_chara,966.1821406338672,1923.06425,0.0,2889.246390633867
C8_2022,C8,2022,ha,"Ecotoxicity, freshwater - metals",CTUe,123.5010288066,25.0,0.0,,,,16.52071,320.1271,1619.55,1 kg N,1 kg P2O5,1 kg K2O,8_chara,9_chara,10_chara,2040.324681615485,8003.1775,0.0,10043.502181615484
C8_2022,C8,2022,ha,"Ecotoxicity, freshwater - organics",CTUe,123.5010288066,25.0,0.0,,,,0.174143,0.721252,0.87605,1 kg N,1 kg P2O5,1 kg K2O,8_chara,9_chara,10_chara,21.506839659467744,18.0313,0.0,39.538139659467745
C8_2022,C8,2022,ha,"Eutrophication, freshwater",kg P eq,123.5010288066,25.0,0.0,,,,0.000222,0.000952,0.000618,1 kg N,1 kg P2O5,1 kg K2O,8_chara,9_chara,10_chara,0.0274172283950652,0.0238,0.0,0.051217228395065206
C8_2022,C8,2022,ha,"Eutrophication, marine",kg N eq,123.5010288066,25.0,0.0,,,,0.002677,0.002767,0.002898,1 kg N,1 kg P2O5,1 kg K2O,8_chara,9_chara,10_chara,0.33061225411526823,0.069175,0.0,0.3997872541152682
C8_2022,C8,2022,ha,"Eutrophication, terrestrial",mol N eq,123.5010288066,25.0,0.0,,,,0.241389,0.052171,0.058383,1 kg N,1 kg P2O5,1 kg K2O,8_chara,9_chara,10_chara,29.81178984259637,1.304275,0.0,31.11606484259637
C8_2022,C8,2022,ha,"Human toxicity, cancer",CTUh,123.5010288066,25.0,0.0,,,,5.34e-10,2.54e-09,1.77e-09,1 kg N,1 kg P2O5,1 kg K2O,8_chara,9_chara,10_chara,6.594954938272441e-08,6.349999999999999e-08,0.0,1.2944954938272442e-07
C8_2022,C8,2022,ha,"Human toxicity, cancer - inorganics",CTUh,123.5010288066,25.0,0.0,,,,0.0,6.21e-18,5.01e-18,1 kg N,1 kg P2O5,1 kg K2O,8_chara,9_chara,10_chara,0.0,1.5525e-16,0.0,1.5525e-16
C8_2022,C8,2022,ha,"Human toxicity, cancer - metals",CTUh,123.5010288066,25.0,0.0,,,,3.5e-10,2.13e-09,1.34e-09,1 kg N,1 kg P2O5,1 kg K2O,8_chara,9_chara,10_chara,4.322536008231e-08,5.325e-08,0.0,9.647536008231e-08
C8_2022,C8,2022,ha,"Human toxicity, cancer - organics",CTUh,123.5010288066,25.0,0.0,,,,1.84e-10,4.05e-10,4.32e-10,1 kg N,1 kg P2O5,1 kg K2O,8_chara,9_chara,10_chara,2.2724189300414402e-08,1.0125e-08,0.0,3.28491893004144e-08
C8_2022,C8,2022,ha,"Human toxicity, non-cancer",CTUh,123.5010288066,25.0,0.0,,,,2e-08,6.49e-08,9.9e-08,1 kg N,1 kg P2O5,1 kg K2O,8_chara,9_chara,10_chara,2.470020576132e-06,1.6225000000000001e-06,0.0,4.092520576132e-06
C8_2022,C8,2022,ha,"Human toxicity, non-cancer - inorganics",CTUh,123.5010288066,25.0,0.0,,,,1.72e-09,1.45e-08,6.51e-08,1 kg N,1 kg P2O5,1 kg K2O,8_chara,9_chara,10_chara,2.12421769547352e-07,3.625e-07,0.0,5.74921769547352e-07
C8_2022,C8,2022,ha,"Human toxicity, non-cancer - metals",CTUh,123.5010288066,25.0,0.0,,,,1.73e-08,4.89e-08,3.21e-08,1 kg N,1 kg P2O5,1 kg K2O,8_chara,9_chara,10_chara,2.13656779835418e-06,1.2225e-06,0.0,3.35906779835418e-06
C8_2022,C8,2022,ha,"Human toxicity, non-cancer - organics",CTUh,123.5010288066,25.0,0.0,,,,1.35e-09,1.78e-09,2.01e-09,1 kg N,1 kg P2O5,1 kg K2O,8_chara,9_chara,10_chara,1.6672638888891003e-07,4.45e-08,0.0,2.1122638888891004e-07
C8_2022,C8,2022,ha,Ionising radiation,kBq U-235 eq,123.5010288066,25.0,0.0,,,,0.099841,0.337545,0.245573,1 kg N,1 kg P2O5,1 kg K2O,8_chara,9_chara,10_chara,12.330466217079751,8.438625,0.0,20.76909121707975
C8_2022,C8,2022,ha,Land use,Pt,123.5010288066,25.0,0.0,,,,2.291069,30.93982,25.134,1 kg N,1 kg P2O5,1 kg K2O,8_chara,9_chara,10_chara,282.94937856690825,773.4955,0.0,1056.4448785669083
C8_2022,C8,2022,ha,Ozone depletion,kg CFC11 eq,123.5010288066,25.0,0.0,,,,3.58e-07,3.47e-07,3.94e-07,1 kg N,1 kg P2O5,1 kg K2O,8_chara,9_chara,10_chara,4.42133683127628e-05,8.675e-06,0.0,5.28883683127628e-05
C8_2022,C8,2022,ha,Particulate matter,disease inc.,123.5010288066,25.0,0.0,,,,3.99e-07,2.34e-07,2.27e-07,1 kg N,1 kg P2O5,1 kg K2O,8_chara,9_chara,10_chara,4.9276910493833405e-05,5.85e-06,0.0,5.5126910493833405e-05
C8_2022,C8,2022,ha,Photochemical ozone formation,kg NMVOC eq,123.5010288066,25.0,0.0,,,,0.003983,0.00811,0.007996,1 kg N,1 kg P2O5,1 kg K2O,8_chara,9_chara,10_chara,0.4919045977366879,0.20274999999999999,0.0,0.6946545977366878
C8_2022,C8,2022,ha,"Resource use, fossils",MJ,123.5010288066,25.0,0.0,,,,46.52414,42.89925,42.33106,1 kg N,1 kg P2O5,1 kg K2O,8_chara,9_chara,10_chara,5745.779154342292,1072.48125,0.0,6818.260404342292
C8_2022,C8,2022,ha,"Resource use, minerals and metals",kg Sb eq,123.5010288066,25.0,0.0,,,,2.71e-05,5.39e-05,5.15e-05,1 kg N,1 kg P2O5,1 kg K2O,8_chara,9_chara,10_chara,0.0033468778806588603,0.0013475,0.0,0.0046943778806588605
C8_2022,C8,2022,ha,Water use,m3 depriv.,123.5010288066,25.0,0.0,,,,0.21489,1.587446,1.186461,1 kg N,1 kg P2O5,1 kg K2O,8_chara,9_chara,10_chara,26.539136080250273,39.68615,0.0,66.22528608025027
C8_2023,C8,2023,ha,Acidification,mol H+ eq,76.8,44.77,44.77,,,,0.057621,0.028972,0.018432,1 kg N,1 kg P2O5,1 kg K2O,8_chara,9_chara,10_chara,4.425292799999999,1.29707644,0.82520064,6.547569879999999
C8_2023,C8,2023,ha,Climate change,kg CO2 eq,76.8,44.77,44.77,,,,3.754282,2.846359,2.817321,1 kg N,1 kg P2O5,1 kg K2O,8_chara,9_chara,10_chara,288.3288576,127.43149243,126.13146117000002,541.8918112
C8_2023,C8,2023,ha,Climate change - Biogenic,kg CO2 eq,76.8,44.77,44.77,,,,0.001325,0.002609,0.002402,1 kg N,1 kg P2O5,1 kg K2O,8_chara,9_chara,10_chara,0.10176,0.11680493000000002,0.10753754000000001,0.32610247000000003
C8_2023,C8,2023,ha,Climate change - Fossil,kg CO2 eq,76.8,44.77,44.77,,,,3.752439,2.829413,2.809194,1 kg N,1 kg P2O5,1 kg K2O,8_chara,9_chara,10_chara,288.1873152,126.67282001000002,125.76761538000002,540.62775059
C8_2023,C8,2023,ha,Climate change - Land use and LU change,kg CO2 eq,76.8,44.77,44.77,,,,0.000518,0.014337,0.005725,1 kg N,1 kg P2O5,1 kg K2O,8_chara,9_chara,10_chara,0.0397824,0.6418674900000001,0.25630825,0.9379581400000001
C8_2023,C8,2023,ha,"Ecotoxicity, freshwater",CTUe,76.8,44.77,44.77,,,,24.51813,397.7709,2018.182,1 kg N,1 kg P2O5,1 kg K2O,8_chara,9_chara,10_chara,1882.992384,17808.203193,90354.00814,110045.20371700001
C8_2023,C8,2023,ha,"Ecotoxicity, freshwater - inorganics",CTUe,76.8,44.77,44.77,,,,7.823272,76.92257,397.7561,1 kg N,1 kg P2O5,1 kg K2O,8_chara,9_chara,10_chara,600.8272896,3443.8234589,17807.540597000003,21852.191345500003
C8_2023,C8,2023,ha,"Ecotoxicity, freshwater - metals",CTUe,76.8,44.77,44.77,,,,16.52071,320.1271,1619.55,1 kg N,1 kg P2O5,1 kg K2O,8_chara,9_chara,10_chara,1268.790528,14332.090267,72507.2535,88108.13429500001
C8_2023,C8,2023,ha,"Ecotoxicity, freshwater - organics",CTUe,76.8,44.77,44.77,,,,0.174143,0.721252,0.87605,1 kg N,1 kg P2O5,1 kg K2O,8_chara,9_chara,10_chara,13.374182399999999,32.290452040000005,39.2207585,84.88539294
C8_2023,C8,2023,ha,"Eutrophication, freshwater",kg P eq,76.8,44.77,44.77,,,,0.000222,0.000952,0.000618,1 kg N,1 kg P2O5,1 kg K2O,8_chara,9_chara,10_chara,0.017049599999999998,0.042621040000000006,0.02766786,0.0873385
C8_2023,C8,2023,ha,"Eutrophication, marine",kg N eq,76.8,44.77,44.77,,,,0.002677,0.002767,0.002898,1 kg N,1 kg P2O5,1 kg K2O,8_chara,9_chara,10_chara,0.20559360000000002,0.12387859000000001,0.12974346,0.4592156500000001
C8_2023,C8,2023,ha,"Eutrophication, terrestrial",mol N eq,76.8,44.77,44.77,,,,0.241389,0.052171,0.058383,1 kg N,1 kg P2O5,1 kg K2O,8_chara,9_chara,10_chara,18.5386752,2.3356956700000002,2.61380691,23.48817778
C8_2023,C8,2023,ha,"Human toxicity, cancer",CTUh,76.8,44.77,44.77,,,,5.34e-10,2.54e-09,1.77e-09,1 kg N,1 kg P2O5,1 kg K2O,8_chara,9_chara,10_chara,4.10112e-08,1.137158e-07,7.924290000000001e-08,2.3396990000000003e-07
C8_2023,C8,2023,ha,"Human toxicity, cancer - inorganics",CTUh,76.8,44.77,44.77,,,,0.0,6.21e-18,5.01e-18,1 kg N,1 kg P2O5,1 kg K2O,8_chara,9_chara,10_chara,0.0,2.780217e-16,2.2429770000000004e-16,5.023194000000001e-16
C8_2023,C8,2023,ha,"Human toxicity, cancer - metals",CTUh,76.8,44.77,44.77,,,,3.5e-10,2.13e-09,1.34e-09,1 kg N,1 kg P2O5,1 kg K2O,8_chara,9_chara,10_chara,2.6879999999999997e-08,9.536010000000001e-08,5.99918e-08,1.8223190000000002e-07
C8_2023,C8,2023,ha,"Human toxicity, cancer - organics",CTUh,76.8,44.77,44.77,,,,1.84e-10,4.05e-10,4.32e-10,1 kg N,1 kg P2O5,1 kg K2O,8_chara,9_chara,10_chara,1.41312e-08,1.813185e-08,1.9340640000000002e-08,5.1603690000000004e-08
C8_2023,C8,2023,ha,"Human toxicity, non-cancer",CTUh,76.8,44.77,44.77,,,,2e-08,6.49e-08,9.9e-08,1 kg N,1 kg P2O5,1 kg K2O,8_chara,9_chara,10_chara,1.536e-06,2.9055730000000005e-06,4.43223e-06,8.873803000000001e-06
C8_2023,C8,2023,ha,"Human toxicity, non-cancer - inorganics",CTUh,76.8,44.77,44.77,,,,1.72e-09,1.45e-08,6.51e-08,1 kg N,1 kg P2O5,1 kg K2O,8_chara,9_chara,10_chara,1.32096e-07,6.491650000000001e-07,2.914527e-06,3.695788e-06
C8_2023,C8,2023,ha,"Human toxicity, non-cancer - metals",CTUh,76.8,44.77,44.77,,,,1.73e-08,4.89e-08,3.21e-08,1 kg N,1 kg P2O5,1 kg K2O,8_chara,9_chara,10_chara,1.32864e-06,2.189253e-06,1.4371170000000002e-06,4.95501e-06
C8_2023,C8,2023,ha,"Human toxicity, non-cancer - organics",CTUh,76.8,44.77,44.77,,,,1.35e-09,1.78e-09,2.01e-09,1 kg N,1 kg P2O5,1 kg K2O,8_chara,9_chara,10_chara,1.0368e-07,7.969060000000001e-08,8.99877e-08,2.7335830000000003e-07
C8_2023,C8,2023,ha,Ionising radiation,kBq U-235 eq,76.8,44.77,44.77,,,,0.099841,0.337545,0.245573,1 kg N,1 kg P2O5,1 kg K2O,8_chara,9_chara,10_chara,7.667788799999999,15.11188965,10.994303210000002,33.773981660000004
C8_2023,C8,2023,ha,Land use,Pt,76.8,44.77,44.77,,,,2.291069,30.93982,25.134,1 kg N,1 kg P2O5,1 kg K2O,8_chara,9_chara,10_chara,175.95409919999997,1385.1757414,1125.24918,2686.3790206000003
C8_2023,C8,2023,ha,Ozone depletion,kg CFC11 eq,76.8,44.77,44.77,,,,3.58e-07,3.47e-07,3.94e-07,1 kg N,1 kg P2O5,1 kg K2O,8_chara,9_chara,10_chara,2.74944e-05,1.5535190000000003e-05,1.763938e-05,6.0668969999999996e-05
C8_2023,C8,2023,ha,Particulate matter,disease inc.,76.8,44.77,44.77,,,,3.99e-07,2.34e-07,2.27e-07,1 kg N,1 kg P2O5,1 kg K2O,8_chara,9_chara,10_chara,3.06432e-05,1.0476180000000002e-05,1.0162790000000001e-05,5.128217e-05
C8_2023,C8,2023,ha,Photochemical ozone formation,kg NMVOC eq,76.8,44.77,44.77,,,,0.003983,0.00811,0.007996,1 kg N,1 kg P2O5,1 kg K2O,8_chara,9_chara,10_chara,0.3058944,0.3630847,0.35798092000000004,1.0269600200000002
C8_2023,C8,2023,ha,"Resource use, fossils",MJ,76.8,44.77,44.77,,,,46.52414,42.89925,42.33106,1 kg N,1 kg P2O5,1 kg K2O,8_chara,9_chara,10_chara,3573.053952,1920.5994225000002,1895.1615562000002,7388.8149307
C8_2023,C8,2023,ha,"Resource use, minerals and metals",kg Sb eq,76.8,44.77,44.77,,,,2.71e-05,5.39e-05,5.15e-05,1 kg N,1 kg P2O5,1 kg K2O,8_chara,9_chara,10_chara,0.00208128,0.002413103,0.002305655,0.0068000380000000004
C8_2023,C8,2023,ha,Water use,m3 depriv.,76.8,44.77,44.77,,,,0.21489,1.587446,1.186461,1 kg N,1 kg P2O5,1 kg K2O,8_chara,9_chara,10_chara,16.503552,71.06995742,53.11785897,140.69136838999998
C8_2024,C8,2024,ha,Acidification,mol H+ eq,136.0,60.0,0.0,,,,0.057621,0.028972,0.018432,1 kg N,1 kg P2O5,1 kg K2O,8_chara,9_chara,10_chara,7.836456,1.73832,0.0,9.574776
C8_2024,C8,2024,ha,Climate change,kg CO2 eq,136.0,60.0,0.0,,,,3.754282,2.846359,2.817321,1 kg N,1 kg P2O5,1 kg K2O,8_chara,9_chara,10_chara,510.582352,170.78154,0.0,681.3638920000001
C8_2024,C8,2024,ha,Climate change - Biogenic,kg CO2 eq,136.0,60.0,0.0,,,,0.001325,0.002609,0.002402,1 kg N,1 kg P2O5,1 kg K2O,8_chara,9_chara,10_chara,0.1802,0.15654,0.0,0.33674000000000004
C8_2024,C8,2024,ha,Climate change - Fossil,kg CO2 eq,136.0,60.0,0.0,,,,3.752439,2.829413,2.809194,1 kg N,1 kg P2O5,1 kg K2O,8_chara,9_chara,10_chara,510.331704,169.76478,0.0,680.096484
C8_2024,C8,2024,ha,Climate change - Land use and LU change,kg CO2 eq,136.0,60.0,0.0,,,,0.000518,0.014337,0.005725,1 kg N,1 kg P2O5,1 kg K2O,8_chara,9_chara,10_chara,0.070448,0.8602200000000001,0.0,0.930668
C8_2024,C8,2024,ha,"Ecotoxicity, freshwater",CTUe,136.0,60.0,0.0,,,,24.51813,397.7709,2018.182,1 kg N,1 kg P2O5,1 kg K2O,8_chara,9_chara,10_chara,3334.46568,23866.254,0.0,27200.719680000002
C8_2024,C8,2024,ha,"Ecotoxicity, freshwater - inorganics",CTUe,136.0,60.0,0.0,,,,7.823272,76.92257,397.7561,1 kg N,1 kg P2O5,1 kg K2O,8_chara,9_chara,10_chara,1063.964992,4615.3542,0.0,5679.319192
C8_2024,C8,2024,ha,"Ecotoxicity, freshwater - metals",CTUe,136.0,60.0,0.0,,,,16.52071,320.1271,1619.55,1 kg N,1 kg P2O5,1 kg K2O,8_chara,9_chara,10_chara,2246.81656,19207.626,0.0,21454.44256
C8_2024,C8,2024,ha,"Ecotoxicity, freshwater - organics",CTUe,136.0,60.0,0.0,,,,0.174143,0.721252,0.87605,1 kg N,1 kg P2O5,1 kg K2O,8_chara,9_chara,10_chara,23.683448,43.27512,0.0,66.958568
C8_2024,C8,2024,ha,"Eutrophication, freshwater",kg P eq,136.0,60.0,0.0,,,,0.000222,0.000952,0.000618,1 kg N,1 kg P2O5,1 kg K2O,8_chara,9_chara,10_chara,0.030192,0.057120000000000004,0.0,0.087312
C8_2024,C8,2024,ha,"Eutrophication, marine",kg N eq,136.0,60.0,0.0,,,,0.002677,0.002767,0.002898,1 kg N,1 kg P2O5,1 kg K2O,8_chara,9_chara,10_chara,0.364072,0.16602,0.0,0.530092
C8_2024,C8,2024,ha,"Eutrophication, terrestrial",mol N eq,136.0,60.0,0.0,,,,0.241389,0.052171,0.058383,1 kg N,1 kg P2O5,1 kg K2O,8_chara,9_chara,10_chara,32.828904,3.1302600000000003,0.0,35.959164
C8_2024,C8,2024,ha,"Human toxicity, cancer",CTUh,136.0,60.0,0.0,,,,5.34e-10,2.54e-09,1.77e-09,1 kg N,1 kg P2O5,1 kg K2O,8_chara,9_chara,10_chara,7.2624e-08,1.524e-07,0.0,2.25024e-07
C8_2024,C8,2024,ha,"Human toxicity, cancer - inorganics",CTUh,136.0,60.0,0.0,,,,0.0,6.21e-18,5.01e-18,1 kg N,1 kg P2O5,1 kg K2O,8_chara,9_chara,10_chara,0.0,3.726e-16,0.0,3.726e-16
C8_2024,C8,2024,ha,"Human toxicity, cancer - metals",CTUh,136.0,60.0,0.0,,,,3.5e-10,2.13e-09,1.34e-09,1 kg N,1 kg P2O5,1 kg K2O,8_chara,9_chara,10_chara,4.7599999999999996e-08,1.278e-07,0.0,1.754e-07
C8_2024,C8,2024,ha,"Human toxicity, cancer - organics",CTUh,136.0,60.0,0.0,,,,1.84e-10,4.05e-10,4.32e-10,1 kg N,1 kg P2O5,1 kg K2O,8_chara,9_chara,10_chara,2.5024000000000003e-08,2.43e-08,0.0,4.9324e-08
C8_2024,C8,2024,ha,"Human toxicity, non-cancer",CTUh,136.0,60.0,0.0,,,,2e-08,6.49e-08,9.9e-08,1 kg N,1 kg P2O5,1 kg K2O,8_chara,9_chara,10_chara,2.7200000000000002e-06,3.894e-06,0.0,6.6140000000000005e-06
C8_2024,C8,2024,ha,"Human toxicity, non-cancer - inorganics",CTUh,136.0,60.0,0.0,,,,1.72e-09,1.45e-08,6.51e-08,1 kg N,1 kg P2O5,1 kg K2O,8_chara,9_chara,10_chara,2.3392000000000002e-07,8.7e-07,0.0,1.10392e-06
C8_2024,C8,2024,ha,"Human toxicity, non-cancer - metals",CTUh,136.0,60.0,0.0,,,,1.73e-08,4.89e-08,3.21e-08,1 kg N,1 kg P2O5,1 kg K2O,8_chara,9_chara,10_chara,2.3527999999999997e-06,2.934e-06,0.0,5.2868e-06
C8_2024,C8,2024,ha,"Human toxicity, non-cancer - organics",CTUh,136.0,60.0,0.0,,,,1.35e-09,1.78e-09,2.01e-09,1 kg N,1 kg P2O5,1 kg K2O,8_chara,9_chara,10_chara,1.836e-07,1.068e-07,0.0,2.904e-07
C8_2024,C8,2024,ha,Ionising radiation,kBq U-235 eq,136.0,60.0,0.0,,,,0.099841,0.337545,0.245573,1 kg N,1 kg P2O5,1 kg K2O,8_chara,9_chara,10_chara,13.578376,20.252699999999997,0.0,33.831075999999996
C8_2024,C8,2024,ha,Land use,Pt,136.0,60.0,0.0,,,,2.291069,30.93982,25.134,1 kg N,1 kg P2O5,1 kg K2O,8_chara,9_chara,10_chara,311.585384,1856.3892,0.0,2167.974584
C8_2024,C8,2024,ha,Ozone depletion,kg CFC11 eq,136.0,60.0,0.0,,,,3.58e-07,3.47e-07,3.94e-07,1 kg N,1 kg P2O5,1 kg K2O,8_chara,9_chara,10_chara,4.8688e-05,2.082e-05,0.0,6.9508e-05
C8_2024,C8,2024,ha,Particulate matter,disease inc.,136.0,60.0,0.0,,,,3.99e-07,2.34e-07,2.27e-07,1 kg N,1 kg P2O5,1 kg K2O,8_chara,9_chara,10_chara,5.4264e-05,1.4040000000000001e-05,0.0,6.8304e-05
C8_2024,C8,2024,ha,Photochemical ozone formation,kg NMVOC eq,136.0,60.0,0.0,,,,0.003983,0.00811,0.007996,1 kg N,1 kg P2O5,1 kg K2O,8_chara,9_chara,10_chara,0.5416880000000001,0.4865999999999999,0.0,1.0282879999999999
C8_2024,C8,2024,ha,"Resource use, fossils",MJ,136.0,60.0,0.0,,,,46.52414,42.89925,42.33106,1 kg N,1 kg P2O5,1 kg K2O,8_chara,9_chara,10_chara,6327.28304,2573.955,0.0,8901.23804
C8_2024,C8,2024,ha,"Resource use, minerals and metals",kg Sb eq,136.0,60.0,0.0,,,,2.71e-05,5.39e-05,5.15e-05,1 kg N,1 kg P2O5,1 kg K2O,8_chara,9_chara,10_chara,0.0036856000000000002,0.0032340000000000003,0.0,0.006919600000000001
C8_2024,C8,2024,ha,Water use,m3 depriv.,136.0,60.0,0.0,,,,0.21489,1.587446,1.186461,1 kg N,1 kg P2O5,1 kg K2O,8_chara,9_chara,10_chara,29.22504,95.24676,0.0,124.4718
D1_2022,D1,2022,ha,Acidification,mol H+ eq,79.44,24.24,24.24,,,,0.057621,0.028972,0.018432,1 kg N,1 kg P2O5,1 kg K2O,8_chara,9_chara,10_chara,4.57741224,0.70228128,0.44679167999999997,5.7264852
D1_2022,D1,2022,ha,Climate change,kg CO2 eq,79.44,24.24,24.24,,,,3.754282,2.846359,2.817321,1 kg N,1 kg P2O5,1 kg K2O,8_chara,9_chara,10_chara,298.24016208,68.99574215999999,68.29186104,435.52776528
D1_2022,D1,2022,ha,Climate change - Biogenic,kg CO2 eq,79.44,24.24,24.24,,,,0.001325,0.002609,0.002402,1 kg N,1 kg P2O5,1 kg K2O,8_chara,9_chara,10_chara,0.105258,0.06324216,0.058224479999999995,0.22672464
D1_2022,D1,2022,ha,Climate change - Fossil,kg CO2 eq,79.44,24.24,24.24,,,,3.752439,2.829413,2.809194,1 kg N,1 kg P2O5,1 kg K2O,8_chara,9_chara,10_chara,298.09375416,68.58497112,68.09486256,434.77358784
D1_2022,D1,2022,ha,Climate change - Land use and LU change,kg CO2 eq,79.44,24.24,24.24,,,,0.000518,0.014337,0.005725,1 kg N,1 kg P2O5,1 kg K2O,8_chara,9_chara,10_chara,0.04114992,0.34752888,0.13877399999999998,0.5274527999999999
D1_2022,D1,2022,ha,"Ecotoxicity, freshwater",CTUe,79.44,24.24,24.24,,,,24.51813,397.7709,2018.182,1 kg N,1 kg P2O5,1 kg K2O,8_chara,9_chara,10_chara,1947.7202472,9641.966616,48920.73168,60510.418543199994
D1_2022,D1,2022,ha,"Ecotoxicity, freshwater - inorganics",CTUe,79.44,24.24,24.24,,,,7.823272,76.92257,397.7561,1 kg N,1 kg P2O5,1 kg K2O,8_chara,9_chara,10_chara,621.48072768,1864.6030967999998,9641.607864,12127.69168848
D1_2022,D1,2022,ha,"Ecotoxicity, freshwater - metals",CTUe,79.44,24.24,24.24,,,,16.52071,320.1271,1619.55,1 kg N,1 kg P2O5,1 kg K2O,8_chara,9_chara,10_chara,1312.4052024,7759.880903999999,39257.892,48330.178106399995
D1_2022,D1,2022,ha,"Ecotoxicity, freshwater - organics",CTUe,79.44,24.24,24.24,,,,0.174143,0.721252,0.87605,1 kg N,1 kg P2O5,1 kg K2O,8_chara,9_chara,10_chara,13.83391992,17.48314848,21.235452,52.5525204
D1_2022,D1,2022,ha,"Eutrophication, freshwater",kg P eq,79.44,24.24,24.24,,,,0.000222,0.000952,0.000618,1 kg N,1 kg P2O5,1 kg K2O,8_chara,9_chara,10_chara,0.01763568,0.02307648,0.014980319999999998,0.055692479999999996
D1_2022,D1,2022,ha,"Eutrophication, marine",kg N eq,79.44,24.24,24.24,,,,0.002677,0.002767,0.002898,1 kg N,1 kg P2O5,1 kg K2O,8_chara,9_chara,10_chara,0.21266088,0.06707207999999999,0.07024752,0.34998048
D1_2022,D1,2022,ha,"Eutrophication, terrestrial",mol N eq,79.44,24.24,24.24,,,,0.241389,0.052171,0.058383,1 kg N,1 kg P2O5,1 kg K2O,8_chara,9_chara,10_chara,19.175942159999998,1.2646250399999999,1.41520392,21.855771119999996
D1_2022,D1,2022,ha,"Human toxicity, cancer",CTUh,79.44,24.24,24.24,,,,5.34e-10,2.54e-09,1.77e-09,1 kg N,1 kg P2O5,1 kg K2O,8_chara,9_chara,10_chara,4.242096e-08,6.156959999999999e-08,4.29048e-08,1.4689535999999998e-07
D1_2022,D1,2022,ha,"Human toxicity, cancer - inorganics",CTUh,79.44,24.24,24.24,,,,0.0,6.21e-18,5.01e-18,1 kg N,1 kg P2O5,1 kg K2O,8_chara,9_chara,10_chara,0.0,1.505304e-16,1.214424e-16,2.719728e-16
D1_2022,D1,2022,ha,"Human toxicity, cancer - metals",CTUh,79.44,24.24,24.24,,,,3.5e-10,2.13e-09,1.34e-09,1 kg N,1 kg P2O5,1 kg K2O,8_chara,9_chara,10_chara,2.7804e-08,5.163119999999999e-08,3.24816e-08,1.119168e-07
D1_2022,D1,2022,ha,"Human toxicity, cancer - organics",CTUh,79.44,24.24,24.24,,,,1.84e-10,4.05e-10,4.32e-10,1 kg N,1 kg P2O5,1 kg K2O,8_chara,9_chara,10_chara,1.461696e-08,9.817199999999999e-09,1.047168e-08,3.490584e-08
D1_2022,D1,2022,ha,"Human toxicity, non-cancer",CTUh,79.44,24.24,24.24,,,,2e-08,6.49e-08,9.9e-08,1 kg N,1 kg P2O5,1 kg K2O,8_chara,9_chara,10_chara,1.5888e-06,1.573176e-06,2.39976e-06,5.561736e-06
D1_2022,D1,2022,ha,"Human toxicity, non-cancer - inorganics",CTUh,79.44,24.24,24.24,,,,1.72e-09,1.45e-08,6.51e-08,1 kg N,1 kg P2O5,1 kg K2O,8_chara,9_chara,10_chara,1.366368e-07,3.5148e-07,1.5780239999999998e-06,2.0661407999999998e-06
D1_2022,D1,2022,ha,"Human toxicity, non-cancer - metals",CTUh,79.44,24.24,24.24,,,,1.73e-08,4.89e-08,3.21e-08,1 kg N,1 kg P2O5,1 kg K2O,8_chara,9_chara,10_chara,1.3743119999999998e-06,1.185336e-06,7.78104e-07,3.3377519999999996e-06
D1_2022,D1,2022,ha,"Human toxicity, non-cancer - organics",CTUh,79.44,24.24,24.24,,,,1.35e-09,1.78e-09,2.01e-09,1 kg N,1 kg P2O5,1 kg K2O,8_chara,9_chara,10_chara,1.07244e-07,4.31472e-08,4.872239999999999e-08,1.991136e-07
D1_2022,D1,2022,ha,Ionising radiation,kBq U-235 eq,79.44,24.24,24.24,,,,0.099841,0.337545,0.245573,1 kg N,1 kg P2O5,1 kg K2O,8_chara,9_chara,10_chara,7.93136904,8.1820908,5.95268952,22.066149359999997
D1_2022,D1,2022,ha,Land use,Pt,79.44,24.24,24.24,,,,2.291069,30.93982,25.134,1 kg N,1 kg P2O5,1 kg K2O,8_chara,9_chara,10_chara,182.00252135999997,749.9812367999999,609.24816,1541.2319181599999
D1_2022,D1,2022,ha,Ozone depletion,kg CFC11 eq,79.44,24.24,24.24,,,,3.58e-07,3.47e-07,3.94e-07,1 kg N,1 kg P2O5,1 kg K2O,8_chara,9_chara,10_chara,2.843952e-05,8.41128e-06,9.55056e-06,4.640136e-05
D1_2022,D1,2022,ha,Particulate matter,disease inc.,79.44,24.24,24.24,,,,3.99e-07,2.34e-07,2.27e-07,1 kg N,1 kg P2O5,1 kg K2O,8_chara,9_chara,10_chara,3.169656e-05,5.672159999999999e-06,5.50248e-06,4.2871200000000004e-05
D1_2022,D1,2022,ha,Photochemical ozone formation,kg NMVOC eq,79.44,24.24,24.24,,,,0.003983,0.00811,0.007996,1 kg N,1 kg P2O5,1 kg K2O,8_chara,9_chara,10_chara,0.31640952,0.19658639999999997,0.19382303999999997,0.7068189599999999
D1_2022,D1,2022,ha,"Resource use, fossils",MJ,79.44,24.24,24.24,,,,46.52414,42.89925,42.33106,1 kg N,1 kg P2O5,1 kg K2O,8_chara,9_chara,10_chara,3695.8776816,1039.87782,1026.1048944,5761.860396
D1_2022,D1,2022,ha,"Resource use, minerals and metals",kg Sb eq,79.44,24.24,24.24,,,,2.71e-05,5.39e-05,5.15e-05,1 kg N,1 kg P2O5,1 kg K2O,8_chara,9_chara,10_chara,0.0021528240000000002,0.001306536,0.0012483599999999998,0.00470772
D1_2022,D1,2022,ha,Water use,m3 depriv.,79.44,24.24,24.24,,,,0.21489,1.587446,1.186461,1 kg N,1 kg P2O5,1 kg K2O,8_chara,9_chara,10_chara,17.0708616,38.47969104,28.75981464,84.31036728
D1_2023,D1,2023,ha,Acidification,mol H+ eq,47.0,60.0,90.0,,,,0.057621,0.028972,0.018432,1 kg N,1 kg P2O5,1 kg K2O,8_chara,9_chara,10_chara,2.708187,1.73832,1.6588800000000001,6.105387
D1_2023,D1,2023,ha,Climate change,kg CO2 eq,47.0,60.0,90.0,,,,3.754282,2.846359,2.817321,1 kg N,1 kg P2O5,1 kg K2O,8_chara,9_chara,10_chara,176.451254,170.78154,253.55889000000002,600.791684
D1_2023,D1,2023,ha,Climate change - Biogenic,kg CO2 eq,47.0,60.0,90.0,,,,0.001325,0.002609,0.002402,1 kg N,1 kg P2O5,1 kg K2O,8_chara,9_chara,10_chara,0.062275,0.15654,0.21618,0.434995
D1_2023,D1,2023,ha,Climate change - Fossil,kg CO2 eq,47.0,60.0,90.0,,,,3.752439,2.829413,2.809194,1 kg N,1 kg P2O5,1 kg K2O,8_chara,9_chara,10_chara,176.364633,169.76478,252.82746000000003,598.9568730000001
D1_2023,D1,2023,ha,Climate change - Land use and LU change,kg CO2 eq,47.0,60.0,90.0,,,,0.000518,0.014337,0.005725,1 kg N,1 kg P2O5,1 kg K2O,8_chara,9_chara,10_chara,0.024346,0.8602200000000001,0.51525,1.399816
D1_2023,D1,2023,ha,"Ecotoxicity, freshwater",CTUe,47.0,60.0,90.0,,,,24.51813,397.7709,2018.182,1 kg N,1 kg P2O5,1 kg K2O,8_chara,9_chara,10_chara,1152.35211,23866.254,181636.38,206654.98611
D1_2023,D1,2023,ha,"Ecotoxicity, freshwater - inorganics",CTUe,47.0,60.0,90.0,,,,7.823272,76.92257,397.7561,1 kg N,1 kg P2O5,1 kg K2O,8_chara,9_chara,10_chara,367.693784,4615.3542,35798.049,40781.096983999996
D1_2023,D1,2023,ha,"Ecotoxicity, freshwater - metals",CTUe,47.0,60.0,90.0,,,,16.52071,320.1271,1619.55,1 kg N,1 kg P2O5,1 kg K2O,8_chara,9_chara,10_chara,776.47337,19207.626,145759.5,165743.59937
D1_2023,D1,2023,ha,"Ecotoxicity, freshwater - organics",CTUe,47.0,60.0,90.0,,,,0.174143,0.721252,0.87605,1 kg N,1 kg P2O5,1 kg K2O,8_chara,9_chara,10_chara,8.184721,43.27512,78.8445,130.304341
D1_2023,D1,2023,ha,"Eutrophication, freshwater",kg P eq,47.0,60.0,90.0,,,,0.000222,0.000952,0.000618,1 kg N,1 kg P2O5,1 kg K2O,8_chara,9_chara,10_chara,0.010434,0.057120000000000004,0.055619999999999996,0.123174
D1_2023,D1,2023,ha,"Eutrophication, marine",kg N eq,47.0,60.0,90.0,,,,0.002677,0.002767,0.002898,1 kg N,1 kg P2O5,1 kg K2O,8_chara,9_chara,10_chara,0.12581900000000001,0.16602,0.26082,0.552659
D1_2023,D1,2023,ha,"Eutrophication, terrestrial",mol N eq,47.0,60.0,90.0,,,,0.241389,0.052171,0.058383,1 kg N,1 kg P2O5,1 kg K2O,8_chara,9_chara,10_chara,11.345283,3.1302600000000003,5.2544699999999995,19.730013
D1_2023,D1,2023,ha,"Human toxicity, cancer",CTUh,47.0,60.0,90.0,,,,5.34e-10,2.54e-09,1.77e-09,1 kg N,1 kg P2O5,1 kg K2O,8_chara,9_chara,10_chara,2.5098e-08,1.524e-07,1.593e-07,3.36798e-07
D1_2023,D1,2023,ha,"Human toxicity, cancer - inorganics",CTUh,47.0,60.0,90.0,,,,0.0,6.21e-18,5.01e-18,1 kg N,1 kg P2O5,1 kg K2O,8_chara,9_chara,10_chara,0.0,3.726e-16,4.509e-16,8.235e-16
D1_2023,D1,2023,ha,"Human toxicity, cancer - metals",CTUh,47.0,60.0,90.0,,,,3.5e-10,2.13e-09,1.34e-09,1 kg N,1 kg P2O5,1 kg K2O,8_chara,9_chara,10_chara,1.645e-08,1.278e-07,1.2059999999999998e-07,2.6485e-07
D1_2023,D1,2023,ha,"Human toxicity, cancer - organics",CTUh,47.0,60.0,90.0,,,,1.84e-10,4.05e-10,4.32e-10,1 kg N,1 kg P2O5,1 kg K2O,8_chara,9_chara,10_chara,8.648e-09,2.43e-08,3.888e-08,7.1828e-08
D1_2023,D1,2023,ha,"Human toxicity, non-cancer",CTUh,47.0,60.0,90.0,,,,2e-08,6.49e-08,9.9e-08,1 kg N,1 kg P2O5,1 kg K2O,8_chara,9_chara,10_chara,9.4e-07,3.894e-06,8.91e-06,1.3744e-05
D1_2023,D1,2023,ha,"Human toxicity, non-cancer - inorganics",CTUh,47.0,60.0,90.0,,,,1.72e-09,1.45e-08,6.51e-08,1 kg N,1 kg P2O5,1 kg K2O,8_chara,9_chara,10_chara,8.084e-08,8.7e-07,5.858999999999999e-06,6.809839999999999e-06
D1_2023,D1,2023,ha,"Human toxicity, non-cancer - metals",CTUh,47.0,60.0,90.0,,,,1.73e-08,4.89e-08,3.21e-08,1 kg N,1 kg P2O5,1 kg K2O,8_chara,9_chara,10_chara,8.131e-07,2.934e-06,2.889e-06,6.636100000000001e-06
D1_2023,D1,2023,ha,"Human toxicity, non-cancer - organics",CTUh,47.0,60.0,90.0,,,,1.35e-09,1.78e-09,2.01e-09,1 kg N,1 kg P2O5,1 kg K2O,8_chara,9_chara,10_chara,6.345e-08,1.068e-07,1.8089999999999999e-07,3.5115e-07
D1_2023,D1,2023,ha,Ionising radiation,kBq U-235 eq,47.0,60.0,90.0,,,,0.099841,0.337545,0.245573,1 kg N,1 kg P2O5,1 kg K2O,8_chara,9_chara,10_chara,4.692527,20.252699999999997,22.101570000000002,47.046797
D1_2023,D1,2023,ha,Land use,Pt,47.0,60.0,90.0,,,,2.291069,30.93982,25.134,1 kg N,1 kg P2O5,1 kg K2O,8_chara,9_chara,10_chara,107.68024299999999,1856.3892,2262.06,4226.129443
D1_2023,D1,2023,ha,Ozone depletion,kg CFC11 eq,47.0,60.0,90.0,,,,3.58e-07,3.47e-07,3.94e-07,1 kg N,1 kg P2O5,1 kg K2O,8_chara,9_chara,10_chara,1.6826e-05,2.082e-05,3.546e-05,7.3106e-05
D1_2023,D1,2023,ha,Particulate matter,disease inc.,47.0,60.0,90.0,,,,3.99e-07,2.34e-07,2.27e-07,1 kg N,1 kg P2O5,1 kg K2O,8_chara,9_chara,10_chara,1.8753e-05,1.4040000000000001e-05,2.043e-05,5.3223e-05
D1_2023,D1,2023,ha,Photochemical ozone formation,kg NMVOC eq,47.0,60.0,90.0,,,,0.003983,0.00811,0.007996,1 kg N,1 kg P2O5,1 kg K2O,8_chara,9_chara,10_chara,0.187201,0.4865999999999999,0.71964,1.3934409999999997
D1_2023,D1,2023,ha,"Resource use, fossils",MJ,47.0,60.0,90.0,,,,46.52414,42.89925,42.33106,1 kg N,1 kg P2O5,1 kg K2O,8_chara,9_chara,10_chara,2186.63458,2573.955,3809.7954,8570.384979999999
D1_2023,D1,2023,ha,"Resource use, minerals and metals",kg Sb eq,47.0,60.0,90.0,,,,2.71e-05,5.39e-05,5.15e-05,1 kg N,1 kg P2O5,1 kg K2O,8_chara,9_chara,10_chara,0.0012737,0.0032340000000000003,0.004635,0.0091427
D1_2023,D1,2023,ha,Water use,m3 depriv.,47.0,60.0,90.0,,,,0.21489,1.587446,1.186461,1 kg N,1 kg P2O5,1 kg K2O,8_chara,9_chara,10_chara,10.09983,95.24676,106.78149,212.12808
D1_2024,D1,2024,ha,Acidification,mol H+ eq,136.0,60.0,0.0,,,,0.057621,0.028972,0.018432,1 kg N,1 kg P2O5,1 kg K2O,8_chara,9_chara,10_chara,7.836456,1.73832,0.0,9.574776
D1_2024,D1,2024,ha,Climate change,kg CO2 eq,136.0,60.0,0.0,,,,3.754282,2.846359,2.817321,1 kg N,1 kg P2O5,1 kg K2O,8_chara,9_chara,10_chara,510.582352,170.78154,0.0,681.3638920000001
D1_2024,D1,2024,ha,Climate change - Biogenic,kg CO2 eq,136.0,60.0,0.0,,,,0.001325,0.002609,0.002402,1 kg N,1 kg P2O5,1 kg K2O,8_chara,9_chara,10_chara,0.1802,0.15654,0.0,0.33674000000000004
D1_2024,D1,2024,ha,Climate change - Fossil,kg CO2 eq,136.0,60.0,0.0,,,,3.752439,2.829413,2.809194,1 kg N,1 kg P2O5,1 kg K2O,8_chara,9_chara,10_chara,510.331704,169.76478,0.0,680.096484
D1_2024,D1,2024,ha,Climate change - Land use and LU change,kg CO2 eq,136.0,60.0,0.0,,,,0.000518,0.014337,0.005725,1 kg N,1 kg P2O5,1 kg K2O,8_chara,9_chara,10_chara,0.070448,0.8602200000000001,0.0,0.930668
D1_2024,D1,2024,ha,"Ecotoxicity, freshwater",CTUe,136.0,60.0,0.0,,,,24.51813,397.7709,2018.182,1 kg N,1 kg P2O5,1 kg K2O,8_chara,9_chara,10_chara,3334.46568,23866.254,0.0,27200.719680000002
D1_2024,D1,2024,ha,"Ecotoxicity, freshwater - inorganics",CTUe,136.0,60.0,0.0,,,,7.823272,76.92257,397.7561,1 kg N,1 kg P2O5,1 kg K2O,8_chara,9_chara,10_chara,1063.964992,4615.3542,0.0,5679.319192
D1_2024,D1,2024,ha,"Ecotoxicity, freshwater - metals",CTUe,136.0,60.0,0.0,,,,16.52071,320.1271,1619.55,1 kg N,1 kg P2O5,1 kg K2O,8_chara,9_chara,10_chara,2246.81656,19207.626,0.0,21454.44256
D1_2024,D1,2024,ha,"Ecotoxicity, freshwater - organics",CTUe,136.0,60.0,0.0,,,,0.174143,0.721252,0.87605,1 kg N,1 kg P2O5,1 kg K2O,8_chara,9_chara,10_chara,23.683448,43.27512,0.0,66.958568
D1_2024,D1,2024,ha,"Eutrophication, freshwater",kg P eq,136.0,60.0,0.0,,,,0.000222,0.000952,0.000618,1 kg N,1 kg P2O5,1 kg K2O,8_chara,9_chara,10_chara,0.030192,0.057120000000000004,0.0,0.087312
D1_2024,D1,2024,ha,"Eutrophication, marine",kg N eq,136.0,60.0,0.0,,,,0.002677,0.002767,0.002898,1 kg N,1 kg P2O5,1 kg K2O,8_chara,9_chara,10_chara,0.364072,0.16602,0.0,0.530092
D1_2024,D1,2024,ha,"Eutrophication, terrestrial",mol N eq,136.0,60.0,0.0,,,,0.241389,0.052171,0.058383,1 kg N,1 kg P2O5,1 kg K2O,8_chara,9_chara,10_chara,32.828904,3.1302600000000003,0.0,35.959164
D1_2024,D1,2024,ha,"Human toxicity, cancer",CTUh,136.0,60.0,0.0,,,,5.34e-10,2.54e-09,1.77e-09,1 kg N,1 kg P2O5,1 kg K2O,8_chara,9_chara,10_chara,7.2624e-08,1.524e-07,0.0,2.25024e-07
D1_2024,D1,2024,ha,"Human toxicity, cancer - inorganics",CTUh,136.0,60.0,0.0,,,,0.0,6.21e-18,5.01e-18,1 kg N,1 kg P2O5,1 kg K2O,8_chara,9_chara,10_chara,0.0,3.726e-16,0.0,3.726e-16
D1_2024,D1,2024,ha,"Human toxicity, cancer - metals",CTUh,136.0,60.0,0.0,,,,3.5e-10,2.13e-09,1.34e-09,1 kg N,1 kg P2O5,1 kg K2O,8_chara,9_chara,10_chara,4.7599999999999996e-08,1.278e-07,0.0,1.754e-07
D1_2024,D1,2024,ha,"Human toxicity, cancer - organics",CTUh,136.0,60.0,0.0,,,,1.84e-10,4.05e-10,4.32e-10,1 kg N,1 kg P2O5,1 kg K2O,8_chara,9_chara,10_chara,2.5024000000000003e-08,2.43e-08,0.0,4.9324e-08
D1_2024,D1,2024,ha,"Human toxicity, non-cancer",CTUh,136.0,60.0,0.0,,,,2e-08,6.49e-08,9.9e-08,1 kg N,1 kg P2O5,1 kg K2O,8_chara,9_chara,10_chara,2.7200000000000002e-06,3.894e-06,0.0,6.6140000000000005e-06
D1_2024,D1,2024,ha,"Human toxicity, non-cancer - inorganics",CTUh,136.0,60.0,0.0,,,,1.72e-09,1.45e-08,6.51e-08,1 kg N,1 kg P2O5,1 kg K2O,8_chara,9_chara,10_chara,2.3392000000000002e-07,8.7e-07,0.0,1.10392e-06
D1_2024,D1,2024,ha,"Human toxicity, non-cancer - metals",CTUh,136.0,60.0,0.0,,,,1.73e-08,4.89e-08,3.21e-08,1 kg N,1 kg P2O5,1 kg K2O,8_chara,9_chara,10_chara,2.3527999999999997e-06,2.934e-06,0.0,5.2868e-06
D1_2024,D1,2024,ha,"Human toxicity, non-cancer - organics",CTUh,136.0,60.0,0.0,,,,1.35e-09,1.78e-09,2.01e-09,1 kg N,1 kg P2O5,1 kg K2O,8_chara,9_chara,10_chara,1.836e-07,1.068e-07,0.0,2.904e-07
D1_2024,D1,2024,ha,Ionising radiation,kBq U-235 eq,136.0,60.0,0.0,,,,0.099841,0.337545,0.245573,1 kg N,1 kg P2O5,1 kg K2O,8_chara,9_chara,10_chara,13.578376,20.252699999999997,0.0,33.831075999999996
D1_2024,D1,2024,ha,Land use,Pt,136.0,60.0,0.0,,,,2.291069,30.93982,25.134,1 kg N,1 kg P2O5,1 kg K2O,8_chara,9_chara,10_chara,311.585384,1856.3892,0.0,2167.974584
D1_2024,D1,2024,ha,Ozone depletion,kg CFC11 eq,136.0,60.0,0.0,,,,3.58e-07,3.47e-07,3.94e-07,1 kg N,1 kg P2O5,1 kg K2O,8_chara,9_chara,10_chara,4.8688e-05,2.082e-05,0.0,6.9508e-05
D1_2024,D1,2024,ha,Particulate matter,disease inc.,136.0,60.0,0.0,,,,3.99e-07,2.34e-07,2.27e-07,1 kg N,1 kg P2O5,1 kg K2O,8_chara,9_chara,10_chara,5.4264e-05,1.4040000000000001e-05,0.0,6.8304e-05
D1_2024,D1,2024,ha,Photochemical ozone formation,kg NMVOC eq,136.0,60.0,0.0,,,,0.003983,0.00811,0.007996,1 kg N,1 kg P2O5,1 kg K2O,8_chara,9_chara,10_chara,0.5416880000000001,0.4865999999999999,0.0,1.0282879999999999
D1_2024,D1,2024,ha,"Resource use, fossils",MJ,136.0,60.0,0.0,,,,46.52414,42.89925,42.33106,1 kg N,1 kg P2O5,1 kg K2O,8_chara,9_chara,10_chara,6327.28304,2573.955,0.0,8901.23804
D1_2024,D1,2024,ha,"Resource use, minerals and metals",kg Sb eq,136.0,60.0,0.0,,,,2.71e-05,5.39e-05,5.15e-05,1 kg N,1 kg P2O5,1 kg K2O,8_chara,9_chara,10_chara,0.0036856000000000002,0.0032340000000000003,0.0,0.006919600000000001
D1_2024,D1,2024,ha,Water use,m3 depriv.,136.0,60.0,0.0,,,,0.21489,1.587446,1.186461,1 kg N,1 kg P2O5,1 kg K2O,8_chara,9_chara,10_chara,29.22504,95.24676,0.0,124.4718
D2_2022,D2,2022,ha,Acidification,mol H+ eq,143.92,74.96,74.96,,,,0.057621,0.028972,0.018432,1 kg N,1 kg P2O5,1 kg K2O,8_chara,9_chara,10_chara,8.29281432,2.17174112,1.38166272,11.84621816
D2_2022,D2,2022,ha,Climate change,kg CO2 eq,143.92,74.96,74.96,,,,3.754282,2.846359,2.817321,1 kg N,1 kg P2O5,1 kg K2O,8_chara,9_chara,10_chara,540.3162654399999,213.36307064,211.18638216,964.86571824
D2_2022,D2,2022,ha,Climate change - Biogenic,kg CO2 eq,143.92,74.96,74.96,,,,0.001325,0.002609,0.002402,1 kg N,1 kg P2O5,1 kg K2O,8_chara,9_chara,10_chara,0.19069399999999997,0.19557064,0.18005391999999998,0.5663185599999999
D2_2022,D2,2022,ha,Climate change - Fossil,kg CO2 eq,143.92,74.96,74.96,,,,3.752439,2.829413,2.809194,1 kg N,1 kg P2O5,1 kg K2O,8_chara,9_chara,10_chara,540.0510208799999,212.09279848,210.57718223999998,962.7210015999999
D2_2022,D2,2022,ha,Climate change - Land use and LU change,kg CO2 eq,143.92,74.96,74.96,,,,0.000518,0.014337,0.005725,1 kg N,1 kg P2O5,1 kg K2O,8_chara,9_chara,10_chara,0.07455056,1.07470152,0.42914599999999997,1.5783980800000001
D2_2022,D2,2022,ha,"Ecotoxicity, freshwater",CTUe,143.92,74.96,74.96,,,,24.51813,397.7709,2018.182,1 kg N,1 kg P2O5,1 kg K2O,8_chara,9_chara,10_chara,3528.6492695999996,29816.906663999995,151282.92272,184628.4786536
D2_2022,D2,2022,ha,"Ecotoxicity, freshwater - inorganics",CTUe,143.92,74.96,74.96,,,,7.823272,76.92257,397.7561,1 kg N,1 kg P2O5,1 kg K2O,8_chara,9_chara,10_chara,1125.9253062399998,5766.115847199999,29815.797255999998,36707.838409439995
D2_2022,D2,2022,ha,"Ecotoxicity, freshwater - metals",CTUe,143.92,74.96,74.96,,,,16.52071,320.1271,1619.55,1 kg N,1 kg P2O5,1 kg K2O,8_chara,9_chara,10_chara,2377.6605832,23996.727415999998,121401.468,147775.8559992
D2_2022,D2,2022,ha,"Ecotoxicity, freshwater - organics",CTUe,143.92,74.96,74.96,,,,0.174143,0.721252,0.87605,1 kg N,1 kg P2O5,1 kg K2O,8_chara,9_chara,10_chara,25.062660559999998,54.06504991999999,65.668708,144.79641848
D2_2022,D2,2022,ha,"Eutrophication, freshwater",kg P eq,143.92,74.96,74.96,,,,0.000222,0.000952,0.000618,1 kg N,1 kg P2O5,1 kg K2O,8_chara,9_chara,10_chara,0.03195024,0.07136192,0.04632527999999999,0.14963743999999998
D2_2022,D2,2022,ha,"Eutrophication, marine",kg N eq,143.92,74.96,74.96,,,,0.002677,0.002767,0.002898,1 kg N,1 kg P2O5,1 kg K2O,8_chara,9_chara,10_chara,0.38527384,0.20741431999999999,0.21723407999999997,0.80992224
D2_2022,D2,2022,ha,"Eutrophication, terrestrial",mol N eq,143.92,74.96,74.96,,,,0.241389,0.052171,0.058383,1 kg N,1 kg P2O5,1 kg K2O,8_chara,9_chara,10_chara,34.740704879999996,3.9107381599999997,4.376389679999999,43.02783271999999
D2_2022,D2,2022,ha,"Human toxicity, cancer",CTUh,143.92,74.96,74.96,,,,5.34e-10,2.54e-09,1.77e-09,1 kg N,1 kg P2O5,1 kg K2O,8_chara,9_chara,10_chara,7.685327999999999e-08,1.9039839999999998e-07,1.326792e-07,3.9993087999999997e-07
D2_2022,D2,2022,ha,"Human toxicity, cancer - inorganics",CTUh,143.92,74.96,74.96,,,,0.0,6.21e-18,5.01e-18,1 kg N,1 kg P2O5,1 kg K2O,8_chara,9_chara,10_chara,0.0,4.655016e-16,3.755496e-16,8.410511999999999e-16
D2_2022,D2,2022,ha,"Human toxicity, cancer - metals",CTUh,143.92,74.96,74.96,,,,3.5e-10,2.13e-09,1.34e-09,1 kg N,1 kg P2O5,1 kg K2O,8_chara,9_chara,10_chara,5.0371999999999996e-08,1.5966479999999998e-07,1.0044639999999998e-07,3.1048319999999997e-07
D2_2022,D2,2022,ha,"Human toxicity, cancer - organics",CTUh,143.92,74.96,74.96,,,,1.84e-10,4.05e-10,4.32e-10,1 kg N,1 kg P2O5,1 kg K2O,8_chara,9_chara,10_chara,2.648128e-08,3.0358799999999997e-08,3.2382719999999996e-08,8.92228e-08
D2_2022,D2,2022,ha,"Human toxicity, non-cancer",CTUh,143.92,74.96,74.96,,,,2e-08,6.49e-08,9.9e-08,1 kg N,1 kg P2O5,1 kg K2O,8_chara,9_chara,10_chara,2.8784e-06,4.864904e-06,7.421039999999999e-06,1.5164344e-05
D2_2022,D2,2022,ha,"Human toxicity, non-cancer - inorganics",CTUh,143.92,74.96,74.96,,,,1.72e-09,1.45e-08,6.51e-08,1 kg N,1 kg P2O5,1 kg K2O,8_chara,9_chara,10_chara,2.475424e-07,1.08692e-06,4.8798959999999995e-06,6.214358399999999e-06
D2_2022,D2,2022,ha,"Human toxicity, non-cancer - metals",CTUh,143.92,74.96,74.96,,,,1.73e-08,4.89e-08,3.21e-08,1 kg N,1 kg P2O5,1 kg K2O,8_chara,9_chara,10_chara,2.489816e-06,3.665544e-06,2.406216e-06,8.561575999999999e-06
D2_2022,D2,2022,ha,"Human toxicity, non-cancer - organics",CTUh,143.92,74.96,74.96,,,,1.35e-09,1.78e-09,2.01e-09,1 kg N,1 kg P2O5,1 kg K2O,8_chara,9_chara,10_chara,1.94292e-07,1.3342879999999999e-07,1.506696e-07,4.783904000000001e-07
D2_2022,D2,2022,ha,Ionising radiation,kBq U-235 eq,143.92,74.96,74.96,,,,0.099841,0.337545,0.245573,1 kg N,1 kg P2O5,1 kg K2O,8_chara,9_chara,10_chara,14.36911672,25.302373199999998,18.40815208,58.079642
D2_2022,D2,2022,ha,Land use,Pt,143.92,74.96,74.96,,,,2.291069,30.93982,25.134,1 kg N,1 kg P2O5,1 kg K2O,8_chara,9_chara,10_chara,329.73065047999995,2319.2489072,1884.0446399999998,4533.02419768
D2_2022,D2,2022,ha,Ozone depletion,kg CFC11 eq,143.92,74.96,74.96,,,,3.58e-07,3.47e-07,3.94e-07,1 kg N,1 kg P2O5,1 kg K2O,8_chara,9_chara,10_chara,5.152336e-05,2.601112e-05,2.953424e-05,0.00010706872
D2_2022,D2,2022,ha,Particulate matter,disease inc.,143.92,74.96,74.96,,,,3.99e-07,2.34e-07,2.27e-07,1 kg N,1 kg P2O5,1 kg K2O,8_chara,9_chara,10_chara,5.7424079999999997e-05,1.754064e-05,1.701592e-05,9.198063999999999e-05
D2_2022,D2,2022,ha,Photochemical ozone formation,kg NMVOC eq,143.92,74.96,74.96,,,,0.003983,0.00811,0.007996,1 kg N,1 kg P2O5,1 kg K2O,8_chara,9_chara,10_chara,0.57323336,0.6079255999999998,0.5993801599999999,1.7805391199999998
D2_2022,D2,2022,ha,"Resource use, fossils",MJ,143.92,74.96,74.96,,,,46.52414,42.89925,42.33106,1 kg N,1 kg P2O5,1 kg K2O,8_chara,9_chara,10_chara,6695.7542287999995,3215.7277799999997,3173.1362575999997,13084.618266399999
D2_2022,D2,2022,ha,"Resource use, minerals and metals",kg Sb eq,143.92,74.96,74.96,,,,2.71e-05,5.39e-05,5.15e-05,1 kg N,1 kg P2O5,1 kg K2O,8_chara,9_chara,10_chara,0.003900232,0.0040403439999999995,0.0038604399999999997,0.011801016
D2_2022,D2,2022,ha,Water use,m3 depriv.,143.92,74.96,74.96,,,,0.21489,1.587446,1.186461,1 kg N,1 kg P2O5,1 kg K2O,8_chara,9_chara,10_chara,30.926968799999997,118.99495215999998,88.93711655999999,238.85903751999996
D2_2023,D2,2023,ha,Acidification,mol H+ eq,81.8,45.0,45.0,,,,0.057621,0.028972,0.018432,1 kg N,1 kg P2O5,1 kg K2O,8_chara,9_chara,10_chara,4.7133978,1.3037400000000001,0.8294400000000001,6.8465778
D2_2023,D2,2023,ha,Climate change,kg CO2 eq,81.8,45.0,45.0,,,,3.754282,2.846359,2.817321,1 kg N,1 kg P2O5,1 kg K2O,8_chara,9_chara,10_chara,307.1002676,128.086155,126.77944500000001,561.9658676
D2_2023,D2,2023,ha,Climate change - Biogenic,kg CO2 eq,81.8,45.0,45.0,,,,0.001325,0.002609,0.002402,1 kg N,1 kg P2O5,1 kg K2O,8_chara,9_chara,10_chara,0.108385,0.11740500000000001,0.10809,0.33388
D2_2023,D2,2023,ha,Climate change - Fossil,kg CO2 eq,81.8,45.0,45.0,,,,3.752439,2.829413,2.809194,1 kg N,1 kg P2O5,1 kg K2O,8_chara,9_chara,10_chara,306.94951019999996,127.32358500000001,126.41373000000002,560.6868251999999
D2_2023,D2,2023,ha,Climate change - Land use and LU change,kg CO2 eq,81.8,45.0,45.0,,,,0.000518,0.014337,0.005725,1 kg N,1 kg P2O5,1 kg K2O,8_chara,9_chara,10_chara,0.0423724,0.645165,0.257625,0.9451624
D2_2023,D2,2023,ha,"Ecotoxicity, freshwater",CTUe,81.8,45.0,45.0,,,,24.51813,397.7709,2018.182,1 kg N,1 kg P2O5,1 kg K2O,8_chara,9_chara,10_chara,2005.5830339999998,17899.6905,90818.19,110723.46353400001
D2_2023,D2,2023,ha,"Ecotoxicity, freshwater - inorganics",CTUe,81.8,45.0,45.0,,,,7.823272,76.92257,397.7561,1 kg N,1 kg P2O5,1 kg K2O,8_chara,9_chara,10_chara,639.9436496,3461.51565,17899.0245,22000.4837996
D2_2023,D2,2023,ha,"Ecotoxicity, freshwater - metals",CTUe,81.8,45.0,45.0,,,,16.52071,320.1271,1619.55,1 kg N,1 kg P2O5,1 kg K2O,8_chara,9_chara,10_chara,1351.394078,14405.7195,72879.75,88636.863578
D2_2023,D2,2023,ha,"Ecotoxicity, freshwater - organics",CTUe,81.8,45.0,45.0,,,,0.174143,0.721252,0.87605,1 kg N,1 kg P2O5,1 kg K2O,8_chara,9_chara,10_chara,14.2448974,32.45634,39.42225,86.12348739999999
D2_2023,D2,2023,ha,"Eutrophication, freshwater",kg P eq,81.8,45.0,45.0,,,,0.000222,0.000952,0.000618,1 kg N,1 kg P2O5,1 kg K2O,8_chara,9_chara,10_chara,0.018159599999999998,0.04284,0.027809999999999998,0.0888096
D2_2023,D2,2023,ha,"Eutrophication, marine",kg N eq,81.8,45.0,45.0,,,,0.002677,0.002767,0.002898,1 kg N,1 kg P2O5,1 kg K2O,8_chara,9_chara,10_chara,0.2189786,0.124515,0.13041,0.4739036
D2_2023,D2,2023,ha,"Eutrophication, terrestrial",mol N eq,81.8,45.0,45.0,,,,0.241389,0.052171,0.058383,1 kg N,1 kg P2O5,1 kg K2O,8_chara,9_chara,10_chara,19.745620199999998,2.3476950000000003,2.6272349999999998,24.720550199999998
D2_2023,D2,2023,ha,"Human toxicity, cancer",CTUh,81.8,45.0,45.0,,,,5.34e-10,2.54e-09,1.77e-09,1 kg N,1 kg P2O5,1 kg K2O,8_chara,9_chara,10_chara,4.36812e-08,1.143e-07,7.965e-08,2.376312e-07
D2_2023,D2,2023,ha,"Human toxicity, cancer - inorganics",CTUh,81.8,45.0,45.0,,,,0.0,6.21e-18,5.01e-18,1 kg N,1 kg P2O5,1 kg K2O,8_chara,9_chara,10_chara,0.0,2.7945e-16,2.2545e-16,5.049e-16
D2_2023,D2,2023,ha,"Human toxicity, cancer - metals",CTUh,81.8,45.0,45.0,,,,3.5e-10,2.13e-09,1.34e-09,1 kg N,1 kg P2O5,1 kg K2O,8_chara,9_chara,10_chara,2.863e-08,9.585e-08,6.029999999999999e-08,1.8478e-07
D2_2023,D2,2023,ha,"Human toxicity, cancer - organics",CTUh,81.8,45.0,45.0,,,,1.84e-10,4.05e-10,4.32e-10,1 kg N,1 kg P2O5,1 kg K2O,8_chara,9_chara,10_chara,1.50512e-08,1.8225e-08,1.944e-08,5.27162e-08
D2_2023,D2,2023,ha,"Human toxicity, non-cancer",CTUh,81.8,45.0,45.0,,,,2e-08,6.49e-08,9.9e-08,1 kg N,1 kg P2O5,1 kg K2O,8_chara,9_chara,10_chara,1.6359999999999999e-06,2.9205000000000002e-06,4.455e-06,9.0115e-06
D2_2023,D2,2023,ha,"Human toxicity, non-cancer - inorganics",CTUh,81.8,45.0,45.0,,,,1.72e-09,1.45e-08,6.51e-08,1 kg N,1 kg P2O5,1 kg K2O,8_chara,9_chara,10_chara,1.40696e-07,6.525e-07,2.9294999999999996e-06,3.722696e-06
D2_2023,D2,2023,ha,"Human toxicity, non-cancer - metals",CTUh,81.8,45.0,45.0,,,,1.73e-08,4.89e-08,3.21e-08,1 kg N,1 kg P2O5,1 kg K2O,8_chara,9_chara,10_chara,1.4151399999999998e-06,2.2005e-06,1.4445e-06,5.06014e-06
D2_2023,D2,2023,ha,"Human toxicity, non-cancer - organics",CTUh,81.8,45.0,45.0,,,,1.35e-09,1.78e-09,2.01e-09,1 kg N,1 kg P2O5,1 kg K2O,8_chara,9_chara,10_chara,1.1043e-07,8.010000000000001e-08,9.044999999999999e-08,2.8098e-07
D2_2023,D2,2023,ha,Ionising radiation,kBq U-235 eq,81.8,45.0,45.0,,,,0.099841,0.337545,0.245573,1 kg N,1 kg P2O5,1 kg K2O,8_chara,9_chara,10_chara,8.1669938,15.189525,11.050785000000001,34.4073038
D2_2023,D2,2023,ha,Land use,Pt,81.8,45.0,45.0,,,,2.291069,30.93982,25.134,1 kg N,1 kg P2O5,1 kg K2O,8_chara,9_chara,10_chara,187.40944419999997,1392.2919,1131.03,2710.7313442
D2_2023,D2,2023,ha,Ozone depletion,kg CFC11 eq,81.8,45.0,45.0,,,,3.58e-07,3.47e-07,3.94e-07,1 kg N,1 kg P2O5,1 kg K2O,8_chara,9_chara,10_chara,2.92844e-05,1.5615000000000002e-05,1.773e-05,6.26294e-05
D2_2023,D2,2023,ha,Particulate matter,disease inc.,81.8,45.0,45.0,,,,3.99e-07,2.34e-07,2.27e-07,1 kg N,1 kg P2O5,1 kg K2O,8_chara,9_chara,10_chara,3.26382e-05,1.053e-05,1.0215e-05,5.33832e-05
D2_2023,D2,2023,ha,Photochemical ozone formation,kg NMVOC eq,81.8,45.0,45.0,,,,0.003983,0.00811,0.007996,1 kg N,1 kg P2O5,1 kg K2O,8_chara,9_chara,10_chara,0.3258094,0.36494999999999994,0.35982,1.0505794
D2_2023,D2,2023,ha,"Resource use, fossils",MJ,81.8,45.0,45.0,,,,46.52414,42.89925,42.33106,1 kg N,1 kg P2O5,1 kg K2O,8_chara,9_chara,10_chara,3805.674652,1930.4662500000002,1904.8977,7641.0386020000005
D2_2023,D2,2023,ha,"Resource use, minerals and metals",kg Sb eq,81.8,45.0,45.0,,,,2.71e-05,5.39e-05,5.15e-05,1 kg N,1 kg P2O5,1 kg K2O,8_chara,9_chara,10_chara,0.0022167800000000002,0.0024255,0.0023175,0.0069597800000000005
D2_2023,D2,2023,ha,Water use,m3 depriv.,81.8,45.0,45.0,,,,0.21489,1.587446,1.186461,1 kg N,1 kg P2O5,1 kg K2O,8_chara,9_chara,10_chara,17.578001999999998,71.43507,53.390745,142.403817
D2_2024,D2,2024,ha,Acidification,mol H+ eq,106.0,60.0,60.0,,,,0.057621,0.028972,0.018432,1 kg N,1 kg P2O5,1 kg K2O,8_chara,9_chara,10_chara,6.107826,1.73832,1.10592,8.952066
D2_2024,D2,2024,ha,Climate change,kg CO2 eq,106.0,60.0,60.0,,,,3.754282,2.846359,2.817321,1 kg N,1 kg P2O5,1 kg K2O,8_chara,9_chara,10_chara,397.953892,170.78154,169.03926,737.774692
D2_2024,D2,2024,ha,Climate change - Biogenic,kg CO2 eq,106.0,60.0,60.0,,,,0.001325,0.002609,0.002402,1 kg N,1 kg P2O5,1 kg K2O,8_chara,9_chara,10_chara,0.14045,0.15654,0.14412,0.44111
D2_2024,D2,2024,ha,Climate change - Fossil,kg CO2 eq,106.0,60.0,60.0,,,,3.752439,2.829413,2.809194,1 kg N,1 kg P2O5,1 kg K2O,8_chara,9_chara,10_chara,397.758534,169.76478,168.55164000000002,736.074954
D2_2024,D2,2024,ha,Climate change - Land use and LU change,kg CO2 eq,106.0,60.0,60.0,,,,0.000518,0.014337,0.005725,1 kg N,1 kg P2O5,1 kg K2O,8_chara,9_chara,10_chara,0.054908,0.8602200000000001,0.3435,1.258628
D2_2024,D2,2024,ha,"Ecotoxicity, freshwater",CTUe,106.0,60.0,60.0,,,,24.51813,397.7709,2018.182,1 kg N,1 kg P2O5,1 kg K2O,8_chara,9_chara,10_chara,2598.92178,23866.254,121090.92,147556.09578
D2_2024,D2,2024,ha,"Ecotoxicity, freshwater - inorganics",CTUe,106.0,60.0,60.0,,,,7.823272,76.92257,397.7561,1 kg N,1 kg P2O5,1 kg K2O,8_chara,9_chara,10_chara,829.266832,4615.3542,23865.366,29309.987032
D2_2024,D2,2024,ha,"Ecotoxicity, freshwater - metals",CTUe,106.0,60.0,60.0,,,,16.52071,320.1271,1619.55,1 kg N,1 kg P2O5,1 kg K2O,8_chara,9_chara,10_chara,1751.1952600000002,19207.626,97173.0,118131.82126
D2_2024,D2,2024,ha,"Ecotoxicity, freshwater - organics",CTUe,106.0,60.0,60.0,,,,0.174143,0.721252,0.87605,1 kg N,1 kg P2O5,1 kg K2O,8_chara,9_chara,10_chara,18.459158,43.27512,52.563,114.297278
D2_2024,D2,2024,ha,"Eutrophication, freshwater",kg P eq,106.0,60.0,60.0,,,,0.000222,0.000952,0.000618,1 kg N,1 kg P2O5,1 kg K2O,8_chara,9_chara,10_chara,0.023532,0.057120000000000004,0.037079999999999995,0.117732
D2_2024,D2,2024,ha,"Eutrophication, marine",kg N eq,106.0,60.0,60.0,,,,0.002677,0.002767,0.002898,1 kg N,1 kg P2O5,1 kg K2O,8_chara,9_chara,10_chara,0.283762,0.16602,0.17388,0.623662
D2_2024,D2,2024,ha,"Eutrophication, terrestrial",mol N eq,106.0,60.0,60.0,,,,0.241389,0.052171,0.058383,1 kg N,1 kg P2O5,1 kg K2O,8_chara,9_chara,10_chara,25.587234,3.1302600000000003,3.50298,32.220473999999996
D2_2024,D2,2024,ha,"Human toxicity, cancer",CTUh,106.0,60.0,60.0,,,,5.34e-10,2.54e-09,1.77e-09,1 kg N,1 kg P2O5,1 kg K2O,8_chara,9_chara,10_chara,5.6604e-08,1.524e-07,1.0620000000000001e-07,3.1520399999999997e-07
D2_2024,D2,2024,ha,"Human toxicity, cancer - inorganics",CTUh,106.0,60.0,60.0,,,,0.0,6.21e-18,5.01e-18,1 kg N,1 kg P2O5,1 kg K2O,8_chara,9_chara,10_chara,0.0,3.726e-16,3.006e-16,6.732e-16
D2_2024,D2,2024,ha,"Human toxicity, cancer - metals",CTUh,106.0,60.0,60.0,,,,3.5e-10,2.13e-09,1.34e-09,1 kg N,1 kg P2O5,1 kg K2O,8_chara,9_chara,10_chara,3.7099999999999995e-08,1.278e-07,8.039999999999999e-08,2.453e-07
D2_2024,D2,2024,ha,"Human toxicity, cancer - organics",CTUh,106.0,60.0,60.0,,,,1.84e-10,4.05e-10,4.32e-10,1 kg N,1 kg P2O5,1 kg K2O,8_chara,9_chara,10_chara,1.9504e-08,2.43e-08,2.592e-08,6.9724e-08
D2_2024,D2,2024,ha,"Human toxicity, non-cancer",CTUh,106.0,60.0,60.0,,,,2e-08,6.49e-08,9.9e-08,1 kg N,1 kg P2O5,1 kg K2O,8_chara,9_chara,10_chara,2.12e-06,3.894e-06,5.94e-06,1.1954000000000001e-05
D2_2024,D2,2024,ha,"Human toxicity, non-cancer - inorganics",CTUh,106.0,60.0,60.0,,,,1.72e-09,1.45e-08,6.51e-08,1 kg N,1 kg P2O5,1 kg K2O,8_chara,9_chara,10_chara,1.8232e-07,8.7e-07,3.9059999999999995e-06,4.958319999999999e-06
D2_2024,D2,2024,ha,"Human toxicity, non-cancer - metals",CTUh,106.0,60.0,60.0,,,,1.73e-08,4.89e-08,3.21e-08,1 kg N,1 kg P2O5,1 kg K2O,8_chara,9_chara,10_chara,1.8338e-06,2.934e-06,1.9260000000000003e-06,6.6938e-06
D2_2024,D2,2024,ha,"Human toxicity, non-cancer - organics",CTUh,106.0,60.0,60.0,,,,1.35e-09,1.78e-09,2.01e-09,1 kg N,1 kg P2O5,1 kg K2O,8_chara,9_chara,10_chara,1.431e-07,1.068e-07,1.2059999999999998e-07,3.705e-07
D2_2024,D2,2024,ha,Ionising radiation,kBq U-235 eq,106.0,60.0,60.0,,,,0.099841,0.337545,0.245573,1 kg N,1 kg P2O5,1 kg K2O,8_chara,9_chara,10_chara,10.583146,20.252699999999997,14.734380000000002,45.570226
D2_2024,D2,2024,ha,Land use,Pt,106.0,60.0,60.0,,,,2.291069,30.93982,25.134,1 kg N,1 kg P2O5,1 kg K2O,8_chara,9_chara,10_chara,242.85331399999998,1856.3892,1508.04,3607.282514
D2_2024,D2,2024,ha,Ozone depletion,kg CFC11 eq,106.0,60.0,60.0,,,,3.58e-07,3.47e-07,3.94e-07,1 kg N,1 kg P2O5,1 kg K2O,8_chara,9_chara,10_chara,3.7948e-05,2.082e-05,2.364e-05,8.2408e-05
D2_2024,D2,2024,ha,Particulate matter,disease inc.,106.0,60.0,60.0,,,,3.99e-07,2.34e-07,2.27e-07,1 kg N,1 kg P2O5,1 kg K2O,8_chara,9_chara,10_chara,4.2294e-05,1.4040000000000001e-05,1.362e-05,6.9954e-05
D2_2024,D2,2024,ha,Photochemical ozone formation,kg NMVOC eq,106.0,60.0,60.0,,,,0.003983,0.00811,0.007996,1 kg N,1 kg P2O5,1 kg K2O,8_chara,9_chara,10_chara,0.4221980000000001,0.4865999999999999,0.47975999999999996,1.388558
D2_2024,D2,2024,ha,"Resource use, fossils",MJ,106.0,60.0,60.0,,,,46.52414,42.89925,42.33106,1 kg N,1 kg P2O5,1 kg K2O,8_chara,9_chara,10_chara,4931.558840000001,2573.955,2539.8636,10045.37744
D2_2024,D2,2024,ha,"Resource use, minerals and metals",kg Sb eq,106.0,60.0,60.0,,,,2.71e-05,5.39e-05,5.15e-05,1 kg N,1 kg P2O5,1 kg K2O,8_chara,9_chara,10_chara,0.0028726000000000003,0.0032340000000000003,0.00309,0.0091966
D2_2024,D2,2024,ha,Water use,m3 depriv.,106.0,60.0,60.0,,,,0.21489,1.587446,1.186461,1 kg N,1 kg P2O5,1 kg K2O,8_chara,9_chara,10_chara,22.77834,95.24676,71.18766,189.21276
NT1_2023,NT1,2023,ha,Acidification,mol H+ eq,89.6,55.2,0.0,,,,0.057621,0.028972,0.018432,1 kg N,1 kg P2O5,1 kg K2O,8_chara,9_chara,10_chara,5.162841599999999,1.5992544000000002,0.0,6.762096
NT1_2023,NT1,2023,ha,Climate change,kg CO2 eq,89.6,55.2,0.0,,,,3.754282,2.846359,2.817321,1 kg N,1 kg P2O5,1 kg K2O,8_chara,9_chara,10_chara,336.3836672,157.11901680000003,0.0,493.50268400000004
NT1_2023,NT1,2023,ha,Climate change - Biogenic,kg CO2 eq,89.6,55.2,0.0,,,,0.001325,0.002609,0.002402,1 kg N,1 kg P2O5,1 kg K2O,8_chara,9_chara,10_chara,0.11871999999999999,0.14401680000000003,0.0,0.2627368
NT1_2023,NT1,2023,ha,Climate change - Fossil,kg CO2 eq,89.6,55.2,0.0,,,,3.752439,2.829413,2.809194,1 kg N,1 kg P2O5,1 kg K2O,8_chara,9_chara,10_chara,336.21853439999995,156.1835976,0.0,492.40213199999994
NT1_2023,NT1,2023,ha,Climate change - Land use and LU change,kg CO2 eq,89.6,55.2,0.0,,,,0.000518,0.014337,0.005725,1 kg N,1 kg P2O5,1 kg K2O,8_chara,9_chara,10_chara,0.0464128,0.7914024000000001,0.0,0.8378152000000001
NT1_2023,NT1,2023,ha,"Ecotoxicity, freshwater",CTUe,89.6,55.2,0.0,,,,24.51813,397.7709,2018.182,1 kg N,1 kg P2O5,1 kg K2O,8_chara,9_chara,10_chara,2196.824448,21956.95368,0.0,24153.778127999998
NT1_2023,NT1,2023,ha,"Ecotoxicity, freshwater - inorganics",CTUe,89.6,55.2,0.0,,,,7.823272,76.92257,397.7561,1 kg N,1 kg P2O5,1 kg K2O,8_chara,9_chara,10_chara,700.9651712,4246.125864,0.0,4947.091035199999
NT1_2023,NT1,2023,ha,"Ecotoxicity, freshwater - metals",CTUe,89.6,55.2,0.0,,,,16.52071,320.1271,1619.55,1 kg N,1 kg P2O5,1 kg K2O,8_chara,9_chara,10_chara,1480.255616,17671.01592,0.0,19151.271536
NT1_2023,NT1,2023,ha,"Ecotoxicity, freshwater - organics",CTUe,89.6,55.2,0.0,,,,0.174143,0.721252,0.87605,1 kg N,1 kg P2O5,1 kg K2O,8_chara,9_chara,10_chara,15.603212799999998,39.8131104,0.0,55.416323199999994
NT1_2023,NT1,2023,ha,"Eutrophication, freshwater",kg P eq,89.6,55.2,0.0,,,,0.000222,0.000952,0.000618,1 kg N,1 kg P2O5,1 kg K2O,8_chara,9_chara,10_chara,0.019891199999999998,0.052550400000000004,0.0,0.0724416
NT1_2023,NT1,2023,ha,"Eutrophication, marine",kg N eq,89.6,55.2,0.0,,,,0.002677,0.002767,0.002898,1 kg N,1 kg P2O5,1 kg K2O,8_chara,9_chara,10_chara,0.2398592,0.1527384,0.0,0.3925976
NT1_2023,NT1,2023,ha,"Eutrophication, terrestrial",mol N eq,89.6,55.2,0.0,,,,0.241389,0.052171,0.058383,1 kg N,1 kg P2O5,1 kg K2O,8_chara,9_chara,10_chara,21.6284544,2.8798392,0.0,24.5082936
NT1_2023,NT1,2023,ha,"Human toxicity, cancer",CTUh,89.6,55.2,0.0,,,,5.34e-10,2.54e-09,1.77e-09,1 kg N,1 kg P2O5,1 kg K2O,8_chara,9_chara,10_chara,4.78464e-08,1.40208e-07,0.0,1.8805440000000002e-07
NT1_2023,NT1,2023,ha,"Human toxicity, cancer - inorganics",CTUh,89.6,55.2,0.0,,,,0.0,6.21e-18,5.01e-18,1 kg N,1 kg P2O5,1 kg K2O,8_chara,9_chara,10_chara,0.0,3.4279200000000003e-16,0.0,3.4279200000000003e-16
NT1_2023,NT1,2023,ha,"Human toxicity, cancer - metals",CTUh,89.6,55.2,0.0,,,,3.5e-10,2.13e-09,1.34e-09,1 kg N,1 kg P2O5,1 kg K2O,8_chara,9_chara,10_chara,3.136e-08,1.17576e-07,0.0,1.48936e-07
NT1_2023,NT1,2023,ha,"Human toxicity, cancer - organics",CTUh,89.6,55.2,0.0,,,,1.84e-10,4.05e-10,4.32e-10,1 kg N,1 kg P2O5,1 kg K2O,8_chara,9_chara,10_chara,1.64864e-08,2.2356000000000002e-08,0.0,3.8842400000000006e-08
NT1_2023,NT1,2023,ha,"Human toxicity, non-cancer",CTUh,89.6,55.2,0.0,,,,2e-08,6.49e-08,9.9e-08,1 kg N,1 kg P2O5,1 kg K2O,8_chara,9_chara,10_chara,1.792e-06,3.5824800000000003e-06,0.0,5.37448e-06
NT1_2023,NT1,2023,ha,"Human toxicity, non-cancer - inorganics",CTUh,89.6,55.2,0.0,,,,1.72e-09,1.45e-08,6.51e-08,1 kg N,1 kg P2O5,1 kg K2O,8_chara,9_chara,10_chara,1.54112e-07,8.004000000000001e-07,0.0,9.54512e-07
NT1_2023,NT1,2023,ha,"Human toxicity, non-cancer - metals",CTUh,89.6,55.2,0.0,,,,1.73e-08,4.89e-08,3.21e-08,1 kg N,1 kg P2O5,1 kg K2O,8_chara,9_chara,10_chara,1.5500799999999999e-06,2.69928e-06,0.0,4.24936e-06
NT1_2023,NT1,2023,ha,"Human toxicity, non-cancer - organics",CTUh,89.6,55.2,0.0,,,,1.35e-09,1.78e-09,2.01e-09,1 kg N,1 kg P2O5,1 kg K2O,8_chara,9_chara,10_chara,1.2096e-07,9.8256e-08,0.0,2.19216e-07
NT1_2023,NT1,2023,ha,Ionising radiation,kBq U-235 eq,89.6,55.2,0.0,,,,0.099841,0.337545,0.245573,1 kg N,1 kg P2O5,1 kg K2O,8_chara,9_chara,10_chara,8.9457536,18.632484,0.0,27.5782376
NT1_2023,NT1,2023,ha,Land use,Pt,89.6,55.2,0.0,,,,2.291069,30.93982,25.134,1 kg N,1 kg P2O5,1 kg K2O,8_chara,9_chara,10_chara,205.27978239999996,1707.8780640000002,0.0,1913.1578464000002
NT1_2023,NT1,2023,ha,Ozone depletion,kg CFC11 eq,89.6,55.2,0.0,,,,3.58e-07,3.47e-07,3.94e-07,1 kg N,1 kg P2O5,1 kg K2O,8_chara,9_chara,10_chara,3.20768e-05,1.91544e-05,0.0,5.12312e-05
NT1_2023,NT1,2023,ha,Particulate matter,disease inc.,89.6,55.2,0.0,,,,3.99e-07,2.34e-07,2.27e-07,1 kg N,1 kg P2O5,1 kg K2O,8_chara,9_chara,10_chara,3.5750399999999996e-05,1.2916800000000001e-05,0.0,4.86672e-05
NT1_2023,NT1,2023,ha,Photochemical ozone formation,kg NMVOC eq,89.6,55.2,0.0,,,,0.003983,0.00811,0.007996,1 kg N,1 kg P2O5,1 kg K2O,8_chara,9_chara,10_chara,0.3568768,0.44767199999999996,0.0,0.8045488
NT1_2023,NT1,2023,ha,"Resource use, fossils",MJ,89.6,55.2,0.0,,,,46.52414,42.89925,42.33106,1 kg N,1 kg P2O5,1 kg K2O,8_chara,9_chara,10_chara,4168.562944,2368.0386000000003,0.0,6536.601544000001
NT1_2023,NT1,2023,ha,"Resource use, minerals and metals",kg Sb eq,89.6,55.2,0.0,,,,2.71e-05,5.39e-05,5.15e-05,1 kg N,1 kg P2O5,1 kg K2O,8_chara,9_chara,10_chara,0.00242816,0.0029752800000000003,0.0,0.005403440000000001
NT1_2023,NT1,2023,ha,Water use,m3 depriv.,89.6,55.2,0.0,,,,0.21489,1.587446,1.186461,1 kg N,1 kg P2O5,1 kg K2O,8_chara,9_chara,10_chara,19.254144,87.6270192,0.0,106.8811632
NT1_2024,NT1,2024,ha,Acidification,mol H+ eq,302.08,210.08,49.5,,,,0.057621,0.028972,0.018432,1 kg N,1 kg P2O5,1 kg K2O,8_chara,9_chara,10_chara,17.406151679999997,6.086437760000001,0.912384,24.404973439999996
NT1_2024,NT1,2024,ha,Climate change,kg CO2 eq,302.08,210.08,49.5,,,,3.754282,2.846359,2.817321,1 kg N,1 kg P2O5,1 kg K2O,8_chara,9_chara,10_chara,1134.09350656,597.9630987200001,139.4573895,1871.51399478
NT1_2024,NT1,2024,ha,Climate change - Biogenic,kg CO2 eq,302.08,210.08,49.5,,,,0.001325,0.002609,0.002402,1 kg N,1 kg P2O5,1 kg K2O,8_chara,9_chara,10_chara,0.400256,0.54809872,0.118899,1.06725372
NT1_2024,NT1,2024,ha,Climate change - Fossil,kg CO2 eq,302.08,210.08,49.5,,,,3.752439,2.829413,2.809194,1 kg N,1 kg P2O5,1 kg K2O,8_chara,9_chara,10_chara,1133.53677312,594.4030830400001,139.055103,1866.99495916
NT1_2024,NT1,2024,ha,Climate change - Land use and LU change,kg CO2 eq,302.08,210.08,49.5,,,,0.000518,0.014337,0.005725,1 kg N,1 kg P2O5,1 kg K2O,8_chara,9_chara,10_chara,0.15647744,3.01191696,0.2833875,3.4517819000000003
NT1_2024,NT1,2024,ha,"Ecotoxicity, freshwater",CTUe,302.08,210.08,49.5,,,,24.51813,397.7709,2018.182,1 kg N,1 kg P2O5,1 kg K2O,8_chara,9_chara,10_chara,7406.436710399999,83563.710672,99900.009,190870.15638240002
NT1_2024,NT1,2024,ha,"Ecotoxicity, freshwater - inorganics",CTUe,302.08,210.08,49.5,,,,7.823272,76.92257,397.7561,1 kg N,1 kg P2O5,1 kg K2O,8_chara,9_chara,10_chara,2363.25400576,16159.8935056,19688.92695,38212.074461359996
NT1_2024,NT1,2024,ha,"Ecotoxicity, freshwater - metals",CTUe,302.08,210.08,49.5,,,,16.52071,320.1271,1619.55,1 kg N,1 kg P2O5,1 kg K2O,8_chara,9_chara,10_chara,4990.5760768,67252.301168,80167.72499999999,152410.60224480001
NT1_2024,NT1,2024,ha,"Ecotoxicity, freshwater - organics",CTUe,302.08,210.08,49.5,,,,0.174143,0.721252,0.87605,1 kg N,1 kg P2O5,1 kg K2O,8_chara,9_chara,10_chara,52.605117439999994,151.52062016000002,43.364475,247.4902126
NT1_2024,NT1,2024,ha,"Eutrophication, freshwater",kg P eq,302.08,210.08,49.5,,,,0.000222,0.000952,0.000618,1 kg N,1 kg P2O5,1 kg K2O,8_chara,9_chara,10_chara,0.06706176,0.19999616000000003,0.030590999999999997,0.29764892000000004
NT1_2024,NT1,2024,ha,"Eutrophication, marine",kg N eq,302.08,210.08,49.5,,,,0.002677,0.002767,0.002898,1 kg N,1 kg P2O5,1 kg K2O,8_chara,9_chara,10_chara,0.80866816,0.58129136,0.143451,1.53341052
NT1_2024,NT1,2024,ha,"Eutrophication, terrestrial",mol N eq,302.08,210.08,49.5,,,,0.241389,0.052171,0.058383,1 kg N,1 kg P2O5,1 kg K2O,8_chara,9_chara,10_chara,72.91878912,10.96008368,2.8899584999999997,86.7688313
NT1_2024,NT1,2024,ha,"Human toxicity, cancer",CTUh,302.08,210.08,49.5,,,,5.34e-10,2.54e-09,1.77e-09,1 kg N,1 kg P2O5,1 kg K2O,8_chara,9_chara,10_chara,1.6131072e-07,5.336032e-07,8.761500000000001e-08,7.8252892e-07
NT1_2024,NT1,2024,ha,"Human toxicity, cancer - inorganics",CTUh,302.08,210.08,49.5,,,,0.0,6.21e-18,5.01e-18,1 kg N,1 kg P2O5,1 kg K2O,8_chara,9_chara,10_chara,0.0,1.3045968000000001e-15,2.47995e-16,1.5525918000000001e-15
NT1_2024,NT1,2024,ha,"Human toxicity, cancer - metals",CTUh,302.08,210.08,49.5,,,,3.5e-10,2.13e-09,1.34e-09,1 kg N,1 kg P2O5,1 kg K2O,8_chara,9_chara,10_chara,1.0572799999999999e-07,4.474704e-07,6.633e-08,6.195284e-07
NT1_2024,NT1,2024,ha,"Human toxicity, cancer - organics",CTUh,302.08,210.08,49.5,,,,1.84e-10,4.05e-10,4.32e-10,1 kg N,1 kg P2O5,1 kg K2O,8_chara,9_chara,10_chara,5.558272e-08,8.50824e-08,2.1384e-08,1.6204912e-07
NT1_2024,NT1,2024,ha,"Human toxicity, non-cancer",CTUh,302.08,210.08,49.5,,,,2e-08,6.49e-08,9.9e-08,1 kg N,1 kg P2O5,1 kg K2O,8_chara,9_chara,10_chara,6.0416e-06,1.3634192000000002e-05,4.9005e-06,2.4576292000000002e-05
NT1_2024,NT1,2024,ha,"Human toxicity, non-cancer - inorganics",CTUh,302.08,210.08,49.5,,,,1.72e-09,1.45e-08,6.51e-08,1 kg N,1 kg P2O5,1 kg K2O,8_chara,9_chara,10_chara,5.195776e-07,3.0461600000000003e-06,3.2224499999999995e-06,6.7881875999999996e-06
NT1_2024,NT1,2024,ha,"Human toxicity, non-cancer - metals",CTUh,302.08,210.08,49.5,,,,1.73e-08,4.89e-08,3.21e-08,1 kg N,1 kg P2O5,1 kg K2O,8_chara,9_chara,10_chara,5.225983999999999e-06,1.0272912e-05,1.58895e-06,1.7087846000000002e-05
NT1_2024,NT1,2024,ha,"Human toxicity, non-cancer - organics",CTUh,302.08,210.08,49.5,,,,1.35e-09,1.78e-09,2.01e-09,1 kg N,1 kg P2O5,1 kg K2O,8_chara,9_chara,10_chara,4.07808e-07,3.7394240000000005e-07,9.949499999999999e-08,8.812454000000001e-07
NT1_2024,NT1,2024,ha,Ionising radiation,kBq U-235 eq,302.08,210.08,49.5,,,,0.099841,0.337545,0.245573,1 kg N,1 kg P2O5,1 kg K2O,8_chara,9_chara,10_chara,30.15996928,70.9114536,12.1558635,113.22728638
NT1_2024,NT1,2024,ha,Land use,Pt,302.08,210.08,49.5,,,,2.291069,30.93982,25.134,1 kg N,1 kg P2O5,1 kg K2O,8_chara,9_chara,10_chara,692.0861235199999,6499.837385600001,1244.133,8436.05650912
NT1_2024,NT1,2024,ha,Ozone depletion,kg CFC11 eq,302.08,210.08,49.5,,,,3.58e-07,3.47e-07,3.94e-07,1 kg N,1 kg P2O5,1 kg K2O,8_chara,9_chara,10_chara,0.00010814463999999999,7.289776e-05,1.9503e-05,0.0002005454
NT1_2024,NT1,2024,ha,Particulate matter,disease inc.,302.08,210.08,49.5,,,,3.99e-07,2.34e-07,2.27e-07,1 kg N,1 kg P2O5,1 kg K2O,8_chara,9_chara,10_chara,0.00012052992,4.915872e-05,1.12365e-05,0.00018092514
NT1_2024,NT1,2024,ha,Photochemical ozone formation,kg NMVOC eq,302.08,210.08,49.5,,,,0.003983,0.00811,0.007996,1 kg N,1 kg P2O5,1 kg K2O,8_chara,9_chara,10_chara,1.2031846400000001,1.7037487999999998,0.395802,3.30273544
NT1_2024,NT1,2024,ha,"Resource use, fossils",MJ,302.08,210.08,49.5,,,,46.52414,42.89925,42.33106,1 kg N,1 kg P2O5,1 kg K2O,8_chara,9_chara,10_chara,14054.0122112,9012.274440000001,2095.38747,25161.674121200005
NT1_2024,NT1,2024,ha,"Resource use, minerals and metals",kg Sb eq,302.08,210.08,49.5,,,,2.71e-05,5.39e-05,5.15e-05,1 kg N,1 kg P2O5,1 kg K2O,8_chara,9_chara,10_chara,0.008186368,0.011323312,0.00254925,0.02205893
NT1_2024,NT1,2024,ha,Water use,m3 depriv.,302.08,210.08,49.5,,,,0.21489,1.587446,1.186461,1 kg N,1 kg P2O5,1 kg K2O,8_chara,9_chara,10_chara,64.91397119999999,333.49065568,58.7298195,457.13444638
NT2_2022,NT2,2022,ha,Acidification,mol H+ eq,65.45,57.0,57.0,,,,0.057621,0.028972,0.018432,1 kg N,1 kg P2O5,1 kg K2O,8_chara,9_chara,10_chara,3.77129445,1.651404,1.050624,6.47332245
NT2_2022,NT2,2022,ha,Climate change,kg CO2 eq,65.45,57.0,57.0,,,,3.754282,2.846359,2.817321,1 kg N,1 kg P2O5,1 kg K2O,8_chara,9_chara,10_chara,245.7177569,162.24246300000001,160.587297,568.5475169
NT2_2022,NT2,2022,ha,Climate change - Biogenic,kg CO2 eq,65.45,57.0,57.0,,,,0.001325,0.002609,0.002402,1 kg N,1 kg P2O5,1 kg K2O,8_chara,9_chara,10_chara,0.08672125,0.148713,0.136914,0.37234825000000005
NT2_2022,NT2,2022,ha,Climate change - Fossil,kg CO2 eq,65.45,57.0,57.0,,,,3.752439,2.829413,2.809194,1 kg N,1 kg P2O5,1 kg K2O,8_chara,9_chara,10_chara,245.59713255,161.276541,160.12405800000002,566.99773155
NT2_2022,NT2,2022,ha,Climate change - Land use and LU change,kg CO2 eq,65.45,57.0,57.0,,,,0.000518,0.014337,0.005725,1 kg N,1 kg P2O5,1 kg K2O,8_chara,9_chara,10_chara,0.033903100000000005,0.8172090000000001,0.326325,1.1774371000000001
NT2_2022,NT2,2022,ha,"Ecotoxicity, freshwater",CTUe,65.45,57.0,57.0,,,,24.51813,397.7709,2018.182,1 kg N,1 kg P2O5,1 kg K2O,8_chara,9_chara,10_chara,1604.7116085,22672.9413,115036.374,139314.0269085
NT2_2022,NT2,2022,ha,"Ecotoxicity, freshwater - inorganics",CTUe,65.45,57.0,57.0,,,,7.823272,76.92257,397.7561,1 kg N,1 kg P2O5,1 kg K2O,8_chara,9_chara,10_chara,512.0331524000001,4384.58649,22672.0977,27568.7173424
NT2_2022,NT2,2022,ha,"Ecotoxicity, freshwater - metals",CTUe,65.45,57.0,57.0,,,,16.52071,320.1271,1619.55,1 kg N,1 kg P2O5,1 kg K2O,8_chara,9_chara,10_chara,1081.2804695000002,18247.2447,92314.34999999999,111642.8751695
NT2_2022,NT2,2022,ha,"Ecotoxicity, freshwater - organics",CTUe,65.45,57.0,57.0,,,,0.174143,0.721252,0.87605,1 kg N,1 kg P2O5,1 kg K2O,8_chara,9_chara,10_chara,11.39765935,41.111364,49.93485,102.44387334999999
NT2_2022,NT2,2022,ha,"Eutrophication, freshwater",kg P eq,65.45,57.0,57.0,,,,0.000222,0.000952,0.000618,1 kg N,1 kg P2O5,1 kg K2O,8_chara,9_chara,10_chara,0.0145299,0.054264,0.035226,0.1040199
NT2_2022,NT2,2022,ha,"Eutrophication, marine",kg N eq,65.45,57.0,57.0,,,,0.002677,0.002767,0.002898,1 kg N,1 kg P2O5,1 kg K2O,8_chara,9_chara,10_chara,0.17520965000000002,0.157719,0.165186,0.49811465000000005
NT2_2022,NT2,2022,ha,"Eutrophication, terrestrial",mol N eq,65.45,57.0,57.0,,,,0.241389,0.052171,0.058383,1 kg N,1 kg P2O5,1 kg K2O,8_chara,9_chara,10_chara,15.79891005,2.973747,3.3278309999999998,22.10048805
NT2_2022,NT2,2022,ha,"Human toxicity, cancer",CTUh,65.45,57.0,57.0,,,,5.34e-10,2.54e-09,1.77e-09,1 kg N,1 kg P2O5,1 kg K2O,8_chara,9_chara,10_chara,3.49503e-08,1.4478e-07,1.0089e-07,2.806203e-07
NT2_2022,NT2,2022,ha,"Human toxicity, cancer - inorganics",CTUh,65.45,57.0,57.0,,,,0.0,6.21e-18,5.01e-18,1 kg N,1 kg P2O5,1 kg K2O,8_chara,9_chara,10_chara,0.0,3.5397e-16,2.8557e-16,6.3954e-16
NT2_2022,NT2,2022,ha,"Human toxicity, cancer - metals",CTUh,65.45,57.0,57.0,,,,3.5e-10,2.13e-09,1.34e-09,1 kg N,1 kg P2O5,1 kg K2O,8_chara,9_chara,10_chara,2.29075e-08,1.2141e-07,7.638e-08,2.206975e-07
NT2_2022,NT2,2022,ha,"Human toxicity, cancer - organics",CTUh,65.45,57.0,57.0,,,,1.84e-10,4.05e-10,4.32e-10,1 kg N,1 kg P2O5,1 kg K2O,8_chara,9_chara,10_chara,1.2042800000000001e-08,2.3085e-08,2.4624e-08,5.975180000000001e-08
NT2_2022,NT2,2022,ha,"Human toxicity, non-cancer",CTUh,65.45,57.0,57.0,,,,2e-08,6.49e-08,9.9e-08,1 kg N,1 kg P2O5,1 kg K2O,8_chara,9_chara,10_chara,1.309e-06,3.6993000000000003e-06,5.643e-06,1.06513e-05
NT2_2022,NT2,2022,ha,"Human toxicity, non-cancer - inorganics",CTUh,65.45,57.0,57.0,,,,1.72e-09,1.45e-08,6.51e-08,1 kg N,1 kg P2O5,1 kg K2O,8_chara,9_chara,10_chara,1.1257400000000001e-07,8.265e-07,3.7106999999999995e-06,4.649774e-06
NT2_2022,NT2,2022,ha,"Human toxicity, non-cancer - metals",CTUh,65.45,57.0,57.0,,,,1.73e-08,4.89e-08,3.21e-08,1 kg N,1 kg P2O5,1 kg K2O,8_chara,9_chara,10_chara,1.132285e-06,2.7873e-06,1.8297000000000002e-06,5.749285e-06
NT2_2022,NT2,2022,ha,"Human toxicity, non-cancer - organics",CTUh,65.45,57.0,57.0,,,,1.35e-09,1.78e-09,2.01e-09,1 kg N,1 kg P2O5,1 kg K2O,8_chara,9_chara,10_chara,8.835750000000002e-08,1.0146000000000001e-07,1.1457e-07,3.043875e-07
NT2_2022,NT2,2022,ha,Ionising radiation,kBq U-235 eq,65.45,57.0,57.0,,,,0.099841,0.337545,0.245573,1 kg N,1 kg P2O5,1 kg K2O,8_chara,9_chara,10_chara,6.53459345,19.240064999999998,13.997661,39.77231945
NT2_2022,NT2,2022,ha,Land use,Pt,65.45,57.0,57.0,,,,2.291069,30.93982,25.134,1 kg N,1 kg P2O5,1 kg K2O,8_chara,9_chara,10_chara,149.95046605,1763.5697400000001,1432.638,3346.15820605
NT2_2022,NT2,2022,ha,Ozone depletion,kg CFC11 eq,65.45,57.0,57.0,,,,3.58e-07,3.47e-07,3.94e-07,1 kg N,1 kg P2O5,1 kg K2O,8_chara,9_chara,10_chara,2.34311e-05,1.9779e-05,2.2458e-05,6.56681e-05
NT2_2022,NT2,2022,ha,Particulate matter,disease inc.,65.45,57.0,57.0,,,,3.99e-07,2.34e-07,2.27e-07,1 kg N,1 kg P2O5,1 kg K2O,8_chara,9_chara,10_chara,2.6114550000000002e-05,1.3338e-05,1.2939000000000001e-05,5.239155e-05
NT2_2022,NT2,2022,ha,Photochemical ozone formation,kg NMVOC eq,65.45,57.0,57.0,,,,0.003983,0.00811,0.007996,1 kg N,1 kg P2O5,1 kg K2O,8_chara,9_chara,10_chara,0.26068735000000004,0.46226999999999996,0.45577199999999995,1.1787293499999998
NT2_2022,NT2,2022,ha,"Resource use, fossils",MJ,65.45,57.0,57.0,,,,46.52414,42.89925,42.33106,1 kg N,1 kg P2O5,1 kg K2O,8_chara,9_chara,10_chara,3045.0049630000003,2445.25725,2412.87042,7903.132633
NT2_2022,NT2,2022,ha,"Resource use, minerals and metals",kg Sb eq,65.45,57.0,57.0,,,,2.71e-05,5.39e-05,5.15e-05,1 kg N,1 kg P2O5,1 kg K2O,8_chara,9_chara,10_chara,0.0017736950000000003,0.0030723,0.0029354999999999997,0.007781495
NT2_2022,NT2,2022,ha,Water use,m3 depriv.,65.45,57.0,57.0,,,,0.21489,1.587446,1.186461,1 kg N,1 kg P2O5,1 kg K2O,8_chara,9_chara,10_chara,14.064550500000001,90.484422,67.628277,172.1772495
NT2_2023,NT2,2023,ha,Acidification,mol H+ eq,129.5,37.5,37.5,,,,0.057621,0.028972,0.018432,1 kg N,1 kg P2O5,1 kg K2O,8_chara,9_chara,10_chara,7.4619195,1.0864500000000001,0.6912,9.2395695
NT2_2023,NT2,2023,ha,Climate change,kg CO2 eq,129.5,37.5,37.5,,,,3.754282,2.846359,2.817321,1 kg N,1 kg P2O5,1 kg K2O,8_chara,9_chara,10_chara,486.17951899999997,106.7384625,105.64953750000001,698.567519
NT2_2023,NT2,2023,ha,Climate change - Biogenic,kg CO2 eq,129.5,37.5,37.5,,,,0.001325,0.002609,0.002402,1 kg N,1 kg P2O5,1 kg K2O,8_chara,9_chara,10_chara,0.1715875,0.09783750000000001,0.090075,0.35950000000000004
NT2_2023,NT2,2023,ha,Climate change - Fossil,kg CO2 eq,129.5,37.5,37.5,,,,3.752439,2.829413,2.809194,1 kg N,1 kg P2O5,1 kg K2O,8_chara,9_chara,10_chara,485.94085049999995,106.10298750000001,105.34477500000001,697.388613
NT2_2023,NT2,2023,ha,Climate change - Land use and LU change,kg CO2 eq,129.5,37.5,37.5,,,,0.000518,0.014337,0.005725,1 kg N,1 kg P2O5,1 kg K2O,8_chara,9_chara,10_chara,0.067081,0.5376375,0.2146875,0.819406
NT2_2023,NT2,2023,ha,"Ecotoxicity, freshwater",CTUe,129.5,37.5,37.5,,,,24.51813,397.7709,2018.182,1 kg N,1 kg P2O5,1 kg K2O,8_chara,9_chara,10_chara,3175.097835,14916.408749999999,75681.825,93773.33158499999
NT2_2023,NT2,2023,ha,"Ecotoxicity, freshwater - inorganics",CTUe,129.5,37.5,37.5,,,,7.823272,76.92257,397.7561,1 kg N,1 kg P2O5,1 kg K2O,8_chara,9_chara,10_chara,1013.113724,2884.5963749999996,14915.85375,18813.563849
NT2_2023,NT2,2023,ha,"Ecotoxicity, freshwater - metals",CTUe,129.5,37.5,37.5,,,,16.52071,320.1271,1619.55,1 kg N,1 kg P2O5,1 kg K2O,8_chara,9_chara,10_chara,2139.4319450000003,12004.766249999999,60733.125,74877.323195
NT2_2023,NT2,2023,ha,"Ecotoxicity, freshwater - organics",CTUe,129.5,37.5,37.5,,,,0.174143,0.721252,0.87605,1 kg N,1 kg P2O5,1 kg K2O,8_chara,9_chara,10_chara,22.5515185,27.04695,32.851875,82.4503435
NT2_2023,NT2,2023,ha,"Eutrophication, freshwater",kg P eq,129.5,37.5,37.5,,,,0.000222,0.000952,0.000618,1 kg N,1 kg P2O5,1 kg K2O,8_chara,9_chara,10_chara,0.028749,0.0357,0.023174999999999998,0.08762400000000001
NT2_2023,NT2,2023,ha,"Eutrophication, marine",kg N eq,129.5,37.5,37.5,,,,0.002677,0.002767,0.002898,1 kg N,1 kg P2O5,1 kg K2O,8_chara,9_chara,10_chara,0.3466715,0.1037625,0.108675,0.559109
NT2_2023,NT2,2023,ha,"Eutrophication, terrestrial",mol N eq,129.5,37.5,37.5,,,,0.241389,0.052171,0.058383,1 kg N,1 kg P2O5,1 kg K2O,8_chara,9_chara,10_chara,31.2598755,1.9564125,2.1893625,35.4056505
NT2_2023,NT2,2023,ha,"Human toxicity, cancer",CTUh,129.5,37.5,37.5,,,,5.34e-10,2.54e-09,1.77e-09,1 kg N,1 kg P2O5,1 kg K2O,8_chara,9_chara,10_chara,6.9153e-08,9.525e-08,6.6375e-08,2.30778e-07
NT2_2023,NT2,2023,ha,"Human toxicity, cancer - inorganics",CTUh,129.5,37.5,37.5,,,,0.0,6.21e-18,5.01e-18,1 kg N,1 kg P2O5,1 kg K2O,8_chara,9_chara,10_chara,0.0,2.32875e-16,1.8787500000000002e-16,4.2075000000000003e-16
NT2_2023,NT2,2023,ha,"Human toxicity, cancer - metals",CTUh,129.5,37.5,37.5,,,,3.5e-10,2.13e-09,1.34e-09,1 kg N,1 kg P2O5,1 kg K2O,8_chara,9_chara,10_chara,4.5325e-08,7.987499999999999e-08,5.0249999999999997e-08,1.7544999999999997e-07
NT2_2023,NT2,2023,ha,"Human toxicity, cancer - organics",CTUh,129.5,37.5,37.5,,,,1.84e-10,4.05e-10,4.32e-10,1 kg N,1 kg P2O5,1 kg K2O,8_chara,9_chara,10_chara,2.3828e-08,1.51875e-08,1.62e-08,5.5215499999999996e-08
NT2_2023,NT2,2023,ha,"Human toxicity, non-cancer",CTUh,129.5,37.5,37.5,,,,2e-08,6.49e-08,9.9e-08,1 kg N,1 kg P2O5,1 kg K2O,8_chara,9_chara,10_chara,2.59e-06,2.43375e-06,3.7125e-06,8.736250000000001e-06
NT2_2023,NT2,2023,ha,"Human toxicity, non-cancer - inorganics",CTUh,129.5,37.5,37.5,,,,1.72e-09,1.45e-08,6.51e-08,1 kg N,1 kg P2O5,1 kg K2O,8_chara,9_chara,10_chara,2.2274e-07,5.4375e-07,2.4412499999999997e-06,3.2077399999999996e-06
NT2_2023,NT2,2023,ha,"Human toxicity, non-cancer - metals",CTUh,129.5,37.5,37.5,,,,1.73e-08,4.89e-08,3.21e-08,1 kg N,1 kg P2O5,1 kg K2O,8_chara,9_chara,10_chara,2.24035e-06,1.83375e-06,1.2037500000000001e-06,5.277850000000001e-06
NT2_2023,NT2,2023,ha,"Human toxicity, non-cancer - organics",CTUh,129.5,37.5,37.5,,,,1.35e-09,1.78e-09,2.01e-09,1 kg N,1 kg P2O5,1 kg K2O,8_chara,9_chara,10_chara,1.74825e-07,6.675e-08,7.5375e-08,3.1695e-07
NT2_2023,NT2,2023,ha,Ionising radiation,kBq U-235 eq,129.5,37.5,37.5,,,,0.099841,0.337545,0.245573,1 kg N,1 kg P2O5,1 kg K2O,8_chara,9_chara,10_chara,12.9294095,12.6579375,9.208987500000001,34.7963345
NT2_2023,NT2,2023,ha,Land use,Pt,129.5,37.5,37.5,,,,2.291069,30.93982,25.134,1 kg N,1 kg P2O5,1 kg K2O,8_chara,9_chara,10_chara,296.69343549999996,1160.24325,942.525,2399.4616855
NT2_2023,NT2,2023,ha,Ozone depletion,kg CFC11 eq,129.5,37.5,37.5,,,,3.58e-07,3.47e-07,3.94e-07,1 kg N,1 kg P2O5,1 kg K2O,8_chara,9_chara,10_chara,4.6361e-05,1.3012500000000001e-05,1.4775e-05,7.414849999999999e-05
NT2_2023,NT2,2023,ha,Particulate matter,disease inc.,129.5,37.5,37.5,,,,3.99e-07,2.34e-07,2.27e-07,1 kg N,1 kg P2O5,1 kg K2O,8_chara,9_chara,10_chara,5.16705e-05,8.775e-06,8.5125e-06,6.8958e-05
NT2_2023,NT2,2023,ha,Photochemical ozone formation,kg NMVOC eq,129.5,37.5,37.5,,,,0.003983,0.00811,0.007996,1 kg N,1 kg P2O5,1 kg K2O,8_chara,9_chara,10_chara,0.5157985,0.304125,0.29985,1.1197735
NT2_2023,NT2,2023,ha,"Resource use, fossils",MJ,129.5,37.5,37.5,,,,46.52414,42.89925,42.33106,1 kg N,1 kg P2O5,1 kg K2O,8_chara,9_chara,10_chara,6024.876130000001,1608.7218750000002,1587.4147500000001,9221.012755000002
NT2_2023,NT2,2023,ha,"Resource use, minerals and metals",kg Sb eq,129.5,37.5,37.5,,,,2.71e-05,5.39e-05,5.15e-05,1 kg N,1 kg P2O5,1 kg K2O,8_chara,9_chara,10_chara,0.0035094500000000003,0.00202125,0.00193125,0.00746195
NT2_2023,NT2,2023,ha,Water use,m3 depriv.,129.5,37.5,37.5,,,,0.21489,1.587446,1.186461,1 kg N,1 kg P2O5,1 kg K2O,8_chara,9_chara,10_chara,27.828255,59.529225,44.492287499999996,131.84976749999998
NT2_2024,NT2,2024,ha,Acidification,mol H+ eq,91.0,45.0,45.0,,,,0.057621,0.028972,0.018432,1 kg N,1 kg P2O5,1 kg K2O,8_chara,9_chara,10_chara,5.243511,1.3037400000000001,0.8294400000000001,7.376691
NT2_2024,NT2,2024,ha,Climate change,kg CO2 eq,91.0,45.0,45.0,,,,3.754282,2.846359,2.817321,1 kg N,1 kg P2O5,1 kg K2O,8_chara,9_chara,10_chara,341.639662,128.086155,126.77944500000001,596.505262
NT2_2024,NT2,2024,ha,Climate change - Biogenic,kg CO2 eq,91.0,45.0,45.0,,,,0.001325,0.002609,0.002402,1 kg N,1 kg P2O5,1 kg K2O,8_chara,9_chara,10_chara,0.120575,0.11740500000000001,0.10809,0.34607000000000004
NT2_2024,NT2,2024,ha,Climate change - Fossil,kg CO2 eq,91.0,45.0,45.0,,,,3.752439,2.829413,2.809194,1 kg N,1 kg P2O5,1 kg K2O,8_chara,9_chara,10_chara,341.471949,127.32358500000001,126.41373000000002,595.209264
NT2_2024,NT2,2024,ha,Climate change - Land use and LU change,kg CO2 eq,91.0,45.0,45.0,,,,0.000518,0.014337,0.005725,1 kg N,1 kg P2O5,1 kg K2O,8_chara,9_chara,10_chara,0.047138,0.645165,0.257625,0.949928
NT2_2024,NT2,2024,ha,"Ecotoxicity, freshwater",CTUe,91.0,45.0,45.0,,,,24.51813,397.7709,2018.182,1 kg N,1 kg P2O5,1 kg K2O,8_chara,9_chara,10_chara,2231.14983,17899.6905,90818.19,110949.03033000001
NT2_2024,NT2,2024,ha,"Ecotoxicity, freshwater - inorganics",CTUe,91.0,45.0,45.0,,,,7.823272,76.92257,397.7561,1 kg N,1 kg P2O5,1 kg K2O,8_chara,9_chara,10_chara,711.9177520000001,3461.51565,17899.0245,22072.457902
NT2_2024,NT2,2024,ha,"Ecotoxicity, freshwater - metals",CTUe,91.0,45.0,45.0,,,,16.52071,320.1271,1619.55,1 kg N,1 kg P2O5,1 kg K2O,8_chara,9_chara,10_chara,1503.38461,14405.7195,72879.75,88788.85411
NT2_2024,NT2,2024,ha,"Ecotoxicity, freshwater - organics",CTUe,91.0,45.0,45.0,,,,0.174143,0.721252,0.87605,1 kg N,1 kg P2O5,1 kg K2O,8_chara,9_chara,10_chara,15.847012999999999,32.45634,39.42225,87.72560299999999
NT2_2024,NT2,2024,ha,"Eutrophication, freshwater",kg P eq,91.0,45.0,45.0,,,,0.000222,0.000952,0.000618,1 kg N,1 kg P2O5,1 kg K2O,8_chara,9_chara,10_chara,0.020202,0.04284,0.027809999999999998,0.090852
NT2_2024,NT2,2024,ha,"Eutrophication, marine",kg N eq,91.0,45.0,45.0,,,,0.002677,0.002767,0.002898,1 kg N,1 kg P2O5,1 kg K2O,8_chara,9_chara,10_chara,0.24360700000000002,0.124515,0.13041,0.498532
NT2_2024,NT2,2024,ha,"Eutrophication, terrestrial",mol N eq,91.0,45.0,45.0,,,,0.241389,0.052171,0.058383,1 kg N,1 kg P2O5,1 kg K2O,8_chara,9_chara,10_chara,21.966399,2.3476950000000003,2.6272349999999998,26.941329
NT2_2024,NT2,2024,ha,"Human toxicity, cancer",CTUh,91.0,45.0,45.0,,,,5.34e-10,2.54e-09,1.77e-09,1 kg N,1 kg P2O5,1 kg K2O,8_chara,9_chara,10_chara,4.8594000000000005e-08,1.143e-07,7.965e-08,2.42544e-07
NT2_2024,NT2,2024,ha,"Human toxicity, cancer - inorganics",CTUh,91.0,45.0,45.0,,,,0.0,6.21e-18,5.01e-18,1 kg N,1 kg P2O5,1 kg K2O,8_chara,9_chara,10_chara,0.0,2.7945e-16,2.2545e-16,5.049e-16
NT2_2024,NT2,2024,ha,"Human toxicity, cancer - metals",CTUh,91.0,45.0,45.0,,,,3.5e-10,2.13e-09,1.34e-09,1 kg N,1 kg P2O5,1 kg K2O,8_chara,9_chara,10_chara,3.185e-08,9.585e-08,6.029999999999999e-08,1.88e-07
NT2_2024,NT2,2024,ha,"Human toxicity, cancer - organics",CTUh,91.0,45.0,45.0,,,,1.84e-10,4.05e-10,4.32e-10,1 kg N,1 kg P2O5,1 kg K2O,8_chara,9_chara,10_chara,1.6744e-08,1.8225e-08,1.944e-08,5.4409e-08
NT2_2024,NT2,2024,ha,"Human toxicity, non-cancer",CTUh,91.0,45.0,45.0,,,,2e-08,6.49e-08,9.9e-08,1 kg N,1 kg P2O5,1 kg K2O,8_chara,9_chara,10_chara,1.82e-06,2.9205000000000002e-06,4.455e-06,9.1955e-06
NT2_2024,NT2,2024,ha,"Human toxicity, non-cancer - inorganics",CTUh,91.0,45.0,45.0,,,,1.72e-09,1.45e-08,6.51e-08,1 kg N,1 kg P2O5,1 kg K2O,8_chara,9_chara,10_chara,1.5652e-07,6.525e-07,2.9294999999999996e-06,3.7385199999999996e-06
NT2_2024,NT2,2024,ha,"Human toxicity, non-cancer - metals",CTUh,91.0,45.0,45.0,,,,1.73e-08,4.89e-08,3.21e-08,1 kg N,1 kg P2O5,1 kg K2O,8_chara,9_chara,10_chara,1.5743e-06,2.2005e-06,1.4445e-06,5.2193e-06
NT2_2024,NT2,2024,ha,"Human toxicity, non-cancer - organics",CTUh,91.0,45.0,45.0,,,,1.35e-09,1.78e-09,2.01e-09,1 kg N,1 kg P2O5,1 kg K2O,8_chara,9_chara,10_chara,1.2285000000000002e-07,8.010000000000001e-08,9.044999999999999e-08,2.934e-07
NT2_2024,NT2,2024,ha,Ionising radiation,kBq U-235 eq,91.0,45.0,45.0,,,,0.099841,0.337545,0.245573,1 kg N,1 kg P2O5,1 kg K2O,8_chara,9_chara,10_chara,9.085531,15.189525,11.050785000000001,35.325841
NT2_2024,NT2,2024,ha,Land use,Pt,91.0,45.0,45.0,,,,2.291069,30.93982,25.134,1 kg N,1 kg P2O5,1 kg K2O,8_chara,9_chara,10_chara,208.48727899999997,1392.2919,1131.03,2731.809179
NT2_2024,NT2,2024,ha,Ozone depletion,kg CFC11 eq,91.0,45.0,45.0,,,,3.58e-07,3.47e-07,3.94e-07,1 kg N,1 kg P2O5,1 kg K2O,8_chara,9_chara,10_chara,3.2578e-05,1.5615000000000002e-05,1.773e-05,6.592300000000001e-05
NT2_2024,NT2,2024,ha,Particulate matter,disease inc.,91.0,45.0,45.0,,,,3.99e-07,2.34e-07,2.27e-07,1 kg N,1 kg P2O5,1 kg K2O,8_chara,9_chara,10_chara,3.6309e-05,1.053e-05,1.0215e-05,5.7054e-05
NT2_2024,NT2,2024,ha,Photochemical ozone formation,kg NMVOC eq,91.0,45.0,45.0,,,,0.003983,0.00811,0.007996,1 kg N,1 kg P2O5,1 kg K2O,8_chara,9_chara,10_chara,0.362453,0.36494999999999994,0.35982,1.087223
NT2_2024,NT2,2024,ha,"Resource use, fossils",MJ,91.0,45.0,45.0,,,,46.52414,42.89925,42.33106,1 kg N,1 kg P2O5,1 kg K2O,8_chara,9_chara,10_chara,4233.69674,1930.4662500000002,1904.8977,8069.06069
NT2_2024,NT2,2024,ha,"Resource use, minerals and metals",kg Sb eq,91.0,45.0,45.0,,,,2.71e-05,5.39e-05,5.15e-05,1 kg N,1 kg P2O5,1 kg K2O,8_chara,9_chara,10_chara,0.0024661,0.0024255,0.0023175,0.0072091
NT2_2024,NT2,2024,ha,Water use,m3 depriv.,91.0,45.0,45.0,,,,0.21489,1.587446,1.186461,1 kg N,1 kg P2O5,1 kg K2O,8_chara,9_chara,10_chara,19.55499,71.43507,53.390745,144.380805
